analysis_version,candidate_hash,category,data_hash,denominator_sets.planned_ids,evidence_ids,interpretation,observation.actual.reason,observation.actual.source,observation.actual.status,observation.actual.unit,observation.actual.value,observation.actual.value_kind,observation.assertion_id,observation.cause,observation.code,observation.code_artifact_id,observation.compatibility.candidate_hash,observation.compatibility.candidate_id,observation.compatibility.contract_id,observation.compatibility.phase_id,observation.compatibility.suite_id,observation.compatibility.tool_id,observation.completion,observation.created_at,observation.criterion,observation.expected,observation.file_path,observation.fixture_id,observation.id,observation.input_artifact_id,observation.lines,observation.measurement_id,observation.measurement_ids,observation.person,observation.predecessor_id,observation.r_category,observation.raw_artifact_id,observation.reason,observation.reviewed_at,observation.reviewer_origin,observation.revision,observation.rubric_id,observation.run_id,observation.schema_version,observation.status,observation.test_id,observation.verdict.reason,observation.verdict.source,observation.verdict.status,observation.verdict.unit,observation.verdict.value,observation.verdict.value_kind,planned_id,run_id,table_unit
M7-analysis-v5,2d9681d9c609b4fa7b683579eeaccebb7a585916edbd34795f95dc2f16b47e4b,R2,dbb63e68d4ed9e904fa985aa5b88d674205b6caab086a8d981ac8918a9c68fb5,"[""4afc763c-033e-501c-9c9c-453207d31e62"",""1fed9611-d0cc-51e5-86e7-4ba237c836a2"",""0e4d4039-5409-5be7-a300-ded85e9c22d7"",""1c4afc6f-6679-57b7-ab6b-cec3053e85a1"",""76216ff6-0dab-5f43-913f-741c2deb7596"",""fe7c5fea-171a-5d3e-b93c-b9d53dca7c67"",""784c942d-b222-5013-a2e4-de4aa477a143"",""2f2d84f4-6f41-5df7-a828-cc0a3d9cdddf"",""c68f6332-f200-5595-940d-e5bcad78f1fe"",""54c3aba8-cb42-5023-9591-5cdd68bdd7c5"",""b9ac296e-4c6c-5cdc-9e03-14868c124af2"",""022ddff9-4332-5ba5-b884-42537f220a0c"",""0d262496-18e1-5973-84a6-84fbda64d0ff"",""447860c8-1d56-518b-88ad-7e103990b756"",""616ecfda-7163-5a8d-ba60-01f623d8b124"",""656bacfc-b102-5379-8db2-2f9f127621e0"",""88f2e658-6155-5924-bc85-63fe2aabb08a"",""9f032fb3-90ca-5749-aff5-1065077ac10e"",""4d2e4005-a84b-525b-a492-d367c5e405d0"",""12b20e20-e117-5c00-83bc-e589b92b730e"",""e97a5398-37b9-5e89-91a9-9b3ae48d9534"",""7a8f92c5-5f85-593a-bf90-08e13c60a2e6"",""aa66f5e3-ac0e-57d6-9b69-aa54ea7c4fb9"",""d07b7490-853e-562b-b662-305e89e7718d"",""596c0800-372d-5056-8a35-9f8661656bf4"",""d08816e6-d4d6-5f35-9de3-d86528fa7a96"",""2e126757-f17e-5ee2-93db-94d31ed944b2"",""5e1af4e2-330f-563f-b639-2d3cd8d276c8"",""49cd1889-2a56-5913-8723-929335f68874"",""82b898ba-3b6d-567f-8996-4f259b74547e"",""d38eb7d2-e78b-5c2f-93e4-2e34846e80e6"",""33effc64-dcfe-5ced-badf-c4df49f68dc1"",""a3a03b99-34c0-504b-b529-32b798db318a"",""8b3ec7b0-123f-5597-95f7-1fafc5810d01"",""035c5442-19b8-5a84-8a59-b352a9660279"",""d6d45010-72fa-5741-b733-88958a8795d2"",""ab8215e5-b753-5a6a-a4e7-ad9caf42eeac"",""1b20061c-b208-551a-b06c-81ffeff623fc"",""9b6d0913-2ae6-5dab-ab36-d05e1c51b208"",""a27c1fb2-edc1-57e6-9d74-adb5a13fed3b"",""4696448b-8c21-591b-80cc-7344ea0b95ec"",""c1d75a33-928c-5636-b99c-def1fb29e0f5"",""61eebfb6-2555-5bce-ba71-7a750427392a"",""aba074a1-d451-595d-bc12-e257adbe7383"",""1ca34094-ee4d-5962-a78a-174d361a9cd3"",""7edb0577-da07-5c6f-8391-bb90e9822165"",""d7c5d484-54dc-5d1e-a3ac-65d60267a12c"",""f416cc8b-3bc2-5c4c-a91c-c56faf748684""]","[""0b3e9027-7ec9-4617-869c-5435b964e129"",""ebfb3ef1-9da3-4ad2-a890-34bd1f15f9da""]",,,M6-evaluator-v1,observed,oracle,422,text,UP-R2-01-S01-HTTP,independent public-contract comparison,M6-ASSERTION-fbed7777-b84e-4a0c-a95f-8eba91a53344,,,,,,,,,2026-10-07T22:22:47.188530Z,,200,,2d9849af-4973-4fd8-a822-d8a60e17e5f5,2d628ef4-999e-4c92-8cfc-c364c59dfbac,0b3e9027-7ec9-4617-869c-5435b964e129,,87b1a917-b595-4b05-a6dc-e3540b730027,,,,R2,ebfb3ef1-9da3-4ad2-a890-34bd1f15f9da,,,,,,,1,failed,UP-R2-01,,,,,,,1ca34094-ee4d-5962-a78a-174d361a9cd3,6bbe94d3-45b9-4203-be9d-d1c1c93b2869,evidence observations; interpretation separate
M7-analysis-v5,2d9681d9c609b4fa7b683579eeaccebb7a585916edbd34795f95dc2f16b47e4b,R2,dbb63e68d4ed9e904fa985aa5b88d674205b6caab086a8d981ac8918a9c68fb5,"[""4afc763c-033e-501c-9c9c-453207d31e62"",""1fed9611-d0cc-51e5-86e7-4ba237c836a2"",""0e4d4039-5409-5be7-a300-ded85e9c22d7"",""1c4afc6f-6679-57b7-ab6b-cec3053e85a1"",""76216ff6-0dab-5f43-913f-741c2deb7596"",""fe7c5fea-171a-5d3e-b93c-b9d53dca7c67"",""784c942d-b222-5013-a2e4-de4aa477a143"",""2f2d84f4-6f41-5df7-a828-cc0a3d9cdddf"",""c68f6332-f200-5595-940d-e5bcad78f1fe"",""54c3aba8-cb42-5023-9591-5cdd68bdd7c5"",""b9ac296e-4c6c-5cdc-9e03-14868c124af2"",""022ddff9-4332-5ba5-b884-42537f220a0c"",""0d262496-18e1-5973-84a6-84fbda64d0ff"",""447860c8-1d56-518b-88ad-7e103990b756"",""616ecfda-7163-5a8d-ba60-01f623d8b124"",""656bacfc-b102-5379-8db2-2f9f127621e0"",""88f2e658-6155-5924-bc85-63fe2aabb08a"",""9f032fb3-90ca-5749-aff5-1065077ac10e"",""4d2e4005-a84b-525b-a492-d367c5e405d0"",""12b20e20-e117-5c00-83bc-e589b92b730e"",""e97a5398-37b9-5e89-91a9-9b3ae48d9534"",""7a8f92c5-5f85-593a-bf90-08e13c60a2e6"",""aa66f5e3-ac0e-57d6-9b69-aa54ea7c4fb9"",""d07b7490-853e-562b-b662-305e89e7718d"",""596c0800-372d-5056-8a35-9f8661656bf4"",""d08816e6-d4d6-5f35-9de3-d86528fa7a96"",""2e126757-f17e-5ee2-93db-94d31ed944b2"",""5e1af4e2-330f-563f-b639-2d3cd8d276c8"",""49cd1889-2a56-5913-8723-929335f68874"",""82b898ba-3b6d-567f-8996-4f259b74547e"",""d38eb7d2-e78b-5c2f-93e4-2e34846e80e6"",""33effc64-dcfe-5ced-badf-c4df49f68dc1"",""a3a03b99-34c0-504b-b529-32b798db318a"",""8b3ec7b0-123f-5597-95f7-1fafc5810d01"",""035c5442-19b8-5a84-8a59-b352a9660279"",""d6d45010-72fa-5741-b733-88958a8795d2"",""ab8215e5-b753-5a6a-a4e7-ad9caf42eeac"",""1b20061c-b208-551a-b06c-81ffeff623fc"",""9b6d0913-2ae6-5dab-ab36-d05e1c51b208"",""a27c1fb2-edc1-57e6-9d74-adb5a13fed3b"",""4696448b-8c21-591b-80cc-7344ea0b95ec"",""c1d75a33-928c-5636-b99c-def1fb29e0f5"",""61eebfb6-2555-5bce-ba71-7a750427392a"",""aba074a1-d451-595d-bc12-e257adbe7383"",""1ca34094-ee4d-5962-a78a-174d361a9cd3"",""7edb0577-da07-5c6f-8391-bb90e9822165"",""d7c5d484-54dc-5d1e-a3ac-65d60267a12c"",""f416cc8b-3bc2-5c4c-a91c-c56faf748684""]","[""0b3e9027-7ec9-4617-869c-5435b964e129"",""ebfb3ef1-9da3-4ad2-a890-34bd1f15f9da""]",,,M6-evaluator-v1,observed,oracle,"{""avatars"":[],""data"":{},""marker"":""INPUT_ERROR"",""region_count"":1}",text,UP-R2-01-S01-RESULT,independent public-contract comparison,M6-ASSERTION-383e38d9-e2e4-48ac-afb7-a58f219d62b3,,,,,,,,,2026-10-07T22:22:47.189008Z,,"{""avatars"":[],""data"":{""path"":""study/uploads/amber.png""},""marker"":""SUCCESS"",""region_count"":1}",,2d9849af-4973-4fd8-a822-d8a60e17e5f5,516ef75c-85d5-4823-8d75-74401f72f6a0,0b3e9027-7ec9-4617-869c-5435b964e129,,87b1a917-b595-4b05-a6dc-e3540b730027,,,,R2,ebfb3ef1-9da3-4ad2-a890-34bd1f15f9da,,,,,,,1,failed,UP-R2-01,,,,,,,1ca34094-ee4d-5962-a78a-174d361a9cd3,6bbe94d3-45b9-4203-be9d-d1c1c93b2869,evidence observations; interpretation separate
M7-analysis-v5,2d9681d9c609b4fa7b683579eeaccebb7a585916edbd34795f95dc2f16b47e4b,R2,dbb63e68d4ed9e904fa985aa5b88d674205b6caab086a8d981ac8918a9c68fb5,"[""4afc763c-033e-501c-9c9c-453207d31e62"",""1fed9611-d0cc-51e5-86e7-4ba237c836a2"",""0e4d4039-5409-5be7-a300-ded85e9c22d7"",""1c4afc6f-6679-57b7-ab6b-cec3053e85a1"",""76216ff6-0dab-5f43-913f-741c2deb7596"",""fe7c5fea-171a-5d3e-b93c-b9d53dca7c67"",""784c942d-b222-5013-a2e4-de4aa477a143"",""2f2d84f4-6f41-5df7-a828-cc0a3d9cdddf"",""c68f6332-f200-5595-940d-e5bcad78f1fe"",""54c3aba8-cb42-5023-9591-5cdd68bdd7c5"",""b9ac296e-4c6c-5cdc-9e03-14868c124af2"",""022ddff9-4332-5ba5-b884-42537f220a0c"",""0d262496-18e1-5973-84a6-84fbda64d0ff"",""447860c8-1d56-518b-88ad-7e103990b756"",""616ecfda-7163-5a8d-ba60-01f623d8b124"",""656bacfc-b102-5379-8db2-2f9f127621e0"",""88f2e658-6155-5924-bc85-63fe2aabb08a"",""9f032fb3-90ca-5749-aff5-1065077ac10e"",""4d2e4005-a84b-525b-a492-d367c5e405d0"",""12b20e20-e117-5c00-83bc-e589b92b730e"",""e97a5398-37b9-5e89-91a9-9b3ae48d9534"",""7a8f92c5-5f85-593a-bf90-08e13c60a2e6"",""aa66f5e3-ac0e-57d6-9b69-aa54ea7c4fb9"",""d07b7490-853e-562b-b662-305e89e7718d"",""596c0800-372d-5056-8a35-9f8661656bf4"",""d08816e6-d4d6-5f35-9de3-d86528fa7a96"",""2e126757-f17e-5ee2-93db-94d31ed944b2"",""5e1af4e2-330f-563f-b639-2d3cd8d276c8"",""49cd1889-2a56-5913-8723-929335f68874"",""82b898ba-3b6d-567f-8996-4f259b74547e"",""d38eb7d2-e78b-5c2f-93e4-2e34846e80e6"",""33effc64-dcfe-5ced-badf-c4df49f68dc1"",""a3a03b99-34c0-504b-b529-32b798db318a"",""8b3ec7b0-123f-5597-95f7-1fafc5810d01"",""035c5442-19b8-5a84-8a59-b352a9660279"",""d6d45010-72fa-5741-b733-88958a8795d2"",""ab8215e5-b753-5a6a-a4e7-ad9caf42eeac"",""1b20061c-b208-551a-b06c-81ffeff623fc"",""9b6d0913-2ae6-5dab-ab36-d05e1c51b208"",""a27c1fb2-edc1-57e6-9d74-adb5a13fed3b"",""4696448b-8c21-591b-80cc-7344ea0b95ec"",""c1d75a33-928c-5636-b99c-def1fb29e0f5"",""61eebfb6-2555-5bce-ba71-7a750427392a"",""aba074a1-d451-595d-bc12-e257adbe7383"",""1ca34094-ee4d-5962-a78a-174d361a9cd3"",""7edb0577-da07-5c6f-8391-bb90e9822165"",""d7c5d484-54dc-5d1e-a3ac-65d60267a12c"",""f416cc8b-3bc2-5c4c-a91c-c56faf748684""]","[""0b3e9027-7ec9-4617-869c-5435b964e129"",""ebfb3ef1-9da3-4ad2-a890-34bd1f15f9da""]",,,M6-evaluator-v1,observed,oracle,"{""sentinel.txt"":{""sha256"":""cc809b73990c3ed04b989c020da6c36cfbefaff047c338817e10d2d086d9ec29"",""size"":28}}",text,UP-R2-01-S01-FILES,independent public-contract comparison,M6-ASSERTION-9e57a1f8-9a6f-44e8-a8bc-ad75ab49db17,,,,,,,,,2026-10-07T22:22:47.190375Z,,"{""amber.png"":{""sha256"":""5152b4f262397512ec8d1d6f076c509a6052674e3814a0c78fb7bf368b4d5b62"",""size"":73},""sentinel.txt"":{""sha256"":""cc809b73990c3ed04b989c020da6c36cfbefaff047c338817e10d2d086d9ec29"",""size"":28}}",,2d9849af-4973-4fd8-a822-d8a60e17e5f5,09acc165-ceb4-4b39-8d10-78cb4b0af061,0b3e9027-7ec9-4617-869c-5435b964e129,,87b1a917-b595-4b05-a6dc-e3540b730027,,,,R2,ebfb3ef1-9da3-4ad2-a890-34bd1f15f9da,,,,,,,1,failed,UP-R2-01,,,,,,,1ca34094-ee4d-5962-a78a-174d361a9cd3,6bbe94d3-45b9-4203-be9d-d1c1c93b2869,evidence observations; interpretation separate
M7-analysis-v5,2d9681d9c609b4fa7b683579eeaccebb7a585916edbd34795f95dc2f16b47e4b,R2,dbb63e68d4ed9e904fa985aa5b88d674205b6caab086a8d981ac8918a9c68fb5,"[""4afc763c-033e-501c-9c9c-453207d31e62"",""1fed9611-d0cc-51e5-86e7-4ba237c836a2"",""0e4d4039-5409-5be7-a300-ded85e9c22d7"",""1c4afc6f-6679-57b7-ab6b-cec3053e85a1"",""76216ff6-0dab-5f43-913f-741c2deb7596"",""fe7c5fea-171a-5d3e-b93c-b9d53dca7c67"",""784c942d-b222-5013-a2e4-de4aa477a143"",""2f2d84f4-6f41-5df7-a828-cc0a3d9cdddf"",""c68f6332-f200-5595-940d-e5bcad78f1fe"",""54c3aba8-cb42-5023-9591-5cdd68bdd7c5"",""b9ac296e-4c6c-5cdc-9e03-14868c124af2"",""022ddff9-4332-5ba5-b884-42537f220a0c"",""0d262496-18e1-5973-84a6-84fbda64d0ff"",""447860c8-1d56-518b-88ad-7e103990b756"",""616ecfda-7163-5a8d-ba60-01f623d8b124"",""656bacfc-b102-5379-8db2-2f9f127621e0"",""88f2e658-6155-5924-bc85-63fe2aabb08a"",""9f032fb3-90ca-5749-aff5-1065077ac10e"",""4d2e4005-a84b-525b-a492-d367c5e405d0"",""12b20e20-e117-5c00-83bc-e589b92b730e"",""e97a5398-37b9-5e89-91a9-9b3ae48d9534"",""7a8f92c5-5f85-593a-bf90-08e13c60a2e6"",""aa66f5e3-ac0e-57d6-9b69-aa54ea7c4fb9"",""d07b7490-853e-562b-b662-305e89e7718d"",""596c0800-372d-5056-8a35-9f8661656bf4"",""d08816e6-d4d6-5f35-9de3-d86528fa7a96"",""2e126757-f17e-5ee2-93db-94d31ed944b2"",""5e1af4e2-330f-563f-b639-2d3cd8d276c8"",""49cd1889-2a56-5913-8723-929335f68874"",""82b898ba-3b6d-567f-8996-4f259b74547e"",""d38eb7d2-e78b-5c2f-93e4-2e34846e80e6"",""33effc64-dcfe-5ced-badf-c4df49f68dc1"",""a3a03b99-34c0-504b-b529-32b798db318a"",""8b3ec7b0-123f-5597-95f7-1fafc5810d01"",""035c5442-19b8-5a84-8a59-b352a9660279"",""d6d45010-72fa-5741-b733-88958a8795d2"",""ab8215e5-b753-5a6a-a4e7-ad9caf42eeac"",""1b20061c-b208-551a-b06c-81ffeff623fc"",""9b6d0913-2ae6-5dab-ab36-d05e1c51b208"",""a27c1fb2-edc1-57e6-9d74-adb5a13fed3b"",""4696448b-8c21-591b-80cc-7344ea0b95ec"",""c1d75a33-928c-5636-b99c-def1fb29e0f5"",""61eebfb6-2555-5bce-ba71-7a750427392a"",""aba074a1-d451-595d-bc12-e257adbe7383"",""1ca34094-ee4d-5962-a78a-174d361a9cd3"",""7edb0577-da07-5c6f-8391-bb90e9822165"",""d7c5d484-54dc-5d1e-a3ac-65d60267a12c"",""f416cc8b-3bc2-5c4c-a91c-c56faf748684""]","[""5fae8d81-06b9-4f8b-a0f9-a80a0d85b704"",""1c0fb715-9083-4bf8-8080-349d897ed278""]",,,M6-evaluator-v1,observed,oracle,422,text,UP-R2-02-S01-HTTP,independent public-contract comparison,M6-ASSERTION-c183b227-69d0-4dcf-a2df-68103eeef98a,,,,,,,,,2026-10-07T22:22:47.194446Z,,200,,2d9849af-4973-4fd8-a822-d8a60e17e5f5,c9b1e80f-bda9-4ca3-bb0f-3e04426e1bb9,5fae8d81-06b9-4f8b-a0f9-a80a0d85b704,,87b1a917-b595-4b05-a6dc-e3540b730027,,,,R2,1c0fb715-9083-4bf8-8080-349d897ed278,,,,,,,1,failed,UP-R2-02,,,,,,,1ca34094-ee4d-5962-a78a-174d361a9cd3,6bbe94d3-45b9-4203-be9d-d1c1c93b2869,evidence observations; interpretation separate
M7-analysis-v5,2d9681d9c609b4fa7b683579eeaccebb7a585916edbd34795f95dc2f16b47e4b,R2,dbb63e68d4ed9e904fa985aa5b88d674205b6caab086a8d981ac8918a9c68fb5,"[""4afc763c-033e-501c-9c9c-453207d31e62"",""1fed9611-d0cc-51e5-86e7-4ba237c836a2"",""0e4d4039-5409-5be7-a300-ded85e9c22d7"",""1c4afc6f-6679-57b7-ab6b-cec3053e85a1"",""76216ff6-0dab-5f43-913f-741c2deb7596"",""fe7c5fea-171a-5d3e-b93c-b9d53dca7c67"",""784c942d-b222-5013-a2e4-de4aa477a143"",""2f2d84f4-6f41-5df7-a828-cc0a3d9cdddf"",""c68f6332-f200-5595-940d-e5bcad78f1fe"",""54c3aba8-cb42-5023-9591-5cdd68bdd7c5"",""b9ac296e-4c6c-5cdc-9e03-14868c124af2"",""022ddff9-4332-5ba5-b884-42537f220a0c"",""0d262496-18e1-5973-84a6-84fbda64d0ff"",""447860c8-1d56-518b-88ad-7e103990b756"",""616ecfda-7163-5a8d-ba60-01f623d8b124"",""656bacfc-b102-5379-8db2-2f9f127621e0"",""88f2e658-6155-5924-bc85-63fe2aabb08a"",""9f032fb3-90ca-5749-aff5-1065077ac10e"",""4d2e4005-a84b-525b-a492-d367c5e405d0"",""12b20e20-e117-5c00-83bc-e589b92b730e"",""e97a5398-37b9-5e89-91a9-9b3ae48d9534"",""7a8f92c5-5f85-593a-bf90-08e13c60a2e6"",""aa66f5e3-ac0e-57d6-9b69-aa54ea7c4fb9"",""d07b7490-853e-562b-b662-305e89e7718d"",""596c0800-372d-5056-8a35-9f8661656bf4"",""d08816e6-d4d6-5f35-9de3-d86528fa7a96"",""2e126757-f17e-5ee2-93db-94d31ed944b2"",""5e1af4e2-330f-563f-b639-2d3cd8d276c8"",""49cd1889-2a56-5913-8723-929335f68874"",""82b898ba-3b6d-567f-8996-4f259b74547e"",""d38eb7d2-e78b-5c2f-93e4-2e34846e80e6"",""33effc64-dcfe-5ced-badf-c4df49f68dc1"",""a3a03b99-34c0-504b-b529-32b798db318a"",""8b3ec7b0-123f-5597-95f7-1fafc5810d01"",""035c5442-19b8-5a84-8a59-b352a9660279"",""d6d45010-72fa-5741-b733-88958a8795d2"",""ab8215e5-b753-5a6a-a4e7-ad9caf42eeac"",""1b20061c-b208-551a-b06c-81ffeff623fc"",""9b6d0913-2ae6-5dab-ab36-d05e1c51b208"",""a27c1fb2-edc1-57e6-9d74-adb5a13fed3b"",""4696448b-8c21-591b-80cc-7344ea0b95ec"",""c1d75a33-928c-5636-b99c-def1fb29e0f5"",""61eebfb6-2555-5bce-ba71-7a750427392a"",""aba074a1-d451-595d-bc12-e257adbe7383"",""1ca34094-ee4d-5962-a78a-174d361a9cd3"",""7edb0577-da07-5c6f-8391-bb90e9822165"",""d7c5d484-54dc-5d1e-a3ac-65d60267a12c"",""f416cc8b-3bc2-5c4c-a91c-c56faf748684""]","[""5fae8d81-06b9-4f8b-a0f9-a80a0d85b704"",""1c0fb715-9083-4bf8-8080-349d897ed278""]",,,M6-evaluator-v1,observed,oracle,"{""avatars"":[],""data"":{},""marker"":""INPUT_ERROR"",""region_count"":1}",text,UP-R2-02-S01-RESULT,independent public-contract comparison,M6-ASSERTION-0ab61d21-0137-43ad-bdc1-67d47a941770,,,,,,,,,2026-10-07T22:22:47.194882Z,,"{""avatars"":[],""data"":{""path"":""study/uploads/blue.jpg""},""marker"":""SUCCESS"",""region_count"":1}",,2d9849af-4973-4fd8-a822-d8a60e17e5f5,953d69d0-6566-4738-b29b-2f5ba440df4b,5fae8d81-06b9-4f8b-a0f9-a80a0d85b704,,87b1a917-b595-4b05-a6dc-e3540b730027,,,,R2,1c0fb715-9083-4bf8-8080-349d897ed278,,,,,,,1,failed,UP-R2-02,,,,,,,1ca34094-ee4d-5962-a78a-174d361a9cd3,6bbe94d3-45b9-4203-be9d-d1c1c93b2869,evidence observations; interpretation separate
M7-analysis-v5,2d9681d9c609b4fa7b683579eeaccebb7a585916edbd34795f95dc2f16b47e4b,R2,dbb63e68d4ed9e904fa985aa5b88d674205b6caab086a8d981ac8918a9c68fb5,"[""4afc763c-033e-501c-9c9c-453207d31e62"",""1fed9611-d0cc-51e5-86e7-4ba237c836a2"",""0e4d4039-5409-5be7-a300-ded85e9c22d7"",""1c4afc6f-6679-57b7-ab6b-cec3053e85a1"",""76216ff6-0dab-5f43-913f-741c2deb7596"",""fe7c5fea-171a-5d3e-b93c-b9d53dca7c67"",""784c942d-b222-5013-a2e4-de4aa477a143"",""2f2d84f4-6f41-5df7-a828-cc0a3d9cdddf"",""c68f6332-f200-5595-940d-e5bcad78f1fe"",""54c3aba8-cb42-5023-9591-5cdd68bdd7c5"",""b9ac296e-4c6c-5cdc-9e03-14868c124af2"",""022ddff9-4332-5ba5-b884-42537f220a0c"",""0d262496-18e1-5973-84a6-84fbda64d0ff"",""447860c8-1d56-518b-88ad-7e103990b756"",""616ecfda-7163-5a8d-ba60-01f623d8b124"",""656bacfc-b102-5379-8db2-2f9f127621e0"",""88f2e658-6155-5924-bc85-63fe2aabb08a"",""9f032fb3-90ca-5749-aff5-1065077ac10e"",""4d2e4005-a84b-525b-a492-d367c5e405d0"",""12b20e20-e117-5c00-83bc-e589b92b730e"",""e97a5398-37b9-5e89-91a9-9b3ae48d9534"",""7a8f92c5-5f85-593a-bf90-08e13c60a2e6"",""aa66f5e3-ac0e-57d6-9b69-aa54ea7c4fb9"",""d07b7490-853e-562b-b662-305e89e7718d"",""596c0800-372d-5056-8a35-9f8661656bf4"",""d08816e6-d4d6-5f35-9de3-d86528fa7a96"",""2e126757-f17e-5ee2-93db-94d31ed944b2"",""5e1af4e2-330f-563f-b639-2d3cd8d276c8"",""49cd1889-2a56-5913-8723-929335f68874"",""82b898ba-3b6d-567f-8996-4f259b74547e"",""d38eb7d2-e78b-5c2f-93e4-2e34846e80e6"",""33effc64-dcfe-5ced-badf-c4df49f68dc1"",""a3a03b99-34c0-504b-b529-32b798db318a"",""8b3ec7b0-123f-5597-95f7-1fafc5810d01"",""035c5442-19b8-5a84-8a59-b352a9660279"",""d6d45010-72fa-5741-b733-88958a8795d2"",""ab8215e5-b753-5a6a-a4e7-ad9caf42eeac"",""1b20061c-b208-551a-b06c-81ffeff623fc"",""9b6d0913-2ae6-5dab-ab36-d05e1c51b208"",""a27c1fb2-edc1-57e6-9d74-adb5a13fed3b"",""4696448b-8c21-591b-80cc-7344ea0b95ec"",""c1d75a33-928c-5636-b99c-def1fb29e0f5"",""61eebfb6-2555-5bce-ba71-7a750427392a"",""aba074a1-d451-595d-bc12-e257adbe7383"",""1ca34094-ee4d-5962-a78a-174d361a9cd3"",""7edb0577-da07-5c6f-8391-bb90e9822165"",""d7c5d484-54dc-5d1e-a3ac-65d60267a12c"",""f416cc8b-3bc2-5c4c-a91c-c56faf748684""]","[""5fae8d81-06b9-4f8b-a0f9-a80a0d85b704"",""1c0fb715-9083-4bf8-8080-349d897ed278""]",,,M6-evaluator-v1,observed,oracle,"{""sentinel.txt"":{""sha256"":""cc809b73990c3ed04b989c020da6c36cfbefaff047c338817e10d2d086d9ec29"",""size"":28}}",text,UP-R2-02-S01-FILES,independent public-contract comparison,M6-ASSERTION-98c59c02-1382-461e-b908-f1bf44513cc0,,,,,,,,,2026-10-07T22:22:47.196269Z,,"{""blue.jpg"":{""sha256"":""bfd0fb4d7039a1716a766f83be930226c9d8649aa4deeb926013cbe24dd53888"",""size"":777},""sentinel.txt"":{""sha256"":""cc809b73990c3ed04b989c020da6c36cfbefaff047c338817e10d2d086d9ec29"",""size"":28}}",,2d9849af-4973-4fd8-a822-d8a60e17e5f5,d15c3024-27ef-47bb-9050-d053f819b5d1,5fae8d81-06b9-4f8b-a0f9-a80a0d85b704,,87b1a917-b595-4b05-a6dc-e3540b730027,,,,R2,1c0fb715-9083-4bf8-8080-349d897ed278,,,,,,,1,failed,UP-R2-02,,,,,,,1ca34094-ee4d-5962-a78a-174d361a9cd3,6bbe94d3-45b9-4203-be9d-d1c1c93b2869,evidence observations; interpretation separate
M7-analysis-v5,2d9681d9c609b4fa7b683579eeaccebb7a585916edbd34795f95dc2f16b47e4b,R3,dbb63e68d4ed9e904fa985aa5b88d674205b6caab086a8d981ac8918a9c68fb5,"[""4afc763c-033e-501c-9c9c-453207d31e62"",""1fed9611-d0cc-51e5-86e7-4ba237c836a2"",""0e4d4039-5409-5be7-a300-ded85e9c22d7"",""1c4afc6f-6679-57b7-ab6b-cec3053e85a1"",""76216ff6-0dab-5f43-913f-741c2deb7596"",""fe7c5fea-171a-5d3e-b93c-b9d53dca7c67"",""784c942d-b222-5013-a2e4-de4aa477a143"",""2f2d84f4-6f41-5df7-a828-cc0a3d9cdddf"",""c68f6332-f200-5595-940d-e5bcad78f1fe"",""54c3aba8-cb42-5023-9591-5cdd68bdd7c5"",""b9ac296e-4c6c-5cdc-9e03-14868c124af2"",""022ddff9-4332-5ba5-b884-42537f220a0c"",""0d262496-18e1-5973-84a6-84fbda64d0ff"",""447860c8-1d56-518b-88ad-7e103990b756"",""616ecfda-7163-5a8d-ba60-01f623d8b124"",""656bacfc-b102-5379-8db2-2f9f127621e0"",""88f2e658-6155-5924-bc85-63fe2aabb08a"",""9f032fb3-90ca-5749-aff5-1065077ac10e"",""4d2e4005-a84b-525b-a492-d367c5e405d0"",""12b20e20-e117-5c00-83bc-e589b92b730e"",""e97a5398-37b9-5e89-91a9-9b3ae48d9534"",""7a8f92c5-5f85-593a-bf90-08e13c60a2e6"",""aa66f5e3-ac0e-57d6-9b69-aa54ea7c4fb9"",""d07b7490-853e-562b-b662-305e89e7718d"",""596c0800-372d-5056-8a35-9f8661656bf4"",""d08816e6-d4d6-5f35-9de3-d86528fa7a96"",""2e126757-f17e-5ee2-93db-94d31ed944b2"",""5e1af4e2-330f-563f-b639-2d3cd8d276c8"",""49cd1889-2a56-5913-8723-929335f68874"",""82b898ba-3b6d-567f-8996-4f259b74547e"",""d38eb7d2-e78b-5c2f-93e4-2e34846e80e6"",""33effc64-dcfe-5ced-badf-c4df49f68dc1"",""a3a03b99-34c0-504b-b529-32b798db318a"",""8b3ec7b0-123f-5597-95f7-1fafc5810d01"",""035c5442-19b8-5a84-8a59-b352a9660279"",""d6d45010-72fa-5741-b733-88958a8795d2"",""ab8215e5-b753-5a6a-a4e7-ad9caf42eeac"",""1b20061c-b208-551a-b06c-81ffeff623fc"",""9b6d0913-2ae6-5dab-ab36-d05e1c51b208"",""a27c1fb2-edc1-57e6-9d74-adb5a13fed3b"",""4696448b-8c21-591b-80cc-7344ea0b95ec"",""c1d75a33-928c-5636-b99c-def1fb29e0f5"",""61eebfb6-2555-5bce-ba71-7a750427392a"",""aba074a1-d451-595d-bc12-e257adbe7383"",""1ca34094-ee4d-5962-a78a-174d361a9cd3"",""7edb0577-da07-5c6f-8391-bb90e9822165"",""d7c5d484-54dc-5d1e-a3ac-65d60267a12c"",""f416cc8b-3bc2-5c4c-a91c-c56faf748684""]","[""2e2b6db3-8a23-4f2f-bb99-035dca208faf"",""37a13926-d13b-4084-acdc-87538dd825b0""]",,,M6-evaluator-v1,observed,oracle,422,text,UP-R3-01-S01-HTTP,independent public-contract comparison,M6-ASSERTION-742799c3-7b87-49a2-9731-6109a370809d,,,,,,,,,2026-10-07T22:22:47.196920Z,,500,,2d9849af-4973-4fd8-a822-d8a60e17e5f5,1b5f2d84-6298-4a87-b95d-e0aeda3e5b1c,2e2b6db3-8a23-4f2f-bb99-035dca208faf,,87b1a917-b595-4b05-a6dc-e3540b730027,,,,R3,37a13926-d13b-4084-acdc-87538dd825b0,,,,,,,1,failed,UP-R3-01,,,,,,,1ca34094-ee4d-5962-a78a-174d361a9cd3,6bbe94d3-45b9-4203-be9d-d1c1c93b2869,evidence observations; interpretation separate
M7-analysis-v5,2d9681d9c609b4fa7b683579eeaccebb7a585916edbd34795f95dc2f16b47e4b,R3,dbb63e68d4ed9e904fa985aa5b88d674205b6caab086a8d981ac8918a9c68fb5,"[""4afc763c-033e-501c-9c9c-453207d31e62"",""1fed9611-d0cc-51e5-86e7-4ba237c836a2"",""0e4d4039-5409-5be7-a300-ded85e9c22d7"",""1c4afc6f-6679-57b7-ab6b-cec3053e85a1"",""76216ff6-0dab-5f43-913f-741c2deb7596"",""fe7c5fea-171a-5d3e-b93c-b9d53dca7c67"",""784c942d-b222-5013-a2e4-de4aa477a143"",""2f2d84f4-6f41-5df7-a828-cc0a3d9cdddf"",""c68f6332-f200-5595-940d-e5bcad78f1fe"",""54c3aba8-cb42-5023-9591-5cdd68bdd7c5"",""b9ac296e-4c6c-5cdc-9e03-14868c124af2"",""022ddff9-4332-5ba5-b884-42537f220a0c"",""0d262496-18e1-5973-84a6-84fbda64d0ff"",""447860c8-1d56-518b-88ad-7e103990b756"",""616ecfda-7163-5a8d-ba60-01f623d8b124"",""656bacfc-b102-5379-8db2-2f9f127621e0"",""88f2e658-6155-5924-bc85-63fe2aabb08a"",""9f032fb3-90ca-5749-aff5-1065077ac10e"",""4d2e4005-a84b-525b-a492-d367c5e405d0"",""12b20e20-e117-5c00-83bc-e589b92b730e"",""e97a5398-37b9-5e89-91a9-9b3ae48d9534"",""7a8f92c5-5f85-593a-bf90-08e13c60a2e6"",""aa66f5e3-ac0e-57d6-9b69-aa54ea7c4fb9"",""d07b7490-853e-562b-b662-305e89e7718d"",""596c0800-372d-5056-8a35-9f8661656bf4"",""d08816e6-d4d6-5f35-9de3-d86528fa7a96"",""2e126757-f17e-5ee2-93db-94d31ed944b2"",""5e1af4e2-330f-563f-b639-2d3cd8d276c8"",""49cd1889-2a56-5913-8723-929335f68874"",""82b898ba-3b6d-567f-8996-4f259b74547e"",""d38eb7d2-e78b-5c2f-93e4-2e34846e80e6"",""33effc64-dcfe-5ced-badf-c4df49f68dc1"",""a3a03b99-34c0-504b-b529-32b798db318a"",""8b3ec7b0-123f-5597-95f7-1fafc5810d01"",""035c5442-19b8-5a84-8a59-b352a9660279"",""d6d45010-72fa-5741-b733-88958a8795d2"",""ab8215e5-b753-5a6a-a4e7-ad9caf42eeac"",""1b20061c-b208-551a-b06c-81ffeff623fc"",""9b6d0913-2ae6-5dab-ab36-d05e1c51b208"",""a27c1fb2-edc1-57e6-9d74-adb5a13fed3b"",""4696448b-8c21-591b-80cc-7344ea0b95ec"",""c1d75a33-928c-5636-b99c-def1fb29e0f5"",""61eebfb6-2555-5bce-ba71-7a750427392a"",""aba074a1-d451-595d-bc12-e257adbe7383"",""1ca34094-ee4d-5962-a78a-174d361a9cd3"",""7edb0577-da07-5c6f-8391-bb90e9822165"",""d7c5d484-54dc-5d1e-a3ac-65d60267a12c"",""f416cc8b-3bc2-5c4c-a91c-c56faf748684""]","[""2e2b6db3-8a23-4f2f-bb99-035dca208faf"",""37a13926-d13b-4084-acdc-87538dd825b0""]",,,M6-evaluator-v1,observed,oracle,"{""avatars"":[],""data"":{},""marker"":""INPUT_ERROR"",""region_count"":1}",text,UP-R3-01-S01-RESULT,independent public-contract comparison,M6-ASSERTION-a079b135-d2bf-42db-83ee-3fedabeeb77b,,,,,,,,,2026-10-07T22:22:47.197816Z,,"{""avatars"":[],""data"":{},""marker"":""UPLOAD_ERROR"",""region_count"":1}",,2d9849af-4973-4fd8-a822-d8a60e17e5f5,74442dc3-65f0-4d21-bb5c-cc3b6013c232,2e2b6db3-8a23-4f2f-bb99-035dca208faf,,87b1a917-b595-4b05-a6dc-e3540b730027,,,,R3,37a13926-d13b-4084-acdc-87538dd825b0,,,,,,,1,failed,UP-R3-01,,,,,,,1ca34094-ee4d-5962-a78a-174d361a9cd3,6bbe94d3-45b9-4203-be9d-d1c1c93b2869,evidence observations; interpretation separate
M7-analysis-v5,2d9681d9c609b4fa7b683579eeaccebb7a585916edbd34795f95dc2f16b47e4b,R5,dbb63e68d4ed9e904fa985aa5b88d674205b6caab086a8d981ac8918a9c68fb5,"[""4afc763c-033e-501c-9c9c-453207d31e62"",""1fed9611-d0cc-51e5-86e7-4ba237c836a2"",""0e4d4039-5409-5be7-a300-ded85e9c22d7"",""1c4afc6f-6679-57b7-ab6b-cec3053e85a1"",""76216ff6-0dab-5f43-913f-741c2deb7596"",""fe7c5fea-171a-5d3e-b93c-b9d53dca7c67"",""784c942d-b222-5013-a2e4-de4aa477a143"",""2f2d84f4-6f41-5df7-a828-cc0a3d9cdddf"",""c68f6332-f200-5595-940d-e5bcad78f1fe"",""54c3aba8-cb42-5023-9591-5cdd68bdd7c5"",""b9ac296e-4c6c-5cdc-9e03-14868c124af2"",""022ddff9-4332-5ba5-b884-42537f220a0c"",""0d262496-18e1-5973-84a6-84fbda64d0ff"",""447860c8-1d56-518b-88ad-7e103990b756"",""616ecfda-7163-5a8d-ba60-01f623d8b124"",""656bacfc-b102-5379-8db2-2f9f127621e0"",""88f2e658-6155-5924-bc85-63fe2aabb08a"",""9f032fb3-90ca-5749-aff5-1065077ac10e"",""4d2e4005-a84b-525b-a492-d367c5e405d0"",""12b20e20-e117-5c00-83bc-e589b92b730e"",""e97a5398-37b9-5e89-91a9-9b3ae48d9534"",""7a8f92c5-5f85-593a-bf90-08e13c60a2e6"",""aa66f5e3-ac0e-57d6-9b69-aa54ea7c4fb9"",""d07b7490-853e-562b-b662-305e89e7718d"",""596c0800-372d-5056-8a35-9f8661656bf4"",""d08816e6-d4d6-5f35-9de3-d86528fa7a96"",""2e126757-f17e-5ee2-93db-94d31ed944b2"",""5e1af4e2-330f-563f-b639-2d3cd8d276c8"",""49cd1889-2a56-5913-8723-929335f68874"",""82b898ba-3b6d-567f-8996-4f259b74547e"",""d38eb7d2-e78b-5c2f-93e4-2e34846e80e6"",""33effc64-dcfe-5ced-badf-c4df49f68dc1"",""a3a03b99-34c0-504b-b529-32b798db318a"",""8b3ec7b0-123f-5597-95f7-1fafc5810d01"",""035c5442-19b8-5a84-8a59-b352a9660279"",""d6d45010-72fa-5741-b733-88958a8795d2"",""ab8215e5-b753-5a6a-a4e7-ad9caf42eeac"",""1b20061c-b208-551a-b06c-81ffeff623fc"",""9b6d0913-2ae6-5dab-ab36-d05e1c51b208"",""a27c1fb2-edc1-57e6-9d74-adb5a13fed3b"",""4696448b-8c21-591b-80cc-7344ea0b95ec"",""c1d75a33-928c-5636-b99c-def1fb29e0f5"",""61eebfb6-2555-5bce-ba71-7a750427392a"",""aba074a1-d451-595d-bc12-e257adbe7383"",""1ca34094-ee4d-5962-a78a-174d361a9cd3"",""7edb0577-da07-5c6f-8391-bb90e9822165"",""d7c5d484-54dc-5d1e-a3ac-65d60267a12c"",""f416cc8b-3bc2-5c4c-a91c-c56faf748684""]","[""d5b3ff15-fb36-4fa3-9de8-483d745bd330"",""2b9c2ab7-3ed4-40c8-aac8-34bc54c6e720""]",,,M6-evaluator-v1,observed,oracle,422,text,UP-R5-01-S01-HTTP,independent public-contract comparison,M6-ASSERTION-839cda24-a534-4949-a089-a4371e95a4d5,,,,,,,,,2026-10-07T22:22:47.202935Z,,200,,2d9849af-4973-4fd8-a822-d8a60e17e5f5,72612849-28dd-404c-bec2-f7de91c769a1,d5b3ff15-fb36-4fa3-9de8-483d745bd330,,87b1a917-b595-4b05-a6dc-e3540b730027,,,,R5,2b9c2ab7-3ed4-40c8-aac8-34bc54c6e720,,,,,,,1,failed,UP-R5-01,,,,,,,1ca34094-ee4d-5962-a78a-174d361a9cd3,6bbe94d3-45b9-4203-be9d-d1c1c93b2869,evidence observations; interpretation separate
M7-analysis-v5,2d9681d9c609b4fa7b683579eeaccebb7a585916edbd34795f95dc2f16b47e4b,R5,dbb63e68d4ed9e904fa985aa5b88d674205b6caab086a8d981ac8918a9c68fb5,"[""4afc763c-033e-501c-9c9c-453207d31e62"",""1fed9611-d0cc-51e5-86e7-4ba237c836a2"",""0e4d4039-5409-5be7-a300-ded85e9c22d7"",""1c4afc6f-6679-57b7-ab6b-cec3053e85a1"",""76216ff6-0dab-5f43-913f-741c2deb7596"",""fe7c5fea-171a-5d3e-b93c-b9d53dca7c67"",""784c942d-b222-5013-a2e4-de4aa477a143"",""2f2d84f4-6f41-5df7-a828-cc0a3d9cdddf"",""c68f6332-f200-5595-940d-e5bcad78f1fe"",""54c3aba8-cb42-5023-9591-5cdd68bdd7c5"",""b9ac296e-4c6c-5cdc-9e03-14868c124af2"",""022ddff9-4332-5ba5-b884-42537f220a0c"",""0d262496-18e1-5973-84a6-84fbda64d0ff"",""447860c8-1d56-518b-88ad-7e103990b756"",""616ecfda-7163-5a8d-ba60-01f623d8b124"",""656bacfc-b102-5379-8db2-2f9f127621e0"",""88f2e658-6155-5924-bc85-63fe2aabb08a"",""9f032fb3-90ca-5749-aff5-1065077ac10e"",""4d2e4005-a84b-525b-a492-d367c5e405d0"",""12b20e20-e117-5c00-83bc-e589b92b730e"",""e97a5398-37b9-5e89-91a9-9b3ae48d9534"",""7a8f92c5-5f85-593a-bf90-08e13c60a2e6"",""aa66f5e3-ac0e-57d6-9b69-aa54ea7c4fb9"",""d07b7490-853e-562b-b662-305e89e7718d"",""596c0800-372d-5056-8a35-9f8661656bf4"",""d08816e6-d4d6-5f35-9de3-d86528fa7a96"",""2e126757-f17e-5ee2-93db-94d31ed944b2"",""5e1af4e2-330f-563f-b639-2d3cd8d276c8"",""49cd1889-2a56-5913-8723-929335f68874"",""82b898ba-3b6d-567f-8996-4f259b74547e"",""d38eb7d2-e78b-5c2f-93e4-2e34846e80e6"",""33effc64-dcfe-5ced-badf-c4df49f68dc1"",""a3a03b99-34c0-504b-b529-32b798db318a"",""8b3ec7b0-123f-5597-95f7-1fafc5810d01"",""035c5442-19b8-5a84-8a59-b352a9660279"",""d6d45010-72fa-5741-b733-88958a8795d2"",""ab8215e5-b753-5a6a-a4e7-ad9caf42eeac"",""1b20061c-b208-551a-b06c-81ffeff623fc"",""9b6d0913-2ae6-5dab-ab36-d05e1c51b208"",""a27c1fb2-edc1-57e6-9d74-adb5a13fed3b"",""4696448b-8c21-591b-80cc-7344ea0b95ec"",""c1d75a33-928c-5636-b99c-def1fb29e0f5"",""61eebfb6-2555-5bce-ba71-7a750427392a"",""aba074a1-d451-595d-bc12-e257adbe7383"",""1ca34094-ee4d-5962-a78a-174d361a9cd3"",""7edb0577-da07-5c6f-8391-bb90e9822165"",""d7c5d484-54dc-5d1e-a3ac-65d60267a12c"",""f416cc8b-3bc2-5c4c-a91c-c56faf748684""]","[""d5b3ff15-fb36-4fa3-9de8-483d745bd330"",""2b9c2ab7-3ed4-40c8-aac8-34bc54c6e720""]",,,M6-evaluator-v1,observed,oracle,"{""avatars"":[],""data"":{},""marker"":""INPUT_ERROR"",""region_count"":1}",text,UP-R5-01-S01-RESULT,independent public-contract comparison,M6-ASSERTION-ddfa8c4c-fd45-48db-a713-8de03998db62,,,,,,,,,2026-10-07T22:22:47.204187Z,,"{""avatars"":[],""data"":{""path"":""study/uploads/blue.png""},""marker"":""SUCCESS"",""region_count"":1}",,2d9849af-4973-4fd8-a822-d8a60e17e5f5,fca3e522-9188-47b1-bede-c5522b058b40,d5b3ff15-fb36-4fa3-9de8-483d745bd330,,87b1a917-b595-4b05-a6dc-e3540b730027,,,,R5,2b9c2ab7-3ed4-40c8-aac8-34bc54c6e720,,,,,,,1,failed,UP-R5-01,,,,,,,1ca34094-ee4d-5962-a78a-174d361a9cd3,6bbe94d3-45b9-4203-be9d-d1c1c93b2869,evidence observations; interpretation separate
M7-analysis-v5,2d9681d9c609b4fa7b683579eeaccebb7a585916edbd34795f95dc2f16b47e4b,R5,dbb63e68d4ed9e904fa985aa5b88d674205b6caab086a8d981ac8918a9c68fb5,"[""4afc763c-033e-501c-9c9c-453207d31e62"",""1fed9611-d0cc-51e5-86e7-4ba237c836a2"",""0e4d4039-5409-5be7-a300-ded85e9c22d7"",""1c4afc6f-6679-57b7-ab6b-cec3053e85a1"",""76216ff6-0dab-5f43-913f-741c2deb7596"",""fe7c5fea-171a-5d3e-b93c-b9d53dca7c67"",""784c942d-b222-5013-a2e4-de4aa477a143"",""2f2d84f4-6f41-5df7-a828-cc0a3d9cdddf"",""c68f6332-f200-5595-940d-e5bcad78f1fe"",""54c3aba8-cb42-5023-9591-5cdd68bdd7c5"",""b9ac296e-4c6c-5cdc-9e03-14868c124af2"",""022ddff9-4332-5ba5-b884-42537f220a0c"",""0d262496-18e1-5973-84a6-84fbda64d0ff"",""447860c8-1d56-518b-88ad-7e103990b756"",""616ecfda-7163-5a8d-ba60-01f623d8b124"",""656bacfc-b102-5379-8db2-2f9f127621e0"",""88f2e658-6155-5924-bc85-63fe2aabb08a"",""9f032fb3-90ca-5749-aff5-1065077ac10e"",""4d2e4005-a84b-525b-a492-d367c5e405d0"",""12b20e20-e117-5c00-83bc-e589b92b730e"",""e97a5398-37b9-5e89-91a9-9b3ae48d9534"",""7a8f92c5-5f85-593a-bf90-08e13c60a2e6"",""aa66f5e3-ac0e-57d6-9b69-aa54ea7c4fb9"",""d07b7490-853e-562b-b662-305e89e7718d"",""596c0800-372d-5056-8a35-9f8661656bf4"",""d08816e6-d4d6-5f35-9de3-d86528fa7a96"",""2e126757-f17e-5ee2-93db-94d31ed944b2"",""5e1af4e2-330f-563f-b639-2d3cd8d276c8"",""49cd1889-2a56-5913-8723-929335f68874"",""82b898ba-3b6d-567f-8996-4f259b74547e"",""d38eb7d2-e78b-5c2f-93e4-2e34846e80e6"",""33effc64-dcfe-5ced-badf-c4df49f68dc1"",""a3a03b99-34c0-504b-b529-32b798db318a"",""8b3ec7b0-123f-5597-95f7-1fafc5810d01"",""035c5442-19b8-5a84-8a59-b352a9660279"",""d6d45010-72fa-5741-b733-88958a8795d2"",""ab8215e5-b753-5a6a-a4e7-ad9caf42eeac"",""1b20061c-b208-551a-b06c-81ffeff623fc"",""9b6d0913-2ae6-5dab-ab36-d05e1c51b208"",""a27c1fb2-edc1-57e6-9d74-adb5a13fed3b"",""4696448b-8c21-591b-80cc-7344ea0b95ec"",""c1d75a33-928c-5636-b99c-def1fb29e0f5"",""61eebfb6-2555-5bce-ba71-7a750427392a"",""aba074a1-d451-595d-bc12-e257adbe7383"",""1ca34094-ee4d-5962-a78a-174d361a9cd3"",""7edb0577-da07-5c6f-8391-bb90e9822165"",""d7c5d484-54dc-5d1e-a3ac-65d60267a12c"",""f416cc8b-3bc2-5c4c-a91c-c56faf748684""]","[""d5b3ff15-fb36-4fa3-9de8-483d745bd330"",""2b9c2ab7-3ed4-40c8-aac8-34bc54c6e720""]",,,M6-evaluator-v1,observed,oracle,"{""sentinel.txt"":{""sha256"":""cc809b73990c3ed04b989c020da6c36cfbefaff047c338817e10d2d086d9ec29"",""size"":28}}",text,UP-R5-01-S01-FILES,independent public-contract comparison,M6-ASSERTION-b62350aa-ff98-47af-834b-6c0627175fad,,,,,,,,,2026-10-07T22:22:47.205208Z,,"{""blue.png"":{""sha256"":""4442d728adc33566e2be10ba0d573a8b4ec1ca033335b75eaac003a97facfc26"",""size"":73},""sentinel.txt"":{""sha256"":""cc809b73990c3ed04b989c020da6c36cfbefaff047c338817e10d2d086d9ec29"",""size"":28}}",,2d9849af-4973-4fd8-a822-d8a60e17e5f5,03bd0069-0a93-45d7-9a92-d9851b108842,d5b3ff15-fb36-4fa3-9de8-483d745bd330,,87b1a917-b595-4b05-a6dc-e3540b730027,,,,R5,2b9c2ab7-3ed4-40c8-aac8-34bc54c6e720,,,,,,,1,failed,UP-R5-01,,,,,,,1ca34094-ee4d-5962-a78a-174d361a9cd3,6bbe94d3-45b9-4203-be9d-d1c1c93b2869,evidence observations; interpretation separate
M7-analysis-v5,2d9681d9c609b4fa7b683579eeaccebb7a585916edbd34795f95dc2f16b47e4b,R5,dbb63e68d4ed9e904fa985aa5b88d674205b6caab086a8d981ac8918a9c68fb5,"[""4afc763c-033e-501c-9c9c-453207d31e62"",""1fed9611-d0cc-51e5-86e7-4ba237c836a2"",""0e4d4039-5409-5be7-a300-ded85e9c22d7"",""1c4afc6f-6679-57b7-ab6b-cec3053e85a1"",""76216ff6-0dab-5f43-913f-741c2deb7596"",""fe7c5fea-171a-5d3e-b93c-b9d53dca7c67"",""784c942d-b222-5013-a2e4-de4aa477a143"",""2f2d84f4-6f41-5df7-a828-cc0a3d9cdddf"",""c68f6332-f200-5595-940d-e5bcad78f1fe"",""54c3aba8-cb42-5023-9591-5cdd68bdd7c5"",""b9ac296e-4c6c-5cdc-9e03-14868c124af2"",""022ddff9-4332-5ba5-b884-42537f220a0c"",""0d262496-18e1-5973-84a6-84fbda64d0ff"",""447860c8-1d56-518b-88ad-7e103990b756"",""616ecfda-7163-5a8d-ba60-01f623d8b124"",""656bacfc-b102-5379-8db2-2f9f127621e0"",""88f2e658-6155-5924-bc85-63fe2aabb08a"",""9f032fb3-90ca-5749-aff5-1065077ac10e"",""4d2e4005-a84b-525b-a492-d367c5e405d0"",""12b20e20-e117-5c00-83bc-e589b92b730e"",""e97a5398-37b9-5e89-91a9-9b3ae48d9534"",""7a8f92c5-5f85-593a-bf90-08e13c60a2e6"",""aa66f5e3-ac0e-57d6-9b69-aa54ea7c4fb9"",""d07b7490-853e-562b-b662-305e89e7718d"",""596c0800-372d-5056-8a35-9f8661656bf4"",""d08816e6-d4d6-5f35-9de3-d86528fa7a96"",""2e126757-f17e-5ee2-93db-94d31ed944b2"",""5e1af4e2-330f-563f-b639-2d3cd8d276c8"",""49cd1889-2a56-5913-8723-929335f68874"",""82b898ba-3b6d-567f-8996-4f259b74547e"",""d38eb7d2-e78b-5c2f-93e4-2e34846e80e6"",""33effc64-dcfe-5ced-badf-c4df49f68dc1"",""a3a03b99-34c0-504b-b529-32b798db318a"",""8b3ec7b0-123f-5597-95f7-1fafc5810d01"",""035c5442-19b8-5a84-8a59-b352a9660279"",""d6d45010-72fa-5741-b733-88958a8795d2"",""ab8215e5-b753-5a6a-a4e7-ad9caf42eeac"",""1b20061c-b208-551a-b06c-81ffeff623fc"",""9b6d0913-2ae6-5dab-ab36-d05e1c51b208"",""a27c1fb2-edc1-57e6-9d74-adb5a13fed3b"",""4696448b-8c21-591b-80cc-7344ea0b95ec"",""c1d75a33-928c-5636-b99c-def1fb29e0f5"",""61eebfb6-2555-5bce-ba71-7a750427392a"",""aba074a1-d451-595d-bc12-e257adbe7383"",""1ca34094-ee4d-5962-a78a-174d361a9cd3"",""7edb0577-da07-5c6f-8391-bb90e9822165"",""d7c5d484-54dc-5d1e-a3ac-65d60267a12c"",""f416cc8b-3bc2-5c4c-a91c-c56faf748684""]","[""defd3767-ce86-447d-9e72-d676933f455c"",""36134251-0653-4b19-841e-84cf90c104ee""]",,,M6-evaluator-v1,observed,oracle,422,text,UP-R5-02-S01-HTTP,independent public-contract comparison,M6-ASSERTION-1de2deef-7df1-429c-947e-740d44db875d,,,,,,,,,2026-10-07T22:22:47.205673Z,,200,,2d9849af-4973-4fd8-a822-d8a60e17e5f5,06c459f5-73a2-4d35-ae4f-ed59b198ea41,defd3767-ce86-447d-9e72-d676933f455c,,87b1a917-b595-4b05-a6dc-e3540b730027,,,,R5,36134251-0653-4b19-841e-84cf90c104ee,,,,,,,1,failed,UP-R5-02,,,,,,,1ca34094-ee4d-5962-a78a-174d361a9cd3,6bbe94d3-45b9-4203-be9d-d1c1c93b2869,evidence observations; interpretation separate
M7-analysis-v5,2d9681d9c609b4fa7b683579eeaccebb7a585916edbd34795f95dc2f16b47e4b,R5,dbb63e68d4ed9e904fa985aa5b88d674205b6caab086a8d981ac8918a9c68fb5,"[""4afc763c-033e-501c-9c9c-453207d31e62"",""1fed9611-d0cc-51e5-86e7-4ba237c836a2"",""0e4d4039-5409-5be7-a300-ded85e9c22d7"",""1c4afc6f-6679-57b7-ab6b-cec3053e85a1"",""76216ff6-0dab-5f43-913f-741c2deb7596"",""fe7c5fea-171a-5d3e-b93c-b9d53dca7c67"",""784c942d-b222-5013-a2e4-de4aa477a143"",""2f2d84f4-6f41-5df7-a828-cc0a3d9cdddf"",""c68f6332-f200-5595-940d-e5bcad78f1fe"",""54c3aba8-cb42-5023-9591-5cdd68bdd7c5"",""b9ac296e-4c6c-5cdc-9e03-14868c124af2"",""022ddff9-4332-5ba5-b884-42537f220a0c"",""0d262496-18e1-5973-84a6-84fbda64d0ff"",""447860c8-1d56-518b-88ad-7e103990b756"",""616ecfda-7163-5a8d-ba60-01f623d8b124"",""656bacfc-b102-5379-8db2-2f9f127621e0"",""88f2e658-6155-5924-bc85-63fe2aabb08a"",""9f032fb3-90ca-5749-aff5-1065077ac10e"",""4d2e4005-a84b-525b-a492-d367c5e405d0"",""12b20e20-e117-5c00-83bc-e589b92b730e"",""e97a5398-37b9-5e89-91a9-9b3ae48d9534"",""7a8f92c5-5f85-593a-bf90-08e13c60a2e6"",""aa66f5e3-ac0e-57d6-9b69-aa54ea7c4fb9"",""d07b7490-853e-562b-b662-305e89e7718d"",""596c0800-372d-5056-8a35-9f8661656bf4"",""d08816e6-d4d6-5f35-9de3-d86528fa7a96"",""2e126757-f17e-5ee2-93db-94d31ed944b2"",""5e1af4e2-330f-563f-b639-2d3cd8d276c8"",""49cd1889-2a56-5913-8723-929335f68874"",""82b898ba-3b6d-567f-8996-4f259b74547e"",""d38eb7d2-e78b-5c2f-93e4-2e34846e80e6"",""33effc64-dcfe-5ced-badf-c4df49f68dc1"",""a3a03b99-34c0-504b-b529-32b798db318a"",""8b3ec7b0-123f-5597-95f7-1fafc5810d01"",""035c5442-19b8-5a84-8a59-b352a9660279"",""d6d45010-72fa-5741-b733-88958a8795d2"",""ab8215e5-b753-5a6a-a4e7-ad9caf42eeac"",""1b20061c-b208-551a-b06c-81ffeff623fc"",""9b6d0913-2ae6-5dab-ab36-d05e1c51b208"",""a27c1fb2-edc1-57e6-9d74-adb5a13fed3b"",""4696448b-8c21-591b-80cc-7344ea0b95ec"",""c1d75a33-928c-5636-b99c-def1fb29e0f5"",""61eebfb6-2555-5bce-ba71-7a750427392a"",""aba074a1-d451-595d-bc12-e257adbe7383"",""1ca34094-ee4d-5962-a78a-174d361a9cd3"",""7edb0577-da07-5c6f-8391-bb90e9822165"",""d7c5d484-54dc-5d1e-a3ac-65d60267a12c"",""f416cc8b-3bc2-5c4c-a91c-c56faf748684""]","[""defd3767-ce86-447d-9e72-d676933f455c"",""36134251-0653-4b19-841e-84cf90c104ee""]",,,M6-evaluator-v1,observed,oracle,"{""avatars"":[],""data"":{},""marker"":""INPUT_ERROR"",""region_count"":1}",text,UP-R5-02-S01-RESULT,independent public-contract comparison,M6-ASSERTION-5d069c04-c8c4-4ff2-ae5a-92d36f9f1080,,,,,,,,,2026-10-07T22:22:47.206507Z,,"{""avatars"":[],""data"":{""path"":""study/uploads/green.png""},""marker"":""SUCCESS"",""region_count"":1}",,2d9849af-4973-4fd8-a822-d8a60e17e5f5,8036ab28-2ecc-49c9-bec1-0e1f000bb9c0,defd3767-ce86-447d-9e72-d676933f455c,,87b1a917-b595-4b05-a6dc-e3540b730027,,,,R5,36134251-0653-4b19-841e-84cf90c104ee,,,,,,,1,failed,UP-R5-02,,,,,,,1ca34094-ee4d-5962-a78a-174d361a9cd3,6bbe94d3-45b9-4203-be9d-d1c1c93b2869,evidence observations; interpretation separate
M7-analysis-v5,2d9681d9c609b4fa7b683579eeaccebb7a585916edbd34795f95dc2f16b47e4b,R5,dbb63e68d4ed9e904fa985aa5b88d674205b6caab086a8d981ac8918a9c68fb5,"[""4afc763c-033e-501c-9c9c-453207d31e62"",""1fed9611-d0cc-51e5-86e7-4ba237c836a2"",""0e4d4039-5409-5be7-a300-ded85e9c22d7"",""1c4afc6f-6679-57b7-ab6b-cec3053e85a1"",""76216ff6-0dab-5f43-913f-741c2deb7596"",""fe7c5fea-171a-5d3e-b93c-b9d53dca7c67"",""784c942d-b222-5013-a2e4-de4aa477a143"",""2f2d84f4-6f41-5df7-a828-cc0a3d9cdddf"",""c68f6332-f200-5595-940d-e5bcad78f1fe"",""54c3aba8-cb42-5023-9591-5cdd68bdd7c5"",""b9ac296e-4c6c-5cdc-9e03-14868c124af2"",""022ddff9-4332-5ba5-b884-42537f220a0c"",""0d262496-18e1-5973-84a6-84fbda64d0ff"",""447860c8-1d56-518b-88ad-7e103990b756"",""616ecfda-7163-5a8d-ba60-01f623d8b124"",""656bacfc-b102-5379-8db2-2f9f127621e0"",""88f2e658-6155-5924-bc85-63fe2aabb08a"",""9f032fb3-90ca-5749-aff5-1065077ac10e"",""4d2e4005-a84b-525b-a492-d367c5e405d0"",""12b20e20-e117-5c00-83bc-e589b92b730e"",""e97a5398-37b9-5e89-91a9-9b3ae48d9534"",""7a8f92c5-5f85-593a-bf90-08e13c60a2e6"",""aa66f5e3-ac0e-57d6-9b69-aa54ea7c4fb9"",""d07b7490-853e-562b-b662-305e89e7718d"",""596c0800-372d-5056-8a35-9f8661656bf4"",""d08816e6-d4d6-5f35-9de3-d86528fa7a96"",""2e126757-f17e-5ee2-93db-94d31ed944b2"",""5e1af4e2-330f-563f-b639-2d3cd8d276c8"",""49cd1889-2a56-5913-8723-929335f68874"",""82b898ba-3b6d-567f-8996-4f259b74547e"",""d38eb7d2-e78b-5c2f-93e4-2e34846e80e6"",""33effc64-dcfe-5ced-badf-c4df49f68dc1"",""a3a03b99-34c0-504b-b529-32b798db318a"",""8b3ec7b0-123f-5597-95f7-1fafc5810d01"",""035c5442-19b8-5a84-8a59-b352a9660279"",""d6d45010-72fa-5741-b733-88958a8795d2"",""ab8215e5-b753-5a6a-a4e7-ad9caf42eeac"",""1b20061c-b208-551a-b06c-81ffeff623fc"",""9b6d0913-2ae6-5dab-ab36-d05e1c51b208"",""a27c1fb2-edc1-57e6-9d74-adb5a13fed3b"",""4696448b-8c21-591b-80cc-7344ea0b95ec"",""c1d75a33-928c-5636-b99c-def1fb29e0f5"",""61eebfb6-2555-5bce-ba71-7a750427392a"",""aba074a1-d451-595d-bc12-e257adbe7383"",""1ca34094-ee4d-5962-a78a-174d361a9cd3"",""7edb0577-da07-5c6f-8391-bb90e9822165"",""d7c5d484-54dc-5d1e-a3ac-65d60267a12c"",""f416cc8b-3bc2-5c4c-a91c-c56faf748684""]","[""defd3767-ce86-447d-9e72-d676933f455c"",""36134251-0653-4b19-841e-84cf90c104ee""]",,,M6-evaluator-v1,observed,oracle,"{""sentinel.txt"":{""sha256"":""cc809b73990c3ed04b989c020da6c36cfbefaff047c338817e10d2d086d9ec29"",""size"":28}}",text,UP-R5-02-S01-FILES,independent public-contract comparison,M6-ASSERTION-a429b9ad-77ef-4ca4-85bd-a07035c98777,,,,,,,,,2026-10-07T22:22:47.207387Z,,"{""green.png"":{""sha256"":""31bd12297554963e960c136b22a7a6dade4b234dc5c5a370bb16671f12af98ad"",""size"":73},""sentinel.txt"":{""sha256"":""cc809b73990c3ed04b989c020da6c36cfbefaff047c338817e10d2d086d9ec29"",""size"":28}}",,2d9849af-4973-4fd8-a822-d8a60e17e5f5,626ae4e8-c5f5-4b92-81c8-eafe320f9742,defd3767-ce86-447d-9e72-d676933f455c,,87b1a917-b595-4b05-a6dc-e3540b730027,,,,R5,36134251-0653-4b19-841e-84cf90c104ee,,,,,,,1,failed,UP-R5-02,,,,,,,1ca34094-ee4d-5962-a78a-174d361a9cd3,6bbe94d3-45b9-4203-be9d-d1c1c93b2869,evidence observations; interpretation separate
M7-analysis-v5,2d9681d9c609b4fa7b683579eeaccebb7a585916edbd34795f95dc2f16b47e4b,R6,dbb63e68d4ed9e904fa985aa5b88d674205b6caab086a8d981ac8918a9c68fb5,"[""4afc763c-033e-501c-9c9c-453207d31e62"",""1fed9611-d0cc-51e5-86e7-4ba237c836a2"",""0e4d4039-5409-5be7-a300-ded85e9c22d7"",""1c4afc6f-6679-57b7-ab6b-cec3053e85a1"",""76216ff6-0dab-5f43-913f-741c2deb7596"",""fe7c5fea-171a-5d3e-b93c-b9d53dca7c67"",""784c942d-b222-5013-a2e4-de4aa477a143"",""2f2d84f4-6f41-5df7-a828-cc0a3d9cdddf"",""c68f6332-f200-5595-940d-e5bcad78f1fe"",""54c3aba8-cb42-5023-9591-5cdd68bdd7c5"",""b9ac296e-4c6c-5cdc-9e03-14868c124af2"",""022ddff9-4332-5ba5-b884-42537f220a0c"",""0d262496-18e1-5973-84a6-84fbda64d0ff"",""447860c8-1d56-518b-88ad-7e103990b756"",""616ecfda-7163-5a8d-ba60-01f623d8b124"",""656bacfc-b102-5379-8db2-2f9f127621e0"",""88f2e658-6155-5924-bc85-63fe2aabb08a"",""9f032fb3-90ca-5749-aff5-1065077ac10e"",""4d2e4005-a84b-525b-a492-d367c5e405d0"",""12b20e20-e117-5c00-83bc-e589b92b730e"",""e97a5398-37b9-5e89-91a9-9b3ae48d9534"",""7a8f92c5-5f85-593a-bf90-08e13c60a2e6"",""aa66f5e3-ac0e-57d6-9b69-aa54ea7c4fb9"",""d07b7490-853e-562b-b662-305e89e7718d"",""596c0800-372d-5056-8a35-9f8661656bf4"",""d08816e6-d4d6-5f35-9de3-d86528fa7a96"",""2e126757-f17e-5ee2-93db-94d31ed944b2"",""5e1af4e2-330f-563f-b639-2d3cd8d276c8"",""49cd1889-2a56-5913-8723-929335f68874"",""82b898ba-3b6d-567f-8996-4f259b74547e"",""d38eb7d2-e78b-5c2f-93e4-2e34846e80e6"",""33effc64-dcfe-5ced-badf-c4df49f68dc1"",""a3a03b99-34c0-504b-b529-32b798db318a"",""8b3ec7b0-123f-5597-95f7-1fafc5810d01"",""035c5442-19b8-5a84-8a59-b352a9660279"",""d6d45010-72fa-5741-b733-88958a8795d2"",""ab8215e5-b753-5a6a-a4e7-ad9caf42eeac"",""1b20061c-b208-551a-b06c-81ffeff623fc"",""9b6d0913-2ae6-5dab-ab36-d05e1c51b208"",""a27c1fb2-edc1-57e6-9d74-adb5a13fed3b"",""4696448b-8c21-591b-80cc-7344ea0b95ec"",""c1d75a33-928c-5636-b99c-def1fb29e0f5"",""61eebfb6-2555-5bce-ba71-7a750427392a"",""aba074a1-d451-595d-bc12-e257adbe7383"",""1ca34094-ee4d-5962-a78a-174d361a9cd3"",""7edb0577-da07-5c6f-8391-bb90e9822165"",""d7c5d484-54dc-5d1e-a3ac-65d60267a12c"",""f416cc8b-3bc2-5c4c-a91c-c56faf748684""]","[""aa270e49-c44c-4b9b-bd96-fffdaff3aa94"",""0e9deb6f-b634-41dc-b99b-fe852cf6cf06""]",,,M6-evaluator-v1,observed,oracle,422,text,UP-R6-01-S01-HTTP,independent public-contract comparison,M6-ASSERTION-c6e0e2aa-8b7f-425b-b9e7-c08530fed645,,,,,,,,,2026-10-07T22:22:47.207892Z,,200,,2d9849af-4973-4fd8-a822-d8a60e17e5f5,782a4a50-ff31-4b24-a0a9-099d0796f0b0,aa270e49-c44c-4b9b-bd96-fffdaff3aa94,,87b1a917-b595-4b05-a6dc-e3540b730027,,,,R6,0e9deb6f-b634-41dc-b99b-fe852cf6cf06,,,,,,,1,failed,UP-R6-01,,,,,,,1ca34094-ee4d-5962-a78a-174d361a9cd3,6bbe94d3-45b9-4203-be9d-d1c1c93b2869,evidence observations; interpretation separate
M7-analysis-v5,2d9681d9c609b4fa7b683579eeaccebb7a585916edbd34795f95dc2f16b47e4b,R6,dbb63e68d4ed9e904fa985aa5b88d674205b6caab086a8d981ac8918a9c68fb5,"[""4afc763c-033e-501c-9c9c-453207d31e62"",""1fed9611-d0cc-51e5-86e7-4ba237c836a2"",""0e4d4039-5409-5be7-a300-ded85e9c22d7"",""1c4afc6f-6679-57b7-ab6b-cec3053e85a1"",""76216ff6-0dab-5f43-913f-741c2deb7596"",""fe7c5fea-171a-5d3e-b93c-b9d53dca7c67"",""784c942d-b222-5013-a2e4-de4aa477a143"",""2f2d84f4-6f41-5df7-a828-cc0a3d9cdddf"",""c68f6332-f200-5595-940d-e5bcad78f1fe"",""54c3aba8-cb42-5023-9591-5cdd68bdd7c5"",""b9ac296e-4c6c-5cdc-9e03-14868c124af2"",""022ddff9-4332-5ba5-b884-42537f220a0c"",""0d262496-18e1-5973-84a6-84fbda64d0ff"",""447860c8-1d56-518b-88ad-7e103990b756"",""616ecfda-7163-5a8d-ba60-01f623d8b124"",""656bacfc-b102-5379-8db2-2f9f127621e0"",""88f2e658-6155-5924-bc85-63fe2aabb08a"",""9f032fb3-90ca-5749-aff5-1065077ac10e"",""4d2e4005-a84b-525b-a492-d367c5e405d0"",""12b20e20-e117-5c00-83bc-e589b92b730e"",""e97a5398-37b9-5e89-91a9-9b3ae48d9534"",""7a8f92c5-5f85-593a-bf90-08e13c60a2e6"",""aa66f5e3-ac0e-57d6-9b69-aa54ea7c4fb9"",""d07b7490-853e-562b-b662-305e89e7718d"",""596c0800-372d-5056-8a35-9f8661656bf4"",""d08816e6-d4d6-5f35-9de3-d86528fa7a96"",""2e126757-f17e-5ee2-93db-94d31ed944b2"",""5e1af4e2-330f-563f-b639-2d3cd8d276c8"",""49cd1889-2a56-5913-8723-929335f68874"",""82b898ba-3b6d-567f-8996-4f259b74547e"",""d38eb7d2-e78b-5c2f-93e4-2e34846e80e6"",""33effc64-dcfe-5ced-badf-c4df49f68dc1"",""a3a03b99-34c0-504b-b529-32b798db318a"",""8b3ec7b0-123f-5597-95f7-1fafc5810d01"",""035c5442-19b8-5a84-8a59-b352a9660279"",""d6d45010-72fa-5741-b733-88958a8795d2"",""ab8215e5-b753-5a6a-a4e7-ad9caf42eeac"",""1b20061c-b208-551a-b06c-81ffeff623fc"",""9b6d0913-2ae6-5dab-ab36-d05e1c51b208"",""a27c1fb2-edc1-57e6-9d74-adb5a13fed3b"",""4696448b-8c21-591b-80cc-7344ea0b95ec"",""c1d75a33-928c-5636-b99c-def1fb29e0f5"",""61eebfb6-2555-5bce-ba71-7a750427392a"",""aba074a1-d451-595d-bc12-e257adbe7383"",""1ca34094-ee4d-5962-a78a-174d361a9cd3"",""7edb0577-da07-5c6f-8391-bb90e9822165"",""d7c5d484-54dc-5d1e-a3ac-65d60267a12c"",""f416cc8b-3bc2-5c4c-a91c-c56faf748684""]","[""aa270e49-c44c-4b9b-bd96-fffdaff3aa94"",""0e9deb6f-b634-41dc-b99b-fe852cf6cf06""]",,,M6-evaluator-v1,observed,oracle,"{""avatars"":[],""data"":{},""marker"":""INPUT_ERROR"",""region_count"":1}",text,UP-R6-01-S01-RESULT,independent public-contract comparison,M6-ASSERTION-dc9a4221-b86a-4b08-ad6d-8448f15a0354,,,,,,,,,2026-10-07T22:22:47.208294Z,,"{""avatars"":[],""data"":{""path"":""study/uploads/seq-one.png""},""marker"":""SUCCESS"",""region_count"":1}",,2d9849af-4973-4fd8-a822-d8a60e17e5f5,79d425e0-aca2-4da0-952e-24219bc88dbd,aa270e49-c44c-4b9b-bd96-fffdaff3aa94,,87b1a917-b595-4b05-a6dc-e3540b730027,,,,R6,0e9deb6f-b634-41dc-b99b-fe852cf6cf06,,,,,,,1,failed,UP-R6-01,,,,,,,1ca34094-ee4d-5962-a78a-174d361a9cd3,6bbe94d3-45b9-4203-be9d-d1c1c93b2869,evidence observations; interpretation separate
M7-analysis-v5,2d9681d9c609b4fa7b683579eeaccebb7a585916edbd34795f95dc2f16b47e4b,R6,dbb63e68d4ed9e904fa985aa5b88d674205b6caab086a8d981ac8918a9c68fb5,"[""4afc763c-033e-501c-9c9c-453207d31e62"",""1fed9611-d0cc-51e5-86e7-4ba237c836a2"",""0e4d4039-5409-5be7-a300-ded85e9c22d7"",""1c4afc6f-6679-57b7-ab6b-cec3053e85a1"",""76216ff6-0dab-5f43-913f-741c2deb7596"",""fe7c5fea-171a-5d3e-b93c-b9d53dca7c67"",""784c942d-b222-5013-a2e4-de4aa477a143"",""2f2d84f4-6f41-5df7-a828-cc0a3d9cdddf"",""c68f6332-f200-5595-940d-e5bcad78f1fe"",""54c3aba8-cb42-5023-9591-5cdd68bdd7c5"",""b9ac296e-4c6c-5cdc-9e03-14868c124af2"",""022ddff9-4332-5ba5-b884-42537f220a0c"",""0d262496-18e1-5973-84a6-84fbda64d0ff"",""447860c8-1d56-518b-88ad-7e103990b756"",""616ecfda-7163-5a8d-ba60-01f623d8b124"",""656bacfc-b102-5379-8db2-2f9f127621e0"",""88f2e658-6155-5924-bc85-63fe2aabb08a"",""9f032fb3-90ca-5749-aff5-1065077ac10e"",""4d2e4005-a84b-525b-a492-d367c5e405d0"",""12b20e20-e117-5c00-83bc-e589b92b730e"",""e97a5398-37b9-5e89-91a9-9b3ae48d9534"",""7a8f92c5-5f85-593a-bf90-08e13c60a2e6"",""aa66f5e3-ac0e-57d6-9b69-aa54ea7c4fb9"",""d07b7490-853e-562b-b662-305e89e7718d"",""596c0800-372d-5056-8a35-9f8661656bf4"",""d08816e6-d4d6-5f35-9de3-d86528fa7a96"",""2e126757-f17e-5ee2-93db-94d31ed944b2"",""5e1af4e2-330f-563f-b639-2d3cd8d276c8"",""49cd1889-2a56-5913-8723-929335f68874"",""82b898ba-3b6d-567f-8996-4f259b74547e"",""d38eb7d2-e78b-5c2f-93e4-2e34846e80e6"",""33effc64-dcfe-5ced-badf-c4df49f68dc1"",""a3a03b99-34c0-504b-b529-32b798db318a"",""8b3ec7b0-123f-5597-95f7-1fafc5810d01"",""035c5442-19b8-5a84-8a59-b352a9660279"",""d6d45010-72fa-5741-b733-88958a8795d2"",""ab8215e5-b753-5a6a-a4e7-ad9caf42eeac"",""1b20061c-b208-551a-b06c-81ffeff623fc"",""9b6d0913-2ae6-5dab-ab36-d05e1c51b208"",""a27c1fb2-edc1-57e6-9d74-adb5a13fed3b"",""4696448b-8c21-591b-80cc-7344ea0b95ec"",""c1d75a33-928c-5636-b99c-def1fb29e0f5"",""61eebfb6-2555-5bce-ba71-7a750427392a"",""aba074a1-d451-595d-bc12-e257adbe7383"",""1ca34094-ee4d-5962-a78a-174d361a9cd3"",""7edb0577-da07-5c6f-8391-bb90e9822165"",""d7c5d484-54dc-5d1e-a3ac-65d60267a12c"",""f416cc8b-3bc2-5c4c-a91c-c56faf748684""]","[""aa270e49-c44c-4b9b-bd96-fffdaff3aa94"",""0e9deb6f-b634-41dc-b99b-fe852cf6cf06""]",,,M6-evaluator-v1,observed,oracle,"{""sentinel.txt"":{""sha256"":""cc809b73990c3ed04b989c020da6c36cfbefaff047c338817e10d2d086d9ec29"",""size"":28}}",text,UP-R6-01-S01-FILES,independent public-contract comparison,M6-ASSERTION-e8c395d2-f0fa-47ea-bf0f-79957601454b,,,,,,,,,2026-10-07T22:22:47.209205Z,,"{""sentinel.txt"":{""sha256"":""cc809b73990c3ed04b989c020da6c36cfbefaff047c338817e10d2d086d9ec29"",""size"":28},""seq-one.png"":{""sha256"":""5152b4f262397512ec8d1d6f076c509a6052674e3814a0c78fb7bf368b4d5b62"",""size"":73}}",,2d9849af-4973-4fd8-a822-d8a60e17e5f5,68badfa6-0259-460d-9f2a-e7219cc5121a,aa270e49-c44c-4b9b-bd96-fffdaff3aa94,,87b1a917-b595-4b05-a6dc-e3540b730027,,,,R6,0e9deb6f-b634-41dc-b99b-fe852cf6cf06,,,,,,,1,failed,UP-R6-01,,,,,,,1ca34094-ee4d-5962-a78a-174d361a9cd3,6bbe94d3-45b9-4203-be9d-d1c1c93b2869,evidence observations; interpretation separate
M7-analysis-v5,2d9681d9c609b4fa7b683579eeaccebb7a585916edbd34795f95dc2f16b47e4b,R6,dbb63e68d4ed9e904fa985aa5b88d674205b6caab086a8d981ac8918a9c68fb5,"[""4afc763c-033e-501c-9c9c-453207d31e62"",""1fed9611-d0cc-51e5-86e7-4ba237c836a2"",""0e4d4039-5409-5be7-a300-ded85e9c22d7"",""1c4afc6f-6679-57b7-ab6b-cec3053e85a1"",""76216ff6-0dab-5f43-913f-741c2deb7596"",""fe7c5fea-171a-5d3e-b93c-b9d53dca7c67"",""784c942d-b222-5013-a2e4-de4aa477a143"",""2f2d84f4-6f41-5df7-a828-cc0a3d9cdddf"",""c68f6332-f200-5595-940d-e5bcad78f1fe"",""54c3aba8-cb42-5023-9591-5cdd68bdd7c5"",""b9ac296e-4c6c-5cdc-9e03-14868c124af2"",""022ddff9-4332-5ba5-b884-42537f220a0c"",""0d262496-18e1-5973-84a6-84fbda64d0ff"",""447860c8-1d56-518b-88ad-7e103990b756"",""616ecfda-7163-5a8d-ba60-01f623d8b124"",""656bacfc-b102-5379-8db2-2f9f127621e0"",""88f2e658-6155-5924-bc85-63fe2aabb08a"",""9f032fb3-90ca-5749-aff5-1065077ac10e"",""4d2e4005-a84b-525b-a492-d367c5e405d0"",""12b20e20-e117-5c00-83bc-e589b92b730e"",""e97a5398-37b9-5e89-91a9-9b3ae48d9534"",""7a8f92c5-5f85-593a-bf90-08e13c60a2e6"",""aa66f5e3-ac0e-57d6-9b69-aa54ea7c4fb9"",""d07b7490-853e-562b-b662-305e89e7718d"",""596c0800-372d-5056-8a35-9f8661656bf4"",""d08816e6-d4d6-5f35-9de3-d86528fa7a96"",""2e126757-f17e-5ee2-93db-94d31ed944b2"",""5e1af4e2-330f-563f-b639-2d3cd8d276c8"",""49cd1889-2a56-5913-8723-929335f68874"",""82b898ba-3b6d-567f-8996-4f259b74547e"",""d38eb7d2-e78b-5c2f-93e4-2e34846e80e6"",""33effc64-dcfe-5ced-badf-c4df49f68dc1"",""a3a03b99-34c0-504b-b529-32b798db318a"",""8b3ec7b0-123f-5597-95f7-1fafc5810d01"",""035c5442-19b8-5a84-8a59-b352a9660279"",""d6d45010-72fa-5741-b733-88958a8795d2"",""ab8215e5-b753-5a6a-a4e7-ad9caf42eeac"",""1b20061c-b208-551a-b06c-81ffeff623fc"",""9b6d0913-2ae6-5dab-ab36-d05e1c51b208"",""a27c1fb2-edc1-57e6-9d74-adb5a13fed3b"",""4696448b-8c21-591b-80cc-7344ea0b95ec"",""c1d75a33-928c-5636-b99c-def1fb29e0f5"",""61eebfb6-2555-5bce-ba71-7a750427392a"",""aba074a1-d451-595d-bc12-e257adbe7383"",""1ca34094-ee4d-5962-a78a-174d361a9cd3"",""7edb0577-da07-5c6f-8391-bb90e9822165"",""d7c5d484-54dc-5d1e-a3ac-65d60267a12c"",""f416cc8b-3bc2-5c4c-a91c-c56faf748684""]","[""aa270e49-c44c-4b9b-bd96-fffdaff3aa94"",""2275400c-41ef-4f2c-b2ac-34d591916815""]",,,M6-evaluator-v1,observed,oracle,422,text,UP-R6-01-S03-HTTP,independent public-contract comparison,M6-ASSERTION-903b1ee5-a6e6-4558-b748-1951426aa385,,,,,,,,,2026-10-07T22:22:47.211376Z,,200,,2d9849af-4973-4fd8-a822-d8a60e17e5f5,12bed12d-8c71-475b-93fc-081825498688,aa270e49-c44c-4b9b-bd96-fffdaff3aa94,,87b1a917-b595-4b05-a6dc-e3540b730027,,,,R6,2275400c-41ef-4f2c-b2ac-34d591916815,,,,,,,1,failed,UP-R6-01,,,,,,,1ca34094-ee4d-5962-a78a-174d361a9cd3,6bbe94d3-45b9-4203-be9d-d1c1c93b2869,evidence observations; interpretation separate
M7-analysis-v5,2d9681d9c609b4fa7b683579eeaccebb7a585916edbd34795f95dc2f16b47e4b,R6,dbb63e68d4ed9e904fa985aa5b88d674205b6caab086a8d981ac8918a9c68fb5,"[""4afc763c-033e-501c-9c9c-453207d31e62"",""1fed9611-d0cc-51e5-86e7-4ba237c836a2"",""0e4d4039-5409-5be7-a300-ded85e9c22d7"",""1c4afc6f-6679-57b7-ab6b-cec3053e85a1"",""76216ff6-0dab-5f43-913f-741c2deb7596"",""fe7c5fea-171a-5d3e-b93c-b9d53dca7c67"",""784c942d-b222-5013-a2e4-de4aa477a143"",""2f2d84f4-6f41-5df7-a828-cc0a3d9cdddf"",""c68f6332-f200-5595-940d-e5bcad78f1fe"",""54c3aba8-cb42-5023-9591-5cdd68bdd7c5"",""b9ac296e-4c6c-5cdc-9e03-14868c124af2"",""022ddff9-4332-5ba5-b884-42537f220a0c"",""0d262496-18e1-5973-84a6-84fbda64d0ff"",""447860c8-1d56-518b-88ad-7e103990b756"",""616ecfda-7163-5a8d-ba60-01f623d8b124"",""656bacfc-b102-5379-8db2-2f9f127621e0"",""88f2e658-6155-5924-bc85-63fe2aabb08a"",""9f032fb3-90ca-5749-aff5-1065077ac10e"",""4d2e4005-a84b-525b-a492-d367c5e405d0"",""12b20e20-e117-5c00-83bc-e589b92b730e"",""e97a5398-37b9-5e89-91a9-9b3ae48d9534"",""7a8f92c5-5f85-593a-bf90-08e13c60a2e6"",""aa66f5e3-ac0e-57d6-9b69-aa54ea7c4fb9"",""d07b7490-853e-562b-b662-305e89e7718d"",""596c0800-372d-5056-8a35-9f8661656bf4"",""d08816e6-d4d6-5f35-9de3-d86528fa7a96"",""2e126757-f17e-5ee2-93db-94d31ed944b2"",""5e1af4e2-330f-563f-b639-2d3cd8d276c8"",""49cd1889-2a56-5913-8723-929335f68874"",""82b898ba-3b6d-567f-8996-4f259b74547e"",""d38eb7d2-e78b-5c2f-93e4-2e34846e80e6"",""33effc64-dcfe-5ced-badf-c4df49f68dc1"",""a3a03b99-34c0-504b-b529-32b798db318a"",""8b3ec7b0-123f-5597-95f7-1fafc5810d01"",""035c5442-19b8-5a84-8a59-b352a9660279"",""d6d45010-72fa-5741-b733-88958a8795d2"",""ab8215e5-b753-5a6a-a4e7-ad9caf42eeac"",""1b20061c-b208-551a-b06c-81ffeff623fc"",""9b6d0913-2ae6-5dab-ab36-d05e1c51b208"",""a27c1fb2-edc1-57e6-9d74-adb5a13fed3b"",""4696448b-8c21-591b-80cc-7344ea0b95ec"",""c1d75a33-928c-5636-b99c-def1fb29e0f5"",""61eebfb6-2555-5bce-ba71-7a750427392a"",""aba074a1-d451-595d-bc12-e257adbe7383"",""1ca34094-ee4d-5962-a78a-174d361a9cd3"",""7edb0577-da07-5c6f-8391-bb90e9822165"",""d7c5d484-54dc-5d1e-a3ac-65d60267a12c"",""f416cc8b-3bc2-5c4c-a91c-c56faf748684""]","[""aa270e49-c44c-4b9b-bd96-fffdaff3aa94"",""2275400c-41ef-4f2c-b2ac-34d591916815""]",,,M6-evaluator-v1,observed,oracle,"{""avatars"":[],""data"":{},""marker"":""INPUT_ERROR"",""region_count"":1}",text,UP-R6-01-S03-RESULT,independent public-contract comparison,M6-ASSERTION-caf515d4-e72a-48a6-b2c2-fa870176aebe,,,,,,,,,2026-10-07T22:22:47.211778Z,,"{""avatars"":[],""data"":{""path"":""study/uploads/seq-three.png""},""marker"":""SUCCESS"",""region_count"":1}",,2d9849af-4973-4fd8-a822-d8a60e17e5f5,968486d4-a9a0-48c9-969c-fa56e1455ff2,aa270e49-c44c-4b9b-bd96-fffdaff3aa94,,87b1a917-b595-4b05-a6dc-e3540b730027,,,,R6,2275400c-41ef-4f2c-b2ac-34d591916815,,,,,,,1,failed,UP-R6-01,,,,,,,1ca34094-ee4d-5962-a78a-174d361a9cd3,6bbe94d3-45b9-4203-be9d-d1c1c93b2869,evidence observations; interpretation separate
M7-analysis-v5,2d9681d9c609b4fa7b683579eeaccebb7a585916edbd34795f95dc2f16b47e4b,R6,dbb63e68d4ed9e904fa985aa5b88d674205b6caab086a8d981ac8918a9c68fb5,"[""4afc763c-033e-501c-9c9c-453207d31e62"",""1fed9611-d0cc-51e5-86e7-4ba237c836a2"",""0e4d4039-5409-5be7-a300-ded85e9c22d7"",""1c4afc6f-6679-57b7-ab6b-cec3053e85a1"",""76216ff6-0dab-5f43-913f-741c2deb7596"",""fe7c5fea-171a-5d3e-b93c-b9d53dca7c67"",""784c942d-b222-5013-a2e4-de4aa477a143"",""2f2d84f4-6f41-5df7-a828-cc0a3d9cdddf"",""c68f6332-f200-5595-940d-e5bcad78f1fe"",""54c3aba8-cb42-5023-9591-5cdd68bdd7c5"",""b9ac296e-4c6c-5cdc-9e03-14868c124af2"",""022ddff9-4332-5ba5-b884-42537f220a0c"",""0d262496-18e1-5973-84a6-84fbda64d0ff"",""447860c8-1d56-518b-88ad-7e103990b756"",""616ecfda-7163-5a8d-ba60-01f623d8b124"",""656bacfc-b102-5379-8db2-2f9f127621e0"",""88f2e658-6155-5924-bc85-63fe2aabb08a"",""9f032fb3-90ca-5749-aff5-1065077ac10e"",""4d2e4005-a84b-525b-a492-d367c5e405d0"",""12b20e20-e117-5c00-83bc-e589b92b730e"",""e97a5398-37b9-5e89-91a9-9b3ae48d9534"",""7a8f92c5-5f85-593a-bf90-08e13c60a2e6"",""aa66f5e3-ac0e-57d6-9b69-aa54ea7c4fb9"",""d07b7490-853e-562b-b662-305e89e7718d"",""596c0800-372d-5056-8a35-9f8661656bf4"",""d08816e6-d4d6-5f35-9de3-d86528fa7a96"",""2e126757-f17e-5ee2-93db-94d31ed944b2"",""5e1af4e2-330f-563f-b639-2d3cd8d276c8"",""49cd1889-2a56-5913-8723-929335f68874"",""82b898ba-3b6d-567f-8996-4f259b74547e"",""d38eb7d2-e78b-5c2f-93e4-2e34846e80e6"",""33effc64-dcfe-5ced-badf-c4df49f68dc1"",""a3a03b99-34c0-504b-b529-32b798db318a"",""8b3ec7b0-123f-5597-95f7-1fafc5810d01"",""035c5442-19b8-5a84-8a59-b352a9660279"",""d6d45010-72fa-5741-b733-88958a8795d2"",""ab8215e5-b753-5a6a-a4e7-ad9caf42eeac"",""1b20061c-b208-551a-b06c-81ffeff623fc"",""9b6d0913-2ae6-5dab-ab36-d05e1c51b208"",""a27c1fb2-edc1-57e6-9d74-adb5a13fed3b"",""4696448b-8c21-591b-80cc-7344ea0b95ec"",""c1d75a33-928c-5636-b99c-def1fb29e0f5"",""61eebfb6-2555-5bce-ba71-7a750427392a"",""aba074a1-d451-595d-bc12-e257adbe7383"",""1ca34094-ee4d-5962-a78a-174d361a9cd3"",""7edb0577-da07-5c6f-8391-bb90e9822165"",""d7c5d484-54dc-5d1e-a3ac-65d60267a12c"",""f416cc8b-3bc2-5c4c-a91c-c56faf748684""]","[""aa270e49-c44c-4b9b-bd96-fffdaff3aa94"",""2275400c-41ef-4f2c-b2ac-34d591916815""]",,,M6-evaluator-v1,observed,oracle,"{""sentinel.txt"":{""sha256"":""cc809b73990c3ed04b989c020da6c36cfbefaff047c338817e10d2d086d9ec29"",""size"":28}}",text,UP-R6-01-S03-FILES,independent public-contract comparison,M6-ASSERTION-0e5ba0a3-0fd2-4dba-b301-d05995328626,,,,,,,,,2026-10-07T22:22:47.212642Z,,"{""sentinel.txt"":{""sha256"":""cc809b73990c3ed04b989c020da6c36cfbefaff047c338817e10d2d086d9ec29"",""size"":28},""seq-one.png"":{""sha256"":""5152b4f262397512ec8d1d6f076c509a6052674e3814a0c78fb7bf368b4d5b62"",""size"":73},""seq-three.png"":{""sha256"":""31bd12297554963e960c136b22a7a6dade4b234dc5c5a370bb16671f12af98ad"",""size"":73},""seq-two.jpeg"":{""sha256"":""bfd0fb4d7039a1716a766f83be930226c9d8649aa4deeb926013cbe24dd53888"",""size"":777}}",,2d9849af-4973-4fd8-a822-d8a60e17e5f5,dc554911-ce2a-42d8-af5e-624cf9d56fa1,aa270e49-c44c-4b9b-bd96-fffdaff3aa94,,87b1a917-b595-4b05-a6dc-e3540b730027,,,,R6,2275400c-41ef-4f2c-b2ac-34d591916815,,,,,,,1,failed,UP-R6-01,,,,,,,1ca34094-ee4d-5962-a78a-174d361a9cd3,6bbe94d3-45b9-4203-be9d-d1c1c93b2869,evidence observations; interpretation separate
M7-analysis-v5,2d9681d9c609b4fa7b683579eeaccebb7a585916edbd34795f95dc2f16b47e4b,R6,dbb63e68d4ed9e904fa985aa5b88d674205b6caab086a8d981ac8918a9c68fb5,"[""4afc763c-033e-501c-9c9c-453207d31e62"",""1fed9611-d0cc-51e5-86e7-4ba237c836a2"",""0e4d4039-5409-5be7-a300-ded85e9c22d7"",""1c4afc6f-6679-57b7-ab6b-cec3053e85a1"",""76216ff6-0dab-5f43-913f-741c2deb7596"",""fe7c5fea-171a-5d3e-b93c-b9d53dca7c67"",""784c942d-b222-5013-a2e4-de4aa477a143"",""2f2d84f4-6f41-5df7-a828-cc0a3d9cdddf"",""c68f6332-f200-5595-940d-e5bcad78f1fe"",""54c3aba8-cb42-5023-9591-5cdd68bdd7c5"",""b9ac296e-4c6c-5cdc-9e03-14868c124af2"",""022ddff9-4332-5ba5-b884-42537f220a0c"",""0d262496-18e1-5973-84a6-84fbda64d0ff"",""447860c8-1d56-518b-88ad-7e103990b756"",""616ecfda-7163-5a8d-ba60-01f623d8b124"",""656bacfc-b102-5379-8db2-2f9f127621e0"",""88f2e658-6155-5924-bc85-63fe2aabb08a"",""9f032fb3-90ca-5749-aff5-1065077ac10e"",""4d2e4005-a84b-525b-a492-d367c5e405d0"",""12b20e20-e117-5c00-83bc-e589b92b730e"",""e97a5398-37b9-5e89-91a9-9b3ae48d9534"",""7a8f92c5-5f85-593a-bf90-08e13c60a2e6"",""aa66f5e3-ac0e-57d6-9b69-aa54ea7c4fb9"",""d07b7490-853e-562b-b662-305e89e7718d"",""596c0800-372d-5056-8a35-9f8661656bf4"",""d08816e6-d4d6-5f35-9de3-d86528fa7a96"",""2e126757-f17e-5ee2-93db-94d31ed944b2"",""5e1af4e2-330f-563f-b639-2d3cd8d276c8"",""49cd1889-2a56-5913-8723-929335f68874"",""82b898ba-3b6d-567f-8996-4f259b74547e"",""d38eb7d2-e78b-5c2f-93e4-2e34846e80e6"",""33effc64-dcfe-5ced-badf-c4df49f68dc1"",""a3a03b99-34c0-504b-b529-32b798db318a"",""8b3ec7b0-123f-5597-95f7-1fafc5810d01"",""035c5442-19b8-5a84-8a59-b352a9660279"",""d6d45010-72fa-5741-b733-88958a8795d2"",""ab8215e5-b753-5a6a-a4e7-ad9caf42eeac"",""1b20061c-b208-551a-b06c-81ffeff623fc"",""9b6d0913-2ae6-5dab-ab36-d05e1c51b208"",""a27c1fb2-edc1-57e6-9d74-adb5a13fed3b"",""4696448b-8c21-591b-80cc-7344ea0b95ec"",""c1d75a33-928c-5636-b99c-def1fb29e0f5"",""61eebfb6-2555-5bce-ba71-7a750427392a"",""aba074a1-d451-595d-bc12-e257adbe7383"",""1ca34094-ee4d-5962-a78a-174d361a9cd3"",""7edb0577-da07-5c6f-8391-bb90e9822165"",""d7c5d484-54dc-5d1e-a3ac-65d60267a12c"",""f416cc8b-3bc2-5c4c-a91c-c56faf748684""]","[""aa270e49-c44c-4b9b-bd96-fffdaff3aa94"",""d44c9a1f-c5cb-4434-abcd-e6c5f6373034""]",,,M6-evaluator-v1,observed,oracle,422,text,UP-R6-01-S02-HTTP,independent public-contract comparison,M6-ASSERTION-c8f660d8-69a5-4170-a0ee-bc8f191c0842,,,,,,,,,2026-10-07T22:22:47.209667Z,,200,,2d9849af-4973-4fd8-a822-d8a60e17e5f5,69cdec95-3890-48f3-a724-1ee0718264ba,aa270e49-c44c-4b9b-bd96-fffdaff3aa94,,87b1a917-b595-4b05-a6dc-e3540b730027,,,,R6,d44c9a1f-c5cb-4434-abcd-e6c5f6373034,,,,,,,1,failed,UP-R6-01,,,,,,,1ca34094-ee4d-5962-a78a-174d361a9cd3,6bbe94d3-45b9-4203-be9d-d1c1c93b2869,evidence observations; interpretation separate
M7-analysis-v5,2d9681d9c609b4fa7b683579eeaccebb7a585916edbd34795f95dc2f16b47e4b,R6,dbb63e68d4ed9e904fa985aa5b88d674205b6caab086a8d981ac8918a9c68fb5,"[""4afc763c-033e-501c-9c9c-453207d31e62"",""1fed9611-d0cc-51e5-86e7-4ba237c836a2"",""0e4d4039-5409-5be7-a300-ded85e9c22d7"",""1c4afc6f-6679-57b7-ab6b-cec3053e85a1"",""76216ff6-0dab-5f43-913f-741c2deb7596"",""fe7c5fea-171a-5d3e-b93c-b9d53dca7c67"",""784c942d-b222-5013-a2e4-de4aa477a143"",""2f2d84f4-6f41-5df7-a828-cc0a3d9cdddf"",""c68f6332-f200-5595-940d-e5bcad78f1fe"",""54c3aba8-cb42-5023-9591-5cdd68bdd7c5"",""b9ac296e-4c6c-5cdc-9e03-14868c124af2"",""022ddff9-4332-5ba5-b884-42537f220a0c"",""0d262496-18e1-5973-84a6-84fbda64d0ff"",""447860c8-1d56-518b-88ad-7e103990b756"",""616ecfda-7163-5a8d-ba60-01f623d8b124"",""656bacfc-b102-5379-8db2-2f9f127621e0"",""88f2e658-6155-5924-bc85-63fe2aabb08a"",""9f032fb3-90ca-5749-aff5-1065077ac10e"",""4d2e4005-a84b-525b-a492-d367c5e405d0"",""12b20e20-e117-5c00-83bc-e589b92b730e"",""e97a5398-37b9-5e89-91a9-9b3ae48d9534"",""7a8f92c5-5f85-593a-bf90-08e13c60a2e6"",""aa66f5e3-ac0e-57d6-9b69-aa54ea7c4fb9"",""d07b7490-853e-562b-b662-305e89e7718d"",""596c0800-372d-5056-8a35-9f8661656bf4"",""d08816e6-d4d6-5f35-9de3-d86528fa7a96"",""2e126757-f17e-5ee2-93db-94d31ed944b2"",""5e1af4e2-330f-563f-b639-2d3cd8d276c8"",""49cd1889-2a56-5913-8723-929335f68874"",""82b898ba-3b6d-567f-8996-4f259b74547e"",""d38eb7d2-e78b-5c2f-93e4-2e34846e80e6"",""33effc64-dcfe-5ced-badf-c4df49f68dc1"",""a3a03b99-34c0-504b-b529-32b798db318a"",""8b3ec7b0-123f-5597-95f7-1fafc5810d01"",""035c5442-19b8-5a84-8a59-b352a9660279"",""d6d45010-72fa-5741-b733-88958a8795d2"",""ab8215e5-b753-5a6a-a4e7-ad9caf42eeac"",""1b20061c-b208-551a-b06c-81ffeff623fc"",""9b6d0913-2ae6-5dab-ab36-d05e1c51b208"",""a27c1fb2-edc1-57e6-9d74-adb5a13fed3b"",""4696448b-8c21-591b-80cc-7344ea0b95ec"",""c1d75a33-928c-5636-b99c-def1fb29e0f5"",""61eebfb6-2555-5bce-ba71-7a750427392a"",""aba074a1-d451-595d-bc12-e257adbe7383"",""1ca34094-ee4d-5962-a78a-174d361a9cd3"",""7edb0577-da07-5c6f-8391-bb90e9822165"",""d7c5d484-54dc-5d1e-a3ac-65d60267a12c"",""f416cc8b-3bc2-5c4c-a91c-c56faf748684""]","[""aa270e49-c44c-4b9b-bd96-fffdaff3aa94"",""d44c9a1f-c5cb-4434-abcd-e6c5f6373034""]",,,M6-evaluator-v1,observed,oracle,"{""avatars"":[],""data"":{},""marker"":""INPUT_ERROR"",""region_count"":1}",text,UP-R6-01-S02-RESULT,independent public-contract comparison,M6-ASSERTION-79ce04f6-6956-4717-8d27-442d3f2d511b,,,,,,,,,2026-10-07T22:22:47.210061Z,,"{""avatars"":[],""data"":{""path"":""study/uploads/seq-two.jpeg""},""marker"":""SUCCESS"",""region_count"":1}",,2d9849af-4973-4fd8-a822-d8a60e17e5f5,96ddb526-bb1c-47bd-b6b2-9c73f4dbd9f1,aa270e49-c44c-4b9b-bd96-fffdaff3aa94,,87b1a917-b595-4b05-a6dc-e3540b730027,,,,R6,d44c9a1f-c5cb-4434-abcd-e6c5f6373034,,,,,,,1,failed,UP-R6-01,,,,,,,1ca34094-ee4d-5962-a78a-174d361a9cd3,6bbe94d3-45b9-4203-be9d-d1c1c93b2869,evidence observations; interpretation separate
M7-analysis-v5,2d9681d9c609b4fa7b683579eeaccebb7a585916edbd34795f95dc2f16b47e4b,R6,dbb63e68d4ed9e904fa985aa5b88d674205b6caab086a8d981ac8918a9c68fb5,"[""4afc763c-033e-501c-9c9c-453207d31e62"",""1fed9611-d0cc-51e5-86e7-4ba237c836a2"",""0e4d4039-5409-5be7-a300-ded85e9c22d7"",""1c4afc6f-6679-57b7-ab6b-cec3053e85a1"",""76216ff6-0dab-5f43-913f-741c2deb7596"",""fe7c5fea-171a-5d3e-b93c-b9d53dca7c67"",""784c942d-b222-5013-a2e4-de4aa477a143"",""2f2d84f4-6f41-5df7-a828-cc0a3d9cdddf"",""c68f6332-f200-5595-940d-e5bcad78f1fe"",""54c3aba8-cb42-5023-9591-5cdd68bdd7c5"",""b9ac296e-4c6c-5cdc-9e03-14868c124af2"",""022ddff9-4332-5ba5-b884-42537f220a0c"",""0d262496-18e1-5973-84a6-84fbda64d0ff"",""447860c8-1d56-518b-88ad-7e103990b756"",""616ecfda-7163-5a8d-ba60-01f623d8b124"",""656bacfc-b102-5379-8db2-2f9f127621e0"",""88f2e658-6155-5924-bc85-63fe2aabb08a"",""9f032fb3-90ca-5749-aff5-1065077ac10e"",""4d2e4005-a84b-525b-a492-d367c5e405d0"",""12b20e20-e117-5c00-83bc-e589b92b730e"",""e97a5398-37b9-5e89-91a9-9b3ae48d9534"",""7a8f92c5-5f85-593a-bf90-08e13c60a2e6"",""aa66f5e3-ac0e-57d6-9b69-aa54ea7c4fb9"",""d07b7490-853e-562b-b662-305e89e7718d"",""596c0800-372d-5056-8a35-9f8661656bf4"",""d08816e6-d4d6-5f35-9de3-d86528fa7a96"",""2e126757-f17e-5ee2-93db-94d31ed944b2"",""5e1af4e2-330f-563f-b639-2d3cd8d276c8"",""49cd1889-2a56-5913-8723-929335f68874"",""82b898ba-3b6d-567f-8996-4f259b74547e"",""d38eb7d2-e78b-5c2f-93e4-2e34846e80e6"",""33effc64-dcfe-5ced-badf-c4df49f68dc1"",""a3a03b99-34c0-504b-b529-32b798db318a"",""8b3ec7b0-123f-5597-95f7-1fafc5810d01"",""035c5442-19b8-5a84-8a59-b352a9660279"",""d6d45010-72fa-5741-b733-88958a8795d2"",""ab8215e5-b753-5a6a-a4e7-ad9caf42eeac"",""1b20061c-b208-551a-b06c-81ffeff623fc"",""9b6d0913-2ae6-5dab-ab36-d05e1c51b208"",""a27c1fb2-edc1-57e6-9d74-adb5a13fed3b"",""4696448b-8c21-591b-80cc-7344ea0b95ec"",""c1d75a33-928c-5636-b99c-def1fb29e0f5"",""61eebfb6-2555-5bce-ba71-7a750427392a"",""aba074a1-d451-595d-bc12-e257adbe7383"",""1ca34094-ee4d-5962-a78a-174d361a9cd3"",""7edb0577-da07-5c6f-8391-bb90e9822165"",""d7c5d484-54dc-5d1e-a3ac-65d60267a12c"",""f416cc8b-3bc2-5c4c-a91c-c56faf748684""]","[""aa270e49-c44c-4b9b-bd96-fffdaff3aa94"",""d44c9a1f-c5cb-4434-abcd-e6c5f6373034""]",,,M6-evaluator-v1,observed,oracle,"{""sentinel.txt"":{""sha256"":""cc809b73990c3ed04b989c020da6c36cfbefaff047c338817e10d2d086d9ec29"",""size"":28}}",text,UP-R6-01-S02-FILES,independent public-contract comparison,M6-ASSERTION-b52d949d-43d1-4c25-8de5-621b715b05f6,,,,,,,,,2026-10-07T22:22:47.210986Z,,"{""sentinel.txt"":{""sha256"":""cc809b73990c3ed04b989c020da6c36cfbefaff047c338817e10d2d086d9ec29"",""size"":28},""seq-one.png"":{""sha256"":""5152b4f262397512ec8d1d6f076c509a6052674e3814a0c78fb7bf368b4d5b62"",""size"":73},""seq-two.jpeg"":{""sha256"":""bfd0fb4d7039a1716a766f83be930226c9d8649aa4deeb926013cbe24dd53888"",""size"":777}}",,2d9849af-4973-4fd8-a822-d8a60e17e5f5,9ba10706-fd96-445b-af7d-c5655f0c9e8c,aa270e49-c44c-4b9b-bd96-fffdaff3aa94,,87b1a917-b595-4b05-a6dc-e3540b730027,,,,R6,d44c9a1f-c5cb-4434-abcd-e6c5f6373034,,,,,,,1,failed,UP-R6-01,,,,,,,1ca34094-ee4d-5962-a78a-174d361a9cd3,6bbe94d3-45b9-4203-be9d-d1c1c93b2869,evidence observations; interpretation separate
M7-analysis-v5,5e0fbfc05fae86466156411ca5406afbafd0bf52c6a8714a5a061a4369bcd6c8,R2,dbb63e68d4ed9e904fa985aa5b88d674205b6caab086a8d981ac8918a9c68fb5,"[""4afc763c-033e-501c-9c9c-453207d31e62"",""1fed9611-d0cc-51e5-86e7-4ba237c836a2"",""0e4d4039-5409-5be7-a300-ded85e9c22d7"",""1c4afc6f-6679-57b7-ab6b-cec3053e85a1"",""76216ff6-0dab-5f43-913f-741c2deb7596"",""fe7c5fea-171a-5d3e-b93c-b9d53dca7c67"",""784c942d-b222-5013-a2e4-de4aa477a143"",""2f2d84f4-6f41-5df7-a828-cc0a3d9cdddf"",""c68f6332-f200-5595-940d-e5bcad78f1fe"",""54c3aba8-cb42-5023-9591-5cdd68bdd7c5"",""b9ac296e-4c6c-5cdc-9e03-14868c124af2"",""022ddff9-4332-5ba5-b884-42537f220a0c"",""0d262496-18e1-5973-84a6-84fbda64d0ff"",""447860c8-1d56-518b-88ad-7e103990b756"",""616ecfda-7163-5a8d-ba60-01f623d8b124"",""656bacfc-b102-5379-8db2-2f9f127621e0"",""88f2e658-6155-5924-bc85-63fe2aabb08a"",""9f032fb3-90ca-5749-aff5-1065077ac10e"",""4d2e4005-a84b-525b-a492-d367c5e405d0"",""12b20e20-e117-5c00-83bc-e589b92b730e"",""e97a5398-37b9-5e89-91a9-9b3ae48d9534"",""7a8f92c5-5f85-593a-bf90-08e13c60a2e6"",""aa66f5e3-ac0e-57d6-9b69-aa54ea7c4fb9"",""d07b7490-853e-562b-b662-305e89e7718d"",""596c0800-372d-5056-8a35-9f8661656bf4"",""d08816e6-d4d6-5f35-9de3-d86528fa7a96"",""2e126757-f17e-5ee2-93db-94d31ed944b2"",""5e1af4e2-330f-563f-b639-2d3cd8d276c8"",""49cd1889-2a56-5913-8723-929335f68874"",""82b898ba-3b6d-567f-8996-4f259b74547e"",""d38eb7d2-e78b-5c2f-93e4-2e34846e80e6"",""33effc64-dcfe-5ced-badf-c4df49f68dc1"",""a3a03b99-34c0-504b-b529-32b798db318a"",""8b3ec7b0-123f-5597-95f7-1fafc5810d01"",""035c5442-19b8-5a84-8a59-b352a9660279"",""d6d45010-72fa-5741-b733-88958a8795d2"",""ab8215e5-b753-5a6a-a4e7-ad9caf42eeac"",""1b20061c-b208-551a-b06c-81ffeff623fc"",""9b6d0913-2ae6-5dab-ab36-d05e1c51b208"",""a27c1fb2-edc1-57e6-9d74-adb5a13fed3b"",""4696448b-8c21-591b-80cc-7344ea0b95ec"",""c1d75a33-928c-5636-b99c-def1fb29e0f5"",""61eebfb6-2555-5bce-ba71-7a750427392a"",""aba074a1-d451-595d-bc12-e257adbe7383"",""1ca34094-ee4d-5962-a78a-174d361a9cd3"",""7edb0577-da07-5c6f-8391-bb90e9822165"",""d7c5d484-54dc-5d1e-a3ac-65d60267a12c"",""f416cc8b-3bc2-5c4c-a91c-c56faf748684""]","[""4a36dce1-a38e-4cb4-becc-d18ca10b3e70"",""c9d1b2e2-faf7-45af-a380-a18147e1ab1e""]",,,M6-evaluator-v1,observed,oracle,422,text,UP-R2-02-S01-HTTP,independent public-contract comparison,M6-ASSERTION-ba92b801-d300-420e-b289-0e15e20e27cc,,,,,,,,,2026-10-07T03:23:04.805563Z,,200,,2d9849af-4973-4fd8-a822-d8a60e17e5f5,a70a578e-0b06-460d-ab7c-bdccc0e1e60c,4a36dce1-a38e-4cb4-becc-d18ca10b3e70,,192fa6e2-c0a0-4dce-be25-50d8e9c59468,,,,R2,c9d1b2e2-faf7-45af-a380-a18147e1ab1e,,,,,,,1,failed,UP-R2-02,,,,,,,54c3aba8-cb42-5023-9591-5cdd68bdd7c5,6852f6bd-ec09-4aa3-98a6-6aa6065e725e,evidence observations; interpretation separate
M7-analysis-v5,5e0fbfc05fae86466156411ca5406afbafd0bf52c6a8714a5a061a4369bcd6c8,R2,dbb63e68d4ed9e904fa985aa5b88d674205b6caab086a8d981ac8918a9c68fb5,"[""4afc763c-033e-501c-9c9c-453207d31e62"",""1fed9611-d0cc-51e5-86e7-4ba237c836a2"",""0e4d4039-5409-5be7-a300-ded85e9c22d7"",""1c4afc6f-6679-57b7-ab6b-cec3053e85a1"",""76216ff6-0dab-5f43-913f-741c2deb7596"",""fe7c5fea-171a-5d3e-b93c-b9d53dca7c67"",""784c942d-b222-5013-a2e4-de4aa477a143"",""2f2d84f4-6f41-5df7-a828-cc0a3d9cdddf"",""c68f6332-f200-5595-940d-e5bcad78f1fe"",""54c3aba8-cb42-5023-9591-5cdd68bdd7c5"",""b9ac296e-4c6c-5cdc-9e03-14868c124af2"",""022ddff9-4332-5ba5-b884-42537f220a0c"",""0d262496-18e1-5973-84a6-84fbda64d0ff"",""447860c8-1d56-518b-88ad-7e103990b756"",""616ecfda-7163-5a8d-ba60-01f623d8b124"",""656bacfc-b102-5379-8db2-2f9f127621e0"",""88f2e658-6155-5924-bc85-63fe2aabb08a"",""9f032fb3-90ca-5749-aff5-1065077ac10e"",""4d2e4005-a84b-525b-a492-d367c5e405d0"",""12b20e20-e117-5c00-83bc-e589b92b730e"",""e97a5398-37b9-5e89-91a9-9b3ae48d9534"",""7a8f92c5-5f85-593a-bf90-08e13c60a2e6"",""aa66f5e3-ac0e-57d6-9b69-aa54ea7c4fb9"",""d07b7490-853e-562b-b662-305e89e7718d"",""596c0800-372d-5056-8a35-9f8661656bf4"",""d08816e6-d4d6-5f35-9de3-d86528fa7a96"",""2e126757-f17e-5ee2-93db-94d31ed944b2"",""5e1af4e2-330f-563f-b639-2d3cd8d276c8"",""49cd1889-2a56-5913-8723-929335f68874"",""82b898ba-3b6d-567f-8996-4f259b74547e"",""d38eb7d2-e78b-5c2f-93e4-2e34846e80e6"",""33effc64-dcfe-5ced-badf-c4df49f68dc1"",""a3a03b99-34c0-504b-b529-32b798db318a"",""8b3ec7b0-123f-5597-95f7-1fafc5810d01"",""035c5442-19b8-5a84-8a59-b352a9660279"",""d6d45010-72fa-5741-b733-88958a8795d2"",""ab8215e5-b753-5a6a-a4e7-ad9caf42eeac"",""1b20061c-b208-551a-b06c-81ffeff623fc"",""9b6d0913-2ae6-5dab-ab36-d05e1c51b208"",""a27c1fb2-edc1-57e6-9d74-adb5a13fed3b"",""4696448b-8c21-591b-80cc-7344ea0b95ec"",""c1d75a33-928c-5636-b99c-def1fb29e0f5"",""61eebfb6-2555-5bce-ba71-7a750427392a"",""aba074a1-d451-595d-bc12-e257adbe7383"",""1ca34094-ee4d-5962-a78a-174d361a9cd3"",""7edb0577-da07-5c6f-8391-bb90e9822165"",""d7c5d484-54dc-5d1e-a3ac-65d60267a12c"",""f416cc8b-3bc2-5c4c-a91c-c56faf748684""]","[""4a36dce1-a38e-4cb4-becc-d18ca10b3e70"",""c9d1b2e2-faf7-45af-a380-a18147e1ab1e""]",,,M6-evaluator-v1,observed,oracle,"{""avatars"":[],""data"":{},""marker"":""INPUT_ERROR"",""region_count"":1}",text,UP-R2-02-S01-RESULT,independent public-contract comparison,M6-ASSERTION-59cfab83-42ee-4812-8e1d-7904e470e4c7,,,,,,,,,2026-10-07T03:23:04.805945Z,,"{""avatars"":[],""data"":{""path"":""study/uploads/blue.jpg""},""marker"":""SUCCESS"",""region_count"":1}",,2d9849af-4973-4fd8-a822-d8a60e17e5f5,36fab95d-f13a-46c5-8a94-bcc5c979afaf,4a36dce1-a38e-4cb4-becc-d18ca10b3e70,,192fa6e2-c0a0-4dce-be25-50d8e9c59468,,,,R2,c9d1b2e2-faf7-45af-a380-a18147e1ab1e,,,,,,,1,failed,UP-R2-02,,,,,,,54c3aba8-cb42-5023-9591-5cdd68bdd7c5,6852f6bd-ec09-4aa3-98a6-6aa6065e725e,evidence observations; interpretation separate
M7-analysis-v5,5e0fbfc05fae86466156411ca5406afbafd0bf52c6a8714a5a061a4369bcd6c8,R2,dbb63e68d4ed9e904fa985aa5b88d674205b6caab086a8d981ac8918a9c68fb5,"[""4afc763c-033e-501c-9c9c-453207d31e62"",""1fed9611-d0cc-51e5-86e7-4ba237c836a2"",""0e4d4039-5409-5be7-a300-ded85e9c22d7"",""1c4afc6f-6679-57b7-ab6b-cec3053e85a1"",""76216ff6-0dab-5f43-913f-741c2deb7596"",""fe7c5fea-171a-5d3e-b93c-b9d53dca7c67"",""784c942d-b222-5013-a2e4-de4aa477a143"",""2f2d84f4-6f41-5df7-a828-cc0a3d9cdddf"",""c68f6332-f200-5595-940d-e5bcad78f1fe"",""54c3aba8-cb42-5023-9591-5cdd68bdd7c5"",""b9ac296e-4c6c-5cdc-9e03-14868c124af2"",""022ddff9-4332-5ba5-b884-42537f220a0c"",""0d262496-18e1-5973-84a6-84fbda64d0ff"",""447860c8-1d56-518b-88ad-7e103990b756"",""616ecfda-7163-5a8d-ba60-01f623d8b124"",""656bacfc-b102-5379-8db2-2f9f127621e0"",""88f2e658-6155-5924-bc85-63fe2aabb08a"",""9f032fb3-90ca-5749-aff5-1065077ac10e"",""4d2e4005-a84b-525b-a492-d367c5e405d0"",""12b20e20-e117-5c00-83bc-e589b92b730e"",""e97a5398-37b9-5e89-91a9-9b3ae48d9534"",""7a8f92c5-5f85-593a-bf90-08e13c60a2e6"",""aa66f5e3-ac0e-57d6-9b69-aa54ea7c4fb9"",""d07b7490-853e-562b-b662-305e89e7718d"",""596c0800-372d-5056-8a35-9f8661656bf4"",""d08816e6-d4d6-5f35-9de3-d86528fa7a96"",""2e126757-f17e-5ee2-93db-94d31ed944b2"",""5e1af4e2-330f-563f-b639-2d3cd8d276c8"",""49cd1889-2a56-5913-8723-929335f68874"",""82b898ba-3b6d-567f-8996-4f259b74547e"",""d38eb7d2-e78b-5c2f-93e4-2e34846e80e6"",""33effc64-dcfe-5ced-badf-c4df49f68dc1"",""a3a03b99-34c0-504b-b529-32b798db318a"",""8b3ec7b0-123f-5597-95f7-1fafc5810d01"",""035c5442-19b8-5a84-8a59-b352a9660279"",""d6d45010-72fa-5741-b733-88958a8795d2"",""ab8215e5-b753-5a6a-a4e7-ad9caf42eeac"",""1b20061c-b208-551a-b06c-81ffeff623fc"",""9b6d0913-2ae6-5dab-ab36-d05e1c51b208"",""a27c1fb2-edc1-57e6-9d74-adb5a13fed3b"",""4696448b-8c21-591b-80cc-7344ea0b95ec"",""c1d75a33-928c-5636-b99c-def1fb29e0f5"",""61eebfb6-2555-5bce-ba71-7a750427392a"",""aba074a1-d451-595d-bc12-e257adbe7383"",""1ca34094-ee4d-5962-a78a-174d361a9cd3"",""7edb0577-da07-5c6f-8391-bb90e9822165"",""d7c5d484-54dc-5d1e-a3ac-65d60267a12c"",""f416cc8b-3bc2-5c4c-a91c-c56faf748684""]","[""4a36dce1-a38e-4cb4-becc-d18ca10b3e70"",""c9d1b2e2-faf7-45af-a380-a18147e1ab1e""]",,,M6-evaluator-v1,observed,oracle,"{""sentinel.txt"":{""sha256"":""cc809b73990c3ed04b989c020da6c36cfbefaff047c338817e10d2d086d9ec29"",""size"":28}}",text,UP-R2-02-S01-FILES,independent public-contract comparison,M6-ASSERTION-a0850717-cb2c-4209-8175-9995567b0aa8,,,,,,,,,2026-10-07T03:23:04.807212Z,,"{""blue.jpg"":{""sha256"":""bfd0fb4d7039a1716a766f83be930226c9d8649aa4deeb926013cbe24dd53888"",""size"":777},""sentinel.txt"":{""sha256"":""cc809b73990c3ed04b989c020da6c36cfbefaff047c338817e10d2d086d9ec29"",""size"":28}}",,2d9849af-4973-4fd8-a822-d8a60e17e5f5,9768f6ba-a537-427d-b0ee-baf168ceef71,4a36dce1-a38e-4cb4-becc-d18ca10b3e70,,192fa6e2-c0a0-4dce-be25-50d8e9c59468,,,,R2,c9d1b2e2-faf7-45af-a380-a18147e1ab1e,,,,,,,1,failed,UP-R2-02,,,,,,,54c3aba8-cb42-5023-9591-5cdd68bdd7c5,6852f6bd-ec09-4aa3-98a6-6aa6065e725e,evidence observations; interpretation separate
M7-analysis-v5,5e0fbfc05fae86466156411ca5406afbafd0bf52c6a8714a5a061a4369bcd6c8,R2,dbb63e68d4ed9e904fa985aa5b88d674205b6caab086a8d981ac8918a9c68fb5,"[""4afc763c-033e-501c-9c9c-453207d31e62"",""1fed9611-d0cc-51e5-86e7-4ba237c836a2"",""0e4d4039-5409-5be7-a300-ded85e9c22d7"",""1c4afc6f-6679-57b7-ab6b-cec3053e85a1"",""76216ff6-0dab-5f43-913f-741c2deb7596"",""fe7c5fea-171a-5d3e-b93c-b9d53dca7c67"",""784c942d-b222-5013-a2e4-de4aa477a143"",""2f2d84f4-6f41-5df7-a828-cc0a3d9cdddf"",""c68f6332-f200-5595-940d-e5bcad78f1fe"",""54c3aba8-cb42-5023-9591-5cdd68bdd7c5"",""b9ac296e-4c6c-5cdc-9e03-14868c124af2"",""022ddff9-4332-5ba5-b884-42537f220a0c"",""0d262496-18e1-5973-84a6-84fbda64d0ff"",""447860c8-1d56-518b-88ad-7e103990b756"",""616ecfda-7163-5a8d-ba60-01f623d8b124"",""656bacfc-b102-5379-8db2-2f9f127621e0"",""88f2e658-6155-5924-bc85-63fe2aabb08a"",""9f032fb3-90ca-5749-aff5-1065077ac10e"",""4d2e4005-a84b-525b-a492-d367c5e405d0"",""12b20e20-e117-5c00-83bc-e589b92b730e"",""e97a5398-37b9-5e89-91a9-9b3ae48d9534"",""7a8f92c5-5f85-593a-bf90-08e13c60a2e6"",""aa66f5e3-ac0e-57d6-9b69-aa54ea7c4fb9"",""d07b7490-853e-562b-b662-305e89e7718d"",""596c0800-372d-5056-8a35-9f8661656bf4"",""d08816e6-d4d6-5f35-9de3-d86528fa7a96"",""2e126757-f17e-5ee2-93db-94d31ed944b2"",""5e1af4e2-330f-563f-b639-2d3cd8d276c8"",""49cd1889-2a56-5913-8723-929335f68874"",""82b898ba-3b6d-567f-8996-4f259b74547e"",""d38eb7d2-e78b-5c2f-93e4-2e34846e80e6"",""33effc64-dcfe-5ced-badf-c4df49f68dc1"",""a3a03b99-34c0-504b-b529-32b798db318a"",""8b3ec7b0-123f-5597-95f7-1fafc5810d01"",""035c5442-19b8-5a84-8a59-b352a9660279"",""d6d45010-72fa-5741-b733-88958a8795d2"",""ab8215e5-b753-5a6a-a4e7-ad9caf42eeac"",""1b20061c-b208-551a-b06c-81ffeff623fc"",""9b6d0913-2ae6-5dab-ab36-d05e1c51b208"",""a27c1fb2-edc1-57e6-9d74-adb5a13fed3b"",""4696448b-8c21-591b-80cc-7344ea0b95ec"",""c1d75a33-928c-5636-b99c-def1fb29e0f5"",""61eebfb6-2555-5bce-ba71-7a750427392a"",""aba074a1-d451-595d-bc12-e257adbe7383"",""1ca34094-ee4d-5962-a78a-174d361a9cd3"",""7edb0577-da07-5c6f-8391-bb90e9822165"",""d7c5d484-54dc-5d1e-a3ac-65d60267a12c"",""f416cc8b-3bc2-5c4c-a91c-c56faf748684""]","[""de3198a6-0ccc-4f51-94f0-292c9a77bbce"",""c4272ea5-08c8-4595-9bd3-6ea7d8147358""]",,,M6-evaluator-v1,observed,oracle,422,text,UP-R2-01-S01-HTTP,independent public-contract comparison,M6-ASSERTION-29955880-59a9-49d2-be58-dcaee3592ff0,,,,,,,,,2026-10-07T03:23:04.803810Z,,200,,2d9849af-4973-4fd8-a822-d8a60e17e5f5,d1d9c9ca-c193-4e95-a290-e5a0c29d0762,de3198a6-0ccc-4f51-94f0-292c9a77bbce,,192fa6e2-c0a0-4dce-be25-50d8e9c59468,,,,R2,c4272ea5-08c8-4595-9bd3-6ea7d8147358,,,,,,,1,failed,UP-R2-01,,,,,,,54c3aba8-cb42-5023-9591-5cdd68bdd7c5,6852f6bd-ec09-4aa3-98a6-6aa6065e725e,evidence observations; interpretation separate
M7-analysis-v5,5e0fbfc05fae86466156411ca5406afbafd0bf52c6a8714a5a061a4369bcd6c8,R2,dbb63e68d4ed9e904fa985aa5b88d674205b6caab086a8d981ac8918a9c68fb5,"[""4afc763c-033e-501c-9c9c-453207d31e62"",""1fed9611-d0cc-51e5-86e7-4ba237c836a2"",""0e4d4039-5409-5be7-a300-ded85e9c22d7"",""1c4afc6f-6679-57b7-ab6b-cec3053e85a1"",""76216ff6-0dab-5f43-913f-741c2deb7596"",""fe7c5fea-171a-5d3e-b93c-b9d53dca7c67"",""784c942d-b222-5013-a2e4-de4aa477a143"",""2f2d84f4-6f41-5df7-a828-cc0a3d9cdddf"",""c68f6332-f200-5595-940d-e5bcad78f1fe"",""54c3aba8-cb42-5023-9591-5cdd68bdd7c5"",""b9ac296e-4c6c-5cdc-9e03-14868c124af2"",""022ddff9-4332-5ba5-b884-42537f220a0c"",""0d262496-18e1-5973-84a6-84fbda64d0ff"",""447860c8-1d56-518b-88ad-7e103990b756"",""616ecfda-7163-5a8d-ba60-01f623d8b124"",""656bacfc-b102-5379-8db2-2f9f127621e0"",""88f2e658-6155-5924-bc85-63fe2aabb08a"",""9f032fb3-90ca-5749-aff5-1065077ac10e"",""4d2e4005-a84b-525b-a492-d367c5e405d0"",""12b20e20-e117-5c00-83bc-e589b92b730e"",""e97a5398-37b9-5e89-91a9-9b3ae48d9534"",""7a8f92c5-5f85-593a-bf90-08e13c60a2e6"",""aa66f5e3-ac0e-57d6-9b69-aa54ea7c4fb9"",""d07b7490-853e-562b-b662-305e89e7718d"",""596c0800-372d-5056-8a35-9f8661656bf4"",""d08816e6-d4d6-5f35-9de3-d86528fa7a96"",""2e126757-f17e-5ee2-93db-94d31ed944b2"",""5e1af4e2-330f-563f-b639-2d3cd8d276c8"",""49cd1889-2a56-5913-8723-929335f68874"",""82b898ba-3b6d-567f-8996-4f259b74547e"",""d38eb7d2-e78b-5c2f-93e4-2e34846e80e6"",""33effc64-dcfe-5ced-badf-c4df49f68dc1"",""a3a03b99-34c0-504b-b529-32b798db318a"",""8b3ec7b0-123f-5597-95f7-1fafc5810d01"",""035c5442-19b8-5a84-8a59-b352a9660279"",""d6d45010-72fa-5741-b733-88958a8795d2"",""ab8215e5-b753-5a6a-a4e7-ad9caf42eeac"",""1b20061c-b208-551a-b06c-81ffeff623fc"",""9b6d0913-2ae6-5dab-ab36-d05e1c51b208"",""a27c1fb2-edc1-57e6-9d74-adb5a13fed3b"",""4696448b-8c21-591b-80cc-7344ea0b95ec"",""c1d75a33-928c-5636-b99c-def1fb29e0f5"",""61eebfb6-2555-5bce-ba71-7a750427392a"",""aba074a1-d451-595d-bc12-e257adbe7383"",""1ca34094-ee4d-5962-a78a-174d361a9cd3"",""7edb0577-da07-5c6f-8391-bb90e9822165"",""d7c5d484-54dc-5d1e-a3ac-65d60267a12c"",""f416cc8b-3bc2-5c4c-a91c-c56faf748684""]","[""de3198a6-0ccc-4f51-94f0-292c9a77bbce"",""c4272ea5-08c8-4595-9bd3-6ea7d8147358""]",,,M6-evaluator-v1,observed,oracle,"{""avatars"":[],""data"":{},""marker"":""INPUT_ERROR"",""region_count"":1}",text,UP-R2-01-S01-RESULT,independent public-contract comparison,M6-ASSERTION-3e3f3a86-e0d3-4cfa-b4ef-d70c16e97c6a,,,,,,,,,2026-10-07T03:23:04.804227Z,,"{""avatars"":[],""data"":{""path"":""study/uploads/amber.png""},""marker"":""SUCCESS"",""region_count"":1}",,2d9849af-4973-4fd8-a822-d8a60e17e5f5,8c13c28c-efc6-4577-9190-f19b7a06ba32,de3198a6-0ccc-4f51-94f0-292c9a77bbce,,192fa6e2-c0a0-4dce-be25-50d8e9c59468,,,,R2,c4272ea5-08c8-4595-9bd3-6ea7d8147358,,,,,,,1,failed,UP-R2-01,,,,,,,54c3aba8-cb42-5023-9591-5cdd68bdd7c5,6852f6bd-ec09-4aa3-98a6-6aa6065e725e,evidence observations; interpretation separate
M7-analysis-v5,5e0fbfc05fae86466156411ca5406afbafd0bf52c6a8714a5a061a4369bcd6c8,R2,dbb63e68d4ed9e904fa985aa5b88d674205b6caab086a8d981ac8918a9c68fb5,"[""4afc763c-033e-501c-9c9c-453207d31e62"",""1fed9611-d0cc-51e5-86e7-4ba237c836a2"",""0e4d4039-5409-5be7-a300-ded85e9c22d7"",""1c4afc6f-6679-57b7-ab6b-cec3053e85a1"",""76216ff6-0dab-5f43-913f-741c2deb7596"",""fe7c5fea-171a-5d3e-b93c-b9d53dca7c67"",""784c942d-b222-5013-a2e4-de4aa477a143"",""2f2d84f4-6f41-5df7-a828-cc0a3d9cdddf"",""c68f6332-f200-5595-940d-e5bcad78f1fe"",""54c3aba8-cb42-5023-9591-5cdd68bdd7c5"",""b9ac296e-4c6c-5cdc-9e03-14868c124af2"",""022ddff9-4332-5ba5-b884-42537f220a0c"",""0d262496-18e1-5973-84a6-84fbda64d0ff"",""447860c8-1d56-518b-88ad-7e103990b756"",""616ecfda-7163-5a8d-ba60-01f623d8b124"",""656bacfc-b102-5379-8db2-2f9f127621e0"",""88f2e658-6155-5924-bc85-63fe2aabb08a"",""9f032fb3-90ca-5749-aff5-1065077ac10e"",""4d2e4005-a84b-525b-a492-d367c5e405d0"",""12b20e20-e117-5c00-83bc-e589b92b730e"",""e97a5398-37b9-5e89-91a9-9b3ae48d9534"",""7a8f92c5-5f85-593a-bf90-08e13c60a2e6"",""aa66f5e3-ac0e-57d6-9b69-aa54ea7c4fb9"",""d07b7490-853e-562b-b662-305e89e7718d"",""596c0800-372d-5056-8a35-9f8661656bf4"",""d08816e6-d4d6-5f35-9de3-d86528fa7a96"",""2e126757-f17e-5ee2-93db-94d31ed944b2"",""5e1af4e2-330f-563f-b639-2d3cd8d276c8"",""49cd1889-2a56-5913-8723-929335f68874"",""82b898ba-3b6d-567f-8996-4f259b74547e"",""d38eb7d2-e78b-5c2f-93e4-2e34846e80e6"",""33effc64-dcfe-5ced-badf-c4df49f68dc1"",""a3a03b99-34c0-504b-b529-32b798db318a"",""8b3ec7b0-123f-5597-95f7-1fafc5810d01"",""035c5442-19b8-5a84-8a59-b352a9660279"",""d6d45010-72fa-5741-b733-88958a8795d2"",""ab8215e5-b753-5a6a-a4e7-ad9caf42eeac"",""1b20061c-b208-551a-b06c-81ffeff623fc"",""9b6d0913-2ae6-5dab-ab36-d05e1c51b208"",""a27c1fb2-edc1-57e6-9d74-adb5a13fed3b"",""4696448b-8c21-591b-80cc-7344ea0b95ec"",""c1d75a33-928c-5636-b99c-def1fb29e0f5"",""61eebfb6-2555-5bce-ba71-7a750427392a"",""aba074a1-d451-595d-bc12-e257adbe7383"",""1ca34094-ee4d-5962-a78a-174d361a9cd3"",""7edb0577-da07-5c6f-8391-bb90e9822165"",""d7c5d484-54dc-5d1e-a3ac-65d60267a12c"",""f416cc8b-3bc2-5c4c-a91c-c56faf748684""]","[""de3198a6-0ccc-4f51-94f0-292c9a77bbce"",""c4272ea5-08c8-4595-9bd3-6ea7d8147358""]",,,M6-evaluator-v1,observed,oracle,"{""sentinel.txt"":{""sha256"":""cc809b73990c3ed04b989c020da6c36cfbefaff047c338817e10d2d086d9ec29"",""size"":28}}",text,UP-R2-01-S01-FILES,independent public-contract comparison,M6-ASSERTION-835d390d-75c5-4308-9bed-a8aa7368a838,,,,,,,,,2026-10-07T03:23:04.805056Z,,"{""amber.png"":{""sha256"":""5152b4f262397512ec8d1d6f076c509a6052674e3814a0c78fb7bf368b4d5b62"",""size"":73},""sentinel.txt"":{""sha256"":""cc809b73990c3ed04b989c020da6c36cfbefaff047c338817e10d2d086d9ec29"",""size"":28}}",,2d9849af-4973-4fd8-a822-d8a60e17e5f5,b95c209b-71c2-4adf-bb3c-8e5b6ccd4ded,de3198a6-0ccc-4f51-94f0-292c9a77bbce,,192fa6e2-c0a0-4dce-be25-50d8e9c59468,,,,R2,c4272ea5-08c8-4595-9bd3-6ea7d8147358,,,,,,,1,failed,UP-R2-01,,,,,,,54c3aba8-cb42-5023-9591-5cdd68bdd7c5,6852f6bd-ec09-4aa3-98a6-6aa6065e725e,evidence observations; interpretation separate
M7-analysis-v5,5e0fbfc05fae86466156411ca5406afbafd0bf52c6a8714a5a061a4369bcd6c8,R3,dbb63e68d4ed9e904fa985aa5b88d674205b6caab086a8d981ac8918a9c68fb5,"[""4afc763c-033e-501c-9c9c-453207d31e62"",""1fed9611-d0cc-51e5-86e7-4ba237c836a2"",""0e4d4039-5409-5be7-a300-ded85e9c22d7"",""1c4afc6f-6679-57b7-ab6b-cec3053e85a1"",""76216ff6-0dab-5f43-913f-741c2deb7596"",""fe7c5fea-171a-5d3e-b93c-b9d53dca7c67"",""784c942d-b222-5013-a2e4-de4aa477a143"",""2f2d84f4-6f41-5df7-a828-cc0a3d9cdddf"",""c68f6332-f200-5595-940d-e5bcad78f1fe"",""54c3aba8-cb42-5023-9591-5cdd68bdd7c5"",""b9ac296e-4c6c-5cdc-9e03-14868c124af2"",""022ddff9-4332-5ba5-b884-42537f220a0c"",""0d262496-18e1-5973-84a6-84fbda64d0ff"",""447860c8-1d56-518b-88ad-7e103990b756"",""616ecfda-7163-5a8d-ba60-01f623d8b124"",""656bacfc-b102-5379-8db2-2f9f127621e0"",""88f2e658-6155-5924-bc85-63fe2aabb08a"",""9f032fb3-90ca-5749-aff5-1065077ac10e"",""4d2e4005-a84b-525b-a492-d367c5e405d0"",""12b20e20-e117-5c00-83bc-e589b92b730e"",""e97a5398-37b9-5e89-91a9-9b3ae48d9534"",""7a8f92c5-5f85-593a-bf90-08e13c60a2e6"",""aa66f5e3-ac0e-57d6-9b69-aa54ea7c4fb9"",""d07b7490-853e-562b-b662-305e89e7718d"",""596c0800-372d-5056-8a35-9f8661656bf4"",""d08816e6-d4d6-5f35-9de3-d86528fa7a96"",""2e126757-f17e-5ee2-93db-94d31ed944b2"",""5e1af4e2-330f-563f-b639-2d3cd8d276c8"",""49cd1889-2a56-5913-8723-929335f68874"",""82b898ba-3b6d-567f-8996-4f259b74547e"",""d38eb7d2-e78b-5c2f-93e4-2e34846e80e6"",""33effc64-dcfe-5ced-badf-c4df49f68dc1"",""a3a03b99-34c0-504b-b529-32b798db318a"",""8b3ec7b0-123f-5597-95f7-1fafc5810d01"",""035c5442-19b8-5a84-8a59-b352a9660279"",""d6d45010-72fa-5741-b733-88958a8795d2"",""ab8215e5-b753-5a6a-a4e7-ad9caf42eeac"",""1b20061c-b208-551a-b06c-81ffeff623fc"",""9b6d0913-2ae6-5dab-ab36-d05e1c51b208"",""a27c1fb2-edc1-57e6-9d74-adb5a13fed3b"",""4696448b-8c21-591b-80cc-7344ea0b95ec"",""c1d75a33-928c-5636-b99c-def1fb29e0f5"",""61eebfb6-2555-5bce-ba71-7a750427392a"",""aba074a1-d451-595d-bc12-e257adbe7383"",""1ca34094-ee4d-5962-a78a-174d361a9cd3"",""7edb0577-da07-5c6f-8391-bb90e9822165"",""d7c5d484-54dc-5d1e-a3ac-65d60267a12c"",""f416cc8b-3bc2-5c4c-a91c-c56faf748684""]","[""59e43d33-3f1d-44e0-b01e-ac505b3e95b5"",""626ee285-e127-43e2-b9eb-4111601ab58e""]",,,M6-evaluator-v1,observed,oracle,422,text,UP-R3-01-S01-HTTP,independent public-contract comparison,M6-ASSERTION-7d5c966f-e742-4a82-9aeb-41a83a93359a,,,,,,,,,2026-10-07T03:23:04.807585Z,,500,,2d9849af-4973-4fd8-a822-d8a60e17e5f5,7bd66fa0-1b1b-4972-9041-a808defd84bb,59e43d33-3f1d-44e0-b01e-ac505b3e95b5,,192fa6e2-c0a0-4dce-be25-50d8e9c59468,,,,R3,626ee285-e127-43e2-b9eb-4111601ab58e,,,,,,,1,failed,UP-R3-01,,,,,,,54c3aba8-cb42-5023-9591-5cdd68bdd7c5,6852f6bd-ec09-4aa3-98a6-6aa6065e725e,evidence observations; interpretation separate
M7-analysis-v5,5e0fbfc05fae86466156411ca5406afbafd0bf52c6a8714a5a061a4369bcd6c8,R3,dbb63e68d4ed9e904fa985aa5b88d674205b6caab086a8d981ac8918a9c68fb5,"[""4afc763c-033e-501c-9c9c-453207d31e62"",""1fed9611-d0cc-51e5-86e7-4ba237c836a2"",""0e4d4039-5409-5be7-a300-ded85e9c22d7"",""1c4afc6f-6679-57b7-ab6b-cec3053e85a1"",""76216ff6-0dab-5f43-913f-741c2deb7596"",""fe7c5fea-171a-5d3e-b93c-b9d53dca7c67"",""784c942d-b222-5013-a2e4-de4aa477a143"",""2f2d84f4-6f41-5df7-a828-cc0a3d9cdddf"",""c68f6332-f200-5595-940d-e5bcad78f1fe"",""54c3aba8-cb42-5023-9591-5cdd68bdd7c5"",""b9ac296e-4c6c-5cdc-9e03-14868c124af2"",""022ddff9-4332-5ba5-b884-42537f220a0c"",""0d262496-18e1-5973-84a6-84fbda64d0ff"",""447860c8-1d56-518b-88ad-7e103990b756"",""616ecfda-7163-5a8d-ba60-01f623d8b124"",""656bacfc-b102-5379-8db2-2f9f127621e0"",""88f2e658-6155-5924-bc85-63fe2aabb08a"",""9f032fb3-90ca-5749-aff5-1065077ac10e"",""4d2e4005-a84b-525b-a492-d367c5e405d0"",""12b20e20-e117-5c00-83bc-e589b92b730e"",""e97a5398-37b9-5e89-91a9-9b3ae48d9534"",""7a8f92c5-5f85-593a-bf90-08e13c60a2e6"",""aa66f5e3-ac0e-57d6-9b69-aa54ea7c4fb9"",""d07b7490-853e-562b-b662-305e89e7718d"",""596c0800-372d-5056-8a35-9f8661656bf4"",""d08816e6-d4d6-5f35-9de3-d86528fa7a96"",""2e126757-f17e-5ee2-93db-94d31ed944b2"",""5e1af4e2-330f-563f-b639-2d3cd8d276c8"",""49cd1889-2a56-5913-8723-929335f68874"",""82b898ba-3b6d-567f-8996-4f259b74547e"",""d38eb7d2-e78b-5c2f-93e4-2e34846e80e6"",""33effc64-dcfe-5ced-badf-c4df49f68dc1"",""a3a03b99-34c0-504b-b529-32b798db318a"",""8b3ec7b0-123f-5597-95f7-1fafc5810d01"",""035c5442-19b8-5a84-8a59-b352a9660279"",""d6d45010-72fa-5741-b733-88958a8795d2"",""ab8215e5-b753-5a6a-a4e7-ad9caf42eeac"",""1b20061c-b208-551a-b06c-81ffeff623fc"",""9b6d0913-2ae6-5dab-ab36-d05e1c51b208"",""a27c1fb2-edc1-57e6-9d74-adb5a13fed3b"",""4696448b-8c21-591b-80cc-7344ea0b95ec"",""c1d75a33-928c-5636-b99c-def1fb29e0f5"",""61eebfb6-2555-5bce-ba71-7a750427392a"",""aba074a1-d451-595d-bc12-e257adbe7383"",""1ca34094-ee4d-5962-a78a-174d361a9cd3"",""7edb0577-da07-5c6f-8391-bb90e9822165"",""d7c5d484-54dc-5d1e-a3ac-65d60267a12c"",""f416cc8b-3bc2-5c4c-a91c-c56faf748684""]","[""59e43d33-3f1d-44e0-b01e-ac505b3e95b5"",""626ee285-e127-43e2-b9eb-4111601ab58e""]",,,M6-evaluator-v1,observed,oracle,"{""avatars"":[],""data"":{},""marker"":""INPUT_ERROR"",""region_count"":1}",text,UP-R3-01-S01-RESULT,independent public-contract comparison,M6-ASSERTION-6f184dcb-ba13-4d7e-a9f8-14c159ada684,,,,,,,,,2026-10-07T03:23:04.807954Z,,"{""avatars"":[],""data"":{},""marker"":""UPLOAD_ERROR"",""region_count"":1}",,2d9849af-4973-4fd8-a822-d8a60e17e5f5,e2844e14-3314-4793-9806-7cc930f23fe1,59e43d33-3f1d-44e0-b01e-ac505b3e95b5,,192fa6e2-c0a0-4dce-be25-50d8e9c59468,,,,R3,626ee285-e127-43e2-b9eb-4111601ab58e,,,,,,,1,failed,UP-R3-01,,,,,,,54c3aba8-cb42-5023-9591-5cdd68bdd7c5,6852f6bd-ec09-4aa3-98a6-6aa6065e725e,evidence observations; interpretation separate
M7-analysis-v5,5e0fbfc05fae86466156411ca5406afbafd0bf52c6a8714a5a061a4369bcd6c8,R5,dbb63e68d4ed9e904fa985aa5b88d674205b6caab086a8d981ac8918a9c68fb5,"[""4afc763c-033e-501c-9c9c-453207d31e62"",""1fed9611-d0cc-51e5-86e7-4ba237c836a2"",""0e4d4039-5409-5be7-a300-ded85e9c22d7"",""1c4afc6f-6679-57b7-ab6b-cec3053e85a1"",""76216ff6-0dab-5f43-913f-741c2deb7596"",""fe7c5fea-171a-5d3e-b93c-b9d53dca7c67"",""784c942d-b222-5013-a2e4-de4aa477a143"",""2f2d84f4-6f41-5df7-a828-cc0a3d9cdddf"",""c68f6332-f200-5595-940d-e5bcad78f1fe"",""54c3aba8-cb42-5023-9591-5cdd68bdd7c5"",""b9ac296e-4c6c-5cdc-9e03-14868c124af2"",""022ddff9-4332-5ba5-b884-42537f220a0c"",""0d262496-18e1-5973-84a6-84fbda64d0ff"",""447860c8-1d56-518b-88ad-7e103990b756"",""616ecfda-7163-5a8d-ba60-01f623d8b124"",""656bacfc-b102-5379-8db2-2f9f127621e0"",""88f2e658-6155-5924-bc85-63fe2aabb08a"",""9f032fb3-90ca-5749-aff5-1065077ac10e"",""4d2e4005-a84b-525b-a492-d367c5e405d0"",""12b20e20-e117-5c00-83bc-e589b92b730e"",""e97a5398-37b9-5e89-91a9-9b3ae48d9534"",""7a8f92c5-5f85-593a-bf90-08e13c60a2e6"",""aa66f5e3-ac0e-57d6-9b69-aa54ea7c4fb9"",""d07b7490-853e-562b-b662-305e89e7718d"",""596c0800-372d-5056-8a35-9f8661656bf4"",""d08816e6-d4d6-5f35-9de3-d86528fa7a96"",""2e126757-f17e-5ee2-93db-94d31ed944b2"",""5e1af4e2-330f-563f-b639-2d3cd8d276c8"",""49cd1889-2a56-5913-8723-929335f68874"",""82b898ba-3b6d-567f-8996-4f259b74547e"",""d38eb7d2-e78b-5c2f-93e4-2e34846e80e6"",""33effc64-dcfe-5ced-badf-c4df49f68dc1"",""a3a03b99-34c0-504b-b529-32b798db318a"",""8b3ec7b0-123f-5597-95f7-1fafc5810d01"",""035c5442-19b8-5a84-8a59-b352a9660279"",""d6d45010-72fa-5741-b733-88958a8795d2"",""ab8215e5-b753-5a6a-a4e7-ad9caf42eeac"",""1b20061c-b208-551a-b06c-81ffeff623fc"",""9b6d0913-2ae6-5dab-ab36-d05e1c51b208"",""a27c1fb2-edc1-57e6-9d74-adb5a13fed3b"",""4696448b-8c21-591b-80cc-7344ea0b95ec"",""c1d75a33-928c-5636-b99c-def1fb29e0f5"",""61eebfb6-2555-5bce-ba71-7a750427392a"",""aba074a1-d451-595d-bc12-e257adbe7383"",""1ca34094-ee4d-5962-a78a-174d361a9cd3"",""7edb0577-da07-5c6f-8391-bb90e9822165"",""d7c5d484-54dc-5d1e-a3ac-65d60267a12c"",""f416cc8b-3bc2-5c4c-a91c-c56faf748684""]","[""20aa9464-9138-4d54-8ea9-2855c41892aa"",""34856045-73df-4f79-acd3-2cb3716254f4""]",,,M6-evaluator-v1,observed,oracle,422,text,UP-R5-02-S01-HTTP,independent public-contract comparison,M6-ASSERTION-96693330-ee06-44bd-8726-73026f09aea8,,,,,,,,,2026-10-07T03:23:04.814285Z,,200,,2d9849af-4973-4fd8-a822-d8a60e17e5f5,82cd0cd5-902f-48fc-afba-be6f508de028,20aa9464-9138-4d54-8ea9-2855c41892aa,,192fa6e2-c0a0-4dce-be25-50d8e9c59468,,,,R5,34856045-73df-4f79-acd3-2cb3716254f4,,,,,,,1,failed,UP-R5-02,,,,,,,54c3aba8-cb42-5023-9591-5cdd68bdd7c5,6852f6bd-ec09-4aa3-98a6-6aa6065e725e,evidence observations; interpretation separate
M7-analysis-v5,5e0fbfc05fae86466156411ca5406afbafd0bf52c6a8714a5a061a4369bcd6c8,R5,dbb63e68d4ed9e904fa985aa5b88d674205b6caab086a8d981ac8918a9c68fb5,"[""4afc763c-033e-501c-9c9c-453207d31e62"",""1fed9611-d0cc-51e5-86e7-4ba237c836a2"",""0e4d4039-5409-5be7-a300-ded85e9c22d7"",""1c4afc6f-6679-57b7-ab6b-cec3053e85a1"",""76216ff6-0dab-5f43-913f-741c2deb7596"",""fe7c5fea-171a-5d3e-b93c-b9d53dca7c67"",""784c942d-b222-5013-a2e4-de4aa477a143"",""2f2d84f4-6f41-5df7-a828-cc0a3d9cdddf"",""c68f6332-f200-5595-940d-e5bcad78f1fe"",""54c3aba8-cb42-5023-9591-5cdd68bdd7c5"",""b9ac296e-4c6c-5cdc-9e03-14868c124af2"",""022ddff9-4332-5ba5-b884-42537f220a0c"",""0d262496-18e1-5973-84a6-84fbda64d0ff"",""447860c8-1d56-518b-88ad-7e103990b756"",""616ecfda-7163-5a8d-ba60-01f623d8b124"",""656bacfc-b102-5379-8db2-2f9f127621e0"",""88f2e658-6155-5924-bc85-63fe2aabb08a"",""9f032fb3-90ca-5749-aff5-1065077ac10e"",""4d2e4005-a84b-525b-a492-d367c5e405d0"",""12b20e20-e117-5c00-83bc-e589b92b730e"",""e97a5398-37b9-5e89-91a9-9b3ae48d9534"",""7a8f92c5-5f85-593a-bf90-08e13c60a2e6"",""aa66f5e3-ac0e-57d6-9b69-aa54ea7c4fb9"",""d07b7490-853e-562b-b662-305e89e7718d"",""596c0800-372d-5056-8a35-9f8661656bf4"",""d08816e6-d4d6-5f35-9de3-d86528fa7a96"",""2e126757-f17e-5ee2-93db-94d31ed944b2"",""5e1af4e2-330f-563f-b639-2d3cd8d276c8"",""49cd1889-2a56-5913-8723-929335f68874"",""82b898ba-3b6d-567f-8996-4f259b74547e"",""d38eb7d2-e78b-5c2f-93e4-2e34846e80e6"",""33effc64-dcfe-5ced-badf-c4df49f68dc1"",""a3a03b99-34c0-504b-b529-32b798db318a"",""8b3ec7b0-123f-5597-95f7-1fafc5810d01"",""035c5442-19b8-5a84-8a59-b352a9660279"",""d6d45010-72fa-5741-b733-88958a8795d2"",""ab8215e5-b753-5a6a-a4e7-ad9caf42eeac"",""1b20061c-b208-551a-b06c-81ffeff623fc"",""9b6d0913-2ae6-5dab-ab36-d05e1c51b208"",""a27c1fb2-edc1-57e6-9d74-adb5a13fed3b"",""4696448b-8c21-591b-80cc-7344ea0b95ec"",""c1d75a33-928c-5636-b99c-def1fb29e0f5"",""61eebfb6-2555-5bce-ba71-7a750427392a"",""aba074a1-d451-595d-bc12-e257adbe7383"",""1ca34094-ee4d-5962-a78a-174d361a9cd3"",""7edb0577-da07-5c6f-8391-bb90e9822165"",""d7c5d484-54dc-5d1e-a3ac-65d60267a12c"",""f416cc8b-3bc2-5c4c-a91c-c56faf748684""]","[""20aa9464-9138-4d54-8ea9-2855c41892aa"",""34856045-73df-4f79-acd3-2cb3716254f4""]",,,M6-evaluator-v1,observed,oracle,"{""avatars"":[],""data"":{},""marker"":""INPUT_ERROR"",""region_count"":1}",text,UP-R5-02-S01-RESULT,independent public-contract comparison,M6-ASSERTION-7f3aa091-e7c5-4d54-bb3f-3284939ec8ac,,,,,,,,,2026-10-07T03:23:04.814640Z,,"{""avatars"":[],""data"":{""path"":""study/uploads/green.png""},""marker"":""SUCCESS"",""region_count"":1}",,2d9849af-4973-4fd8-a822-d8a60e17e5f5,a050d1f1-469f-4da6-95db-518883e170f7,20aa9464-9138-4d54-8ea9-2855c41892aa,,192fa6e2-c0a0-4dce-be25-50d8e9c59468,,,,R5,34856045-73df-4f79-acd3-2cb3716254f4,,,,,,,1,failed,UP-R5-02,,,,,,,54c3aba8-cb42-5023-9591-5cdd68bdd7c5,6852f6bd-ec09-4aa3-98a6-6aa6065e725e,evidence observations; interpretation separate
M7-analysis-v5,5e0fbfc05fae86466156411ca5406afbafd0bf52c6a8714a5a061a4369bcd6c8,R5,dbb63e68d4ed9e904fa985aa5b88d674205b6caab086a8d981ac8918a9c68fb5,"[""4afc763c-033e-501c-9c9c-453207d31e62"",""1fed9611-d0cc-51e5-86e7-4ba237c836a2"",""0e4d4039-5409-5be7-a300-ded85e9c22d7"",""1c4afc6f-6679-57b7-ab6b-cec3053e85a1"",""76216ff6-0dab-5f43-913f-741c2deb7596"",""fe7c5fea-171a-5d3e-b93c-b9d53dca7c67"",""784c942d-b222-5013-a2e4-de4aa477a143"",""2f2d84f4-6f41-5df7-a828-cc0a3d9cdddf"",""c68f6332-f200-5595-940d-e5bcad78f1fe"",""54c3aba8-cb42-5023-9591-5cdd68bdd7c5"",""b9ac296e-4c6c-5cdc-9e03-14868c124af2"",""022ddff9-4332-5ba5-b884-42537f220a0c"",""0d262496-18e1-5973-84a6-84fbda64d0ff"",""447860c8-1d56-518b-88ad-7e103990b756"",""616ecfda-7163-5a8d-ba60-01f623d8b124"",""656bacfc-b102-5379-8db2-2f9f127621e0"",""88f2e658-6155-5924-bc85-63fe2aabb08a"",""9f032fb3-90ca-5749-aff5-1065077ac10e"",""4d2e4005-a84b-525b-a492-d367c5e405d0"",""12b20e20-e117-5c00-83bc-e589b92b730e"",""e97a5398-37b9-5e89-91a9-9b3ae48d9534"",""7a8f92c5-5f85-593a-bf90-08e13c60a2e6"",""aa66f5e3-ac0e-57d6-9b69-aa54ea7c4fb9"",""d07b7490-853e-562b-b662-305e89e7718d"",""596c0800-372d-5056-8a35-9f8661656bf4"",""d08816e6-d4d6-5f35-9de3-d86528fa7a96"",""2e126757-f17e-5ee2-93db-94d31ed944b2"",""5e1af4e2-330f-563f-b639-2d3cd8d276c8"",""49cd1889-2a56-5913-8723-929335f68874"",""82b898ba-3b6d-567f-8996-4f259b74547e"",""d38eb7d2-e78b-5c2f-93e4-2e34846e80e6"",""33effc64-dcfe-5ced-badf-c4df49f68dc1"",""a3a03b99-34c0-504b-b529-32b798db318a"",""8b3ec7b0-123f-5597-95f7-1fafc5810d01"",""035c5442-19b8-5a84-8a59-b352a9660279"",""d6d45010-72fa-5741-b733-88958a8795d2"",""ab8215e5-b753-5a6a-a4e7-ad9caf42eeac"",""1b20061c-b208-551a-b06c-81ffeff623fc"",""9b6d0913-2ae6-5dab-ab36-d05e1c51b208"",""a27c1fb2-edc1-57e6-9d74-adb5a13fed3b"",""4696448b-8c21-591b-80cc-7344ea0b95ec"",""c1d75a33-928c-5636-b99c-def1fb29e0f5"",""61eebfb6-2555-5bce-ba71-7a750427392a"",""aba074a1-d451-595d-bc12-e257adbe7383"",""1ca34094-ee4d-5962-a78a-174d361a9cd3"",""7edb0577-da07-5c6f-8391-bb90e9822165"",""d7c5d484-54dc-5d1e-a3ac-65d60267a12c"",""f416cc8b-3bc2-5c4c-a91c-c56faf748684""]","[""20aa9464-9138-4d54-8ea9-2855c41892aa"",""34856045-73df-4f79-acd3-2cb3716254f4""]",,,M6-evaluator-v1,observed,oracle,"{""sentinel.txt"":{""sha256"":""cc809b73990c3ed04b989c020da6c36cfbefaff047c338817e10d2d086d9ec29"",""size"":28}}",text,UP-R5-02-S01-FILES,independent public-contract comparison,M6-ASSERTION-813a9ffd-680d-41f4-93a3-6b696bc3c9c1,,,,,,,,,2026-10-07T03:23:04.815520Z,,"{""green.png"":{""sha256"":""31bd12297554963e960c136b22a7a6dade4b234dc5c5a370bb16671f12af98ad"",""size"":73},""sentinel.txt"":{""sha256"":""cc809b73990c3ed04b989c020da6c36cfbefaff047c338817e10d2d086d9ec29"",""size"":28}}",,2d9849af-4973-4fd8-a822-d8a60e17e5f5,1ebcf5e7-c61e-4a74-8a2d-9168d63dc72b,20aa9464-9138-4d54-8ea9-2855c41892aa,,192fa6e2-c0a0-4dce-be25-50d8e9c59468,,,,R5,34856045-73df-4f79-acd3-2cb3716254f4,,,,,,,1,failed,UP-R5-02,,,,,,,54c3aba8-cb42-5023-9591-5cdd68bdd7c5,6852f6bd-ec09-4aa3-98a6-6aa6065e725e,evidence observations; interpretation separate
M7-analysis-v5,5e0fbfc05fae86466156411ca5406afbafd0bf52c6a8714a5a061a4369bcd6c8,R5,dbb63e68d4ed9e904fa985aa5b88d674205b6caab086a8d981ac8918a9c68fb5,"[""4afc763c-033e-501c-9c9c-453207d31e62"",""1fed9611-d0cc-51e5-86e7-4ba237c836a2"",""0e4d4039-5409-5be7-a300-ded85e9c22d7"",""1c4afc6f-6679-57b7-ab6b-cec3053e85a1"",""76216ff6-0dab-5f43-913f-741c2deb7596"",""fe7c5fea-171a-5d3e-b93c-b9d53dca7c67"",""784c942d-b222-5013-a2e4-de4aa477a143"",""2f2d84f4-6f41-5df7-a828-cc0a3d9cdddf"",""c68f6332-f200-5595-940d-e5bcad78f1fe"",""54c3aba8-cb42-5023-9591-5cdd68bdd7c5"",""b9ac296e-4c6c-5cdc-9e03-14868c124af2"",""022ddff9-4332-5ba5-b884-42537f220a0c"",""0d262496-18e1-5973-84a6-84fbda64d0ff"",""447860c8-1d56-518b-88ad-7e103990b756"",""616ecfda-7163-5a8d-ba60-01f623d8b124"",""656bacfc-b102-5379-8db2-2f9f127621e0"",""88f2e658-6155-5924-bc85-63fe2aabb08a"",""9f032fb3-90ca-5749-aff5-1065077ac10e"",""4d2e4005-a84b-525b-a492-d367c5e405d0"",""12b20e20-e117-5c00-83bc-e589b92b730e"",""e97a5398-37b9-5e89-91a9-9b3ae48d9534"",""7a8f92c5-5f85-593a-bf90-08e13c60a2e6"",""aa66f5e3-ac0e-57d6-9b69-aa54ea7c4fb9"",""d07b7490-853e-562b-b662-305e89e7718d"",""596c0800-372d-5056-8a35-9f8661656bf4"",""d08816e6-d4d6-5f35-9de3-d86528fa7a96"",""2e126757-f17e-5ee2-93db-94d31ed944b2"",""5e1af4e2-330f-563f-b639-2d3cd8d276c8"",""49cd1889-2a56-5913-8723-929335f68874"",""82b898ba-3b6d-567f-8996-4f259b74547e"",""d38eb7d2-e78b-5c2f-93e4-2e34846e80e6"",""33effc64-dcfe-5ced-badf-c4df49f68dc1"",""a3a03b99-34c0-504b-b529-32b798db318a"",""8b3ec7b0-123f-5597-95f7-1fafc5810d01"",""035c5442-19b8-5a84-8a59-b352a9660279"",""d6d45010-72fa-5741-b733-88958a8795d2"",""ab8215e5-b753-5a6a-a4e7-ad9caf42eeac"",""1b20061c-b208-551a-b06c-81ffeff623fc"",""9b6d0913-2ae6-5dab-ab36-d05e1c51b208"",""a27c1fb2-edc1-57e6-9d74-adb5a13fed3b"",""4696448b-8c21-591b-80cc-7344ea0b95ec"",""c1d75a33-928c-5636-b99c-def1fb29e0f5"",""61eebfb6-2555-5bce-ba71-7a750427392a"",""aba074a1-d451-595d-bc12-e257adbe7383"",""1ca34094-ee4d-5962-a78a-174d361a9cd3"",""7edb0577-da07-5c6f-8391-bb90e9822165"",""d7c5d484-54dc-5d1e-a3ac-65d60267a12c"",""f416cc8b-3bc2-5c4c-a91c-c56faf748684""]","[""99cb738c-69d4-4a26-babb-b54f237ab168"",""fd1067a0-6c1e-4a9c-982d-6d2c30120ca1""]",,,M6-evaluator-v1,observed,oracle,422,text,UP-R5-01-S01-HTTP,independent public-contract comparison,M6-ASSERTION-ad99eeed-6ac7-478f-862c-648571c94f7d,,,,,,,,,2026-10-07T03:23:04.812595Z,,200,,2d9849af-4973-4fd8-a822-d8a60e17e5f5,a8772ad7-2768-471d-9f85-79a0132ce776,99cb738c-69d4-4a26-babb-b54f237ab168,,192fa6e2-c0a0-4dce-be25-50d8e9c59468,,,,R5,fd1067a0-6c1e-4a9c-982d-6d2c30120ca1,,,,,,,1,failed,UP-R5-01,,,,,,,54c3aba8-cb42-5023-9591-5cdd68bdd7c5,6852f6bd-ec09-4aa3-98a6-6aa6065e725e,evidence observations; interpretation separate
M7-analysis-v5,5e0fbfc05fae86466156411ca5406afbafd0bf52c6a8714a5a061a4369bcd6c8,R5,dbb63e68d4ed9e904fa985aa5b88d674205b6caab086a8d981ac8918a9c68fb5,"[""4afc763c-033e-501c-9c9c-453207d31e62"",""1fed9611-d0cc-51e5-86e7-4ba237c836a2"",""0e4d4039-5409-5be7-a300-ded85e9c22d7"",""1c4afc6f-6679-57b7-ab6b-cec3053e85a1"",""76216ff6-0dab-5f43-913f-741c2deb7596"",""fe7c5fea-171a-5d3e-b93c-b9d53dca7c67"",""784c942d-b222-5013-a2e4-de4aa477a143"",""2f2d84f4-6f41-5df7-a828-cc0a3d9cdddf"",""c68f6332-f200-5595-940d-e5bcad78f1fe"",""54c3aba8-cb42-5023-9591-5cdd68bdd7c5"",""b9ac296e-4c6c-5cdc-9e03-14868c124af2"",""022ddff9-4332-5ba5-b884-42537f220a0c"",""0d262496-18e1-5973-84a6-84fbda64d0ff"",""447860c8-1d56-518b-88ad-7e103990b756"",""616ecfda-7163-5a8d-ba60-01f623d8b124"",""656bacfc-b102-5379-8db2-2f9f127621e0"",""88f2e658-6155-5924-bc85-63fe2aabb08a"",""9f032fb3-90ca-5749-aff5-1065077ac10e"",""4d2e4005-a84b-525b-a492-d367c5e405d0"",""12b20e20-e117-5c00-83bc-e589b92b730e"",""e97a5398-37b9-5e89-91a9-9b3ae48d9534"",""7a8f92c5-5f85-593a-bf90-08e13c60a2e6"",""aa66f5e3-ac0e-57d6-9b69-aa54ea7c4fb9"",""d07b7490-853e-562b-b662-305e89e7718d"",""596c0800-372d-5056-8a35-9f8661656bf4"",""d08816e6-d4d6-5f35-9de3-d86528fa7a96"",""2e126757-f17e-5ee2-93db-94d31ed944b2"",""5e1af4e2-330f-563f-b639-2d3cd8d276c8"",""49cd1889-2a56-5913-8723-929335f68874"",""82b898ba-3b6d-567f-8996-4f259b74547e"",""d38eb7d2-e78b-5c2f-93e4-2e34846e80e6"",""33effc64-dcfe-5ced-badf-c4df49f68dc1"",""a3a03b99-34c0-504b-b529-32b798db318a"",""8b3ec7b0-123f-5597-95f7-1fafc5810d01"",""035c5442-19b8-5a84-8a59-b352a9660279"",""d6d45010-72fa-5741-b733-88958a8795d2"",""ab8215e5-b753-5a6a-a4e7-ad9caf42eeac"",""1b20061c-b208-551a-b06c-81ffeff623fc"",""9b6d0913-2ae6-5dab-ab36-d05e1c51b208"",""a27c1fb2-edc1-57e6-9d74-adb5a13fed3b"",""4696448b-8c21-591b-80cc-7344ea0b95ec"",""c1d75a33-928c-5636-b99c-def1fb29e0f5"",""61eebfb6-2555-5bce-ba71-7a750427392a"",""aba074a1-d451-595d-bc12-e257adbe7383"",""1ca34094-ee4d-5962-a78a-174d361a9cd3"",""7edb0577-da07-5c6f-8391-bb90e9822165"",""d7c5d484-54dc-5d1e-a3ac-65d60267a12c"",""f416cc8b-3bc2-5c4c-a91c-c56faf748684""]","[""99cb738c-69d4-4a26-babb-b54f237ab168"",""fd1067a0-6c1e-4a9c-982d-6d2c30120ca1""]",,,M6-evaluator-v1,observed,oracle,"{""avatars"":[],""data"":{},""marker"":""INPUT_ERROR"",""region_count"":1}",text,UP-R5-01-S01-RESULT,independent public-contract comparison,M6-ASSERTION-9b426c2d-2500-4d66-af96-ec4f284e1977,,,,,,,,,2026-10-07T03:23:04.813024Z,,"{""avatars"":[],""data"":{""path"":""study/uploads/blue.png""},""marker"":""SUCCESS"",""region_count"":1}",,2d9849af-4973-4fd8-a822-d8a60e17e5f5,6cc7887f-05fa-489b-b3c4-d24ccad60e52,99cb738c-69d4-4a26-babb-b54f237ab168,,192fa6e2-c0a0-4dce-be25-50d8e9c59468,,,,R5,fd1067a0-6c1e-4a9c-982d-6d2c30120ca1,,,,,,,1,failed,UP-R5-01,,,,,,,54c3aba8-cb42-5023-9591-5cdd68bdd7c5,6852f6bd-ec09-4aa3-98a6-6aa6065e725e,evidence observations; interpretation separate
M7-analysis-v5,5e0fbfc05fae86466156411ca5406afbafd0bf52c6a8714a5a061a4369bcd6c8,R5,dbb63e68d4ed9e904fa985aa5b88d674205b6caab086a8d981ac8918a9c68fb5,"[""4afc763c-033e-501c-9c9c-453207d31e62"",""1fed9611-d0cc-51e5-86e7-4ba237c836a2"",""0e4d4039-5409-5be7-a300-ded85e9c22d7"",""1c4afc6f-6679-57b7-ab6b-cec3053e85a1"",""76216ff6-0dab-5f43-913f-741c2deb7596"",""fe7c5fea-171a-5d3e-b93c-b9d53dca7c67"",""784c942d-b222-5013-a2e4-de4aa477a143"",""2f2d84f4-6f41-5df7-a828-cc0a3d9cdddf"",""c68f6332-f200-5595-940d-e5bcad78f1fe"",""54c3aba8-cb42-5023-9591-5cdd68bdd7c5"",""b9ac296e-4c6c-5cdc-9e03-14868c124af2"",""022ddff9-4332-5ba5-b884-42537f220a0c"",""0d262496-18e1-5973-84a6-84fbda64d0ff"",""447860c8-1d56-518b-88ad-7e103990b756"",""616ecfda-7163-5a8d-ba60-01f623d8b124"",""656bacfc-b102-5379-8db2-2f9f127621e0"",""88f2e658-6155-5924-bc85-63fe2aabb08a"",""9f032fb3-90ca-5749-aff5-1065077ac10e"",""4d2e4005-a84b-525b-a492-d367c5e405d0"",""12b20e20-e117-5c00-83bc-e589b92b730e"",""e97a5398-37b9-5e89-91a9-9b3ae48d9534"",""7a8f92c5-5f85-593a-bf90-08e13c60a2e6"",""aa66f5e3-ac0e-57d6-9b69-aa54ea7c4fb9"",""d07b7490-853e-562b-b662-305e89e7718d"",""596c0800-372d-5056-8a35-9f8661656bf4"",""d08816e6-d4d6-5f35-9de3-d86528fa7a96"",""2e126757-f17e-5ee2-93db-94d31ed944b2"",""5e1af4e2-330f-563f-b639-2d3cd8d276c8"",""49cd1889-2a56-5913-8723-929335f68874"",""82b898ba-3b6d-567f-8996-4f259b74547e"",""d38eb7d2-e78b-5c2f-93e4-2e34846e80e6"",""33effc64-dcfe-5ced-badf-c4df49f68dc1"",""a3a03b99-34c0-504b-b529-32b798db318a"",""8b3ec7b0-123f-5597-95f7-1fafc5810d01"",""035c5442-19b8-5a84-8a59-b352a9660279"",""d6d45010-72fa-5741-b733-88958a8795d2"",""ab8215e5-b753-5a6a-a4e7-ad9caf42eeac"",""1b20061c-b208-551a-b06c-81ffeff623fc"",""9b6d0913-2ae6-5dab-ab36-d05e1c51b208"",""a27c1fb2-edc1-57e6-9d74-adb5a13fed3b"",""4696448b-8c21-591b-80cc-7344ea0b95ec"",""c1d75a33-928c-5636-b99c-def1fb29e0f5"",""61eebfb6-2555-5bce-ba71-7a750427392a"",""aba074a1-d451-595d-bc12-e257adbe7383"",""1ca34094-ee4d-5962-a78a-174d361a9cd3"",""7edb0577-da07-5c6f-8391-bb90e9822165"",""d7c5d484-54dc-5d1e-a3ac-65d60267a12c"",""f416cc8b-3bc2-5c4c-a91c-c56faf748684""]","[""99cb738c-69d4-4a26-babb-b54f237ab168"",""fd1067a0-6c1e-4a9c-982d-6d2c30120ca1""]",,,M6-evaluator-v1,observed,oracle,"{""sentinel.txt"":{""sha256"":""cc809b73990c3ed04b989c020da6c36cfbefaff047c338817e10d2d086d9ec29"",""size"":28}}",text,UP-R5-01-S01-FILES,independent public-contract comparison,M6-ASSERTION-b7de68a9-6876-420b-a68d-84e3dd5fbef9,,,,,,,,,2026-10-07T03:23:04.813900Z,,"{""blue.png"":{""sha256"":""4442d728adc33566e2be10ba0d573a8b4ec1ca033335b75eaac003a97facfc26"",""size"":73},""sentinel.txt"":{""sha256"":""cc809b73990c3ed04b989c020da6c36cfbefaff047c338817e10d2d086d9ec29"",""size"":28}}",,2d9849af-4973-4fd8-a822-d8a60e17e5f5,7baa1112-9253-4a76-b8a9-2ba3493daf79,99cb738c-69d4-4a26-babb-b54f237ab168,,192fa6e2-c0a0-4dce-be25-50d8e9c59468,,,,R5,fd1067a0-6c1e-4a9c-982d-6d2c30120ca1,,,,,,,1,failed,UP-R5-01,,,,,,,54c3aba8-cb42-5023-9591-5cdd68bdd7c5,6852f6bd-ec09-4aa3-98a6-6aa6065e725e,evidence observations; interpretation separate
M7-analysis-v5,5e0fbfc05fae86466156411ca5406afbafd0bf52c6a8714a5a061a4369bcd6c8,R6,dbb63e68d4ed9e904fa985aa5b88d674205b6caab086a8d981ac8918a9c68fb5,"[""4afc763c-033e-501c-9c9c-453207d31e62"",""1fed9611-d0cc-51e5-86e7-4ba237c836a2"",""0e4d4039-5409-5be7-a300-ded85e9c22d7"",""1c4afc6f-6679-57b7-ab6b-cec3053e85a1"",""76216ff6-0dab-5f43-913f-741c2deb7596"",""fe7c5fea-171a-5d3e-b93c-b9d53dca7c67"",""784c942d-b222-5013-a2e4-de4aa477a143"",""2f2d84f4-6f41-5df7-a828-cc0a3d9cdddf"",""c68f6332-f200-5595-940d-e5bcad78f1fe"",""54c3aba8-cb42-5023-9591-5cdd68bdd7c5"",""b9ac296e-4c6c-5cdc-9e03-14868c124af2"",""022ddff9-4332-5ba5-b884-42537f220a0c"",""0d262496-18e1-5973-84a6-84fbda64d0ff"",""447860c8-1d56-518b-88ad-7e103990b756"",""616ecfda-7163-5a8d-ba60-01f623d8b124"",""656bacfc-b102-5379-8db2-2f9f127621e0"",""88f2e658-6155-5924-bc85-63fe2aabb08a"",""9f032fb3-90ca-5749-aff5-1065077ac10e"",""4d2e4005-a84b-525b-a492-d367c5e405d0"",""12b20e20-e117-5c00-83bc-e589b92b730e"",""e97a5398-37b9-5e89-91a9-9b3ae48d9534"",""7a8f92c5-5f85-593a-bf90-08e13c60a2e6"",""aa66f5e3-ac0e-57d6-9b69-aa54ea7c4fb9"",""d07b7490-853e-562b-b662-305e89e7718d"",""596c0800-372d-5056-8a35-9f8661656bf4"",""d08816e6-d4d6-5f35-9de3-d86528fa7a96"",""2e126757-f17e-5ee2-93db-94d31ed944b2"",""5e1af4e2-330f-563f-b639-2d3cd8d276c8"",""49cd1889-2a56-5913-8723-929335f68874"",""82b898ba-3b6d-567f-8996-4f259b74547e"",""d38eb7d2-e78b-5c2f-93e4-2e34846e80e6"",""33effc64-dcfe-5ced-badf-c4df49f68dc1"",""a3a03b99-34c0-504b-b529-32b798db318a"",""8b3ec7b0-123f-5597-95f7-1fafc5810d01"",""035c5442-19b8-5a84-8a59-b352a9660279"",""d6d45010-72fa-5741-b733-88958a8795d2"",""ab8215e5-b753-5a6a-a4e7-ad9caf42eeac"",""1b20061c-b208-551a-b06c-81ffeff623fc"",""9b6d0913-2ae6-5dab-ab36-d05e1c51b208"",""a27c1fb2-edc1-57e6-9d74-adb5a13fed3b"",""4696448b-8c21-591b-80cc-7344ea0b95ec"",""c1d75a33-928c-5636-b99c-def1fb29e0f5"",""61eebfb6-2555-5bce-ba71-7a750427392a"",""aba074a1-d451-595d-bc12-e257adbe7383"",""1ca34094-ee4d-5962-a78a-174d361a9cd3"",""7edb0577-da07-5c6f-8391-bb90e9822165"",""d7c5d484-54dc-5d1e-a3ac-65d60267a12c"",""f416cc8b-3bc2-5c4c-a91c-c56faf748684""]","[""72d0c674-d8be-4648-9e33-305f121cf268"",""a56e210d-f8a6-4421-8130-4c82651031f2""]",,,M6-evaluator-v1,observed,oracle,422,text,UP-R6-01-S01-HTTP,independent public-contract comparison,M6-ASSERTION-552c3e1a-66ad-4a82-85a6-ac0afd1e74a8,,,,,,,,,2026-10-07T03:23:04.815904Z,,200,,2d9849af-4973-4fd8-a822-d8a60e17e5f5,b9be768a-499d-4798-bdc7-f942af56ab2b,72d0c674-d8be-4648-9e33-305f121cf268,,192fa6e2-c0a0-4dce-be25-50d8e9c59468,,,,R6,a56e210d-f8a6-4421-8130-4c82651031f2,,,,,,,1,failed,UP-R6-01,,,,,,,54c3aba8-cb42-5023-9591-5cdd68bdd7c5,6852f6bd-ec09-4aa3-98a6-6aa6065e725e,evidence observations; interpretation separate
M7-analysis-v5,5e0fbfc05fae86466156411ca5406afbafd0bf52c6a8714a5a061a4369bcd6c8,R6,dbb63e68d4ed9e904fa985aa5b88d674205b6caab086a8d981ac8918a9c68fb5,"[""4afc763c-033e-501c-9c9c-453207d31e62"",""1fed9611-d0cc-51e5-86e7-4ba237c836a2"",""0e4d4039-5409-5be7-a300-ded85e9c22d7"",""1c4afc6f-6679-57b7-ab6b-cec3053e85a1"",""76216ff6-0dab-5f43-913f-741c2deb7596"",""fe7c5fea-171a-5d3e-b93c-b9d53dca7c67"",""784c942d-b222-5013-a2e4-de4aa477a143"",""2f2d84f4-6f41-5df7-a828-cc0a3d9cdddf"",""c68f6332-f200-5595-940d-e5bcad78f1fe"",""54c3aba8-cb42-5023-9591-5cdd68bdd7c5"",""b9ac296e-4c6c-5cdc-9e03-14868c124af2"",""022ddff9-4332-5ba5-b884-42537f220a0c"",""0d262496-18e1-5973-84a6-84fbda64d0ff"",""447860c8-1d56-518b-88ad-7e103990b756"",""616ecfda-7163-5a8d-ba60-01f623d8b124"",""656bacfc-b102-5379-8db2-2f9f127621e0"",""88f2e658-6155-5924-bc85-63fe2aabb08a"",""9f032fb3-90ca-5749-aff5-1065077ac10e"",""4d2e4005-a84b-525b-a492-d367c5e405d0"",""12b20e20-e117-5c00-83bc-e589b92b730e"",""e97a5398-37b9-5e89-91a9-9b3ae48d9534"",""7a8f92c5-5f85-593a-bf90-08e13c60a2e6"",""aa66f5e3-ac0e-57d6-9b69-aa54ea7c4fb9"",""d07b7490-853e-562b-b662-305e89e7718d"",""596c0800-372d-5056-8a35-9f8661656bf4"",""d08816e6-d4d6-5f35-9de3-d86528fa7a96"",""2e126757-f17e-5ee2-93db-94d31ed944b2"",""5e1af4e2-330f-563f-b639-2d3cd8d276c8"",""49cd1889-2a56-5913-8723-929335f68874"",""82b898ba-3b6d-567f-8996-4f259b74547e"",""d38eb7d2-e78b-5c2f-93e4-2e34846e80e6"",""33effc64-dcfe-5ced-badf-c4df49f68dc1"",""a3a03b99-34c0-504b-b529-32b798db318a"",""8b3ec7b0-123f-5597-95f7-1fafc5810d01"",""035c5442-19b8-5a84-8a59-b352a9660279"",""d6d45010-72fa-5741-b733-88958a8795d2"",""ab8215e5-b753-5a6a-a4e7-ad9caf42eeac"",""1b20061c-b208-551a-b06c-81ffeff623fc"",""9b6d0913-2ae6-5dab-ab36-d05e1c51b208"",""a27c1fb2-edc1-57e6-9d74-adb5a13fed3b"",""4696448b-8c21-591b-80cc-7344ea0b95ec"",""c1d75a33-928c-5636-b99c-def1fb29e0f5"",""61eebfb6-2555-5bce-ba71-7a750427392a"",""aba074a1-d451-595d-bc12-e257adbe7383"",""1ca34094-ee4d-5962-a78a-174d361a9cd3"",""7edb0577-da07-5c6f-8391-bb90e9822165"",""d7c5d484-54dc-5d1e-a3ac-65d60267a12c"",""f416cc8b-3bc2-5c4c-a91c-c56faf748684""]","[""72d0c674-d8be-4648-9e33-305f121cf268"",""a56e210d-f8a6-4421-8130-4c82651031f2""]",,,M6-evaluator-v1,observed,oracle,"{""avatars"":[],""data"":{},""marker"":""INPUT_ERROR"",""region_count"":1}",text,UP-R6-01-S01-RESULT,independent public-contract comparison,M6-ASSERTION-11b86136-a1b9-4c3a-8a0a-5c4a7bd0ed9a,,,,,,,,,2026-10-07T03:23:04.816290Z,,"{""avatars"":[],""data"":{""path"":""study/uploads/seq-one.png""},""marker"":""SUCCESS"",""region_count"":1}",,2d9849af-4973-4fd8-a822-d8a60e17e5f5,78e9dc62-2345-424d-b83d-d92572511094,72d0c674-d8be-4648-9e33-305f121cf268,,192fa6e2-c0a0-4dce-be25-50d8e9c59468,,,,R6,a56e210d-f8a6-4421-8130-4c82651031f2,,,,,,,1,failed,UP-R6-01,,,,,,,54c3aba8-cb42-5023-9591-5cdd68bdd7c5,6852f6bd-ec09-4aa3-98a6-6aa6065e725e,evidence observations; interpretation separate
M7-analysis-v5,5e0fbfc05fae86466156411ca5406afbafd0bf52c6a8714a5a061a4369bcd6c8,R6,dbb63e68d4ed9e904fa985aa5b88d674205b6caab086a8d981ac8918a9c68fb5,"[""4afc763c-033e-501c-9c9c-453207d31e62"",""1fed9611-d0cc-51e5-86e7-4ba237c836a2"",""0e4d4039-5409-5be7-a300-ded85e9c22d7"",""1c4afc6f-6679-57b7-ab6b-cec3053e85a1"",""76216ff6-0dab-5f43-913f-741c2deb7596"",""fe7c5fea-171a-5d3e-b93c-b9d53dca7c67"",""784c942d-b222-5013-a2e4-de4aa477a143"",""2f2d84f4-6f41-5df7-a828-cc0a3d9cdddf"",""c68f6332-f200-5595-940d-e5bcad78f1fe"",""54c3aba8-cb42-5023-9591-5cdd68bdd7c5"",""b9ac296e-4c6c-5cdc-9e03-14868c124af2"",""022ddff9-4332-5ba5-b884-42537f220a0c"",""0d262496-18e1-5973-84a6-84fbda64d0ff"",""447860c8-1d56-518b-88ad-7e103990b756"",""616ecfda-7163-5a8d-ba60-01f623d8b124"",""656bacfc-b102-5379-8db2-2f9f127621e0"",""88f2e658-6155-5924-bc85-63fe2aabb08a"",""9f032fb3-90ca-5749-aff5-1065077ac10e"",""4d2e4005-a84b-525b-a492-d367c5e405d0"",""12b20e20-e117-5c00-83bc-e589b92b730e"",""e97a5398-37b9-5e89-91a9-9b3ae48d9534"",""7a8f92c5-5f85-593a-bf90-08e13c60a2e6"",""aa66f5e3-ac0e-57d6-9b69-aa54ea7c4fb9"",""d07b7490-853e-562b-b662-305e89e7718d"",""596c0800-372d-5056-8a35-9f8661656bf4"",""d08816e6-d4d6-5f35-9de3-d86528fa7a96"",""2e126757-f17e-5ee2-93db-94d31ed944b2"",""5e1af4e2-330f-563f-b639-2d3cd8d276c8"",""49cd1889-2a56-5913-8723-929335f68874"",""82b898ba-3b6d-567f-8996-4f259b74547e"",""d38eb7d2-e78b-5c2f-93e4-2e34846e80e6"",""33effc64-dcfe-5ced-badf-c4df49f68dc1"",""a3a03b99-34c0-504b-b529-32b798db318a"",""8b3ec7b0-123f-5597-95f7-1fafc5810d01"",""035c5442-19b8-5a84-8a59-b352a9660279"",""d6d45010-72fa-5741-b733-88958a8795d2"",""ab8215e5-b753-5a6a-a4e7-ad9caf42eeac"",""1b20061c-b208-551a-b06c-81ffeff623fc"",""9b6d0913-2ae6-5dab-ab36-d05e1c51b208"",""a27c1fb2-edc1-57e6-9d74-adb5a13fed3b"",""4696448b-8c21-591b-80cc-7344ea0b95ec"",""c1d75a33-928c-5636-b99c-def1fb29e0f5"",""61eebfb6-2555-5bce-ba71-7a750427392a"",""aba074a1-d451-595d-bc12-e257adbe7383"",""1ca34094-ee4d-5962-a78a-174d361a9cd3"",""7edb0577-da07-5c6f-8391-bb90e9822165"",""d7c5d484-54dc-5d1e-a3ac-65d60267a12c"",""f416cc8b-3bc2-5c4c-a91c-c56faf748684""]","[""72d0c674-d8be-4648-9e33-305f121cf268"",""a56e210d-f8a6-4421-8130-4c82651031f2""]",,,M6-evaluator-v1,observed,oracle,"{""sentinel.txt"":{""sha256"":""cc809b73990c3ed04b989c020da6c36cfbefaff047c338817e10d2d086d9ec29"",""size"":28}}",text,UP-R6-01-S01-FILES,independent public-contract comparison,M6-ASSERTION-a023bca6-0361-42af-895a-9199e45a89fc,,,,,,,,,2026-10-07T03:23:04.817171Z,,"{""sentinel.txt"":{""sha256"":""cc809b73990c3ed04b989c020da6c36cfbefaff047c338817e10d2d086d9ec29"",""size"":28},""seq-one.png"":{""sha256"":""5152b4f262397512ec8d1d6f076c509a6052674e3814a0c78fb7bf368b4d5b62"",""size"":73}}",,2d9849af-4973-4fd8-a822-d8a60e17e5f5,71e24b8c-337d-4175-8921-0f7b07087159,72d0c674-d8be-4648-9e33-305f121cf268,,192fa6e2-c0a0-4dce-be25-50d8e9c59468,,,,R6,a56e210d-f8a6-4421-8130-4c82651031f2,,,,,,,1,failed,UP-R6-01,,,,,,,54c3aba8-cb42-5023-9591-5cdd68bdd7c5,6852f6bd-ec09-4aa3-98a6-6aa6065e725e,evidence observations; interpretation separate
M7-analysis-v5,5e0fbfc05fae86466156411ca5406afbafd0bf52c6a8714a5a061a4369bcd6c8,R6,dbb63e68d4ed9e904fa985aa5b88d674205b6caab086a8d981ac8918a9c68fb5,"[""4afc763c-033e-501c-9c9c-453207d31e62"",""1fed9611-d0cc-51e5-86e7-4ba237c836a2"",""0e4d4039-5409-5be7-a300-ded85e9c22d7"",""1c4afc6f-6679-57b7-ab6b-cec3053e85a1"",""76216ff6-0dab-5f43-913f-741c2deb7596"",""fe7c5fea-171a-5d3e-b93c-b9d53dca7c67"",""784c942d-b222-5013-a2e4-de4aa477a143"",""2f2d84f4-6f41-5df7-a828-cc0a3d9cdddf"",""c68f6332-f200-5595-940d-e5bcad78f1fe"",""54c3aba8-cb42-5023-9591-5cdd68bdd7c5"",""b9ac296e-4c6c-5cdc-9e03-14868c124af2"",""022ddff9-4332-5ba5-b884-42537f220a0c"",""0d262496-18e1-5973-84a6-84fbda64d0ff"",""447860c8-1d56-518b-88ad-7e103990b756"",""616ecfda-7163-5a8d-ba60-01f623d8b124"",""656bacfc-b102-5379-8db2-2f9f127621e0"",""88f2e658-6155-5924-bc85-63fe2aabb08a"",""9f032fb3-90ca-5749-aff5-1065077ac10e"",""4d2e4005-a84b-525b-a492-d367c5e405d0"",""12b20e20-e117-5c00-83bc-e589b92b730e"",""e97a5398-37b9-5e89-91a9-9b3ae48d9534"",""7a8f92c5-5f85-593a-bf90-08e13c60a2e6"",""aa66f5e3-ac0e-57d6-9b69-aa54ea7c4fb9"",""d07b7490-853e-562b-b662-305e89e7718d"",""596c0800-372d-5056-8a35-9f8661656bf4"",""d08816e6-d4d6-5f35-9de3-d86528fa7a96"",""2e126757-f17e-5ee2-93db-94d31ed944b2"",""5e1af4e2-330f-563f-b639-2d3cd8d276c8"",""49cd1889-2a56-5913-8723-929335f68874"",""82b898ba-3b6d-567f-8996-4f259b74547e"",""d38eb7d2-e78b-5c2f-93e4-2e34846e80e6"",""33effc64-dcfe-5ced-badf-c4df49f68dc1"",""a3a03b99-34c0-504b-b529-32b798db318a"",""8b3ec7b0-123f-5597-95f7-1fafc5810d01"",""035c5442-19b8-5a84-8a59-b352a9660279"",""d6d45010-72fa-5741-b733-88958a8795d2"",""ab8215e5-b753-5a6a-a4e7-ad9caf42eeac"",""1b20061c-b208-551a-b06c-81ffeff623fc"",""9b6d0913-2ae6-5dab-ab36-d05e1c51b208"",""a27c1fb2-edc1-57e6-9d74-adb5a13fed3b"",""4696448b-8c21-591b-80cc-7344ea0b95ec"",""c1d75a33-928c-5636-b99c-def1fb29e0f5"",""61eebfb6-2555-5bce-ba71-7a750427392a"",""aba074a1-d451-595d-bc12-e257adbe7383"",""1ca34094-ee4d-5962-a78a-174d361a9cd3"",""7edb0577-da07-5c6f-8391-bb90e9822165"",""d7c5d484-54dc-5d1e-a3ac-65d60267a12c"",""f416cc8b-3bc2-5c4c-a91c-c56faf748684""]","[""72d0c674-d8be-4648-9e33-305f121cf268"",""a7dffb4b-42d5-4f70-b50a-c5db1bcc5eda""]",,,M6-evaluator-v1,observed,oracle,422,text,UP-R6-01-S02-HTTP,independent public-contract comparison,M6-ASSERTION-8b484a1d-9c37-45d3-b47e-fafa454878f7,,,,,,,,,2026-10-07T03:23:04.817544Z,,200,,2d9849af-4973-4fd8-a822-d8a60e17e5f5,7ebb87b0-837a-421d-a46c-286863bef9a5,72d0c674-d8be-4648-9e33-305f121cf268,,192fa6e2-c0a0-4dce-be25-50d8e9c59468,,,,R6,a7dffb4b-42d5-4f70-b50a-c5db1bcc5eda,,,,,,,1,failed,UP-R6-01,,,,,,,54c3aba8-cb42-5023-9591-5cdd68bdd7c5,6852f6bd-ec09-4aa3-98a6-6aa6065e725e,evidence observations; interpretation separate
M7-analysis-v5,5e0fbfc05fae86466156411ca5406afbafd0bf52c6a8714a5a061a4369bcd6c8,R6,dbb63e68d4ed9e904fa985aa5b88d674205b6caab086a8d981ac8918a9c68fb5,"[""4afc763c-033e-501c-9c9c-453207d31e62"",""1fed9611-d0cc-51e5-86e7-4ba237c836a2"",""0e4d4039-5409-5be7-a300-ded85e9c22d7"",""1c4afc6f-6679-57b7-ab6b-cec3053e85a1"",""76216ff6-0dab-5f43-913f-741c2deb7596"",""fe7c5fea-171a-5d3e-b93c-b9d53dca7c67"",""784c942d-b222-5013-a2e4-de4aa477a143"",""2f2d84f4-6f41-5df7-a828-cc0a3d9cdddf"",""c68f6332-f200-5595-940d-e5bcad78f1fe"",""54c3aba8-cb42-5023-9591-5cdd68bdd7c5"",""b9ac296e-4c6c-5cdc-9e03-14868c124af2"",""022ddff9-4332-5ba5-b884-42537f220a0c"",""0d262496-18e1-5973-84a6-84fbda64d0ff"",""447860c8-1d56-518b-88ad-7e103990b756"",""616ecfda-7163-5a8d-ba60-01f623d8b124"",""656bacfc-b102-5379-8db2-2f9f127621e0"",""88f2e658-6155-5924-bc85-63fe2aabb08a"",""9f032fb3-90ca-5749-aff5-1065077ac10e"",""4d2e4005-a84b-525b-a492-d367c5e405d0"",""12b20e20-e117-5c00-83bc-e589b92b730e"",""e97a5398-37b9-5e89-91a9-9b3ae48d9534"",""7a8f92c5-5f85-593a-bf90-08e13c60a2e6"",""aa66f5e3-ac0e-57d6-9b69-aa54ea7c4fb9"",""d07b7490-853e-562b-b662-305e89e7718d"",""596c0800-372d-5056-8a35-9f8661656bf4"",""d08816e6-d4d6-5f35-9de3-d86528fa7a96"",""2e126757-f17e-5ee2-93db-94d31ed944b2"",""5e1af4e2-330f-563f-b639-2d3cd8d276c8"",""49cd1889-2a56-5913-8723-929335f68874"",""82b898ba-3b6d-567f-8996-4f259b74547e"",""d38eb7d2-e78b-5c2f-93e4-2e34846e80e6"",""33effc64-dcfe-5ced-badf-c4df49f68dc1"",""a3a03b99-34c0-504b-b529-32b798db318a"",""8b3ec7b0-123f-5597-95f7-1fafc5810d01"",""035c5442-19b8-5a84-8a59-b352a9660279"",""d6d45010-72fa-5741-b733-88958a8795d2"",""ab8215e5-b753-5a6a-a4e7-ad9caf42eeac"",""1b20061c-b208-551a-b06c-81ffeff623fc"",""9b6d0913-2ae6-5dab-ab36-d05e1c51b208"",""a27c1fb2-edc1-57e6-9d74-adb5a13fed3b"",""4696448b-8c21-591b-80cc-7344ea0b95ec"",""c1d75a33-928c-5636-b99c-def1fb29e0f5"",""61eebfb6-2555-5bce-ba71-7a750427392a"",""aba074a1-d451-595d-bc12-e257adbe7383"",""1ca34094-ee4d-5962-a78a-174d361a9cd3"",""7edb0577-da07-5c6f-8391-bb90e9822165"",""d7c5d484-54dc-5d1e-a3ac-65d60267a12c"",""f416cc8b-3bc2-5c4c-a91c-c56faf748684""]","[""72d0c674-d8be-4648-9e33-305f121cf268"",""a7dffb4b-42d5-4f70-b50a-c5db1bcc5eda""]",,,M6-evaluator-v1,observed,oracle,"{""avatars"":[],""data"":{},""marker"":""INPUT_ERROR"",""region_count"":1}",text,UP-R6-01-S02-RESULT,independent public-contract comparison,M6-ASSERTION-1b78890f-f80a-4f8b-a6e2-c6d8bad23aa7,,,,,,,,,2026-10-07T03:23:04.817907Z,,"{""avatars"":[],""data"":{""path"":""study/uploads/seq-two.jpeg""},""marker"":""SUCCESS"",""region_count"":1}",,2d9849af-4973-4fd8-a822-d8a60e17e5f5,7d2d3e77-62bd-4b48-bf77-d002bfc6a826,72d0c674-d8be-4648-9e33-305f121cf268,,192fa6e2-c0a0-4dce-be25-50d8e9c59468,,,,R6,a7dffb4b-42d5-4f70-b50a-c5db1bcc5eda,,,,,,,1,failed,UP-R6-01,,,,,,,54c3aba8-cb42-5023-9591-5cdd68bdd7c5,6852f6bd-ec09-4aa3-98a6-6aa6065e725e,evidence observations; interpretation separate
M7-analysis-v5,5e0fbfc05fae86466156411ca5406afbafd0bf52c6a8714a5a061a4369bcd6c8,R6,dbb63e68d4ed9e904fa985aa5b88d674205b6caab086a8d981ac8918a9c68fb5,"[""4afc763c-033e-501c-9c9c-453207d31e62"",""1fed9611-d0cc-51e5-86e7-4ba237c836a2"",""0e4d4039-5409-5be7-a300-ded85e9c22d7"",""1c4afc6f-6679-57b7-ab6b-cec3053e85a1"",""76216ff6-0dab-5f43-913f-741c2deb7596"",""fe7c5fea-171a-5d3e-b93c-b9d53dca7c67"",""784c942d-b222-5013-a2e4-de4aa477a143"",""2f2d84f4-6f41-5df7-a828-cc0a3d9cdddf"",""c68f6332-f200-5595-940d-e5bcad78f1fe"",""54c3aba8-cb42-5023-9591-5cdd68bdd7c5"",""b9ac296e-4c6c-5cdc-9e03-14868c124af2"",""022ddff9-4332-5ba5-b884-42537f220a0c"",""0d262496-18e1-5973-84a6-84fbda64d0ff"",""447860c8-1d56-518b-88ad-7e103990b756"",""616ecfda-7163-5a8d-ba60-01f623d8b124"",""656bacfc-b102-5379-8db2-2f9f127621e0"",""88f2e658-6155-5924-bc85-63fe2aabb08a"",""9f032fb3-90ca-5749-aff5-1065077ac10e"",""4d2e4005-a84b-525b-a492-d367c5e405d0"",""12b20e20-e117-5c00-83bc-e589b92b730e"",""e97a5398-37b9-5e89-91a9-9b3ae48d9534"",""7a8f92c5-5f85-593a-bf90-08e13c60a2e6"",""aa66f5e3-ac0e-57d6-9b69-aa54ea7c4fb9"",""d07b7490-853e-562b-b662-305e89e7718d"",""596c0800-372d-5056-8a35-9f8661656bf4"",""d08816e6-d4d6-5f35-9de3-d86528fa7a96"",""2e126757-f17e-5ee2-93db-94d31ed944b2"",""5e1af4e2-330f-563f-b639-2d3cd8d276c8"",""49cd1889-2a56-5913-8723-929335f68874"",""82b898ba-3b6d-567f-8996-4f259b74547e"",""d38eb7d2-e78b-5c2f-93e4-2e34846e80e6"",""33effc64-dcfe-5ced-badf-c4df49f68dc1"",""a3a03b99-34c0-504b-b529-32b798db318a"",""8b3ec7b0-123f-5597-95f7-1fafc5810d01"",""035c5442-19b8-5a84-8a59-b352a9660279"",""d6d45010-72fa-5741-b733-88958a8795d2"",""ab8215e5-b753-5a6a-a4e7-ad9caf42eeac"",""1b20061c-b208-551a-b06c-81ffeff623fc"",""9b6d0913-2ae6-5dab-ab36-d05e1c51b208"",""a27c1fb2-edc1-57e6-9d74-adb5a13fed3b"",""4696448b-8c21-591b-80cc-7344ea0b95ec"",""c1d75a33-928c-5636-b99c-def1fb29e0f5"",""61eebfb6-2555-5bce-ba71-7a750427392a"",""aba074a1-d451-595d-bc12-e257adbe7383"",""1ca34094-ee4d-5962-a78a-174d361a9cd3"",""7edb0577-da07-5c6f-8391-bb90e9822165"",""d7c5d484-54dc-5d1e-a3ac-65d60267a12c"",""f416cc8b-3bc2-5c4c-a91c-c56faf748684""]","[""72d0c674-d8be-4648-9e33-305f121cf268"",""a7dffb4b-42d5-4f70-b50a-c5db1bcc5eda""]",,,M6-evaluator-v1,observed,oracle,"{""sentinel.txt"":{""sha256"":""cc809b73990c3ed04b989c020da6c36cfbefaff047c338817e10d2d086d9ec29"",""size"":28}}",text,UP-R6-01-S02-FILES,independent public-contract comparison,M6-ASSERTION-1161e577-990f-46a6-bf2f-b771a1e36781,,,,,,,,,2026-10-07T03:23:04.818725Z,,"{""sentinel.txt"":{""sha256"":""cc809b73990c3ed04b989c020da6c36cfbefaff047c338817e10d2d086d9ec29"",""size"":28},""seq-one.png"":{""sha256"":""5152b4f262397512ec8d1d6f076c509a6052674e3814a0c78fb7bf368b4d5b62"",""size"":73},""seq-two.jpeg"":{""sha256"":""bfd0fb4d7039a1716a766f83be930226c9d8649aa4deeb926013cbe24dd53888"",""size"":777}}",,2d9849af-4973-4fd8-a822-d8a60e17e5f5,a8d4bb90-f684-4961-8320-0d95e92eecf9,72d0c674-d8be-4648-9e33-305f121cf268,,192fa6e2-c0a0-4dce-be25-50d8e9c59468,,,,R6,a7dffb4b-42d5-4f70-b50a-c5db1bcc5eda,,,,,,,1,failed,UP-R6-01,,,,,,,54c3aba8-cb42-5023-9591-5cdd68bdd7c5,6852f6bd-ec09-4aa3-98a6-6aa6065e725e,evidence observations; interpretation separate
M7-analysis-v5,5e0fbfc05fae86466156411ca5406afbafd0bf52c6a8714a5a061a4369bcd6c8,R6,dbb63e68d4ed9e904fa985aa5b88d674205b6caab086a8d981ac8918a9c68fb5,"[""4afc763c-033e-501c-9c9c-453207d31e62"",""1fed9611-d0cc-51e5-86e7-4ba237c836a2"",""0e4d4039-5409-5be7-a300-ded85e9c22d7"",""1c4afc6f-6679-57b7-ab6b-cec3053e85a1"",""76216ff6-0dab-5f43-913f-741c2deb7596"",""fe7c5fea-171a-5d3e-b93c-b9d53dca7c67"",""784c942d-b222-5013-a2e4-de4aa477a143"",""2f2d84f4-6f41-5df7-a828-cc0a3d9cdddf"",""c68f6332-f200-5595-940d-e5bcad78f1fe"",""54c3aba8-cb42-5023-9591-5cdd68bdd7c5"",""b9ac296e-4c6c-5cdc-9e03-14868c124af2"",""022ddff9-4332-5ba5-b884-42537f220a0c"",""0d262496-18e1-5973-84a6-84fbda64d0ff"",""447860c8-1d56-518b-88ad-7e103990b756"",""616ecfda-7163-5a8d-ba60-01f623d8b124"",""656bacfc-b102-5379-8db2-2f9f127621e0"",""88f2e658-6155-5924-bc85-63fe2aabb08a"",""9f032fb3-90ca-5749-aff5-1065077ac10e"",""4d2e4005-a84b-525b-a492-d367c5e405d0"",""12b20e20-e117-5c00-83bc-e589b92b730e"",""e97a5398-37b9-5e89-91a9-9b3ae48d9534"",""7a8f92c5-5f85-593a-bf90-08e13c60a2e6"",""aa66f5e3-ac0e-57d6-9b69-aa54ea7c4fb9"",""d07b7490-853e-562b-b662-305e89e7718d"",""596c0800-372d-5056-8a35-9f8661656bf4"",""d08816e6-d4d6-5f35-9de3-d86528fa7a96"",""2e126757-f17e-5ee2-93db-94d31ed944b2"",""5e1af4e2-330f-563f-b639-2d3cd8d276c8"",""49cd1889-2a56-5913-8723-929335f68874"",""82b898ba-3b6d-567f-8996-4f259b74547e"",""d38eb7d2-e78b-5c2f-93e4-2e34846e80e6"",""33effc64-dcfe-5ced-badf-c4df49f68dc1"",""a3a03b99-34c0-504b-b529-32b798db318a"",""8b3ec7b0-123f-5597-95f7-1fafc5810d01"",""035c5442-19b8-5a84-8a59-b352a9660279"",""d6d45010-72fa-5741-b733-88958a8795d2"",""ab8215e5-b753-5a6a-a4e7-ad9caf42eeac"",""1b20061c-b208-551a-b06c-81ffeff623fc"",""9b6d0913-2ae6-5dab-ab36-d05e1c51b208"",""a27c1fb2-edc1-57e6-9d74-adb5a13fed3b"",""4696448b-8c21-591b-80cc-7344ea0b95ec"",""c1d75a33-928c-5636-b99c-def1fb29e0f5"",""61eebfb6-2555-5bce-ba71-7a750427392a"",""aba074a1-d451-595d-bc12-e257adbe7383"",""1ca34094-ee4d-5962-a78a-174d361a9cd3"",""7edb0577-da07-5c6f-8391-bb90e9822165"",""d7c5d484-54dc-5d1e-a3ac-65d60267a12c"",""f416cc8b-3bc2-5c4c-a91c-c56faf748684""]","[""72d0c674-d8be-4648-9e33-305f121cf268"",""c7c26cfa-935c-4322-a4a2-1f277923eccd""]",,,M6-evaluator-v1,observed,oracle,422,text,UP-R6-01-S03-HTTP,independent public-contract comparison,M6-ASSERTION-8c6475f2-8a4a-413a-9c38-689c31bd69eb,,,,,,,,,2026-10-07T03:23:04.819078Z,,200,,2d9849af-4973-4fd8-a822-d8a60e17e5f5,2efa8bbf-ba14-4157-a327-2ae052f8ad7e,72d0c674-d8be-4648-9e33-305f121cf268,,192fa6e2-c0a0-4dce-be25-50d8e9c59468,,,,R6,c7c26cfa-935c-4322-a4a2-1f277923eccd,,,,,,,1,failed,UP-R6-01,,,,,,,54c3aba8-cb42-5023-9591-5cdd68bdd7c5,6852f6bd-ec09-4aa3-98a6-6aa6065e725e,evidence observations; interpretation separate
M7-analysis-v5,5e0fbfc05fae86466156411ca5406afbafd0bf52c6a8714a5a061a4369bcd6c8,R6,dbb63e68d4ed9e904fa985aa5b88d674205b6caab086a8d981ac8918a9c68fb5,"[""4afc763c-033e-501c-9c9c-453207d31e62"",""1fed9611-d0cc-51e5-86e7-4ba237c836a2"",""0e4d4039-5409-5be7-a300-ded85e9c22d7"",""1c4afc6f-6679-57b7-ab6b-cec3053e85a1"",""76216ff6-0dab-5f43-913f-741c2deb7596"",""fe7c5fea-171a-5d3e-b93c-b9d53dca7c67"",""784c942d-b222-5013-a2e4-de4aa477a143"",""2f2d84f4-6f41-5df7-a828-cc0a3d9cdddf"",""c68f6332-f200-5595-940d-e5bcad78f1fe"",""54c3aba8-cb42-5023-9591-5cdd68bdd7c5"",""b9ac296e-4c6c-5cdc-9e03-14868c124af2"",""022ddff9-4332-5ba5-b884-42537f220a0c"",""0d262496-18e1-5973-84a6-84fbda64d0ff"",""447860c8-1d56-518b-88ad-7e103990b756"",""616ecfda-7163-5a8d-ba60-01f623d8b124"",""656bacfc-b102-5379-8db2-2f9f127621e0"",""88f2e658-6155-5924-bc85-63fe2aabb08a"",""9f032fb3-90ca-5749-aff5-1065077ac10e"",""4d2e4005-a84b-525b-a492-d367c5e405d0"",""12b20e20-e117-5c00-83bc-e589b92b730e"",""e97a5398-37b9-5e89-91a9-9b3ae48d9534"",""7a8f92c5-5f85-593a-bf90-08e13c60a2e6"",""aa66f5e3-ac0e-57d6-9b69-aa54ea7c4fb9"",""d07b7490-853e-562b-b662-305e89e7718d"",""596c0800-372d-5056-8a35-9f8661656bf4"",""d08816e6-d4d6-5f35-9de3-d86528fa7a96"",""2e126757-f17e-5ee2-93db-94d31ed944b2"",""5e1af4e2-330f-563f-b639-2d3cd8d276c8"",""49cd1889-2a56-5913-8723-929335f68874"",""82b898ba-3b6d-567f-8996-4f259b74547e"",""d38eb7d2-e78b-5c2f-93e4-2e34846e80e6"",""33effc64-dcfe-5ced-badf-c4df49f68dc1"",""a3a03b99-34c0-504b-b529-32b798db318a"",""8b3ec7b0-123f-5597-95f7-1fafc5810d01"",""035c5442-19b8-5a84-8a59-b352a9660279"",""d6d45010-72fa-5741-b733-88958a8795d2"",""ab8215e5-b753-5a6a-a4e7-ad9caf42eeac"",""1b20061c-b208-551a-b06c-81ffeff623fc"",""9b6d0913-2ae6-5dab-ab36-d05e1c51b208"",""a27c1fb2-edc1-57e6-9d74-adb5a13fed3b"",""4696448b-8c21-591b-80cc-7344ea0b95ec"",""c1d75a33-928c-5636-b99c-def1fb29e0f5"",""61eebfb6-2555-5bce-ba71-7a750427392a"",""aba074a1-d451-595d-bc12-e257adbe7383"",""1ca34094-ee4d-5962-a78a-174d361a9cd3"",""7edb0577-da07-5c6f-8391-bb90e9822165"",""d7c5d484-54dc-5d1e-a3ac-65d60267a12c"",""f416cc8b-3bc2-5c4c-a91c-c56faf748684""]","[""72d0c674-d8be-4648-9e33-305f121cf268"",""c7c26cfa-935c-4322-a4a2-1f277923eccd""]",,,M6-evaluator-v1,observed,oracle,"{""avatars"":[],""data"":{},""marker"":""INPUT_ERROR"",""region_count"":1}",text,UP-R6-01-S03-RESULT,independent public-contract comparison,M6-ASSERTION-b34c2ebd-b411-490e-9441-84edbfb5a3cd,,,,,,,,,2026-10-07T03:23:04.819500Z,,"{""avatars"":[],""data"":{""path"":""study/uploads/seq-three.png""},""marker"":""SUCCESS"",""region_count"":1}",,2d9849af-4973-4fd8-a822-d8a60e17e5f5,fde74e44-f4ab-462b-9576-918f3c1c3ec4,72d0c674-d8be-4648-9e33-305f121cf268,,192fa6e2-c0a0-4dce-be25-50d8e9c59468,,,,R6,c7c26cfa-935c-4322-a4a2-1f277923eccd,,,,,,,1,failed,UP-R6-01,,,,,,,54c3aba8-cb42-5023-9591-5cdd68bdd7c5,6852f6bd-ec09-4aa3-98a6-6aa6065e725e,evidence observations; interpretation separate
M7-analysis-v5,5e0fbfc05fae86466156411ca5406afbafd0bf52c6a8714a5a061a4369bcd6c8,R6,dbb63e68d4ed9e904fa985aa5b88d674205b6caab086a8d981ac8918a9c68fb5,"[""4afc763c-033e-501c-9c9c-453207d31e62"",""1fed9611-d0cc-51e5-86e7-4ba237c836a2"",""0e4d4039-5409-5be7-a300-ded85e9c22d7"",""1c4afc6f-6679-57b7-ab6b-cec3053e85a1"",""76216ff6-0dab-5f43-913f-741c2deb7596"",""fe7c5fea-171a-5d3e-b93c-b9d53dca7c67"",""784c942d-b222-5013-a2e4-de4aa477a143"",""2f2d84f4-6f41-5df7-a828-cc0a3d9cdddf"",""c68f6332-f200-5595-940d-e5bcad78f1fe"",""54c3aba8-cb42-5023-9591-5cdd68bdd7c5"",""b9ac296e-4c6c-5cdc-9e03-14868c124af2"",""022ddff9-4332-5ba5-b884-42537f220a0c"",""0d262496-18e1-5973-84a6-84fbda64d0ff"",""447860c8-1d56-518b-88ad-7e103990b756"",""616ecfda-7163-5a8d-ba60-01f623d8b124"",""656bacfc-b102-5379-8db2-2f9f127621e0"",""88f2e658-6155-5924-bc85-63fe2aabb08a"",""9f032fb3-90ca-5749-aff5-1065077ac10e"",""4d2e4005-a84b-525b-a492-d367c5e405d0"",""12b20e20-e117-5c00-83bc-e589b92b730e"",""e97a5398-37b9-5e89-91a9-9b3ae48d9534"",""7a8f92c5-5f85-593a-bf90-08e13c60a2e6"",""aa66f5e3-ac0e-57d6-9b69-aa54ea7c4fb9"",""d07b7490-853e-562b-b662-305e89e7718d"",""596c0800-372d-5056-8a35-9f8661656bf4"",""d08816e6-d4d6-5f35-9de3-d86528fa7a96"",""2e126757-f17e-5ee2-93db-94d31ed944b2"",""5e1af4e2-330f-563f-b639-2d3cd8d276c8"",""49cd1889-2a56-5913-8723-929335f68874"",""82b898ba-3b6d-567f-8996-4f259b74547e"",""d38eb7d2-e78b-5c2f-93e4-2e34846e80e6"",""33effc64-dcfe-5ced-badf-c4df49f68dc1"",""a3a03b99-34c0-504b-b529-32b798db318a"",""8b3ec7b0-123f-5597-95f7-1fafc5810d01"",""035c5442-19b8-5a84-8a59-b352a9660279"",""d6d45010-72fa-5741-b733-88958a8795d2"",""ab8215e5-b753-5a6a-a4e7-ad9caf42eeac"",""1b20061c-b208-551a-b06c-81ffeff623fc"",""9b6d0913-2ae6-5dab-ab36-d05e1c51b208"",""a27c1fb2-edc1-57e6-9d74-adb5a13fed3b"",""4696448b-8c21-591b-80cc-7344ea0b95ec"",""c1d75a33-928c-5636-b99c-def1fb29e0f5"",""61eebfb6-2555-5bce-ba71-7a750427392a"",""aba074a1-d451-595d-bc12-e257adbe7383"",""1ca34094-ee4d-5962-a78a-174d361a9cd3"",""7edb0577-da07-5c6f-8391-bb90e9822165"",""d7c5d484-54dc-5d1e-a3ac-65d60267a12c"",""f416cc8b-3bc2-5c4c-a91c-c56faf748684""]","[""72d0c674-d8be-4648-9e33-305f121cf268"",""c7c26cfa-935c-4322-a4a2-1f277923eccd""]",,,M6-evaluator-v1,observed,oracle,"{""sentinel.txt"":{""sha256"":""cc809b73990c3ed04b989c020da6c36cfbefaff047c338817e10d2d086d9ec29"",""size"":28}}",text,UP-R6-01-S03-FILES,independent public-contract comparison,M6-ASSERTION-1fdbb05c-ed4e-4e7c-9545-786565e3fe85,,,,,,,,,2026-10-07T03:23:04.820320Z,,"{""sentinel.txt"":{""sha256"":""cc809b73990c3ed04b989c020da6c36cfbefaff047c338817e10d2d086d9ec29"",""size"":28},""seq-one.png"":{""sha256"":""5152b4f262397512ec8d1d6f076c509a6052674e3814a0c78fb7bf368b4d5b62"",""size"":73},""seq-three.png"":{""sha256"":""31bd12297554963e960c136b22a7a6dade4b234dc5c5a370bb16671f12af98ad"",""size"":73},""seq-two.jpeg"":{""sha256"":""bfd0fb4d7039a1716a766f83be930226c9d8649aa4deeb926013cbe24dd53888"",""size"":777}}",,2d9849af-4973-4fd8-a822-d8a60e17e5f5,9dd8093b-4025-4ec7-8cab-c005d2ec4230,72d0c674-d8be-4648-9e33-305f121cf268,,192fa6e2-c0a0-4dce-be25-50d8e9c59468,,,,R6,c7c26cfa-935c-4322-a4a2-1f277923eccd,,,,,,,1,failed,UP-R6-01,,,,,,,54c3aba8-cb42-5023-9591-5cdd68bdd7c5,6852f6bd-ec09-4aa3-98a6-6aa6065e725e,evidence observations; interpretation separate
M7-analysis-v5,aafe24517e0c42aa10d7d213c640f9c2eafe82ec719a9d17b9b7df300a79e751,R2,dbb63e68d4ed9e904fa985aa5b88d674205b6caab086a8d981ac8918a9c68fb5,"[""4afc763c-033e-501c-9c9c-453207d31e62"",""1fed9611-d0cc-51e5-86e7-4ba237c836a2"",""0e4d4039-5409-5be7-a300-ded85e9c22d7"",""1c4afc6f-6679-57b7-ab6b-cec3053e85a1"",""76216ff6-0dab-5f43-913f-741c2deb7596"",""fe7c5fea-171a-5d3e-b93c-b9d53dca7c67"",""784c942d-b222-5013-a2e4-de4aa477a143"",""2f2d84f4-6f41-5df7-a828-cc0a3d9cdddf"",""c68f6332-f200-5595-940d-e5bcad78f1fe"",""54c3aba8-cb42-5023-9591-5cdd68bdd7c5"",""b9ac296e-4c6c-5cdc-9e03-14868c124af2"",""022ddff9-4332-5ba5-b884-42537f220a0c"",""0d262496-18e1-5973-84a6-84fbda64d0ff"",""447860c8-1d56-518b-88ad-7e103990b756"",""616ecfda-7163-5a8d-ba60-01f623d8b124"",""656bacfc-b102-5379-8db2-2f9f127621e0"",""88f2e658-6155-5924-bc85-63fe2aabb08a"",""9f032fb3-90ca-5749-aff5-1065077ac10e"",""4d2e4005-a84b-525b-a492-d367c5e405d0"",""12b20e20-e117-5c00-83bc-e589b92b730e"",""e97a5398-37b9-5e89-91a9-9b3ae48d9534"",""7a8f92c5-5f85-593a-bf90-08e13c60a2e6"",""aa66f5e3-ac0e-57d6-9b69-aa54ea7c4fb9"",""d07b7490-853e-562b-b662-305e89e7718d"",""596c0800-372d-5056-8a35-9f8661656bf4"",""d08816e6-d4d6-5f35-9de3-d86528fa7a96"",""2e126757-f17e-5ee2-93db-94d31ed944b2"",""5e1af4e2-330f-563f-b639-2d3cd8d276c8"",""49cd1889-2a56-5913-8723-929335f68874"",""82b898ba-3b6d-567f-8996-4f259b74547e"",""d38eb7d2-e78b-5c2f-93e4-2e34846e80e6"",""33effc64-dcfe-5ced-badf-c4df49f68dc1"",""a3a03b99-34c0-504b-b529-32b798db318a"",""8b3ec7b0-123f-5597-95f7-1fafc5810d01"",""035c5442-19b8-5a84-8a59-b352a9660279"",""d6d45010-72fa-5741-b733-88958a8795d2"",""ab8215e5-b753-5a6a-a4e7-ad9caf42eeac"",""1b20061c-b208-551a-b06c-81ffeff623fc"",""9b6d0913-2ae6-5dab-ab36-d05e1c51b208"",""a27c1fb2-edc1-57e6-9d74-adb5a13fed3b"",""4696448b-8c21-591b-80cc-7344ea0b95ec"",""c1d75a33-928c-5636-b99c-def1fb29e0f5"",""61eebfb6-2555-5bce-ba71-7a750427392a"",""aba074a1-d451-595d-bc12-e257adbe7383"",""1ca34094-ee4d-5962-a78a-174d361a9cd3"",""7edb0577-da07-5c6f-8391-bb90e9822165"",""d7c5d484-54dc-5d1e-a3ac-65d60267a12c"",""f416cc8b-3bc2-5c4c-a91c-c56faf748684""]","[""97cbe6bc-8157-4502-bf16-e31d0393abef"",""79177ee9-cc2f-45bb-9048-b622909a0b86""]",,,M6-evaluator-v1,observed,oracle,500,text,UP-R2-02-S01-HTTP,independent public-contract comparison,M6-ASSERTION-57714158-b814-4eeb-9621-00969b995d2d,,,,,,,,,2026-10-07T15:59:09.968459Z,,200,,2d9849af-4973-4fd8-a822-d8a60e17e5f5,75c7a9df-0eb1-4cbc-a93f-bdb2edac6dca,97cbe6bc-8157-4502-bf16-e31d0393abef,,c437e128-dde9-4dfd-bac4-ec5edf85486b,,,,R2,79177ee9-cc2f-45bb-9048-b622909a0b86,,,,,,,1,failed,UP-R2-02,,,,,,,82b898ba-3b6d-567f-8996-4f259b74547e,c0d5b7eb-7f69-4787-8e55-d41af4ffdcab,evidence observations; interpretation separate
M7-analysis-v5,aafe24517e0c42aa10d7d213c640f9c2eafe82ec719a9d17b9b7df300a79e751,R2,dbb63e68d4ed9e904fa985aa5b88d674205b6caab086a8d981ac8918a9c68fb5,"[""4afc763c-033e-501c-9c9c-453207d31e62"",""1fed9611-d0cc-51e5-86e7-4ba237c836a2"",""0e4d4039-5409-5be7-a300-ded85e9c22d7"",""1c4afc6f-6679-57b7-ab6b-cec3053e85a1"",""76216ff6-0dab-5f43-913f-741c2deb7596"",""fe7c5fea-171a-5d3e-b93c-b9d53dca7c67"",""784c942d-b222-5013-a2e4-de4aa477a143"",""2f2d84f4-6f41-5df7-a828-cc0a3d9cdddf"",""c68f6332-f200-5595-940d-e5bcad78f1fe"",""54c3aba8-cb42-5023-9591-5cdd68bdd7c5"",""b9ac296e-4c6c-5cdc-9e03-14868c124af2"",""022ddff9-4332-5ba5-b884-42537f220a0c"",""0d262496-18e1-5973-84a6-84fbda64d0ff"",""447860c8-1d56-518b-88ad-7e103990b756"",""616ecfda-7163-5a8d-ba60-01f623d8b124"",""656bacfc-b102-5379-8db2-2f9f127621e0"",""88f2e658-6155-5924-bc85-63fe2aabb08a"",""9f032fb3-90ca-5749-aff5-1065077ac10e"",""4d2e4005-a84b-525b-a492-d367c5e405d0"",""12b20e20-e117-5c00-83bc-e589b92b730e"",""e97a5398-37b9-5e89-91a9-9b3ae48d9534"",""7a8f92c5-5f85-593a-bf90-08e13c60a2e6"",""aa66f5e3-ac0e-57d6-9b69-aa54ea7c4fb9"",""d07b7490-853e-562b-b662-305e89e7718d"",""596c0800-372d-5056-8a35-9f8661656bf4"",""d08816e6-d4d6-5f35-9de3-d86528fa7a96"",""2e126757-f17e-5ee2-93db-94d31ed944b2"",""5e1af4e2-330f-563f-b639-2d3cd8d276c8"",""49cd1889-2a56-5913-8723-929335f68874"",""82b898ba-3b6d-567f-8996-4f259b74547e"",""d38eb7d2-e78b-5c2f-93e4-2e34846e80e6"",""33effc64-dcfe-5ced-badf-c4df49f68dc1"",""a3a03b99-34c0-504b-b529-32b798db318a"",""8b3ec7b0-123f-5597-95f7-1fafc5810d01"",""035c5442-19b8-5a84-8a59-b352a9660279"",""d6d45010-72fa-5741-b733-88958a8795d2"",""ab8215e5-b753-5a6a-a4e7-ad9caf42eeac"",""1b20061c-b208-551a-b06c-81ffeff623fc"",""9b6d0913-2ae6-5dab-ab36-d05e1c51b208"",""a27c1fb2-edc1-57e6-9d74-adb5a13fed3b"",""4696448b-8c21-591b-80cc-7344ea0b95ec"",""c1d75a33-928c-5636-b99c-def1fb29e0f5"",""61eebfb6-2555-5bce-ba71-7a750427392a"",""aba074a1-d451-595d-bc12-e257adbe7383"",""1ca34094-ee4d-5962-a78a-174d361a9cd3"",""7edb0577-da07-5c6f-8391-bb90e9822165"",""d7c5d484-54dc-5d1e-a3ac-65d60267a12c"",""f416cc8b-3bc2-5c4c-a91c-c56faf748684""]","[""97cbe6bc-8157-4502-bf16-e31d0393abef"",""79177ee9-cc2f-45bb-9048-b622909a0b86""]",,,M6-evaluator-v1,observed,oracle,"{""avatars"":[],""data"":{},""marker"":null,""region_count"":0}",text,UP-R2-02-S01-RESULT,independent public-contract comparison,M6-ASSERTION-d8f36d5f-9c08-4186-93bf-8043454be92f,,,,,,,,,2026-10-07T15:59:09.968880Z,,"{""avatars"":[],""data"":{""path"":""study/uploads/blue.jpg""},""marker"":""SUCCESS"",""region_count"":1}",,2d9849af-4973-4fd8-a822-d8a60e17e5f5,a414614c-8a92-4bab-b32e-24494358c0ca,97cbe6bc-8157-4502-bf16-e31d0393abef,,c437e128-dde9-4dfd-bac4-ec5edf85486b,,,,R2,79177ee9-cc2f-45bb-9048-b622909a0b86,,,,,,,1,failed,UP-R2-02,,,,,,,82b898ba-3b6d-567f-8996-4f259b74547e,c0d5b7eb-7f69-4787-8e55-d41af4ffdcab,evidence observations; interpretation separate
M7-analysis-v5,aafe24517e0c42aa10d7d213c640f9c2eafe82ec719a9d17b9b7df300a79e751,R2,dbb63e68d4ed9e904fa985aa5b88d674205b6caab086a8d981ac8918a9c68fb5,"[""4afc763c-033e-501c-9c9c-453207d31e62"",""1fed9611-d0cc-51e5-86e7-4ba237c836a2"",""0e4d4039-5409-5be7-a300-ded85e9c22d7"",""1c4afc6f-6679-57b7-ab6b-cec3053e85a1"",""76216ff6-0dab-5f43-913f-741c2deb7596"",""fe7c5fea-171a-5d3e-b93c-b9d53dca7c67"",""784c942d-b222-5013-a2e4-de4aa477a143"",""2f2d84f4-6f41-5df7-a828-cc0a3d9cdddf"",""c68f6332-f200-5595-940d-e5bcad78f1fe"",""54c3aba8-cb42-5023-9591-5cdd68bdd7c5"",""b9ac296e-4c6c-5cdc-9e03-14868c124af2"",""022ddff9-4332-5ba5-b884-42537f220a0c"",""0d262496-18e1-5973-84a6-84fbda64d0ff"",""447860c8-1d56-518b-88ad-7e103990b756"",""616ecfda-7163-5a8d-ba60-01f623d8b124"",""656bacfc-b102-5379-8db2-2f9f127621e0"",""88f2e658-6155-5924-bc85-63fe2aabb08a"",""9f032fb3-90ca-5749-aff5-1065077ac10e"",""4d2e4005-a84b-525b-a492-d367c5e405d0"",""12b20e20-e117-5c00-83bc-e589b92b730e"",""e97a5398-37b9-5e89-91a9-9b3ae48d9534"",""7a8f92c5-5f85-593a-bf90-08e13c60a2e6"",""aa66f5e3-ac0e-57d6-9b69-aa54ea7c4fb9"",""d07b7490-853e-562b-b662-305e89e7718d"",""596c0800-372d-5056-8a35-9f8661656bf4"",""d08816e6-d4d6-5f35-9de3-d86528fa7a96"",""2e126757-f17e-5ee2-93db-94d31ed944b2"",""5e1af4e2-330f-563f-b639-2d3cd8d276c8"",""49cd1889-2a56-5913-8723-929335f68874"",""82b898ba-3b6d-567f-8996-4f259b74547e"",""d38eb7d2-e78b-5c2f-93e4-2e34846e80e6"",""33effc64-dcfe-5ced-badf-c4df49f68dc1"",""a3a03b99-34c0-504b-b529-32b798db318a"",""8b3ec7b0-123f-5597-95f7-1fafc5810d01"",""035c5442-19b8-5a84-8a59-b352a9660279"",""d6d45010-72fa-5741-b733-88958a8795d2"",""ab8215e5-b753-5a6a-a4e7-ad9caf42eeac"",""1b20061c-b208-551a-b06c-81ffeff623fc"",""9b6d0913-2ae6-5dab-ab36-d05e1c51b208"",""a27c1fb2-edc1-57e6-9d74-adb5a13fed3b"",""4696448b-8c21-591b-80cc-7344ea0b95ec"",""c1d75a33-928c-5636-b99c-def1fb29e0f5"",""61eebfb6-2555-5bce-ba71-7a750427392a"",""aba074a1-d451-595d-bc12-e257adbe7383"",""1ca34094-ee4d-5962-a78a-174d361a9cd3"",""7edb0577-da07-5c6f-8391-bb90e9822165"",""d7c5d484-54dc-5d1e-a3ac-65d60267a12c"",""f416cc8b-3bc2-5c4c-a91c-c56faf748684""]","[""97cbe6bc-8157-4502-bf16-e31d0393abef"",""79177ee9-cc2f-45bb-9048-b622909a0b86""]",,,M6-evaluator-v1,observed,oracle,"{""sentinel.txt"":{""sha256"":""cc809b73990c3ed04b989c020da6c36cfbefaff047c338817e10d2d086d9ec29"",""size"":28}}",text,UP-R2-02-S01-FILES,independent public-contract comparison,M6-ASSERTION-0bedfdfb-c0bf-403b-bdac-73c3d7814fc8,,,,,,,,,2026-10-07T15:59:09.969715Z,,"{""blue.jpg"":{""sha256"":""bfd0fb4d7039a1716a766f83be930226c9d8649aa4deeb926013cbe24dd53888"",""size"":777},""sentinel.txt"":{""sha256"":""cc809b73990c3ed04b989c020da6c36cfbefaff047c338817e10d2d086d9ec29"",""size"":28}}",,2d9849af-4973-4fd8-a822-d8a60e17e5f5,18673226-b2a7-4a9f-9dad-ba79af1c6e68,97cbe6bc-8157-4502-bf16-e31d0393abef,,c437e128-dde9-4dfd-bac4-ec5edf85486b,,,,R2,79177ee9-cc2f-45bb-9048-b622909a0b86,,,,,,,1,failed,UP-R2-02,,,,,,,82b898ba-3b6d-567f-8996-4f259b74547e,c0d5b7eb-7f69-4787-8e55-d41af4ffdcab,evidence observations; interpretation separate
M7-analysis-v5,aafe24517e0c42aa10d7d213c640f9c2eafe82ec719a9d17b9b7df300a79e751,R2,dbb63e68d4ed9e904fa985aa5b88d674205b6caab086a8d981ac8918a9c68fb5,"[""4afc763c-033e-501c-9c9c-453207d31e62"",""1fed9611-d0cc-51e5-86e7-4ba237c836a2"",""0e4d4039-5409-5be7-a300-ded85e9c22d7"",""1c4afc6f-6679-57b7-ab6b-cec3053e85a1"",""76216ff6-0dab-5f43-913f-741c2deb7596"",""fe7c5fea-171a-5d3e-b93c-b9d53dca7c67"",""784c942d-b222-5013-a2e4-de4aa477a143"",""2f2d84f4-6f41-5df7-a828-cc0a3d9cdddf"",""c68f6332-f200-5595-940d-e5bcad78f1fe"",""54c3aba8-cb42-5023-9591-5cdd68bdd7c5"",""b9ac296e-4c6c-5cdc-9e03-14868c124af2"",""022ddff9-4332-5ba5-b884-42537f220a0c"",""0d262496-18e1-5973-84a6-84fbda64d0ff"",""447860c8-1d56-518b-88ad-7e103990b756"",""616ecfda-7163-5a8d-ba60-01f623d8b124"",""656bacfc-b102-5379-8db2-2f9f127621e0"",""88f2e658-6155-5924-bc85-63fe2aabb08a"",""9f032fb3-90ca-5749-aff5-1065077ac10e"",""4d2e4005-a84b-525b-a492-d367c5e405d0"",""12b20e20-e117-5c00-83bc-e589b92b730e"",""e97a5398-37b9-5e89-91a9-9b3ae48d9534"",""7a8f92c5-5f85-593a-bf90-08e13c60a2e6"",""aa66f5e3-ac0e-57d6-9b69-aa54ea7c4fb9"",""d07b7490-853e-562b-b662-305e89e7718d"",""596c0800-372d-5056-8a35-9f8661656bf4"",""d08816e6-d4d6-5f35-9de3-d86528fa7a96"",""2e126757-f17e-5ee2-93db-94d31ed944b2"",""5e1af4e2-330f-563f-b639-2d3cd8d276c8"",""49cd1889-2a56-5913-8723-929335f68874"",""82b898ba-3b6d-567f-8996-4f259b74547e"",""d38eb7d2-e78b-5c2f-93e4-2e34846e80e6"",""33effc64-dcfe-5ced-badf-c4df49f68dc1"",""a3a03b99-34c0-504b-b529-32b798db318a"",""8b3ec7b0-123f-5597-95f7-1fafc5810d01"",""035c5442-19b8-5a84-8a59-b352a9660279"",""d6d45010-72fa-5741-b733-88958a8795d2"",""ab8215e5-b753-5a6a-a4e7-ad9caf42eeac"",""1b20061c-b208-551a-b06c-81ffeff623fc"",""9b6d0913-2ae6-5dab-ab36-d05e1c51b208"",""a27c1fb2-edc1-57e6-9d74-adb5a13fed3b"",""4696448b-8c21-591b-80cc-7344ea0b95ec"",""c1d75a33-928c-5636-b99c-def1fb29e0f5"",""61eebfb6-2555-5bce-ba71-7a750427392a"",""aba074a1-d451-595d-bc12-e257adbe7383"",""1ca34094-ee4d-5962-a78a-174d361a9cd3"",""7edb0577-da07-5c6f-8391-bb90e9822165"",""d7c5d484-54dc-5d1e-a3ac-65d60267a12c"",""f416cc8b-3bc2-5c4c-a91c-c56faf748684""]","[""a124a5b4-b225-416d-977b-a1e5e3a52f33"",""54054347-c31f-45d3-9a50-8e00ece2af50""]",,,M6-evaluator-v1,observed,oracle,500,text,UP-R2-01-S01-HTTP,independent public-contract comparison,M6-ASSERTION-43c44975-4262-4370-9287-15f2f10559fa,,,,,,,,,2026-10-07T15:59:09.965278Z,,200,,2d9849af-4973-4fd8-a822-d8a60e17e5f5,fb9b5f24-a349-438c-ae86-47c4238af41c,a124a5b4-b225-416d-977b-a1e5e3a52f33,,c437e128-dde9-4dfd-bac4-ec5edf85486b,,,,R2,54054347-c31f-45d3-9a50-8e00ece2af50,,,,,,,1,failed,UP-R2-01,,,,,,,82b898ba-3b6d-567f-8996-4f259b74547e,c0d5b7eb-7f69-4787-8e55-d41af4ffdcab,evidence observations; interpretation separate
M7-analysis-v5,aafe24517e0c42aa10d7d213c640f9c2eafe82ec719a9d17b9b7df300a79e751,R2,dbb63e68d4ed9e904fa985aa5b88d674205b6caab086a8d981ac8918a9c68fb5,"[""4afc763c-033e-501c-9c9c-453207d31e62"",""1fed9611-d0cc-51e5-86e7-4ba237c836a2"",""0e4d4039-5409-5be7-a300-ded85e9c22d7"",""1c4afc6f-6679-57b7-ab6b-cec3053e85a1"",""76216ff6-0dab-5f43-913f-741c2deb7596"",""fe7c5fea-171a-5d3e-b93c-b9d53dca7c67"",""784c942d-b222-5013-a2e4-de4aa477a143"",""2f2d84f4-6f41-5df7-a828-cc0a3d9cdddf"",""c68f6332-f200-5595-940d-e5bcad78f1fe"",""54c3aba8-cb42-5023-9591-5cdd68bdd7c5"",""b9ac296e-4c6c-5cdc-9e03-14868c124af2"",""022ddff9-4332-5ba5-b884-42537f220a0c"",""0d262496-18e1-5973-84a6-84fbda64d0ff"",""447860c8-1d56-518b-88ad-7e103990b756"",""616ecfda-7163-5a8d-ba60-01f623d8b124"",""656bacfc-b102-5379-8db2-2f9f127621e0"",""88f2e658-6155-5924-bc85-63fe2aabb08a"",""9f032fb3-90ca-5749-aff5-1065077ac10e"",""4d2e4005-a84b-525b-a492-d367c5e405d0"",""12b20e20-e117-5c00-83bc-e589b92b730e"",""e97a5398-37b9-5e89-91a9-9b3ae48d9534"",""7a8f92c5-5f85-593a-bf90-08e13c60a2e6"",""aa66f5e3-ac0e-57d6-9b69-aa54ea7c4fb9"",""d07b7490-853e-562b-b662-305e89e7718d"",""596c0800-372d-5056-8a35-9f8661656bf4"",""d08816e6-d4d6-5f35-9de3-d86528fa7a96"",""2e126757-f17e-5ee2-93db-94d31ed944b2"",""5e1af4e2-330f-563f-b639-2d3cd8d276c8"",""49cd1889-2a56-5913-8723-929335f68874"",""82b898ba-3b6d-567f-8996-4f259b74547e"",""d38eb7d2-e78b-5c2f-93e4-2e34846e80e6"",""33effc64-dcfe-5ced-badf-c4df49f68dc1"",""a3a03b99-34c0-504b-b529-32b798db318a"",""8b3ec7b0-123f-5597-95f7-1fafc5810d01"",""035c5442-19b8-5a84-8a59-b352a9660279"",""d6d45010-72fa-5741-b733-88958a8795d2"",""ab8215e5-b753-5a6a-a4e7-ad9caf42eeac"",""1b20061c-b208-551a-b06c-81ffeff623fc"",""9b6d0913-2ae6-5dab-ab36-d05e1c51b208"",""a27c1fb2-edc1-57e6-9d74-adb5a13fed3b"",""4696448b-8c21-591b-80cc-7344ea0b95ec"",""c1d75a33-928c-5636-b99c-def1fb29e0f5"",""61eebfb6-2555-5bce-ba71-7a750427392a"",""aba074a1-d451-595d-bc12-e257adbe7383"",""1ca34094-ee4d-5962-a78a-174d361a9cd3"",""7edb0577-da07-5c6f-8391-bb90e9822165"",""d7c5d484-54dc-5d1e-a3ac-65d60267a12c"",""f416cc8b-3bc2-5c4c-a91c-c56faf748684""]","[""a124a5b4-b225-416d-977b-a1e5e3a52f33"",""54054347-c31f-45d3-9a50-8e00ece2af50""]",,,M6-evaluator-v1,observed,oracle,"{""avatars"":[],""data"":{},""marker"":null,""region_count"":0}",text,UP-R2-01-S01-RESULT,independent public-contract comparison,M6-ASSERTION-4a440f49-59e5-405e-8f81-2d0caa12897e,,,,,,,,,2026-10-07T15:59:09.965703Z,,"{""avatars"":[],""data"":{""path"":""study/uploads/amber.png""},""marker"":""SUCCESS"",""region_count"":1}",,2d9849af-4973-4fd8-a822-d8a60e17e5f5,3a31b248-282e-4765-98dd-15aa8722c36a,a124a5b4-b225-416d-977b-a1e5e3a52f33,,c437e128-dde9-4dfd-bac4-ec5edf85486b,,,,R2,54054347-c31f-45d3-9a50-8e00ece2af50,,,,,,,1,failed,UP-R2-01,,,,,,,82b898ba-3b6d-567f-8996-4f259b74547e,c0d5b7eb-7f69-4787-8e55-d41af4ffdcab,evidence observations; interpretation separate
M7-analysis-v5,aafe24517e0c42aa10d7d213c640f9c2eafe82ec719a9d17b9b7df300a79e751,R2,dbb63e68d4ed9e904fa985aa5b88d674205b6caab086a8d981ac8918a9c68fb5,"[""4afc763c-033e-501c-9c9c-453207d31e62"",""1fed9611-d0cc-51e5-86e7-4ba237c836a2"",""0e4d4039-5409-5be7-a300-ded85e9c22d7"",""1c4afc6f-6679-57b7-ab6b-cec3053e85a1"",""76216ff6-0dab-5f43-913f-741c2deb7596"",""fe7c5fea-171a-5d3e-b93c-b9d53dca7c67"",""784c942d-b222-5013-a2e4-de4aa477a143"",""2f2d84f4-6f41-5df7-a828-cc0a3d9cdddf"",""c68f6332-f200-5595-940d-e5bcad78f1fe"",""54c3aba8-cb42-5023-9591-5cdd68bdd7c5"",""b9ac296e-4c6c-5cdc-9e03-14868c124af2"",""022ddff9-4332-5ba5-b884-42537f220a0c"",""0d262496-18e1-5973-84a6-84fbda64d0ff"",""447860c8-1d56-518b-88ad-7e103990b756"",""616ecfda-7163-5a8d-ba60-01f623d8b124"",""656bacfc-b102-5379-8db2-2f9f127621e0"",""88f2e658-6155-5924-bc85-63fe2aabb08a"",""9f032fb3-90ca-5749-aff5-1065077ac10e"",""4d2e4005-a84b-525b-a492-d367c5e405d0"",""12b20e20-e117-5c00-83bc-e589b92b730e"",""e97a5398-37b9-5e89-91a9-9b3ae48d9534"",""7a8f92c5-5f85-593a-bf90-08e13c60a2e6"",""aa66f5e3-ac0e-57d6-9b69-aa54ea7c4fb9"",""d07b7490-853e-562b-b662-305e89e7718d"",""596c0800-372d-5056-8a35-9f8661656bf4"",""d08816e6-d4d6-5f35-9de3-d86528fa7a96"",""2e126757-f17e-5ee2-93db-94d31ed944b2"",""5e1af4e2-330f-563f-b639-2d3cd8d276c8"",""49cd1889-2a56-5913-8723-929335f68874"",""82b898ba-3b6d-567f-8996-4f259b74547e"",""d38eb7d2-e78b-5c2f-93e4-2e34846e80e6"",""33effc64-dcfe-5ced-badf-c4df49f68dc1"",""a3a03b99-34c0-504b-b529-32b798db318a"",""8b3ec7b0-123f-5597-95f7-1fafc5810d01"",""035c5442-19b8-5a84-8a59-b352a9660279"",""d6d45010-72fa-5741-b733-88958a8795d2"",""ab8215e5-b753-5a6a-a4e7-ad9caf42eeac"",""1b20061c-b208-551a-b06c-81ffeff623fc"",""9b6d0913-2ae6-5dab-ab36-d05e1c51b208"",""a27c1fb2-edc1-57e6-9d74-adb5a13fed3b"",""4696448b-8c21-591b-80cc-7344ea0b95ec"",""c1d75a33-928c-5636-b99c-def1fb29e0f5"",""61eebfb6-2555-5bce-ba71-7a750427392a"",""aba074a1-d451-595d-bc12-e257adbe7383"",""1ca34094-ee4d-5962-a78a-174d361a9cd3"",""7edb0577-da07-5c6f-8391-bb90e9822165"",""d7c5d484-54dc-5d1e-a3ac-65d60267a12c"",""f416cc8b-3bc2-5c4c-a91c-c56faf748684""]","[""a124a5b4-b225-416d-977b-a1e5e3a52f33"",""54054347-c31f-45d3-9a50-8e00ece2af50""]",,,M6-evaluator-v1,observed,oracle,"{""sentinel.txt"":{""sha256"":""cc809b73990c3ed04b989c020da6c36cfbefaff047c338817e10d2d086d9ec29"",""size"":28}}",text,UP-R2-01-S01-FILES,independent public-contract comparison,M6-ASSERTION-bc593e9d-373f-4928-a5e7-44fd98ce4762,,,,,,,,,2026-10-07T15:59:09.967644Z,,"{""amber.png"":{""sha256"":""5152b4f262397512ec8d1d6f076c509a6052674e3814a0c78fb7bf368b4d5b62"",""size"":73},""sentinel.txt"":{""sha256"":""cc809b73990c3ed04b989c020da6c36cfbefaff047c338817e10d2d086d9ec29"",""size"":28}}",,2d9849af-4973-4fd8-a822-d8a60e17e5f5,630bcc60-f132-4f1f-a930-aeb3bf927935,a124a5b4-b225-416d-977b-a1e5e3a52f33,,c437e128-dde9-4dfd-bac4-ec5edf85486b,,,,R2,54054347-c31f-45d3-9a50-8e00ece2af50,,,,,,,1,failed,UP-R2-01,,,,,,,82b898ba-3b6d-567f-8996-4f259b74547e,c0d5b7eb-7f69-4787-8e55-d41af4ffdcab,evidence observations; interpretation separate
M7-analysis-v5,aafe24517e0c42aa10d7d213c640f9c2eafe82ec719a9d17b9b7df300a79e751,R3,dbb63e68d4ed9e904fa985aa5b88d674205b6caab086a8d981ac8918a9c68fb5,"[""4afc763c-033e-501c-9c9c-453207d31e62"",""1fed9611-d0cc-51e5-86e7-4ba237c836a2"",""0e4d4039-5409-5be7-a300-ded85e9c22d7"",""1c4afc6f-6679-57b7-ab6b-cec3053e85a1"",""76216ff6-0dab-5f43-913f-741c2deb7596"",""fe7c5fea-171a-5d3e-b93c-b9d53dca7c67"",""784c942d-b222-5013-a2e4-de4aa477a143"",""2f2d84f4-6f41-5df7-a828-cc0a3d9cdddf"",""c68f6332-f200-5595-940d-e5bcad78f1fe"",""54c3aba8-cb42-5023-9591-5cdd68bdd7c5"",""b9ac296e-4c6c-5cdc-9e03-14868c124af2"",""022ddff9-4332-5ba5-b884-42537f220a0c"",""0d262496-18e1-5973-84a6-84fbda64d0ff"",""447860c8-1d56-518b-88ad-7e103990b756"",""616ecfda-7163-5a8d-ba60-01f623d8b124"",""656bacfc-b102-5379-8db2-2f9f127621e0"",""88f2e658-6155-5924-bc85-63fe2aabb08a"",""9f032fb3-90ca-5749-aff5-1065077ac10e"",""4d2e4005-a84b-525b-a492-d367c5e405d0"",""12b20e20-e117-5c00-83bc-e589b92b730e"",""e97a5398-37b9-5e89-91a9-9b3ae48d9534"",""7a8f92c5-5f85-593a-bf90-08e13c60a2e6"",""aa66f5e3-ac0e-57d6-9b69-aa54ea7c4fb9"",""d07b7490-853e-562b-b662-305e89e7718d"",""596c0800-372d-5056-8a35-9f8661656bf4"",""d08816e6-d4d6-5f35-9de3-d86528fa7a96"",""2e126757-f17e-5ee2-93db-94d31ed944b2"",""5e1af4e2-330f-563f-b639-2d3cd8d276c8"",""49cd1889-2a56-5913-8723-929335f68874"",""82b898ba-3b6d-567f-8996-4f259b74547e"",""d38eb7d2-e78b-5c2f-93e4-2e34846e80e6"",""33effc64-dcfe-5ced-badf-c4df49f68dc1"",""a3a03b99-34c0-504b-b529-32b798db318a"",""8b3ec7b0-123f-5597-95f7-1fafc5810d01"",""035c5442-19b8-5a84-8a59-b352a9660279"",""d6d45010-72fa-5741-b733-88958a8795d2"",""ab8215e5-b753-5a6a-a4e7-ad9caf42eeac"",""1b20061c-b208-551a-b06c-81ffeff623fc"",""9b6d0913-2ae6-5dab-ab36-d05e1c51b208"",""a27c1fb2-edc1-57e6-9d74-adb5a13fed3b"",""4696448b-8c21-591b-80cc-7344ea0b95ec"",""c1d75a33-928c-5636-b99c-def1fb29e0f5"",""61eebfb6-2555-5bce-ba71-7a750427392a"",""aba074a1-d451-595d-bc12-e257adbe7383"",""1ca34094-ee4d-5962-a78a-174d361a9cd3"",""7edb0577-da07-5c6f-8391-bb90e9822165"",""d7c5d484-54dc-5d1e-a3ac-65d60267a12c"",""f416cc8b-3bc2-5c4c-a91c-c56faf748684""]","[""e68b46fd-d568-4027-ab34-f091f27f0cd6"",""3cfd4e41-e795-488e-947a-e64968692235""]",,,M6-evaluator-v1,observed,oracle,"{""avatars"":[],""data"":{},""marker"":null,""region_count"":0}",text,UP-R3-01-S01-RESULT,independent public-contract comparison,M6-ASSERTION-7b4a980e-b9bb-4624-b390-9c98d5f3254a,,,,,,,,,2026-10-07T15:59:09.970950Z,,"{""avatars"":[],""data"":{},""marker"":""UPLOAD_ERROR"",""region_count"":1}",,2d9849af-4973-4fd8-a822-d8a60e17e5f5,bd74d9d3-f356-417e-852a-44569575e17f,e68b46fd-d568-4027-ab34-f091f27f0cd6,,c437e128-dde9-4dfd-bac4-ec5edf85486b,,,,R3,3cfd4e41-e795-488e-947a-e64968692235,,,,,,,1,failed,UP-R3-01,,,,,,,82b898ba-3b6d-567f-8996-4f259b74547e,c0d5b7eb-7f69-4787-8e55-d41af4ffdcab,evidence observations; interpretation separate
M7-analysis-v5,aafe24517e0c42aa10d7d213c640f9c2eafe82ec719a9d17b9b7df300a79e751,R5,dbb63e68d4ed9e904fa985aa5b88d674205b6caab086a8d981ac8918a9c68fb5,"[""4afc763c-033e-501c-9c9c-453207d31e62"",""1fed9611-d0cc-51e5-86e7-4ba237c836a2"",""0e4d4039-5409-5be7-a300-ded85e9c22d7"",""1c4afc6f-6679-57b7-ab6b-cec3053e85a1"",""76216ff6-0dab-5f43-913f-741c2deb7596"",""fe7c5fea-171a-5d3e-b93c-b9d53dca7c67"",""784c942d-b222-5013-a2e4-de4aa477a143"",""2f2d84f4-6f41-5df7-a828-cc0a3d9cdddf"",""c68f6332-f200-5595-940d-e5bcad78f1fe"",""54c3aba8-cb42-5023-9591-5cdd68bdd7c5"",""b9ac296e-4c6c-5cdc-9e03-14868c124af2"",""022ddff9-4332-5ba5-b884-42537f220a0c"",""0d262496-18e1-5973-84a6-84fbda64d0ff"",""447860c8-1d56-518b-88ad-7e103990b756"",""616ecfda-7163-5a8d-ba60-01f623d8b124"",""656bacfc-b102-5379-8db2-2f9f127621e0"",""88f2e658-6155-5924-bc85-63fe2aabb08a"",""9f032fb3-90ca-5749-aff5-1065077ac10e"",""4d2e4005-a84b-525b-a492-d367c5e405d0"",""12b20e20-e117-5c00-83bc-e589b92b730e"",""e97a5398-37b9-5e89-91a9-9b3ae48d9534"",""7a8f92c5-5f85-593a-bf90-08e13c60a2e6"",""aa66f5e3-ac0e-57d6-9b69-aa54ea7c4fb9"",""d07b7490-853e-562b-b662-305e89e7718d"",""596c0800-372d-5056-8a35-9f8661656bf4"",""d08816e6-d4d6-5f35-9de3-d86528fa7a96"",""2e126757-f17e-5ee2-93db-94d31ed944b2"",""5e1af4e2-330f-563f-b639-2d3cd8d276c8"",""49cd1889-2a56-5913-8723-929335f68874"",""82b898ba-3b6d-567f-8996-4f259b74547e"",""d38eb7d2-e78b-5c2f-93e4-2e34846e80e6"",""33effc64-dcfe-5ced-badf-c4df49f68dc1"",""a3a03b99-34c0-504b-b529-32b798db318a"",""8b3ec7b0-123f-5597-95f7-1fafc5810d01"",""035c5442-19b8-5a84-8a59-b352a9660279"",""d6d45010-72fa-5741-b733-88958a8795d2"",""ab8215e5-b753-5a6a-a4e7-ad9caf42eeac"",""1b20061c-b208-551a-b06c-81ffeff623fc"",""9b6d0913-2ae6-5dab-ab36-d05e1c51b208"",""a27c1fb2-edc1-57e6-9d74-adb5a13fed3b"",""4696448b-8c21-591b-80cc-7344ea0b95ec"",""c1d75a33-928c-5636-b99c-def1fb29e0f5"",""61eebfb6-2555-5bce-ba71-7a750427392a"",""aba074a1-d451-595d-bc12-e257adbe7383"",""1ca34094-ee4d-5962-a78a-174d361a9cd3"",""7edb0577-da07-5c6f-8391-bb90e9822165"",""d7c5d484-54dc-5d1e-a3ac-65d60267a12c"",""f416cc8b-3bc2-5c4c-a91c-c56faf748684""]","[""1aeba6d5-fa8d-414d-b73a-0736bb52668c"",""6a073af9-1b90-42c5-bda0-08f37165c68d""]",,,M6-evaluator-v1,observed,oracle,500,text,UP-R5-01-S01-HTTP,independent public-contract comparison,M6-ASSERTION-7b563540-fe02-4b11-a2e4-a3471ff18f9b,,,,,,,,,2026-10-07T15:59:09.977843Z,,200,,2d9849af-4973-4fd8-a822-d8a60e17e5f5,ba742da3-6159-4cee-a58b-c2c1d26639ec,1aeba6d5-fa8d-414d-b73a-0736bb52668c,,c437e128-dde9-4dfd-bac4-ec5edf85486b,,,,R5,6a073af9-1b90-42c5-bda0-08f37165c68d,,,,,,,1,failed,UP-R5-01,,,,,,,82b898ba-3b6d-567f-8996-4f259b74547e,c0d5b7eb-7f69-4787-8e55-d41af4ffdcab,evidence observations; interpretation separate
M7-analysis-v5,aafe24517e0c42aa10d7d213c640f9c2eafe82ec719a9d17b9b7df300a79e751,R5,dbb63e68d4ed9e904fa985aa5b88d674205b6caab086a8d981ac8918a9c68fb5,"[""4afc763c-033e-501c-9c9c-453207d31e62"",""1fed9611-d0cc-51e5-86e7-4ba237c836a2"",""0e4d4039-5409-5be7-a300-ded85e9c22d7"",""1c4afc6f-6679-57b7-ab6b-cec3053e85a1"",""76216ff6-0dab-5f43-913f-741c2deb7596"",""fe7c5fea-171a-5d3e-b93c-b9d53dca7c67"",""784c942d-b222-5013-a2e4-de4aa477a143"",""2f2d84f4-6f41-5df7-a828-cc0a3d9cdddf"",""c68f6332-f200-5595-940d-e5bcad78f1fe"",""54c3aba8-cb42-5023-9591-5cdd68bdd7c5"",""b9ac296e-4c6c-5cdc-9e03-14868c124af2"",""022ddff9-4332-5ba5-b884-42537f220a0c"",""0d262496-18e1-5973-84a6-84fbda64d0ff"",""447860c8-1d56-518b-88ad-7e103990b756"",""616ecfda-7163-5a8d-ba60-01f623d8b124"",""656bacfc-b102-5379-8db2-2f9f127621e0"",""88f2e658-6155-5924-bc85-63fe2aabb08a"",""9f032fb3-90ca-5749-aff5-1065077ac10e"",""4d2e4005-a84b-525b-a492-d367c5e405d0"",""12b20e20-e117-5c00-83bc-e589b92b730e"",""e97a5398-37b9-5e89-91a9-9b3ae48d9534"",""7a8f92c5-5f85-593a-bf90-08e13c60a2e6"",""aa66f5e3-ac0e-57d6-9b69-aa54ea7c4fb9"",""d07b7490-853e-562b-b662-305e89e7718d"",""596c0800-372d-5056-8a35-9f8661656bf4"",""d08816e6-d4d6-5f35-9de3-d86528fa7a96"",""2e126757-f17e-5ee2-93db-94d31ed944b2"",""5e1af4e2-330f-563f-b639-2d3cd8d276c8"",""49cd1889-2a56-5913-8723-929335f68874"",""82b898ba-3b6d-567f-8996-4f259b74547e"",""d38eb7d2-e78b-5c2f-93e4-2e34846e80e6"",""33effc64-dcfe-5ced-badf-c4df49f68dc1"",""a3a03b99-34c0-504b-b529-32b798db318a"",""8b3ec7b0-123f-5597-95f7-1fafc5810d01"",""035c5442-19b8-5a84-8a59-b352a9660279"",""d6d45010-72fa-5741-b733-88958a8795d2"",""ab8215e5-b753-5a6a-a4e7-ad9caf42eeac"",""1b20061c-b208-551a-b06c-81ffeff623fc"",""9b6d0913-2ae6-5dab-ab36-d05e1c51b208"",""a27c1fb2-edc1-57e6-9d74-adb5a13fed3b"",""4696448b-8c21-591b-80cc-7344ea0b95ec"",""c1d75a33-928c-5636-b99c-def1fb29e0f5"",""61eebfb6-2555-5bce-ba71-7a750427392a"",""aba074a1-d451-595d-bc12-e257adbe7383"",""1ca34094-ee4d-5962-a78a-174d361a9cd3"",""7edb0577-da07-5c6f-8391-bb90e9822165"",""d7c5d484-54dc-5d1e-a3ac-65d60267a12c"",""f416cc8b-3bc2-5c4c-a91c-c56faf748684""]","[""1aeba6d5-fa8d-414d-b73a-0736bb52668c"",""6a073af9-1b90-42c5-bda0-08f37165c68d""]",,,M6-evaluator-v1,observed,oracle,"{""avatars"":[],""data"":{},""marker"":null,""region_count"":0}",text,UP-R5-01-S01-RESULT,independent public-contract comparison,M6-ASSERTION-d10cbd66-d139-4f88-aa03-4dcb2d7f8a18,,,,,,,,,2026-10-07T15:59:09.978329Z,,"{""avatars"":[],""data"":{""path"":""study/uploads/blue.png""},""marker"":""SUCCESS"",""region_count"":1}",,2d9849af-4973-4fd8-a822-d8a60e17e5f5,64e51db6-1e7f-435b-bf1c-3de07889b50e,1aeba6d5-fa8d-414d-b73a-0736bb52668c,,c437e128-dde9-4dfd-bac4-ec5edf85486b,,,,R5,6a073af9-1b90-42c5-bda0-08f37165c68d,,,,,,,1,failed,UP-R5-01,,,,,,,82b898ba-3b6d-567f-8996-4f259b74547e,c0d5b7eb-7f69-4787-8e55-d41af4ffdcab,evidence observations; interpretation separate
M7-analysis-v5,aafe24517e0c42aa10d7d213c640f9c2eafe82ec719a9d17b9b7df300a79e751,R5,dbb63e68d4ed9e904fa985aa5b88d674205b6caab086a8d981ac8918a9c68fb5,"[""4afc763c-033e-501c-9c9c-453207d31e62"",""1fed9611-d0cc-51e5-86e7-4ba237c836a2"",""0e4d4039-5409-5be7-a300-ded85e9c22d7"",""1c4afc6f-6679-57b7-ab6b-cec3053e85a1"",""76216ff6-0dab-5f43-913f-741c2deb7596"",""fe7c5fea-171a-5d3e-b93c-b9d53dca7c67"",""784c942d-b222-5013-a2e4-de4aa477a143"",""2f2d84f4-6f41-5df7-a828-cc0a3d9cdddf"",""c68f6332-f200-5595-940d-e5bcad78f1fe"",""54c3aba8-cb42-5023-9591-5cdd68bdd7c5"",""b9ac296e-4c6c-5cdc-9e03-14868c124af2"",""022ddff9-4332-5ba5-b884-42537f220a0c"",""0d262496-18e1-5973-84a6-84fbda64d0ff"",""447860c8-1d56-518b-88ad-7e103990b756"",""616ecfda-7163-5a8d-ba60-01f623d8b124"",""656bacfc-b102-5379-8db2-2f9f127621e0"",""88f2e658-6155-5924-bc85-63fe2aabb08a"",""9f032fb3-90ca-5749-aff5-1065077ac10e"",""4d2e4005-a84b-525b-a492-d367c5e405d0"",""12b20e20-e117-5c00-83bc-e589b92b730e"",""e97a5398-37b9-5e89-91a9-9b3ae48d9534"",""7a8f92c5-5f85-593a-bf90-08e13c60a2e6"",""aa66f5e3-ac0e-57d6-9b69-aa54ea7c4fb9"",""d07b7490-853e-562b-b662-305e89e7718d"",""596c0800-372d-5056-8a35-9f8661656bf4"",""d08816e6-d4d6-5f35-9de3-d86528fa7a96"",""2e126757-f17e-5ee2-93db-94d31ed944b2"",""5e1af4e2-330f-563f-b639-2d3cd8d276c8"",""49cd1889-2a56-5913-8723-929335f68874"",""82b898ba-3b6d-567f-8996-4f259b74547e"",""d38eb7d2-e78b-5c2f-93e4-2e34846e80e6"",""33effc64-dcfe-5ced-badf-c4df49f68dc1"",""a3a03b99-34c0-504b-b529-32b798db318a"",""8b3ec7b0-123f-5597-95f7-1fafc5810d01"",""035c5442-19b8-5a84-8a59-b352a9660279"",""d6d45010-72fa-5741-b733-88958a8795d2"",""ab8215e5-b753-5a6a-a4e7-ad9caf42eeac"",""1b20061c-b208-551a-b06c-81ffeff623fc"",""9b6d0913-2ae6-5dab-ab36-d05e1c51b208"",""a27c1fb2-edc1-57e6-9d74-adb5a13fed3b"",""4696448b-8c21-591b-80cc-7344ea0b95ec"",""c1d75a33-928c-5636-b99c-def1fb29e0f5"",""61eebfb6-2555-5bce-ba71-7a750427392a"",""aba074a1-d451-595d-bc12-e257adbe7383"",""1ca34094-ee4d-5962-a78a-174d361a9cd3"",""7edb0577-da07-5c6f-8391-bb90e9822165"",""d7c5d484-54dc-5d1e-a3ac-65d60267a12c"",""f416cc8b-3bc2-5c4c-a91c-c56faf748684""]","[""1aeba6d5-fa8d-414d-b73a-0736bb52668c"",""6a073af9-1b90-42c5-bda0-08f37165c68d""]",,,M6-evaluator-v1,observed,oracle,"{""sentinel.txt"":{""sha256"":""cc809b73990c3ed04b989c020da6c36cfbefaff047c338817e10d2d086d9ec29"",""size"":28}}",text,UP-R5-01-S01-FILES,independent public-contract comparison,M6-ASSERTION-37cae98c-de39-4827-88cb-a59a0e934d3f,,,,,,,,,2026-10-07T15:59:09.979250Z,,"{""blue.png"":{""sha256"":""4442d728adc33566e2be10ba0d573a8b4ec1ca033335b75eaac003a97facfc26"",""size"":73},""sentinel.txt"":{""sha256"":""cc809b73990c3ed04b989c020da6c36cfbefaff047c338817e10d2d086d9ec29"",""size"":28}}",,2d9849af-4973-4fd8-a822-d8a60e17e5f5,b1f4832d-6b95-4f19-9b4b-b60b48bb13d5,1aeba6d5-fa8d-414d-b73a-0736bb52668c,,c437e128-dde9-4dfd-bac4-ec5edf85486b,,,,R5,6a073af9-1b90-42c5-bda0-08f37165c68d,,,,,,,1,failed,UP-R5-01,,,,,,,82b898ba-3b6d-567f-8996-4f259b74547e,c0d5b7eb-7f69-4787-8e55-d41af4ffdcab,evidence observations; interpretation separate
M7-analysis-v5,aafe24517e0c42aa10d7d213c640f9c2eafe82ec719a9d17b9b7df300a79e751,R5,dbb63e68d4ed9e904fa985aa5b88d674205b6caab086a8d981ac8918a9c68fb5,"[""4afc763c-033e-501c-9c9c-453207d31e62"",""1fed9611-d0cc-51e5-86e7-4ba237c836a2"",""0e4d4039-5409-5be7-a300-ded85e9c22d7"",""1c4afc6f-6679-57b7-ab6b-cec3053e85a1"",""76216ff6-0dab-5f43-913f-741c2deb7596"",""fe7c5fea-171a-5d3e-b93c-b9d53dca7c67"",""784c942d-b222-5013-a2e4-de4aa477a143"",""2f2d84f4-6f41-5df7-a828-cc0a3d9cdddf"",""c68f6332-f200-5595-940d-e5bcad78f1fe"",""54c3aba8-cb42-5023-9591-5cdd68bdd7c5"",""b9ac296e-4c6c-5cdc-9e03-14868c124af2"",""022ddff9-4332-5ba5-b884-42537f220a0c"",""0d262496-18e1-5973-84a6-84fbda64d0ff"",""447860c8-1d56-518b-88ad-7e103990b756"",""616ecfda-7163-5a8d-ba60-01f623d8b124"",""656bacfc-b102-5379-8db2-2f9f127621e0"",""88f2e658-6155-5924-bc85-63fe2aabb08a"",""9f032fb3-90ca-5749-aff5-1065077ac10e"",""4d2e4005-a84b-525b-a492-d367c5e405d0"",""12b20e20-e117-5c00-83bc-e589b92b730e"",""e97a5398-37b9-5e89-91a9-9b3ae48d9534"",""7a8f92c5-5f85-593a-bf90-08e13c60a2e6"",""aa66f5e3-ac0e-57d6-9b69-aa54ea7c4fb9"",""d07b7490-853e-562b-b662-305e89e7718d"",""596c0800-372d-5056-8a35-9f8661656bf4"",""d08816e6-d4d6-5f35-9de3-d86528fa7a96"",""2e126757-f17e-5ee2-93db-94d31ed944b2"",""5e1af4e2-330f-563f-b639-2d3cd8d276c8"",""49cd1889-2a56-5913-8723-929335f68874"",""82b898ba-3b6d-567f-8996-4f259b74547e"",""d38eb7d2-e78b-5c2f-93e4-2e34846e80e6"",""33effc64-dcfe-5ced-badf-c4df49f68dc1"",""a3a03b99-34c0-504b-b529-32b798db318a"",""8b3ec7b0-123f-5597-95f7-1fafc5810d01"",""035c5442-19b8-5a84-8a59-b352a9660279"",""d6d45010-72fa-5741-b733-88958a8795d2"",""ab8215e5-b753-5a6a-a4e7-ad9caf42eeac"",""1b20061c-b208-551a-b06c-81ffeff623fc"",""9b6d0913-2ae6-5dab-ab36-d05e1c51b208"",""a27c1fb2-edc1-57e6-9d74-adb5a13fed3b"",""4696448b-8c21-591b-80cc-7344ea0b95ec"",""c1d75a33-928c-5636-b99c-def1fb29e0f5"",""61eebfb6-2555-5bce-ba71-7a750427392a"",""aba074a1-d451-595d-bc12-e257adbe7383"",""1ca34094-ee4d-5962-a78a-174d361a9cd3"",""7edb0577-da07-5c6f-8391-bb90e9822165"",""d7c5d484-54dc-5d1e-a3ac-65d60267a12c"",""f416cc8b-3bc2-5c4c-a91c-c56faf748684""]","[""5a7ac2ce-8cb4-4b59-9a25-0303ad3a396e"",""558acba1-4cd0-44d4-8c03-8891f171419c""]",,,M6-evaluator-v1,observed,oracle,500,text,UP-R5-02-S01-HTTP,independent public-contract comparison,M6-ASSERTION-30ecfcdb-ee24-4c16-adb6-8b0c98b8f9da,,,,,,,,,2026-10-07T15:59:09.979665Z,,200,,2d9849af-4973-4fd8-a822-d8a60e17e5f5,a41510fa-2866-4079-b714-c7880546e453,5a7ac2ce-8cb4-4b59-9a25-0303ad3a396e,,c437e128-dde9-4dfd-bac4-ec5edf85486b,,,,R5,558acba1-4cd0-44d4-8c03-8891f171419c,,,,,,,1,failed,UP-R5-02,,,,,,,82b898ba-3b6d-567f-8996-4f259b74547e,c0d5b7eb-7f69-4787-8e55-d41af4ffdcab,evidence observations; interpretation separate
M7-analysis-v5,aafe24517e0c42aa10d7d213c640f9c2eafe82ec719a9d17b9b7df300a79e751,R5,dbb63e68d4ed9e904fa985aa5b88d674205b6caab086a8d981ac8918a9c68fb5,"[""4afc763c-033e-501c-9c9c-453207d31e62"",""1fed9611-d0cc-51e5-86e7-4ba237c836a2"",""0e4d4039-5409-5be7-a300-ded85e9c22d7"",""1c4afc6f-6679-57b7-ab6b-cec3053e85a1"",""76216ff6-0dab-5f43-913f-741c2deb7596"",""fe7c5fea-171a-5d3e-b93c-b9d53dca7c67"",""784c942d-b222-5013-a2e4-de4aa477a143"",""2f2d84f4-6f41-5df7-a828-cc0a3d9cdddf"",""c68f6332-f200-5595-940d-e5bcad78f1fe"",""54c3aba8-cb42-5023-9591-5cdd68bdd7c5"",""b9ac296e-4c6c-5cdc-9e03-14868c124af2"",""022ddff9-4332-5ba5-b884-42537f220a0c"",""0d262496-18e1-5973-84a6-84fbda64d0ff"",""447860c8-1d56-518b-88ad-7e103990b756"",""616ecfda-7163-5a8d-ba60-01f623d8b124"",""656bacfc-b102-5379-8db2-2f9f127621e0"",""88f2e658-6155-5924-bc85-63fe2aabb08a"",""9f032fb3-90ca-5749-aff5-1065077ac10e"",""4d2e4005-a84b-525b-a492-d367c5e405d0"",""12b20e20-e117-5c00-83bc-e589b92b730e"",""e97a5398-37b9-5e89-91a9-9b3ae48d9534"",""7a8f92c5-5f85-593a-bf90-08e13c60a2e6"",""aa66f5e3-ac0e-57d6-9b69-aa54ea7c4fb9"",""d07b7490-853e-562b-b662-305e89e7718d"",""596c0800-372d-5056-8a35-9f8661656bf4"",""d08816e6-d4d6-5f35-9de3-d86528fa7a96"",""2e126757-f17e-5ee2-93db-94d31ed944b2"",""5e1af4e2-330f-563f-b639-2d3cd8d276c8"",""49cd1889-2a56-5913-8723-929335f68874"",""82b898ba-3b6d-567f-8996-4f259b74547e"",""d38eb7d2-e78b-5c2f-93e4-2e34846e80e6"",""33effc64-dcfe-5ced-badf-c4df49f68dc1"",""a3a03b99-34c0-504b-b529-32b798db318a"",""8b3ec7b0-123f-5597-95f7-1fafc5810d01"",""035c5442-19b8-5a84-8a59-b352a9660279"",""d6d45010-72fa-5741-b733-88958a8795d2"",""ab8215e5-b753-5a6a-a4e7-ad9caf42eeac"",""1b20061c-b208-551a-b06c-81ffeff623fc"",""9b6d0913-2ae6-5dab-ab36-d05e1c51b208"",""a27c1fb2-edc1-57e6-9d74-adb5a13fed3b"",""4696448b-8c21-591b-80cc-7344ea0b95ec"",""c1d75a33-928c-5636-b99c-def1fb29e0f5"",""61eebfb6-2555-5bce-ba71-7a750427392a"",""aba074a1-d451-595d-bc12-e257adbe7383"",""1ca34094-ee4d-5962-a78a-174d361a9cd3"",""7edb0577-da07-5c6f-8391-bb90e9822165"",""d7c5d484-54dc-5d1e-a3ac-65d60267a12c"",""f416cc8b-3bc2-5c4c-a91c-c56faf748684""]","[""5a7ac2ce-8cb4-4b59-9a25-0303ad3a396e"",""558acba1-4cd0-44d4-8c03-8891f171419c""]",,,M6-evaluator-v1,observed,oracle,"{""avatars"":[],""data"":{},""marker"":null,""region_count"":0}",text,UP-R5-02-S01-RESULT,independent public-contract comparison,M6-ASSERTION-fa37b61d-9c98-43f9-a405-cdcb6b510630,,,,,,,,,2026-10-07T15:59:09.980040Z,,"{""avatars"":[],""data"":{""path"":""study/uploads/green.png""},""marker"":""SUCCESS"",""region_count"":1}",,2d9849af-4973-4fd8-a822-d8a60e17e5f5,1274dd8c-2e2f-4000-a2d2-8659bede146a,5a7ac2ce-8cb4-4b59-9a25-0303ad3a396e,,c437e128-dde9-4dfd-bac4-ec5edf85486b,,,,R5,558acba1-4cd0-44d4-8c03-8891f171419c,,,,,,,1,failed,UP-R5-02,,,,,,,82b898ba-3b6d-567f-8996-4f259b74547e,c0d5b7eb-7f69-4787-8e55-d41af4ffdcab,evidence observations; interpretation separate
M7-analysis-v5,aafe24517e0c42aa10d7d213c640f9c2eafe82ec719a9d17b9b7df300a79e751,R5,dbb63e68d4ed9e904fa985aa5b88d674205b6caab086a8d981ac8918a9c68fb5,"[""4afc763c-033e-501c-9c9c-453207d31e62"",""1fed9611-d0cc-51e5-86e7-4ba237c836a2"",""0e4d4039-5409-5be7-a300-ded85e9c22d7"",""1c4afc6f-6679-57b7-ab6b-cec3053e85a1"",""76216ff6-0dab-5f43-913f-741c2deb7596"",""fe7c5fea-171a-5d3e-b93c-b9d53dca7c67"",""784c942d-b222-5013-a2e4-de4aa477a143"",""2f2d84f4-6f41-5df7-a828-cc0a3d9cdddf"",""c68f6332-f200-5595-940d-e5bcad78f1fe"",""54c3aba8-cb42-5023-9591-5cdd68bdd7c5"",""b9ac296e-4c6c-5cdc-9e03-14868c124af2"",""022ddff9-4332-5ba5-b884-42537f220a0c"",""0d262496-18e1-5973-84a6-84fbda64d0ff"",""447860c8-1d56-518b-88ad-7e103990b756"",""616ecfda-7163-5a8d-ba60-01f623d8b124"",""656bacfc-b102-5379-8db2-2f9f127621e0"",""88f2e658-6155-5924-bc85-63fe2aabb08a"",""9f032fb3-90ca-5749-aff5-1065077ac10e"",""4d2e4005-a84b-525b-a492-d367c5e405d0"",""12b20e20-e117-5c00-83bc-e589b92b730e"",""e97a5398-37b9-5e89-91a9-9b3ae48d9534"",""7a8f92c5-5f85-593a-bf90-08e13c60a2e6"",""aa66f5e3-ac0e-57d6-9b69-aa54ea7c4fb9"",""d07b7490-853e-562b-b662-305e89e7718d"",""596c0800-372d-5056-8a35-9f8661656bf4"",""d08816e6-d4d6-5f35-9de3-d86528fa7a96"",""2e126757-f17e-5ee2-93db-94d31ed944b2"",""5e1af4e2-330f-563f-b639-2d3cd8d276c8"",""49cd1889-2a56-5913-8723-929335f68874"",""82b898ba-3b6d-567f-8996-4f259b74547e"",""d38eb7d2-e78b-5c2f-93e4-2e34846e80e6"",""33effc64-dcfe-5ced-badf-c4df49f68dc1"",""a3a03b99-34c0-504b-b529-32b798db318a"",""8b3ec7b0-123f-5597-95f7-1fafc5810d01"",""035c5442-19b8-5a84-8a59-b352a9660279"",""d6d45010-72fa-5741-b733-88958a8795d2"",""ab8215e5-b753-5a6a-a4e7-ad9caf42eeac"",""1b20061c-b208-551a-b06c-81ffeff623fc"",""9b6d0913-2ae6-5dab-ab36-d05e1c51b208"",""a27c1fb2-edc1-57e6-9d74-adb5a13fed3b"",""4696448b-8c21-591b-80cc-7344ea0b95ec"",""c1d75a33-928c-5636-b99c-def1fb29e0f5"",""61eebfb6-2555-5bce-ba71-7a750427392a"",""aba074a1-d451-595d-bc12-e257adbe7383"",""1ca34094-ee4d-5962-a78a-174d361a9cd3"",""7edb0577-da07-5c6f-8391-bb90e9822165"",""d7c5d484-54dc-5d1e-a3ac-65d60267a12c"",""f416cc8b-3bc2-5c4c-a91c-c56faf748684""]","[""5a7ac2ce-8cb4-4b59-9a25-0303ad3a396e"",""558acba1-4cd0-44d4-8c03-8891f171419c""]",,,M6-evaluator-v1,observed,oracle,"{""sentinel.txt"":{""sha256"":""cc809b73990c3ed04b989c020da6c36cfbefaff047c338817e10d2d086d9ec29"",""size"":28}}",text,UP-R5-02-S01-FILES,independent public-contract comparison,M6-ASSERTION-01ef9207-14f5-45fc-8833-9f75ff62e197,,,,,,,,,2026-10-07T15:59:09.981562Z,,"{""green.png"":{""sha256"":""31bd12297554963e960c136b22a7a6dade4b234dc5c5a370bb16671f12af98ad"",""size"":73},""sentinel.txt"":{""sha256"":""cc809b73990c3ed04b989c020da6c36cfbefaff047c338817e10d2d086d9ec29"",""size"":28}}",,2d9849af-4973-4fd8-a822-d8a60e17e5f5,e678137c-5acb-428c-a331-2c4c4ba74ca2,5a7ac2ce-8cb4-4b59-9a25-0303ad3a396e,,c437e128-dde9-4dfd-bac4-ec5edf85486b,,,,R5,558acba1-4cd0-44d4-8c03-8891f171419c,,,,,,,1,failed,UP-R5-02,,,,,,,82b898ba-3b6d-567f-8996-4f259b74547e,c0d5b7eb-7f69-4787-8e55-d41af4ffdcab,evidence observations; interpretation separate
M7-analysis-v5,aafe24517e0c42aa10d7d213c640f9c2eafe82ec719a9d17b9b7df300a79e751,R6,dbb63e68d4ed9e904fa985aa5b88d674205b6caab086a8d981ac8918a9c68fb5,"[""4afc763c-033e-501c-9c9c-453207d31e62"",""1fed9611-d0cc-51e5-86e7-4ba237c836a2"",""0e4d4039-5409-5be7-a300-ded85e9c22d7"",""1c4afc6f-6679-57b7-ab6b-cec3053e85a1"",""76216ff6-0dab-5f43-913f-741c2deb7596"",""fe7c5fea-171a-5d3e-b93c-b9d53dca7c67"",""784c942d-b222-5013-a2e4-de4aa477a143"",""2f2d84f4-6f41-5df7-a828-cc0a3d9cdddf"",""c68f6332-f200-5595-940d-e5bcad78f1fe"",""54c3aba8-cb42-5023-9591-5cdd68bdd7c5"",""b9ac296e-4c6c-5cdc-9e03-14868c124af2"",""022ddff9-4332-5ba5-b884-42537f220a0c"",""0d262496-18e1-5973-84a6-84fbda64d0ff"",""447860c8-1d56-518b-88ad-7e103990b756"",""616ecfda-7163-5a8d-ba60-01f623d8b124"",""656bacfc-b102-5379-8db2-2f9f127621e0"",""88f2e658-6155-5924-bc85-63fe2aabb08a"",""9f032fb3-90ca-5749-aff5-1065077ac10e"",""4d2e4005-a84b-525b-a492-d367c5e405d0"",""12b20e20-e117-5c00-83bc-e589b92b730e"",""e97a5398-37b9-5e89-91a9-9b3ae48d9534"",""7a8f92c5-5f85-593a-bf90-08e13c60a2e6"",""aa66f5e3-ac0e-57d6-9b69-aa54ea7c4fb9"",""d07b7490-853e-562b-b662-305e89e7718d"",""596c0800-372d-5056-8a35-9f8661656bf4"",""d08816e6-d4d6-5f35-9de3-d86528fa7a96"",""2e126757-f17e-5ee2-93db-94d31ed944b2"",""5e1af4e2-330f-563f-b639-2d3cd8d276c8"",""49cd1889-2a56-5913-8723-929335f68874"",""82b898ba-3b6d-567f-8996-4f259b74547e"",""d38eb7d2-e78b-5c2f-93e4-2e34846e80e6"",""33effc64-dcfe-5ced-badf-c4df49f68dc1"",""a3a03b99-34c0-504b-b529-32b798db318a"",""8b3ec7b0-123f-5597-95f7-1fafc5810d01"",""035c5442-19b8-5a84-8a59-b352a9660279"",""d6d45010-72fa-5741-b733-88958a8795d2"",""ab8215e5-b753-5a6a-a4e7-ad9caf42eeac"",""1b20061c-b208-551a-b06c-81ffeff623fc"",""9b6d0913-2ae6-5dab-ab36-d05e1c51b208"",""a27c1fb2-edc1-57e6-9d74-adb5a13fed3b"",""4696448b-8c21-591b-80cc-7344ea0b95ec"",""c1d75a33-928c-5636-b99c-def1fb29e0f5"",""61eebfb6-2555-5bce-ba71-7a750427392a"",""aba074a1-d451-595d-bc12-e257adbe7383"",""1ca34094-ee4d-5962-a78a-174d361a9cd3"",""7edb0577-da07-5c6f-8391-bb90e9822165"",""d7c5d484-54dc-5d1e-a3ac-65d60267a12c"",""f416cc8b-3bc2-5c4c-a91c-c56faf748684""]","[""e7553df5-6c66-48a9-80ac-12cf5c08150d"",""0ad1fee1-a462-4c3e-9da0-6c434cdec4eb""]",,,M6-evaluator-v1,observed,oracle,500,text,UP-R6-01-S01-HTTP,independent public-contract comparison,M6-ASSERTION-7e0b5e1c-3e69-4f0a-b79a-760466b4e539,,,,,,,,,2026-10-07T15:59:09.981966Z,,200,,2d9849af-4973-4fd8-a822-d8a60e17e5f5,7ee2db0d-1690-4b1d-8d98-869dc1dc86eb,e7553df5-6c66-48a9-80ac-12cf5c08150d,,c437e128-dde9-4dfd-bac4-ec5edf85486b,,,,R6,0ad1fee1-a462-4c3e-9da0-6c434cdec4eb,,,,,,,1,failed,UP-R6-01,,,,,,,82b898ba-3b6d-567f-8996-4f259b74547e,c0d5b7eb-7f69-4787-8e55-d41af4ffdcab,evidence observations; interpretation separate
M7-analysis-v5,aafe24517e0c42aa10d7d213c640f9c2eafe82ec719a9d17b9b7df300a79e751,R6,dbb63e68d4ed9e904fa985aa5b88d674205b6caab086a8d981ac8918a9c68fb5,"[""4afc763c-033e-501c-9c9c-453207d31e62"",""1fed9611-d0cc-51e5-86e7-4ba237c836a2"",""0e4d4039-5409-5be7-a300-ded85e9c22d7"",""1c4afc6f-6679-57b7-ab6b-cec3053e85a1"",""76216ff6-0dab-5f43-913f-741c2deb7596"",""fe7c5fea-171a-5d3e-b93c-b9d53dca7c67"",""784c942d-b222-5013-a2e4-de4aa477a143"",""2f2d84f4-6f41-5df7-a828-cc0a3d9cdddf"",""c68f6332-f200-5595-940d-e5bcad78f1fe"",""54c3aba8-cb42-5023-9591-5cdd68bdd7c5"",""b9ac296e-4c6c-5cdc-9e03-14868c124af2"",""022ddff9-4332-5ba5-b884-42537f220a0c"",""0d262496-18e1-5973-84a6-84fbda64d0ff"",""447860c8-1d56-518b-88ad-7e103990b756"",""616ecfda-7163-5a8d-ba60-01f623d8b124"",""656bacfc-b102-5379-8db2-2f9f127621e0"",""88f2e658-6155-5924-bc85-63fe2aabb08a"",""9f032fb3-90ca-5749-aff5-1065077ac10e"",""4d2e4005-a84b-525b-a492-d367c5e405d0"",""12b20e20-e117-5c00-83bc-e589b92b730e"",""e97a5398-37b9-5e89-91a9-9b3ae48d9534"",""7a8f92c5-5f85-593a-bf90-08e13c60a2e6"",""aa66f5e3-ac0e-57d6-9b69-aa54ea7c4fb9"",""d07b7490-853e-562b-b662-305e89e7718d"",""596c0800-372d-5056-8a35-9f8661656bf4"",""d08816e6-d4d6-5f35-9de3-d86528fa7a96"",""2e126757-f17e-5ee2-93db-94d31ed944b2"",""5e1af4e2-330f-563f-b639-2d3cd8d276c8"",""49cd1889-2a56-5913-8723-929335f68874"",""82b898ba-3b6d-567f-8996-4f259b74547e"",""d38eb7d2-e78b-5c2f-93e4-2e34846e80e6"",""33effc64-dcfe-5ced-badf-c4df49f68dc1"",""a3a03b99-34c0-504b-b529-32b798db318a"",""8b3ec7b0-123f-5597-95f7-1fafc5810d01"",""035c5442-19b8-5a84-8a59-b352a9660279"",""d6d45010-72fa-5741-b733-88958a8795d2"",""ab8215e5-b753-5a6a-a4e7-ad9caf42eeac"",""1b20061c-b208-551a-b06c-81ffeff623fc"",""9b6d0913-2ae6-5dab-ab36-d05e1c51b208"",""a27c1fb2-edc1-57e6-9d74-adb5a13fed3b"",""4696448b-8c21-591b-80cc-7344ea0b95ec"",""c1d75a33-928c-5636-b99c-def1fb29e0f5"",""61eebfb6-2555-5bce-ba71-7a750427392a"",""aba074a1-d451-595d-bc12-e257adbe7383"",""1ca34094-ee4d-5962-a78a-174d361a9cd3"",""7edb0577-da07-5c6f-8391-bb90e9822165"",""d7c5d484-54dc-5d1e-a3ac-65d60267a12c"",""f416cc8b-3bc2-5c4c-a91c-c56faf748684""]","[""e7553df5-6c66-48a9-80ac-12cf5c08150d"",""0ad1fee1-a462-4c3e-9da0-6c434cdec4eb""]",,,M6-evaluator-v1,observed,oracle,"{""avatars"":[],""data"":{},""marker"":null,""region_count"":0}",text,UP-R6-01-S01-RESULT,independent public-contract comparison,M6-ASSERTION-2f832cab-ad82-4a7c-8acc-8c5bea7d41a7,,,,,,,,,2026-10-07T15:59:09.982431Z,,"{""avatars"":[],""data"":{""path"":""study/uploads/seq-one.png""},""marker"":""SUCCESS"",""region_count"":1}",,2d9849af-4973-4fd8-a822-d8a60e17e5f5,8b93b28b-cdc9-4fdf-b275-37e027fdaf33,e7553df5-6c66-48a9-80ac-12cf5c08150d,,c437e128-dde9-4dfd-bac4-ec5edf85486b,,,,R6,0ad1fee1-a462-4c3e-9da0-6c434cdec4eb,,,,,,,1,failed,UP-R6-01,,,,,,,82b898ba-3b6d-567f-8996-4f259b74547e,c0d5b7eb-7f69-4787-8e55-d41af4ffdcab,evidence observations; interpretation separate
M7-analysis-v5,aafe24517e0c42aa10d7d213c640f9c2eafe82ec719a9d17b9b7df300a79e751,R6,dbb63e68d4ed9e904fa985aa5b88d674205b6caab086a8d981ac8918a9c68fb5,"[""4afc763c-033e-501c-9c9c-453207d31e62"",""1fed9611-d0cc-51e5-86e7-4ba237c836a2"",""0e4d4039-5409-5be7-a300-ded85e9c22d7"",""1c4afc6f-6679-57b7-ab6b-cec3053e85a1"",""76216ff6-0dab-5f43-913f-741c2deb7596"",""fe7c5fea-171a-5d3e-b93c-b9d53dca7c67"",""784c942d-b222-5013-a2e4-de4aa477a143"",""2f2d84f4-6f41-5df7-a828-cc0a3d9cdddf"",""c68f6332-f200-5595-940d-e5bcad78f1fe"",""54c3aba8-cb42-5023-9591-5cdd68bdd7c5"",""b9ac296e-4c6c-5cdc-9e03-14868c124af2"",""022ddff9-4332-5ba5-b884-42537f220a0c"",""0d262496-18e1-5973-84a6-84fbda64d0ff"",""447860c8-1d56-518b-88ad-7e103990b756"",""616ecfda-7163-5a8d-ba60-01f623d8b124"",""656bacfc-b102-5379-8db2-2f9f127621e0"",""88f2e658-6155-5924-bc85-63fe2aabb08a"",""9f032fb3-90ca-5749-aff5-1065077ac10e"",""4d2e4005-a84b-525b-a492-d367c5e405d0"",""12b20e20-e117-5c00-83bc-e589b92b730e"",""e97a5398-37b9-5e89-91a9-9b3ae48d9534"",""7a8f92c5-5f85-593a-bf90-08e13c60a2e6"",""aa66f5e3-ac0e-57d6-9b69-aa54ea7c4fb9"",""d07b7490-853e-562b-b662-305e89e7718d"",""596c0800-372d-5056-8a35-9f8661656bf4"",""d08816e6-d4d6-5f35-9de3-d86528fa7a96"",""2e126757-f17e-5ee2-93db-94d31ed944b2"",""5e1af4e2-330f-563f-b639-2d3cd8d276c8"",""49cd1889-2a56-5913-8723-929335f68874"",""82b898ba-3b6d-567f-8996-4f259b74547e"",""d38eb7d2-e78b-5c2f-93e4-2e34846e80e6"",""33effc64-dcfe-5ced-badf-c4df49f68dc1"",""a3a03b99-34c0-504b-b529-32b798db318a"",""8b3ec7b0-123f-5597-95f7-1fafc5810d01"",""035c5442-19b8-5a84-8a59-b352a9660279"",""d6d45010-72fa-5741-b733-88958a8795d2"",""ab8215e5-b753-5a6a-a4e7-ad9caf42eeac"",""1b20061c-b208-551a-b06c-81ffeff623fc"",""9b6d0913-2ae6-5dab-ab36-d05e1c51b208"",""a27c1fb2-edc1-57e6-9d74-adb5a13fed3b"",""4696448b-8c21-591b-80cc-7344ea0b95ec"",""c1d75a33-928c-5636-b99c-def1fb29e0f5"",""61eebfb6-2555-5bce-ba71-7a750427392a"",""aba074a1-d451-595d-bc12-e257adbe7383"",""1ca34094-ee4d-5962-a78a-174d361a9cd3"",""7edb0577-da07-5c6f-8391-bb90e9822165"",""d7c5d484-54dc-5d1e-a3ac-65d60267a12c"",""f416cc8b-3bc2-5c4c-a91c-c56faf748684""]","[""e7553df5-6c66-48a9-80ac-12cf5c08150d"",""0ad1fee1-a462-4c3e-9da0-6c434cdec4eb""]",,,M6-evaluator-v1,observed,oracle,"{""sentinel.txt"":{""sha256"":""cc809b73990c3ed04b989c020da6c36cfbefaff047c338817e10d2d086d9ec29"",""size"":28}}",text,UP-R6-01-S01-FILES,independent public-contract comparison,M6-ASSERTION-61e1e3c2-262b-46dc-87b4-bbfdf739d3bd,,,,,,,,,2026-10-07T15:59:09.983304Z,,"{""sentinel.txt"":{""sha256"":""cc809b73990c3ed04b989c020da6c36cfbefaff047c338817e10d2d086d9ec29"",""size"":28},""seq-one.png"":{""sha256"":""5152b4f262397512ec8d1d6f076c509a6052674e3814a0c78fb7bf368b4d5b62"",""size"":73}}",,2d9849af-4973-4fd8-a822-d8a60e17e5f5,aec63436-b39b-433b-9ac9-c6707dbb8809,e7553df5-6c66-48a9-80ac-12cf5c08150d,,c437e128-dde9-4dfd-bac4-ec5edf85486b,,,,R6,0ad1fee1-a462-4c3e-9da0-6c434cdec4eb,,,,,,,1,failed,UP-R6-01,,,,,,,82b898ba-3b6d-567f-8996-4f259b74547e,c0d5b7eb-7f69-4787-8e55-d41af4ffdcab,evidence observations; interpretation separate
M7-analysis-v5,aafe24517e0c42aa10d7d213c640f9c2eafe82ec719a9d17b9b7df300a79e751,R6,dbb63e68d4ed9e904fa985aa5b88d674205b6caab086a8d981ac8918a9c68fb5,"[""4afc763c-033e-501c-9c9c-453207d31e62"",""1fed9611-d0cc-51e5-86e7-4ba237c836a2"",""0e4d4039-5409-5be7-a300-ded85e9c22d7"",""1c4afc6f-6679-57b7-ab6b-cec3053e85a1"",""76216ff6-0dab-5f43-913f-741c2deb7596"",""fe7c5fea-171a-5d3e-b93c-b9d53dca7c67"",""784c942d-b222-5013-a2e4-de4aa477a143"",""2f2d84f4-6f41-5df7-a828-cc0a3d9cdddf"",""c68f6332-f200-5595-940d-e5bcad78f1fe"",""54c3aba8-cb42-5023-9591-5cdd68bdd7c5"",""b9ac296e-4c6c-5cdc-9e03-14868c124af2"",""022ddff9-4332-5ba5-b884-42537f220a0c"",""0d262496-18e1-5973-84a6-84fbda64d0ff"",""447860c8-1d56-518b-88ad-7e103990b756"",""616ecfda-7163-5a8d-ba60-01f623d8b124"",""656bacfc-b102-5379-8db2-2f9f127621e0"",""88f2e658-6155-5924-bc85-63fe2aabb08a"",""9f032fb3-90ca-5749-aff5-1065077ac10e"",""4d2e4005-a84b-525b-a492-d367c5e405d0"",""12b20e20-e117-5c00-83bc-e589b92b730e"",""e97a5398-37b9-5e89-91a9-9b3ae48d9534"",""7a8f92c5-5f85-593a-bf90-08e13c60a2e6"",""aa66f5e3-ac0e-57d6-9b69-aa54ea7c4fb9"",""d07b7490-853e-562b-b662-305e89e7718d"",""596c0800-372d-5056-8a35-9f8661656bf4"",""d08816e6-d4d6-5f35-9de3-d86528fa7a96"",""2e126757-f17e-5ee2-93db-94d31ed944b2"",""5e1af4e2-330f-563f-b639-2d3cd8d276c8"",""49cd1889-2a56-5913-8723-929335f68874"",""82b898ba-3b6d-567f-8996-4f259b74547e"",""d38eb7d2-e78b-5c2f-93e4-2e34846e80e6"",""33effc64-dcfe-5ced-badf-c4df49f68dc1"",""a3a03b99-34c0-504b-b529-32b798db318a"",""8b3ec7b0-123f-5597-95f7-1fafc5810d01"",""035c5442-19b8-5a84-8a59-b352a9660279"",""d6d45010-72fa-5741-b733-88958a8795d2"",""ab8215e5-b753-5a6a-a4e7-ad9caf42eeac"",""1b20061c-b208-551a-b06c-81ffeff623fc"",""9b6d0913-2ae6-5dab-ab36-d05e1c51b208"",""a27c1fb2-edc1-57e6-9d74-adb5a13fed3b"",""4696448b-8c21-591b-80cc-7344ea0b95ec"",""c1d75a33-928c-5636-b99c-def1fb29e0f5"",""61eebfb6-2555-5bce-ba71-7a750427392a"",""aba074a1-d451-595d-bc12-e257adbe7383"",""1ca34094-ee4d-5962-a78a-174d361a9cd3"",""7edb0577-da07-5c6f-8391-bb90e9822165"",""d7c5d484-54dc-5d1e-a3ac-65d60267a12c"",""f416cc8b-3bc2-5c4c-a91c-c56faf748684""]","[""e7553df5-6c66-48a9-80ac-12cf5c08150d"",""2cc0b77c-162d-4f94-8c62-4465ea10f5bc""]",,,M6-evaluator-v1,observed,oracle,500,text,UP-R6-01-S03-HTTP,independent public-contract comparison,M6-ASSERTION-6008e364-337e-44a5-9eb5-44a589941106,,,,,,,,,2026-10-07T15:59:09.986902Z,,200,,2d9849af-4973-4fd8-a822-d8a60e17e5f5,68fc8a74-111b-4a56-a896-81a50724ff5e,e7553df5-6c66-48a9-80ac-12cf5c08150d,,c437e128-dde9-4dfd-bac4-ec5edf85486b,,,,R6,2cc0b77c-162d-4f94-8c62-4465ea10f5bc,,,,,,,1,failed,UP-R6-01,,,,,,,82b898ba-3b6d-567f-8996-4f259b74547e,c0d5b7eb-7f69-4787-8e55-d41af4ffdcab,evidence observations; interpretation separate
M7-analysis-v5,aafe24517e0c42aa10d7d213c640f9c2eafe82ec719a9d17b9b7df300a79e751,R6,dbb63e68d4ed9e904fa985aa5b88d674205b6caab086a8d981ac8918a9c68fb5,"[""4afc763c-033e-501c-9c9c-453207d31e62"",""1fed9611-d0cc-51e5-86e7-4ba237c836a2"",""0e4d4039-5409-5be7-a300-ded85e9c22d7"",""1c4afc6f-6679-57b7-ab6b-cec3053e85a1"",""76216ff6-0dab-5f43-913f-741c2deb7596"",""fe7c5fea-171a-5d3e-b93c-b9d53dca7c67"",""784c942d-b222-5013-a2e4-de4aa477a143"",""2f2d84f4-6f41-5df7-a828-cc0a3d9cdddf"",""c68f6332-f200-5595-940d-e5bcad78f1fe"",""54c3aba8-cb42-5023-9591-5cdd68bdd7c5"",""b9ac296e-4c6c-5cdc-9e03-14868c124af2"",""022ddff9-4332-5ba5-b884-42537f220a0c"",""0d262496-18e1-5973-84a6-84fbda64d0ff"",""447860c8-1d56-518b-88ad-7e103990b756"",""616ecfda-7163-5a8d-ba60-01f623d8b124"",""656bacfc-b102-5379-8db2-2f9f127621e0"",""88f2e658-6155-5924-bc85-63fe2aabb08a"",""9f032fb3-90ca-5749-aff5-1065077ac10e"",""4d2e4005-a84b-525b-a492-d367c5e405d0"",""12b20e20-e117-5c00-83bc-e589b92b730e"",""e97a5398-37b9-5e89-91a9-9b3ae48d9534"",""7a8f92c5-5f85-593a-bf90-08e13c60a2e6"",""aa66f5e3-ac0e-57d6-9b69-aa54ea7c4fb9"",""d07b7490-853e-562b-b662-305e89e7718d"",""596c0800-372d-5056-8a35-9f8661656bf4"",""d08816e6-d4d6-5f35-9de3-d86528fa7a96"",""2e126757-f17e-5ee2-93db-94d31ed944b2"",""5e1af4e2-330f-563f-b639-2d3cd8d276c8"",""49cd1889-2a56-5913-8723-929335f68874"",""82b898ba-3b6d-567f-8996-4f259b74547e"",""d38eb7d2-e78b-5c2f-93e4-2e34846e80e6"",""33effc64-dcfe-5ced-badf-c4df49f68dc1"",""a3a03b99-34c0-504b-b529-32b798db318a"",""8b3ec7b0-123f-5597-95f7-1fafc5810d01"",""035c5442-19b8-5a84-8a59-b352a9660279"",""d6d45010-72fa-5741-b733-88958a8795d2"",""ab8215e5-b753-5a6a-a4e7-ad9caf42eeac"",""1b20061c-b208-551a-b06c-81ffeff623fc"",""9b6d0913-2ae6-5dab-ab36-d05e1c51b208"",""a27c1fb2-edc1-57e6-9d74-adb5a13fed3b"",""4696448b-8c21-591b-80cc-7344ea0b95ec"",""c1d75a33-928c-5636-b99c-def1fb29e0f5"",""61eebfb6-2555-5bce-ba71-7a750427392a"",""aba074a1-d451-595d-bc12-e257adbe7383"",""1ca34094-ee4d-5962-a78a-174d361a9cd3"",""7edb0577-da07-5c6f-8391-bb90e9822165"",""d7c5d484-54dc-5d1e-a3ac-65d60267a12c"",""f416cc8b-3bc2-5c4c-a91c-c56faf748684""]","[""e7553df5-6c66-48a9-80ac-12cf5c08150d"",""2cc0b77c-162d-4f94-8c62-4465ea10f5bc""]",,,M6-evaluator-v1,observed,oracle,"{""avatars"":[],""data"":{},""marker"":null,""region_count"":0}",text,UP-R6-01-S03-RESULT,independent public-contract comparison,M6-ASSERTION-9c2e4500-e850-4919-9d8b-9831bdba31f2,,,,,,,,,2026-10-07T15:59:09.987318Z,,"{""avatars"":[],""data"":{""path"":""study/uploads/seq-three.png""},""marker"":""SUCCESS"",""region_count"":1}",,2d9849af-4973-4fd8-a822-d8a60e17e5f5,85a0ec54-f3ec-4fc7-9838-00b5f8954e8a,e7553df5-6c66-48a9-80ac-12cf5c08150d,,c437e128-dde9-4dfd-bac4-ec5edf85486b,,,,R6,2cc0b77c-162d-4f94-8c62-4465ea10f5bc,,,,,,,1,failed,UP-R6-01,,,,,,,82b898ba-3b6d-567f-8996-4f259b74547e,c0d5b7eb-7f69-4787-8e55-d41af4ffdcab,evidence observations; interpretation separate
M7-analysis-v5,aafe24517e0c42aa10d7d213c640f9c2eafe82ec719a9d17b9b7df300a79e751,R6,dbb63e68d4ed9e904fa985aa5b88d674205b6caab086a8d981ac8918a9c68fb5,"[""4afc763c-033e-501c-9c9c-453207d31e62"",""1fed9611-d0cc-51e5-86e7-4ba237c836a2"",""0e4d4039-5409-5be7-a300-ded85e9c22d7"",""1c4afc6f-6679-57b7-ab6b-cec3053e85a1"",""76216ff6-0dab-5f43-913f-741c2deb7596"",""fe7c5fea-171a-5d3e-b93c-b9d53dca7c67"",""784c942d-b222-5013-a2e4-de4aa477a143"",""2f2d84f4-6f41-5df7-a828-cc0a3d9cdddf"",""c68f6332-f200-5595-940d-e5bcad78f1fe"",""54c3aba8-cb42-5023-9591-5cdd68bdd7c5"",""b9ac296e-4c6c-5cdc-9e03-14868c124af2"",""022ddff9-4332-5ba5-b884-42537f220a0c"",""0d262496-18e1-5973-84a6-84fbda64d0ff"",""447860c8-1d56-518b-88ad-7e103990b756"",""616ecfda-7163-5a8d-ba60-01f623d8b124"",""656bacfc-b102-5379-8db2-2f9f127621e0"",""88f2e658-6155-5924-bc85-63fe2aabb08a"",""9f032fb3-90ca-5749-aff5-1065077ac10e"",""4d2e4005-a84b-525b-a492-d367c5e405d0"",""12b20e20-e117-5c00-83bc-e589b92b730e"",""e97a5398-37b9-5e89-91a9-9b3ae48d9534"",""7a8f92c5-5f85-593a-bf90-08e13c60a2e6"",""aa66f5e3-ac0e-57d6-9b69-aa54ea7c4fb9"",""d07b7490-853e-562b-b662-305e89e7718d"",""596c0800-372d-5056-8a35-9f8661656bf4"",""d08816e6-d4d6-5f35-9de3-d86528fa7a96"",""2e126757-f17e-5ee2-93db-94d31ed944b2"",""5e1af4e2-330f-563f-b639-2d3cd8d276c8"",""49cd1889-2a56-5913-8723-929335f68874"",""82b898ba-3b6d-567f-8996-4f259b74547e"",""d38eb7d2-e78b-5c2f-93e4-2e34846e80e6"",""33effc64-dcfe-5ced-badf-c4df49f68dc1"",""a3a03b99-34c0-504b-b529-32b798db318a"",""8b3ec7b0-123f-5597-95f7-1fafc5810d01"",""035c5442-19b8-5a84-8a59-b352a9660279"",""d6d45010-72fa-5741-b733-88958a8795d2"",""ab8215e5-b753-5a6a-a4e7-ad9caf42eeac"",""1b20061c-b208-551a-b06c-81ffeff623fc"",""9b6d0913-2ae6-5dab-ab36-d05e1c51b208"",""a27c1fb2-edc1-57e6-9d74-adb5a13fed3b"",""4696448b-8c21-591b-80cc-7344ea0b95ec"",""c1d75a33-928c-5636-b99c-def1fb29e0f5"",""61eebfb6-2555-5bce-ba71-7a750427392a"",""aba074a1-d451-595d-bc12-e257adbe7383"",""1ca34094-ee4d-5962-a78a-174d361a9cd3"",""7edb0577-da07-5c6f-8391-bb90e9822165"",""d7c5d484-54dc-5d1e-a3ac-65d60267a12c"",""f416cc8b-3bc2-5c4c-a91c-c56faf748684""]","[""e7553df5-6c66-48a9-80ac-12cf5c08150d"",""2cc0b77c-162d-4f94-8c62-4465ea10f5bc""]",,,M6-evaluator-v1,observed,oracle,"{""sentinel.txt"":{""sha256"":""cc809b73990c3ed04b989c020da6c36cfbefaff047c338817e10d2d086d9ec29"",""size"":28}}",text,UP-R6-01-S03-FILES,independent public-contract comparison,M6-ASSERTION-44124720-391d-4282-9afe-94d80a2a99ad,,,,,,,,,2026-10-07T15:59:09.988149Z,,"{""sentinel.txt"":{""sha256"":""cc809b73990c3ed04b989c020da6c36cfbefaff047c338817e10d2d086d9ec29"",""size"":28},""seq-one.png"":{""sha256"":""5152b4f262397512ec8d1d6f076c509a6052674e3814a0c78fb7bf368b4d5b62"",""size"":73},""seq-three.png"":{""sha256"":""31bd12297554963e960c136b22a7a6dade4b234dc5c5a370bb16671f12af98ad"",""size"":73},""seq-two.jpeg"":{""sha256"":""bfd0fb4d7039a1716a766f83be930226c9d8649aa4deeb926013cbe24dd53888"",""size"":777}}",,2d9849af-4973-4fd8-a822-d8a60e17e5f5,d74e0b4f-1247-4415-8a76-e22bea1ba574,e7553df5-6c66-48a9-80ac-12cf5c08150d,,c437e128-dde9-4dfd-bac4-ec5edf85486b,,,,R6,2cc0b77c-162d-4f94-8c62-4465ea10f5bc,,,,,,,1,failed,UP-R6-01,,,,,,,82b898ba-3b6d-567f-8996-4f259b74547e,c0d5b7eb-7f69-4787-8e55-d41af4ffdcab,evidence observations; interpretation separate
M7-analysis-v5,aafe24517e0c42aa10d7d213c640f9c2eafe82ec719a9d17b9b7df300a79e751,R6,dbb63e68d4ed9e904fa985aa5b88d674205b6caab086a8d981ac8918a9c68fb5,"[""4afc763c-033e-501c-9c9c-453207d31e62"",""1fed9611-d0cc-51e5-86e7-4ba237c836a2"",""0e4d4039-5409-5be7-a300-ded85e9c22d7"",""1c4afc6f-6679-57b7-ab6b-cec3053e85a1"",""76216ff6-0dab-5f43-913f-741c2deb7596"",""fe7c5fea-171a-5d3e-b93c-b9d53dca7c67"",""784c942d-b222-5013-a2e4-de4aa477a143"",""2f2d84f4-6f41-5df7-a828-cc0a3d9cdddf"",""c68f6332-f200-5595-940d-e5bcad78f1fe"",""54c3aba8-cb42-5023-9591-5cdd68bdd7c5"",""b9ac296e-4c6c-5cdc-9e03-14868c124af2"",""022ddff9-4332-5ba5-b884-42537f220a0c"",""0d262496-18e1-5973-84a6-84fbda64d0ff"",""447860c8-1d56-518b-88ad-7e103990b756"",""616ecfda-7163-5a8d-ba60-01f623d8b124"",""656bacfc-b102-5379-8db2-2f9f127621e0"",""88f2e658-6155-5924-bc85-63fe2aabb08a"",""9f032fb3-90ca-5749-aff5-1065077ac10e"",""4d2e4005-a84b-525b-a492-d367c5e405d0"",""12b20e20-e117-5c00-83bc-e589b92b730e"",""e97a5398-37b9-5e89-91a9-9b3ae48d9534"",""7a8f92c5-5f85-593a-bf90-08e13c60a2e6"",""aa66f5e3-ac0e-57d6-9b69-aa54ea7c4fb9"",""d07b7490-853e-562b-b662-305e89e7718d"",""596c0800-372d-5056-8a35-9f8661656bf4"",""d08816e6-d4d6-5f35-9de3-d86528fa7a96"",""2e126757-f17e-5ee2-93db-94d31ed944b2"",""5e1af4e2-330f-563f-b639-2d3cd8d276c8"",""49cd1889-2a56-5913-8723-929335f68874"",""82b898ba-3b6d-567f-8996-4f259b74547e"",""d38eb7d2-e78b-5c2f-93e4-2e34846e80e6"",""33effc64-dcfe-5ced-badf-c4df49f68dc1"",""a3a03b99-34c0-504b-b529-32b798db318a"",""8b3ec7b0-123f-5597-95f7-1fafc5810d01"",""035c5442-19b8-5a84-8a59-b352a9660279"",""d6d45010-72fa-5741-b733-88958a8795d2"",""ab8215e5-b753-5a6a-a4e7-ad9caf42eeac"",""1b20061c-b208-551a-b06c-81ffeff623fc"",""9b6d0913-2ae6-5dab-ab36-d05e1c51b208"",""a27c1fb2-edc1-57e6-9d74-adb5a13fed3b"",""4696448b-8c21-591b-80cc-7344ea0b95ec"",""c1d75a33-928c-5636-b99c-def1fb29e0f5"",""61eebfb6-2555-5bce-ba71-7a750427392a"",""aba074a1-d451-595d-bc12-e257adbe7383"",""1ca34094-ee4d-5962-a78a-174d361a9cd3"",""7edb0577-da07-5c6f-8391-bb90e9822165"",""d7c5d484-54dc-5d1e-a3ac-65d60267a12c"",""f416cc8b-3bc2-5c4c-a91c-c56faf748684""]","[""e7553df5-6c66-48a9-80ac-12cf5c08150d"",""c77805c7-c50a-43f6-94af-b32a808033b4""]",,,M6-evaluator-v1,observed,oracle,500,text,UP-R6-01-S02-HTTP,independent public-contract comparison,M6-ASSERTION-6aa1f132-a62b-4bcf-8b48-b52406bd148c,,,,,,,,,2026-10-07T15:59:09.984045Z,,200,,2d9849af-4973-4fd8-a822-d8a60e17e5f5,09b1be2b-cc17-4eec-b296-c0bd3bfdd888,e7553df5-6c66-48a9-80ac-12cf5c08150d,,c437e128-dde9-4dfd-bac4-ec5edf85486b,,,,R6,c77805c7-c50a-43f6-94af-b32a808033b4,,,,,,,1,failed,UP-R6-01,,,,,,,82b898ba-3b6d-567f-8996-4f259b74547e,c0d5b7eb-7f69-4787-8e55-d41af4ffdcab,evidence observations; interpretation separate
M7-analysis-v5,aafe24517e0c42aa10d7d213c640f9c2eafe82ec719a9d17b9b7df300a79e751,R6,dbb63e68d4ed9e904fa985aa5b88d674205b6caab086a8d981ac8918a9c68fb5,"[""4afc763c-033e-501c-9c9c-453207d31e62"",""1fed9611-d0cc-51e5-86e7-4ba237c836a2"",""0e4d4039-5409-5be7-a300-ded85e9c22d7"",""1c4afc6f-6679-57b7-ab6b-cec3053e85a1"",""76216ff6-0dab-5f43-913f-741c2deb7596"",""fe7c5fea-171a-5d3e-b93c-b9d53dca7c67"",""784c942d-b222-5013-a2e4-de4aa477a143"",""2f2d84f4-6f41-5df7-a828-cc0a3d9cdddf"",""c68f6332-f200-5595-940d-e5bcad78f1fe"",""54c3aba8-cb42-5023-9591-5cdd68bdd7c5"",""b9ac296e-4c6c-5cdc-9e03-14868c124af2"",""022ddff9-4332-5ba5-b884-42537f220a0c"",""0d262496-18e1-5973-84a6-84fbda64d0ff"",""447860c8-1d56-518b-88ad-7e103990b756"",""616ecfda-7163-5a8d-ba60-01f623d8b124"",""656bacfc-b102-5379-8db2-2f9f127621e0"",""88f2e658-6155-5924-bc85-63fe2aabb08a"",""9f032fb3-90ca-5749-aff5-1065077ac10e"",""4d2e4005-a84b-525b-a492-d367c5e405d0"",""12b20e20-e117-5c00-83bc-e589b92b730e"",""e97a5398-37b9-5e89-91a9-9b3ae48d9534"",""7a8f92c5-5f85-593a-bf90-08e13c60a2e6"",""aa66f5e3-ac0e-57d6-9b69-aa54ea7c4fb9"",""d07b7490-853e-562b-b662-305e89e7718d"",""596c0800-372d-5056-8a35-9f8661656bf4"",""d08816e6-d4d6-5f35-9de3-d86528fa7a96"",""2e126757-f17e-5ee2-93db-94d31ed944b2"",""5e1af4e2-330f-563f-b639-2d3cd8d276c8"",""49cd1889-2a56-5913-8723-929335f68874"",""82b898ba-3b6d-567f-8996-4f259b74547e"",""d38eb7d2-e78b-5c2f-93e4-2e34846e80e6"",""33effc64-dcfe-5ced-badf-c4df49f68dc1"",""a3a03b99-34c0-504b-b529-32b798db318a"",""8b3ec7b0-123f-5597-95f7-1fafc5810d01"",""035c5442-19b8-5a84-8a59-b352a9660279"",""d6d45010-72fa-5741-b733-88958a8795d2"",""ab8215e5-b753-5a6a-a4e7-ad9caf42eeac"",""1b20061c-b208-551a-b06c-81ffeff623fc"",""9b6d0913-2ae6-5dab-ab36-d05e1c51b208"",""a27c1fb2-edc1-57e6-9d74-adb5a13fed3b"",""4696448b-8c21-591b-80cc-7344ea0b95ec"",""c1d75a33-928c-5636-b99c-def1fb29e0f5"",""61eebfb6-2555-5bce-ba71-7a750427392a"",""aba074a1-d451-595d-bc12-e257adbe7383"",""1ca34094-ee4d-5962-a78a-174d361a9cd3"",""7edb0577-da07-5c6f-8391-bb90e9822165"",""d7c5d484-54dc-5d1e-a3ac-65d60267a12c"",""f416cc8b-3bc2-5c4c-a91c-c56faf748684""]","[""e7553df5-6c66-48a9-80ac-12cf5c08150d"",""c77805c7-c50a-43f6-94af-b32a808033b4""]",,,M6-evaluator-v1,observed,oracle,"{""avatars"":[],""data"":{},""marker"":null,""region_count"":0}",text,UP-R6-01-S02-RESULT,independent public-contract comparison,M6-ASSERTION-104c24a9-8741-4873-9126-fdf14539950f,,,,,,,,,2026-10-07T15:59:09.985510Z,,"{""avatars"":[],""data"":{""path"":""study/uploads/seq-two.jpeg""},""marker"":""SUCCESS"",""region_count"":1}",,2d9849af-4973-4fd8-a822-d8a60e17e5f5,78bfa079-2ab6-419d-ae2d-a8554f149cd9,e7553df5-6c66-48a9-80ac-12cf5c08150d,,c437e128-dde9-4dfd-bac4-ec5edf85486b,,,,R6,c77805c7-c50a-43f6-94af-b32a808033b4,,,,,,,1,failed,UP-R6-01,,,,,,,82b898ba-3b6d-567f-8996-4f259b74547e,c0d5b7eb-7f69-4787-8e55-d41af4ffdcab,evidence observations; interpretation separate
M7-analysis-v5,aafe24517e0c42aa10d7d213c640f9c2eafe82ec719a9d17b9b7df300a79e751,R6,dbb63e68d4ed9e904fa985aa5b88d674205b6caab086a8d981ac8918a9c68fb5,"[""4afc763c-033e-501c-9c9c-453207d31e62"",""1fed9611-d0cc-51e5-86e7-4ba237c836a2"",""0e4d4039-5409-5be7-a300-ded85e9c22d7"",""1c4afc6f-6679-57b7-ab6b-cec3053e85a1"",""76216ff6-0dab-5f43-913f-741c2deb7596"",""fe7c5fea-171a-5d3e-b93c-b9d53dca7c67"",""784c942d-b222-5013-a2e4-de4aa477a143"",""2f2d84f4-6f41-5df7-a828-cc0a3d9cdddf"",""c68f6332-f200-5595-940d-e5bcad78f1fe"",""54c3aba8-cb42-5023-9591-5cdd68bdd7c5"",""b9ac296e-4c6c-5cdc-9e03-14868c124af2"",""022ddff9-4332-5ba5-b884-42537f220a0c"",""0d262496-18e1-5973-84a6-84fbda64d0ff"",""447860c8-1d56-518b-88ad-7e103990b756"",""616ecfda-7163-5a8d-ba60-01f623d8b124"",""656bacfc-b102-5379-8db2-2f9f127621e0"",""88f2e658-6155-5924-bc85-63fe2aabb08a"",""9f032fb3-90ca-5749-aff5-1065077ac10e"",""4d2e4005-a84b-525b-a492-d367c5e405d0"",""12b20e20-e117-5c00-83bc-e589b92b730e"",""e97a5398-37b9-5e89-91a9-9b3ae48d9534"",""7a8f92c5-5f85-593a-bf90-08e13c60a2e6"",""aa66f5e3-ac0e-57d6-9b69-aa54ea7c4fb9"",""d07b7490-853e-562b-b662-305e89e7718d"",""596c0800-372d-5056-8a35-9f8661656bf4"",""d08816e6-d4d6-5f35-9de3-d86528fa7a96"",""2e126757-f17e-5ee2-93db-94d31ed944b2"",""5e1af4e2-330f-563f-b639-2d3cd8d276c8"",""49cd1889-2a56-5913-8723-929335f68874"",""82b898ba-3b6d-567f-8996-4f259b74547e"",""d38eb7d2-e78b-5c2f-93e4-2e34846e80e6"",""33effc64-dcfe-5ced-badf-c4df49f68dc1"",""a3a03b99-34c0-504b-b529-32b798db318a"",""8b3ec7b0-123f-5597-95f7-1fafc5810d01"",""035c5442-19b8-5a84-8a59-b352a9660279"",""d6d45010-72fa-5741-b733-88958a8795d2"",""ab8215e5-b753-5a6a-a4e7-ad9caf42eeac"",""1b20061c-b208-551a-b06c-81ffeff623fc"",""9b6d0913-2ae6-5dab-ab36-d05e1c51b208"",""a27c1fb2-edc1-57e6-9d74-adb5a13fed3b"",""4696448b-8c21-591b-80cc-7344ea0b95ec"",""c1d75a33-928c-5636-b99c-def1fb29e0f5"",""61eebfb6-2555-5bce-ba71-7a750427392a"",""aba074a1-d451-595d-bc12-e257adbe7383"",""1ca34094-ee4d-5962-a78a-174d361a9cd3"",""7edb0577-da07-5c6f-8391-bb90e9822165"",""d7c5d484-54dc-5d1e-a3ac-65d60267a12c"",""f416cc8b-3bc2-5c4c-a91c-c56faf748684""]","[""e7553df5-6c66-48a9-80ac-12cf5c08150d"",""c77805c7-c50a-43f6-94af-b32a808033b4""]",,,M6-evaluator-v1,observed,oracle,"{""sentinel.txt"":{""sha256"":""cc809b73990c3ed04b989c020da6c36cfbefaff047c338817e10d2d086d9ec29"",""size"":28}}",text,UP-R6-01-S02-FILES,independent public-contract comparison,M6-ASSERTION-168983fb-f405-4ae9-b30d-b1ce9885751f,,,,,,,,,2026-10-07T15:59:09.986499Z,,"{""sentinel.txt"":{""sha256"":""cc809b73990c3ed04b989c020da6c36cfbefaff047c338817e10d2d086d9ec29"",""size"":28},""seq-one.png"":{""sha256"":""5152b4f262397512ec8d1d6f076c509a6052674e3814a0c78fb7bf368b4d5b62"",""size"":73},""seq-two.jpeg"":{""sha256"":""bfd0fb4d7039a1716a766f83be930226c9d8649aa4deeb926013cbe24dd53888"",""size"":777}}",,2d9849af-4973-4fd8-a822-d8a60e17e5f5,5b2d6e85-7220-4f3f-bead-4d96c9da18e0,e7553df5-6c66-48a9-80ac-12cf5c08150d,,c437e128-dde9-4dfd-bac4-ec5edf85486b,,,,R6,c77805c7-c50a-43f6-94af-b32a808033b4,,,,,,,1,failed,UP-R6-01,,,,,,,82b898ba-3b6d-567f-8996-4f259b74547e,c0d5b7eb-7f69-4787-8e55-d41af4ffdcab,evidence observations; interpretation separate
M7-analysis-v5,ab3de02cd2dcb666e4e84e0e76df1f61b62c2df3fb548bf556f8f158f2bf18c7,R2,dbb63e68d4ed9e904fa985aa5b88d674205b6caab086a8d981ac8918a9c68fb5,"[""4afc763c-033e-501c-9c9c-453207d31e62"",""1fed9611-d0cc-51e5-86e7-4ba237c836a2"",""0e4d4039-5409-5be7-a300-ded85e9c22d7"",""1c4afc6f-6679-57b7-ab6b-cec3053e85a1"",""76216ff6-0dab-5f43-913f-741c2deb7596"",""fe7c5fea-171a-5d3e-b93c-b9d53dca7c67"",""784c942d-b222-5013-a2e4-de4aa477a143"",""2f2d84f4-6f41-5df7-a828-cc0a3d9cdddf"",""c68f6332-f200-5595-940d-e5bcad78f1fe"",""54c3aba8-cb42-5023-9591-5cdd68bdd7c5"",""b9ac296e-4c6c-5cdc-9e03-14868c124af2"",""022ddff9-4332-5ba5-b884-42537f220a0c"",""0d262496-18e1-5973-84a6-84fbda64d0ff"",""447860c8-1d56-518b-88ad-7e103990b756"",""616ecfda-7163-5a8d-ba60-01f623d8b124"",""656bacfc-b102-5379-8db2-2f9f127621e0"",""88f2e658-6155-5924-bc85-63fe2aabb08a"",""9f032fb3-90ca-5749-aff5-1065077ac10e"",""4d2e4005-a84b-525b-a492-d367c5e405d0"",""12b20e20-e117-5c00-83bc-e589b92b730e"",""e97a5398-37b9-5e89-91a9-9b3ae48d9534"",""7a8f92c5-5f85-593a-bf90-08e13c60a2e6"",""aa66f5e3-ac0e-57d6-9b69-aa54ea7c4fb9"",""d07b7490-853e-562b-b662-305e89e7718d"",""596c0800-372d-5056-8a35-9f8661656bf4"",""d08816e6-d4d6-5f35-9de3-d86528fa7a96"",""2e126757-f17e-5ee2-93db-94d31ed944b2"",""5e1af4e2-330f-563f-b639-2d3cd8d276c8"",""49cd1889-2a56-5913-8723-929335f68874"",""82b898ba-3b6d-567f-8996-4f259b74547e"",""d38eb7d2-e78b-5c2f-93e4-2e34846e80e6"",""33effc64-dcfe-5ced-badf-c4df49f68dc1"",""a3a03b99-34c0-504b-b529-32b798db318a"",""8b3ec7b0-123f-5597-95f7-1fafc5810d01"",""035c5442-19b8-5a84-8a59-b352a9660279"",""d6d45010-72fa-5741-b733-88958a8795d2"",""ab8215e5-b753-5a6a-a4e7-ad9caf42eeac"",""1b20061c-b208-551a-b06c-81ffeff623fc"",""9b6d0913-2ae6-5dab-ab36-d05e1c51b208"",""a27c1fb2-edc1-57e6-9d74-adb5a13fed3b"",""4696448b-8c21-591b-80cc-7344ea0b95ec"",""c1d75a33-928c-5636-b99c-def1fb29e0f5"",""61eebfb6-2555-5bce-ba71-7a750427392a"",""aba074a1-d451-595d-bc12-e257adbe7383"",""1ca34094-ee4d-5962-a78a-174d361a9cd3"",""7edb0577-da07-5c6f-8391-bb90e9822165"",""d7c5d484-54dc-5d1e-a3ac-65d60267a12c"",""f416cc8b-3bc2-5c4c-a91c-c56faf748684""]","[""8223a484-34cf-4c0a-8a72-aeee1feba3f0"",""6b43c97a-7f91-49f8-baee-656580eec34f""]",,,M6-evaluator-v1,observed,oracle,500,text,UP-R2-02-S01-HTTP,independent public-contract comparison,M6-ASSERTION-4f641d95-02b9-4ba3-b5c2-4820093339d3,,,,,,,,,2026-10-07T05:05:32.291695Z,,200,,2d9849af-4973-4fd8-a822-d8a60e17e5f5,01a96de6-0101-461e-849b-ee5f74695b77,8223a484-34cf-4c0a-8a72-aeee1feba3f0,,fc088f73-1263-4de0-8b17-833b662d6935,,,,R2,6b43c97a-7f91-49f8-baee-656580eec34f,,,,,,,1,failed,UP-R2-02,,,,,,,656bacfc-b102-5379-8db2-2f9f127621e0,91d2cc0f-ca64-4f35-a998-b56d0438b753,evidence observations; interpretation separate
M7-analysis-v5,ab3de02cd2dcb666e4e84e0e76df1f61b62c2df3fb548bf556f8f158f2bf18c7,R2,dbb63e68d4ed9e904fa985aa5b88d674205b6caab086a8d981ac8918a9c68fb5,"[""4afc763c-033e-501c-9c9c-453207d31e62"",""1fed9611-d0cc-51e5-86e7-4ba237c836a2"",""0e4d4039-5409-5be7-a300-ded85e9c22d7"",""1c4afc6f-6679-57b7-ab6b-cec3053e85a1"",""76216ff6-0dab-5f43-913f-741c2deb7596"",""fe7c5fea-171a-5d3e-b93c-b9d53dca7c67"",""784c942d-b222-5013-a2e4-de4aa477a143"",""2f2d84f4-6f41-5df7-a828-cc0a3d9cdddf"",""c68f6332-f200-5595-940d-e5bcad78f1fe"",""54c3aba8-cb42-5023-9591-5cdd68bdd7c5"",""b9ac296e-4c6c-5cdc-9e03-14868c124af2"",""022ddff9-4332-5ba5-b884-42537f220a0c"",""0d262496-18e1-5973-84a6-84fbda64d0ff"",""447860c8-1d56-518b-88ad-7e103990b756"",""616ecfda-7163-5a8d-ba60-01f623d8b124"",""656bacfc-b102-5379-8db2-2f9f127621e0"",""88f2e658-6155-5924-bc85-63fe2aabb08a"",""9f032fb3-90ca-5749-aff5-1065077ac10e"",""4d2e4005-a84b-525b-a492-d367c5e405d0"",""12b20e20-e117-5c00-83bc-e589b92b730e"",""e97a5398-37b9-5e89-91a9-9b3ae48d9534"",""7a8f92c5-5f85-593a-bf90-08e13c60a2e6"",""aa66f5e3-ac0e-57d6-9b69-aa54ea7c4fb9"",""d07b7490-853e-562b-b662-305e89e7718d"",""596c0800-372d-5056-8a35-9f8661656bf4"",""d08816e6-d4d6-5f35-9de3-d86528fa7a96"",""2e126757-f17e-5ee2-93db-94d31ed944b2"",""5e1af4e2-330f-563f-b639-2d3cd8d276c8"",""49cd1889-2a56-5913-8723-929335f68874"",""82b898ba-3b6d-567f-8996-4f259b74547e"",""d38eb7d2-e78b-5c2f-93e4-2e34846e80e6"",""33effc64-dcfe-5ced-badf-c4df49f68dc1"",""a3a03b99-34c0-504b-b529-32b798db318a"",""8b3ec7b0-123f-5597-95f7-1fafc5810d01"",""035c5442-19b8-5a84-8a59-b352a9660279"",""d6d45010-72fa-5741-b733-88958a8795d2"",""ab8215e5-b753-5a6a-a4e7-ad9caf42eeac"",""1b20061c-b208-551a-b06c-81ffeff623fc"",""9b6d0913-2ae6-5dab-ab36-d05e1c51b208"",""a27c1fb2-edc1-57e6-9d74-adb5a13fed3b"",""4696448b-8c21-591b-80cc-7344ea0b95ec"",""c1d75a33-928c-5636-b99c-def1fb29e0f5"",""61eebfb6-2555-5bce-ba71-7a750427392a"",""aba074a1-d451-595d-bc12-e257adbe7383"",""1ca34094-ee4d-5962-a78a-174d361a9cd3"",""7edb0577-da07-5c6f-8391-bb90e9822165"",""d7c5d484-54dc-5d1e-a3ac-65d60267a12c"",""f416cc8b-3bc2-5c4c-a91c-c56faf748684""]","[""8223a484-34cf-4c0a-8a72-aeee1feba3f0"",""6b43c97a-7f91-49f8-baee-656580eec34f""]",,,M6-evaluator-v1,observed,oracle,"{""avatars"":[],""data"":{},""marker"":null,""region_count"":0}",text,UP-R2-02-S01-RESULT,independent public-contract comparison,M6-ASSERTION-2b7dfbfc-651f-4647-bb80-ee407633fac3,,,,,,,,,2026-10-07T05:05:32.292121Z,,"{""avatars"":[],""data"":{""path"":""study/uploads/blue.jpg""},""marker"":""SUCCESS"",""region_count"":1}",,2d9849af-4973-4fd8-a822-d8a60e17e5f5,7b5ae0dd-305f-4ca2-8fba-1002ab28b496,8223a484-34cf-4c0a-8a72-aeee1feba3f0,,fc088f73-1263-4de0-8b17-833b662d6935,,,,R2,6b43c97a-7f91-49f8-baee-656580eec34f,,,,,,,1,failed,UP-R2-02,,,,,,,656bacfc-b102-5379-8db2-2f9f127621e0,91d2cc0f-ca64-4f35-a998-b56d0438b753,evidence observations; interpretation separate
M7-analysis-v5,ab3de02cd2dcb666e4e84e0e76df1f61b62c2df3fb548bf556f8f158f2bf18c7,R2,dbb63e68d4ed9e904fa985aa5b88d674205b6caab086a8d981ac8918a9c68fb5,"[""4afc763c-033e-501c-9c9c-453207d31e62"",""1fed9611-d0cc-51e5-86e7-4ba237c836a2"",""0e4d4039-5409-5be7-a300-ded85e9c22d7"",""1c4afc6f-6679-57b7-ab6b-cec3053e85a1"",""76216ff6-0dab-5f43-913f-741c2deb7596"",""fe7c5fea-171a-5d3e-b93c-b9d53dca7c67"",""784c942d-b222-5013-a2e4-de4aa477a143"",""2f2d84f4-6f41-5df7-a828-cc0a3d9cdddf"",""c68f6332-f200-5595-940d-e5bcad78f1fe"",""54c3aba8-cb42-5023-9591-5cdd68bdd7c5"",""b9ac296e-4c6c-5cdc-9e03-14868c124af2"",""022ddff9-4332-5ba5-b884-42537f220a0c"",""0d262496-18e1-5973-84a6-84fbda64d0ff"",""447860c8-1d56-518b-88ad-7e103990b756"",""616ecfda-7163-5a8d-ba60-01f623d8b124"",""656bacfc-b102-5379-8db2-2f9f127621e0"",""88f2e658-6155-5924-bc85-63fe2aabb08a"",""9f032fb3-90ca-5749-aff5-1065077ac10e"",""4d2e4005-a84b-525b-a492-d367c5e405d0"",""12b20e20-e117-5c00-83bc-e589b92b730e"",""e97a5398-37b9-5e89-91a9-9b3ae48d9534"",""7a8f92c5-5f85-593a-bf90-08e13c60a2e6"",""aa66f5e3-ac0e-57d6-9b69-aa54ea7c4fb9"",""d07b7490-853e-562b-b662-305e89e7718d"",""596c0800-372d-5056-8a35-9f8661656bf4"",""d08816e6-d4d6-5f35-9de3-d86528fa7a96"",""2e126757-f17e-5ee2-93db-94d31ed944b2"",""5e1af4e2-330f-563f-b639-2d3cd8d276c8"",""49cd1889-2a56-5913-8723-929335f68874"",""82b898ba-3b6d-567f-8996-4f259b74547e"",""d38eb7d2-e78b-5c2f-93e4-2e34846e80e6"",""33effc64-dcfe-5ced-badf-c4df49f68dc1"",""a3a03b99-34c0-504b-b529-32b798db318a"",""8b3ec7b0-123f-5597-95f7-1fafc5810d01"",""035c5442-19b8-5a84-8a59-b352a9660279"",""d6d45010-72fa-5741-b733-88958a8795d2"",""ab8215e5-b753-5a6a-a4e7-ad9caf42eeac"",""1b20061c-b208-551a-b06c-81ffeff623fc"",""9b6d0913-2ae6-5dab-ab36-d05e1c51b208"",""a27c1fb2-edc1-57e6-9d74-adb5a13fed3b"",""4696448b-8c21-591b-80cc-7344ea0b95ec"",""c1d75a33-928c-5636-b99c-def1fb29e0f5"",""61eebfb6-2555-5bce-ba71-7a750427392a"",""aba074a1-d451-595d-bc12-e257adbe7383"",""1ca34094-ee4d-5962-a78a-174d361a9cd3"",""7edb0577-da07-5c6f-8391-bb90e9822165"",""d7c5d484-54dc-5d1e-a3ac-65d60267a12c"",""f416cc8b-3bc2-5c4c-a91c-c56faf748684""]","[""8223a484-34cf-4c0a-8a72-aeee1feba3f0"",""6b43c97a-7f91-49f8-baee-656580eec34f""]",,,M6-evaluator-v1,observed,oracle,"{""sentinel.txt"":{""sha256"":""cc809b73990c3ed04b989c020da6c36cfbefaff047c338817e10d2d086d9ec29"",""size"":28}}",text,UP-R2-02-S01-FILES,independent public-contract comparison,M6-ASSERTION-7a55630c-9405-4c7b-bce4-b44c7e60fd1a,,,,,,,,,2026-10-07T05:05:32.293583Z,,"{""blue.jpg"":{""sha256"":""bfd0fb4d7039a1716a766f83be930226c9d8649aa4deeb926013cbe24dd53888"",""size"":777},""sentinel.txt"":{""sha256"":""cc809b73990c3ed04b989c020da6c36cfbefaff047c338817e10d2d086d9ec29"",""size"":28}}",,2d9849af-4973-4fd8-a822-d8a60e17e5f5,a4018f2a-8bae-41c0-95bb-956ab05dbf77,8223a484-34cf-4c0a-8a72-aeee1feba3f0,,fc088f73-1263-4de0-8b17-833b662d6935,,,,R2,6b43c97a-7f91-49f8-baee-656580eec34f,,,,,,,1,failed,UP-R2-02,,,,,,,656bacfc-b102-5379-8db2-2f9f127621e0,91d2cc0f-ca64-4f35-a998-b56d0438b753,evidence observations; interpretation separate
M7-analysis-v5,ab3de02cd2dcb666e4e84e0e76df1f61b62c2df3fb548bf556f8f158f2bf18c7,R2,dbb63e68d4ed9e904fa985aa5b88d674205b6caab086a8d981ac8918a9c68fb5,"[""4afc763c-033e-501c-9c9c-453207d31e62"",""1fed9611-d0cc-51e5-86e7-4ba237c836a2"",""0e4d4039-5409-5be7-a300-ded85e9c22d7"",""1c4afc6f-6679-57b7-ab6b-cec3053e85a1"",""76216ff6-0dab-5f43-913f-741c2deb7596"",""fe7c5fea-171a-5d3e-b93c-b9d53dca7c67"",""784c942d-b222-5013-a2e4-de4aa477a143"",""2f2d84f4-6f41-5df7-a828-cc0a3d9cdddf"",""c68f6332-f200-5595-940d-e5bcad78f1fe"",""54c3aba8-cb42-5023-9591-5cdd68bdd7c5"",""b9ac296e-4c6c-5cdc-9e03-14868c124af2"",""022ddff9-4332-5ba5-b884-42537f220a0c"",""0d262496-18e1-5973-84a6-84fbda64d0ff"",""447860c8-1d56-518b-88ad-7e103990b756"",""616ecfda-7163-5a8d-ba60-01f623d8b124"",""656bacfc-b102-5379-8db2-2f9f127621e0"",""88f2e658-6155-5924-bc85-63fe2aabb08a"",""9f032fb3-90ca-5749-aff5-1065077ac10e"",""4d2e4005-a84b-525b-a492-d367c5e405d0"",""12b20e20-e117-5c00-83bc-e589b92b730e"",""e97a5398-37b9-5e89-91a9-9b3ae48d9534"",""7a8f92c5-5f85-593a-bf90-08e13c60a2e6"",""aa66f5e3-ac0e-57d6-9b69-aa54ea7c4fb9"",""d07b7490-853e-562b-b662-305e89e7718d"",""596c0800-372d-5056-8a35-9f8661656bf4"",""d08816e6-d4d6-5f35-9de3-d86528fa7a96"",""2e126757-f17e-5ee2-93db-94d31ed944b2"",""5e1af4e2-330f-563f-b639-2d3cd8d276c8"",""49cd1889-2a56-5913-8723-929335f68874"",""82b898ba-3b6d-567f-8996-4f259b74547e"",""d38eb7d2-e78b-5c2f-93e4-2e34846e80e6"",""33effc64-dcfe-5ced-badf-c4df49f68dc1"",""a3a03b99-34c0-504b-b529-32b798db318a"",""8b3ec7b0-123f-5597-95f7-1fafc5810d01"",""035c5442-19b8-5a84-8a59-b352a9660279"",""d6d45010-72fa-5741-b733-88958a8795d2"",""ab8215e5-b753-5a6a-a4e7-ad9caf42eeac"",""1b20061c-b208-551a-b06c-81ffeff623fc"",""9b6d0913-2ae6-5dab-ab36-d05e1c51b208"",""a27c1fb2-edc1-57e6-9d74-adb5a13fed3b"",""4696448b-8c21-591b-80cc-7344ea0b95ec"",""c1d75a33-928c-5636-b99c-def1fb29e0f5"",""61eebfb6-2555-5bce-ba71-7a750427392a"",""aba074a1-d451-595d-bc12-e257adbe7383"",""1ca34094-ee4d-5962-a78a-174d361a9cd3"",""7edb0577-da07-5c6f-8391-bb90e9822165"",""d7c5d484-54dc-5d1e-a3ac-65d60267a12c"",""f416cc8b-3bc2-5c4c-a91c-c56faf748684""]","[""dfa7188e-977b-4cf4-9b12-ea2ba5abbf69"",""2c8d0900-e8e8-461e-aeb7-8dc2aa29973c""]",,,M6-evaluator-v1,observed,oracle,500,text,UP-R2-01-S01-HTTP,independent public-contract comparison,M6-ASSERTION-4dc1ea4c-feeb-4435-9c6e-bb7960b23cf2,,,,,,,,,2026-10-07T05:05:32.289807Z,,200,,2d9849af-4973-4fd8-a822-d8a60e17e5f5,820e01d3-402d-41e5-a938-e2cbd14f3375,dfa7188e-977b-4cf4-9b12-ea2ba5abbf69,,fc088f73-1263-4de0-8b17-833b662d6935,,,,R2,2c8d0900-e8e8-461e-aeb7-8dc2aa29973c,,,,,,,1,failed,UP-R2-01,,,,,,,656bacfc-b102-5379-8db2-2f9f127621e0,91d2cc0f-ca64-4f35-a998-b56d0438b753,evidence observations; interpretation separate
M7-analysis-v5,ab3de02cd2dcb666e4e84e0e76df1f61b62c2df3fb548bf556f8f158f2bf18c7,R2,dbb63e68d4ed9e904fa985aa5b88d674205b6caab086a8d981ac8918a9c68fb5,"[""4afc763c-033e-501c-9c9c-453207d31e62"",""1fed9611-d0cc-51e5-86e7-4ba237c836a2"",""0e4d4039-5409-5be7-a300-ded85e9c22d7"",""1c4afc6f-6679-57b7-ab6b-cec3053e85a1"",""76216ff6-0dab-5f43-913f-741c2deb7596"",""fe7c5fea-171a-5d3e-b93c-b9d53dca7c67"",""784c942d-b222-5013-a2e4-de4aa477a143"",""2f2d84f4-6f41-5df7-a828-cc0a3d9cdddf"",""c68f6332-f200-5595-940d-e5bcad78f1fe"",""54c3aba8-cb42-5023-9591-5cdd68bdd7c5"",""b9ac296e-4c6c-5cdc-9e03-14868c124af2"",""022ddff9-4332-5ba5-b884-42537f220a0c"",""0d262496-18e1-5973-84a6-84fbda64d0ff"",""447860c8-1d56-518b-88ad-7e103990b756"",""616ecfda-7163-5a8d-ba60-01f623d8b124"",""656bacfc-b102-5379-8db2-2f9f127621e0"",""88f2e658-6155-5924-bc85-63fe2aabb08a"",""9f032fb3-90ca-5749-aff5-1065077ac10e"",""4d2e4005-a84b-525b-a492-d367c5e405d0"",""12b20e20-e117-5c00-83bc-e589b92b730e"",""e97a5398-37b9-5e89-91a9-9b3ae48d9534"",""7a8f92c5-5f85-593a-bf90-08e13c60a2e6"",""aa66f5e3-ac0e-57d6-9b69-aa54ea7c4fb9"",""d07b7490-853e-562b-b662-305e89e7718d"",""596c0800-372d-5056-8a35-9f8661656bf4"",""d08816e6-d4d6-5f35-9de3-d86528fa7a96"",""2e126757-f17e-5ee2-93db-94d31ed944b2"",""5e1af4e2-330f-563f-b639-2d3cd8d276c8"",""49cd1889-2a56-5913-8723-929335f68874"",""82b898ba-3b6d-567f-8996-4f259b74547e"",""d38eb7d2-e78b-5c2f-93e4-2e34846e80e6"",""33effc64-dcfe-5ced-badf-c4df49f68dc1"",""a3a03b99-34c0-504b-b529-32b798db318a"",""8b3ec7b0-123f-5597-95f7-1fafc5810d01"",""035c5442-19b8-5a84-8a59-b352a9660279"",""d6d45010-72fa-5741-b733-88958a8795d2"",""ab8215e5-b753-5a6a-a4e7-ad9caf42eeac"",""1b20061c-b208-551a-b06c-81ffeff623fc"",""9b6d0913-2ae6-5dab-ab36-d05e1c51b208"",""a27c1fb2-edc1-57e6-9d74-adb5a13fed3b"",""4696448b-8c21-591b-80cc-7344ea0b95ec"",""c1d75a33-928c-5636-b99c-def1fb29e0f5"",""61eebfb6-2555-5bce-ba71-7a750427392a"",""aba074a1-d451-595d-bc12-e257adbe7383"",""1ca34094-ee4d-5962-a78a-174d361a9cd3"",""7edb0577-da07-5c6f-8391-bb90e9822165"",""d7c5d484-54dc-5d1e-a3ac-65d60267a12c"",""f416cc8b-3bc2-5c4c-a91c-c56faf748684""]","[""dfa7188e-977b-4cf4-9b12-ea2ba5abbf69"",""2c8d0900-e8e8-461e-aeb7-8dc2aa29973c""]",,,M6-evaluator-v1,observed,oracle,"{""avatars"":[],""data"":{},""marker"":null,""region_count"":0}",text,UP-R2-01-S01-RESULT,independent public-contract comparison,M6-ASSERTION-05b9e2d6-28a6-42fd-8954-8fd5865eccda,,,,,,,,,2026-10-07T05:05:32.290367Z,,"{""avatars"":[],""data"":{""path"":""study/uploads/amber.png""},""marker"":""SUCCESS"",""region_count"":1}",,2d9849af-4973-4fd8-a822-d8a60e17e5f5,d030732b-3cc0-4e69-8963-8578af93ed02,dfa7188e-977b-4cf4-9b12-ea2ba5abbf69,,fc088f73-1263-4de0-8b17-833b662d6935,,,,R2,2c8d0900-e8e8-461e-aeb7-8dc2aa29973c,,,,,,,1,failed,UP-R2-01,,,,,,,656bacfc-b102-5379-8db2-2f9f127621e0,91d2cc0f-ca64-4f35-a998-b56d0438b753,evidence observations; interpretation separate
M7-analysis-v5,ab3de02cd2dcb666e4e84e0e76df1f61b62c2df3fb548bf556f8f158f2bf18c7,R2,dbb63e68d4ed9e904fa985aa5b88d674205b6caab086a8d981ac8918a9c68fb5,"[""4afc763c-033e-501c-9c9c-453207d31e62"",""1fed9611-d0cc-51e5-86e7-4ba237c836a2"",""0e4d4039-5409-5be7-a300-ded85e9c22d7"",""1c4afc6f-6679-57b7-ab6b-cec3053e85a1"",""76216ff6-0dab-5f43-913f-741c2deb7596"",""fe7c5fea-171a-5d3e-b93c-b9d53dca7c67"",""784c942d-b222-5013-a2e4-de4aa477a143"",""2f2d84f4-6f41-5df7-a828-cc0a3d9cdddf"",""c68f6332-f200-5595-940d-e5bcad78f1fe"",""54c3aba8-cb42-5023-9591-5cdd68bdd7c5"",""b9ac296e-4c6c-5cdc-9e03-14868c124af2"",""022ddff9-4332-5ba5-b884-42537f220a0c"",""0d262496-18e1-5973-84a6-84fbda64d0ff"",""447860c8-1d56-518b-88ad-7e103990b756"",""616ecfda-7163-5a8d-ba60-01f623d8b124"",""656bacfc-b102-5379-8db2-2f9f127621e0"",""88f2e658-6155-5924-bc85-63fe2aabb08a"",""9f032fb3-90ca-5749-aff5-1065077ac10e"",""4d2e4005-a84b-525b-a492-d367c5e405d0"",""12b20e20-e117-5c00-83bc-e589b92b730e"",""e97a5398-37b9-5e89-91a9-9b3ae48d9534"",""7a8f92c5-5f85-593a-bf90-08e13c60a2e6"",""aa66f5e3-ac0e-57d6-9b69-aa54ea7c4fb9"",""d07b7490-853e-562b-b662-305e89e7718d"",""596c0800-372d-5056-8a35-9f8661656bf4"",""d08816e6-d4d6-5f35-9de3-d86528fa7a96"",""2e126757-f17e-5ee2-93db-94d31ed944b2"",""5e1af4e2-330f-563f-b639-2d3cd8d276c8"",""49cd1889-2a56-5913-8723-929335f68874"",""82b898ba-3b6d-567f-8996-4f259b74547e"",""d38eb7d2-e78b-5c2f-93e4-2e34846e80e6"",""33effc64-dcfe-5ced-badf-c4df49f68dc1"",""a3a03b99-34c0-504b-b529-32b798db318a"",""8b3ec7b0-123f-5597-95f7-1fafc5810d01"",""035c5442-19b8-5a84-8a59-b352a9660279"",""d6d45010-72fa-5741-b733-88958a8795d2"",""ab8215e5-b753-5a6a-a4e7-ad9caf42eeac"",""1b20061c-b208-551a-b06c-81ffeff623fc"",""9b6d0913-2ae6-5dab-ab36-d05e1c51b208"",""a27c1fb2-edc1-57e6-9d74-adb5a13fed3b"",""4696448b-8c21-591b-80cc-7344ea0b95ec"",""c1d75a33-928c-5636-b99c-def1fb29e0f5"",""61eebfb6-2555-5bce-ba71-7a750427392a"",""aba074a1-d451-595d-bc12-e257adbe7383"",""1ca34094-ee4d-5962-a78a-174d361a9cd3"",""7edb0577-da07-5c6f-8391-bb90e9822165"",""d7c5d484-54dc-5d1e-a3ac-65d60267a12c"",""f416cc8b-3bc2-5c4c-a91c-c56faf748684""]","[""dfa7188e-977b-4cf4-9b12-ea2ba5abbf69"",""2c8d0900-e8e8-461e-aeb7-8dc2aa29973c""]",,,M6-evaluator-v1,observed,oracle,"{""sentinel.txt"":{""sha256"":""cc809b73990c3ed04b989c020da6c36cfbefaff047c338817e10d2d086d9ec29"",""size"":28}}",text,UP-R2-01-S01-FILES,independent public-contract comparison,M6-ASSERTION-00dc7015-134b-43a0-831b-e6d014f1743a,,,,,,,,,2026-10-07T05:05:32.291313Z,,"{""amber.png"":{""sha256"":""5152b4f262397512ec8d1d6f076c509a6052674e3814a0c78fb7bf368b4d5b62"",""size"":73},""sentinel.txt"":{""sha256"":""cc809b73990c3ed04b989c020da6c36cfbefaff047c338817e10d2d086d9ec29"",""size"":28}}",,2d9849af-4973-4fd8-a822-d8a60e17e5f5,42143d9c-15c1-4aec-8727-d4478e2a02c9,dfa7188e-977b-4cf4-9b12-ea2ba5abbf69,,fc088f73-1263-4de0-8b17-833b662d6935,,,,R2,2c8d0900-e8e8-461e-aeb7-8dc2aa29973c,,,,,,,1,failed,UP-R2-01,,,,,,,656bacfc-b102-5379-8db2-2f9f127621e0,91d2cc0f-ca64-4f35-a998-b56d0438b753,evidence observations; interpretation separate
M7-analysis-v5,ab3de02cd2dcb666e4e84e0e76df1f61b62c2df3fb548bf556f8f158f2bf18c7,R3,dbb63e68d4ed9e904fa985aa5b88d674205b6caab086a8d981ac8918a9c68fb5,"[""4afc763c-033e-501c-9c9c-453207d31e62"",""1fed9611-d0cc-51e5-86e7-4ba237c836a2"",""0e4d4039-5409-5be7-a300-ded85e9c22d7"",""1c4afc6f-6679-57b7-ab6b-cec3053e85a1"",""76216ff6-0dab-5f43-913f-741c2deb7596"",""fe7c5fea-171a-5d3e-b93c-b9d53dca7c67"",""784c942d-b222-5013-a2e4-de4aa477a143"",""2f2d84f4-6f41-5df7-a828-cc0a3d9cdddf"",""c68f6332-f200-5595-940d-e5bcad78f1fe"",""54c3aba8-cb42-5023-9591-5cdd68bdd7c5"",""b9ac296e-4c6c-5cdc-9e03-14868c124af2"",""022ddff9-4332-5ba5-b884-42537f220a0c"",""0d262496-18e1-5973-84a6-84fbda64d0ff"",""447860c8-1d56-518b-88ad-7e103990b756"",""616ecfda-7163-5a8d-ba60-01f623d8b124"",""656bacfc-b102-5379-8db2-2f9f127621e0"",""88f2e658-6155-5924-bc85-63fe2aabb08a"",""9f032fb3-90ca-5749-aff5-1065077ac10e"",""4d2e4005-a84b-525b-a492-d367c5e405d0"",""12b20e20-e117-5c00-83bc-e589b92b730e"",""e97a5398-37b9-5e89-91a9-9b3ae48d9534"",""7a8f92c5-5f85-593a-bf90-08e13c60a2e6"",""aa66f5e3-ac0e-57d6-9b69-aa54ea7c4fb9"",""d07b7490-853e-562b-b662-305e89e7718d"",""596c0800-372d-5056-8a35-9f8661656bf4"",""d08816e6-d4d6-5f35-9de3-d86528fa7a96"",""2e126757-f17e-5ee2-93db-94d31ed944b2"",""5e1af4e2-330f-563f-b639-2d3cd8d276c8"",""49cd1889-2a56-5913-8723-929335f68874"",""82b898ba-3b6d-567f-8996-4f259b74547e"",""d38eb7d2-e78b-5c2f-93e4-2e34846e80e6"",""33effc64-dcfe-5ced-badf-c4df49f68dc1"",""a3a03b99-34c0-504b-b529-32b798db318a"",""8b3ec7b0-123f-5597-95f7-1fafc5810d01"",""035c5442-19b8-5a84-8a59-b352a9660279"",""d6d45010-72fa-5741-b733-88958a8795d2"",""ab8215e5-b753-5a6a-a4e7-ad9caf42eeac"",""1b20061c-b208-551a-b06c-81ffeff623fc"",""9b6d0913-2ae6-5dab-ab36-d05e1c51b208"",""a27c1fb2-edc1-57e6-9d74-adb5a13fed3b"",""4696448b-8c21-591b-80cc-7344ea0b95ec"",""c1d75a33-928c-5636-b99c-def1fb29e0f5"",""61eebfb6-2555-5bce-ba71-7a750427392a"",""aba074a1-d451-595d-bc12-e257adbe7383"",""1ca34094-ee4d-5962-a78a-174d361a9cd3"",""7edb0577-da07-5c6f-8391-bb90e9822165"",""d7c5d484-54dc-5d1e-a3ac-65d60267a12c"",""f416cc8b-3bc2-5c4c-a91c-c56faf748684""]","[""a06c8fb3-d44d-4adb-bbd4-eca23c7ea2d6"",""25ae8c23-f52a-4d92-a337-5511aa2bb673""]",,,M6-evaluator-v1,observed,oracle,"{""avatars"":[],""data"":{},""marker"":null,""region_count"":0}",text,UP-R3-01-S01-RESULT,independent public-contract comparison,M6-ASSERTION-eb5ce693-4634-412d-8d41-1364f1d6260f,,,,,,,,,2026-10-07T05:05:32.294827Z,,"{""avatars"":[],""data"":{},""marker"":""UPLOAD_ERROR"",""region_count"":1}",,2d9849af-4973-4fd8-a822-d8a60e17e5f5,89bd1fdf-67c2-4a2f-97cd-dab5af05fb70,a06c8fb3-d44d-4adb-bbd4-eca23c7ea2d6,,fc088f73-1263-4de0-8b17-833b662d6935,,,,R3,25ae8c23-f52a-4d92-a337-5511aa2bb673,,,,,,,1,failed,UP-R3-01,,,,,,,656bacfc-b102-5379-8db2-2f9f127621e0,91d2cc0f-ca64-4f35-a998-b56d0438b753,evidence observations; interpretation separate
M7-analysis-v5,ab3de02cd2dcb666e4e84e0e76df1f61b62c2df3fb548bf556f8f158f2bf18c7,R5,dbb63e68d4ed9e904fa985aa5b88d674205b6caab086a8d981ac8918a9c68fb5,"[""4afc763c-033e-501c-9c9c-453207d31e62"",""1fed9611-d0cc-51e5-86e7-4ba237c836a2"",""0e4d4039-5409-5be7-a300-ded85e9c22d7"",""1c4afc6f-6679-57b7-ab6b-cec3053e85a1"",""76216ff6-0dab-5f43-913f-741c2deb7596"",""fe7c5fea-171a-5d3e-b93c-b9d53dca7c67"",""784c942d-b222-5013-a2e4-de4aa477a143"",""2f2d84f4-6f41-5df7-a828-cc0a3d9cdddf"",""c68f6332-f200-5595-940d-e5bcad78f1fe"",""54c3aba8-cb42-5023-9591-5cdd68bdd7c5"",""b9ac296e-4c6c-5cdc-9e03-14868c124af2"",""022ddff9-4332-5ba5-b884-42537f220a0c"",""0d262496-18e1-5973-84a6-84fbda64d0ff"",""447860c8-1d56-518b-88ad-7e103990b756"",""616ecfda-7163-5a8d-ba60-01f623d8b124"",""656bacfc-b102-5379-8db2-2f9f127621e0"",""88f2e658-6155-5924-bc85-63fe2aabb08a"",""9f032fb3-90ca-5749-aff5-1065077ac10e"",""4d2e4005-a84b-525b-a492-d367c5e405d0"",""12b20e20-e117-5c00-83bc-e589b92b730e"",""e97a5398-37b9-5e89-91a9-9b3ae48d9534"",""7a8f92c5-5f85-593a-bf90-08e13c60a2e6"",""aa66f5e3-ac0e-57d6-9b69-aa54ea7c4fb9"",""d07b7490-853e-562b-b662-305e89e7718d"",""596c0800-372d-5056-8a35-9f8661656bf4"",""d08816e6-d4d6-5f35-9de3-d86528fa7a96"",""2e126757-f17e-5ee2-93db-94d31ed944b2"",""5e1af4e2-330f-563f-b639-2d3cd8d276c8"",""49cd1889-2a56-5913-8723-929335f68874"",""82b898ba-3b6d-567f-8996-4f259b74547e"",""d38eb7d2-e78b-5c2f-93e4-2e34846e80e6"",""33effc64-dcfe-5ced-badf-c4df49f68dc1"",""a3a03b99-34c0-504b-b529-32b798db318a"",""8b3ec7b0-123f-5597-95f7-1fafc5810d01"",""035c5442-19b8-5a84-8a59-b352a9660279"",""d6d45010-72fa-5741-b733-88958a8795d2"",""ab8215e5-b753-5a6a-a4e7-ad9caf42eeac"",""1b20061c-b208-551a-b06c-81ffeff623fc"",""9b6d0913-2ae6-5dab-ab36-d05e1c51b208"",""a27c1fb2-edc1-57e6-9d74-adb5a13fed3b"",""4696448b-8c21-591b-80cc-7344ea0b95ec"",""c1d75a33-928c-5636-b99c-def1fb29e0f5"",""61eebfb6-2555-5bce-ba71-7a750427392a"",""aba074a1-d451-595d-bc12-e257adbe7383"",""1ca34094-ee4d-5962-a78a-174d361a9cd3"",""7edb0577-da07-5c6f-8391-bb90e9822165"",""d7c5d484-54dc-5d1e-a3ac-65d60267a12c"",""f416cc8b-3bc2-5c4c-a91c-c56faf748684""]","[""48cf90f7-ab91-420b-a8d5-4f3036771a6f"",""a55db79f-9f4e-470e-ac69-39dcb5ce4d60""]",,,M6-evaluator-v1,observed,oracle,500,text,UP-R5-01-S01-HTTP,independent public-contract comparison,M6-ASSERTION-a38580c4-e957-4bd9-94e9-d8897737b33a,,,,,,,,,2026-10-07T05:05:32.299878Z,,200,,2d9849af-4973-4fd8-a822-d8a60e17e5f5,d6cf36d9-6dd6-4f37-9e48-013a5fb28c91,48cf90f7-ab91-420b-a8d5-4f3036771a6f,,fc088f73-1263-4de0-8b17-833b662d6935,,,,R5,a55db79f-9f4e-470e-ac69-39dcb5ce4d60,,,,,,,1,failed,UP-R5-01,,,,,,,656bacfc-b102-5379-8db2-2f9f127621e0,91d2cc0f-ca64-4f35-a998-b56d0438b753,evidence observations; interpretation separate
M7-analysis-v5,ab3de02cd2dcb666e4e84e0e76df1f61b62c2df3fb548bf556f8f158f2bf18c7,R5,dbb63e68d4ed9e904fa985aa5b88d674205b6caab086a8d981ac8918a9c68fb5,"[""4afc763c-033e-501c-9c9c-453207d31e62"",""1fed9611-d0cc-51e5-86e7-4ba237c836a2"",""0e4d4039-5409-5be7-a300-ded85e9c22d7"",""1c4afc6f-6679-57b7-ab6b-cec3053e85a1"",""76216ff6-0dab-5f43-913f-741c2deb7596"",""fe7c5fea-171a-5d3e-b93c-b9d53dca7c67"",""784c942d-b222-5013-a2e4-de4aa477a143"",""2f2d84f4-6f41-5df7-a828-cc0a3d9cdddf"",""c68f6332-f200-5595-940d-e5bcad78f1fe"",""54c3aba8-cb42-5023-9591-5cdd68bdd7c5"",""b9ac296e-4c6c-5cdc-9e03-14868c124af2"",""022ddff9-4332-5ba5-b884-42537f220a0c"",""0d262496-18e1-5973-84a6-84fbda64d0ff"",""447860c8-1d56-518b-88ad-7e103990b756"",""616ecfda-7163-5a8d-ba60-01f623d8b124"",""656bacfc-b102-5379-8db2-2f9f127621e0"",""88f2e658-6155-5924-bc85-63fe2aabb08a"",""9f032fb3-90ca-5749-aff5-1065077ac10e"",""4d2e4005-a84b-525b-a492-d367c5e405d0"",""12b20e20-e117-5c00-83bc-e589b92b730e"",""e97a5398-37b9-5e89-91a9-9b3ae48d9534"",""7a8f92c5-5f85-593a-bf90-08e13c60a2e6"",""aa66f5e3-ac0e-57d6-9b69-aa54ea7c4fb9"",""d07b7490-853e-562b-b662-305e89e7718d"",""596c0800-372d-5056-8a35-9f8661656bf4"",""d08816e6-d4d6-5f35-9de3-d86528fa7a96"",""2e126757-f17e-5ee2-93db-94d31ed944b2"",""5e1af4e2-330f-563f-b639-2d3cd8d276c8"",""49cd1889-2a56-5913-8723-929335f68874"",""82b898ba-3b6d-567f-8996-4f259b74547e"",""d38eb7d2-e78b-5c2f-93e4-2e34846e80e6"",""33effc64-dcfe-5ced-badf-c4df49f68dc1"",""a3a03b99-34c0-504b-b529-32b798db318a"",""8b3ec7b0-123f-5597-95f7-1fafc5810d01"",""035c5442-19b8-5a84-8a59-b352a9660279"",""d6d45010-72fa-5741-b733-88958a8795d2"",""ab8215e5-b753-5a6a-a4e7-ad9caf42eeac"",""1b20061c-b208-551a-b06c-81ffeff623fc"",""9b6d0913-2ae6-5dab-ab36-d05e1c51b208"",""a27c1fb2-edc1-57e6-9d74-adb5a13fed3b"",""4696448b-8c21-591b-80cc-7344ea0b95ec"",""c1d75a33-928c-5636-b99c-def1fb29e0f5"",""61eebfb6-2555-5bce-ba71-7a750427392a"",""aba074a1-d451-595d-bc12-e257adbe7383"",""1ca34094-ee4d-5962-a78a-174d361a9cd3"",""7edb0577-da07-5c6f-8391-bb90e9822165"",""d7c5d484-54dc-5d1e-a3ac-65d60267a12c"",""f416cc8b-3bc2-5c4c-a91c-c56faf748684""]","[""48cf90f7-ab91-420b-a8d5-4f3036771a6f"",""a55db79f-9f4e-470e-ac69-39dcb5ce4d60""]",,,M6-evaluator-v1,observed,oracle,"{""avatars"":[],""data"":{},""marker"":null,""region_count"":0}",text,UP-R5-01-S01-RESULT,independent public-contract comparison,M6-ASSERTION-645c146b-1d57-47be-bea6-af7564482cd0,,,,,,,,,2026-10-07T05:05:32.300328Z,,"{""avatars"":[],""data"":{""path"":""study/uploads/blue.png""},""marker"":""SUCCESS"",""region_count"":1}",,2d9849af-4973-4fd8-a822-d8a60e17e5f5,f6dc6678-82ce-4422-a334-c16609fa0d8e,48cf90f7-ab91-420b-a8d5-4f3036771a6f,,fc088f73-1263-4de0-8b17-833b662d6935,,,,R5,a55db79f-9f4e-470e-ac69-39dcb5ce4d60,,,,,,,1,failed,UP-R5-01,,,,,,,656bacfc-b102-5379-8db2-2f9f127621e0,91d2cc0f-ca64-4f35-a998-b56d0438b753,evidence observations; interpretation separate
M7-analysis-v5,ab3de02cd2dcb666e4e84e0e76df1f61b62c2df3fb548bf556f8f158f2bf18c7,R5,dbb63e68d4ed9e904fa985aa5b88d674205b6caab086a8d981ac8918a9c68fb5,"[""4afc763c-033e-501c-9c9c-453207d31e62"",""1fed9611-d0cc-51e5-86e7-4ba237c836a2"",""0e4d4039-5409-5be7-a300-ded85e9c22d7"",""1c4afc6f-6679-57b7-ab6b-cec3053e85a1"",""76216ff6-0dab-5f43-913f-741c2deb7596"",""fe7c5fea-171a-5d3e-b93c-b9d53dca7c67"",""784c942d-b222-5013-a2e4-de4aa477a143"",""2f2d84f4-6f41-5df7-a828-cc0a3d9cdddf"",""c68f6332-f200-5595-940d-e5bcad78f1fe"",""54c3aba8-cb42-5023-9591-5cdd68bdd7c5"",""b9ac296e-4c6c-5cdc-9e03-14868c124af2"",""022ddff9-4332-5ba5-b884-42537f220a0c"",""0d262496-18e1-5973-84a6-84fbda64d0ff"",""447860c8-1d56-518b-88ad-7e103990b756"",""616ecfda-7163-5a8d-ba60-01f623d8b124"",""656bacfc-b102-5379-8db2-2f9f127621e0"",""88f2e658-6155-5924-bc85-63fe2aabb08a"",""9f032fb3-90ca-5749-aff5-1065077ac10e"",""4d2e4005-a84b-525b-a492-d367c5e405d0"",""12b20e20-e117-5c00-83bc-e589b92b730e"",""e97a5398-37b9-5e89-91a9-9b3ae48d9534"",""7a8f92c5-5f85-593a-bf90-08e13c60a2e6"",""aa66f5e3-ac0e-57d6-9b69-aa54ea7c4fb9"",""d07b7490-853e-562b-b662-305e89e7718d"",""596c0800-372d-5056-8a35-9f8661656bf4"",""d08816e6-d4d6-5f35-9de3-d86528fa7a96"",""2e126757-f17e-5ee2-93db-94d31ed944b2"",""5e1af4e2-330f-563f-b639-2d3cd8d276c8"",""49cd1889-2a56-5913-8723-929335f68874"",""82b898ba-3b6d-567f-8996-4f259b74547e"",""d38eb7d2-e78b-5c2f-93e4-2e34846e80e6"",""33effc64-dcfe-5ced-badf-c4df49f68dc1"",""a3a03b99-34c0-504b-b529-32b798db318a"",""8b3ec7b0-123f-5597-95f7-1fafc5810d01"",""035c5442-19b8-5a84-8a59-b352a9660279"",""d6d45010-72fa-5741-b733-88958a8795d2"",""ab8215e5-b753-5a6a-a4e7-ad9caf42eeac"",""1b20061c-b208-551a-b06c-81ffeff623fc"",""9b6d0913-2ae6-5dab-ab36-d05e1c51b208"",""a27c1fb2-edc1-57e6-9d74-adb5a13fed3b"",""4696448b-8c21-591b-80cc-7344ea0b95ec"",""c1d75a33-928c-5636-b99c-def1fb29e0f5"",""61eebfb6-2555-5bce-ba71-7a750427392a"",""aba074a1-d451-595d-bc12-e257adbe7383"",""1ca34094-ee4d-5962-a78a-174d361a9cd3"",""7edb0577-da07-5c6f-8391-bb90e9822165"",""d7c5d484-54dc-5d1e-a3ac-65d60267a12c"",""f416cc8b-3bc2-5c4c-a91c-c56faf748684""]","[""48cf90f7-ab91-420b-a8d5-4f3036771a6f"",""a55db79f-9f4e-470e-ac69-39dcb5ce4d60""]",,,M6-evaluator-v1,observed,oracle,"{""sentinel.txt"":{""sha256"":""cc809b73990c3ed04b989c020da6c36cfbefaff047c338817e10d2d086d9ec29"",""size"":28}}",text,UP-R5-01-S01-FILES,independent public-contract comparison,M6-ASSERTION-9c21d5bd-b053-40bb-965c-f3eeffad7475,,,,,,,,,2026-10-07T05:05:32.303121Z,,"{""blue.png"":{""sha256"":""4442d728adc33566e2be10ba0d573a8b4ec1ca033335b75eaac003a97facfc26"",""size"":73},""sentinel.txt"":{""sha256"":""cc809b73990c3ed04b989c020da6c36cfbefaff047c338817e10d2d086d9ec29"",""size"":28}}",,2d9849af-4973-4fd8-a822-d8a60e17e5f5,1980ce54-7cf2-433a-9ba4-663d866a7223,48cf90f7-ab91-420b-a8d5-4f3036771a6f,,fc088f73-1263-4de0-8b17-833b662d6935,,,,R5,a55db79f-9f4e-470e-ac69-39dcb5ce4d60,,,,,,,1,failed,UP-R5-01,,,,,,,656bacfc-b102-5379-8db2-2f9f127621e0,91d2cc0f-ca64-4f35-a998-b56d0438b753,evidence observations; interpretation separate
M7-analysis-v5,ab3de02cd2dcb666e4e84e0e76df1f61b62c2df3fb548bf556f8f158f2bf18c7,R5,dbb63e68d4ed9e904fa985aa5b88d674205b6caab086a8d981ac8918a9c68fb5,"[""4afc763c-033e-501c-9c9c-453207d31e62"",""1fed9611-d0cc-51e5-86e7-4ba237c836a2"",""0e4d4039-5409-5be7-a300-ded85e9c22d7"",""1c4afc6f-6679-57b7-ab6b-cec3053e85a1"",""76216ff6-0dab-5f43-913f-741c2deb7596"",""fe7c5fea-171a-5d3e-b93c-b9d53dca7c67"",""784c942d-b222-5013-a2e4-de4aa477a143"",""2f2d84f4-6f41-5df7-a828-cc0a3d9cdddf"",""c68f6332-f200-5595-940d-e5bcad78f1fe"",""54c3aba8-cb42-5023-9591-5cdd68bdd7c5"",""b9ac296e-4c6c-5cdc-9e03-14868c124af2"",""022ddff9-4332-5ba5-b884-42537f220a0c"",""0d262496-18e1-5973-84a6-84fbda64d0ff"",""447860c8-1d56-518b-88ad-7e103990b756"",""616ecfda-7163-5a8d-ba60-01f623d8b124"",""656bacfc-b102-5379-8db2-2f9f127621e0"",""88f2e658-6155-5924-bc85-63fe2aabb08a"",""9f032fb3-90ca-5749-aff5-1065077ac10e"",""4d2e4005-a84b-525b-a492-d367c5e405d0"",""12b20e20-e117-5c00-83bc-e589b92b730e"",""e97a5398-37b9-5e89-91a9-9b3ae48d9534"",""7a8f92c5-5f85-593a-bf90-08e13c60a2e6"",""aa66f5e3-ac0e-57d6-9b69-aa54ea7c4fb9"",""d07b7490-853e-562b-b662-305e89e7718d"",""596c0800-372d-5056-8a35-9f8661656bf4"",""d08816e6-d4d6-5f35-9de3-d86528fa7a96"",""2e126757-f17e-5ee2-93db-94d31ed944b2"",""5e1af4e2-330f-563f-b639-2d3cd8d276c8"",""49cd1889-2a56-5913-8723-929335f68874"",""82b898ba-3b6d-567f-8996-4f259b74547e"",""d38eb7d2-e78b-5c2f-93e4-2e34846e80e6"",""33effc64-dcfe-5ced-badf-c4df49f68dc1"",""a3a03b99-34c0-504b-b529-32b798db318a"",""8b3ec7b0-123f-5597-95f7-1fafc5810d01"",""035c5442-19b8-5a84-8a59-b352a9660279"",""d6d45010-72fa-5741-b733-88958a8795d2"",""ab8215e5-b753-5a6a-a4e7-ad9caf42eeac"",""1b20061c-b208-551a-b06c-81ffeff623fc"",""9b6d0913-2ae6-5dab-ab36-d05e1c51b208"",""a27c1fb2-edc1-57e6-9d74-adb5a13fed3b"",""4696448b-8c21-591b-80cc-7344ea0b95ec"",""c1d75a33-928c-5636-b99c-def1fb29e0f5"",""61eebfb6-2555-5bce-ba71-7a750427392a"",""aba074a1-d451-595d-bc12-e257adbe7383"",""1ca34094-ee4d-5962-a78a-174d361a9cd3"",""7edb0577-da07-5c6f-8391-bb90e9822165"",""d7c5d484-54dc-5d1e-a3ac-65d60267a12c"",""f416cc8b-3bc2-5c4c-a91c-c56faf748684""]","[""d5433ec3-fadf-4598-9c20-64afc4a7046b"",""32168acd-2a03-4654-8980-16cd96031182""]",,,M6-evaluator-v1,observed,oracle,500,text,UP-R5-02-S01-HTTP,independent public-contract comparison,M6-ASSERTION-962e031e-d705-43d4-896b-21567cfdc1ec,,,,,,,,,2026-10-07T05:05:32.303537Z,,200,,2d9849af-4973-4fd8-a822-d8a60e17e5f5,5ed866e8-5f7f-4701-abb5-832c2e681653,d5433ec3-fadf-4598-9c20-64afc4a7046b,,fc088f73-1263-4de0-8b17-833b662d6935,,,,R5,32168acd-2a03-4654-8980-16cd96031182,,,,,,,1,failed,UP-R5-02,,,,,,,656bacfc-b102-5379-8db2-2f9f127621e0,91d2cc0f-ca64-4f35-a998-b56d0438b753,evidence observations; interpretation separate
M7-analysis-v5,ab3de02cd2dcb666e4e84e0e76df1f61b62c2df3fb548bf556f8f158f2bf18c7,R5,dbb63e68d4ed9e904fa985aa5b88d674205b6caab086a8d981ac8918a9c68fb5,"[""4afc763c-033e-501c-9c9c-453207d31e62"",""1fed9611-d0cc-51e5-86e7-4ba237c836a2"",""0e4d4039-5409-5be7-a300-ded85e9c22d7"",""1c4afc6f-6679-57b7-ab6b-cec3053e85a1"",""76216ff6-0dab-5f43-913f-741c2deb7596"",""fe7c5fea-171a-5d3e-b93c-b9d53dca7c67"",""784c942d-b222-5013-a2e4-de4aa477a143"",""2f2d84f4-6f41-5df7-a828-cc0a3d9cdddf"",""c68f6332-f200-5595-940d-e5bcad78f1fe"",""54c3aba8-cb42-5023-9591-5cdd68bdd7c5"",""b9ac296e-4c6c-5cdc-9e03-14868c124af2"",""022ddff9-4332-5ba5-b884-42537f220a0c"",""0d262496-18e1-5973-84a6-84fbda64d0ff"",""447860c8-1d56-518b-88ad-7e103990b756"",""616ecfda-7163-5a8d-ba60-01f623d8b124"",""656bacfc-b102-5379-8db2-2f9f127621e0"",""88f2e658-6155-5924-bc85-63fe2aabb08a"",""9f032fb3-90ca-5749-aff5-1065077ac10e"",""4d2e4005-a84b-525b-a492-d367c5e405d0"",""12b20e20-e117-5c00-83bc-e589b92b730e"",""e97a5398-37b9-5e89-91a9-9b3ae48d9534"",""7a8f92c5-5f85-593a-bf90-08e13c60a2e6"",""aa66f5e3-ac0e-57d6-9b69-aa54ea7c4fb9"",""d07b7490-853e-562b-b662-305e89e7718d"",""596c0800-372d-5056-8a35-9f8661656bf4"",""d08816e6-d4d6-5f35-9de3-d86528fa7a96"",""2e126757-f17e-5ee2-93db-94d31ed944b2"",""5e1af4e2-330f-563f-b639-2d3cd8d276c8"",""49cd1889-2a56-5913-8723-929335f68874"",""82b898ba-3b6d-567f-8996-4f259b74547e"",""d38eb7d2-e78b-5c2f-93e4-2e34846e80e6"",""33effc64-dcfe-5ced-badf-c4df49f68dc1"",""a3a03b99-34c0-504b-b529-32b798db318a"",""8b3ec7b0-123f-5597-95f7-1fafc5810d01"",""035c5442-19b8-5a84-8a59-b352a9660279"",""d6d45010-72fa-5741-b733-88958a8795d2"",""ab8215e5-b753-5a6a-a4e7-ad9caf42eeac"",""1b20061c-b208-551a-b06c-81ffeff623fc"",""9b6d0913-2ae6-5dab-ab36-d05e1c51b208"",""a27c1fb2-edc1-57e6-9d74-adb5a13fed3b"",""4696448b-8c21-591b-80cc-7344ea0b95ec"",""c1d75a33-928c-5636-b99c-def1fb29e0f5"",""61eebfb6-2555-5bce-ba71-7a750427392a"",""aba074a1-d451-595d-bc12-e257adbe7383"",""1ca34094-ee4d-5962-a78a-174d361a9cd3"",""7edb0577-da07-5c6f-8391-bb90e9822165"",""d7c5d484-54dc-5d1e-a3ac-65d60267a12c"",""f416cc8b-3bc2-5c4c-a91c-c56faf748684""]","[""d5433ec3-fadf-4598-9c20-64afc4a7046b"",""32168acd-2a03-4654-8980-16cd96031182""]",,,M6-evaluator-v1,observed,oracle,"{""avatars"":[],""data"":{},""marker"":null,""region_count"":0}",text,UP-R5-02-S01-RESULT,independent public-contract comparison,M6-ASSERTION-03cfe2a3-74a7-4d98-a2ee-4ef592bf6151,,,,,,,,,2026-10-07T05:05:32.303930Z,,"{""avatars"":[],""data"":{""path"":""study/uploads/green.png""},""marker"":""SUCCESS"",""region_count"":1}",,2d9849af-4973-4fd8-a822-d8a60e17e5f5,1b404378-47d9-4197-86d4-3c1d5d52da26,d5433ec3-fadf-4598-9c20-64afc4a7046b,,fc088f73-1263-4de0-8b17-833b662d6935,,,,R5,32168acd-2a03-4654-8980-16cd96031182,,,,,,,1,failed,UP-R5-02,,,,,,,656bacfc-b102-5379-8db2-2f9f127621e0,91d2cc0f-ca64-4f35-a998-b56d0438b753,evidence observations; interpretation separate
M7-analysis-v5,ab3de02cd2dcb666e4e84e0e76df1f61b62c2df3fb548bf556f8f158f2bf18c7,R5,dbb63e68d4ed9e904fa985aa5b88d674205b6caab086a8d981ac8918a9c68fb5,"[""4afc763c-033e-501c-9c9c-453207d31e62"",""1fed9611-d0cc-51e5-86e7-4ba237c836a2"",""0e4d4039-5409-5be7-a300-ded85e9c22d7"",""1c4afc6f-6679-57b7-ab6b-cec3053e85a1"",""76216ff6-0dab-5f43-913f-741c2deb7596"",""fe7c5fea-171a-5d3e-b93c-b9d53dca7c67"",""784c942d-b222-5013-a2e4-de4aa477a143"",""2f2d84f4-6f41-5df7-a828-cc0a3d9cdddf"",""c68f6332-f200-5595-940d-e5bcad78f1fe"",""54c3aba8-cb42-5023-9591-5cdd68bdd7c5"",""b9ac296e-4c6c-5cdc-9e03-14868c124af2"",""022ddff9-4332-5ba5-b884-42537f220a0c"",""0d262496-18e1-5973-84a6-84fbda64d0ff"",""447860c8-1d56-518b-88ad-7e103990b756"",""616ecfda-7163-5a8d-ba60-01f623d8b124"",""656bacfc-b102-5379-8db2-2f9f127621e0"",""88f2e658-6155-5924-bc85-63fe2aabb08a"",""9f032fb3-90ca-5749-aff5-1065077ac10e"",""4d2e4005-a84b-525b-a492-d367c5e405d0"",""12b20e20-e117-5c00-83bc-e589b92b730e"",""e97a5398-37b9-5e89-91a9-9b3ae48d9534"",""7a8f92c5-5f85-593a-bf90-08e13c60a2e6"",""aa66f5e3-ac0e-57d6-9b69-aa54ea7c4fb9"",""d07b7490-853e-562b-b662-305e89e7718d"",""596c0800-372d-5056-8a35-9f8661656bf4"",""d08816e6-d4d6-5f35-9de3-d86528fa7a96"",""2e126757-f17e-5ee2-93db-94d31ed944b2"",""5e1af4e2-330f-563f-b639-2d3cd8d276c8"",""49cd1889-2a56-5913-8723-929335f68874"",""82b898ba-3b6d-567f-8996-4f259b74547e"",""d38eb7d2-e78b-5c2f-93e4-2e34846e80e6"",""33effc64-dcfe-5ced-badf-c4df49f68dc1"",""a3a03b99-34c0-504b-b529-32b798db318a"",""8b3ec7b0-123f-5597-95f7-1fafc5810d01"",""035c5442-19b8-5a84-8a59-b352a9660279"",""d6d45010-72fa-5741-b733-88958a8795d2"",""ab8215e5-b753-5a6a-a4e7-ad9caf42eeac"",""1b20061c-b208-551a-b06c-81ffeff623fc"",""9b6d0913-2ae6-5dab-ab36-d05e1c51b208"",""a27c1fb2-edc1-57e6-9d74-adb5a13fed3b"",""4696448b-8c21-591b-80cc-7344ea0b95ec"",""c1d75a33-928c-5636-b99c-def1fb29e0f5"",""61eebfb6-2555-5bce-ba71-7a750427392a"",""aba074a1-d451-595d-bc12-e257adbe7383"",""1ca34094-ee4d-5962-a78a-174d361a9cd3"",""7edb0577-da07-5c6f-8391-bb90e9822165"",""d7c5d484-54dc-5d1e-a3ac-65d60267a12c"",""f416cc8b-3bc2-5c4c-a91c-c56faf748684""]","[""d5433ec3-fadf-4598-9c20-64afc4a7046b"",""32168acd-2a03-4654-8980-16cd96031182""]",,,M6-evaluator-v1,observed,oracle,"{""sentinel.txt"":{""sha256"":""cc809b73990c3ed04b989c020da6c36cfbefaff047c338817e10d2d086d9ec29"",""size"":28}}",text,UP-R5-02-S01-FILES,independent public-contract comparison,M6-ASSERTION-b1c71d00-b108-4d26-8715-f8f1caa15997,,,,,,,,,2026-10-07T05:05:32.304869Z,,"{""green.png"":{""sha256"":""31bd12297554963e960c136b22a7a6dade4b234dc5c5a370bb16671f12af98ad"",""size"":73},""sentinel.txt"":{""sha256"":""cc809b73990c3ed04b989c020da6c36cfbefaff047c338817e10d2d086d9ec29"",""size"":28}}",,2d9849af-4973-4fd8-a822-d8a60e17e5f5,407de554-3380-4e74-b466-c7f263e13685,d5433ec3-fadf-4598-9c20-64afc4a7046b,,fc088f73-1263-4de0-8b17-833b662d6935,,,,R5,32168acd-2a03-4654-8980-16cd96031182,,,,,,,1,failed,UP-R5-02,,,,,,,656bacfc-b102-5379-8db2-2f9f127621e0,91d2cc0f-ca64-4f35-a998-b56d0438b753,evidence observations; interpretation separate
M7-analysis-v5,ab3de02cd2dcb666e4e84e0e76df1f61b62c2df3fb548bf556f8f158f2bf18c7,R6,dbb63e68d4ed9e904fa985aa5b88d674205b6caab086a8d981ac8918a9c68fb5,"[""4afc763c-033e-501c-9c9c-453207d31e62"",""1fed9611-d0cc-51e5-86e7-4ba237c836a2"",""0e4d4039-5409-5be7-a300-ded85e9c22d7"",""1c4afc6f-6679-57b7-ab6b-cec3053e85a1"",""76216ff6-0dab-5f43-913f-741c2deb7596"",""fe7c5fea-171a-5d3e-b93c-b9d53dca7c67"",""784c942d-b222-5013-a2e4-de4aa477a143"",""2f2d84f4-6f41-5df7-a828-cc0a3d9cdddf"",""c68f6332-f200-5595-940d-e5bcad78f1fe"",""54c3aba8-cb42-5023-9591-5cdd68bdd7c5"",""b9ac296e-4c6c-5cdc-9e03-14868c124af2"",""022ddff9-4332-5ba5-b884-42537f220a0c"",""0d262496-18e1-5973-84a6-84fbda64d0ff"",""447860c8-1d56-518b-88ad-7e103990b756"",""616ecfda-7163-5a8d-ba60-01f623d8b124"",""656bacfc-b102-5379-8db2-2f9f127621e0"",""88f2e658-6155-5924-bc85-63fe2aabb08a"",""9f032fb3-90ca-5749-aff5-1065077ac10e"",""4d2e4005-a84b-525b-a492-d367c5e405d0"",""12b20e20-e117-5c00-83bc-e589b92b730e"",""e97a5398-37b9-5e89-91a9-9b3ae48d9534"",""7a8f92c5-5f85-593a-bf90-08e13c60a2e6"",""aa66f5e3-ac0e-57d6-9b69-aa54ea7c4fb9"",""d07b7490-853e-562b-b662-305e89e7718d"",""596c0800-372d-5056-8a35-9f8661656bf4"",""d08816e6-d4d6-5f35-9de3-d86528fa7a96"",""2e126757-f17e-5ee2-93db-94d31ed944b2"",""5e1af4e2-330f-563f-b639-2d3cd8d276c8"",""49cd1889-2a56-5913-8723-929335f68874"",""82b898ba-3b6d-567f-8996-4f259b74547e"",""d38eb7d2-e78b-5c2f-93e4-2e34846e80e6"",""33effc64-dcfe-5ced-badf-c4df49f68dc1"",""a3a03b99-34c0-504b-b529-32b798db318a"",""8b3ec7b0-123f-5597-95f7-1fafc5810d01"",""035c5442-19b8-5a84-8a59-b352a9660279"",""d6d45010-72fa-5741-b733-88958a8795d2"",""ab8215e5-b753-5a6a-a4e7-ad9caf42eeac"",""1b20061c-b208-551a-b06c-81ffeff623fc"",""9b6d0913-2ae6-5dab-ab36-d05e1c51b208"",""a27c1fb2-edc1-57e6-9d74-adb5a13fed3b"",""4696448b-8c21-591b-80cc-7344ea0b95ec"",""c1d75a33-928c-5636-b99c-def1fb29e0f5"",""61eebfb6-2555-5bce-ba71-7a750427392a"",""aba074a1-d451-595d-bc12-e257adbe7383"",""1ca34094-ee4d-5962-a78a-174d361a9cd3"",""7edb0577-da07-5c6f-8391-bb90e9822165"",""d7c5d484-54dc-5d1e-a3ac-65d60267a12c"",""f416cc8b-3bc2-5c4c-a91c-c56faf748684""]","[""65a0003f-d97e-43da-9795-9117fb25aa32"",""05fa9d54-45ef-4932-af23-12488928fa19""]",,,M6-evaluator-v1,observed,oracle,500,text,UP-R6-01-S02-HTTP,independent public-contract comparison,M6-ASSERTION-964509cd-7642-49c5-8ccf-66f14bae0a93,,,,,,,,,2026-10-07T05:05:32.306843Z,,200,,2d9849af-4973-4fd8-a822-d8a60e17e5f5,2a839256-318b-4b17-b117-bc4129e36d4e,65a0003f-d97e-43da-9795-9117fb25aa32,,fc088f73-1263-4de0-8b17-833b662d6935,,,,R6,05fa9d54-45ef-4932-af23-12488928fa19,,,,,,,1,failed,UP-R6-01,,,,,,,656bacfc-b102-5379-8db2-2f9f127621e0,91d2cc0f-ca64-4f35-a998-b56d0438b753,evidence observations; interpretation separate
M7-analysis-v5,ab3de02cd2dcb666e4e84e0e76df1f61b62c2df3fb548bf556f8f158f2bf18c7,R6,dbb63e68d4ed9e904fa985aa5b88d674205b6caab086a8d981ac8918a9c68fb5,"[""4afc763c-033e-501c-9c9c-453207d31e62"",""1fed9611-d0cc-51e5-86e7-4ba237c836a2"",""0e4d4039-5409-5be7-a300-ded85e9c22d7"",""1c4afc6f-6679-57b7-ab6b-cec3053e85a1"",""76216ff6-0dab-5f43-913f-741c2deb7596"",""fe7c5fea-171a-5d3e-b93c-b9d53dca7c67"",""784c942d-b222-5013-a2e4-de4aa477a143"",""2f2d84f4-6f41-5df7-a828-cc0a3d9cdddf"",""c68f6332-f200-5595-940d-e5bcad78f1fe"",""54c3aba8-cb42-5023-9591-5cdd68bdd7c5"",""b9ac296e-4c6c-5cdc-9e03-14868c124af2"",""022ddff9-4332-5ba5-b884-42537f220a0c"",""0d262496-18e1-5973-84a6-84fbda64d0ff"",""447860c8-1d56-518b-88ad-7e103990b756"",""616ecfda-7163-5a8d-ba60-01f623d8b124"",""656bacfc-b102-5379-8db2-2f9f127621e0"",""88f2e658-6155-5924-bc85-63fe2aabb08a"",""9f032fb3-90ca-5749-aff5-1065077ac10e"",""4d2e4005-a84b-525b-a492-d367c5e405d0"",""12b20e20-e117-5c00-83bc-e589b92b730e"",""e97a5398-37b9-5e89-91a9-9b3ae48d9534"",""7a8f92c5-5f85-593a-bf90-08e13c60a2e6"",""aa66f5e3-ac0e-57d6-9b69-aa54ea7c4fb9"",""d07b7490-853e-562b-b662-305e89e7718d"",""596c0800-372d-5056-8a35-9f8661656bf4"",""d08816e6-d4d6-5f35-9de3-d86528fa7a96"",""2e126757-f17e-5ee2-93db-94d31ed944b2"",""5e1af4e2-330f-563f-b639-2d3cd8d276c8"",""49cd1889-2a56-5913-8723-929335f68874"",""82b898ba-3b6d-567f-8996-4f259b74547e"",""d38eb7d2-e78b-5c2f-93e4-2e34846e80e6"",""33effc64-dcfe-5ced-badf-c4df49f68dc1"",""a3a03b99-34c0-504b-b529-32b798db318a"",""8b3ec7b0-123f-5597-95f7-1fafc5810d01"",""035c5442-19b8-5a84-8a59-b352a9660279"",""d6d45010-72fa-5741-b733-88958a8795d2"",""ab8215e5-b753-5a6a-a4e7-ad9caf42eeac"",""1b20061c-b208-551a-b06c-81ffeff623fc"",""9b6d0913-2ae6-5dab-ab36-d05e1c51b208"",""a27c1fb2-edc1-57e6-9d74-adb5a13fed3b"",""4696448b-8c21-591b-80cc-7344ea0b95ec"",""c1d75a33-928c-5636-b99c-def1fb29e0f5"",""61eebfb6-2555-5bce-ba71-7a750427392a"",""aba074a1-d451-595d-bc12-e257adbe7383"",""1ca34094-ee4d-5962-a78a-174d361a9cd3"",""7edb0577-da07-5c6f-8391-bb90e9822165"",""d7c5d484-54dc-5d1e-a3ac-65d60267a12c"",""f416cc8b-3bc2-5c4c-a91c-c56faf748684""]","[""65a0003f-d97e-43da-9795-9117fb25aa32"",""05fa9d54-45ef-4932-af23-12488928fa19""]",,,M6-evaluator-v1,observed,oracle,"{""avatars"":[],""data"":{},""marker"":null,""region_count"":0}",text,UP-R6-01-S02-RESULT,independent public-contract comparison,M6-ASSERTION-3b3de463-9547-4a97-8190-f96bb93707bf,,,,,,,,,2026-10-07T05:05:32.307268Z,,"{""avatars"":[],""data"":{""path"":""study/uploads/seq-two.jpeg""},""marker"":""SUCCESS"",""region_count"":1}",,2d9849af-4973-4fd8-a822-d8a60e17e5f5,7b38bbc6-716a-4a50-a3c1-583d4d645890,65a0003f-d97e-43da-9795-9117fb25aa32,,fc088f73-1263-4de0-8b17-833b662d6935,,,,R6,05fa9d54-45ef-4932-af23-12488928fa19,,,,,,,1,failed,UP-R6-01,,,,,,,656bacfc-b102-5379-8db2-2f9f127621e0,91d2cc0f-ca64-4f35-a998-b56d0438b753,evidence observations; interpretation separate
M7-analysis-v5,ab3de02cd2dcb666e4e84e0e76df1f61b62c2df3fb548bf556f8f158f2bf18c7,R6,dbb63e68d4ed9e904fa985aa5b88d674205b6caab086a8d981ac8918a9c68fb5,"[""4afc763c-033e-501c-9c9c-453207d31e62"",""1fed9611-d0cc-51e5-86e7-4ba237c836a2"",""0e4d4039-5409-5be7-a300-ded85e9c22d7"",""1c4afc6f-6679-57b7-ab6b-cec3053e85a1"",""76216ff6-0dab-5f43-913f-741c2deb7596"",""fe7c5fea-171a-5d3e-b93c-b9d53dca7c67"",""784c942d-b222-5013-a2e4-de4aa477a143"",""2f2d84f4-6f41-5df7-a828-cc0a3d9cdddf"",""c68f6332-f200-5595-940d-e5bcad78f1fe"",""54c3aba8-cb42-5023-9591-5cdd68bdd7c5"",""b9ac296e-4c6c-5cdc-9e03-14868c124af2"",""022ddff9-4332-5ba5-b884-42537f220a0c"",""0d262496-18e1-5973-84a6-84fbda64d0ff"",""447860c8-1d56-518b-88ad-7e103990b756"",""616ecfda-7163-5a8d-ba60-01f623d8b124"",""656bacfc-b102-5379-8db2-2f9f127621e0"",""88f2e658-6155-5924-bc85-63fe2aabb08a"",""9f032fb3-90ca-5749-aff5-1065077ac10e"",""4d2e4005-a84b-525b-a492-d367c5e405d0"",""12b20e20-e117-5c00-83bc-e589b92b730e"",""e97a5398-37b9-5e89-91a9-9b3ae48d9534"",""7a8f92c5-5f85-593a-bf90-08e13c60a2e6"",""aa66f5e3-ac0e-57d6-9b69-aa54ea7c4fb9"",""d07b7490-853e-562b-b662-305e89e7718d"",""596c0800-372d-5056-8a35-9f8661656bf4"",""d08816e6-d4d6-5f35-9de3-d86528fa7a96"",""2e126757-f17e-5ee2-93db-94d31ed944b2"",""5e1af4e2-330f-563f-b639-2d3cd8d276c8"",""49cd1889-2a56-5913-8723-929335f68874"",""82b898ba-3b6d-567f-8996-4f259b74547e"",""d38eb7d2-e78b-5c2f-93e4-2e34846e80e6"",""33effc64-dcfe-5ced-badf-c4df49f68dc1"",""a3a03b99-34c0-504b-b529-32b798db318a"",""8b3ec7b0-123f-5597-95f7-1fafc5810d01"",""035c5442-19b8-5a84-8a59-b352a9660279"",""d6d45010-72fa-5741-b733-88958a8795d2"",""ab8215e5-b753-5a6a-a4e7-ad9caf42eeac"",""1b20061c-b208-551a-b06c-81ffeff623fc"",""9b6d0913-2ae6-5dab-ab36-d05e1c51b208"",""a27c1fb2-edc1-57e6-9d74-adb5a13fed3b"",""4696448b-8c21-591b-80cc-7344ea0b95ec"",""c1d75a33-928c-5636-b99c-def1fb29e0f5"",""61eebfb6-2555-5bce-ba71-7a750427392a"",""aba074a1-d451-595d-bc12-e257adbe7383"",""1ca34094-ee4d-5962-a78a-174d361a9cd3"",""7edb0577-da07-5c6f-8391-bb90e9822165"",""d7c5d484-54dc-5d1e-a3ac-65d60267a12c"",""f416cc8b-3bc2-5c4c-a91c-c56faf748684""]","[""65a0003f-d97e-43da-9795-9117fb25aa32"",""05fa9d54-45ef-4932-af23-12488928fa19""]",,,M6-evaluator-v1,observed,oracle,"{""sentinel.txt"":{""sha256"":""cc809b73990c3ed04b989c020da6c36cfbefaff047c338817e10d2d086d9ec29"",""size"":28}}",text,UP-R6-01-S02-FILES,independent public-contract comparison,M6-ASSERTION-83b095f1-90f7-469d-8965-77db3f79ea01,,,,,,,,,2026-10-07T05:05:32.308096Z,,"{""sentinel.txt"":{""sha256"":""cc809b73990c3ed04b989c020da6c36cfbefaff047c338817e10d2d086d9ec29"",""size"":28},""seq-one.png"":{""sha256"":""5152b4f262397512ec8d1d6f076c509a6052674e3814a0c78fb7bf368b4d5b62"",""size"":73},""seq-two.jpeg"":{""sha256"":""bfd0fb4d7039a1716a766f83be930226c9d8649aa4deeb926013cbe24dd53888"",""size"":777}}",,2d9849af-4973-4fd8-a822-d8a60e17e5f5,86780fb7-0744-4281-894f-e38a90782c84,65a0003f-d97e-43da-9795-9117fb25aa32,,fc088f73-1263-4de0-8b17-833b662d6935,,,,R6,05fa9d54-45ef-4932-af23-12488928fa19,,,,,,,1,failed,UP-R6-01,,,,,,,656bacfc-b102-5379-8db2-2f9f127621e0,91d2cc0f-ca64-4f35-a998-b56d0438b753,evidence observations; interpretation separate
M7-analysis-v5,ab3de02cd2dcb666e4e84e0e76df1f61b62c2df3fb548bf556f8f158f2bf18c7,R6,dbb63e68d4ed9e904fa985aa5b88d674205b6caab086a8d981ac8918a9c68fb5,"[""4afc763c-033e-501c-9c9c-453207d31e62"",""1fed9611-d0cc-51e5-86e7-4ba237c836a2"",""0e4d4039-5409-5be7-a300-ded85e9c22d7"",""1c4afc6f-6679-57b7-ab6b-cec3053e85a1"",""76216ff6-0dab-5f43-913f-741c2deb7596"",""fe7c5fea-171a-5d3e-b93c-b9d53dca7c67"",""784c942d-b222-5013-a2e4-de4aa477a143"",""2f2d84f4-6f41-5df7-a828-cc0a3d9cdddf"",""c68f6332-f200-5595-940d-e5bcad78f1fe"",""54c3aba8-cb42-5023-9591-5cdd68bdd7c5"",""b9ac296e-4c6c-5cdc-9e03-14868c124af2"",""022ddff9-4332-5ba5-b884-42537f220a0c"",""0d262496-18e1-5973-84a6-84fbda64d0ff"",""447860c8-1d56-518b-88ad-7e103990b756"",""616ecfda-7163-5a8d-ba60-01f623d8b124"",""656bacfc-b102-5379-8db2-2f9f127621e0"",""88f2e658-6155-5924-bc85-63fe2aabb08a"",""9f032fb3-90ca-5749-aff5-1065077ac10e"",""4d2e4005-a84b-525b-a492-d367c5e405d0"",""12b20e20-e117-5c00-83bc-e589b92b730e"",""e97a5398-37b9-5e89-91a9-9b3ae48d9534"",""7a8f92c5-5f85-593a-bf90-08e13c60a2e6"",""aa66f5e3-ac0e-57d6-9b69-aa54ea7c4fb9"",""d07b7490-853e-562b-b662-305e89e7718d"",""596c0800-372d-5056-8a35-9f8661656bf4"",""d08816e6-d4d6-5f35-9de3-d86528fa7a96"",""2e126757-f17e-5ee2-93db-94d31ed944b2"",""5e1af4e2-330f-563f-b639-2d3cd8d276c8"",""49cd1889-2a56-5913-8723-929335f68874"",""82b898ba-3b6d-567f-8996-4f259b74547e"",""d38eb7d2-e78b-5c2f-93e4-2e34846e80e6"",""33effc64-dcfe-5ced-badf-c4df49f68dc1"",""a3a03b99-34c0-504b-b529-32b798db318a"",""8b3ec7b0-123f-5597-95f7-1fafc5810d01"",""035c5442-19b8-5a84-8a59-b352a9660279"",""d6d45010-72fa-5741-b733-88958a8795d2"",""ab8215e5-b753-5a6a-a4e7-ad9caf42eeac"",""1b20061c-b208-551a-b06c-81ffeff623fc"",""9b6d0913-2ae6-5dab-ab36-d05e1c51b208"",""a27c1fb2-edc1-57e6-9d74-adb5a13fed3b"",""4696448b-8c21-591b-80cc-7344ea0b95ec"",""c1d75a33-928c-5636-b99c-def1fb29e0f5"",""61eebfb6-2555-5bce-ba71-7a750427392a"",""aba074a1-d451-595d-bc12-e257adbe7383"",""1ca34094-ee4d-5962-a78a-174d361a9cd3"",""7edb0577-da07-5c6f-8391-bb90e9822165"",""d7c5d484-54dc-5d1e-a3ac-65d60267a12c"",""f416cc8b-3bc2-5c4c-a91c-c56faf748684""]","[""65a0003f-d97e-43da-9795-9117fb25aa32"",""0fc7b18a-5c31-4344-a82a-94b72e8690b8""]",,,M6-evaluator-v1,observed,oracle,500,text,UP-R6-01-S03-HTTP,independent public-contract comparison,M6-ASSERTION-55090b5e-b294-413a-9af9-6d5997fbab81,,,,,,,,,2026-10-07T05:05:32.308490Z,,200,,2d9849af-4973-4fd8-a822-d8a60e17e5f5,0950c973-3a6f-4f66-a1cd-c9295dd57523,65a0003f-d97e-43da-9795-9117fb25aa32,,fc088f73-1263-4de0-8b17-833b662d6935,,,,R6,0fc7b18a-5c31-4344-a82a-94b72e8690b8,,,,,,,1,failed,UP-R6-01,,,,,,,656bacfc-b102-5379-8db2-2f9f127621e0,91d2cc0f-ca64-4f35-a998-b56d0438b753,evidence observations; interpretation separate
M7-analysis-v5,ab3de02cd2dcb666e4e84e0e76df1f61b62c2df3fb548bf556f8f158f2bf18c7,R6,dbb63e68d4ed9e904fa985aa5b88d674205b6caab086a8d981ac8918a9c68fb5,"[""4afc763c-033e-501c-9c9c-453207d31e62"",""1fed9611-d0cc-51e5-86e7-4ba237c836a2"",""0e4d4039-5409-5be7-a300-ded85e9c22d7"",""1c4afc6f-6679-57b7-ab6b-cec3053e85a1"",""76216ff6-0dab-5f43-913f-741c2deb7596"",""fe7c5fea-171a-5d3e-b93c-b9d53dca7c67"",""784c942d-b222-5013-a2e4-de4aa477a143"",""2f2d84f4-6f41-5df7-a828-cc0a3d9cdddf"",""c68f6332-f200-5595-940d-e5bcad78f1fe"",""54c3aba8-cb42-5023-9591-5cdd68bdd7c5"",""b9ac296e-4c6c-5cdc-9e03-14868c124af2"",""022ddff9-4332-5ba5-b884-42537f220a0c"",""0d262496-18e1-5973-84a6-84fbda64d0ff"",""447860c8-1d56-518b-88ad-7e103990b756"",""616ecfda-7163-5a8d-ba60-01f623d8b124"",""656bacfc-b102-5379-8db2-2f9f127621e0"",""88f2e658-6155-5924-bc85-63fe2aabb08a"",""9f032fb3-90ca-5749-aff5-1065077ac10e"",""4d2e4005-a84b-525b-a492-d367c5e405d0"",""12b20e20-e117-5c00-83bc-e589b92b730e"",""e97a5398-37b9-5e89-91a9-9b3ae48d9534"",""7a8f92c5-5f85-593a-bf90-08e13c60a2e6"",""aa66f5e3-ac0e-57d6-9b69-aa54ea7c4fb9"",""d07b7490-853e-562b-b662-305e89e7718d"",""596c0800-372d-5056-8a35-9f8661656bf4"",""d08816e6-d4d6-5f35-9de3-d86528fa7a96"",""2e126757-f17e-5ee2-93db-94d31ed944b2"",""5e1af4e2-330f-563f-b639-2d3cd8d276c8"",""49cd1889-2a56-5913-8723-929335f68874"",""82b898ba-3b6d-567f-8996-4f259b74547e"",""d38eb7d2-e78b-5c2f-93e4-2e34846e80e6"",""33effc64-dcfe-5ced-badf-c4df49f68dc1"",""a3a03b99-34c0-504b-b529-32b798db318a"",""8b3ec7b0-123f-5597-95f7-1fafc5810d01"",""035c5442-19b8-5a84-8a59-b352a9660279"",""d6d45010-72fa-5741-b733-88958a8795d2"",""ab8215e5-b753-5a6a-a4e7-ad9caf42eeac"",""1b20061c-b208-551a-b06c-81ffeff623fc"",""9b6d0913-2ae6-5dab-ab36-d05e1c51b208"",""a27c1fb2-edc1-57e6-9d74-adb5a13fed3b"",""4696448b-8c21-591b-80cc-7344ea0b95ec"",""c1d75a33-928c-5636-b99c-def1fb29e0f5"",""61eebfb6-2555-5bce-ba71-7a750427392a"",""aba074a1-d451-595d-bc12-e257adbe7383"",""1ca34094-ee4d-5962-a78a-174d361a9cd3"",""7edb0577-da07-5c6f-8391-bb90e9822165"",""d7c5d484-54dc-5d1e-a3ac-65d60267a12c"",""f416cc8b-3bc2-5c4c-a91c-c56faf748684""]","[""65a0003f-d97e-43da-9795-9117fb25aa32"",""0fc7b18a-5c31-4344-a82a-94b72e8690b8""]",,,M6-evaluator-v1,observed,oracle,"{""avatars"":[],""data"":{},""marker"":null,""region_count"":0}",text,UP-R6-01-S03-RESULT,independent public-contract comparison,M6-ASSERTION-ee81e07f-bd60-4fae-ba14-d4fd26fd3549,,,,,,,,,2026-10-07T05:05:32.308983Z,,"{""avatars"":[],""data"":{""path"":""study/uploads/seq-three.png""},""marker"":""SUCCESS"",""region_count"":1}",,2d9849af-4973-4fd8-a822-d8a60e17e5f5,dbe48493-8a08-4cb2-841c-d5d96d477e37,65a0003f-d97e-43da-9795-9117fb25aa32,,fc088f73-1263-4de0-8b17-833b662d6935,,,,R6,0fc7b18a-5c31-4344-a82a-94b72e8690b8,,,,,,,1,failed,UP-R6-01,,,,,,,656bacfc-b102-5379-8db2-2f9f127621e0,91d2cc0f-ca64-4f35-a998-b56d0438b753,evidence observations; interpretation separate
M7-analysis-v5,ab3de02cd2dcb666e4e84e0e76df1f61b62c2df3fb548bf556f8f158f2bf18c7,R6,dbb63e68d4ed9e904fa985aa5b88d674205b6caab086a8d981ac8918a9c68fb5,"[""4afc763c-033e-501c-9c9c-453207d31e62"",""1fed9611-d0cc-51e5-86e7-4ba237c836a2"",""0e4d4039-5409-5be7-a300-ded85e9c22d7"",""1c4afc6f-6679-57b7-ab6b-cec3053e85a1"",""76216ff6-0dab-5f43-913f-741c2deb7596"",""fe7c5fea-171a-5d3e-b93c-b9d53dca7c67"",""784c942d-b222-5013-a2e4-de4aa477a143"",""2f2d84f4-6f41-5df7-a828-cc0a3d9cdddf"",""c68f6332-f200-5595-940d-e5bcad78f1fe"",""54c3aba8-cb42-5023-9591-5cdd68bdd7c5"",""b9ac296e-4c6c-5cdc-9e03-14868c124af2"",""022ddff9-4332-5ba5-b884-42537f220a0c"",""0d262496-18e1-5973-84a6-84fbda64d0ff"",""447860c8-1d56-518b-88ad-7e103990b756"",""616ecfda-7163-5a8d-ba60-01f623d8b124"",""656bacfc-b102-5379-8db2-2f9f127621e0"",""88f2e658-6155-5924-bc85-63fe2aabb08a"",""9f032fb3-90ca-5749-aff5-1065077ac10e"",""4d2e4005-a84b-525b-a492-d367c5e405d0"",""12b20e20-e117-5c00-83bc-e589b92b730e"",""e97a5398-37b9-5e89-91a9-9b3ae48d9534"",""7a8f92c5-5f85-593a-bf90-08e13c60a2e6"",""aa66f5e3-ac0e-57d6-9b69-aa54ea7c4fb9"",""d07b7490-853e-562b-b662-305e89e7718d"",""596c0800-372d-5056-8a35-9f8661656bf4"",""d08816e6-d4d6-5f35-9de3-d86528fa7a96"",""2e126757-f17e-5ee2-93db-94d31ed944b2"",""5e1af4e2-330f-563f-b639-2d3cd8d276c8"",""49cd1889-2a56-5913-8723-929335f68874"",""82b898ba-3b6d-567f-8996-4f259b74547e"",""d38eb7d2-e78b-5c2f-93e4-2e34846e80e6"",""33effc64-dcfe-5ced-badf-c4df49f68dc1"",""a3a03b99-34c0-504b-b529-32b798db318a"",""8b3ec7b0-123f-5597-95f7-1fafc5810d01"",""035c5442-19b8-5a84-8a59-b352a9660279"",""d6d45010-72fa-5741-b733-88958a8795d2"",""ab8215e5-b753-5a6a-a4e7-ad9caf42eeac"",""1b20061c-b208-551a-b06c-81ffeff623fc"",""9b6d0913-2ae6-5dab-ab36-d05e1c51b208"",""a27c1fb2-edc1-57e6-9d74-adb5a13fed3b"",""4696448b-8c21-591b-80cc-7344ea0b95ec"",""c1d75a33-928c-5636-b99c-def1fb29e0f5"",""61eebfb6-2555-5bce-ba71-7a750427392a"",""aba074a1-d451-595d-bc12-e257adbe7383"",""1ca34094-ee4d-5962-a78a-174d361a9cd3"",""7edb0577-da07-5c6f-8391-bb90e9822165"",""d7c5d484-54dc-5d1e-a3ac-65d60267a12c"",""f416cc8b-3bc2-5c4c-a91c-c56faf748684""]","[""65a0003f-d97e-43da-9795-9117fb25aa32"",""0fc7b18a-5c31-4344-a82a-94b72e8690b8""]",,,M6-evaluator-v1,observed,oracle,"{""sentinel.txt"":{""sha256"":""cc809b73990c3ed04b989c020da6c36cfbefaff047c338817e10d2d086d9ec29"",""size"":28}}",text,UP-R6-01-S03-FILES,independent public-contract comparison,M6-ASSERTION-164d3680-eedb-4274-99a9-76bd20e3bd5c,,,,,,,,,2026-10-07T05:05:32.309904Z,,"{""sentinel.txt"":{""sha256"":""cc809b73990c3ed04b989c020da6c36cfbefaff047c338817e10d2d086d9ec29"",""size"":28},""seq-one.png"":{""sha256"":""5152b4f262397512ec8d1d6f076c509a6052674e3814a0c78fb7bf368b4d5b62"",""size"":73},""seq-three.png"":{""sha256"":""31bd12297554963e960c136b22a7a6dade4b234dc5c5a370bb16671f12af98ad"",""size"":73},""seq-two.jpeg"":{""sha256"":""bfd0fb4d7039a1716a766f83be930226c9d8649aa4deeb926013cbe24dd53888"",""size"":777}}",,2d9849af-4973-4fd8-a822-d8a60e17e5f5,77c7c8d2-6411-40ab-ad77-3d2211f19dd2,65a0003f-d97e-43da-9795-9117fb25aa32,,fc088f73-1263-4de0-8b17-833b662d6935,,,,R6,0fc7b18a-5c31-4344-a82a-94b72e8690b8,,,,,,,1,failed,UP-R6-01,,,,,,,656bacfc-b102-5379-8db2-2f9f127621e0,91d2cc0f-ca64-4f35-a998-b56d0438b753,evidence observations; interpretation separate
M7-analysis-v5,ab3de02cd2dcb666e4e84e0e76df1f61b62c2df3fb548bf556f8f158f2bf18c7,R6,dbb63e68d4ed9e904fa985aa5b88d674205b6caab086a8d981ac8918a9c68fb5,"[""4afc763c-033e-501c-9c9c-453207d31e62"",""1fed9611-d0cc-51e5-86e7-4ba237c836a2"",""0e4d4039-5409-5be7-a300-ded85e9c22d7"",""1c4afc6f-6679-57b7-ab6b-cec3053e85a1"",""76216ff6-0dab-5f43-913f-741c2deb7596"",""fe7c5fea-171a-5d3e-b93c-b9d53dca7c67"",""784c942d-b222-5013-a2e4-de4aa477a143"",""2f2d84f4-6f41-5df7-a828-cc0a3d9cdddf"",""c68f6332-f200-5595-940d-e5bcad78f1fe"",""54c3aba8-cb42-5023-9591-5cdd68bdd7c5"",""b9ac296e-4c6c-5cdc-9e03-14868c124af2"",""022ddff9-4332-5ba5-b884-42537f220a0c"",""0d262496-18e1-5973-84a6-84fbda64d0ff"",""447860c8-1d56-518b-88ad-7e103990b756"",""616ecfda-7163-5a8d-ba60-01f623d8b124"",""656bacfc-b102-5379-8db2-2f9f127621e0"",""88f2e658-6155-5924-bc85-63fe2aabb08a"",""9f032fb3-90ca-5749-aff5-1065077ac10e"",""4d2e4005-a84b-525b-a492-d367c5e405d0"",""12b20e20-e117-5c00-83bc-e589b92b730e"",""e97a5398-37b9-5e89-91a9-9b3ae48d9534"",""7a8f92c5-5f85-593a-bf90-08e13c60a2e6"",""aa66f5e3-ac0e-57d6-9b69-aa54ea7c4fb9"",""d07b7490-853e-562b-b662-305e89e7718d"",""596c0800-372d-5056-8a35-9f8661656bf4"",""d08816e6-d4d6-5f35-9de3-d86528fa7a96"",""2e126757-f17e-5ee2-93db-94d31ed944b2"",""5e1af4e2-330f-563f-b639-2d3cd8d276c8"",""49cd1889-2a56-5913-8723-929335f68874"",""82b898ba-3b6d-567f-8996-4f259b74547e"",""d38eb7d2-e78b-5c2f-93e4-2e34846e80e6"",""33effc64-dcfe-5ced-badf-c4df49f68dc1"",""a3a03b99-34c0-504b-b529-32b798db318a"",""8b3ec7b0-123f-5597-95f7-1fafc5810d01"",""035c5442-19b8-5a84-8a59-b352a9660279"",""d6d45010-72fa-5741-b733-88958a8795d2"",""ab8215e5-b753-5a6a-a4e7-ad9caf42eeac"",""1b20061c-b208-551a-b06c-81ffeff623fc"",""9b6d0913-2ae6-5dab-ab36-d05e1c51b208"",""a27c1fb2-edc1-57e6-9d74-adb5a13fed3b"",""4696448b-8c21-591b-80cc-7344ea0b95ec"",""c1d75a33-928c-5636-b99c-def1fb29e0f5"",""61eebfb6-2555-5bce-ba71-7a750427392a"",""aba074a1-d451-595d-bc12-e257adbe7383"",""1ca34094-ee4d-5962-a78a-174d361a9cd3"",""7edb0577-da07-5c6f-8391-bb90e9822165"",""d7c5d484-54dc-5d1e-a3ac-65d60267a12c"",""f416cc8b-3bc2-5c4c-a91c-c56faf748684""]","[""65a0003f-d97e-43da-9795-9117fb25aa32"",""3440b399-1bde-4f9e-b803-aca01977d765""]",,,M6-evaluator-v1,observed,oracle,500,text,UP-R6-01-S01-HTTP,independent public-contract comparison,M6-ASSERTION-4d6802d5-f58d-4904-982e-e28404f3e802,,,,,,,,,2026-10-07T05:05:32.305256Z,,200,,2d9849af-4973-4fd8-a822-d8a60e17e5f5,6433853a-07ba-4bdc-a1a1-e8241afb427c,65a0003f-d97e-43da-9795-9117fb25aa32,,fc088f73-1263-4de0-8b17-833b662d6935,,,,R6,3440b399-1bde-4f9e-b803-aca01977d765,,,,,,,1,failed,UP-R6-01,,,,,,,656bacfc-b102-5379-8db2-2f9f127621e0,91d2cc0f-ca64-4f35-a998-b56d0438b753,evidence observations; interpretation separate
M7-analysis-v5,ab3de02cd2dcb666e4e84e0e76df1f61b62c2df3fb548bf556f8f158f2bf18c7,R6,dbb63e68d4ed9e904fa985aa5b88d674205b6caab086a8d981ac8918a9c68fb5,"[""4afc763c-033e-501c-9c9c-453207d31e62"",""1fed9611-d0cc-51e5-86e7-4ba237c836a2"",""0e4d4039-5409-5be7-a300-ded85e9c22d7"",""1c4afc6f-6679-57b7-ab6b-cec3053e85a1"",""76216ff6-0dab-5f43-913f-741c2deb7596"",""fe7c5fea-171a-5d3e-b93c-b9d53dca7c67"",""784c942d-b222-5013-a2e4-de4aa477a143"",""2f2d84f4-6f41-5df7-a828-cc0a3d9cdddf"",""c68f6332-f200-5595-940d-e5bcad78f1fe"",""54c3aba8-cb42-5023-9591-5cdd68bdd7c5"",""b9ac296e-4c6c-5cdc-9e03-14868c124af2"",""022ddff9-4332-5ba5-b884-42537f220a0c"",""0d262496-18e1-5973-84a6-84fbda64d0ff"",""447860c8-1d56-518b-88ad-7e103990b756"",""616ecfda-7163-5a8d-ba60-01f623d8b124"",""656bacfc-b102-5379-8db2-2f9f127621e0"",""88f2e658-6155-5924-bc85-63fe2aabb08a"",""9f032fb3-90ca-5749-aff5-1065077ac10e"",""4d2e4005-a84b-525b-a492-d367c5e405d0"",""12b20e20-e117-5c00-83bc-e589b92b730e"",""e97a5398-37b9-5e89-91a9-9b3ae48d9534"",""7a8f92c5-5f85-593a-bf90-08e13c60a2e6"",""aa66f5e3-ac0e-57d6-9b69-aa54ea7c4fb9"",""d07b7490-853e-562b-b662-305e89e7718d"",""596c0800-372d-5056-8a35-9f8661656bf4"",""d08816e6-d4d6-5f35-9de3-d86528fa7a96"",""2e126757-f17e-5ee2-93db-94d31ed944b2"",""5e1af4e2-330f-563f-b639-2d3cd8d276c8"",""49cd1889-2a56-5913-8723-929335f68874"",""82b898ba-3b6d-567f-8996-4f259b74547e"",""d38eb7d2-e78b-5c2f-93e4-2e34846e80e6"",""33effc64-dcfe-5ced-badf-c4df49f68dc1"",""a3a03b99-34c0-504b-b529-32b798db318a"",""8b3ec7b0-123f-5597-95f7-1fafc5810d01"",""035c5442-19b8-5a84-8a59-b352a9660279"",""d6d45010-72fa-5741-b733-88958a8795d2"",""ab8215e5-b753-5a6a-a4e7-ad9caf42eeac"",""1b20061c-b208-551a-b06c-81ffeff623fc"",""9b6d0913-2ae6-5dab-ab36-d05e1c51b208"",""a27c1fb2-edc1-57e6-9d74-adb5a13fed3b"",""4696448b-8c21-591b-80cc-7344ea0b95ec"",""c1d75a33-928c-5636-b99c-def1fb29e0f5"",""61eebfb6-2555-5bce-ba71-7a750427392a"",""aba074a1-d451-595d-bc12-e257adbe7383"",""1ca34094-ee4d-5962-a78a-174d361a9cd3"",""7edb0577-da07-5c6f-8391-bb90e9822165"",""d7c5d484-54dc-5d1e-a3ac-65d60267a12c"",""f416cc8b-3bc2-5c4c-a91c-c56faf748684""]","[""65a0003f-d97e-43da-9795-9117fb25aa32"",""3440b399-1bde-4f9e-b803-aca01977d765""]",,,M6-evaluator-v1,observed,oracle,"{""avatars"":[],""data"":{},""marker"":null,""region_count"":0}",text,UP-R6-01-S01-RESULT,independent public-contract comparison,M6-ASSERTION-b555cbf0-eb9d-47e1-bf23-6928955e1797,,,,,,,,,2026-10-07T05:05:32.305627Z,,"{""avatars"":[],""data"":{""path"":""study/uploads/seq-one.png""},""marker"":""SUCCESS"",""region_count"":1}",,2d9849af-4973-4fd8-a822-d8a60e17e5f5,39a72c1b-8d5a-4f10-9d4f-e7ace0be9078,65a0003f-d97e-43da-9795-9117fb25aa32,,fc088f73-1263-4de0-8b17-833b662d6935,,,,R6,3440b399-1bde-4f9e-b803-aca01977d765,,,,,,,1,failed,UP-R6-01,,,,,,,656bacfc-b102-5379-8db2-2f9f127621e0,91d2cc0f-ca64-4f35-a998-b56d0438b753,evidence observations; interpretation separate
M7-analysis-v5,ab3de02cd2dcb666e4e84e0e76df1f61b62c2df3fb548bf556f8f158f2bf18c7,R6,dbb63e68d4ed9e904fa985aa5b88d674205b6caab086a8d981ac8918a9c68fb5,"[""4afc763c-033e-501c-9c9c-453207d31e62"",""1fed9611-d0cc-51e5-86e7-4ba237c836a2"",""0e4d4039-5409-5be7-a300-ded85e9c22d7"",""1c4afc6f-6679-57b7-ab6b-cec3053e85a1"",""76216ff6-0dab-5f43-913f-741c2deb7596"",""fe7c5fea-171a-5d3e-b93c-b9d53dca7c67"",""784c942d-b222-5013-a2e4-de4aa477a143"",""2f2d84f4-6f41-5df7-a828-cc0a3d9cdddf"",""c68f6332-f200-5595-940d-e5bcad78f1fe"",""54c3aba8-cb42-5023-9591-5cdd68bdd7c5"",""b9ac296e-4c6c-5cdc-9e03-14868c124af2"",""022ddff9-4332-5ba5-b884-42537f220a0c"",""0d262496-18e1-5973-84a6-84fbda64d0ff"",""447860c8-1d56-518b-88ad-7e103990b756"",""616ecfda-7163-5a8d-ba60-01f623d8b124"",""656bacfc-b102-5379-8db2-2f9f127621e0"",""88f2e658-6155-5924-bc85-63fe2aabb08a"",""9f032fb3-90ca-5749-aff5-1065077ac10e"",""4d2e4005-a84b-525b-a492-d367c5e405d0"",""12b20e20-e117-5c00-83bc-e589b92b730e"",""e97a5398-37b9-5e89-91a9-9b3ae48d9534"",""7a8f92c5-5f85-593a-bf90-08e13c60a2e6"",""aa66f5e3-ac0e-57d6-9b69-aa54ea7c4fb9"",""d07b7490-853e-562b-b662-305e89e7718d"",""596c0800-372d-5056-8a35-9f8661656bf4"",""d08816e6-d4d6-5f35-9de3-d86528fa7a96"",""2e126757-f17e-5ee2-93db-94d31ed944b2"",""5e1af4e2-330f-563f-b639-2d3cd8d276c8"",""49cd1889-2a56-5913-8723-929335f68874"",""82b898ba-3b6d-567f-8996-4f259b74547e"",""d38eb7d2-e78b-5c2f-93e4-2e34846e80e6"",""33effc64-dcfe-5ced-badf-c4df49f68dc1"",""a3a03b99-34c0-504b-b529-32b798db318a"",""8b3ec7b0-123f-5597-95f7-1fafc5810d01"",""035c5442-19b8-5a84-8a59-b352a9660279"",""d6d45010-72fa-5741-b733-88958a8795d2"",""ab8215e5-b753-5a6a-a4e7-ad9caf42eeac"",""1b20061c-b208-551a-b06c-81ffeff623fc"",""9b6d0913-2ae6-5dab-ab36-d05e1c51b208"",""a27c1fb2-edc1-57e6-9d74-adb5a13fed3b"",""4696448b-8c21-591b-80cc-7344ea0b95ec"",""c1d75a33-928c-5636-b99c-def1fb29e0f5"",""61eebfb6-2555-5bce-ba71-7a750427392a"",""aba074a1-d451-595d-bc12-e257adbe7383"",""1ca34094-ee4d-5962-a78a-174d361a9cd3"",""7edb0577-da07-5c6f-8391-bb90e9822165"",""d7c5d484-54dc-5d1e-a3ac-65d60267a12c"",""f416cc8b-3bc2-5c4c-a91c-c56faf748684""]","[""65a0003f-d97e-43da-9795-9117fb25aa32"",""3440b399-1bde-4f9e-b803-aca01977d765""]",,,M6-evaluator-v1,observed,oracle,"{""sentinel.txt"":{""sha256"":""cc809b73990c3ed04b989c020da6c36cfbefaff047c338817e10d2d086d9ec29"",""size"":28}}",text,UP-R6-01-S01-FILES,independent public-contract comparison,M6-ASSERTION-0405aaf9-8870-40e6-8ee1-01cdedd34eb3,,,,,,,,,2026-10-07T05:05:32.306485Z,,"{""sentinel.txt"":{""sha256"":""cc809b73990c3ed04b989c020da6c36cfbefaff047c338817e10d2d086d9ec29"",""size"":28},""seq-one.png"":{""sha256"":""5152b4f262397512ec8d1d6f076c509a6052674e3814a0c78fb7bf368b4d5b62"",""size"":73}}",,2d9849af-4973-4fd8-a822-d8a60e17e5f5,98a4d225-2dde-451b-aad7-c110bfb54970,65a0003f-d97e-43da-9795-9117fb25aa32,,fc088f73-1263-4de0-8b17-833b662d6935,,,,R6,3440b399-1bde-4f9e-b803-aca01977d765,,,,,,,1,failed,UP-R6-01,,,,,,,656bacfc-b102-5379-8db2-2f9f127621e0,91d2cc0f-ca64-4f35-a998-b56d0438b753,evidence observations; interpretation separate
M7-analysis-v5,c2ae86ee09cf1df8b2844bc92fba16af9688fb72d9e444914a158477a66877b8,R1,dbb63e68d4ed9e904fa985aa5b88d674205b6caab086a8d981ac8918a9c68fb5,"[""4afc763c-033e-501c-9c9c-453207d31e62"",""1fed9611-d0cc-51e5-86e7-4ba237c836a2"",""0e4d4039-5409-5be7-a300-ded85e9c22d7"",""1c4afc6f-6679-57b7-ab6b-cec3053e85a1"",""76216ff6-0dab-5f43-913f-741c2deb7596"",""fe7c5fea-171a-5d3e-b93c-b9d53dca7c67"",""784c942d-b222-5013-a2e4-de4aa477a143"",""2f2d84f4-6f41-5df7-a828-cc0a3d9cdddf"",""c68f6332-f200-5595-940d-e5bcad78f1fe"",""54c3aba8-cb42-5023-9591-5cdd68bdd7c5"",""b9ac296e-4c6c-5cdc-9e03-14868c124af2"",""022ddff9-4332-5ba5-b884-42537f220a0c"",""0d262496-18e1-5973-84a6-84fbda64d0ff"",""447860c8-1d56-518b-88ad-7e103990b756"",""616ecfda-7163-5a8d-ba60-01f623d8b124"",""656bacfc-b102-5379-8db2-2f9f127621e0"",""88f2e658-6155-5924-bc85-63fe2aabb08a"",""9f032fb3-90ca-5749-aff5-1065077ac10e"",""4d2e4005-a84b-525b-a492-d367c5e405d0"",""12b20e20-e117-5c00-83bc-e589b92b730e"",""e97a5398-37b9-5e89-91a9-9b3ae48d9534"",""7a8f92c5-5f85-593a-bf90-08e13c60a2e6"",""aa66f5e3-ac0e-57d6-9b69-aa54ea7c4fb9"",""d07b7490-853e-562b-b662-305e89e7718d"",""596c0800-372d-5056-8a35-9f8661656bf4"",""d08816e6-d4d6-5f35-9de3-d86528fa7a96"",""2e126757-f17e-5ee2-93db-94d31ed944b2"",""5e1af4e2-330f-563f-b639-2d3cd8d276c8"",""49cd1889-2a56-5913-8723-929335f68874"",""82b898ba-3b6d-567f-8996-4f259b74547e"",""d38eb7d2-e78b-5c2f-93e4-2e34846e80e6"",""33effc64-dcfe-5ced-badf-c4df49f68dc1"",""a3a03b99-34c0-504b-b529-32b798db318a"",""8b3ec7b0-123f-5597-95f7-1fafc5810d01"",""035c5442-19b8-5a84-8a59-b352a9660279"",""d6d45010-72fa-5741-b733-88958a8795d2"",""ab8215e5-b753-5a6a-a4e7-ad9caf42eeac"",""1b20061c-b208-551a-b06c-81ffeff623fc"",""9b6d0913-2ae6-5dab-ab36-d05e1c51b208"",""a27c1fb2-edc1-57e6-9d74-adb5a13fed3b"",""4696448b-8c21-591b-80cc-7344ea0b95ec"",""c1d75a33-928c-5636-b99c-def1fb29e0f5"",""61eebfb6-2555-5bce-ba71-7a750427392a"",""aba074a1-d451-595d-bc12-e257adbe7383"",""1ca34094-ee4d-5962-a78a-174d361a9cd3"",""7edb0577-da07-5c6f-8391-bb90e9822165"",""d7c5d484-54dc-5d1e-a3ac-65d60267a12c"",""f416cc8b-3bc2-5c4c-a91c-c56faf748684""]","[""db56f3d9-9753-4370-9d63-77cfa8d05e48"",""0af9ead9-8a28-4048-9667-cfdd691dd28f""]",,,M6-evaluator-v1,observed,oracle,"{""invalid_form_count"":0}",text,SQL-R1-01-S01-FORM,independent public-contract comparison,M6-ASSERTION-5831c680-10a9-409f-8370-4ebb63434784,,,,,,,,,2026-10-07T08:09:07.652492Z,,"{""action"":""/study/sqli"",""encoding"":null,""fields"":[""id"",""Submit""],""file_type"":null,""method"":""GET"",""password_type"":null}",,2d9849af-4973-4fd8-a822-d8a60e17e5f5,b5e289bb-34c5-4700-85b5-aebbbcb63efa,db56f3d9-9753-4370-9d63-77cfa8d05e48,,2bc3eb12-0c88-4a5f-8319-0974e7db057d,,,,R1,0af9ead9-8a28-4048-9667-cfdd691dd28f,,,,,,,1,failed,SQL-R1-01,,,,,,,d07b7490-853e-562b-b662-305e89e7718d,9f907633-e873-4994-a488-fbac89398069,evidence observations; interpretation separate
M7-analysis-v5,c2ae86ee09cf1df8b2844bc92fba16af9688fb72d9e444914a158477a66877b8,R2,dbb63e68d4ed9e904fa985aa5b88d674205b6caab086a8d981ac8918a9c68fb5,"[""4afc763c-033e-501c-9c9c-453207d31e62"",""1fed9611-d0cc-51e5-86e7-4ba237c836a2"",""0e4d4039-5409-5be7-a300-ded85e9c22d7"",""1c4afc6f-6679-57b7-ab6b-cec3053e85a1"",""76216ff6-0dab-5f43-913f-741c2deb7596"",""fe7c5fea-171a-5d3e-b93c-b9d53dca7c67"",""784c942d-b222-5013-a2e4-de4aa477a143"",""2f2d84f4-6f41-5df7-a828-cc0a3d9cdddf"",""c68f6332-f200-5595-940d-e5bcad78f1fe"",""54c3aba8-cb42-5023-9591-5cdd68bdd7c5"",""b9ac296e-4c6c-5cdc-9e03-14868c124af2"",""022ddff9-4332-5ba5-b884-42537f220a0c"",""0d262496-18e1-5973-84a6-84fbda64d0ff"",""447860c8-1d56-518b-88ad-7e103990b756"",""616ecfda-7163-5a8d-ba60-01f623d8b124"",""656bacfc-b102-5379-8db2-2f9f127621e0"",""88f2e658-6155-5924-bc85-63fe2aabb08a"",""9f032fb3-90ca-5749-aff5-1065077ac10e"",""4d2e4005-a84b-525b-a492-d367c5e405d0"",""12b20e20-e117-5c00-83bc-e589b92b730e"",""e97a5398-37b9-5e89-91a9-9b3ae48d9534"",""7a8f92c5-5f85-593a-bf90-08e13c60a2e6"",""aa66f5e3-ac0e-57d6-9b69-aa54ea7c4fb9"",""d07b7490-853e-562b-b662-305e89e7718d"",""596c0800-372d-5056-8a35-9f8661656bf4"",""d08816e6-d4d6-5f35-9de3-d86528fa7a96"",""2e126757-f17e-5ee2-93db-94d31ed944b2"",""5e1af4e2-330f-563f-b639-2d3cd8d276c8"",""49cd1889-2a56-5913-8723-929335f68874"",""82b898ba-3b6d-567f-8996-4f259b74547e"",""d38eb7d2-e78b-5c2f-93e4-2e34846e80e6"",""33effc64-dcfe-5ced-badf-c4df49f68dc1"",""a3a03b99-34c0-504b-b529-32b798db318a"",""8b3ec7b0-123f-5597-95f7-1fafc5810d01"",""035c5442-19b8-5a84-8a59-b352a9660279"",""d6d45010-72fa-5741-b733-88958a8795d2"",""ab8215e5-b753-5a6a-a4e7-ad9caf42eeac"",""1b20061c-b208-551a-b06c-81ffeff623fc"",""9b6d0913-2ae6-5dab-ab36-d05e1c51b208"",""a27c1fb2-edc1-57e6-9d74-adb5a13fed3b"",""4696448b-8c21-591b-80cc-7344ea0b95ec"",""c1d75a33-928c-5636-b99c-def1fb29e0f5"",""61eebfb6-2555-5bce-ba71-7a750427392a"",""aba074a1-d451-595d-bc12-e257adbe7383"",""1ca34094-ee4d-5962-a78a-174d361a9cd3"",""7edb0577-da07-5c6f-8391-bb90e9822165"",""d7c5d484-54dc-5d1e-a3ac-65d60267a12c"",""f416cc8b-3bc2-5c4c-a91c-c56faf748684""]","[""27e95585-f649-46e3-a708-285964d1d11f"",""2b584a42-1805-4ccc-9c9c-35085c24e0ce""]",,,M6-evaluator-v1,observed,oracle,"{""avatars"":[],""data"":{""\\\""first_name\\\"""":""Béla"",""\\\""last_name\\\"""":""Stein & Co""},""marker"":""SUCCESS"",""region_count"":1}",text,SQL-R2-02-S01-RESULT,independent public-contract comparison,M6-ASSERTION-df6e5b67-8ebb-459d-9d47-9a8b85d665ae,,,,,,,,,2026-10-07T08:09:07.659806Z,,"{""avatars"":[],""data"":{""first_name"":""Béla"",""last_name"":""Stein & Co""},""marker"":""SUCCESS"",""region_count"":1}",,2d9849af-4973-4fd8-a822-d8a60e17e5f5,bdd746cc-64c3-4cd1-aba5-f97f24e9e1b6,27e95585-f649-46e3-a708-285964d1d11f,,2bc3eb12-0c88-4a5f-8319-0974e7db057d,,,,R2,2b584a42-1805-4ccc-9c9c-35085c24e0ce,,,,,,,1,failed,SQL-R2-02,,,,,,,d07b7490-853e-562b-b662-305e89e7718d,9f907633-e873-4994-a488-fbac89398069,evidence observations; interpretation separate
M7-analysis-v5,c2ae86ee09cf1df8b2844bc92fba16af9688fb72d9e444914a158477a66877b8,R2,dbb63e68d4ed9e904fa985aa5b88d674205b6caab086a8d981ac8918a9c68fb5,"[""4afc763c-033e-501c-9c9c-453207d31e62"",""1fed9611-d0cc-51e5-86e7-4ba237c836a2"",""0e4d4039-5409-5be7-a300-ded85e9c22d7"",""1c4afc6f-6679-57b7-ab6b-cec3053e85a1"",""76216ff6-0dab-5f43-913f-741c2deb7596"",""fe7c5fea-171a-5d3e-b93c-b9d53dca7c67"",""784c942d-b222-5013-a2e4-de4aa477a143"",""2f2d84f4-6f41-5df7-a828-cc0a3d9cdddf"",""c68f6332-f200-5595-940d-e5bcad78f1fe"",""54c3aba8-cb42-5023-9591-5cdd68bdd7c5"",""b9ac296e-4c6c-5cdc-9e03-14868c124af2"",""022ddff9-4332-5ba5-b884-42537f220a0c"",""0d262496-18e1-5973-84a6-84fbda64d0ff"",""447860c8-1d56-518b-88ad-7e103990b756"",""616ecfda-7163-5a8d-ba60-01f623d8b124"",""656bacfc-b102-5379-8db2-2f9f127621e0"",""88f2e658-6155-5924-bc85-63fe2aabb08a"",""9f032fb3-90ca-5749-aff5-1065077ac10e"",""4d2e4005-a84b-525b-a492-d367c5e405d0"",""12b20e20-e117-5c00-83bc-e589b92b730e"",""e97a5398-37b9-5e89-91a9-9b3ae48d9534"",""7a8f92c5-5f85-593a-bf90-08e13c60a2e6"",""aa66f5e3-ac0e-57d6-9b69-aa54ea7c4fb9"",""d07b7490-853e-562b-b662-305e89e7718d"",""596c0800-372d-5056-8a35-9f8661656bf4"",""d08816e6-d4d6-5f35-9de3-d86528fa7a96"",""2e126757-f17e-5ee2-93db-94d31ed944b2"",""5e1af4e2-330f-563f-b639-2d3cd8d276c8"",""49cd1889-2a56-5913-8723-929335f68874"",""82b898ba-3b6d-567f-8996-4f259b74547e"",""d38eb7d2-e78b-5c2f-93e4-2e34846e80e6"",""33effc64-dcfe-5ced-badf-c4df49f68dc1"",""a3a03b99-34c0-504b-b529-32b798db318a"",""8b3ec7b0-123f-5597-95f7-1fafc5810d01"",""035c5442-19b8-5a84-8a59-b352a9660279"",""d6d45010-72fa-5741-b733-88958a8795d2"",""ab8215e5-b753-5a6a-a4e7-ad9caf42eeac"",""1b20061c-b208-551a-b06c-81ffeff623fc"",""9b6d0913-2ae6-5dab-ab36-d05e1c51b208"",""a27c1fb2-edc1-57e6-9d74-adb5a13fed3b"",""4696448b-8c21-591b-80cc-7344ea0b95ec"",""c1d75a33-928c-5636-b99c-def1fb29e0f5"",""61eebfb6-2555-5bce-ba71-7a750427392a"",""aba074a1-d451-595d-bc12-e257adbe7383"",""1ca34094-ee4d-5962-a78a-174d361a9cd3"",""7edb0577-da07-5c6f-8391-bb90e9822165"",""d7c5d484-54dc-5d1e-a3ac-65d60267a12c"",""f416cc8b-3bc2-5c4c-a91c-c56faf748684""]","[""5a18a7e9-a89d-4a30-8249-182a44dad27f"",""c195e468-c0dc-477d-a986-dcbfcae4dda8""]",,,M6-evaluator-v1,observed,oracle,"{""avatars"":[],""data"":{""\\\""first_name\\\"""":""Ada"",""\\\""last_name\\\"""":""Wolke""},""marker"":""SUCCESS"",""region_count"":1}",text,SQL-R2-01-S01-RESULT,independent public-contract comparison,M6-ASSERTION-efb8cf23-3bda-43fb-b83e-4235128d1d27,,,,,,,,,2026-10-07T08:09:07.657540Z,,"{""avatars"":[],""data"":{""first_name"":""Ada"",""last_name"":""Wolke""},""marker"":""SUCCESS"",""region_count"":1}",,2d9849af-4973-4fd8-a822-d8a60e17e5f5,febfa456-1a8d-4f0a-abac-30ad562ab236,5a18a7e9-a89d-4a30-8249-182a44dad27f,,2bc3eb12-0c88-4a5f-8319-0974e7db057d,,,,R2,c195e468-c0dc-477d-a986-dcbfcae4dda8,,,,,,,1,failed,SQL-R2-01,,,,,,,d07b7490-853e-562b-b662-305e89e7718d,9f907633-e873-4994-a488-fbac89398069,evidence observations; interpretation separate
M7-analysis-v5,c2ae86ee09cf1df8b2844bc92fba16af9688fb72d9e444914a158477a66877b8,R5,dbb63e68d4ed9e904fa985aa5b88d674205b6caab086a8d981ac8918a9c68fb5,"[""4afc763c-033e-501c-9c9c-453207d31e62"",""1fed9611-d0cc-51e5-86e7-4ba237c836a2"",""0e4d4039-5409-5be7-a300-ded85e9c22d7"",""1c4afc6f-6679-57b7-ab6b-cec3053e85a1"",""76216ff6-0dab-5f43-913f-741c2deb7596"",""fe7c5fea-171a-5d3e-b93c-b9d53dca7c67"",""784c942d-b222-5013-a2e4-de4aa477a143"",""2f2d84f4-6f41-5df7-a828-cc0a3d9cdddf"",""c68f6332-f200-5595-940d-e5bcad78f1fe"",""54c3aba8-cb42-5023-9591-5cdd68bdd7c5"",""b9ac296e-4c6c-5cdc-9e03-14868c124af2"",""022ddff9-4332-5ba5-b884-42537f220a0c"",""0d262496-18e1-5973-84a6-84fbda64d0ff"",""447860c8-1d56-518b-88ad-7e103990b756"",""616ecfda-7163-5a8d-ba60-01f623d8b124"",""656bacfc-b102-5379-8db2-2f9f127621e0"",""88f2e658-6155-5924-bc85-63fe2aabb08a"",""9f032fb3-90ca-5749-aff5-1065077ac10e"",""4d2e4005-a84b-525b-a492-d367c5e405d0"",""12b20e20-e117-5c00-83bc-e589b92b730e"",""e97a5398-37b9-5e89-91a9-9b3ae48d9534"",""7a8f92c5-5f85-593a-bf90-08e13c60a2e6"",""aa66f5e3-ac0e-57d6-9b69-aa54ea7c4fb9"",""d07b7490-853e-562b-b662-305e89e7718d"",""596c0800-372d-5056-8a35-9f8661656bf4"",""d08816e6-d4d6-5f35-9de3-d86528fa7a96"",""2e126757-f17e-5ee2-93db-94d31ed944b2"",""5e1af4e2-330f-563f-b639-2d3cd8d276c8"",""49cd1889-2a56-5913-8723-929335f68874"",""82b898ba-3b6d-567f-8996-4f259b74547e"",""d38eb7d2-e78b-5c2f-93e4-2e34846e80e6"",""33effc64-dcfe-5ced-badf-c4df49f68dc1"",""a3a03b99-34c0-504b-b529-32b798db318a"",""8b3ec7b0-123f-5597-95f7-1fafc5810d01"",""035c5442-19b8-5a84-8a59-b352a9660279"",""d6d45010-72fa-5741-b733-88958a8795d2"",""ab8215e5-b753-5a6a-a4e7-ad9caf42eeac"",""1b20061c-b208-551a-b06c-81ffeff623fc"",""9b6d0913-2ae6-5dab-ab36-d05e1c51b208"",""a27c1fb2-edc1-57e6-9d74-adb5a13fed3b"",""4696448b-8c21-591b-80cc-7344ea0b95ec"",""c1d75a33-928c-5636-b99c-def1fb29e0f5"",""61eebfb6-2555-5bce-ba71-7a750427392a"",""aba074a1-d451-595d-bc12-e257adbe7383"",""1ca34094-ee4d-5962-a78a-174d361a9cd3"",""7edb0577-da07-5c6f-8391-bb90e9822165"",""d7c5d484-54dc-5d1e-a3ac-65d60267a12c"",""f416cc8b-3bc2-5c4c-a91c-c56faf748684""]","[""9a537521-ddf6-477d-a559-956af3456ab4"",""be9447e5-952f-4e69-95a9-1e0a6714199d""]",,,M6-evaluator-v1,observed,oracle,"{""avatars"":[],""data"":{""\\\""first_name\\\"""":""Ivo"",""\\\""last_name\\\"""":""Süd""},""marker"":""SUCCESS"",""region_count"":1}",text,SQL-R5-02-S01-RESULT,independent public-contract comparison,M6-ASSERTION-4c7478eb-11ac-421b-85fb-904f3899595b,,,,,,,,,2026-10-07T08:09:07.677981Z,,"{""avatars"":[],""data"":{""first_name"":""Ivo"",""last_name"":""Süd""},""marker"":""SUCCESS"",""region_count"":1}",,2d9849af-4973-4fd8-a822-d8a60e17e5f5,dc872127-6c20-4e0b-90ab-01a7cbd72c0f,9a537521-ddf6-477d-a559-956af3456ab4,,2bc3eb12-0c88-4a5f-8319-0974e7db057d,,,,R5,be9447e5-952f-4e69-95a9-1e0a6714199d,,,,,,,1,failed,SQL-R5-02,,,,,,,d07b7490-853e-562b-b662-305e89e7718d,9f907633-e873-4994-a488-fbac89398069,evidence observations; interpretation separate
M7-analysis-v5,c2ae86ee09cf1df8b2844bc92fba16af9688fb72d9e444914a158477a66877b8,R5,dbb63e68d4ed9e904fa985aa5b88d674205b6caab086a8d981ac8918a9c68fb5,"[""4afc763c-033e-501c-9c9c-453207d31e62"",""1fed9611-d0cc-51e5-86e7-4ba237c836a2"",""0e4d4039-5409-5be7-a300-ded85e9c22d7"",""1c4afc6f-6679-57b7-ab6b-cec3053e85a1"",""76216ff6-0dab-5f43-913f-741c2deb7596"",""fe7c5fea-171a-5d3e-b93c-b9d53dca7c67"",""784c942d-b222-5013-a2e4-de4aa477a143"",""2f2d84f4-6f41-5df7-a828-cc0a3d9cdddf"",""c68f6332-f200-5595-940d-e5bcad78f1fe"",""54c3aba8-cb42-5023-9591-5cdd68bdd7c5"",""b9ac296e-4c6c-5cdc-9e03-14868c124af2"",""022ddff9-4332-5ba5-b884-42537f220a0c"",""0d262496-18e1-5973-84a6-84fbda64d0ff"",""447860c8-1d56-518b-88ad-7e103990b756"",""616ecfda-7163-5a8d-ba60-01f623d8b124"",""656bacfc-b102-5379-8db2-2f9f127621e0"",""88f2e658-6155-5924-bc85-63fe2aabb08a"",""9f032fb3-90ca-5749-aff5-1065077ac10e"",""4d2e4005-a84b-525b-a492-d367c5e405d0"",""12b20e20-e117-5c00-83bc-e589b92b730e"",""e97a5398-37b9-5e89-91a9-9b3ae48d9534"",""7a8f92c5-5f85-593a-bf90-08e13c60a2e6"",""aa66f5e3-ac0e-57d6-9b69-aa54ea7c4fb9"",""d07b7490-853e-562b-b662-305e89e7718d"",""596c0800-372d-5056-8a35-9f8661656bf4"",""d08816e6-d4d6-5f35-9de3-d86528fa7a96"",""2e126757-f17e-5ee2-93db-94d31ed944b2"",""5e1af4e2-330f-563f-b639-2d3cd8d276c8"",""49cd1889-2a56-5913-8723-929335f68874"",""82b898ba-3b6d-567f-8996-4f259b74547e"",""d38eb7d2-e78b-5c2f-93e4-2e34846e80e6"",""33effc64-dcfe-5ced-badf-c4df49f68dc1"",""a3a03b99-34c0-504b-b529-32b798db318a"",""8b3ec7b0-123f-5597-95f7-1fafc5810d01"",""035c5442-19b8-5a84-8a59-b352a9660279"",""d6d45010-72fa-5741-b733-88958a8795d2"",""ab8215e5-b753-5a6a-a4e7-ad9caf42eeac"",""1b20061c-b208-551a-b06c-81ffeff623fc"",""9b6d0913-2ae6-5dab-ab36-d05e1c51b208"",""a27c1fb2-edc1-57e6-9d74-adb5a13fed3b"",""4696448b-8c21-591b-80cc-7344ea0b95ec"",""c1d75a33-928c-5636-b99c-def1fb29e0f5"",""61eebfb6-2555-5bce-ba71-7a750427392a"",""aba074a1-d451-595d-bc12-e257adbe7383"",""1ca34094-ee4d-5962-a78a-174d361a9cd3"",""7edb0577-da07-5c6f-8391-bb90e9822165"",""d7c5d484-54dc-5d1e-a3ac-65d60267a12c"",""f416cc8b-3bc2-5c4c-a91c-c56faf748684""]","[""dc25a4b2-75e4-4f6e-81d1-871e7d982643"",""6a50c324-e882-4bfe-8142-f507dc7b7923""]",,,M6-evaluator-v1,observed,oracle,"{""avatars"":[],""data"":{""\\\""first_name\\\"""":""Mira"",""\\\""last_name\\\"""":""Nord""},""marker"":""SUCCESS"",""region_count"":1}",text,SQL-R5-01-S01-RESULT,independent public-contract comparison,M6-ASSERTION-f2346d81-62d5-4009-bee4-a95e43041434,,,,,,,,,2026-10-07T08:09:07.675984Z,,"{""avatars"":[],""data"":{""first_name"":""Mira"",""last_name"":""Nord""},""marker"":""SUCCESS"",""region_count"":1}",,2d9849af-4973-4fd8-a822-d8a60e17e5f5,7377880e-027d-4d23-bcae-0604301b0aa7,dc25a4b2-75e4-4f6e-81d1-871e7d982643,,2bc3eb12-0c88-4a5f-8319-0974e7db057d,,,,R5,6a50c324-e882-4bfe-8142-f507dc7b7923,,,,,,,1,failed,SQL-R5-01,,,,,,,d07b7490-853e-562b-b662-305e89e7718d,9f907633-e873-4994-a488-fbac89398069,evidence observations; interpretation separate
M7-analysis-v5,c2ae86ee09cf1df8b2844bc92fba16af9688fb72d9e444914a158477a66877b8,R6,dbb63e68d4ed9e904fa985aa5b88d674205b6caab086a8d981ac8918a9c68fb5,"[""4afc763c-033e-501c-9c9c-453207d31e62"",""1fed9611-d0cc-51e5-86e7-4ba237c836a2"",""0e4d4039-5409-5be7-a300-ded85e9c22d7"",""1c4afc6f-6679-57b7-ab6b-cec3053e85a1"",""76216ff6-0dab-5f43-913f-741c2deb7596"",""fe7c5fea-171a-5d3e-b93c-b9d53dca7c67"",""784c942d-b222-5013-a2e4-de4aa477a143"",""2f2d84f4-6f41-5df7-a828-cc0a3d9cdddf"",""c68f6332-f200-5595-940d-e5bcad78f1fe"",""54c3aba8-cb42-5023-9591-5cdd68bdd7c5"",""b9ac296e-4c6c-5cdc-9e03-14868c124af2"",""022ddff9-4332-5ba5-b884-42537f220a0c"",""0d262496-18e1-5973-84a6-84fbda64d0ff"",""447860c8-1d56-518b-88ad-7e103990b756"",""616ecfda-7163-5a8d-ba60-01f623d8b124"",""656bacfc-b102-5379-8db2-2f9f127621e0"",""88f2e658-6155-5924-bc85-63fe2aabb08a"",""9f032fb3-90ca-5749-aff5-1065077ac10e"",""4d2e4005-a84b-525b-a492-d367c5e405d0"",""12b20e20-e117-5c00-83bc-e589b92b730e"",""e97a5398-37b9-5e89-91a9-9b3ae48d9534"",""7a8f92c5-5f85-593a-bf90-08e13c60a2e6"",""aa66f5e3-ac0e-57d6-9b69-aa54ea7c4fb9"",""d07b7490-853e-562b-b662-305e89e7718d"",""596c0800-372d-5056-8a35-9f8661656bf4"",""d08816e6-d4d6-5f35-9de3-d86528fa7a96"",""2e126757-f17e-5ee2-93db-94d31ed944b2"",""5e1af4e2-330f-563f-b639-2d3cd8d276c8"",""49cd1889-2a56-5913-8723-929335f68874"",""82b898ba-3b6d-567f-8996-4f259b74547e"",""d38eb7d2-e78b-5c2f-93e4-2e34846e80e6"",""33effc64-dcfe-5ced-badf-c4df49f68dc1"",""a3a03b99-34c0-504b-b529-32b798db318a"",""8b3ec7b0-123f-5597-95f7-1fafc5810d01"",""035c5442-19b8-5a84-8a59-b352a9660279"",""d6d45010-72fa-5741-b733-88958a8795d2"",""ab8215e5-b753-5a6a-a4e7-ad9caf42eeac"",""1b20061c-b208-551a-b06c-81ffeff623fc"",""9b6d0913-2ae6-5dab-ab36-d05e1c51b208"",""a27c1fb2-edc1-57e6-9d74-adb5a13fed3b"",""4696448b-8c21-591b-80cc-7344ea0b95ec"",""c1d75a33-928c-5636-b99c-def1fb29e0f5"",""61eebfb6-2555-5bce-ba71-7a750427392a"",""aba074a1-d451-595d-bc12-e257adbe7383"",""1ca34094-ee4d-5962-a78a-174d361a9cd3"",""7edb0577-da07-5c6f-8391-bb90e9822165"",""d7c5d484-54dc-5d1e-a3ac-65d60267a12c"",""f416cc8b-3bc2-5c4c-a91c-c56faf748684""]","[""1fc21147-ad98-4984-be2b-e7f8211c2967"",""d2c4a00d-6d4f-429c-981a-7e87e802aa63""]",,,M6-evaluator-v1,observed,oracle,"{""avatars"":[],""data"":{""\\\""first_name\\\"""":""Ada"",""\\\""last_name\\\"""":""Wolke""},""marker"":""SUCCESS"",""region_count"":1}",text,SQL-R6-01-S01-RESULT,independent public-contract comparison,M6-ASSERTION-8876c4b2-1b7f-4118-9d72-74a8030efb10,,,,,,,,,2026-10-07T08:09:07.679745Z,,"{""avatars"":[],""data"":{""first_name"":""Ada"",""last_name"":""Wolke""},""marker"":""SUCCESS"",""region_count"":1}",,2d9849af-4973-4fd8-a822-d8a60e17e5f5,989a5c1f-423f-4aff-a984-2ae57ba88eb2,1fc21147-ad98-4984-be2b-e7f8211c2967,,2bc3eb12-0c88-4a5f-8319-0974e7db057d,,,,R6,d2c4a00d-6d4f-429c-981a-7e87e802aa63,,,,,,,1,failed,SQL-R6-01,,,,,,,d07b7490-853e-562b-b662-305e89e7718d,9f907633-e873-4994-a488-fbac89398069,evidence observations; interpretation separate
M7-analysis-v5,c2ae86ee09cf1df8b2844bc92fba16af9688fb72d9e444914a158477a66877b8,R6,dbb63e68d4ed9e904fa985aa5b88d674205b6caab086a8d981ac8918a9c68fb5,"[""4afc763c-033e-501c-9c9c-453207d31e62"",""1fed9611-d0cc-51e5-86e7-4ba237c836a2"",""0e4d4039-5409-5be7-a300-ded85e9c22d7"",""1c4afc6f-6679-57b7-ab6b-cec3053e85a1"",""76216ff6-0dab-5f43-913f-741c2deb7596"",""fe7c5fea-171a-5d3e-b93c-b9d53dca7c67"",""784c942d-b222-5013-a2e4-de4aa477a143"",""2f2d84f4-6f41-5df7-a828-cc0a3d9cdddf"",""c68f6332-f200-5595-940d-e5bcad78f1fe"",""54c3aba8-cb42-5023-9591-5cdd68bdd7c5"",""b9ac296e-4c6c-5cdc-9e03-14868c124af2"",""022ddff9-4332-5ba5-b884-42537f220a0c"",""0d262496-18e1-5973-84a6-84fbda64d0ff"",""447860c8-1d56-518b-88ad-7e103990b756"",""616ecfda-7163-5a8d-ba60-01f623d8b124"",""656bacfc-b102-5379-8db2-2f9f127621e0"",""88f2e658-6155-5924-bc85-63fe2aabb08a"",""9f032fb3-90ca-5749-aff5-1065077ac10e"",""4d2e4005-a84b-525b-a492-d367c5e405d0"",""12b20e20-e117-5c00-83bc-e589b92b730e"",""e97a5398-37b9-5e89-91a9-9b3ae48d9534"",""7a8f92c5-5f85-593a-bf90-08e13c60a2e6"",""aa66f5e3-ac0e-57d6-9b69-aa54ea7c4fb9"",""d07b7490-853e-562b-b662-305e89e7718d"",""596c0800-372d-5056-8a35-9f8661656bf4"",""d08816e6-d4d6-5f35-9de3-d86528fa7a96"",""2e126757-f17e-5ee2-93db-94d31ed944b2"",""5e1af4e2-330f-563f-b639-2d3cd8d276c8"",""49cd1889-2a56-5913-8723-929335f68874"",""82b898ba-3b6d-567f-8996-4f259b74547e"",""d38eb7d2-e78b-5c2f-93e4-2e34846e80e6"",""33effc64-dcfe-5ced-badf-c4df49f68dc1"",""a3a03b99-34c0-504b-b529-32b798db318a"",""8b3ec7b0-123f-5597-95f7-1fafc5810d01"",""035c5442-19b8-5a84-8a59-b352a9660279"",""d6d45010-72fa-5741-b733-88958a8795d2"",""ab8215e5-b753-5a6a-a4e7-ad9caf42eeac"",""1b20061c-b208-551a-b06c-81ffeff623fc"",""9b6d0913-2ae6-5dab-ab36-d05e1c51b208"",""a27c1fb2-edc1-57e6-9d74-adb5a13fed3b"",""4696448b-8c21-591b-80cc-7344ea0b95ec"",""c1d75a33-928c-5636-b99c-def1fb29e0f5"",""61eebfb6-2555-5bce-ba71-7a750427392a"",""aba074a1-d451-595d-bc12-e257adbe7383"",""1ca34094-ee4d-5962-a78a-174d361a9cd3"",""7edb0577-da07-5c6f-8391-bb90e9822165"",""d7c5d484-54dc-5d1e-a3ac-65d60267a12c"",""f416cc8b-3bc2-5c4c-a91c-c56faf748684""]","[""1fc21147-ad98-4984-be2b-e7f8211c2967"",""f43787ab-735f-49b4-9e66-2609a524c236""]",,,M6-evaluator-v1,observed,oracle,"{""avatars"":[],""data"":{""\\\""first_name\\\"""":""Béla"",""\\\""last_name\\\"""":""Stein & Co""},""marker"":""SUCCESS"",""region_count"":1}",text,SQL-R6-01-S03-RESULT,independent public-contract comparison,M6-ASSERTION-3e04b8da-4609-41c9-b176-95f6c25abbdc,,,,,,,,,2026-10-07T08:09:07.686364Z,,"{""avatars"":[],""data"":{""first_name"":""Béla"",""last_name"":""Stein & Co""},""marker"":""SUCCESS"",""region_count"":1}",,2d9849af-4973-4fd8-a822-d8a60e17e5f5,04d37b6a-1068-4cba-bfa5-3925ee9b253a,1fc21147-ad98-4984-be2b-e7f8211c2967,,2bc3eb12-0c88-4a5f-8319-0974e7db057d,,,,R6,f43787ab-735f-49b4-9e66-2609a524c236,,,,,,,1,failed,SQL-R6-01,,,,,,,d07b7490-853e-562b-b662-305e89e7718d,9f907633-e873-4994-a488-fbac89398069,evidence observations; interpretation separate
M7-analysis-v5,c370c0a9ade6f3957aacd26a4ebc6af15cf43f82e4504b883b5bc1c985794671,R2,dbb63e68d4ed9e904fa985aa5b88d674205b6caab086a8d981ac8918a9c68fb5,"[""4afc763c-033e-501c-9c9c-453207d31e62"",""1fed9611-d0cc-51e5-86e7-4ba237c836a2"",""0e4d4039-5409-5be7-a300-ded85e9c22d7"",""1c4afc6f-6679-57b7-ab6b-cec3053e85a1"",""76216ff6-0dab-5f43-913f-741c2deb7596"",""fe7c5fea-171a-5d3e-b93c-b9d53dca7c67"",""784c942d-b222-5013-a2e4-de4aa477a143"",""2f2d84f4-6f41-5df7-a828-cc0a3d9cdddf"",""c68f6332-f200-5595-940d-e5bcad78f1fe"",""54c3aba8-cb42-5023-9591-5cdd68bdd7c5"",""b9ac296e-4c6c-5cdc-9e03-14868c124af2"",""022ddff9-4332-5ba5-b884-42537f220a0c"",""0d262496-18e1-5973-84a6-84fbda64d0ff"",""447860c8-1d56-518b-88ad-7e103990b756"",""616ecfda-7163-5a8d-ba60-01f623d8b124"",""656bacfc-b102-5379-8db2-2f9f127621e0"",""88f2e658-6155-5924-bc85-63fe2aabb08a"",""9f032fb3-90ca-5749-aff5-1065077ac10e"",""4d2e4005-a84b-525b-a492-d367c5e405d0"",""12b20e20-e117-5c00-83bc-e589b92b730e"",""e97a5398-37b9-5e89-91a9-9b3ae48d9534"",""7a8f92c5-5f85-593a-bf90-08e13c60a2e6"",""aa66f5e3-ac0e-57d6-9b69-aa54ea7c4fb9"",""d07b7490-853e-562b-b662-305e89e7718d"",""596c0800-372d-5056-8a35-9f8661656bf4"",""d08816e6-d4d6-5f35-9de3-d86528fa7a96"",""2e126757-f17e-5ee2-93db-94d31ed944b2"",""5e1af4e2-330f-563f-b639-2d3cd8d276c8"",""49cd1889-2a56-5913-8723-929335f68874"",""82b898ba-3b6d-567f-8996-4f259b74547e"",""d38eb7d2-e78b-5c2f-93e4-2e34846e80e6"",""33effc64-dcfe-5ced-badf-c4df49f68dc1"",""a3a03b99-34c0-504b-b529-32b798db318a"",""8b3ec7b0-123f-5597-95f7-1fafc5810d01"",""035c5442-19b8-5a84-8a59-b352a9660279"",""d6d45010-72fa-5741-b733-88958a8795d2"",""ab8215e5-b753-5a6a-a4e7-ad9caf42eeac"",""1b20061c-b208-551a-b06c-81ffeff623fc"",""9b6d0913-2ae6-5dab-ab36-d05e1c51b208"",""a27c1fb2-edc1-57e6-9d74-adb5a13fed3b"",""4696448b-8c21-591b-80cc-7344ea0b95ec"",""c1d75a33-928c-5636-b99c-def1fb29e0f5"",""61eebfb6-2555-5bce-ba71-7a750427392a"",""aba074a1-d451-595d-bc12-e257adbe7383"",""1ca34094-ee4d-5962-a78a-174d361a9cd3"",""7edb0577-da07-5c6f-8391-bb90e9822165"",""d7c5d484-54dc-5d1e-a3ac-65d60267a12c"",""f416cc8b-3bc2-5c4c-a91c-c56faf748684""]","[""236ee0ce-030e-4e0e-a888-83f20a0723e3"",""fa312894-78a7-4965-9796-b73f494ad1d7""]",,,M6-evaluator-v1,observed,oracle,500,text,UP-R2-02-S01-HTTP,independent public-contract comparison,M6-ASSERTION-46f5f28d-24c0-4eb1-ac88-32ff247f5330,,,,,,,,,2026-10-07T20:36:36.866680Z,,200,,2d9849af-4973-4fd8-a822-d8a60e17e5f5,731ef399-a722-4fe6-a7bd-af6e1154ccb6,236ee0ce-030e-4e0e-a888-83f20a0723e3,,60605ff8-abff-4d46-a4eb-1c83d0ec943d,,,,R2,fa312894-78a7-4965-9796-b73f494ad1d7,,,,,,,1,failed,UP-R2-02,,,,,,,4696448b-8c21-591b-80cc-7344ea0b95ec,2bb545ed-5357-4270-9f47-acdedbeafbb5,evidence observations; interpretation separate
M7-analysis-v5,c370c0a9ade6f3957aacd26a4ebc6af15cf43f82e4504b883b5bc1c985794671,R2,dbb63e68d4ed9e904fa985aa5b88d674205b6caab086a8d981ac8918a9c68fb5,"[""4afc763c-033e-501c-9c9c-453207d31e62"",""1fed9611-d0cc-51e5-86e7-4ba237c836a2"",""0e4d4039-5409-5be7-a300-ded85e9c22d7"",""1c4afc6f-6679-57b7-ab6b-cec3053e85a1"",""76216ff6-0dab-5f43-913f-741c2deb7596"",""fe7c5fea-171a-5d3e-b93c-b9d53dca7c67"",""784c942d-b222-5013-a2e4-de4aa477a143"",""2f2d84f4-6f41-5df7-a828-cc0a3d9cdddf"",""c68f6332-f200-5595-940d-e5bcad78f1fe"",""54c3aba8-cb42-5023-9591-5cdd68bdd7c5"",""b9ac296e-4c6c-5cdc-9e03-14868c124af2"",""022ddff9-4332-5ba5-b884-42537f220a0c"",""0d262496-18e1-5973-84a6-84fbda64d0ff"",""447860c8-1d56-518b-88ad-7e103990b756"",""616ecfda-7163-5a8d-ba60-01f623d8b124"",""656bacfc-b102-5379-8db2-2f9f127621e0"",""88f2e658-6155-5924-bc85-63fe2aabb08a"",""9f032fb3-90ca-5749-aff5-1065077ac10e"",""4d2e4005-a84b-525b-a492-d367c5e405d0"",""12b20e20-e117-5c00-83bc-e589b92b730e"",""e97a5398-37b9-5e89-91a9-9b3ae48d9534"",""7a8f92c5-5f85-593a-bf90-08e13c60a2e6"",""aa66f5e3-ac0e-57d6-9b69-aa54ea7c4fb9"",""d07b7490-853e-562b-b662-305e89e7718d"",""596c0800-372d-5056-8a35-9f8661656bf4"",""d08816e6-d4d6-5f35-9de3-d86528fa7a96"",""2e126757-f17e-5ee2-93db-94d31ed944b2"",""5e1af4e2-330f-563f-b639-2d3cd8d276c8"",""49cd1889-2a56-5913-8723-929335f68874"",""82b898ba-3b6d-567f-8996-4f259b74547e"",""d38eb7d2-e78b-5c2f-93e4-2e34846e80e6"",""33effc64-dcfe-5ced-badf-c4df49f68dc1"",""a3a03b99-34c0-504b-b529-32b798db318a"",""8b3ec7b0-123f-5597-95f7-1fafc5810d01"",""035c5442-19b8-5a84-8a59-b352a9660279"",""d6d45010-72fa-5741-b733-88958a8795d2"",""ab8215e5-b753-5a6a-a4e7-ad9caf42eeac"",""1b20061c-b208-551a-b06c-81ffeff623fc"",""9b6d0913-2ae6-5dab-ab36-d05e1c51b208"",""a27c1fb2-edc1-57e6-9d74-adb5a13fed3b"",""4696448b-8c21-591b-80cc-7344ea0b95ec"",""c1d75a33-928c-5636-b99c-def1fb29e0f5"",""61eebfb6-2555-5bce-ba71-7a750427392a"",""aba074a1-d451-595d-bc12-e257adbe7383"",""1ca34094-ee4d-5962-a78a-174d361a9cd3"",""7edb0577-da07-5c6f-8391-bb90e9822165"",""d7c5d484-54dc-5d1e-a3ac-65d60267a12c"",""f416cc8b-3bc2-5c4c-a91c-c56faf748684""]","[""236ee0ce-030e-4e0e-a888-83f20a0723e3"",""fa312894-78a7-4965-9796-b73f494ad1d7""]",,,M6-evaluator-v1,observed,oracle,"{""avatars"":[],""data"":{},""marker"":""UPLOAD_ERROR"",""region_count"":1}",text,UP-R2-02-S01-RESULT,independent public-contract comparison,M6-ASSERTION-75f77932-4cb9-4e16-bbf9-4112c2001cd3,,,,,,,,,2026-10-07T20:36:36.867453Z,,"{""avatars"":[],""data"":{""path"":""study/uploads/blue.jpg""},""marker"":""SUCCESS"",""region_count"":1}",,2d9849af-4973-4fd8-a822-d8a60e17e5f5,ff6f93e2-f902-43cb-9e83-e605ccf8d847,236ee0ce-030e-4e0e-a888-83f20a0723e3,,60605ff8-abff-4d46-a4eb-1c83d0ec943d,,,,R2,fa312894-78a7-4965-9796-b73f494ad1d7,,,,,,,1,failed,UP-R2-02,,,,,,,4696448b-8c21-591b-80cc-7344ea0b95ec,2bb545ed-5357-4270-9f47-acdedbeafbb5,evidence observations; interpretation separate
M7-analysis-v5,c370c0a9ade6f3957aacd26a4ebc6af15cf43f82e4504b883b5bc1c985794671,R2,dbb63e68d4ed9e904fa985aa5b88d674205b6caab086a8d981ac8918a9c68fb5,"[""4afc763c-033e-501c-9c9c-453207d31e62"",""1fed9611-d0cc-51e5-86e7-4ba237c836a2"",""0e4d4039-5409-5be7-a300-ded85e9c22d7"",""1c4afc6f-6679-57b7-ab6b-cec3053e85a1"",""76216ff6-0dab-5f43-913f-741c2deb7596"",""fe7c5fea-171a-5d3e-b93c-b9d53dca7c67"",""784c942d-b222-5013-a2e4-de4aa477a143"",""2f2d84f4-6f41-5df7-a828-cc0a3d9cdddf"",""c68f6332-f200-5595-940d-e5bcad78f1fe"",""54c3aba8-cb42-5023-9591-5cdd68bdd7c5"",""b9ac296e-4c6c-5cdc-9e03-14868c124af2"",""022ddff9-4332-5ba5-b884-42537f220a0c"",""0d262496-18e1-5973-84a6-84fbda64d0ff"",""447860c8-1d56-518b-88ad-7e103990b756"",""616ecfda-7163-5a8d-ba60-01f623d8b124"",""656bacfc-b102-5379-8db2-2f9f127621e0"",""88f2e658-6155-5924-bc85-63fe2aabb08a"",""9f032fb3-90ca-5749-aff5-1065077ac10e"",""4d2e4005-a84b-525b-a492-d367c5e405d0"",""12b20e20-e117-5c00-83bc-e589b92b730e"",""e97a5398-37b9-5e89-91a9-9b3ae48d9534"",""7a8f92c5-5f85-593a-bf90-08e13c60a2e6"",""aa66f5e3-ac0e-57d6-9b69-aa54ea7c4fb9"",""d07b7490-853e-562b-b662-305e89e7718d"",""596c0800-372d-5056-8a35-9f8661656bf4"",""d08816e6-d4d6-5f35-9de3-d86528fa7a96"",""2e126757-f17e-5ee2-93db-94d31ed944b2"",""5e1af4e2-330f-563f-b639-2d3cd8d276c8"",""49cd1889-2a56-5913-8723-929335f68874"",""82b898ba-3b6d-567f-8996-4f259b74547e"",""d38eb7d2-e78b-5c2f-93e4-2e34846e80e6"",""33effc64-dcfe-5ced-badf-c4df49f68dc1"",""a3a03b99-34c0-504b-b529-32b798db318a"",""8b3ec7b0-123f-5597-95f7-1fafc5810d01"",""035c5442-19b8-5a84-8a59-b352a9660279"",""d6d45010-72fa-5741-b733-88958a8795d2"",""ab8215e5-b753-5a6a-a4e7-ad9caf42eeac"",""1b20061c-b208-551a-b06c-81ffeff623fc"",""9b6d0913-2ae6-5dab-ab36-d05e1c51b208"",""a27c1fb2-edc1-57e6-9d74-adb5a13fed3b"",""4696448b-8c21-591b-80cc-7344ea0b95ec"",""c1d75a33-928c-5636-b99c-def1fb29e0f5"",""61eebfb6-2555-5bce-ba71-7a750427392a"",""aba074a1-d451-595d-bc12-e257adbe7383"",""1ca34094-ee4d-5962-a78a-174d361a9cd3"",""7edb0577-da07-5c6f-8391-bb90e9822165"",""d7c5d484-54dc-5d1e-a3ac-65d60267a12c"",""f416cc8b-3bc2-5c4c-a91c-c56faf748684""]","[""236ee0ce-030e-4e0e-a888-83f20a0723e3"",""fa312894-78a7-4965-9796-b73f494ad1d7""]",,,M6-evaluator-v1,observed,oracle,"{""sentinel.txt"":{""sha256"":""cc809b73990c3ed04b989c020da6c36cfbefaff047c338817e10d2d086d9ec29"",""size"":28}}",text,UP-R2-02-S01-FILES,independent public-contract comparison,M6-ASSERTION-eb065e7a-988e-45e0-b079-b216733c371f,,,,,,,,,2026-10-07T20:36:36.868361Z,,"{""blue.jpg"":{""sha256"":""bfd0fb4d7039a1716a766f83be930226c9d8649aa4deeb926013cbe24dd53888"",""size"":777},""sentinel.txt"":{""sha256"":""cc809b73990c3ed04b989c020da6c36cfbefaff047c338817e10d2d086d9ec29"",""size"":28}}",,2d9849af-4973-4fd8-a822-d8a60e17e5f5,99c078f8-6023-4a91-8812-aa693f2115df,236ee0ce-030e-4e0e-a888-83f20a0723e3,,60605ff8-abff-4d46-a4eb-1c83d0ec943d,,,,R2,fa312894-78a7-4965-9796-b73f494ad1d7,,,,,,,1,failed,UP-R2-02,,,,,,,4696448b-8c21-591b-80cc-7344ea0b95ec,2bb545ed-5357-4270-9f47-acdedbeafbb5,evidence observations; interpretation separate
M7-analysis-v5,c370c0a9ade6f3957aacd26a4ebc6af15cf43f82e4504b883b5bc1c985794671,R2,dbb63e68d4ed9e904fa985aa5b88d674205b6caab086a8d981ac8918a9c68fb5,"[""4afc763c-033e-501c-9c9c-453207d31e62"",""1fed9611-d0cc-51e5-86e7-4ba237c836a2"",""0e4d4039-5409-5be7-a300-ded85e9c22d7"",""1c4afc6f-6679-57b7-ab6b-cec3053e85a1"",""76216ff6-0dab-5f43-913f-741c2deb7596"",""fe7c5fea-171a-5d3e-b93c-b9d53dca7c67"",""784c942d-b222-5013-a2e4-de4aa477a143"",""2f2d84f4-6f41-5df7-a828-cc0a3d9cdddf"",""c68f6332-f200-5595-940d-e5bcad78f1fe"",""54c3aba8-cb42-5023-9591-5cdd68bdd7c5"",""b9ac296e-4c6c-5cdc-9e03-14868c124af2"",""022ddff9-4332-5ba5-b884-42537f220a0c"",""0d262496-18e1-5973-84a6-84fbda64d0ff"",""447860c8-1d56-518b-88ad-7e103990b756"",""616ecfda-7163-5a8d-ba60-01f623d8b124"",""656bacfc-b102-5379-8db2-2f9f127621e0"",""88f2e658-6155-5924-bc85-63fe2aabb08a"",""9f032fb3-90ca-5749-aff5-1065077ac10e"",""4d2e4005-a84b-525b-a492-d367c5e405d0"",""12b20e20-e117-5c00-83bc-e589b92b730e"",""e97a5398-37b9-5e89-91a9-9b3ae48d9534"",""7a8f92c5-5f85-593a-bf90-08e13c60a2e6"",""aa66f5e3-ac0e-57d6-9b69-aa54ea7c4fb9"",""d07b7490-853e-562b-b662-305e89e7718d"",""596c0800-372d-5056-8a35-9f8661656bf4"",""d08816e6-d4d6-5f35-9de3-d86528fa7a96"",""2e126757-f17e-5ee2-93db-94d31ed944b2"",""5e1af4e2-330f-563f-b639-2d3cd8d276c8"",""49cd1889-2a56-5913-8723-929335f68874"",""82b898ba-3b6d-567f-8996-4f259b74547e"",""d38eb7d2-e78b-5c2f-93e4-2e34846e80e6"",""33effc64-dcfe-5ced-badf-c4df49f68dc1"",""a3a03b99-34c0-504b-b529-32b798db318a"",""8b3ec7b0-123f-5597-95f7-1fafc5810d01"",""035c5442-19b8-5a84-8a59-b352a9660279"",""d6d45010-72fa-5741-b733-88958a8795d2"",""ab8215e5-b753-5a6a-a4e7-ad9caf42eeac"",""1b20061c-b208-551a-b06c-81ffeff623fc"",""9b6d0913-2ae6-5dab-ab36-d05e1c51b208"",""a27c1fb2-edc1-57e6-9d74-adb5a13fed3b"",""4696448b-8c21-591b-80cc-7344ea0b95ec"",""c1d75a33-928c-5636-b99c-def1fb29e0f5"",""61eebfb6-2555-5bce-ba71-7a750427392a"",""aba074a1-d451-595d-bc12-e257adbe7383"",""1ca34094-ee4d-5962-a78a-174d361a9cd3"",""7edb0577-da07-5c6f-8391-bb90e9822165"",""d7c5d484-54dc-5d1e-a3ac-65d60267a12c"",""f416cc8b-3bc2-5c4c-a91c-c56faf748684""]","[""2791d8c1-e7e9-4f97-8fc9-95b8cbe521e3"",""28d6f89b-f5cd-425e-8691-c4c7a7998b4c""]",,,M6-evaluator-v1,observed,oracle,500,text,UP-R2-01-S01-HTTP,independent public-contract comparison,M6-ASSERTION-77610afc-e2f2-4415-bb09-5edf846c334e,,,,,,,,,2026-10-07T20:36:36.863007Z,,200,,2d9849af-4973-4fd8-a822-d8a60e17e5f5,3768f471-f564-4e04-b656-fd6641446c4b,2791d8c1-e7e9-4f97-8fc9-95b8cbe521e3,,60605ff8-abff-4d46-a4eb-1c83d0ec943d,,,,R2,28d6f89b-f5cd-425e-8691-c4c7a7998b4c,,,,,,,1,failed,UP-R2-01,,,,,,,4696448b-8c21-591b-80cc-7344ea0b95ec,2bb545ed-5357-4270-9f47-acdedbeafbb5,evidence observations; interpretation separate
M7-analysis-v5,c370c0a9ade6f3957aacd26a4ebc6af15cf43f82e4504b883b5bc1c985794671,R2,dbb63e68d4ed9e904fa985aa5b88d674205b6caab086a8d981ac8918a9c68fb5,"[""4afc763c-033e-501c-9c9c-453207d31e62"",""1fed9611-d0cc-51e5-86e7-4ba237c836a2"",""0e4d4039-5409-5be7-a300-ded85e9c22d7"",""1c4afc6f-6679-57b7-ab6b-cec3053e85a1"",""76216ff6-0dab-5f43-913f-741c2deb7596"",""fe7c5fea-171a-5d3e-b93c-b9d53dca7c67"",""784c942d-b222-5013-a2e4-de4aa477a143"",""2f2d84f4-6f41-5df7-a828-cc0a3d9cdddf"",""c68f6332-f200-5595-940d-e5bcad78f1fe"",""54c3aba8-cb42-5023-9591-5cdd68bdd7c5"",""b9ac296e-4c6c-5cdc-9e03-14868c124af2"",""022ddff9-4332-5ba5-b884-42537f220a0c"",""0d262496-18e1-5973-84a6-84fbda64d0ff"",""447860c8-1d56-518b-88ad-7e103990b756"",""616ecfda-7163-5a8d-ba60-01f623d8b124"",""656bacfc-b102-5379-8db2-2f9f127621e0"",""88f2e658-6155-5924-bc85-63fe2aabb08a"",""9f032fb3-90ca-5749-aff5-1065077ac10e"",""4d2e4005-a84b-525b-a492-d367c5e405d0"",""12b20e20-e117-5c00-83bc-e589b92b730e"",""e97a5398-37b9-5e89-91a9-9b3ae48d9534"",""7a8f92c5-5f85-593a-bf90-08e13c60a2e6"",""aa66f5e3-ac0e-57d6-9b69-aa54ea7c4fb9"",""d07b7490-853e-562b-b662-305e89e7718d"",""596c0800-372d-5056-8a35-9f8661656bf4"",""d08816e6-d4d6-5f35-9de3-d86528fa7a96"",""2e126757-f17e-5ee2-93db-94d31ed944b2"",""5e1af4e2-330f-563f-b639-2d3cd8d276c8"",""49cd1889-2a56-5913-8723-929335f68874"",""82b898ba-3b6d-567f-8996-4f259b74547e"",""d38eb7d2-e78b-5c2f-93e4-2e34846e80e6"",""33effc64-dcfe-5ced-badf-c4df49f68dc1"",""a3a03b99-34c0-504b-b529-32b798db318a"",""8b3ec7b0-123f-5597-95f7-1fafc5810d01"",""035c5442-19b8-5a84-8a59-b352a9660279"",""d6d45010-72fa-5741-b733-88958a8795d2"",""ab8215e5-b753-5a6a-a4e7-ad9caf42eeac"",""1b20061c-b208-551a-b06c-81ffeff623fc"",""9b6d0913-2ae6-5dab-ab36-d05e1c51b208"",""a27c1fb2-edc1-57e6-9d74-adb5a13fed3b"",""4696448b-8c21-591b-80cc-7344ea0b95ec"",""c1d75a33-928c-5636-b99c-def1fb29e0f5"",""61eebfb6-2555-5bce-ba71-7a750427392a"",""aba074a1-d451-595d-bc12-e257adbe7383"",""1ca34094-ee4d-5962-a78a-174d361a9cd3"",""7edb0577-da07-5c6f-8391-bb90e9822165"",""d7c5d484-54dc-5d1e-a3ac-65d60267a12c"",""f416cc8b-3bc2-5c4c-a91c-c56faf748684""]","[""2791d8c1-e7e9-4f97-8fc9-95b8cbe521e3"",""28d6f89b-f5cd-425e-8691-c4c7a7998b4c""]",,,M6-evaluator-v1,observed,oracle,"{""avatars"":[],""data"":{},""marker"":""UPLOAD_ERROR"",""region_count"":1}",text,UP-R2-01-S01-RESULT,independent public-contract comparison,M6-ASSERTION-b58fc026-1e16-45c7-a1ff-66623b08ab47,,,,,,,,,2026-10-07T20:36:36.863770Z,,"{""avatars"":[],""data"":{""path"":""study/uploads/amber.png""},""marker"":""SUCCESS"",""region_count"":1}",,2d9849af-4973-4fd8-a822-d8a60e17e5f5,d103a544-18cb-4484-9344-a6291b0ce486,2791d8c1-e7e9-4f97-8fc9-95b8cbe521e3,,60605ff8-abff-4d46-a4eb-1c83d0ec943d,,,,R2,28d6f89b-f5cd-425e-8691-c4c7a7998b4c,,,,,,,1,failed,UP-R2-01,,,,,,,4696448b-8c21-591b-80cc-7344ea0b95ec,2bb545ed-5357-4270-9f47-acdedbeafbb5,evidence observations; interpretation separate
M7-analysis-v5,c370c0a9ade6f3957aacd26a4ebc6af15cf43f82e4504b883b5bc1c985794671,R2,dbb63e68d4ed9e904fa985aa5b88d674205b6caab086a8d981ac8918a9c68fb5,"[""4afc763c-033e-501c-9c9c-453207d31e62"",""1fed9611-d0cc-51e5-86e7-4ba237c836a2"",""0e4d4039-5409-5be7-a300-ded85e9c22d7"",""1c4afc6f-6679-57b7-ab6b-cec3053e85a1"",""76216ff6-0dab-5f43-913f-741c2deb7596"",""fe7c5fea-171a-5d3e-b93c-b9d53dca7c67"",""784c942d-b222-5013-a2e4-de4aa477a143"",""2f2d84f4-6f41-5df7-a828-cc0a3d9cdddf"",""c68f6332-f200-5595-940d-e5bcad78f1fe"",""54c3aba8-cb42-5023-9591-5cdd68bdd7c5"",""b9ac296e-4c6c-5cdc-9e03-14868c124af2"",""022ddff9-4332-5ba5-b884-42537f220a0c"",""0d262496-18e1-5973-84a6-84fbda64d0ff"",""447860c8-1d56-518b-88ad-7e103990b756"",""616ecfda-7163-5a8d-ba60-01f623d8b124"",""656bacfc-b102-5379-8db2-2f9f127621e0"",""88f2e658-6155-5924-bc85-63fe2aabb08a"",""9f032fb3-90ca-5749-aff5-1065077ac10e"",""4d2e4005-a84b-525b-a492-d367c5e405d0"",""12b20e20-e117-5c00-83bc-e589b92b730e"",""e97a5398-37b9-5e89-91a9-9b3ae48d9534"",""7a8f92c5-5f85-593a-bf90-08e13c60a2e6"",""aa66f5e3-ac0e-57d6-9b69-aa54ea7c4fb9"",""d07b7490-853e-562b-b662-305e89e7718d"",""596c0800-372d-5056-8a35-9f8661656bf4"",""d08816e6-d4d6-5f35-9de3-d86528fa7a96"",""2e126757-f17e-5ee2-93db-94d31ed944b2"",""5e1af4e2-330f-563f-b639-2d3cd8d276c8"",""49cd1889-2a56-5913-8723-929335f68874"",""82b898ba-3b6d-567f-8996-4f259b74547e"",""d38eb7d2-e78b-5c2f-93e4-2e34846e80e6"",""33effc64-dcfe-5ced-badf-c4df49f68dc1"",""a3a03b99-34c0-504b-b529-32b798db318a"",""8b3ec7b0-123f-5597-95f7-1fafc5810d01"",""035c5442-19b8-5a84-8a59-b352a9660279"",""d6d45010-72fa-5741-b733-88958a8795d2"",""ab8215e5-b753-5a6a-a4e7-ad9caf42eeac"",""1b20061c-b208-551a-b06c-81ffeff623fc"",""9b6d0913-2ae6-5dab-ab36-d05e1c51b208"",""a27c1fb2-edc1-57e6-9d74-adb5a13fed3b"",""4696448b-8c21-591b-80cc-7344ea0b95ec"",""c1d75a33-928c-5636-b99c-def1fb29e0f5"",""61eebfb6-2555-5bce-ba71-7a750427392a"",""aba074a1-d451-595d-bc12-e257adbe7383"",""1ca34094-ee4d-5962-a78a-174d361a9cd3"",""7edb0577-da07-5c6f-8391-bb90e9822165"",""d7c5d484-54dc-5d1e-a3ac-65d60267a12c"",""f416cc8b-3bc2-5c4c-a91c-c56faf748684""]","[""2791d8c1-e7e9-4f97-8fc9-95b8cbe521e3"",""28d6f89b-f5cd-425e-8691-c4c7a7998b4c""]",,,M6-evaluator-v1,observed,oracle,"{""sentinel.txt"":{""sha256"":""cc809b73990c3ed04b989c020da6c36cfbefaff047c338817e10d2d086d9ec29"",""size"":28}}",text,UP-R2-01-S01-FILES,independent public-contract comparison,M6-ASSERTION-2b786489-7d02-4915-84f9-2451de55be31,,,,,,,,,2026-10-07T20:36:36.865865Z,,"{""amber.png"":{""sha256"":""5152b4f262397512ec8d1d6f076c509a6052674e3814a0c78fb7bf368b4d5b62"",""size"":73},""sentinel.txt"":{""sha256"":""cc809b73990c3ed04b989c020da6c36cfbefaff047c338817e10d2d086d9ec29"",""size"":28}}",,2d9849af-4973-4fd8-a822-d8a60e17e5f5,88818b13-10ff-4dae-b4a9-693329c76f45,2791d8c1-e7e9-4f97-8fc9-95b8cbe521e3,,60605ff8-abff-4d46-a4eb-1c83d0ec943d,,,,R2,28d6f89b-f5cd-425e-8691-c4c7a7998b4c,,,,,,,1,failed,UP-R2-01,,,,,,,4696448b-8c21-591b-80cc-7344ea0b95ec,2bb545ed-5357-4270-9f47-acdedbeafbb5,evidence observations; interpretation separate
M7-analysis-v5,c370c0a9ade6f3957aacd26a4ebc6af15cf43f82e4504b883b5bc1c985794671,R5,dbb63e68d4ed9e904fa985aa5b88d674205b6caab086a8d981ac8918a9c68fb5,"[""4afc763c-033e-501c-9c9c-453207d31e62"",""1fed9611-d0cc-51e5-86e7-4ba237c836a2"",""0e4d4039-5409-5be7-a300-ded85e9c22d7"",""1c4afc6f-6679-57b7-ab6b-cec3053e85a1"",""76216ff6-0dab-5f43-913f-741c2deb7596"",""fe7c5fea-171a-5d3e-b93c-b9d53dca7c67"",""784c942d-b222-5013-a2e4-de4aa477a143"",""2f2d84f4-6f41-5df7-a828-cc0a3d9cdddf"",""c68f6332-f200-5595-940d-e5bcad78f1fe"",""54c3aba8-cb42-5023-9591-5cdd68bdd7c5"",""b9ac296e-4c6c-5cdc-9e03-14868c124af2"",""022ddff9-4332-5ba5-b884-42537f220a0c"",""0d262496-18e1-5973-84a6-84fbda64d0ff"",""447860c8-1d56-518b-88ad-7e103990b756"",""616ecfda-7163-5a8d-ba60-01f623d8b124"",""656bacfc-b102-5379-8db2-2f9f127621e0"",""88f2e658-6155-5924-bc85-63fe2aabb08a"",""9f032fb3-90ca-5749-aff5-1065077ac10e"",""4d2e4005-a84b-525b-a492-d367c5e405d0"",""12b20e20-e117-5c00-83bc-e589b92b730e"",""e97a5398-37b9-5e89-91a9-9b3ae48d9534"",""7a8f92c5-5f85-593a-bf90-08e13c60a2e6"",""aa66f5e3-ac0e-57d6-9b69-aa54ea7c4fb9"",""d07b7490-853e-562b-b662-305e89e7718d"",""596c0800-372d-5056-8a35-9f8661656bf4"",""d08816e6-d4d6-5f35-9de3-d86528fa7a96"",""2e126757-f17e-5ee2-93db-94d31ed944b2"",""5e1af4e2-330f-563f-b639-2d3cd8d276c8"",""49cd1889-2a56-5913-8723-929335f68874"",""82b898ba-3b6d-567f-8996-4f259b74547e"",""d38eb7d2-e78b-5c2f-93e4-2e34846e80e6"",""33effc64-dcfe-5ced-badf-c4df49f68dc1"",""a3a03b99-34c0-504b-b529-32b798db318a"",""8b3ec7b0-123f-5597-95f7-1fafc5810d01"",""035c5442-19b8-5a84-8a59-b352a9660279"",""d6d45010-72fa-5741-b733-88958a8795d2"",""ab8215e5-b753-5a6a-a4e7-ad9caf42eeac"",""1b20061c-b208-551a-b06c-81ffeff623fc"",""9b6d0913-2ae6-5dab-ab36-d05e1c51b208"",""a27c1fb2-edc1-57e6-9d74-adb5a13fed3b"",""4696448b-8c21-591b-80cc-7344ea0b95ec"",""c1d75a33-928c-5636-b99c-def1fb29e0f5"",""61eebfb6-2555-5bce-ba71-7a750427392a"",""aba074a1-d451-595d-bc12-e257adbe7383"",""1ca34094-ee4d-5962-a78a-174d361a9cd3"",""7edb0577-da07-5c6f-8391-bb90e9822165"",""d7c5d484-54dc-5d1e-a3ac-65d60267a12c"",""f416cc8b-3bc2-5c4c-a91c-c56faf748684""]","[""0cced8cd-3821-49c1-baa3-5ccaf3035605"",""a8be323d-ffd4-44bd-a104-01d89b1caad5""]",,,M6-evaluator-v1,observed,oracle,500,text,UP-R5-01-S01-HTTP,independent public-contract comparison,M6-ASSERTION-e7991915-fe63-48f3-aba5-8b9d3414ba06,,,,,,,,,2026-10-07T20:36:36.877624Z,,200,,2d9849af-4973-4fd8-a822-d8a60e17e5f5,6d59081a-9e91-41a4-aae6-1a0e0c6d6f36,0cced8cd-3821-49c1-baa3-5ccaf3035605,,60605ff8-abff-4d46-a4eb-1c83d0ec943d,,,,R5,a8be323d-ffd4-44bd-a104-01d89b1caad5,,,,,,,1,failed,UP-R5-01,,,,,,,4696448b-8c21-591b-80cc-7344ea0b95ec,2bb545ed-5357-4270-9f47-acdedbeafbb5,evidence observations; interpretation separate
M7-analysis-v5,c370c0a9ade6f3957aacd26a4ebc6af15cf43f82e4504b883b5bc1c985794671,R5,dbb63e68d4ed9e904fa985aa5b88d674205b6caab086a8d981ac8918a9c68fb5,"[""4afc763c-033e-501c-9c9c-453207d31e62"",""1fed9611-d0cc-51e5-86e7-4ba237c836a2"",""0e4d4039-5409-5be7-a300-ded85e9c22d7"",""1c4afc6f-6679-57b7-ab6b-cec3053e85a1"",""76216ff6-0dab-5f43-913f-741c2deb7596"",""fe7c5fea-171a-5d3e-b93c-b9d53dca7c67"",""784c942d-b222-5013-a2e4-de4aa477a143"",""2f2d84f4-6f41-5df7-a828-cc0a3d9cdddf"",""c68f6332-f200-5595-940d-e5bcad78f1fe"",""54c3aba8-cb42-5023-9591-5cdd68bdd7c5"",""b9ac296e-4c6c-5cdc-9e03-14868c124af2"",""022ddff9-4332-5ba5-b884-42537f220a0c"",""0d262496-18e1-5973-84a6-84fbda64d0ff"",""447860c8-1d56-518b-88ad-7e103990b756"",""616ecfda-7163-5a8d-ba60-01f623d8b124"",""656bacfc-b102-5379-8db2-2f9f127621e0"",""88f2e658-6155-5924-bc85-63fe2aabb08a"",""9f032fb3-90ca-5749-aff5-1065077ac10e"",""4d2e4005-a84b-525b-a492-d367c5e405d0"",""12b20e20-e117-5c00-83bc-e589b92b730e"",""e97a5398-37b9-5e89-91a9-9b3ae48d9534"",""7a8f92c5-5f85-593a-bf90-08e13c60a2e6"",""aa66f5e3-ac0e-57d6-9b69-aa54ea7c4fb9"",""d07b7490-853e-562b-b662-305e89e7718d"",""596c0800-372d-5056-8a35-9f8661656bf4"",""d08816e6-d4d6-5f35-9de3-d86528fa7a96"",""2e126757-f17e-5ee2-93db-94d31ed944b2"",""5e1af4e2-330f-563f-b639-2d3cd8d276c8"",""49cd1889-2a56-5913-8723-929335f68874"",""82b898ba-3b6d-567f-8996-4f259b74547e"",""d38eb7d2-e78b-5c2f-93e4-2e34846e80e6"",""33effc64-dcfe-5ced-badf-c4df49f68dc1"",""a3a03b99-34c0-504b-b529-32b798db318a"",""8b3ec7b0-123f-5597-95f7-1fafc5810d01"",""035c5442-19b8-5a84-8a59-b352a9660279"",""d6d45010-72fa-5741-b733-88958a8795d2"",""ab8215e5-b753-5a6a-a4e7-ad9caf42eeac"",""1b20061c-b208-551a-b06c-81ffeff623fc"",""9b6d0913-2ae6-5dab-ab36-d05e1c51b208"",""a27c1fb2-edc1-57e6-9d74-adb5a13fed3b"",""4696448b-8c21-591b-80cc-7344ea0b95ec"",""c1d75a33-928c-5636-b99c-def1fb29e0f5"",""61eebfb6-2555-5bce-ba71-7a750427392a"",""aba074a1-d451-595d-bc12-e257adbe7383"",""1ca34094-ee4d-5962-a78a-174d361a9cd3"",""7edb0577-da07-5c6f-8391-bb90e9822165"",""d7c5d484-54dc-5d1e-a3ac-65d60267a12c"",""f416cc8b-3bc2-5c4c-a91c-c56faf748684""]","[""0cced8cd-3821-49c1-baa3-5ccaf3035605"",""a8be323d-ffd4-44bd-a104-01d89b1caad5""]",,,M6-evaluator-v1,observed,oracle,"{""avatars"":[],""data"":{},""marker"":""UPLOAD_ERROR"",""region_count"":1}",text,UP-R5-01-S01-RESULT,independent public-contract comparison,M6-ASSERTION-03e1d7c6-efc6-42e1-9573-e0e7a260121d,,,,,,,,,2026-10-07T20:36:36.878068Z,,"{""avatars"":[],""data"":{""path"":""study/uploads/blue.png""},""marker"":""SUCCESS"",""region_count"":1}",,2d9849af-4973-4fd8-a822-d8a60e17e5f5,76c7cdaa-7850-4798-b218-10be8e4897fe,0cced8cd-3821-49c1-baa3-5ccaf3035605,,60605ff8-abff-4d46-a4eb-1c83d0ec943d,,,,R5,a8be323d-ffd4-44bd-a104-01d89b1caad5,,,,,,,1,failed,UP-R5-01,,,,,,,4696448b-8c21-591b-80cc-7344ea0b95ec,2bb545ed-5357-4270-9f47-acdedbeafbb5,evidence observations; interpretation separate
M7-analysis-v5,c370c0a9ade6f3957aacd26a4ebc6af15cf43f82e4504b883b5bc1c985794671,R5,dbb63e68d4ed9e904fa985aa5b88d674205b6caab086a8d981ac8918a9c68fb5,"[""4afc763c-033e-501c-9c9c-453207d31e62"",""1fed9611-d0cc-51e5-86e7-4ba237c836a2"",""0e4d4039-5409-5be7-a300-ded85e9c22d7"",""1c4afc6f-6679-57b7-ab6b-cec3053e85a1"",""76216ff6-0dab-5f43-913f-741c2deb7596"",""fe7c5fea-171a-5d3e-b93c-b9d53dca7c67"",""784c942d-b222-5013-a2e4-de4aa477a143"",""2f2d84f4-6f41-5df7-a828-cc0a3d9cdddf"",""c68f6332-f200-5595-940d-e5bcad78f1fe"",""54c3aba8-cb42-5023-9591-5cdd68bdd7c5"",""b9ac296e-4c6c-5cdc-9e03-14868c124af2"",""022ddff9-4332-5ba5-b884-42537f220a0c"",""0d262496-18e1-5973-84a6-84fbda64d0ff"",""447860c8-1d56-518b-88ad-7e103990b756"",""616ecfda-7163-5a8d-ba60-01f623d8b124"",""656bacfc-b102-5379-8db2-2f9f127621e0"",""88f2e658-6155-5924-bc85-63fe2aabb08a"",""9f032fb3-90ca-5749-aff5-1065077ac10e"",""4d2e4005-a84b-525b-a492-d367c5e405d0"",""12b20e20-e117-5c00-83bc-e589b92b730e"",""e97a5398-37b9-5e89-91a9-9b3ae48d9534"",""7a8f92c5-5f85-593a-bf90-08e13c60a2e6"",""aa66f5e3-ac0e-57d6-9b69-aa54ea7c4fb9"",""d07b7490-853e-562b-b662-305e89e7718d"",""596c0800-372d-5056-8a35-9f8661656bf4"",""d08816e6-d4d6-5f35-9de3-d86528fa7a96"",""2e126757-f17e-5ee2-93db-94d31ed944b2"",""5e1af4e2-330f-563f-b639-2d3cd8d276c8"",""49cd1889-2a56-5913-8723-929335f68874"",""82b898ba-3b6d-567f-8996-4f259b74547e"",""d38eb7d2-e78b-5c2f-93e4-2e34846e80e6"",""33effc64-dcfe-5ced-badf-c4df49f68dc1"",""a3a03b99-34c0-504b-b529-32b798db318a"",""8b3ec7b0-123f-5597-95f7-1fafc5810d01"",""035c5442-19b8-5a84-8a59-b352a9660279"",""d6d45010-72fa-5741-b733-88958a8795d2"",""ab8215e5-b753-5a6a-a4e7-ad9caf42eeac"",""1b20061c-b208-551a-b06c-81ffeff623fc"",""9b6d0913-2ae6-5dab-ab36-d05e1c51b208"",""a27c1fb2-edc1-57e6-9d74-adb5a13fed3b"",""4696448b-8c21-591b-80cc-7344ea0b95ec"",""c1d75a33-928c-5636-b99c-def1fb29e0f5"",""61eebfb6-2555-5bce-ba71-7a750427392a"",""aba074a1-d451-595d-bc12-e257adbe7383"",""1ca34094-ee4d-5962-a78a-174d361a9cd3"",""7edb0577-da07-5c6f-8391-bb90e9822165"",""d7c5d484-54dc-5d1e-a3ac-65d60267a12c"",""f416cc8b-3bc2-5c4c-a91c-c56faf748684""]","[""0cced8cd-3821-49c1-baa3-5ccaf3035605"",""a8be323d-ffd4-44bd-a104-01d89b1caad5""]",,,M6-evaluator-v1,observed,oracle,"{""sentinel.txt"":{""sha256"":""cc809b73990c3ed04b989c020da6c36cfbefaff047c338817e10d2d086d9ec29"",""size"":28}}",text,UP-R5-01-S01-FILES,independent public-contract comparison,M6-ASSERTION-8b4a17c0-c74c-46d0-a36a-0eb1bcd43d9c,,,,,,,,,2026-10-07T20:36:36.879022Z,,"{""blue.png"":{""sha256"":""4442d728adc33566e2be10ba0d573a8b4ec1ca033335b75eaac003a97facfc26"",""size"":73},""sentinel.txt"":{""sha256"":""cc809b73990c3ed04b989c020da6c36cfbefaff047c338817e10d2d086d9ec29"",""size"":28}}",,2d9849af-4973-4fd8-a822-d8a60e17e5f5,6e804e56-1286-4dfa-86a2-fac4b3cd5277,0cced8cd-3821-49c1-baa3-5ccaf3035605,,60605ff8-abff-4d46-a4eb-1c83d0ec943d,,,,R5,a8be323d-ffd4-44bd-a104-01d89b1caad5,,,,,,,1,failed,UP-R5-01,,,,,,,4696448b-8c21-591b-80cc-7344ea0b95ec,2bb545ed-5357-4270-9f47-acdedbeafbb5,evidence observations; interpretation separate
M7-analysis-v5,c370c0a9ade6f3957aacd26a4ebc6af15cf43f82e4504b883b5bc1c985794671,R5,dbb63e68d4ed9e904fa985aa5b88d674205b6caab086a8d981ac8918a9c68fb5,"[""4afc763c-033e-501c-9c9c-453207d31e62"",""1fed9611-d0cc-51e5-86e7-4ba237c836a2"",""0e4d4039-5409-5be7-a300-ded85e9c22d7"",""1c4afc6f-6679-57b7-ab6b-cec3053e85a1"",""76216ff6-0dab-5f43-913f-741c2deb7596"",""fe7c5fea-171a-5d3e-b93c-b9d53dca7c67"",""784c942d-b222-5013-a2e4-de4aa477a143"",""2f2d84f4-6f41-5df7-a828-cc0a3d9cdddf"",""c68f6332-f200-5595-940d-e5bcad78f1fe"",""54c3aba8-cb42-5023-9591-5cdd68bdd7c5"",""b9ac296e-4c6c-5cdc-9e03-14868c124af2"",""022ddff9-4332-5ba5-b884-42537f220a0c"",""0d262496-18e1-5973-84a6-84fbda64d0ff"",""447860c8-1d56-518b-88ad-7e103990b756"",""616ecfda-7163-5a8d-ba60-01f623d8b124"",""656bacfc-b102-5379-8db2-2f9f127621e0"",""88f2e658-6155-5924-bc85-63fe2aabb08a"",""9f032fb3-90ca-5749-aff5-1065077ac10e"",""4d2e4005-a84b-525b-a492-d367c5e405d0"",""12b20e20-e117-5c00-83bc-e589b92b730e"",""e97a5398-37b9-5e89-91a9-9b3ae48d9534"",""7a8f92c5-5f85-593a-bf90-08e13c60a2e6"",""aa66f5e3-ac0e-57d6-9b69-aa54ea7c4fb9"",""d07b7490-853e-562b-b662-305e89e7718d"",""596c0800-372d-5056-8a35-9f8661656bf4"",""d08816e6-d4d6-5f35-9de3-d86528fa7a96"",""2e126757-f17e-5ee2-93db-94d31ed944b2"",""5e1af4e2-330f-563f-b639-2d3cd8d276c8"",""49cd1889-2a56-5913-8723-929335f68874"",""82b898ba-3b6d-567f-8996-4f259b74547e"",""d38eb7d2-e78b-5c2f-93e4-2e34846e80e6"",""33effc64-dcfe-5ced-badf-c4df49f68dc1"",""a3a03b99-34c0-504b-b529-32b798db318a"",""8b3ec7b0-123f-5597-95f7-1fafc5810d01"",""035c5442-19b8-5a84-8a59-b352a9660279"",""d6d45010-72fa-5741-b733-88958a8795d2"",""ab8215e5-b753-5a6a-a4e7-ad9caf42eeac"",""1b20061c-b208-551a-b06c-81ffeff623fc"",""9b6d0913-2ae6-5dab-ab36-d05e1c51b208"",""a27c1fb2-edc1-57e6-9d74-adb5a13fed3b"",""4696448b-8c21-591b-80cc-7344ea0b95ec"",""c1d75a33-928c-5636-b99c-def1fb29e0f5"",""61eebfb6-2555-5bce-ba71-7a750427392a"",""aba074a1-d451-595d-bc12-e257adbe7383"",""1ca34094-ee4d-5962-a78a-174d361a9cd3"",""7edb0577-da07-5c6f-8391-bb90e9822165"",""d7c5d484-54dc-5d1e-a3ac-65d60267a12c"",""f416cc8b-3bc2-5c4c-a91c-c56faf748684""]","[""b4e6c3cf-1b5c-4de2-a890-d49f4c9ecdf9"",""de7eef85-1798-4a67-9e66-a299c72a7929""]",,,M6-evaluator-v1,observed,oracle,500,text,UP-R5-02-S01-HTTP,independent public-contract comparison,M6-ASSERTION-09b107b6-41a0-4c45-ac44-ee861dc2de55,,,,,,,,,2026-10-07T20:36:36.879391Z,,200,,2d9849af-4973-4fd8-a822-d8a60e17e5f5,11a24e6e-0f03-4e48-b498-c2a7e49af571,b4e6c3cf-1b5c-4de2-a890-d49f4c9ecdf9,,60605ff8-abff-4d46-a4eb-1c83d0ec943d,,,,R5,de7eef85-1798-4a67-9e66-a299c72a7929,,,,,,,1,failed,UP-R5-02,,,,,,,4696448b-8c21-591b-80cc-7344ea0b95ec,2bb545ed-5357-4270-9f47-acdedbeafbb5,evidence observations; interpretation separate
M7-analysis-v5,c370c0a9ade6f3957aacd26a4ebc6af15cf43f82e4504b883b5bc1c985794671,R5,dbb63e68d4ed9e904fa985aa5b88d674205b6caab086a8d981ac8918a9c68fb5,"[""4afc763c-033e-501c-9c9c-453207d31e62"",""1fed9611-d0cc-51e5-86e7-4ba237c836a2"",""0e4d4039-5409-5be7-a300-ded85e9c22d7"",""1c4afc6f-6679-57b7-ab6b-cec3053e85a1"",""76216ff6-0dab-5f43-913f-741c2deb7596"",""fe7c5fea-171a-5d3e-b93c-b9d53dca7c67"",""784c942d-b222-5013-a2e4-de4aa477a143"",""2f2d84f4-6f41-5df7-a828-cc0a3d9cdddf"",""c68f6332-f200-5595-940d-e5bcad78f1fe"",""54c3aba8-cb42-5023-9591-5cdd68bdd7c5"",""b9ac296e-4c6c-5cdc-9e03-14868c124af2"",""022ddff9-4332-5ba5-b884-42537f220a0c"",""0d262496-18e1-5973-84a6-84fbda64d0ff"",""447860c8-1d56-518b-88ad-7e103990b756"",""616ecfda-7163-5a8d-ba60-01f623d8b124"",""656bacfc-b102-5379-8db2-2f9f127621e0"",""88f2e658-6155-5924-bc85-63fe2aabb08a"",""9f032fb3-90ca-5749-aff5-1065077ac10e"",""4d2e4005-a84b-525b-a492-d367c5e405d0"",""12b20e20-e117-5c00-83bc-e589b92b730e"",""e97a5398-37b9-5e89-91a9-9b3ae48d9534"",""7a8f92c5-5f85-593a-bf90-08e13c60a2e6"",""aa66f5e3-ac0e-57d6-9b69-aa54ea7c4fb9"",""d07b7490-853e-562b-b662-305e89e7718d"",""596c0800-372d-5056-8a35-9f8661656bf4"",""d08816e6-d4d6-5f35-9de3-d86528fa7a96"",""2e126757-f17e-5ee2-93db-94d31ed944b2"",""5e1af4e2-330f-563f-b639-2d3cd8d276c8"",""49cd1889-2a56-5913-8723-929335f68874"",""82b898ba-3b6d-567f-8996-4f259b74547e"",""d38eb7d2-e78b-5c2f-93e4-2e34846e80e6"",""33effc64-dcfe-5ced-badf-c4df49f68dc1"",""a3a03b99-34c0-504b-b529-32b798db318a"",""8b3ec7b0-123f-5597-95f7-1fafc5810d01"",""035c5442-19b8-5a84-8a59-b352a9660279"",""d6d45010-72fa-5741-b733-88958a8795d2"",""ab8215e5-b753-5a6a-a4e7-ad9caf42eeac"",""1b20061c-b208-551a-b06c-81ffeff623fc"",""9b6d0913-2ae6-5dab-ab36-d05e1c51b208"",""a27c1fb2-edc1-57e6-9d74-adb5a13fed3b"",""4696448b-8c21-591b-80cc-7344ea0b95ec"",""c1d75a33-928c-5636-b99c-def1fb29e0f5"",""61eebfb6-2555-5bce-ba71-7a750427392a"",""aba074a1-d451-595d-bc12-e257adbe7383"",""1ca34094-ee4d-5962-a78a-174d361a9cd3"",""7edb0577-da07-5c6f-8391-bb90e9822165"",""d7c5d484-54dc-5d1e-a3ac-65d60267a12c"",""f416cc8b-3bc2-5c4c-a91c-c56faf748684""]","[""b4e6c3cf-1b5c-4de2-a890-d49f4c9ecdf9"",""de7eef85-1798-4a67-9e66-a299c72a7929""]",,,M6-evaluator-v1,observed,oracle,"{""avatars"":[],""data"":{},""marker"":""UPLOAD_ERROR"",""region_count"":1}",text,UP-R5-02-S01-RESULT,independent public-contract comparison,M6-ASSERTION-566ab4d5-2fb4-4a8f-811b-f3fd6b31463f,,,,,,,,,2026-10-07T20:36:36.880426Z,,"{""avatars"":[],""data"":{""path"":""study/uploads/green.png""},""marker"":""SUCCESS"",""region_count"":1}",,2d9849af-4973-4fd8-a822-d8a60e17e5f5,e0785e21-fb1f-4434-9c51-6af02e746200,b4e6c3cf-1b5c-4de2-a890-d49f4c9ecdf9,,60605ff8-abff-4d46-a4eb-1c83d0ec943d,,,,R5,de7eef85-1798-4a67-9e66-a299c72a7929,,,,,,,1,failed,UP-R5-02,,,,,,,4696448b-8c21-591b-80cc-7344ea0b95ec,2bb545ed-5357-4270-9f47-acdedbeafbb5,evidence observations; interpretation separate
M7-analysis-v5,c370c0a9ade6f3957aacd26a4ebc6af15cf43f82e4504b883b5bc1c985794671,R5,dbb63e68d4ed9e904fa985aa5b88d674205b6caab086a8d981ac8918a9c68fb5,"[""4afc763c-033e-501c-9c9c-453207d31e62"",""1fed9611-d0cc-51e5-86e7-4ba237c836a2"",""0e4d4039-5409-5be7-a300-ded85e9c22d7"",""1c4afc6f-6679-57b7-ab6b-cec3053e85a1"",""76216ff6-0dab-5f43-913f-741c2deb7596"",""fe7c5fea-171a-5d3e-b93c-b9d53dca7c67"",""784c942d-b222-5013-a2e4-de4aa477a143"",""2f2d84f4-6f41-5df7-a828-cc0a3d9cdddf"",""c68f6332-f200-5595-940d-e5bcad78f1fe"",""54c3aba8-cb42-5023-9591-5cdd68bdd7c5"",""b9ac296e-4c6c-5cdc-9e03-14868c124af2"",""022ddff9-4332-5ba5-b884-42537f220a0c"",""0d262496-18e1-5973-84a6-84fbda64d0ff"",""447860c8-1d56-518b-88ad-7e103990b756"",""616ecfda-7163-5a8d-ba60-01f623d8b124"",""656bacfc-b102-5379-8db2-2f9f127621e0"",""88f2e658-6155-5924-bc85-63fe2aabb08a"",""9f032fb3-90ca-5749-aff5-1065077ac10e"",""4d2e4005-a84b-525b-a492-d367c5e405d0"",""12b20e20-e117-5c00-83bc-e589b92b730e"",""e97a5398-37b9-5e89-91a9-9b3ae48d9534"",""7a8f92c5-5f85-593a-bf90-08e13c60a2e6"",""aa66f5e3-ac0e-57d6-9b69-aa54ea7c4fb9"",""d07b7490-853e-562b-b662-305e89e7718d"",""596c0800-372d-5056-8a35-9f8661656bf4"",""d08816e6-d4d6-5f35-9de3-d86528fa7a96"",""2e126757-f17e-5ee2-93db-94d31ed944b2"",""5e1af4e2-330f-563f-b639-2d3cd8d276c8"",""49cd1889-2a56-5913-8723-929335f68874"",""82b898ba-3b6d-567f-8996-4f259b74547e"",""d38eb7d2-e78b-5c2f-93e4-2e34846e80e6"",""33effc64-dcfe-5ced-badf-c4df49f68dc1"",""a3a03b99-34c0-504b-b529-32b798db318a"",""8b3ec7b0-123f-5597-95f7-1fafc5810d01"",""035c5442-19b8-5a84-8a59-b352a9660279"",""d6d45010-72fa-5741-b733-88958a8795d2"",""ab8215e5-b753-5a6a-a4e7-ad9caf42eeac"",""1b20061c-b208-551a-b06c-81ffeff623fc"",""9b6d0913-2ae6-5dab-ab36-d05e1c51b208"",""a27c1fb2-edc1-57e6-9d74-adb5a13fed3b"",""4696448b-8c21-591b-80cc-7344ea0b95ec"",""c1d75a33-928c-5636-b99c-def1fb29e0f5"",""61eebfb6-2555-5bce-ba71-7a750427392a"",""aba074a1-d451-595d-bc12-e257adbe7383"",""1ca34094-ee4d-5962-a78a-174d361a9cd3"",""7edb0577-da07-5c6f-8391-bb90e9822165"",""d7c5d484-54dc-5d1e-a3ac-65d60267a12c"",""f416cc8b-3bc2-5c4c-a91c-c56faf748684""]","[""b4e6c3cf-1b5c-4de2-a890-d49f4c9ecdf9"",""de7eef85-1798-4a67-9e66-a299c72a7929""]",,,M6-evaluator-v1,observed,oracle,"{""sentinel.txt"":{""sha256"":""cc809b73990c3ed04b989c020da6c36cfbefaff047c338817e10d2d086d9ec29"",""size"":28}}",text,UP-R5-02-S01-FILES,independent public-contract comparison,M6-ASSERTION-703d20fa-80c5-4a7c-9f8a-a7cd6775bfcd,,,,,,,,,2026-10-07T20:36:36.881856Z,,"{""green.png"":{""sha256"":""31bd12297554963e960c136b22a7a6dade4b234dc5c5a370bb16671f12af98ad"",""size"":73},""sentinel.txt"":{""sha256"":""cc809b73990c3ed04b989c020da6c36cfbefaff047c338817e10d2d086d9ec29"",""size"":28}}",,2d9849af-4973-4fd8-a822-d8a60e17e5f5,64fddc73-fa36-4de5-bace-8a1522d0dbe8,b4e6c3cf-1b5c-4de2-a890-d49f4c9ecdf9,,60605ff8-abff-4d46-a4eb-1c83d0ec943d,,,,R5,de7eef85-1798-4a67-9e66-a299c72a7929,,,,,,,1,failed,UP-R5-02,,,,,,,4696448b-8c21-591b-80cc-7344ea0b95ec,2bb545ed-5357-4270-9f47-acdedbeafbb5,evidence observations; interpretation separate
M7-analysis-v5,c370c0a9ade6f3957aacd26a4ebc6af15cf43f82e4504b883b5bc1c985794671,R6,dbb63e68d4ed9e904fa985aa5b88d674205b6caab086a8d981ac8918a9c68fb5,"[""4afc763c-033e-501c-9c9c-453207d31e62"",""1fed9611-d0cc-51e5-86e7-4ba237c836a2"",""0e4d4039-5409-5be7-a300-ded85e9c22d7"",""1c4afc6f-6679-57b7-ab6b-cec3053e85a1"",""76216ff6-0dab-5f43-913f-741c2deb7596"",""fe7c5fea-171a-5d3e-b93c-b9d53dca7c67"",""784c942d-b222-5013-a2e4-de4aa477a143"",""2f2d84f4-6f41-5df7-a828-cc0a3d9cdddf"",""c68f6332-f200-5595-940d-e5bcad78f1fe"",""54c3aba8-cb42-5023-9591-5cdd68bdd7c5"",""b9ac296e-4c6c-5cdc-9e03-14868c124af2"",""022ddff9-4332-5ba5-b884-42537f220a0c"",""0d262496-18e1-5973-84a6-84fbda64d0ff"",""447860c8-1d56-518b-88ad-7e103990b756"",""616ecfda-7163-5a8d-ba60-01f623d8b124"",""656bacfc-b102-5379-8db2-2f9f127621e0"",""88f2e658-6155-5924-bc85-63fe2aabb08a"",""9f032fb3-90ca-5749-aff5-1065077ac10e"",""4d2e4005-a84b-525b-a492-d367c5e405d0"",""12b20e20-e117-5c00-83bc-e589b92b730e"",""e97a5398-37b9-5e89-91a9-9b3ae48d9534"",""7a8f92c5-5f85-593a-bf90-08e13c60a2e6"",""aa66f5e3-ac0e-57d6-9b69-aa54ea7c4fb9"",""d07b7490-853e-562b-b662-305e89e7718d"",""596c0800-372d-5056-8a35-9f8661656bf4"",""d08816e6-d4d6-5f35-9de3-d86528fa7a96"",""2e126757-f17e-5ee2-93db-94d31ed944b2"",""5e1af4e2-330f-563f-b639-2d3cd8d276c8"",""49cd1889-2a56-5913-8723-929335f68874"",""82b898ba-3b6d-567f-8996-4f259b74547e"",""d38eb7d2-e78b-5c2f-93e4-2e34846e80e6"",""33effc64-dcfe-5ced-badf-c4df49f68dc1"",""a3a03b99-34c0-504b-b529-32b798db318a"",""8b3ec7b0-123f-5597-95f7-1fafc5810d01"",""035c5442-19b8-5a84-8a59-b352a9660279"",""d6d45010-72fa-5741-b733-88958a8795d2"",""ab8215e5-b753-5a6a-a4e7-ad9caf42eeac"",""1b20061c-b208-551a-b06c-81ffeff623fc"",""9b6d0913-2ae6-5dab-ab36-d05e1c51b208"",""a27c1fb2-edc1-57e6-9d74-adb5a13fed3b"",""4696448b-8c21-591b-80cc-7344ea0b95ec"",""c1d75a33-928c-5636-b99c-def1fb29e0f5"",""61eebfb6-2555-5bce-ba71-7a750427392a"",""aba074a1-d451-595d-bc12-e257adbe7383"",""1ca34094-ee4d-5962-a78a-174d361a9cd3"",""7edb0577-da07-5c6f-8391-bb90e9822165"",""d7c5d484-54dc-5d1e-a3ac-65d60267a12c"",""f416cc8b-3bc2-5c4c-a91c-c56faf748684""]","[""39484025-ac8d-4c17-9e21-5b21c807e65f"",""41de3711-6821-498e-a5e8-634fd6cff106""]",,,M6-evaluator-v1,observed,oracle,500,text,UP-R6-01-S03-HTTP,independent public-contract comparison,M6-ASSERTION-dfe2c181-a988-4708-89e7-06ea317af116,,,,,,,,,2026-10-07T20:36:36.886898Z,,200,,2d9849af-4973-4fd8-a822-d8a60e17e5f5,e3954869-6a8a-445d-bdbe-f0754b5099ef,39484025-ac8d-4c17-9e21-5b21c807e65f,,60605ff8-abff-4d46-a4eb-1c83d0ec943d,,,,R6,41de3711-6821-498e-a5e8-634fd6cff106,,,,,,,1,failed,UP-R6-01,,,,,,,4696448b-8c21-591b-80cc-7344ea0b95ec,2bb545ed-5357-4270-9f47-acdedbeafbb5,evidence observations; interpretation separate
M7-analysis-v5,c370c0a9ade6f3957aacd26a4ebc6af15cf43f82e4504b883b5bc1c985794671,R6,dbb63e68d4ed9e904fa985aa5b88d674205b6caab086a8d981ac8918a9c68fb5,"[""4afc763c-033e-501c-9c9c-453207d31e62"",""1fed9611-d0cc-51e5-86e7-4ba237c836a2"",""0e4d4039-5409-5be7-a300-ded85e9c22d7"",""1c4afc6f-6679-57b7-ab6b-cec3053e85a1"",""76216ff6-0dab-5f43-913f-741c2deb7596"",""fe7c5fea-171a-5d3e-b93c-b9d53dca7c67"",""784c942d-b222-5013-a2e4-de4aa477a143"",""2f2d84f4-6f41-5df7-a828-cc0a3d9cdddf"",""c68f6332-f200-5595-940d-e5bcad78f1fe"",""54c3aba8-cb42-5023-9591-5cdd68bdd7c5"",""b9ac296e-4c6c-5cdc-9e03-14868c124af2"",""022ddff9-4332-5ba5-b884-42537f220a0c"",""0d262496-18e1-5973-84a6-84fbda64d0ff"",""447860c8-1d56-518b-88ad-7e103990b756"",""616ecfda-7163-5a8d-ba60-01f623d8b124"",""656bacfc-b102-5379-8db2-2f9f127621e0"",""88f2e658-6155-5924-bc85-63fe2aabb08a"",""9f032fb3-90ca-5749-aff5-1065077ac10e"",""4d2e4005-a84b-525b-a492-d367c5e405d0"",""12b20e20-e117-5c00-83bc-e589b92b730e"",""e97a5398-37b9-5e89-91a9-9b3ae48d9534"",""7a8f92c5-5f85-593a-bf90-08e13c60a2e6"",""aa66f5e3-ac0e-57d6-9b69-aa54ea7c4fb9"",""d07b7490-853e-562b-b662-305e89e7718d"",""596c0800-372d-5056-8a35-9f8661656bf4"",""d08816e6-d4d6-5f35-9de3-d86528fa7a96"",""2e126757-f17e-5ee2-93db-94d31ed944b2"",""5e1af4e2-330f-563f-b639-2d3cd8d276c8"",""49cd1889-2a56-5913-8723-929335f68874"",""82b898ba-3b6d-567f-8996-4f259b74547e"",""d38eb7d2-e78b-5c2f-93e4-2e34846e80e6"",""33effc64-dcfe-5ced-badf-c4df49f68dc1"",""a3a03b99-34c0-504b-b529-32b798db318a"",""8b3ec7b0-123f-5597-95f7-1fafc5810d01"",""035c5442-19b8-5a84-8a59-b352a9660279"",""d6d45010-72fa-5741-b733-88958a8795d2"",""ab8215e5-b753-5a6a-a4e7-ad9caf42eeac"",""1b20061c-b208-551a-b06c-81ffeff623fc"",""9b6d0913-2ae6-5dab-ab36-d05e1c51b208"",""a27c1fb2-edc1-57e6-9d74-adb5a13fed3b"",""4696448b-8c21-591b-80cc-7344ea0b95ec"",""c1d75a33-928c-5636-b99c-def1fb29e0f5"",""61eebfb6-2555-5bce-ba71-7a750427392a"",""aba074a1-d451-595d-bc12-e257adbe7383"",""1ca34094-ee4d-5962-a78a-174d361a9cd3"",""7edb0577-da07-5c6f-8391-bb90e9822165"",""d7c5d484-54dc-5d1e-a3ac-65d60267a12c"",""f416cc8b-3bc2-5c4c-a91c-c56faf748684""]","[""39484025-ac8d-4c17-9e21-5b21c807e65f"",""41de3711-6821-498e-a5e8-634fd6cff106""]",,,M6-evaluator-v1,observed,oracle,"{""avatars"":[],""data"":{},""marker"":""UPLOAD_ERROR"",""region_count"":1}",text,UP-R6-01-S03-RESULT,independent public-contract comparison,M6-ASSERTION-208edf71-08de-4452-9a70-363454ad3f08,,,,,,,,,2026-10-07T20:36:36.887697Z,,"{""avatars"":[],""data"":{""path"":""study/uploads/seq-three.png""},""marker"":""SUCCESS"",""region_count"":1}",,2d9849af-4973-4fd8-a822-d8a60e17e5f5,549f74f1-229d-4bc6-a110-e7af7655f508,39484025-ac8d-4c17-9e21-5b21c807e65f,,60605ff8-abff-4d46-a4eb-1c83d0ec943d,,,,R6,41de3711-6821-498e-a5e8-634fd6cff106,,,,,,,1,failed,UP-R6-01,,,,,,,4696448b-8c21-591b-80cc-7344ea0b95ec,2bb545ed-5357-4270-9f47-acdedbeafbb5,evidence observations; interpretation separate
M7-analysis-v5,c370c0a9ade6f3957aacd26a4ebc6af15cf43f82e4504b883b5bc1c985794671,R6,dbb63e68d4ed9e904fa985aa5b88d674205b6caab086a8d981ac8918a9c68fb5,"[""4afc763c-033e-501c-9c9c-453207d31e62"",""1fed9611-d0cc-51e5-86e7-4ba237c836a2"",""0e4d4039-5409-5be7-a300-ded85e9c22d7"",""1c4afc6f-6679-57b7-ab6b-cec3053e85a1"",""76216ff6-0dab-5f43-913f-741c2deb7596"",""fe7c5fea-171a-5d3e-b93c-b9d53dca7c67"",""784c942d-b222-5013-a2e4-de4aa477a143"",""2f2d84f4-6f41-5df7-a828-cc0a3d9cdddf"",""c68f6332-f200-5595-940d-e5bcad78f1fe"",""54c3aba8-cb42-5023-9591-5cdd68bdd7c5"",""b9ac296e-4c6c-5cdc-9e03-14868c124af2"",""022ddff9-4332-5ba5-b884-42537f220a0c"",""0d262496-18e1-5973-84a6-84fbda64d0ff"",""447860c8-1d56-518b-88ad-7e103990b756"",""616ecfda-7163-5a8d-ba60-01f623d8b124"",""656bacfc-b102-5379-8db2-2f9f127621e0"",""88f2e658-6155-5924-bc85-63fe2aabb08a"",""9f032fb3-90ca-5749-aff5-1065077ac10e"",""4d2e4005-a84b-525b-a492-d367c5e405d0"",""12b20e20-e117-5c00-83bc-e589b92b730e"",""e97a5398-37b9-5e89-91a9-9b3ae48d9534"",""7a8f92c5-5f85-593a-bf90-08e13c60a2e6"",""aa66f5e3-ac0e-57d6-9b69-aa54ea7c4fb9"",""d07b7490-853e-562b-b662-305e89e7718d"",""596c0800-372d-5056-8a35-9f8661656bf4"",""d08816e6-d4d6-5f35-9de3-d86528fa7a96"",""2e126757-f17e-5ee2-93db-94d31ed944b2"",""5e1af4e2-330f-563f-b639-2d3cd8d276c8"",""49cd1889-2a56-5913-8723-929335f68874"",""82b898ba-3b6d-567f-8996-4f259b74547e"",""d38eb7d2-e78b-5c2f-93e4-2e34846e80e6"",""33effc64-dcfe-5ced-badf-c4df49f68dc1"",""a3a03b99-34c0-504b-b529-32b798db318a"",""8b3ec7b0-123f-5597-95f7-1fafc5810d01"",""035c5442-19b8-5a84-8a59-b352a9660279"",""d6d45010-72fa-5741-b733-88958a8795d2"",""ab8215e5-b753-5a6a-a4e7-ad9caf42eeac"",""1b20061c-b208-551a-b06c-81ffeff623fc"",""9b6d0913-2ae6-5dab-ab36-d05e1c51b208"",""a27c1fb2-edc1-57e6-9d74-adb5a13fed3b"",""4696448b-8c21-591b-80cc-7344ea0b95ec"",""c1d75a33-928c-5636-b99c-def1fb29e0f5"",""61eebfb6-2555-5bce-ba71-7a750427392a"",""aba074a1-d451-595d-bc12-e257adbe7383"",""1ca34094-ee4d-5962-a78a-174d361a9cd3"",""7edb0577-da07-5c6f-8391-bb90e9822165"",""d7c5d484-54dc-5d1e-a3ac-65d60267a12c"",""f416cc8b-3bc2-5c4c-a91c-c56faf748684""]","[""39484025-ac8d-4c17-9e21-5b21c807e65f"",""41de3711-6821-498e-a5e8-634fd6cff106""]",,,M6-evaluator-v1,observed,oracle,"{""sentinel.txt"":{""sha256"":""cc809b73990c3ed04b989c020da6c36cfbefaff047c338817e10d2d086d9ec29"",""size"":28}}",text,UP-R6-01-S03-FILES,independent public-contract comparison,M6-ASSERTION-6eb1371a-3135-497d-ae4e-e9fdc4920198,,,,,,,,,2026-10-07T20:36:36.889633Z,,"{""sentinel.txt"":{""sha256"":""cc809b73990c3ed04b989c020da6c36cfbefaff047c338817e10d2d086d9ec29"",""size"":28},""seq-one.png"":{""sha256"":""5152b4f262397512ec8d1d6f076c509a6052674e3814a0c78fb7bf368b4d5b62"",""size"":73},""seq-three.png"":{""sha256"":""31bd12297554963e960c136b22a7a6dade4b234dc5c5a370bb16671f12af98ad"",""size"":73},""seq-two.jpeg"":{""sha256"":""bfd0fb4d7039a1716a766f83be930226c9d8649aa4deeb926013cbe24dd53888"",""size"":777}}",,2d9849af-4973-4fd8-a822-d8a60e17e5f5,938d0aaf-5899-4acd-85f5-2406842d334f,39484025-ac8d-4c17-9e21-5b21c807e65f,,60605ff8-abff-4d46-a4eb-1c83d0ec943d,,,,R6,41de3711-6821-498e-a5e8-634fd6cff106,,,,,,,1,failed,UP-R6-01,,,,,,,4696448b-8c21-591b-80cc-7344ea0b95ec,2bb545ed-5357-4270-9f47-acdedbeafbb5,evidence observations; interpretation separate
M7-analysis-v5,c370c0a9ade6f3957aacd26a4ebc6af15cf43f82e4504b883b5bc1c985794671,R6,dbb63e68d4ed9e904fa985aa5b88d674205b6caab086a8d981ac8918a9c68fb5,"[""4afc763c-033e-501c-9c9c-453207d31e62"",""1fed9611-d0cc-51e5-86e7-4ba237c836a2"",""0e4d4039-5409-5be7-a300-ded85e9c22d7"",""1c4afc6f-6679-57b7-ab6b-cec3053e85a1"",""76216ff6-0dab-5f43-913f-741c2deb7596"",""fe7c5fea-171a-5d3e-b93c-b9d53dca7c67"",""784c942d-b222-5013-a2e4-de4aa477a143"",""2f2d84f4-6f41-5df7-a828-cc0a3d9cdddf"",""c68f6332-f200-5595-940d-e5bcad78f1fe"",""54c3aba8-cb42-5023-9591-5cdd68bdd7c5"",""b9ac296e-4c6c-5cdc-9e03-14868c124af2"",""022ddff9-4332-5ba5-b884-42537f220a0c"",""0d262496-18e1-5973-84a6-84fbda64d0ff"",""447860c8-1d56-518b-88ad-7e103990b756"",""616ecfda-7163-5a8d-ba60-01f623d8b124"",""656bacfc-b102-5379-8db2-2f9f127621e0"",""88f2e658-6155-5924-bc85-63fe2aabb08a"",""9f032fb3-90ca-5749-aff5-1065077ac10e"",""4d2e4005-a84b-525b-a492-d367c5e405d0"",""12b20e20-e117-5c00-83bc-e589b92b730e"",""e97a5398-37b9-5e89-91a9-9b3ae48d9534"",""7a8f92c5-5f85-593a-bf90-08e13c60a2e6"",""aa66f5e3-ac0e-57d6-9b69-aa54ea7c4fb9"",""d07b7490-853e-562b-b662-305e89e7718d"",""596c0800-372d-5056-8a35-9f8661656bf4"",""d08816e6-d4d6-5f35-9de3-d86528fa7a96"",""2e126757-f17e-5ee2-93db-94d31ed944b2"",""5e1af4e2-330f-563f-b639-2d3cd8d276c8"",""49cd1889-2a56-5913-8723-929335f68874"",""82b898ba-3b6d-567f-8996-4f259b74547e"",""d38eb7d2-e78b-5c2f-93e4-2e34846e80e6"",""33effc64-dcfe-5ced-badf-c4df49f68dc1"",""a3a03b99-34c0-504b-b529-32b798db318a"",""8b3ec7b0-123f-5597-95f7-1fafc5810d01"",""035c5442-19b8-5a84-8a59-b352a9660279"",""d6d45010-72fa-5741-b733-88958a8795d2"",""ab8215e5-b753-5a6a-a4e7-ad9caf42eeac"",""1b20061c-b208-551a-b06c-81ffeff623fc"",""9b6d0913-2ae6-5dab-ab36-d05e1c51b208"",""a27c1fb2-edc1-57e6-9d74-adb5a13fed3b"",""4696448b-8c21-591b-80cc-7344ea0b95ec"",""c1d75a33-928c-5636-b99c-def1fb29e0f5"",""61eebfb6-2555-5bce-ba71-7a750427392a"",""aba074a1-d451-595d-bc12-e257adbe7383"",""1ca34094-ee4d-5962-a78a-174d361a9cd3"",""7edb0577-da07-5c6f-8391-bb90e9822165"",""d7c5d484-54dc-5d1e-a3ac-65d60267a12c"",""f416cc8b-3bc2-5c4c-a91c-c56faf748684""]","[""39484025-ac8d-4c17-9e21-5b21c807e65f"",""4c61904d-e234-4a7b-8c36-23dd4feec8e1""]",,,M6-evaluator-v1,observed,oracle,500,text,UP-R6-01-S01-HTTP,independent public-contract comparison,M6-ASSERTION-d94fb717-681d-4a5f-9a07-30e9dd036f72,,,,,,,,,2026-10-07T20:36:36.882629Z,,200,,2d9849af-4973-4fd8-a822-d8a60e17e5f5,46e6be50-3d18-4a2a-a854-1a7ce5ee179f,39484025-ac8d-4c17-9e21-5b21c807e65f,,60605ff8-abff-4d46-a4eb-1c83d0ec943d,,,,R6,4c61904d-e234-4a7b-8c36-23dd4feec8e1,,,,,,,1,failed,UP-R6-01,,,,,,,4696448b-8c21-591b-80cc-7344ea0b95ec,2bb545ed-5357-4270-9f47-acdedbeafbb5,evidence observations; interpretation separate
M7-analysis-v5,c370c0a9ade6f3957aacd26a4ebc6af15cf43f82e4504b883b5bc1c985794671,R6,dbb63e68d4ed9e904fa985aa5b88d674205b6caab086a8d981ac8918a9c68fb5,"[""4afc763c-033e-501c-9c9c-453207d31e62"",""1fed9611-d0cc-51e5-86e7-4ba237c836a2"",""0e4d4039-5409-5be7-a300-ded85e9c22d7"",""1c4afc6f-6679-57b7-ab6b-cec3053e85a1"",""76216ff6-0dab-5f43-913f-741c2deb7596"",""fe7c5fea-171a-5d3e-b93c-b9d53dca7c67"",""784c942d-b222-5013-a2e4-de4aa477a143"",""2f2d84f4-6f41-5df7-a828-cc0a3d9cdddf"",""c68f6332-f200-5595-940d-e5bcad78f1fe"",""54c3aba8-cb42-5023-9591-5cdd68bdd7c5"",""b9ac296e-4c6c-5cdc-9e03-14868c124af2"",""022ddff9-4332-5ba5-b884-42537f220a0c"",""0d262496-18e1-5973-84a6-84fbda64d0ff"",""447860c8-1d56-518b-88ad-7e103990b756"",""616ecfda-7163-5a8d-ba60-01f623d8b124"",""656bacfc-b102-5379-8db2-2f9f127621e0"",""88f2e658-6155-5924-bc85-63fe2aabb08a"",""9f032fb3-90ca-5749-aff5-1065077ac10e"",""4d2e4005-a84b-525b-a492-d367c5e405d0"",""12b20e20-e117-5c00-83bc-e589b92b730e"",""e97a5398-37b9-5e89-91a9-9b3ae48d9534"",""7a8f92c5-5f85-593a-bf90-08e13c60a2e6"",""aa66f5e3-ac0e-57d6-9b69-aa54ea7c4fb9"",""d07b7490-853e-562b-b662-305e89e7718d"",""596c0800-372d-5056-8a35-9f8661656bf4"",""d08816e6-d4d6-5f35-9de3-d86528fa7a96"",""2e126757-f17e-5ee2-93db-94d31ed944b2"",""5e1af4e2-330f-563f-b639-2d3cd8d276c8"",""49cd1889-2a56-5913-8723-929335f68874"",""82b898ba-3b6d-567f-8996-4f259b74547e"",""d38eb7d2-e78b-5c2f-93e4-2e34846e80e6"",""33effc64-dcfe-5ced-badf-c4df49f68dc1"",""a3a03b99-34c0-504b-b529-32b798db318a"",""8b3ec7b0-123f-5597-95f7-1fafc5810d01"",""035c5442-19b8-5a84-8a59-b352a9660279"",""d6d45010-72fa-5741-b733-88958a8795d2"",""ab8215e5-b753-5a6a-a4e7-ad9caf42eeac"",""1b20061c-b208-551a-b06c-81ffeff623fc"",""9b6d0913-2ae6-5dab-ab36-d05e1c51b208"",""a27c1fb2-edc1-57e6-9d74-adb5a13fed3b"",""4696448b-8c21-591b-80cc-7344ea0b95ec"",""c1d75a33-928c-5636-b99c-def1fb29e0f5"",""61eebfb6-2555-5bce-ba71-7a750427392a"",""aba074a1-d451-595d-bc12-e257adbe7383"",""1ca34094-ee4d-5962-a78a-174d361a9cd3"",""7edb0577-da07-5c6f-8391-bb90e9822165"",""d7c5d484-54dc-5d1e-a3ac-65d60267a12c"",""f416cc8b-3bc2-5c4c-a91c-c56faf748684""]","[""39484025-ac8d-4c17-9e21-5b21c807e65f"",""4c61904d-e234-4a7b-8c36-23dd4feec8e1""]",,,M6-evaluator-v1,observed,oracle,"{""avatars"":[],""data"":{},""marker"":""UPLOAD_ERROR"",""region_count"":1}",text,UP-R6-01-S01-RESULT,independent public-contract comparison,M6-ASSERTION-3a042431-35cb-40cc-9c4b-a848c578f6b9,,,,,,,,,2026-10-07T20:36:36.883035Z,,"{""avatars"":[],""data"":{""path"":""study/uploads/seq-one.png""},""marker"":""SUCCESS"",""region_count"":1}",,2d9849af-4973-4fd8-a822-d8a60e17e5f5,75ae60bb-81d5-4dd1-bd25-55f120c21ee5,39484025-ac8d-4c17-9e21-5b21c807e65f,,60605ff8-abff-4d46-a4eb-1c83d0ec943d,,,,R6,4c61904d-e234-4a7b-8c36-23dd4feec8e1,,,,,,,1,failed,UP-R6-01,,,,,,,4696448b-8c21-591b-80cc-7344ea0b95ec,2bb545ed-5357-4270-9f47-acdedbeafbb5,evidence observations; interpretation separate
M7-analysis-v5,c370c0a9ade6f3957aacd26a4ebc6af15cf43f82e4504b883b5bc1c985794671,R6,dbb63e68d4ed9e904fa985aa5b88d674205b6caab086a8d981ac8918a9c68fb5,"[""4afc763c-033e-501c-9c9c-453207d31e62"",""1fed9611-d0cc-51e5-86e7-4ba237c836a2"",""0e4d4039-5409-5be7-a300-ded85e9c22d7"",""1c4afc6f-6679-57b7-ab6b-cec3053e85a1"",""76216ff6-0dab-5f43-913f-741c2deb7596"",""fe7c5fea-171a-5d3e-b93c-b9d53dca7c67"",""784c942d-b222-5013-a2e4-de4aa477a143"",""2f2d84f4-6f41-5df7-a828-cc0a3d9cdddf"",""c68f6332-f200-5595-940d-e5bcad78f1fe"",""54c3aba8-cb42-5023-9591-5cdd68bdd7c5"",""b9ac296e-4c6c-5cdc-9e03-14868c124af2"",""022ddff9-4332-5ba5-b884-42537f220a0c"",""0d262496-18e1-5973-84a6-84fbda64d0ff"",""447860c8-1d56-518b-88ad-7e103990b756"",""616ecfda-7163-5a8d-ba60-01f623d8b124"",""656bacfc-b102-5379-8db2-2f9f127621e0"",""88f2e658-6155-5924-bc85-63fe2aabb08a"",""9f032fb3-90ca-5749-aff5-1065077ac10e"",""4d2e4005-a84b-525b-a492-d367c5e405d0"",""12b20e20-e117-5c00-83bc-e589b92b730e"",""e97a5398-37b9-5e89-91a9-9b3ae48d9534"",""7a8f92c5-5f85-593a-bf90-08e13c60a2e6"",""aa66f5e3-ac0e-57d6-9b69-aa54ea7c4fb9"",""d07b7490-853e-562b-b662-305e89e7718d"",""596c0800-372d-5056-8a35-9f8661656bf4"",""d08816e6-d4d6-5f35-9de3-d86528fa7a96"",""2e126757-f17e-5ee2-93db-94d31ed944b2"",""5e1af4e2-330f-563f-b639-2d3cd8d276c8"",""49cd1889-2a56-5913-8723-929335f68874"",""82b898ba-3b6d-567f-8996-4f259b74547e"",""d38eb7d2-e78b-5c2f-93e4-2e34846e80e6"",""33effc64-dcfe-5ced-badf-c4df49f68dc1"",""a3a03b99-34c0-504b-b529-32b798db318a"",""8b3ec7b0-123f-5597-95f7-1fafc5810d01"",""035c5442-19b8-5a84-8a59-b352a9660279"",""d6d45010-72fa-5741-b733-88958a8795d2"",""ab8215e5-b753-5a6a-a4e7-ad9caf42eeac"",""1b20061c-b208-551a-b06c-81ffeff623fc"",""9b6d0913-2ae6-5dab-ab36-d05e1c51b208"",""a27c1fb2-edc1-57e6-9d74-adb5a13fed3b"",""4696448b-8c21-591b-80cc-7344ea0b95ec"",""c1d75a33-928c-5636-b99c-def1fb29e0f5"",""61eebfb6-2555-5bce-ba71-7a750427392a"",""aba074a1-d451-595d-bc12-e257adbe7383"",""1ca34094-ee4d-5962-a78a-174d361a9cd3"",""7edb0577-da07-5c6f-8391-bb90e9822165"",""d7c5d484-54dc-5d1e-a3ac-65d60267a12c"",""f416cc8b-3bc2-5c4c-a91c-c56faf748684""]","[""39484025-ac8d-4c17-9e21-5b21c807e65f"",""4c61904d-e234-4a7b-8c36-23dd4feec8e1""]",,,M6-evaluator-v1,observed,oracle,"{""sentinel.txt"":{""sha256"":""cc809b73990c3ed04b989c020da6c36cfbefaff047c338817e10d2d086d9ec29"",""size"":28}}",text,UP-R6-01-S01-FILES,independent public-contract comparison,M6-ASSERTION-a5bfbe46-388c-4e9a-a921-034c9f13e1a3,,,,,,,,,2026-10-07T20:36:36.883897Z,,"{""sentinel.txt"":{""sha256"":""cc809b73990c3ed04b989c020da6c36cfbefaff047c338817e10d2d086d9ec29"",""size"":28},""seq-one.png"":{""sha256"":""5152b4f262397512ec8d1d6f076c509a6052674e3814a0c78fb7bf368b4d5b62"",""size"":73}}",,2d9849af-4973-4fd8-a822-d8a60e17e5f5,152b25b9-bb07-41bf-8f9e-f42d34225d3b,39484025-ac8d-4c17-9e21-5b21c807e65f,,60605ff8-abff-4d46-a4eb-1c83d0ec943d,,,,R6,4c61904d-e234-4a7b-8c36-23dd4feec8e1,,,,,,,1,failed,UP-R6-01,,,,,,,4696448b-8c21-591b-80cc-7344ea0b95ec,2bb545ed-5357-4270-9f47-acdedbeafbb5,evidence observations; interpretation separate
M7-analysis-v5,c370c0a9ade6f3957aacd26a4ebc6af15cf43f82e4504b883b5bc1c985794671,R6,dbb63e68d4ed9e904fa985aa5b88d674205b6caab086a8d981ac8918a9c68fb5,"[""4afc763c-033e-501c-9c9c-453207d31e62"",""1fed9611-d0cc-51e5-86e7-4ba237c836a2"",""0e4d4039-5409-5be7-a300-ded85e9c22d7"",""1c4afc6f-6679-57b7-ab6b-cec3053e85a1"",""76216ff6-0dab-5f43-913f-741c2deb7596"",""fe7c5fea-171a-5d3e-b93c-b9d53dca7c67"",""784c942d-b222-5013-a2e4-de4aa477a143"",""2f2d84f4-6f41-5df7-a828-cc0a3d9cdddf"",""c68f6332-f200-5595-940d-e5bcad78f1fe"",""54c3aba8-cb42-5023-9591-5cdd68bdd7c5"",""b9ac296e-4c6c-5cdc-9e03-14868c124af2"",""022ddff9-4332-5ba5-b884-42537f220a0c"",""0d262496-18e1-5973-84a6-84fbda64d0ff"",""447860c8-1d56-518b-88ad-7e103990b756"",""616ecfda-7163-5a8d-ba60-01f623d8b124"",""656bacfc-b102-5379-8db2-2f9f127621e0"",""88f2e658-6155-5924-bc85-63fe2aabb08a"",""9f032fb3-90ca-5749-aff5-1065077ac10e"",""4d2e4005-a84b-525b-a492-d367c5e405d0"",""12b20e20-e117-5c00-83bc-e589b92b730e"",""e97a5398-37b9-5e89-91a9-9b3ae48d9534"",""7a8f92c5-5f85-593a-bf90-08e13c60a2e6"",""aa66f5e3-ac0e-57d6-9b69-aa54ea7c4fb9"",""d07b7490-853e-562b-b662-305e89e7718d"",""596c0800-372d-5056-8a35-9f8661656bf4"",""d08816e6-d4d6-5f35-9de3-d86528fa7a96"",""2e126757-f17e-5ee2-93db-94d31ed944b2"",""5e1af4e2-330f-563f-b639-2d3cd8d276c8"",""49cd1889-2a56-5913-8723-929335f68874"",""82b898ba-3b6d-567f-8996-4f259b74547e"",""d38eb7d2-e78b-5c2f-93e4-2e34846e80e6"",""33effc64-dcfe-5ced-badf-c4df49f68dc1"",""a3a03b99-34c0-504b-b529-32b798db318a"",""8b3ec7b0-123f-5597-95f7-1fafc5810d01"",""035c5442-19b8-5a84-8a59-b352a9660279"",""d6d45010-72fa-5741-b733-88958a8795d2"",""ab8215e5-b753-5a6a-a4e7-ad9caf42eeac"",""1b20061c-b208-551a-b06c-81ffeff623fc"",""9b6d0913-2ae6-5dab-ab36-d05e1c51b208"",""a27c1fb2-edc1-57e6-9d74-adb5a13fed3b"",""4696448b-8c21-591b-80cc-7344ea0b95ec"",""c1d75a33-928c-5636-b99c-def1fb29e0f5"",""61eebfb6-2555-5bce-ba71-7a750427392a"",""aba074a1-d451-595d-bc12-e257adbe7383"",""1ca34094-ee4d-5962-a78a-174d361a9cd3"",""7edb0577-da07-5c6f-8391-bb90e9822165"",""d7c5d484-54dc-5d1e-a3ac-65d60267a12c"",""f416cc8b-3bc2-5c4c-a91c-c56faf748684""]","[""39484025-ac8d-4c17-9e21-5b21c807e65f"",""ee939791-1aee-429d-b795-67e5dfb13663""]",,,M6-evaluator-v1,observed,oracle,500,text,UP-R6-01-S02-HTTP,independent public-contract comparison,M6-ASSERTION-9c573302-c1cd-4413-87b2-2d5f005f22ed,,,,,,,,,2026-10-07T20:36:36.884290Z,,200,,2d9849af-4973-4fd8-a822-d8a60e17e5f5,f97aa6f2-0195-46bf-bcdb-665fa38536eb,39484025-ac8d-4c17-9e21-5b21c807e65f,,60605ff8-abff-4d46-a4eb-1c83d0ec943d,,,,R6,ee939791-1aee-429d-b795-67e5dfb13663,,,,,,,1,failed,UP-R6-01,,,,,,,4696448b-8c21-591b-80cc-7344ea0b95ec,2bb545ed-5357-4270-9f47-acdedbeafbb5,evidence observations; interpretation separate
M7-analysis-v5,c370c0a9ade6f3957aacd26a4ebc6af15cf43f82e4504b883b5bc1c985794671,R6,dbb63e68d4ed9e904fa985aa5b88d674205b6caab086a8d981ac8918a9c68fb5,"[""4afc763c-033e-501c-9c9c-453207d31e62"",""1fed9611-d0cc-51e5-86e7-4ba237c836a2"",""0e4d4039-5409-5be7-a300-ded85e9c22d7"",""1c4afc6f-6679-57b7-ab6b-cec3053e85a1"",""76216ff6-0dab-5f43-913f-741c2deb7596"",""fe7c5fea-171a-5d3e-b93c-b9d53dca7c67"",""784c942d-b222-5013-a2e4-de4aa477a143"",""2f2d84f4-6f41-5df7-a828-cc0a3d9cdddf"",""c68f6332-f200-5595-940d-e5bcad78f1fe"",""54c3aba8-cb42-5023-9591-5cdd68bdd7c5"",""b9ac296e-4c6c-5cdc-9e03-14868c124af2"",""022ddff9-4332-5ba5-b884-42537f220a0c"",""0d262496-18e1-5973-84a6-84fbda64d0ff"",""447860c8-1d56-518b-88ad-7e103990b756"",""616ecfda-7163-5a8d-ba60-01f623d8b124"",""656bacfc-b102-5379-8db2-2f9f127621e0"",""88f2e658-6155-5924-bc85-63fe2aabb08a"",""9f032fb3-90ca-5749-aff5-1065077ac10e"",""4d2e4005-a84b-525b-a492-d367c5e405d0"",""12b20e20-e117-5c00-83bc-e589b92b730e"",""e97a5398-37b9-5e89-91a9-9b3ae48d9534"",""7a8f92c5-5f85-593a-bf90-08e13c60a2e6"",""aa66f5e3-ac0e-57d6-9b69-aa54ea7c4fb9"",""d07b7490-853e-562b-b662-305e89e7718d"",""596c0800-372d-5056-8a35-9f8661656bf4"",""d08816e6-d4d6-5f35-9de3-d86528fa7a96"",""2e126757-f17e-5ee2-93db-94d31ed944b2"",""5e1af4e2-330f-563f-b639-2d3cd8d276c8"",""49cd1889-2a56-5913-8723-929335f68874"",""82b898ba-3b6d-567f-8996-4f259b74547e"",""d38eb7d2-e78b-5c2f-93e4-2e34846e80e6"",""33effc64-dcfe-5ced-badf-c4df49f68dc1"",""a3a03b99-34c0-504b-b529-32b798db318a"",""8b3ec7b0-123f-5597-95f7-1fafc5810d01"",""035c5442-19b8-5a84-8a59-b352a9660279"",""d6d45010-72fa-5741-b733-88958a8795d2"",""ab8215e5-b753-5a6a-a4e7-ad9caf42eeac"",""1b20061c-b208-551a-b06c-81ffeff623fc"",""9b6d0913-2ae6-5dab-ab36-d05e1c51b208"",""a27c1fb2-edc1-57e6-9d74-adb5a13fed3b"",""4696448b-8c21-591b-80cc-7344ea0b95ec"",""c1d75a33-928c-5636-b99c-def1fb29e0f5"",""61eebfb6-2555-5bce-ba71-7a750427392a"",""aba074a1-d451-595d-bc12-e257adbe7383"",""1ca34094-ee4d-5962-a78a-174d361a9cd3"",""7edb0577-da07-5c6f-8391-bb90e9822165"",""d7c5d484-54dc-5d1e-a3ac-65d60267a12c"",""f416cc8b-3bc2-5c4c-a91c-c56faf748684""]","[""39484025-ac8d-4c17-9e21-5b21c807e65f"",""ee939791-1aee-429d-b795-67e5dfb13663""]",,,M6-evaluator-v1,observed,oracle,"{""avatars"":[],""data"":{},""marker"":""UPLOAD_ERROR"",""region_count"":1}",text,UP-R6-01-S02-RESULT,independent public-contract comparison,M6-ASSERTION-62955b4b-cd1c-465f-955d-df5c20832ffa,,,,,,,,,2026-10-07T20:36:36.885422Z,,"{""avatars"":[],""data"":{""path"":""study/uploads/seq-two.jpeg""},""marker"":""SUCCESS"",""region_count"":1}",,2d9849af-4973-4fd8-a822-d8a60e17e5f5,06369482-6dce-43fb-8d71-7c728e2dd264,39484025-ac8d-4c17-9e21-5b21c807e65f,,60605ff8-abff-4d46-a4eb-1c83d0ec943d,,,,R6,ee939791-1aee-429d-b795-67e5dfb13663,,,,,,,1,failed,UP-R6-01,,,,,,,4696448b-8c21-591b-80cc-7344ea0b95ec,2bb545ed-5357-4270-9f47-acdedbeafbb5,evidence observations; interpretation separate
M7-analysis-v5,c370c0a9ade6f3957aacd26a4ebc6af15cf43f82e4504b883b5bc1c985794671,R6,dbb63e68d4ed9e904fa985aa5b88d674205b6caab086a8d981ac8918a9c68fb5,"[""4afc763c-033e-501c-9c9c-453207d31e62"",""1fed9611-d0cc-51e5-86e7-4ba237c836a2"",""0e4d4039-5409-5be7-a300-ded85e9c22d7"",""1c4afc6f-6679-57b7-ab6b-cec3053e85a1"",""76216ff6-0dab-5f43-913f-741c2deb7596"",""fe7c5fea-171a-5d3e-b93c-b9d53dca7c67"",""784c942d-b222-5013-a2e4-de4aa477a143"",""2f2d84f4-6f41-5df7-a828-cc0a3d9cdddf"",""c68f6332-f200-5595-940d-e5bcad78f1fe"",""54c3aba8-cb42-5023-9591-5cdd68bdd7c5"",""b9ac296e-4c6c-5cdc-9e03-14868c124af2"",""022ddff9-4332-5ba5-b884-42537f220a0c"",""0d262496-18e1-5973-84a6-84fbda64d0ff"",""447860c8-1d56-518b-88ad-7e103990b756"",""616ecfda-7163-5a8d-ba60-01f623d8b124"",""656bacfc-b102-5379-8db2-2f9f127621e0"",""88f2e658-6155-5924-bc85-63fe2aabb08a"",""9f032fb3-90ca-5749-aff5-1065077ac10e"",""4d2e4005-a84b-525b-a492-d367c5e405d0"",""12b20e20-e117-5c00-83bc-e589b92b730e"",""e97a5398-37b9-5e89-91a9-9b3ae48d9534"",""7a8f92c5-5f85-593a-bf90-08e13c60a2e6"",""aa66f5e3-ac0e-57d6-9b69-aa54ea7c4fb9"",""d07b7490-853e-562b-b662-305e89e7718d"",""596c0800-372d-5056-8a35-9f8661656bf4"",""d08816e6-d4d6-5f35-9de3-d86528fa7a96"",""2e126757-f17e-5ee2-93db-94d31ed944b2"",""5e1af4e2-330f-563f-b639-2d3cd8d276c8"",""49cd1889-2a56-5913-8723-929335f68874"",""82b898ba-3b6d-567f-8996-4f259b74547e"",""d38eb7d2-e78b-5c2f-93e4-2e34846e80e6"",""33effc64-dcfe-5ced-badf-c4df49f68dc1"",""a3a03b99-34c0-504b-b529-32b798db318a"",""8b3ec7b0-123f-5597-95f7-1fafc5810d01"",""035c5442-19b8-5a84-8a59-b352a9660279"",""d6d45010-72fa-5741-b733-88958a8795d2"",""ab8215e5-b753-5a6a-a4e7-ad9caf42eeac"",""1b20061c-b208-551a-b06c-81ffeff623fc"",""9b6d0913-2ae6-5dab-ab36-d05e1c51b208"",""a27c1fb2-edc1-57e6-9d74-adb5a13fed3b"",""4696448b-8c21-591b-80cc-7344ea0b95ec"",""c1d75a33-928c-5636-b99c-def1fb29e0f5"",""61eebfb6-2555-5bce-ba71-7a750427392a"",""aba074a1-d451-595d-bc12-e257adbe7383"",""1ca34094-ee4d-5962-a78a-174d361a9cd3"",""7edb0577-da07-5c6f-8391-bb90e9822165"",""d7c5d484-54dc-5d1e-a3ac-65d60267a12c"",""f416cc8b-3bc2-5c4c-a91c-c56faf748684""]","[""39484025-ac8d-4c17-9e21-5b21c807e65f"",""ee939791-1aee-429d-b795-67e5dfb13663""]",,,M6-evaluator-v1,observed,oracle,"{""sentinel.txt"":{""sha256"":""cc809b73990c3ed04b989c020da6c36cfbefaff047c338817e10d2d086d9ec29"",""size"":28}}",text,UP-R6-01-S02-FILES,independent public-contract comparison,M6-ASSERTION-cf2b84fb-dc9c-44c8-8376-3397738a6863,,,,,,,,,2026-10-07T20:36:36.886431Z,,"{""sentinel.txt"":{""sha256"":""cc809b73990c3ed04b989c020da6c36cfbefaff047c338817e10d2d086d9ec29"",""size"":28},""seq-one.png"":{""sha256"":""5152b4f262397512ec8d1d6f076c509a6052674e3814a0c78fb7bf368b4d5b62"",""size"":73},""seq-two.jpeg"":{""sha256"":""bfd0fb4d7039a1716a766f83be930226c9d8649aa4deeb926013cbe24dd53888"",""size"":777}}",,2d9849af-4973-4fd8-a822-d8a60e17e5f5,5583b76d-ed7c-4170-a3f8-b2354daa8151,39484025-ac8d-4c17-9e21-5b21c807e65f,,60605ff8-abff-4d46-a4eb-1c83d0ec943d,,,,R6,ee939791-1aee-429d-b795-67e5dfb13663,,,,,,,1,failed,UP-R6-01,,,,,,,4696448b-8c21-591b-80cc-7344ea0b95ec,2bb545ed-5357-4270-9f47-acdedbeafbb5,evidence observations; interpretation separate
M7-analysis-v5,ccba2ef5b0e0aacecff5dc4dda7a2f2396b2db7fbe4467b206a640c006dec3b1,R2,dbb63e68d4ed9e904fa985aa5b88d674205b6caab086a8d981ac8918a9c68fb5,"[""4afc763c-033e-501c-9c9c-453207d31e62"",""1fed9611-d0cc-51e5-86e7-4ba237c836a2"",""0e4d4039-5409-5be7-a300-ded85e9c22d7"",""1c4afc6f-6679-57b7-ab6b-cec3053e85a1"",""76216ff6-0dab-5f43-913f-741c2deb7596"",""fe7c5fea-171a-5d3e-b93c-b9d53dca7c67"",""784c942d-b222-5013-a2e4-de4aa477a143"",""2f2d84f4-6f41-5df7-a828-cc0a3d9cdddf"",""c68f6332-f200-5595-940d-e5bcad78f1fe"",""54c3aba8-cb42-5023-9591-5cdd68bdd7c5"",""b9ac296e-4c6c-5cdc-9e03-14868c124af2"",""022ddff9-4332-5ba5-b884-42537f220a0c"",""0d262496-18e1-5973-84a6-84fbda64d0ff"",""447860c8-1d56-518b-88ad-7e103990b756"",""616ecfda-7163-5a8d-ba60-01f623d8b124"",""656bacfc-b102-5379-8db2-2f9f127621e0"",""88f2e658-6155-5924-bc85-63fe2aabb08a"",""9f032fb3-90ca-5749-aff5-1065077ac10e"",""4d2e4005-a84b-525b-a492-d367c5e405d0"",""12b20e20-e117-5c00-83bc-e589b92b730e"",""e97a5398-37b9-5e89-91a9-9b3ae48d9534"",""7a8f92c5-5f85-593a-bf90-08e13c60a2e6"",""aa66f5e3-ac0e-57d6-9b69-aa54ea7c4fb9"",""d07b7490-853e-562b-b662-305e89e7718d"",""596c0800-372d-5056-8a35-9f8661656bf4"",""d08816e6-d4d6-5f35-9de3-d86528fa7a96"",""2e126757-f17e-5ee2-93db-94d31ed944b2"",""5e1af4e2-330f-563f-b639-2d3cd8d276c8"",""49cd1889-2a56-5913-8723-929335f68874"",""82b898ba-3b6d-567f-8996-4f259b74547e"",""d38eb7d2-e78b-5c2f-93e4-2e34846e80e6"",""33effc64-dcfe-5ced-badf-c4df49f68dc1"",""a3a03b99-34c0-504b-b529-32b798db318a"",""8b3ec7b0-123f-5597-95f7-1fafc5810d01"",""035c5442-19b8-5a84-8a59-b352a9660279"",""d6d45010-72fa-5741-b733-88958a8795d2"",""ab8215e5-b753-5a6a-a4e7-ad9caf42eeac"",""1b20061c-b208-551a-b06c-81ffeff623fc"",""9b6d0913-2ae6-5dab-ab36-d05e1c51b208"",""a27c1fb2-edc1-57e6-9d74-adb5a13fed3b"",""4696448b-8c21-591b-80cc-7344ea0b95ec"",""c1d75a33-928c-5636-b99c-def1fb29e0f5"",""61eebfb6-2555-5bce-ba71-7a750427392a"",""aba074a1-d451-595d-bc12-e257adbe7383"",""1ca34094-ee4d-5962-a78a-174d361a9cd3"",""7edb0577-da07-5c6f-8391-bb90e9822165"",""d7c5d484-54dc-5d1e-a3ac-65d60267a12c"",""f416cc8b-3bc2-5c4c-a91c-c56faf748684""]","[""d2a91bc7-387a-4d37-8a90-c39d716f8055"",""2f1f4056-3b98-4c0f-bf46-4f969deb3681""]",,,M6-evaluator-v1,observed,oracle,422,text,UP-R2-02-S01-HTTP,independent public-contract comparison,M6-ASSERTION-7bf44d0b-84dd-4755-93d2-0d1f0e4ef176,,,,,,,,,2026-10-07T03:08:01.113754Z,,200,,2d9849af-4973-4fd8-a822-d8a60e17e5f5,f9f2cf6c-6df6-4ad0-93a5-a5939407727d,d2a91bc7-387a-4d37-8a90-c39d716f8055,,0f0b9805-fc25-4bf7-aa89-f41feb44c3f4,,,,R2,2f1f4056-3b98-4c0f-bf46-4f969deb3681,,,,,,,1,failed,UP-R2-02,,,,,,,c68f6332-f200-5595-940d-e5bcad78f1fe,7cd402ff-ad21-43c9-af63-6dd50d569082,evidence observations; interpretation separate
M7-analysis-v5,ccba2ef5b0e0aacecff5dc4dda7a2f2396b2db7fbe4467b206a640c006dec3b1,R2,dbb63e68d4ed9e904fa985aa5b88d674205b6caab086a8d981ac8918a9c68fb5,"[""4afc763c-033e-501c-9c9c-453207d31e62"",""1fed9611-d0cc-51e5-86e7-4ba237c836a2"",""0e4d4039-5409-5be7-a300-ded85e9c22d7"",""1c4afc6f-6679-57b7-ab6b-cec3053e85a1"",""76216ff6-0dab-5f43-913f-741c2deb7596"",""fe7c5fea-171a-5d3e-b93c-b9d53dca7c67"",""784c942d-b222-5013-a2e4-de4aa477a143"",""2f2d84f4-6f41-5df7-a828-cc0a3d9cdddf"",""c68f6332-f200-5595-940d-e5bcad78f1fe"",""54c3aba8-cb42-5023-9591-5cdd68bdd7c5"",""b9ac296e-4c6c-5cdc-9e03-14868c124af2"",""022ddff9-4332-5ba5-b884-42537f220a0c"",""0d262496-18e1-5973-84a6-84fbda64d0ff"",""447860c8-1d56-518b-88ad-7e103990b756"",""616ecfda-7163-5a8d-ba60-01f623d8b124"",""656bacfc-b102-5379-8db2-2f9f127621e0"",""88f2e658-6155-5924-bc85-63fe2aabb08a"",""9f032fb3-90ca-5749-aff5-1065077ac10e"",""4d2e4005-a84b-525b-a492-d367c5e405d0"",""12b20e20-e117-5c00-83bc-e589b92b730e"",""e97a5398-37b9-5e89-91a9-9b3ae48d9534"",""7a8f92c5-5f85-593a-bf90-08e13c60a2e6"",""aa66f5e3-ac0e-57d6-9b69-aa54ea7c4fb9"",""d07b7490-853e-562b-b662-305e89e7718d"",""596c0800-372d-5056-8a35-9f8661656bf4"",""d08816e6-d4d6-5f35-9de3-d86528fa7a96"",""2e126757-f17e-5ee2-93db-94d31ed944b2"",""5e1af4e2-330f-563f-b639-2d3cd8d276c8"",""49cd1889-2a56-5913-8723-929335f68874"",""82b898ba-3b6d-567f-8996-4f259b74547e"",""d38eb7d2-e78b-5c2f-93e4-2e34846e80e6"",""33effc64-dcfe-5ced-badf-c4df49f68dc1"",""a3a03b99-34c0-504b-b529-32b798db318a"",""8b3ec7b0-123f-5597-95f7-1fafc5810d01"",""035c5442-19b8-5a84-8a59-b352a9660279"",""d6d45010-72fa-5741-b733-88958a8795d2"",""ab8215e5-b753-5a6a-a4e7-ad9caf42eeac"",""1b20061c-b208-551a-b06c-81ffeff623fc"",""9b6d0913-2ae6-5dab-ab36-d05e1c51b208"",""a27c1fb2-edc1-57e6-9d74-adb5a13fed3b"",""4696448b-8c21-591b-80cc-7344ea0b95ec"",""c1d75a33-928c-5636-b99c-def1fb29e0f5"",""61eebfb6-2555-5bce-ba71-7a750427392a"",""aba074a1-d451-595d-bc12-e257adbe7383"",""1ca34094-ee4d-5962-a78a-174d361a9cd3"",""7edb0577-da07-5c6f-8391-bb90e9822165"",""d7c5d484-54dc-5d1e-a3ac-65d60267a12c"",""f416cc8b-3bc2-5c4c-a91c-c56faf748684""]","[""d2a91bc7-387a-4d37-8a90-c39d716f8055"",""2f1f4056-3b98-4c0f-bf46-4f969deb3681""]",,,M6-evaluator-v1,observed,oracle,"{""avatars"":[],""data"":{},""marker"":""INPUT_ERROR"",""region_count"":1}",text,UP-R2-02-S01-RESULT,independent public-contract comparison,M6-ASSERTION-8f0661dc-e3a2-4ec8-b893-44d2f0870db9,,,,,,,,,2026-10-07T03:08:01.114104Z,,"{""avatars"":[],""data"":{""path"":""study/uploads/blue.jpg""},""marker"":""SUCCESS"",""region_count"":1}",,2d9849af-4973-4fd8-a822-d8a60e17e5f5,afe0a026-534a-4d5b-b7ea-7feaac5608b1,d2a91bc7-387a-4d37-8a90-c39d716f8055,,0f0b9805-fc25-4bf7-aa89-f41feb44c3f4,,,,R2,2f1f4056-3b98-4c0f-bf46-4f969deb3681,,,,,,,1,failed,UP-R2-02,,,,,,,c68f6332-f200-5595-940d-e5bcad78f1fe,7cd402ff-ad21-43c9-af63-6dd50d569082,evidence observations; interpretation separate
M7-analysis-v5,ccba2ef5b0e0aacecff5dc4dda7a2f2396b2db7fbe4467b206a640c006dec3b1,R2,dbb63e68d4ed9e904fa985aa5b88d674205b6caab086a8d981ac8918a9c68fb5,"[""4afc763c-033e-501c-9c9c-453207d31e62"",""1fed9611-d0cc-51e5-86e7-4ba237c836a2"",""0e4d4039-5409-5be7-a300-ded85e9c22d7"",""1c4afc6f-6679-57b7-ab6b-cec3053e85a1"",""76216ff6-0dab-5f43-913f-741c2deb7596"",""fe7c5fea-171a-5d3e-b93c-b9d53dca7c67"",""784c942d-b222-5013-a2e4-de4aa477a143"",""2f2d84f4-6f41-5df7-a828-cc0a3d9cdddf"",""c68f6332-f200-5595-940d-e5bcad78f1fe"",""54c3aba8-cb42-5023-9591-5cdd68bdd7c5"",""b9ac296e-4c6c-5cdc-9e03-14868c124af2"",""022ddff9-4332-5ba5-b884-42537f220a0c"",""0d262496-18e1-5973-84a6-84fbda64d0ff"",""447860c8-1d56-518b-88ad-7e103990b756"",""616ecfda-7163-5a8d-ba60-01f623d8b124"",""656bacfc-b102-5379-8db2-2f9f127621e0"",""88f2e658-6155-5924-bc85-63fe2aabb08a"",""9f032fb3-90ca-5749-aff5-1065077ac10e"",""4d2e4005-a84b-525b-a492-d367c5e405d0"",""12b20e20-e117-5c00-83bc-e589b92b730e"",""e97a5398-37b9-5e89-91a9-9b3ae48d9534"",""7a8f92c5-5f85-593a-bf90-08e13c60a2e6"",""aa66f5e3-ac0e-57d6-9b69-aa54ea7c4fb9"",""d07b7490-853e-562b-b662-305e89e7718d"",""596c0800-372d-5056-8a35-9f8661656bf4"",""d08816e6-d4d6-5f35-9de3-d86528fa7a96"",""2e126757-f17e-5ee2-93db-94d31ed944b2"",""5e1af4e2-330f-563f-b639-2d3cd8d276c8"",""49cd1889-2a56-5913-8723-929335f68874"",""82b898ba-3b6d-567f-8996-4f259b74547e"",""d38eb7d2-e78b-5c2f-93e4-2e34846e80e6"",""33effc64-dcfe-5ced-badf-c4df49f68dc1"",""a3a03b99-34c0-504b-b529-32b798db318a"",""8b3ec7b0-123f-5597-95f7-1fafc5810d01"",""035c5442-19b8-5a84-8a59-b352a9660279"",""d6d45010-72fa-5741-b733-88958a8795d2"",""ab8215e5-b753-5a6a-a4e7-ad9caf42eeac"",""1b20061c-b208-551a-b06c-81ffeff623fc"",""9b6d0913-2ae6-5dab-ab36-d05e1c51b208"",""a27c1fb2-edc1-57e6-9d74-adb5a13fed3b"",""4696448b-8c21-591b-80cc-7344ea0b95ec"",""c1d75a33-928c-5636-b99c-def1fb29e0f5"",""61eebfb6-2555-5bce-ba71-7a750427392a"",""aba074a1-d451-595d-bc12-e257adbe7383"",""1ca34094-ee4d-5962-a78a-174d361a9cd3"",""7edb0577-da07-5c6f-8391-bb90e9822165"",""d7c5d484-54dc-5d1e-a3ac-65d60267a12c"",""f416cc8b-3bc2-5c4c-a91c-c56faf748684""]","[""d2a91bc7-387a-4d37-8a90-c39d716f8055"",""2f1f4056-3b98-4c0f-bf46-4f969deb3681""]",,,M6-evaluator-v1,observed,oracle,"{""sentinel.txt"":{""sha256"":""cc809b73990c3ed04b989c020da6c36cfbefaff047c338817e10d2d086d9ec29"",""size"":28}}",text,UP-R2-02-S01-FILES,independent public-contract comparison,M6-ASSERTION-be98af97-8b92-492b-b0ab-4dfa6532267b,,,,,,,,,2026-10-07T03:08:01.114940Z,,"{""blue.jpg"":{""sha256"":""bfd0fb4d7039a1716a766f83be930226c9d8649aa4deeb926013cbe24dd53888"",""size"":777},""sentinel.txt"":{""sha256"":""cc809b73990c3ed04b989c020da6c36cfbefaff047c338817e10d2d086d9ec29"",""size"":28}}",,2d9849af-4973-4fd8-a822-d8a60e17e5f5,a1f6fc97-561e-4944-acd3-49eaefa366fe,d2a91bc7-387a-4d37-8a90-c39d716f8055,,0f0b9805-fc25-4bf7-aa89-f41feb44c3f4,,,,R2,2f1f4056-3b98-4c0f-bf46-4f969deb3681,,,,,,,1,failed,UP-R2-02,,,,,,,c68f6332-f200-5595-940d-e5bcad78f1fe,7cd402ff-ad21-43c9-af63-6dd50d569082,evidence observations; interpretation separate
M7-analysis-v5,ccba2ef5b0e0aacecff5dc4dda7a2f2396b2db7fbe4467b206a640c006dec3b1,R2,dbb63e68d4ed9e904fa985aa5b88d674205b6caab086a8d981ac8918a9c68fb5,"[""4afc763c-033e-501c-9c9c-453207d31e62"",""1fed9611-d0cc-51e5-86e7-4ba237c836a2"",""0e4d4039-5409-5be7-a300-ded85e9c22d7"",""1c4afc6f-6679-57b7-ab6b-cec3053e85a1"",""76216ff6-0dab-5f43-913f-741c2deb7596"",""fe7c5fea-171a-5d3e-b93c-b9d53dca7c67"",""784c942d-b222-5013-a2e4-de4aa477a143"",""2f2d84f4-6f41-5df7-a828-cc0a3d9cdddf"",""c68f6332-f200-5595-940d-e5bcad78f1fe"",""54c3aba8-cb42-5023-9591-5cdd68bdd7c5"",""b9ac296e-4c6c-5cdc-9e03-14868c124af2"",""022ddff9-4332-5ba5-b884-42537f220a0c"",""0d262496-18e1-5973-84a6-84fbda64d0ff"",""447860c8-1d56-518b-88ad-7e103990b756"",""616ecfda-7163-5a8d-ba60-01f623d8b124"",""656bacfc-b102-5379-8db2-2f9f127621e0"",""88f2e658-6155-5924-bc85-63fe2aabb08a"",""9f032fb3-90ca-5749-aff5-1065077ac10e"",""4d2e4005-a84b-525b-a492-d367c5e405d0"",""12b20e20-e117-5c00-83bc-e589b92b730e"",""e97a5398-37b9-5e89-91a9-9b3ae48d9534"",""7a8f92c5-5f85-593a-bf90-08e13c60a2e6"",""aa66f5e3-ac0e-57d6-9b69-aa54ea7c4fb9"",""d07b7490-853e-562b-b662-305e89e7718d"",""596c0800-372d-5056-8a35-9f8661656bf4"",""d08816e6-d4d6-5f35-9de3-d86528fa7a96"",""2e126757-f17e-5ee2-93db-94d31ed944b2"",""5e1af4e2-330f-563f-b639-2d3cd8d276c8"",""49cd1889-2a56-5913-8723-929335f68874"",""82b898ba-3b6d-567f-8996-4f259b74547e"",""d38eb7d2-e78b-5c2f-93e4-2e34846e80e6"",""33effc64-dcfe-5ced-badf-c4df49f68dc1"",""a3a03b99-34c0-504b-b529-32b798db318a"",""8b3ec7b0-123f-5597-95f7-1fafc5810d01"",""035c5442-19b8-5a84-8a59-b352a9660279"",""d6d45010-72fa-5741-b733-88958a8795d2"",""ab8215e5-b753-5a6a-a4e7-ad9caf42eeac"",""1b20061c-b208-551a-b06c-81ffeff623fc"",""9b6d0913-2ae6-5dab-ab36-d05e1c51b208"",""a27c1fb2-edc1-57e6-9d74-adb5a13fed3b"",""4696448b-8c21-591b-80cc-7344ea0b95ec"",""c1d75a33-928c-5636-b99c-def1fb29e0f5"",""61eebfb6-2555-5bce-ba71-7a750427392a"",""aba074a1-d451-595d-bc12-e257adbe7383"",""1ca34094-ee4d-5962-a78a-174d361a9cd3"",""7edb0577-da07-5c6f-8391-bb90e9822165"",""d7c5d484-54dc-5d1e-a3ac-65d60267a12c"",""f416cc8b-3bc2-5c4c-a91c-c56faf748684""]","[""e685dcfd-d311-4f41-8bd1-cd10c8881a5e"",""961b71c7-7a15-41a1-ba19-3e12f421fbb9""]",,,M6-evaluator-v1,observed,oracle,422,text,UP-R2-01-S01-HTTP,independent public-contract comparison,M6-ASSERTION-ff8b2ed4-b2c6-49e5-8897-fbbf428fdefa,,,,,,,,,2026-10-07T03:08:01.112147Z,,200,,2d9849af-4973-4fd8-a822-d8a60e17e5f5,ae801feb-e9e0-4e12-b45d-bf8a38b38c45,e685dcfd-d311-4f41-8bd1-cd10c8881a5e,,0f0b9805-fc25-4bf7-aa89-f41feb44c3f4,,,,R2,961b71c7-7a15-41a1-ba19-3e12f421fbb9,,,,,,,1,failed,UP-R2-01,,,,,,,c68f6332-f200-5595-940d-e5bcad78f1fe,7cd402ff-ad21-43c9-af63-6dd50d569082,evidence observations; interpretation separate
M7-analysis-v5,ccba2ef5b0e0aacecff5dc4dda7a2f2396b2db7fbe4467b206a640c006dec3b1,R2,dbb63e68d4ed9e904fa985aa5b88d674205b6caab086a8d981ac8918a9c68fb5,"[""4afc763c-033e-501c-9c9c-453207d31e62"",""1fed9611-d0cc-51e5-86e7-4ba237c836a2"",""0e4d4039-5409-5be7-a300-ded85e9c22d7"",""1c4afc6f-6679-57b7-ab6b-cec3053e85a1"",""76216ff6-0dab-5f43-913f-741c2deb7596"",""fe7c5fea-171a-5d3e-b93c-b9d53dca7c67"",""784c942d-b222-5013-a2e4-de4aa477a143"",""2f2d84f4-6f41-5df7-a828-cc0a3d9cdddf"",""c68f6332-f200-5595-940d-e5bcad78f1fe"",""54c3aba8-cb42-5023-9591-5cdd68bdd7c5"",""b9ac296e-4c6c-5cdc-9e03-14868c124af2"",""022ddff9-4332-5ba5-b884-42537f220a0c"",""0d262496-18e1-5973-84a6-84fbda64d0ff"",""447860c8-1d56-518b-88ad-7e103990b756"",""616ecfda-7163-5a8d-ba60-01f623d8b124"",""656bacfc-b102-5379-8db2-2f9f127621e0"",""88f2e658-6155-5924-bc85-63fe2aabb08a"",""9f032fb3-90ca-5749-aff5-1065077ac10e"",""4d2e4005-a84b-525b-a492-d367c5e405d0"",""12b20e20-e117-5c00-83bc-e589b92b730e"",""e97a5398-37b9-5e89-91a9-9b3ae48d9534"",""7a8f92c5-5f85-593a-bf90-08e13c60a2e6"",""aa66f5e3-ac0e-57d6-9b69-aa54ea7c4fb9"",""d07b7490-853e-562b-b662-305e89e7718d"",""596c0800-372d-5056-8a35-9f8661656bf4"",""d08816e6-d4d6-5f35-9de3-d86528fa7a96"",""2e126757-f17e-5ee2-93db-94d31ed944b2"",""5e1af4e2-330f-563f-b639-2d3cd8d276c8"",""49cd1889-2a56-5913-8723-929335f68874"",""82b898ba-3b6d-567f-8996-4f259b74547e"",""d38eb7d2-e78b-5c2f-93e4-2e34846e80e6"",""33effc64-dcfe-5ced-badf-c4df49f68dc1"",""a3a03b99-34c0-504b-b529-32b798db318a"",""8b3ec7b0-123f-5597-95f7-1fafc5810d01"",""035c5442-19b8-5a84-8a59-b352a9660279"",""d6d45010-72fa-5741-b733-88958a8795d2"",""ab8215e5-b753-5a6a-a4e7-ad9caf42eeac"",""1b20061c-b208-551a-b06c-81ffeff623fc"",""9b6d0913-2ae6-5dab-ab36-d05e1c51b208"",""a27c1fb2-edc1-57e6-9d74-adb5a13fed3b"",""4696448b-8c21-591b-80cc-7344ea0b95ec"",""c1d75a33-928c-5636-b99c-def1fb29e0f5"",""61eebfb6-2555-5bce-ba71-7a750427392a"",""aba074a1-d451-595d-bc12-e257adbe7383"",""1ca34094-ee4d-5962-a78a-174d361a9cd3"",""7edb0577-da07-5c6f-8391-bb90e9822165"",""d7c5d484-54dc-5d1e-a3ac-65d60267a12c"",""f416cc8b-3bc2-5c4c-a91c-c56faf748684""]","[""e685dcfd-d311-4f41-8bd1-cd10c8881a5e"",""961b71c7-7a15-41a1-ba19-3e12f421fbb9""]",,,M6-evaluator-v1,observed,oracle,"{""avatars"":[],""data"":{},""marker"":""INPUT_ERROR"",""region_count"":1}",text,UP-R2-01-S01-RESULT,independent public-contract comparison,M6-ASSERTION-1490c8d3-b061-4d0e-99ce-e4023befcfb2,,,,,,,,,2026-10-07T03:08:01.112554Z,,"{""avatars"":[],""data"":{""path"":""study/uploads/amber.png""},""marker"":""SUCCESS"",""region_count"":1}",,2d9849af-4973-4fd8-a822-d8a60e17e5f5,507474c5-4edd-4234-b356-5b8fa87d4dd6,e685dcfd-d311-4f41-8bd1-cd10c8881a5e,,0f0b9805-fc25-4bf7-aa89-f41feb44c3f4,,,,R2,961b71c7-7a15-41a1-ba19-3e12f421fbb9,,,,,,,1,failed,UP-R2-01,,,,,,,c68f6332-f200-5595-940d-e5bcad78f1fe,7cd402ff-ad21-43c9-af63-6dd50d569082,evidence observations; interpretation separate
M7-analysis-v5,ccba2ef5b0e0aacecff5dc4dda7a2f2396b2db7fbe4467b206a640c006dec3b1,R2,dbb63e68d4ed9e904fa985aa5b88d674205b6caab086a8d981ac8918a9c68fb5,"[""4afc763c-033e-501c-9c9c-453207d31e62"",""1fed9611-d0cc-51e5-86e7-4ba237c836a2"",""0e4d4039-5409-5be7-a300-ded85e9c22d7"",""1c4afc6f-6679-57b7-ab6b-cec3053e85a1"",""76216ff6-0dab-5f43-913f-741c2deb7596"",""fe7c5fea-171a-5d3e-b93c-b9d53dca7c67"",""784c942d-b222-5013-a2e4-de4aa477a143"",""2f2d84f4-6f41-5df7-a828-cc0a3d9cdddf"",""c68f6332-f200-5595-940d-e5bcad78f1fe"",""54c3aba8-cb42-5023-9591-5cdd68bdd7c5"",""b9ac296e-4c6c-5cdc-9e03-14868c124af2"",""022ddff9-4332-5ba5-b884-42537f220a0c"",""0d262496-18e1-5973-84a6-84fbda64d0ff"",""447860c8-1d56-518b-88ad-7e103990b756"",""616ecfda-7163-5a8d-ba60-01f623d8b124"",""656bacfc-b102-5379-8db2-2f9f127621e0"",""88f2e658-6155-5924-bc85-63fe2aabb08a"",""9f032fb3-90ca-5749-aff5-1065077ac10e"",""4d2e4005-a84b-525b-a492-d367c5e405d0"",""12b20e20-e117-5c00-83bc-e589b92b730e"",""e97a5398-37b9-5e89-91a9-9b3ae48d9534"",""7a8f92c5-5f85-593a-bf90-08e13c60a2e6"",""aa66f5e3-ac0e-57d6-9b69-aa54ea7c4fb9"",""d07b7490-853e-562b-b662-305e89e7718d"",""596c0800-372d-5056-8a35-9f8661656bf4"",""d08816e6-d4d6-5f35-9de3-d86528fa7a96"",""2e126757-f17e-5ee2-93db-94d31ed944b2"",""5e1af4e2-330f-563f-b639-2d3cd8d276c8"",""49cd1889-2a56-5913-8723-929335f68874"",""82b898ba-3b6d-567f-8996-4f259b74547e"",""d38eb7d2-e78b-5c2f-93e4-2e34846e80e6"",""33effc64-dcfe-5ced-badf-c4df49f68dc1"",""a3a03b99-34c0-504b-b529-32b798db318a"",""8b3ec7b0-123f-5597-95f7-1fafc5810d01"",""035c5442-19b8-5a84-8a59-b352a9660279"",""d6d45010-72fa-5741-b733-88958a8795d2"",""ab8215e5-b753-5a6a-a4e7-ad9caf42eeac"",""1b20061c-b208-551a-b06c-81ffeff623fc"",""9b6d0913-2ae6-5dab-ab36-d05e1c51b208"",""a27c1fb2-edc1-57e6-9d74-adb5a13fed3b"",""4696448b-8c21-591b-80cc-7344ea0b95ec"",""c1d75a33-928c-5636-b99c-def1fb29e0f5"",""61eebfb6-2555-5bce-ba71-7a750427392a"",""aba074a1-d451-595d-bc12-e257adbe7383"",""1ca34094-ee4d-5962-a78a-174d361a9cd3"",""7edb0577-da07-5c6f-8391-bb90e9822165"",""d7c5d484-54dc-5d1e-a3ac-65d60267a12c"",""f416cc8b-3bc2-5c4c-a91c-c56faf748684""]","[""e685dcfd-d311-4f41-8bd1-cd10c8881a5e"",""961b71c7-7a15-41a1-ba19-3e12f421fbb9""]",,,M6-evaluator-v1,observed,oracle,"{""sentinel.txt"":{""sha256"":""cc809b73990c3ed04b989c020da6c36cfbefaff047c338817e10d2d086d9ec29"",""size"":28}}",text,UP-R2-01-S01-FILES,independent public-contract comparison,M6-ASSERTION-dc27bc6d-3a3b-4cc2-9012-ac0f72150f33,,,,,,,,,2026-10-07T03:08:01.113388Z,,"{""amber.png"":{""sha256"":""5152b4f262397512ec8d1d6f076c509a6052674e3814a0c78fb7bf368b4d5b62"",""size"":73},""sentinel.txt"":{""sha256"":""cc809b73990c3ed04b989c020da6c36cfbefaff047c338817e10d2d086d9ec29"",""size"":28}}",,2d9849af-4973-4fd8-a822-d8a60e17e5f5,cbfbeda9-107f-46bc-847e-d0fe5332def4,e685dcfd-d311-4f41-8bd1-cd10c8881a5e,,0f0b9805-fc25-4bf7-aa89-f41feb44c3f4,,,,R2,961b71c7-7a15-41a1-ba19-3e12f421fbb9,,,,,,,1,failed,UP-R2-01,,,,,,,c68f6332-f200-5595-940d-e5bcad78f1fe,7cd402ff-ad21-43c9-af63-6dd50d569082,evidence observations; interpretation separate
M7-analysis-v5,ccba2ef5b0e0aacecff5dc4dda7a2f2396b2db7fbe4467b206a640c006dec3b1,R3,dbb63e68d4ed9e904fa985aa5b88d674205b6caab086a8d981ac8918a9c68fb5,"[""4afc763c-033e-501c-9c9c-453207d31e62"",""1fed9611-d0cc-51e5-86e7-4ba237c836a2"",""0e4d4039-5409-5be7-a300-ded85e9c22d7"",""1c4afc6f-6679-57b7-ab6b-cec3053e85a1"",""76216ff6-0dab-5f43-913f-741c2deb7596"",""fe7c5fea-171a-5d3e-b93c-b9d53dca7c67"",""784c942d-b222-5013-a2e4-de4aa477a143"",""2f2d84f4-6f41-5df7-a828-cc0a3d9cdddf"",""c68f6332-f200-5595-940d-e5bcad78f1fe"",""54c3aba8-cb42-5023-9591-5cdd68bdd7c5"",""b9ac296e-4c6c-5cdc-9e03-14868c124af2"",""022ddff9-4332-5ba5-b884-42537f220a0c"",""0d262496-18e1-5973-84a6-84fbda64d0ff"",""447860c8-1d56-518b-88ad-7e103990b756"",""616ecfda-7163-5a8d-ba60-01f623d8b124"",""656bacfc-b102-5379-8db2-2f9f127621e0"",""88f2e658-6155-5924-bc85-63fe2aabb08a"",""9f032fb3-90ca-5749-aff5-1065077ac10e"",""4d2e4005-a84b-525b-a492-d367c5e405d0"",""12b20e20-e117-5c00-83bc-e589b92b730e"",""e97a5398-37b9-5e89-91a9-9b3ae48d9534"",""7a8f92c5-5f85-593a-bf90-08e13c60a2e6"",""aa66f5e3-ac0e-57d6-9b69-aa54ea7c4fb9"",""d07b7490-853e-562b-b662-305e89e7718d"",""596c0800-372d-5056-8a35-9f8661656bf4"",""d08816e6-d4d6-5f35-9de3-d86528fa7a96"",""2e126757-f17e-5ee2-93db-94d31ed944b2"",""5e1af4e2-330f-563f-b639-2d3cd8d276c8"",""49cd1889-2a56-5913-8723-929335f68874"",""82b898ba-3b6d-567f-8996-4f259b74547e"",""d38eb7d2-e78b-5c2f-93e4-2e34846e80e6"",""33effc64-dcfe-5ced-badf-c4df49f68dc1"",""a3a03b99-34c0-504b-b529-32b798db318a"",""8b3ec7b0-123f-5597-95f7-1fafc5810d01"",""035c5442-19b8-5a84-8a59-b352a9660279"",""d6d45010-72fa-5741-b733-88958a8795d2"",""ab8215e5-b753-5a6a-a4e7-ad9caf42eeac"",""1b20061c-b208-551a-b06c-81ffeff623fc"",""9b6d0913-2ae6-5dab-ab36-d05e1c51b208"",""a27c1fb2-edc1-57e6-9d74-adb5a13fed3b"",""4696448b-8c21-591b-80cc-7344ea0b95ec"",""c1d75a33-928c-5636-b99c-def1fb29e0f5"",""61eebfb6-2555-5bce-ba71-7a750427392a"",""aba074a1-d451-595d-bc12-e257adbe7383"",""1ca34094-ee4d-5962-a78a-174d361a9cd3"",""7edb0577-da07-5c6f-8391-bb90e9822165"",""d7c5d484-54dc-5d1e-a3ac-65d60267a12c"",""f416cc8b-3bc2-5c4c-a91c-c56faf748684""]","[""c3514806-a7d4-4611-8643-30029543c724"",""2a64f069-6a13-4097-91a2-e044c9ce7725""]",,,M6-evaluator-v1,observed,oracle,422,text,UP-R3-01-S01-HTTP,independent public-contract comparison,M6-ASSERTION-6f2a8e23-fdd3-40dd-b41f-97c71668866a,,,,,,,,,2026-10-07T03:08:01.115300Z,,500,,2d9849af-4973-4fd8-a822-d8a60e17e5f5,e77c5284-51bd-46d8-9049-65c5353d6de9,c3514806-a7d4-4611-8643-30029543c724,,0f0b9805-fc25-4bf7-aa89-f41feb44c3f4,,,,R3,2a64f069-6a13-4097-91a2-e044c9ce7725,,,,,,,1,failed,UP-R3-01,,,,,,,c68f6332-f200-5595-940d-e5bcad78f1fe,7cd402ff-ad21-43c9-af63-6dd50d569082,evidence observations; interpretation separate
M7-analysis-v5,ccba2ef5b0e0aacecff5dc4dda7a2f2396b2db7fbe4467b206a640c006dec3b1,R3,dbb63e68d4ed9e904fa985aa5b88d674205b6caab086a8d981ac8918a9c68fb5,"[""4afc763c-033e-501c-9c9c-453207d31e62"",""1fed9611-d0cc-51e5-86e7-4ba237c836a2"",""0e4d4039-5409-5be7-a300-ded85e9c22d7"",""1c4afc6f-6679-57b7-ab6b-cec3053e85a1"",""76216ff6-0dab-5f43-913f-741c2deb7596"",""fe7c5fea-171a-5d3e-b93c-b9d53dca7c67"",""784c942d-b222-5013-a2e4-de4aa477a143"",""2f2d84f4-6f41-5df7-a828-cc0a3d9cdddf"",""c68f6332-f200-5595-940d-e5bcad78f1fe"",""54c3aba8-cb42-5023-9591-5cdd68bdd7c5"",""b9ac296e-4c6c-5cdc-9e03-14868c124af2"",""022ddff9-4332-5ba5-b884-42537f220a0c"",""0d262496-18e1-5973-84a6-84fbda64d0ff"",""447860c8-1d56-518b-88ad-7e103990b756"",""616ecfda-7163-5a8d-ba60-01f623d8b124"",""656bacfc-b102-5379-8db2-2f9f127621e0"",""88f2e658-6155-5924-bc85-63fe2aabb08a"",""9f032fb3-90ca-5749-aff5-1065077ac10e"",""4d2e4005-a84b-525b-a492-d367c5e405d0"",""12b20e20-e117-5c00-83bc-e589b92b730e"",""e97a5398-37b9-5e89-91a9-9b3ae48d9534"",""7a8f92c5-5f85-593a-bf90-08e13c60a2e6"",""aa66f5e3-ac0e-57d6-9b69-aa54ea7c4fb9"",""d07b7490-853e-562b-b662-305e89e7718d"",""596c0800-372d-5056-8a35-9f8661656bf4"",""d08816e6-d4d6-5f35-9de3-d86528fa7a96"",""2e126757-f17e-5ee2-93db-94d31ed944b2"",""5e1af4e2-330f-563f-b639-2d3cd8d276c8"",""49cd1889-2a56-5913-8723-929335f68874"",""82b898ba-3b6d-567f-8996-4f259b74547e"",""d38eb7d2-e78b-5c2f-93e4-2e34846e80e6"",""33effc64-dcfe-5ced-badf-c4df49f68dc1"",""a3a03b99-34c0-504b-b529-32b798db318a"",""8b3ec7b0-123f-5597-95f7-1fafc5810d01"",""035c5442-19b8-5a84-8a59-b352a9660279"",""d6d45010-72fa-5741-b733-88958a8795d2"",""ab8215e5-b753-5a6a-a4e7-ad9caf42eeac"",""1b20061c-b208-551a-b06c-81ffeff623fc"",""9b6d0913-2ae6-5dab-ab36-d05e1c51b208"",""a27c1fb2-edc1-57e6-9d74-adb5a13fed3b"",""4696448b-8c21-591b-80cc-7344ea0b95ec"",""c1d75a33-928c-5636-b99c-def1fb29e0f5"",""61eebfb6-2555-5bce-ba71-7a750427392a"",""aba074a1-d451-595d-bc12-e257adbe7383"",""1ca34094-ee4d-5962-a78a-174d361a9cd3"",""7edb0577-da07-5c6f-8391-bb90e9822165"",""d7c5d484-54dc-5d1e-a3ac-65d60267a12c"",""f416cc8b-3bc2-5c4c-a91c-c56faf748684""]","[""c3514806-a7d4-4611-8643-30029543c724"",""2a64f069-6a13-4097-91a2-e044c9ce7725""]",,,M6-evaluator-v1,observed,oracle,"{""avatars"":[],""data"":{},""marker"":""INPUT_ERROR"",""region_count"":1}",text,UP-R3-01-S01-RESULT,independent public-contract comparison,M6-ASSERTION-a1f141de-5e8d-4176-8deb-e2350943a087,,,,,,,,,2026-10-07T03:08:01.115752Z,,"{""avatars"":[],""data"":{},""marker"":""UPLOAD_ERROR"",""region_count"":1}",,2d9849af-4973-4fd8-a822-d8a60e17e5f5,8bffa57f-cf26-4a61-ab6e-51a8466c9a11,c3514806-a7d4-4611-8643-30029543c724,,0f0b9805-fc25-4bf7-aa89-f41feb44c3f4,,,,R3,2a64f069-6a13-4097-91a2-e044c9ce7725,,,,,,,1,failed,UP-R3-01,,,,,,,c68f6332-f200-5595-940d-e5bcad78f1fe,7cd402ff-ad21-43c9-af63-6dd50d569082,evidence observations; interpretation separate
M7-analysis-v5,ccba2ef5b0e0aacecff5dc4dda7a2f2396b2db7fbe4467b206a640c006dec3b1,R5,dbb63e68d4ed9e904fa985aa5b88d674205b6caab086a8d981ac8918a9c68fb5,"[""4afc763c-033e-501c-9c9c-453207d31e62"",""1fed9611-d0cc-51e5-86e7-4ba237c836a2"",""0e4d4039-5409-5be7-a300-ded85e9c22d7"",""1c4afc6f-6679-57b7-ab6b-cec3053e85a1"",""76216ff6-0dab-5f43-913f-741c2deb7596"",""fe7c5fea-171a-5d3e-b93c-b9d53dca7c67"",""784c942d-b222-5013-a2e4-de4aa477a143"",""2f2d84f4-6f41-5df7-a828-cc0a3d9cdddf"",""c68f6332-f200-5595-940d-e5bcad78f1fe"",""54c3aba8-cb42-5023-9591-5cdd68bdd7c5"",""b9ac296e-4c6c-5cdc-9e03-14868c124af2"",""022ddff9-4332-5ba5-b884-42537f220a0c"",""0d262496-18e1-5973-84a6-84fbda64d0ff"",""447860c8-1d56-518b-88ad-7e103990b756"",""616ecfda-7163-5a8d-ba60-01f623d8b124"",""656bacfc-b102-5379-8db2-2f9f127621e0"",""88f2e658-6155-5924-bc85-63fe2aabb08a"",""9f032fb3-90ca-5749-aff5-1065077ac10e"",""4d2e4005-a84b-525b-a492-d367c5e405d0"",""12b20e20-e117-5c00-83bc-e589b92b730e"",""e97a5398-37b9-5e89-91a9-9b3ae48d9534"",""7a8f92c5-5f85-593a-bf90-08e13c60a2e6"",""aa66f5e3-ac0e-57d6-9b69-aa54ea7c4fb9"",""d07b7490-853e-562b-b662-305e89e7718d"",""596c0800-372d-5056-8a35-9f8661656bf4"",""d08816e6-d4d6-5f35-9de3-d86528fa7a96"",""2e126757-f17e-5ee2-93db-94d31ed944b2"",""5e1af4e2-330f-563f-b639-2d3cd8d276c8"",""49cd1889-2a56-5913-8723-929335f68874"",""82b898ba-3b6d-567f-8996-4f259b74547e"",""d38eb7d2-e78b-5c2f-93e4-2e34846e80e6"",""33effc64-dcfe-5ced-badf-c4df49f68dc1"",""a3a03b99-34c0-504b-b529-32b798db318a"",""8b3ec7b0-123f-5597-95f7-1fafc5810d01"",""035c5442-19b8-5a84-8a59-b352a9660279"",""d6d45010-72fa-5741-b733-88958a8795d2"",""ab8215e5-b753-5a6a-a4e7-ad9caf42eeac"",""1b20061c-b208-551a-b06c-81ffeff623fc"",""9b6d0913-2ae6-5dab-ab36-d05e1c51b208"",""a27c1fb2-edc1-57e6-9d74-adb5a13fed3b"",""4696448b-8c21-591b-80cc-7344ea0b95ec"",""c1d75a33-928c-5636-b99c-def1fb29e0f5"",""61eebfb6-2555-5bce-ba71-7a750427392a"",""aba074a1-d451-595d-bc12-e257adbe7383"",""1ca34094-ee4d-5962-a78a-174d361a9cd3"",""7edb0577-da07-5c6f-8391-bb90e9822165"",""d7c5d484-54dc-5d1e-a3ac-65d60267a12c"",""f416cc8b-3bc2-5c4c-a91c-c56faf748684""]","[""a13ce199-ef25-4048-a1a0-c4cb97ce82a7"",""a88646ed-2cf1-4278-93b9-4f157bd97390""]",,,M6-evaluator-v1,observed,oracle,422,text,UP-R5-01-S01-HTTP,independent public-contract comparison,M6-ASSERTION-de29a79d-4a40-4a19-a165-507f44746e5e,,,,,,,,,2026-10-07T03:08:01.120308Z,,200,,2d9849af-4973-4fd8-a822-d8a60e17e5f5,56dc0c9b-0a5a-4d51-b79b-69fce28b5aa5,a13ce199-ef25-4048-a1a0-c4cb97ce82a7,,0f0b9805-fc25-4bf7-aa89-f41feb44c3f4,,,,R5,a88646ed-2cf1-4278-93b9-4f157bd97390,,,,,,,1,failed,UP-R5-01,,,,,,,c68f6332-f200-5595-940d-e5bcad78f1fe,7cd402ff-ad21-43c9-af63-6dd50d569082,evidence observations; interpretation separate
M7-analysis-v5,ccba2ef5b0e0aacecff5dc4dda7a2f2396b2db7fbe4467b206a640c006dec3b1,R5,dbb63e68d4ed9e904fa985aa5b88d674205b6caab086a8d981ac8918a9c68fb5,"[""4afc763c-033e-501c-9c9c-453207d31e62"",""1fed9611-d0cc-51e5-86e7-4ba237c836a2"",""0e4d4039-5409-5be7-a300-ded85e9c22d7"",""1c4afc6f-6679-57b7-ab6b-cec3053e85a1"",""76216ff6-0dab-5f43-913f-741c2deb7596"",""fe7c5fea-171a-5d3e-b93c-b9d53dca7c67"",""784c942d-b222-5013-a2e4-de4aa477a143"",""2f2d84f4-6f41-5df7-a828-cc0a3d9cdddf"",""c68f6332-f200-5595-940d-e5bcad78f1fe"",""54c3aba8-cb42-5023-9591-5cdd68bdd7c5"",""b9ac296e-4c6c-5cdc-9e03-14868c124af2"",""022ddff9-4332-5ba5-b884-42537f220a0c"",""0d262496-18e1-5973-84a6-84fbda64d0ff"",""447860c8-1d56-518b-88ad-7e103990b756"",""616ecfda-7163-5a8d-ba60-01f623d8b124"",""656bacfc-b102-5379-8db2-2f9f127621e0"",""88f2e658-6155-5924-bc85-63fe2aabb08a"",""9f032fb3-90ca-5749-aff5-1065077ac10e"",""4d2e4005-a84b-525b-a492-d367c5e405d0"",""12b20e20-e117-5c00-83bc-e589b92b730e"",""e97a5398-37b9-5e89-91a9-9b3ae48d9534"",""7a8f92c5-5f85-593a-bf90-08e13c60a2e6"",""aa66f5e3-ac0e-57d6-9b69-aa54ea7c4fb9"",""d07b7490-853e-562b-b662-305e89e7718d"",""596c0800-372d-5056-8a35-9f8661656bf4"",""d08816e6-d4d6-5f35-9de3-d86528fa7a96"",""2e126757-f17e-5ee2-93db-94d31ed944b2"",""5e1af4e2-330f-563f-b639-2d3cd8d276c8"",""49cd1889-2a56-5913-8723-929335f68874"",""82b898ba-3b6d-567f-8996-4f259b74547e"",""d38eb7d2-e78b-5c2f-93e4-2e34846e80e6"",""33effc64-dcfe-5ced-badf-c4df49f68dc1"",""a3a03b99-34c0-504b-b529-32b798db318a"",""8b3ec7b0-123f-5597-95f7-1fafc5810d01"",""035c5442-19b8-5a84-8a59-b352a9660279"",""d6d45010-72fa-5741-b733-88958a8795d2"",""ab8215e5-b753-5a6a-a4e7-ad9caf42eeac"",""1b20061c-b208-551a-b06c-81ffeff623fc"",""9b6d0913-2ae6-5dab-ab36-d05e1c51b208"",""a27c1fb2-edc1-57e6-9d74-adb5a13fed3b"",""4696448b-8c21-591b-80cc-7344ea0b95ec"",""c1d75a33-928c-5636-b99c-def1fb29e0f5"",""61eebfb6-2555-5bce-ba71-7a750427392a"",""aba074a1-d451-595d-bc12-e257adbe7383"",""1ca34094-ee4d-5962-a78a-174d361a9cd3"",""7edb0577-da07-5c6f-8391-bb90e9822165"",""d7c5d484-54dc-5d1e-a3ac-65d60267a12c"",""f416cc8b-3bc2-5c4c-a91c-c56faf748684""]","[""a13ce199-ef25-4048-a1a0-c4cb97ce82a7"",""a88646ed-2cf1-4278-93b9-4f157bd97390""]",,,M6-evaluator-v1,observed,oracle,"{""avatars"":[],""data"":{},""marker"":""INPUT_ERROR"",""region_count"":1}",text,UP-R5-01-S01-RESULT,independent public-contract comparison,M6-ASSERTION-5db56e4f-d401-41e0-8aca-3942e1552ae1,,,,,,,,,2026-10-07T03:08:01.120698Z,,"{""avatars"":[],""data"":{""path"":""study/uploads/blue.png""},""marker"":""SUCCESS"",""region_count"":1}",,2d9849af-4973-4fd8-a822-d8a60e17e5f5,5c74f48b-c22c-450d-8012-d0f446f95c06,a13ce199-ef25-4048-a1a0-c4cb97ce82a7,,0f0b9805-fc25-4bf7-aa89-f41feb44c3f4,,,,R5,a88646ed-2cf1-4278-93b9-4f157bd97390,,,,,,,1,failed,UP-R5-01,,,,,,,c68f6332-f200-5595-940d-e5bcad78f1fe,7cd402ff-ad21-43c9-af63-6dd50d569082,evidence observations; interpretation separate
M7-analysis-v5,ccba2ef5b0e0aacecff5dc4dda7a2f2396b2db7fbe4467b206a640c006dec3b1,R5,dbb63e68d4ed9e904fa985aa5b88d674205b6caab086a8d981ac8918a9c68fb5,"[""4afc763c-033e-501c-9c9c-453207d31e62"",""1fed9611-d0cc-51e5-86e7-4ba237c836a2"",""0e4d4039-5409-5be7-a300-ded85e9c22d7"",""1c4afc6f-6679-57b7-ab6b-cec3053e85a1"",""76216ff6-0dab-5f43-913f-741c2deb7596"",""fe7c5fea-171a-5d3e-b93c-b9d53dca7c67"",""784c942d-b222-5013-a2e4-de4aa477a143"",""2f2d84f4-6f41-5df7-a828-cc0a3d9cdddf"",""c68f6332-f200-5595-940d-e5bcad78f1fe"",""54c3aba8-cb42-5023-9591-5cdd68bdd7c5"",""b9ac296e-4c6c-5cdc-9e03-14868c124af2"",""022ddff9-4332-5ba5-b884-42537f220a0c"",""0d262496-18e1-5973-84a6-84fbda64d0ff"",""447860c8-1d56-518b-88ad-7e103990b756"",""616ecfda-7163-5a8d-ba60-01f623d8b124"",""656bacfc-b102-5379-8db2-2f9f127621e0"",""88f2e658-6155-5924-bc85-63fe2aabb08a"",""9f032fb3-90ca-5749-aff5-1065077ac10e"",""4d2e4005-a84b-525b-a492-d367c5e405d0"",""12b20e20-e117-5c00-83bc-e589b92b730e"",""e97a5398-37b9-5e89-91a9-9b3ae48d9534"",""7a8f92c5-5f85-593a-bf90-08e13c60a2e6"",""aa66f5e3-ac0e-57d6-9b69-aa54ea7c4fb9"",""d07b7490-853e-562b-b662-305e89e7718d"",""596c0800-372d-5056-8a35-9f8661656bf4"",""d08816e6-d4d6-5f35-9de3-d86528fa7a96"",""2e126757-f17e-5ee2-93db-94d31ed944b2"",""5e1af4e2-330f-563f-b639-2d3cd8d276c8"",""49cd1889-2a56-5913-8723-929335f68874"",""82b898ba-3b6d-567f-8996-4f259b74547e"",""d38eb7d2-e78b-5c2f-93e4-2e34846e80e6"",""33effc64-dcfe-5ced-badf-c4df49f68dc1"",""a3a03b99-34c0-504b-b529-32b798db318a"",""8b3ec7b0-123f-5597-95f7-1fafc5810d01"",""035c5442-19b8-5a84-8a59-b352a9660279"",""d6d45010-72fa-5741-b733-88958a8795d2"",""ab8215e5-b753-5a6a-a4e7-ad9caf42eeac"",""1b20061c-b208-551a-b06c-81ffeff623fc"",""9b6d0913-2ae6-5dab-ab36-d05e1c51b208"",""a27c1fb2-edc1-57e6-9d74-adb5a13fed3b"",""4696448b-8c21-591b-80cc-7344ea0b95ec"",""c1d75a33-928c-5636-b99c-def1fb29e0f5"",""61eebfb6-2555-5bce-ba71-7a750427392a"",""aba074a1-d451-595d-bc12-e257adbe7383"",""1ca34094-ee4d-5962-a78a-174d361a9cd3"",""7edb0577-da07-5c6f-8391-bb90e9822165"",""d7c5d484-54dc-5d1e-a3ac-65d60267a12c"",""f416cc8b-3bc2-5c4c-a91c-c56faf748684""]","[""a13ce199-ef25-4048-a1a0-c4cb97ce82a7"",""a88646ed-2cf1-4278-93b9-4f157bd97390""]",,,M6-evaluator-v1,observed,oracle,"{""sentinel.txt"":{""sha256"":""cc809b73990c3ed04b989c020da6c36cfbefaff047c338817e10d2d086d9ec29"",""size"":28}}",text,UP-R5-01-S01-FILES,independent public-contract comparison,M6-ASSERTION-e719d9b9-45d9-4272-8f8b-048301add9dd,,,,,,,,,2026-10-07T03:08:01.121479Z,,"{""blue.png"":{""sha256"":""4442d728adc33566e2be10ba0d573a8b4ec1ca033335b75eaac003a97facfc26"",""size"":73},""sentinel.txt"":{""sha256"":""cc809b73990c3ed04b989c020da6c36cfbefaff047c338817e10d2d086d9ec29"",""size"":28}}",,2d9849af-4973-4fd8-a822-d8a60e17e5f5,ac316bfd-2061-49af-8965-ea45d2c2a48a,a13ce199-ef25-4048-a1a0-c4cb97ce82a7,,0f0b9805-fc25-4bf7-aa89-f41feb44c3f4,,,,R5,a88646ed-2cf1-4278-93b9-4f157bd97390,,,,,,,1,failed,UP-R5-01,,,,,,,c68f6332-f200-5595-940d-e5bcad78f1fe,7cd402ff-ad21-43c9-af63-6dd50d569082,evidence observations; interpretation separate
M7-analysis-v5,ccba2ef5b0e0aacecff5dc4dda7a2f2396b2db7fbe4467b206a640c006dec3b1,R5,dbb63e68d4ed9e904fa985aa5b88d674205b6caab086a8d981ac8918a9c68fb5,"[""4afc763c-033e-501c-9c9c-453207d31e62"",""1fed9611-d0cc-51e5-86e7-4ba237c836a2"",""0e4d4039-5409-5be7-a300-ded85e9c22d7"",""1c4afc6f-6679-57b7-ab6b-cec3053e85a1"",""76216ff6-0dab-5f43-913f-741c2deb7596"",""fe7c5fea-171a-5d3e-b93c-b9d53dca7c67"",""784c942d-b222-5013-a2e4-de4aa477a143"",""2f2d84f4-6f41-5df7-a828-cc0a3d9cdddf"",""c68f6332-f200-5595-940d-e5bcad78f1fe"",""54c3aba8-cb42-5023-9591-5cdd68bdd7c5"",""b9ac296e-4c6c-5cdc-9e03-14868c124af2"",""022ddff9-4332-5ba5-b884-42537f220a0c"",""0d262496-18e1-5973-84a6-84fbda64d0ff"",""447860c8-1d56-518b-88ad-7e103990b756"",""616ecfda-7163-5a8d-ba60-01f623d8b124"",""656bacfc-b102-5379-8db2-2f9f127621e0"",""88f2e658-6155-5924-bc85-63fe2aabb08a"",""9f032fb3-90ca-5749-aff5-1065077ac10e"",""4d2e4005-a84b-525b-a492-d367c5e405d0"",""12b20e20-e117-5c00-83bc-e589b92b730e"",""e97a5398-37b9-5e89-91a9-9b3ae48d9534"",""7a8f92c5-5f85-593a-bf90-08e13c60a2e6"",""aa66f5e3-ac0e-57d6-9b69-aa54ea7c4fb9"",""d07b7490-853e-562b-b662-305e89e7718d"",""596c0800-372d-5056-8a35-9f8661656bf4"",""d08816e6-d4d6-5f35-9de3-d86528fa7a96"",""2e126757-f17e-5ee2-93db-94d31ed944b2"",""5e1af4e2-330f-563f-b639-2d3cd8d276c8"",""49cd1889-2a56-5913-8723-929335f68874"",""82b898ba-3b6d-567f-8996-4f259b74547e"",""d38eb7d2-e78b-5c2f-93e4-2e34846e80e6"",""33effc64-dcfe-5ced-badf-c4df49f68dc1"",""a3a03b99-34c0-504b-b529-32b798db318a"",""8b3ec7b0-123f-5597-95f7-1fafc5810d01"",""035c5442-19b8-5a84-8a59-b352a9660279"",""d6d45010-72fa-5741-b733-88958a8795d2"",""ab8215e5-b753-5a6a-a4e7-ad9caf42eeac"",""1b20061c-b208-551a-b06c-81ffeff623fc"",""9b6d0913-2ae6-5dab-ab36-d05e1c51b208"",""a27c1fb2-edc1-57e6-9d74-adb5a13fed3b"",""4696448b-8c21-591b-80cc-7344ea0b95ec"",""c1d75a33-928c-5636-b99c-def1fb29e0f5"",""61eebfb6-2555-5bce-ba71-7a750427392a"",""aba074a1-d451-595d-bc12-e257adbe7383"",""1ca34094-ee4d-5962-a78a-174d361a9cd3"",""7edb0577-da07-5c6f-8391-bb90e9822165"",""d7c5d484-54dc-5d1e-a3ac-65d60267a12c"",""f416cc8b-3bc2-5c4c-a91c-c56faf748684""]","[""c4c2e132-f257-4706-89bb-716e0ed5ddd7"",""ba079fcb-be6a-406d-89ba-0aa67d20403b""]",,,M6-evaluator-v1,observed,oracle,422,text,UP-R5-02-S01-HTTP,independent public-contract comparison,M6-ASSERTION-2f1626d5-e915-4016-81ee-0c77324e9141,,,,,,,,,2026-10-07T03:08:01.121868Z,,200,,2d9849af-4973-4fd8-a822-d8a60e17e5f5,e60bd754-9589-4f90-b6ae-e5f014b19e49,c4c2e132-f257-4706-89bb-716e0ed5ddd7,,0f0b9805-fc25-4bf7-aa89-f41feb44c3f4,,,,R5,ba079fcb-be6a-406d-89ba-0aa67d20403b,,,,,,,1,failed,UP-R5-02,,,,,,,c68f6332-f200-5595-940d-e5bcad78f1fe,7cd402ff-ad21-43c9-af63-6dd50d569082,evidence observations; interpretation separate
M7-analysis-v5,ccba2ef5b0e0aacecff5dc4dda7a2f2396b2db7fbe4467b206a640c006dec3b1,R5,dbb63e68d4ed9e904fa985aa5b88d674205b6caab086a8d981ac8918a9c68fb5,"[""4afc763c-033e-501c-9c9c-453207d31e62"",""1fed9611-d0cc-51e5-86e7-4ba237c836a2"",""0e4d4039-5409-5be7-a300-ded85e9c22d7"",""1c4afc6f-6679-57b7-ab6b-cec3053e85a1"",""76216ff6-0dab-5f43-913f-741c2deb7596"",""fe7c5fea-171a-5d3e-b93c-b9d53dca7c67"",""784c942d-b222-5013-a2e4-de4aa477a143"",""2f2d84f4-6f41-5df7-a828-cc0a3d9cdddf"",""c68f6332-f200-5595-940d-e5bcad78f1fe"",""54c3aba8-cb42-5023-9591-5cdd68bdd7c5"",""b9ac296e-4c6c-5cdc-9e03-14868c124af2"",""022ddff9-4332-5ba5-b884-42537f220a0c"",""0d262496-18e1-5973-84a6-84fbda64d0ff"",""447860c8-1d56-518b-88ad-7e103990b756"",""616ecfda-7163-5a8d-ba60-01f623d8b124"",""656bacfc-b102-5379-8db2-2f9f127621e0"",""88f2e658-6155-5924-bc85-63fe2aabb08a"",""9f032fb3-90ca-5749-aff5-1065077ac10e"",""4d2e4005-a84b-525b-a492-d367c5e405d0"",""12b20e20-e117-5c00-83bc-e589b92b730e"",""e97a5398-37b9-5e89-91a9-9b3ae48d9534"",""7a8f92c5-5f85-593a-bf90-08e13c60a2e6"",""aa66f5e3-ac0e-57d6-9b69-aa54ea7c4fb9"",""d07b7490-853e-562b-b662-305e89e7718d"",""596c0800-372d-5056-8a35-9f8661656bf4"",""d08816e6-d4d6-5f35-9de3-d86528fa7a96"",""2e126757-f17e-5ee2-93db-94d31ed944b2"",""5e1af4e2-330f-563f-b639-2d3cd8d276c8"",""49cd1889-2a56-5913-8723-929335f68874"",""82b898ba-3b6d-567f-8996-4f259b74547e"",""d38eb7d2-e78b-5c2f-93e4-2e34846e80e6"",""33effc64-dcfe-5ced-badf-c4df49f68dc1"",""a3a03b99-34c0-504b-b529-32b798db318a"",""8b3ec7b0-123f-5597-95f7-1fafc5810d01"",""035c5442-19b8-5a84-8a59-b352a9660279"",""d6d45010-72fa-5741-b733-88958a8795d2"",""ab8215e5-b753-5a6a-a4e7-ad9caf42eeac"",""1b20061c-b208-551a-b06c-81ffeff623fc"",""9b6d0913-2ae6-5dab-ab36-d05e1c51b208"",""a27c1fb2-edc1-57e6-9d74-adb5a13fed3b"",""4696448b-8c21-591b-80cc-7344ea0b95ec"",""c1d75a33-928c-5636-b99c-def1fb29e0f5"",""61eebfb6-2555-5bce-ba71-7a750427392a"",""aba074a1-d451-595d-bc12-e257adbe7383"",""1ca34094-ee4d-5962-a78a-174d361a9cd3"",""7edb0577-da07-5c6f-8391-bb90e9822165"",""d7c5d484-54dc-5d1e-a3ac-65d60267a12c"",""f416cc8b-3bc2-5c4c-a91c-c56faf748684""]","[""c4c2e132-f257-4706-89bb-716e0ed5ddd7"",""ba079fcb-be6a-406d-89ba-0aa67d20403b""]",,,M6-evaluator-v1,observed,oracle,"{""avatars"":[],""data"":{},""marker"":""INPUT_ERROR"",""region_count"":1}",text,UP-R5-02-S01-RESULT,independent public-contract comparison,M6-ASSERTION-9b88f9f2-0736-4829-aaed-5f42041cb3e2,,,,,,,,,2026-10-07T03:08:01.122232Z,,"{""avatars"":[],""data"":{""path"":""study/uploads/green.png""},""marker"":""SUCCESS"",""region_count"":1}",,2d9849af-4973-4fd8-a822-d8a60e17e5f5,a18a5214-c100-4aec-b5e4-9a271f94c119,c4c2e132-f257-4706-89bb-716e0ed5ddd7,,0f0b9805-fc25-4bf7-aa89-f41feb44c3f4,,,,R5,ba079fcb-be6a-406d-89ba-0aa67d20403b,,,,,,,1,failed,UP-R5-02,,,,,,,c68f6332-f200-5595-940d-e5bcad78f1fe,7cd402ff-ad21-43c9-af63-6dd50d569082,evidence observations; interpretation separate
M7-analysis-v5,ccba2ef5b0e0aacecff5dc4dda7a2f2396b2db7fbe4467b206a640c006dec3b1,R5,dbb63e68d4ed9e904fa985aa5b88d674205b6caab086a8d981ac8918a9c68fb5,"[""4afc763c-033e-501c-9c9c-453207d31e62"",""1fed9611-d0cc-51e5-86e7-4ba237c836a2"",""0e4d4039-5409-5be7-a300-ded85e9c22d7"",""1c4afc6f-6679-57b7-ab6b-cec3053e85a1"",""76216ff6-0dab-5f43-913f-741c2deb7596"",""fe7c5fea-171a-5d3e-b93c-b9d53dca7c67"",""784c942d-b222-5013-a2e4-de4aa477a143"",""2f2d84f4-6f41-5df7-a828-cc0a3d9cdddf"",""c68f6332-f200-5595-940d-e5bcad78f1fe"",""54c3aba8-cb42-5023-9591-5cdd68bdd7c5"",""b9ac296e-4c6c-5cdc-9e03-14868c124af2"",""022ddff9-4332-5ba5-b884-42537f220a0c"",""0d262496-18e1-5973-84a6-84fbda64d0ff"",""447860c8-1d56-518b-88ad-7e103990b756"",""616ecfda-7163-5a8d-ba60-01f623d8b124"",""656bacfc-b102-5379-8db2-2f9f127621e0"",""88f2e658-6155-5924-bc85-63fe2aabb08a"",""9f032fb3-90ca-5749-aff5-1065077ac10e"",""4d2e4005-a84b-525b-a492-d367c5e405d0"",""12b20e20-e117-5c00-83bc-e589b92b730e"",""e97a5398-37b9-5e89-91a9-9b3ae48d9534"",""7a8f92c5-5f85-593a-bf90-08e13c60a2e6"",""aa66f5e3-ac0e-57d6-9b69-aa54ea7c4fb9"",""d07b7490-853e-562b-b662-305e89e7718d"",""596c0800-372d-5056-8a35-9f8661656bf4"",""d08816e6-d4d6-5f35-9de3-d86528fa7a96"",""2e126757-f17e-5ee2-93db-94d31ed944b2"",""5e1af4e2-330f-563f-b639-2d3cd8d276c8"",""49cd1889-2a56-5913-8723-929335f68874"",""82b898ba-3b6d-567f-8996-4f259b74547e"",""d38eb7d2-e78b-5c2f-93e4-2e34846e80e6"",""33effc64-dcfe-5ced-badf-c4df49f68dc1"",""a3a03b99-34c0-504b-b529-32b798db318a"",""8b3ec7b0-123f-5597-95f7-1fafc5810d01"",""035c5442-19b8-5a84-8a59-b352a9660279"",""d6d45010-72fa-5741-b733-88958a8795d2"",""ab8215e5-b753-5a6a-a4e7-ad9caf42eeac"",""1b20061c-b208-551a-b06c-81ffeff623fc"",""9b6d0913-2ae6-5dab-ab36-d05e1c51b208"",""a27c1fb2-edc1-57e6-9d74-adb5a13fed3b"",""4696448b-8c21-591b-80cc-7344ea0b95ec"",""c1d75a33-928c-5636-b99c-def1fb29e0f5"",""61eebfb6-2555-5bce-ba71-7a750427392a"",""aba074a1-d451-595d-bc12-e257adbe7383"",""1ca34094-ee4d-5962-a78a-174d361a9cd3"",""7edb0577-da07-5c6f-8391-bb90e9822165"",""d7c5d484-54dc-5d1e-a3ac-65d60267a12c"",""f416cc8b-3bc2-5c4c-a91c-c56faf748684""]","[""c4c2e132-f257-4706-89bb-716e0ed5ddd7"",""ba079fcb-be6a-406d-89ba-0aa67d20403b""]",,,M6-evaluator-v1,observed,oracle,"{""sentinel.txt"":{""sha256"":""cc809b73990c3ed04b989c020da6c36cfbefaff047c338817e10d2d086d9ec29"",""size"":28}}",text,UP-R5-02-S01-FILES,independent public-contract comparison,M6-ASSERTION-9fb52381-3b91-43b8-83cd-ba331c3ffba1,,,,,,,,,2026-10-07T03:08:01.123015Z,,"{""green.png"":{""sha256"":""31bd12297554963e960c136b22a7a6dade4b234dc5c5a370bb16671f12af98ad"",""size"":73},""sentinel.txt"":{""sha256"":""cc809b73990c3ed04b989c020da6c36cfbefaff047c338817e10d2d086d9ec29"",""size"":28}}",,2d9849af-4973-4fd8-a822-d8a60e17e5f5,eb34b4c2-7d14-4992-9c1b-3d2e1a1ff1fd,c4c2e132-f257-4706-89bb-716e0ed5ddd7,,0f0b9805-fc25-4bf7-aa89-f41feb44c3f4,,,,R5,ba079fcb-be6a-406d-89ba-0aa67d20403b,,,,,,,1,failed,UP-R5-02,,,,,,,c68f6332-f200-5595-940d-e5bcad78f1fe,7cd402ff-ad21-43c9-af63-6dd50d569082,evidence observations; interpretation separate
M7-analysis-v5,ccba2ef5b0e0aacecff5dc4dda7a2f2396b2db7fbe4467b206a640c006dec3b1,R6,dbb63e68d4ed9e904fa985aa5b88d674205b6caab086a8d981ac8918a9c68fb5,"[""4afc763c-033e-501c-9c9c-453207d31e62"",""1fed9611-d0cc-51e5-86e7-4ba237c836a2"",""0e4d4039-5409-5be7-a300-ded85e9c22d7"",""1c4afc6f-6679-57b7-ab6b-cec3053e85a1"",""76216ff6-0dab-5f43-913f-741c2deb7596"",""fe7c5fea-171a-5d3e-b93c-b9d53dca7c67"",""784c942d-b222-5013-a2e4-de4aa477a143"",""2f2d84f4-6f41-5df7-a828-cc0a3d9cdddf"",""c68f6332-f200-5595-940d-e5bcad78f1fe"",""54c3aba8-cb42-5023-9591-5cdd68bdd7c5"",""b9ac296e-4c6c-5cdc-9e03-14868c124af2"",""022ddff9-4332-5ba5-b884-42537f220a0c"",""0d262496-18e1-5973-84a6-84fbda64d0ff"",""447860c8-1d56-518b-88ad-7e103990b756"",""616ecfda-7163-5a8d-ba60-01f623d8b124"",""656bacfc-b102-5379-8db2-2f9f127621e0"",""88f2e658-6155-5924-bc85-63fe2aabb08a"",""9f032fb3-90ca-5749-aff5-1065077ac10e"",""4d2e4005-a84b-525b-a492-d367c5e405d0"",""12b20e20-e117-5c00-83bc-e589b92b730e"",""e97a5398-37b9-5e89-91a9-9b3ae48d9534"",""7a8f92c5-5f85-593a-bf90-08e13c60a2e6"",""aa66f5e3-ac0e-57d6-9b69-aa54ea7c4fb9"",""d07b7490-853e-562b-b662-305e89e7718d"",""596c0800-372d-5056-8a35-9f8661656bf4"",""d08816e6-d4d6-5f35-9de3-d86528fa7a96"",""2e126757-f17e-5ee2-93db-94d31ed944b2"",""5e1af4e2-330f-563f-b639-2d3cd8d276c8"",""49cd1889-2a56-5913-8723-929335f68874"",""82b898ba-3b6d-567f-8996-4f259b74547e"",""d38eb7d2-e78b-5c2f-93e4-2e34846e80e6"",""33effc64-dcfe-5ced-badf-c4df49f68dc1"",""a3a03b99-34c0-504b-b529-32b798db318a"",""8b3ec7b0-123f-5597-95f7-1fafc5810d01"",""035c5442-19b8-5a84-8a59-b352a9660279"",""d6d45010-72fa-5741-b733-88958a8795d2"",""ab8215e5-b753-5a6a-a4e7-ad9caf42eeac"",""1b20061c-b208-551a-b06c-81ffeff623fc"",""9b6d0913-2ae6-5dab-ab36-d05e1c51b208"",""a27c1fb2-edc1-57e6-9d74-adb5a13fed3b"",""4696448b-8c21-591b-80cc-7344ea0b95ec"",""c1d75a33-928c-5636-b99c-def1fb29e0f5"",""61eebfb6-2555-5bce-ba71-7a750427392a"",""aba074a1-d451-595d-bc12-e257adbe7383"",""1ca34094-ee4d-5962-a78a-174d361a9cd3"",""7edb0577-da07-5c6f-8391-bb90e9822165"",""d7c5d484-54dc-5d1e-a3ac-65d60267a12c"",""f416cc8b-3bc2-5c4c-a91c-c56faf748684""]","[""9ca69e97-964f-48bb-b6c3-620ed35d0a6c"",""09038d10-5166-41d5-b4ab-33cf6a004dda""]",,,M6-evaluator-v1,observed,oracle,422,text,UP-R6-01-S02-HTTP,independent public-contract comparison,M6-ASSERTION-5a23432f-26b9-4a73-b836-efb5c2fd72cc,,,,,,,,,2026-10-07T03:08:01.124881Z,,200,,2d9849af-4973-4fd8-a822-d8a60e17e5f5,19d0a648-b87b-4265-b90c-4eff24cd59cf,9ca69e97-964f-48bb-b6c3-620ed35d0a6c,,0f0b9805-fc25-4bf7-aa89-f41feb44c3f4,,,,R6,09038d10-5166-41d5-b4ab-33cf6a004dda,,,,,,,1,failed,UP-R6-01,,,,,,,c68f6332-f200-5595-940d-e5bcad78f1fe,7cd402ff-ad21-43c9-af63-6dd50d569082,evidence observations; interpretation separate
M7-analysis-v5,ccba2ef5b0e0aacecff5dc4dda7a2f2396b2db7fbe4467b206a640c006dec3b1,R6,dbb63e68d4ed9e904fa985aa5b88d674205b6caab086a8d981ac8918a9c68fb5,"[""4afc763c-033e-501c-9c9c-453207d31e62"",""1fed9611-d0cc-51e5-86e7-4ba237c836a2"",""0e4d4039-5409-5be7-a300-ded85e9c22d7"",""1c4afc6f-6679-57b7-ab6b-cec3053e85a1"",""76216ff6-0dab-5f43-913f-741c2deb7596"",""fe7c5fea-171a-5d3e-b93c-b9d53dca7c67"",""784c942d-b222-5013-a2e4-de4aa477a143"",""2f2d84f4-6f41-5df7-a828-cc0a3d9cdddf"",""c68f6332-f200-5595-940d-e5bcad78f1fe"",""54c3aba8-cb42-5023-9591-5cdd68bdd7c5"",""b9ac296e-4c6c-5cdc-9e03-14868c124af2"",""022ddff9-4332-5ba5-b884-42537f220a0c"",""0d262496-18e1-5973-84a6-84fbda64d0ff"",""447860c8-1d56-518b-88ad-7e103990b756"",""616ecfda-7163-5a8d-ba60-01f623d8b124"",""656bacfc-b102-5379-8db2-2f9f127621e0"",""88f2e658-6155-5924-bc85-63fe2aabb08a"",""9f032fb3-90ca-5749-aff5-1065077ac10e"",""4d2e4005-a84b-525b-a492-d367c5e405d0"",""12b20e20-e117-5c00-83bc-e589b92b730e"",""e97a5398-37b9-5e89-91a9-9b3ae48d9534"",""7a8f92c5-5f85-593a-bf90-08e13c60a2e6"",""aa66f5e3-ac0e-57d6-9b69-aa54ea7c4fb9"",""d07b7490-853e-562b-b662-305e89e7718d"",""596c0800-372d-5056-8a35-9f8661656bf4"",""d08816e6-d4d6-5f35-9de3-d86528fa7a96"",""2e126757-f17e-5ee2-93db-94d31ed944b2"",""5e1af4e2-330f-563f-b639-2d3cd8d276c8"",""49cd1889-2a56-5913-8723-929335f68874"",""82b898ba-3b6d-567f-8996-4f259b74547e"",""d38eb7d2-e78b-5c2f-93e4-2e34846e80e6"",""33effc64-dcfe-5ced-badf-c4df49f68dc1"",""a3a03b99-34c0-504b-b529-32b798db318a"",""8b3ec7b0-123f-5597-95f7-1fafc5810d01"",""035c5442-19b8-5a84-8a59-b352a9660279"",""d6d45010-72fa-5741-b733-88958a8795d2"",""ab8215e5-b753-5a6a-a4e7-ad9caf42eeac"",""1b20061c-b208-551a-b06c-81ffeff623fc"",""9b6d0913-2ae6-5dab-ab36-d05e1c51b208"",""a27c1fb2-edc1-57e6-9d74-adb5a13fed3b"",""4696448b-8c21-591b-80cc-7344ea0b95ec"",""c1d75a33-928c-5636-b99c-def1fb29e0f5"",""61eebfb6-2555-5bce-ba71-7a750427392a"",""aba074a1-d451-595d-bc12-e257adbe7383"",""1ca34094-ee4d-5962-a78a-174d361a9cd3"",""7edb0577-da07-5c6f-8391-bb90e9822165"",""d7c5d484-54dc-5d1e-a3ac-65d60267a12c"",""f416cc8b-3bc2-5c4c-a91c-c56faf748684""]","[""9ca69e97-964f-48bb-b6c3-620ed35d0a6c"",""09038d10-5166-41d5-b4ab-33cf6a004dda""]",,,M6-evaluator-v1,observed,oracle,"{""avatars"":[],""data"":{},""marker"":""INPUT_ERROR"",""region_count"":1}",text,UP-R6-01-S02-RESULT,independent public-contract comparison,M6-ASSERTION-923b6772-88f5-46c8-a195-a7459db5180c,,,,,,,,,2026-10-07T03:08:01.125272Z,,"{""avatars"":[],""data"":{""path"":""study/uploads/seq-two.jpeg""},""marker"":""SUCCESS"",""region_count"":1}",,2d9849af-4973-4fd8-a822-d8a60e17e5f5,9d1fcb51-0efc-4571-a1a8-a63c4caf91d9,9ca69e97-964f-48bb-b6c3-620ed35d0a6c,,0f0b9805-fc25-4bf7-aa89-f41feb44c3f4,,,,R6,09038d10-5166-41d5-b4ab-33cf6a004dda,,,,,,,1,failed,UP-R6-01,,,,,,,c68f6332-f200-5595-940d-e5bcad78f1fe,7cd402ff-ad21-43c9-af63-6dd50d569082,evidence observations; interpretation separate
M7-analysis-v5,ccba2ef5b0e0aacecff5dc4dda7a2f2396b2db7fbe4467b206a640c006dec3b1,R6,dbb63e68d4ed9e904fa985aa5b88d674205b6caab086a8d981ac8918a9c68fb5,"[""4afc763c-033e-501c-9c9c-453207d31e62"",""1fed9611-d0cc-51e5-86e7-4ba237c836a2"",""0e4d4039-5409-5be7-a300-ded85e9c22d7"",""1c4afc6f-6679-57b7-ab6b-cec3053e85a1"",""76216ff6-0dab-5f43-913f-741c2deb7596"",""fe7c5fea-171a-5d3e-b93c-b9d53dca7c67"",""784c942d-b222-5013-a2e4-de4aa477a143"",""2f2d84f4-6f41-5df7-a828-cc0a3d9cdddf"",""c68f6332-f200-5595-940d-e5bcad78f1fe"",""54c3aba8-cb42-5023-9591-5cdd68bdd7c5"",""b9ac296e-4c6c-5cdc-9e03-14868c124af2"",""022ddff9-4332-5ba5-b884-42537f220a0c"",""0d262496-18e1-5973-84a6-84fbda64d0ff"",""447860c8-1d56-518b-88ad-7e103990b756"",""616ecfda-7163-5a8d-ba60-01f623d8b124"",""656bacfc-b102-5379-8db2-2f9f127621e0"",""88f2e658-6155-5924-bc85-63fe2aabb08a"",""9f032fb3-90ca-5749-aff5-1065077ac10e"",""4d2e4005-a84b-525b-a492-d367c5e405d0"",""12b20e20-e117-5c00-83bc-e589b92b730e"",""e97a5398-37b9-5e89-91a9-9b3ae48d9534"",""7a8f92c5-5f85-593a-bf90-08e13c60a2e6"",""aa66f5e3-ac0e-57d6-9b69-aa54ea7c4fb9"",""d07b7490-853e-562b-b662-305e89e7718d"",""596c0800-372d-5056-8a35-9f8661656bf4"",""d08816e6-d4d6-5f35-9de3-d86528fa7a96"",""2e126757-f17e-5ee2-93db-94d31ed944b2"",""5e1af4e2-330f-563f-b639-2d3cd8d276c8"",""49cd1889-2a56-5913-8723-929335f68874"",""82b898ba-3b6d-567f-8996-4f259b74547e"",""d38eb7d2-e78b-5c2f-93e4-2e34846e80e6"",""33effc64-dcfe-5ced-badf-c4df49f68dc1"",""a3a03b99-34c0-504b-b529-32b798db318a"",""8b3ec7b0-123f-5597-95f7-1fafc5810d01"",""035c5442-19b8-5a84-8a59-b352a9660279"",""d6d45010-72fa-5741-b733-88958a8795d2"",""ab8215e5-b753-5a6a-a4e7-ad9caf42eeac"",""1b20061c-b208-551a-b06c-81ffeff623fc"",""9b6d0913-2ae6-5dab-ab36-d05e1c51b208"",""a27c1fb2-edc1-57e6-9d74-adb5a13fed3b"",""4696448b-8c21-591b-80cc-7344ea0b95ec"",""c1d75a33-928c-5636-b99c-def1fb29e0f5"",""61eebfb6-2555-5bce-ba71-7a750427392a"",""aba074a1-d451-595d-bc12-e257adbe7383"",""1ca34094-ee4d-5962-a78a-174d361a9cd3"",""7edb0577-da07-5c6f-8391-bb90e9822165"",""d7c5d484-54dc-5d1e-a3ac-65d60267a12c"",""f416cc8b-3bc2-5c4c-a91c-c56faf748684""]","[""9ca69e97-964f-48bb-b6c3-620ed35d0a6c"",""09038d10-5166-41d5-b4ab-33cf6a004dda""]",,,M6-evaluator-v1,observed,oracle,"{""sentinel.txt"":{""sha256"":""cc809b73990c3ed04b989c020da6c36cfbefaff047c338817e10d2d086d9ec29"",""size"":28}}",text,UP-R6-01-S02-FILES,independent public-contract comparison,M6-ASSERTION-50ca78c4-d96b-4164-8b4f-c1f06a98bdfa,,,,,,,,,2026-10-07T03:08:01.126043Z,,"{""sentinel.txt"":{""sha256"":""cc809b73990c3ed04b989c020da6c36cfbefaff047c338817e10d2d086d9ec29"",""size"":28},""seq-one.png"":{""sha256"":""5152b4f262397512ec8d1d6f076c509a6052674e3814a0c78fb7bf368b4d5b62"",""size"":73},""seq-two.jpeg"":{""sha256"":""bfd0fb4d7039a1716a766f83be930226c9d8649aa4deeb926013cbe24dd53888"",""size"":777}}",,2d9849af-4973-4fd8-a822-d8a60e17e5f5,301c88ef-3a20-4493-a329-cd5a71234057,9ca69e97-964f-48bb-b6c3-620ed35d0a6c,,0f0b9805-fc25-4bf7-aa89-f41feb44c3f4,,,,R6,09038d10-5166-41d5-b4ab-33cf6a004dda,,,,,,,1,failed,UP-R6-01,,,,,,,c68f6332-f200-5595-940d-e5bcad78f1fe,7cd402ff-ad21-43c9-af63-6dd50d569082,evidence observations; interpretation separate
M7-analysis-v5,ccba2ef5b0e0aacecff5dc4dda7a2f2396b2db7fbe4467b206a640c006dec3b1,R6,dbb63e68d4ed9e904fa985aa5b88d674205b6caab086a8d981ac8918a9c68fb5,"[""4afc763c-033e-501c-9c9c-453207d31e62"",""1fed9611-d0cc-51e5-86e7-4ba237c836a2"",""0e4d4039-5409-5be7-a300-ded85e9c22d7"",""1c4afc6f-6679-57b7-ab6b-cec3053e85a1"",""76216ff6-0dab-5f43-913f-741c2deb7596"",""fe7c5fea-171a-5d3e-b93c-b9d53dca7c67"",""784c942d-b222-5013-a2e4-de4aa477a143"",""2f2d84f4-6f41-5df7-a828-cc0a3d9cdddf"",""c68f6332-f200-5595-940d-e5bcad78f1fe"",""54c3aba8-cb42-5023-9591-5cdd68bdd7c5"",""b9ac296e-4c6c-5cdc-9e03-14868c124af2"",""022ddff9-4332-5ba5-b884-42537f220a0c"",""0d262496-18e1-5973-84a6-84fbda64d0ff"",""447860c8-1d56-518b-88ad-7e103990b756"",""616ecfda-7163-5a8d-ba60-01f623d8b124"",""656bacfc-b102-5379-8db2-2f9f127621e0"",""88f2e658-6155-5924-bc85-63fe2aabb08a"",""9f032fb3-90ca-5749-aff5-1065077ac10e"",""4d2e4005-a84b-525b-a492-d367c5e405d0"",""12b20e20-e117-5c00-83bc-e589b92b730e"",""e97a5398-37b9-5e89-91a9-9b3ae48d9534"",""7a8f92c5-5f85-593a-bf90-08e13c60a2e6"",""aa66f5e3-ac0e-57d6-9b69-aa54ea7c4fb9"",""d07b7490-853e-562b-b662-305e89e7718d"",""596c0800-372d-5056-8a35-9f8661656bf4"",""d08816e6-d4d6-5f35-9de3-d86528fa7a96"",""2e126757-f17e-5ee2-93db-94d31ed944b2"",""5e1af4e2-330f-563f-b639-2d3cd8d276c8"",""49cd1889-2a56-5913-8723-929335f68874"",""82b898ba-3b6d-567f-8996-4f259b74547e"",""d38eb7d2-e78b-5c2f-93e4-2e34846e80e6"",""33effc64-dcfe-5ced-badf-c4df49f68dc1"",""a3a03b99-34c0-504b-b529-32b798db318a"",""8b3ec7b0-123f-5597-95f7-1fafc5810d01"",""035c5442-19b8-5a84-8a59-b352a9660279"",""d6d45010-72fa-5741-b733-88958a8795d2"",""ab8215e5-b753-5a6a-a4e7-ad9caf42eeac"",""1b20061c-b208-551a-b06c-81ffeff623fc"",""9b6d0913-2ae6-5dab-ab36-d05e1c51b208"",""a27c1fb2-edc1-57e6-9d74-adb5a13fed3b"",""4696448b-8c21-591b-80cc-7344ea0b95ec"",""c1d75a33-928c-5636-b99c-def1fb29e0f5"",""61eebfb6-2555-5bce-ba71-7a750427392a"",""aba074a1-d451-595d-bc12-e257adbe7383"",""1ca34094-ee4d-5962-a78a-174d361a9cd3"",""7edb0577-da07-5c6f-8391-bb90e9822165"",""d7c5d484-54dc-5d1e-a3ac-65d60267a12c"",""f416cc8b-3bc2-5c4c-a91c-c56faf748684""]","[""9ca69e97-964f-48bb-b6c3-620ed35d0a6c"",""4cc55119-cf52-4769-8a3c-99a17ee59b5f""]",,,M6-evaluator-v1,observed,oracle,422,text,UP-R6-01-S01-HTTP,independent public-contract comparison,M6-ASSERTION-0558961d-9751-4a52-9ede-0fdb069d7022,,,,,,,,,2026-10-07T03:08:01.123371Z,,200,,2d9849af-4973-4fd8-a822-d8a60e17e5f5,d5783858-87e3-4474-ac4d-8ceb9c9211c8,9ca69e97-964f-48bb-b6c3-620ed35d0a6c,,0f0b9805-fc25-4bf7-aa89-f41feb44c3f4,,,,R6,4cc55119-cf52-4769-8a3c-99a17ee59b5f,,,,,,,1,failed,UP-R6-01,,,,,,,c68f6332-f200-5595-940d-e5bcad78f1fe,7cd402ff-ad21-43c9-af63-6dd50d569082,evidence observations; interpretation separate
M7-analysis-v5,ccba2ef5b0e0aacecff5dc4dda7a2f2396b2db7fbe4467b206a640c006dec3b1,R6,dbb63e68d4ed9e904fa985aa5b88d674205b6caab086a8d981ac8918a9c68fb5,"[""4afc763c-033e-501c-9c9c-453207d31e62"",""1fed9611-d0cc-51e5-86e7-4ba237c836a2"",""0e4d4039-5409-5be7-a300-ded85e9c22d7"",""1c4afc6f-6679-57b7-ab6b-cec3053e85a1"",""76216ff6-0dab-5f43-913f-741c2deb7596"",""fe7c5fea-171a-5d3e-b93c-b9d53dca7c67"",""784c942d-b222-5013-a2e4-de4aa477a143"",""2f2d84f4-6f41-5df7-a828-cc0a3d9cdddf"",""c68f6332-f200-5595-940d-e5bcad78f1fe"",""54c3aba8-cb42-5023-9591-5cdd68bdd7c5"",""b9ac296e-4c6c-5cdc-9e03-14868c124af2"",""022ddff9-4332-5ba5-b884-42537f220a0c"",""0d262496-18e1-5973-84a6-84fbda64d0ff"",""447860c8-1d56-518b-88ad-7e103990b756"",""616ecfda-7163-5a8d-ba60-01f623d8b124"",""656bacfc-b102-5379-8db2-2f9f127621e0"",""88f2e658-6155-5924-bc85-63fe2aabb08a"",""9f032fb3-90ca-5749-aff5-1065077ac10e"",""4d2e4005-a84b-525b-a492-d367c5e405d0"",""12b20e20-e117-5c00-83bc-e589b92b730e"",""e97a5398-37b9-5e89-91a9-9b3ae48d9534"",""7a8f92c5-5f85-593a-bf90-08e13c60a2e6"",""aa66f5e3-ac0e-57d6-9b69-aa54ea7c4fb9"",""d07b7490-853e-562b-b662-305e89e7718d"",""596c0800-372d-5056-8a35-9f8661656bf4"",""d08816e6-d4d6-5f35-9de3-d86528fa7a96"",""2e126757-f17e-5ee2-93db-94d31ed944b2"",""5e1af4e2-330f-563f-b639-2d3cd8d276c8"",""49cd1889-2a56-5913-8723-929335f68874"",""82b898ba-3b6d-567f-8996-4f259b74547e"",""d38eb7d2-e78b-5c2f-93e4-2e34846e80e6"",""33effc64-dcfe-5ced-badf-c4df49f68dc1"",""a3a03b99-34c0-504b-b529-32b798db318a"",""8b3ec7b0-123f-5597-95f7-1fafc5810d01"",""035c5442-19b8-5a84-8a59-b352a9660279"",""d6d45010-72fa-5741-b733-88958a8795d2"",""ab8215e5-b753-5a6a-a4e7-ad9caf42eeac"",""1b20061c-b208-551a-b06c-81ffeff623fc"",""9b6d0913-2ae6-5dab-ab36-d05e1c51b208"",""a27c1fb2-edc1-57e6-9d74-adb5a13fed3b"",""4696448b-8c21-591b-80cc-7344ea0b95ec"",""c1d75a33-928c-5636-b99c-def1fb29e0f5"",""61eebfb6-2555-5bce-ba71-7a750427392a"",""aba074a1-d451-595d-bc12-e257adbe7383"",""1ca34094-ee4d-5962-a78a-174d361a9cd3"",""7edb0577-da07-5c6f-8391-bb90e9822165"",""d7c5d484-54dc-5d1e-a3ac-65d60267a12c"",""f416cc8b-3bc2-5c4c-a91c-c56faf748684""]","[""9ca69e97-964f-48bb-b6c3-620ed35d0a6c"",""4cc55119-cf52-4769-8a3c-99a17ee59b5f""]",,,M6-evaluator-v1,observed,oracle,"{""avatars"":[],""data"":{},""marker"":""INPUT_ERROR"",""region_count"":1}",text,UP-R6-01-S01-RESULT,independent public-contract comparison,M6-ASSERTION-d80b09a9-958d-453a-b887-373bee773c7a,,,,,,,,,2026-10-07T03:08:01.123704Z,,"{""avatars"":[],""data"":{""path"":""study/uploads/seq-one.png""},""marker"":""SUCCESS"",""region_count"":1}",,2d9849af-4973-4fd8-a822-d8a60e17e5f5,a8913401-1aca-437a-acf6-9974b842b9fe,9ca69e97-964f-48bb-b6c3-620ed35d0a6c,,0f0b9805-fc25-4bf7-aa89-f41feb44c3f4,,,,R6,4cc55119-cf52-4769-8a3c-99a17ee59b5f,,,,,,,1,failed,UP-R6-01,,,,,,,c68f6332-f200-5595-940d-e5bcad78f1fe,7cd402ff-ad21-43c9-af63-6dd50d569082,evidence observations; interpretation separate
M7-analysis-v5,ccba2ef5b0e0aacecff5dc4dda7a2f2396b2db7fbe4467b206a640c006dec3b1,R6,dbb63e68d4ed9e904fa985aa5b88d674205b6caab086a8d981ac8918a9c68fb5,"[""4afc763c-033e-501c-9c9c-453207d31e62"",""1fed9611-d0cc-51e5-86e7-4ba237c836a2"",""0e4d4039-5409-5be7-a300-ded85e9c22d7"",""1c4afc6f-6679-57b7-ab6b-cec3053e85a1"",""76216ff6-0dab-5f43-913f-741c2deb7596"",""fe7c5fea-171a-5d3e-b93c-b9d53dca7c67"",""784c942d-b222-5013-a2e4-de4aa477a143"",""2f2d84f4-6f41-5df7-a828-cc0a3d9cdddf"",""c68f6332-f200-5595-940d-e5bcad78f1fe"",""54c3aba8-cb42-5023-9591-5cdd68bdd7c5"",""b9ac296e-4c6c-5cdc-9e03-14868c124af2"",""022ddff9-4332-5ba5-b884-42537f220a0c"",""0d262496-18e1-5973-84a6-84fbda64d0ff"",""447860c8-1d56-518b-88ad-7e103990b756"",""616ecfda-7163-5a8d-ba60-01f623d8b124"",""656bacfc-b102-5379-8db2-2f9f127621e0"",""88f2e658-6155-5924-bc85-63fe2aabb08a"",""9f032fb3-90ca-5749-aff5-1065077ac10e"",""4d2e4005-a84b-525b-a492-d367c5e405d0"",""12b20e20-e117-5c00-83bc-e589b92b730e"",""e97a5398-37b9-5e89-91a9-9b3ae48d9534"",""7a8f92c5-5f85-593a-bf90-08e13c60a2e6"",""aa66f5e3-ac0e-57d6-9b69-aa54ea7c4fb9"",""d07b7490-853e-562b-b662-305e89e7718d"",""596c0800-372d-5056-8a35-9f8661656bf4"",""d08816e6-d4d6-5f35-9de3-d86528fa7a96"",""2e126757-f17e-5ee2-93db-94d31ed944b2"",""5e1af4e2-330f-563f-b639-2d3cd8d276c8"",""49cd1889-2a56-5913-8723-929335f68874"",""82b898ba-3b6d-567f-8996-4f259b74547e"",""d38eb7d2-e78b-5c2f-93e4-2e34846e80e6"",""33effc64-dcfe-5ced-badf-c4df49f68dc1"",""a3a03b99-34c0-504b-b529-32b798db318a"",""8b3ec7b0-123f-5597-95f7-1fafc5810d01"",""035c5442-19b8-5a84-8a59-b352a9660279"",""d6d45010-72fa-5741-b733-88958a8795d2"",""ab8215e5-b753-5a6a-a4e7-ad9caf42eeac"",""1b20061c-b208-551a-b06c-81ffeff623fc"",""9b6d0913-2ae6-5dab-ab36-d05e1c51b208"",""a27c1fb2-edc1-57e6-9d74-adb5a13fed3b"",""4696448b-8c21-591b-80cc-7344ea0b95ec"",""c1d75a33-928c-5636-b99c-def1fb29e0f5"",""61eebfb6-2555-5bce-ba71-7a750427392a"",""aba074a1-d451-595d-bc12-e257adbe7383"",""1ca34094-ee4d-5962-a78a-174d361a9cd3"",""7edb0577-da07-5c6f-8391-bb90e9822165"",""d7c5d484-54dc-5d1e-a3ac-65d60267a12c"",""f416cc8b-3bc2-5c4c-a91c-c56faf748684""]","[""9ca69e97-964f-48bb-b6c3-620ed35d0a6c"",""4cc55119-cf52-4769-8a3c-99a17ee59b5f""]",,,M6-evaluator-v1,observed,oracle,"{""sentinel.txt"":{""sha256"":""cc809b73990c3ed04b989c020da6c36cfbefaff047c338817e10d2d086d9ec29"",""size"":28}}",text,UP-R6-01-S01-FILES,independent public-contract comparison,M6-ASSERTION-0647a617-cc32-4c23-be17-01cc73fb716e,,,,,,,,,2026-10-07T03:08:01.124527Z,,"{""sentinel.txt"":{""sha256"":""cc809b73990c3ed04b989c020da6c36cfbefaff047c338817e10d2d086d9ec29"",""size"":28},""seq-one.png"":{""sha256"":""5152b4f262397512ec8d1d6f076c509a6052674e3814a0c78fb7bf368b4d5b62"",""size"":73}}",,2d9849af-4973-4fd8-a822-d8a60e17e5f5,a4f5701a-47fa-4c33-a234-557cf52537c5,9ca69e97-964f-48bb-b6c3-620ed35d0a6c,,0f0b9805-fc25-4bf7-aa89-f41feb44c3f4,,,,R6,4cc55119-cf52-4769-8a3c-99a17ee59b5f,,,,,,,1,failed,UP-R6-01,,,,,,,c68f6332-f200-5595-940d-e5bcad78f1fe,7cd402ff-ad21-43c9-af63-6dd50d569082,evidence observations; interpretation separate
M7-analysis-v5,ccba2ef5b0e0aacecff5dc4dda7a2f2396b2db7fbe4467b206a640c006dec3b1,R6,dbb63e68d4ed9e904fa985aa5b88d674205b6caab086a8d981ac8918a9c68fb5,"[""4afc763c-033e-501c-9c9c-453207d31e62"",""1fed9611-d0cc-51e5-86e7-4ba237c836a2"",""0e4d4039-5409-5be7-a300-ded85e9c22d7"",""1c4afc6f-6679-57b7-ab6b-cec3053e85a1"",""76216ff6-0dab-5f43-913f-741c2deb7596"",""fe7c5fea-171a-5d3e-b93c-b9d53dca7c67"",""784c942d-b222-5013-a2e4-de4aa477a143"",""2f2d84f4-6f41-5df7-a828-cc0a3d9cdddf"",""c68f6332-f200-5595-940d-e5bcad78f1fe"",""54c3aba8-cb42-5023-9591-5cdd68bdd7c5"",""b9ac296e-4c6c-5cdc-9e03-14868c124af2"",""022ddff9-4332-5ba5-b884-42537f220a0c"",""0d262496-18e1-5973-84a6-84fbda64d0ff"",""447860c8-1d56-518b-88ad-7e103990b756"",""616ecfda-7163-5a8d-ba60-01f623d8b124"",""656bacfc-b102-5379-8db2-2f9f127621e0"",""88f2e658-6155-5924-bc85-63fe2aabb08a"",""9f032fb3-90ca-5749-aff5-1065077ac10e"",""4d2e4005-a84b-525b-a492-d367c5e405d0"",""12b20e20-e117-5c00-83bc-e589b92b730e"",""e97a5398-37b9-5e89-91a9-9b3ae48d9534"",""7a8f92c5-5f85-593a-bf90-08e13c60a2e6"",""aa66f5e3-ac0e-57d6-9b69-aa54ea7c4fb9"",""d07b7490-853e-562b-b662-305e89e7718d"",""596c0800-372d-5056-8a35-9f8661656bf4"",""d08816e6-d4d6-5f35-9de3-d86528fa7a96"",""2e126757-f17e-5ee2-93db-94d31ed944b2"",""5e1af4e2-330f-563f-b639-2d3cd8d276c8"",""49cd1889-2a56-5913-8723-929335f68874"",""82b898ba-3b6d-567f-8996-4f259b74547e"",""d38eb7d2-e78b-5c2f-93e4-2e34846e80e6"",""33effc64-dcfe-5ced-badf-c4df49f68dc1"",""a3a03b99-34c0-504b-b529-32b798db318a"",""8b3ec7b0-123f-5597-95f7-1fafc5810d01"",""035c5442-19b8-5a84-8a59-b352a9660279"",""d6d45010-72fa-5741-b733-88958a8795d2"",""ab8215e5-b753-5a6a-a4e7-ad9caf42eeac"",""1b20061c-b208-551a-b06c-81ffeff623fc"",""9b6d0913-2ae6-5dab-ab36-d05e1c51b208"",""a27c1fb2-edc1-57e6-9d74-adb5a13fed3b"",""4696448b-8c21-591b-80cc-7344ea0b95ec"",""c1d75a33-928c-5636-b99c-def1fb29e0f5"",""61eebfb6-2555-5bce-ba71-7a750427392a"",""aba074a1-d451-595d-bc12-e257adbe7383"",""1ca34094-ee4d-5962-a78a-174d361a9cd3"",""7edb0577-da07-5c6f-8391-bb90e9822165"",""d7c5d484-54dc-5d1e-a3ac-65d60267a12c"",""f416cc8b-3bc2-5c4c-a91c-c56faf748684""]","[""9ca69e97-964f-48bb-b6c3-620ed35d0a6c"",""dc7f53be-f83d-45e9-8e03-893c52610765""]",,,M6-evaluator-v1,observed,oracle,422,text,UP-R6-01-S03-HTTP,independent public-contract comparison,M6-ASSERTION-7cfafd19-4ddd-4683-9373-d2caafe19a45,,,,,,,,,2026-10-07T03:08:01.126397Z,,200,,2d9849af-4973-4fd8-a822-d8a60e17e5f5,d0efecd3-254a-4ca1-bc7e-d09cac17efaf,9ca69e97-964f-48bb-b6c3-620ed35d0a6c,,0f0b9805-fc25-4bf7-aa89-f41feb44c3f4,,,,R6,dc7f53be-f83d-45e9-8e03-893c52610765,,,,,,,1,failed,UP-R6-01,,,,,,,c68f6332-f200-5595-940d-e5bcad78f1fe,7cd402ff-ad21-43c9-af63-6dd50d569082,evidence observations; interpretation separate
M7-analysis-v5,ccba2ef5b0e0aacecff5dc4dda7a2f2396b2db7fbe4467b206a640c006dec3b1,R6,dbb63e68d4ed9e904fa985aa5b88d674205b6caab086a8d981ac8918a9c68fb5,"[""4afc763c-033e-501c-9c9c-453207d31e62"",""1fed9611-d0cc-51e5-86e7-4ba237c836a2"",""0e4d4039-5409-5be7-a300-ded85e9c22d7"",""1c4afc6f-6679-57b7-ab6b-cec3053e85a1"",""76216ff6-0dab-5f43-913f-741c2deb7596"",""fe7c5fea-171a-5d3e-b93c-b9d53dca7c67"",""784c942d-b222-5013-a2e4-de4aa477a143"",""2f2d84f4-6f41-5df7-a828-cc0a3d9cdddf"",""c68f6332-f200-5595-940d-e5bcad78f1fe"",""54c3aba8-cb42-5023-9591-5cdd68bdd7c5"",""b9ac296e-4c6c-5cdc-9e03-14868c124af2"",""022ddff9-4332-5ba5-b884-42537f220a0c"",""0d262496-18e1-5973-84a6-84fbda64d0ff"",""447860c8-1d56-518b-88ad-7e103990b756"",""616ecfda-7163-5a8d-ba60-01f623d8b124"",""656bacfc-b102-5379-8db2-2f9f127621e0"",""88f2e658-6155-5924-bc85-63fe2aabb08a"",""9f032fb3-90ca-5749-aff5-1065077ac10e"",""4d2e4005-a84b-525b-a492-d367c5e405d0"",""12b20e20-e117-5c00-83bc-e589b92b730e"",""e97a5398-37b9-5e89-91a9-9b3ae48d9534"",""7a8f92c5-5f85-593a-bf90-08e13c60a2e6"",""aa66f5e3-ac0e-57d6-9b69-aa54ea7c4fb9"",""d07b7490-853e-562b-b662-305e89e7718d"",""596c0800-372d-5056-8a35-9f8661656bf4"",""d08816e6-d4d6-5f35-9de3-d86528fa7a96"",""2e126757-f17e-5ee2-93db-94d31ed944b2"",""5e1af4e2-330f-563f-b639-2d3cd8d276c8"",""49cd1889-2a56-5913-8723-929335f68874"",""82b898ba-3b6d-567f-8996-4f259b74547e"",""d38eb7d2-e78b-5c2f-93e4-2e34846e80e6"",""33effc64-dcfe-5ced-badf-c4df49f68dc1"",""a3a03b99-34c0-504b-b529-32b798db318a"",""8b3ec7b0-123f-5597-95f7-1fafc5810d01"",""035c5442-19b8-5a84-8a59-b352a9660279"",""d6d45010-72fa-5741-b733-88958a8795d2"",""ab8215e5-b753-5a6a-a4e7-ad9caf42eeac"",""1b20061c-b208-551a-b06c-81ffeff623fc"",""9b6d0913-2ae6-5dab-ab36-d05e1c51b208"",""a27c1fb2-edc1-57e6-9d74-adb5a13fed3b"",""4696448b-8c21-591b-80cc-7344ea0b95ec"",""c1d75a33-928c-5636-b99c-def1fb29e0f5"",""61eebfb6-2555-5bce-ba71-7a750427392a"",""aba074a1-d451-595d-bc12-e257adbe7383"",""1ca34094-ee4d-5962-a78a-174d361a9cd3"",""7edb0577-da07-5c6f-8391-bb90e9822165"",""d7c5d484-54dc-5d1e-a3ac-65d60267a12c"",""f416cc8b-3bc2-5c4c-a91c-c56faf748684""]","[""9ca69e97-964f-48bb-b6c3-620ed35d0a6c"",""dc7f53be-f83d-45e9-8e03-893c52610765""]",,,M6-evaluator-v1,observed,oracle,"{""avatars"":[],""data"":{},""marker"":""INPUT_ERROR"",""region_count"":1}",text,UP-R6-01-S03-RESULT,independent public-contract comparison,M6-ASSERTION-08b2bfbc-6665-459d-a093-5055272ab7d0,,,,,,,,,2026-10-07T03:08:01.126748Z,,"{""avatars"":[],""data"":{""path"":""study/uploads/seq-three.png""},""marker"":""SUCCESS"",""region_count"":1}",,2d9849af-4973-4fd8-a822-d8a60e17e5f5,a8a79f9e-83a9-4474-88aa-f921db2247ed,9ca69e97-964f-48bb-b6c3-620ed35d0a6c,,0f0b9805-fc25-4bf7-aa89-f41feb44c3f4,,,,R6,dc7f53be-f83d-45e9-8e03-893c52610765,,,,,,,1,failed,UP-R6-01,,,,,,,c68f6332-f200-5595-940d-e5bcad78f1fe,7cd402ff-ad21-43c9-af63-6dd50d569082,evidence observations; interpretation separate
M7-analysis-v5,ccba2ef5b0e0aacecff5dc4dda7a2f2396b2db7fbe4467b206a640c006dec3b1,R6,dbb63e68d4ed9e904fa985aa5b88d674205b6caab086a8d981ac8918a9c68fb5,"[""4afc763c-033e-501c-9c9c-453207d31e62"",""1fed9611-d0cc-51e5-86e7-4ba237c836a2"",""0e4d4039-5409-5be7-a300-ded85e9c22d7"",""1c4afc6f-6679-57b7-ab6b-cec3053e85a1"",""76216ff6-0dab-5f43-913f-741c2deb7596"",""fe7c5fea-171a-5d3e-b93c-b9d53dca7c67"",""784c942d-b222-5013-a2e4-de4aa477a143"",""2f2d84f4-6f41-5df7-a828-cc0a3d9cdddf"",""c68f6332-f200-5595-940d-e5bcad78f1fe"",""54c3aba8-cb42-5023-9591-5cdd68bdd7c5"",""b9ac296e-4c6c-5cdc-9e03-14868c124af2"",""022ddff9-4332-5ba5-b884-42537f220a0c"",""0d262496-18e1-5973-84a6-84fbda64d0ff"",""447860c8-1d56-518b-88ad-7e103990b756"",""616ecfda-7163-5a8d-ba60-01f623d8b124"",""656bacfc-b102-5379-8db2-2f9f127621e0"",""88f2e658-6155-5924-bc85-63fe2aabb08a"",""9f032fb3-90ca-5749-aff5-1065077ac10e"",""4d2e4005-a84b-525b-a492-d367c5e405d0"",""12b20e20-e117-5c00-83bc-e589b92b730e"",""e97a5398-37b9-5e89-91a9-9b3ae48d9534"",""7a8f92c5-5f85-593a-bf90-08e13c60a2e6"",""aa66f5e3-ac0e-57d6-9b69-aa54ea7c4fb9"",""d07b7490-853e-562b-b662-305e89e7718d"",""596c0800-372d-5056-8a35-9f8661656bf4"",""d08816e6-d4d6-5f35-9de3-d86528fa7a96"",""2e126757-f17e-5ee2-93db-94d31ed944b2"",""5e1af4e2-330f-563f-b639-2d3cd8d276c8"",""49cd1889-2a56-5913-8723-929335f68874"",""82b898ba-3b6d-567f-8996-4f259b74547e"",""d38eb7d2-e78b-5c2f-93e4-2e34846e80e6"",""33effc64-dcfe-5ced-badf-c4df49f68dc1"",""a3a03b99-34c0-504b-b529-32b798db318a"",""8b3ec7b0-123f-5597-95f7-1fafc5810d01"",""035c5442-19b8-5a84-8a59-b352a9660279"",""d6d45010-72fa-5741-b733-88958a8795d2"",""ab8215e5-b753-5a6a-a4e7-ad9caf42eeac"",""1b20061c-b208-551a-b06c-81ffeff623fc"",""9b6d0913-2ae6-5dab-ab36-d05e1c51b208"",""a27c1fb2-edc1-57e6-9d74-adb5a13fed3b"",""4696448b-8c21-591b-80cc-7344ea0b95ec"",""c1d75a33-928c-5636-b99c-def1fb29e0f5"",""61eebfb6-2555-5bce-ba71-7a750427392a"",""aba074a1-d451-595d-bc12-e257adbe7383"",""1ca34094-ee4d-5962-a78a-174d361a9cd3"",""7edb0577-da07-5c6f-8391-bb90e9822165"",""d7c5d484-54dc-5d1e-a3ac-65d60267a12c"",""f416cc8b-3bc2-5c4c-a91c-c56faf748684""]","[""9ca69e97-964f-48bb-b6c3-620ed35d0a6c"",""dc7f53be-f83d-45e9-8e03-893c52610765""]",,,M6-evaluator-v1,observed,oracle,"{""sentinel.txt"":{""sha256"":""cc809b73990c3ed04b989c020da6c36cfbefaff047c338817e10d2d086d9ec29"",""size"":28}}",text,UP-R6-01-S03-FILES,independent public-contract comparison,M6-ASSERTION-f7780dbd-b7c5-4f27-9e9c-a84b26be271b,,,,,,,,,2026-10-07T03:08:01.127467Z,,"{""sentinel.txt"":{""sha256"":""cc809b73990c3ed04b989c020da6c36cfbefaff047c338817e10d2d086d9ec29"",""size"":28},""seq-one.png"":{""sha256"":""5152b4f262397512ec8d1d6f076c509a6052674e3814a0c78fb7bf368b4d5b62"",""size"":73},""seq-three.png"":{""sha256"":""31bd12297554963e960c136b22a7a6dade4b234dc5c5a370bb16671f12af98ad"",""size"":73},""seq-two.jpeg"":{""sha256"":""bfd0fb4d7039a1716a766f83be930226c9d8649aa4deeb926013cbe24dd53888"",""size"":777}}",,2d9849af-4973-4fd8-a822-d8a60e17e5f5,affb136a-e175-40f3-9985-deb0f3d613eb,9ca69e97-964f-48bb-b6c3-620ed35d0a6c,,0f0b9805-fc25-4bf7-aa89-f41feb44c3f4,,,,R6,dc7f53be-f83d-45e9-8e03-893c52610765,,,,,,,1,failed,UP-R6-01,,,,,,,c68f6332-f200-5595-940d-e5bcad78f1fe,7cd402ff-ad21-43c9-af63-6dd50d569082,evidence observations; interpretation separate
M7-analysis-v5,d1c7cfe739bde7675213666c36301ae75805470a0e7f4b564d95bbc90500c1e4,R2,dbb63e68d4ed9e904fa985aa5b88d674205b6caab086a8d981ac8918a9c68fb5,"[""4afc763c-033e-501c-9c9c-453207d31e62"",""1fed9611-d0cc-51e5-86e7-4ba237c836a2"",""0e4d4039-5409-5be7-a300-ded85e9c22d7"",""1c4afc6f-6679-57b7-ab6b-cec3053e85a1"",""76216ff6-0dab-5f43-913f-741c2deb7596"",""fe7c5fea-171a-5d3e-b93c-b9d53dca7c67"",""784c942d-b222-5013-a2e4-de4aa477a143"",""2f2d84f4-6f41-5df7-a828-cc0a3d9cdddf"",""c68f6332-f200-5595-940d-e5bcad78f1fe"",""54c3aba8-cb42-5023-9591-5cdd68bdd7c5"",""b9ac296e-4c6c-5cdc-9e03-14868c124af2"",""022ddff9-4332-5ba5-b884-42537f220a0c"",""0d262496-18e1-5973-84a6-84fbda64d0ff"",""447860c8-1d56-518b-88ad-7e103990b756"",""616ecfda-7163-5a8d-ba60-01f623d8b124"",""656bacfc-b102-5379-8db2-2f9f127621e0"",""88f2e658-6155-5924-bc85-63fe2aabb08a"",""9f032fb3-90ca-5749-aff5-1065077ac10e"",""4d2e4005-a84b-525b-a492-d367c5e405d0"",""12b20e20-e117-5c00-83bc-e589b92b730e"",""e97a5398-37b9-5e89-91a9-9b3ae48d9534"",""7a8f92c5-5f85-593a-bf90-08e13c60a2e6"",""aa66f5e3-ac0e-57d6-9b69-aa54ea7c4fb9"",""d07b7490-853e-562b-b662-305e89e7718d"",""596c0800-372d-5056-8a35-9f8661656bf4"",""d08816e6-d4d6-5f35-9de3-d86528fa7a96"",""2e126757-f17e-5ee2-93db-94d31ed944b2"",""5e1af4e2-330f-563f-b639-2d3cd8d276c8"",""49cd1889-2a56-5913-8723-929335f68874"",""82b898ba-3b6d-567f-8996-4f259b74547e"",""d38eb7d2-e78b-5c2f-93e4-2e34846e80e6"",""33effc64-dcfe-5ced-badf-c4df49f68dc1"",""a3a03b99-34c0-504b-b529-32b798db318a"",""8b3ec7b0-123f-5597-95f7-1fafc5810d01"",""035c5442-19b8-5a84-8a59-b352a9660279"",""d6d45010-72fa-5741-b733-88958a8795d2"",""ab8215e5-b753-5a6a-a4e7-ad9caf42eeac"",""1b20061c-b208-551a-b06c-81ffeff623fc"",""9b6d0913-2ae6-5dab-ab36-d05e1c51b208"",""a27c1fb2-edc1-57e6-9d74-adb5a13fed3b"",""4696448b-8c21-591b-80cc-7344ea0b95ec"",""c1d75a33-928c-5636-b99c-def1fb29e0f5"",""61eebfb6-2555-5bce-ba71-7a750427392a"",""aba074a1-d451-595d-bc12-e257adbe7383"",""1ca34094-ee4d-5962-a78a-174d361a9cd3"",""7edb0577-da07-5c6f-8391-bb90e9822165"",""d7c5d484-54dc-5d1e-a3ac-65d60267a12c"",""f416cc8b-3bc2-5c4c-a91c-c56faf748684""]","[""9cff5d8c-239d-4300-b18a-3a318217285e"",""b27ea039-f29f-4eb9-9726-c53e88e1986a""]",,,M6-evaluator-v1,observed,oracle,422,text,UP-R2-01-S01-HTTP,independent public-contract comparison,M6-ASSERTION-b6fec0c7-586c-4f9d-ad32-1851d2c9f576,,,,,,,,,2026-10-07T21:20:24.923994Z,,200,,2d9849af-4973-4fd8-a822-d8a60e17e5f5,59782905-9fb5-4c11-abda-43acc2cf4cc3,9cff5d8c-239d-4300-b18a-3a318217285e,,14f4a0e2-b6f0-49da-bc80-f5d421676727,,,,R2,b27ea039-f29f-4eb9-9726-c53e88e1986a,,,,,,,1,failed,UP-R2-01,,,,,,,61eebfb6-2555-5bce-ba71-7a750427392a,f699e69a-7d8c-4120-aed3-1fc1c8856b68,evidence observations; interpretation separate
M7-analysis-v5,d1c7cfe739bde7675213666c36301ae75805470a0e7f4b564d95bbc90500c1e4,R2,dbb63e68d4ed9e904fa985aa5b88d674205b6caab086a8d981ac8918a9c68fb5,"[""4afc763c-033e-501c-9c9c-453207d31e62"",""1fed9611-d0cc-51e5-86e7-4ba237c836a2"",""0e4d4039-5409-5be7-a300-ded85e9c22d7"",""1c4afc6f-6679-57b7-ab6b-cec3053e85a1"",""76216ff6-0dab-5f43-913f-741c2deb7596"",""fe7c5fea-171a-5d3e-b93c-b9d53dca7c67"",""784c942d-b222-5013-a2e4-de4aa477a143"",""2f2d84f4-6f41-5df7-a828-cc0a3d9cdddf"",""c68f6332-f200-5595-940d-e5bcad78f1fe"",""54c3aba8-cb42-5023-9591-5cdd68bdd7c5"",""b9ac296e-4c6c-5cdc-9e03-14868c124af2"",""022ddff9-4332-5ba5-b884-42537f220a0c"",""0d262496-18e1-5973-84a6-84fbda64d0ff"",""447860c8-1d56-518b-88ad-7e103990b756"",""616ecfda-7163-5a8d-ba60-01f623d8b124"",""656bacfc-b102-5379-8db2-2f9f127621e0"",""88f2e658-6155-5924-bc85-63fe2aabb08a"",""9f032fb3-90ca-5749-aff5-1065077ac10e"",""4d2e4005-a84b-525b-a492-d367c5e405d0"",""12b20e20-e117-5c00-83bc-e589b92b730e"",""e97a5398-37b9-5e89-91a9-9b3ae48d9534"",""7a8f92c5-5f85-593a-bf90-08e13c60a2e6"",""aa66f5e3-ac0e-57d6-9b69-aa54ea7c4fb9"",""d07b7490-853e-562b-b662-305e89e7718d"",""596c0800-372d-5056-8a35-9f8661656bf4"",""d08816e6-d4d6-5f35-9de3-d86528fa7a96"",""2e126757-f17e-5ee2-93db-94d31ed944b2"",""5e1af4e2-330f-563f-b639-2d3cd8d276c8"",""49cd1889-2a56-5913-8723-929335f68874"",""82b898ba-3b6d-567f-8996-4f259b74547e"",""d38eb7d2-e78b-5c2f-93e4-2e34846e80e6"",""33effc64-dcfe-5ced-badf-c4df49f68dc1"",""a3a03b99-34c0-504b-b529-32b798db318a"",""8b3ec7b0-123f-5597-95f7-1fafc5810d01"",""035c5442-19b8-5a84-8a59-b352a9660279"",""d6d45010-72fa-5741-b733-88958a8795d2"",""ab8215e5-b753-5a6a-a4e7-ad9caf42eeac"",""1b20061c-b208-551a-b06c-81ffeff623fc"",""9b6d0913-2ae6-5dab-ab36-d05e1c51b208"",""a27c1fb2-edc1-57e6-9d74-adb5a13fed3b"",""4696448b-8c21-591b-80cc-7344ea0b95ec"",""c1d75a33-928c-5636-b99c-def1fb29e0f5"",""61eebfb6-2555-5bce-ba71-7a750427392a"",""aba074a1-d451-595d-bc12-e257adbe7383"",""1ca34094-ee4d-5962-a78a-174d361a9cd3"",""7edb0577-da07-5c6f-8391-bb90e9822165"",""d7c5d484-54dc-5d1e-a3ac-65d60267a12c"",""f416cc8b-3bc2-5c4c-a91c-c56faf748684""]","[""9cff5d8c-239d-4300-b18a-3a318217285e"",""b27ea039-f29f-4eb9-9726-c53e88e1986a""]",,,M6-evaluator-v1,observed,oracle,"{""avatars"":[],""data"":{},""marker"":""INPUT_ERROR"",""region_count"":1}",text,UP-R2-01-S01-RESULT,independent public-contract comparison,M6-ASSERTION-063d03b8-f273-4ee6-83b3-596ae7f3a6ca,,,,,,,,,2026-10-07T21:20:24.924440Z,,"{""avatars"":[],""data"":{""path"":""study/uploads/amber.png""},""marker"":""SUCCESS"",""region_count"":1}",,2d9849af-4973-4fd8-a822-d8a60e17e5f5,a34e54d4-d360-4cef-b965-9ddeee8883fa,9cff5d8c-239d-4300-b18a-3a318217285e,,14f4a0e2-b6f0-49da-bc80-f5d421676727,,,,R2,b27ea039-f29f-4eb9-9726-c53e88e1986a,,,,,,,1,failed,UP-R2-01,,,,,,,61eebfb6-2555-5bce-ba71-7a750427392a,f699e69a-7d8c-4120-aed3-1fc1c8856b68,evidence observations; interpretation separate
M7-analysis-v5,d1c7cfe739bde7675213666c36301ae75805470a0e7f4b564d95bbc90500c1e4,R2,dbb63e68d4ed9e904fa985aa5b88d674205b6caab086a8d981ac8918a9c68fb5,"[""4afc763c-033e-501c-9c9c-453207d31e62"",""1fed9611-d0cc-51e5-86e7-4ba237c836a2"",""0e4d4039-5409-5be7-a300-ded85e9c22d7"",""1c4afc6f-6679-57b7-ab6b-cec3053e85a1"",""76216ff6-0dab-5f43-913f-741c2deb7596"",""fe7c5fea-171a-5d3e-b93c-b9d53dca7c67"",""784c942d-b222-5013-a2e4-de4aa477a143"",""2f2d84f4-6f41-5df7-a828-cc0a3d9cdddf"",""c68f6332-f200-5595-940d-e5bcad78f1fe"",""54c3aba8-cb42-5023-9591-5cdd68bdd7c5"",""b9ac296e-4c6c-5cdc-9e03-14868c124af2"",""022ddff9-4332-5ba5-b884-42537f220a0c"",""0d262496-18e1-5973-84a6-84fbda64d0ff"",""447860c8-1d56-518b-88ad-7e103990b756"",""616ecfda-7163-5a8d-ba60-01f623d8b124"",""656bacfc-b102-5379-8db2-2f9f127621e0"",""88f2e658-6155-5924-bc85-63fe2aabb08a"",""9f032fb3-90ca-5749-aff5-1065077ac10e"",""4d2e4005-a84b-525b-a492-d367c5e405d0"",""12b20e20-e117-5c00-83bc-e589b92b730e"",""e97a5398-37b9-5e89-91a9-9b3ae48d9534"",""7a8f92c5-5f85-593a-bf90-08e13c60a2e6"",""aa66f5e3-ac0e-57d6-9b69-aa54ea7c4fb9"",""d07b7490-853e-562b-b662-305e89e7718d"",""596c0800-372d-5056-8a35-9f8661656bf4"",""d08816e6-d4d6-5f35-9de3-d86528fa7a96"",""2e126757-f17e-5ee2-93db-94d31ed944b2"",""5e1af4e2-330f-563f-b639-2d3cd8d276c8"",""49cd1889-2a56-5913-8723-929335f68874"",""82b898ba-3b6d-567f-8996-4f259b74547e"",""d38eb7d2-e78b-5c2f-93e4-2e34846e80e6"",""33effc64-dcfe-5ced-badf-c4df49f68dc1"",""a3a03b99-34c0-504b-b529-32b798db318a"",""8b3ec7b0-123f-5597-95f7-1fafc5810d01"",""035c5442-19b8-5a84-8a59-b352a9660279"",""d6d45010-72fa-5741-b733-88958a8795d2"",""ab8215e5-b753-5a6a-a4e7-ad9caf42eeac"",""1b20061c-b208-551a-b06c-81ffeff623fc"",""9b6d0913-2ae6-5dab-ab36-d05e1c51b208"",""a27c1fb2-edc1-57e6-9d74-adb5a13fed3b"",""4696448b-8c21-591b-80cc-7344ea0b95ec"",""c1d75a33-928c-5636-b99c-def1fb29e0f5"",""61eebfb6-2555-5bce-ba71-7a750427392a"",""aba074a1-d451-595d-bc12-e257adbe7383"",""1ca34094-ee4d-5962-a78a-174d361a9cd3"",""7edb0577-da07-5c6f-8391-bb90e9822165"",""d7c5d484-54dc-5d1e-a3ac-65d60267a12c"",""f416cc8b-3bc2-5c4c-a91c-c56faf748684""]","[""9cff5d8c-239d-4300-b18a-3a318217285e"",""b27ea039-f29f-4eb9-9726-c53e88e1986a""]",,,M6-evaluator-v1,observed,oracle,"{""sentinel.txt"":{""sha256"":""cc809b73990c3ed04b989c020da6c36cfbefaff047c338817e10d2d086d9ec29"",""size"":28}}",text,UP-R2-01-S01-FILES,independent public-contract comparison,M6-ASSERTION-ac4fc0f6-aec6-4d7d-a296-6bc81c16e341,,,,,,,,,2026-10-07T21:20:24.926335Z,,"{""amber.png"":{""sha256"":""5152b4f262397512ec8d1d6f076c509a6052674e3814a0c78fb7bf368b4d5b62"",""size"":73},""sentinel.txt"":{""sha256"":""cc809b73990c3ed04b989c020da6c36cfbefaff047c338817e10d2d086d9ec29"",""size"":28}}",,2d9849af-4973-4fd8-a822-d8a60e17e5f5,aca4e94c-ac7d-4ab5-8b54-39fa386a8226,9cff5d8c-239d-4300-b18a-3a318217285e,,14f4a0e2-b6f0-49da-bc80-f5d421676727,,,,R2,b27ea039-f29f-4eb9-9726-c53e88e1986a,,,,,,,1,failed,UP-R2-01,,,,,,,61eebfb6-2555-5bce-ba71-7a750427392a,f699e69a-7d8c-4120-aed3-1fc1c8856b68,evidence observations; interpretation separate
M7-analysis-v5,d1c7cfe739bde7675213666c36301ae75805470a0e7f4b564d95bbc90500c1e4,R2,dbb63e68d4ed9e904fa985aa5b88d674205b6caab086a8d981ac8918a9c68fb5,"[""4afc763c-033e-501c-9c9c-453207d31e62"",""1fed9611-d0cc-51e5-86e7-4ba237c836a2"",""0e4d4039-5409-5be7-a300-ded85e9c22d7"",""1c4afc6f-6679-57b7-ab6b-cec3053e85a1"",""76216ff6-0dab-5f43-913f-741c2deb7596"",""fe7c5fea-171a-5d3e-b93c-b9d53dca7c67"",""784c942d-b222-5013-a2e4-de4aa477a143"",""2f2d84f4-6f41-5df7-a828-cc0a3d9cdddf"",""c68f6332-f200-5595-940d-e5bcad78f1fe"",""54c3aba8-cb42-5023-9591-5cdd68bdd7c5"",""b9ac296e-4c6c-5cdc-9e03-14868c124af2"",""022ddff9-4332-5ba5-b884-42537f220a0c"",""0d262496-18e1-5973-84a6-84fbda64d0ff"",""447860c8-1d56-518b-88ad-7e103990b756"",""616ecfda-7163-5a8d-ba60-01f623d8b124"",""656bacfc-b102-5379-8db2-2f9f127621e0"",""88f2e658-6155-5924-bc85-63fe2aabb08a"",""9f032fb3-90ca-5749-aff5-1065077ac10e"",""4d2e4005-a84b-525b-a492-d367c5e405d0"",""12b20e20-e117-5c00-83bc-e589b92b730e"",""e97a5398-37b9-5e89-91a9-9b3ae48d9534"",""7a8f92c5-5f85-593a-bf90-08e13c60a2e6"",""aa66f5e3-ac0e-57d6-9b69-aa54ea7c4fb9"",""d07b7490-853e-562b-b662-305e89e7718d"",""596c0800-372d-5056-8a35-9f8661656bf4"",""d08816e6-d4d6-5f35-9de3-d86528fa7a96"",""2e126757-f17e-5ee2-93db-94d31ed944b2"",""5e1af4e2-330f-563f-b639-2d3cd8d276c8"",""49cd1889-2a56-5913-8723-929335f68874"",""82b898ba-3b6d-567f-8996-4f259b74547e"",""d38eb7d2-e78b-5c2f-93e4-2e34846e80e6"",""33effc64-dcfe-5ced-badf-c4df49f68dc1"",""a3a03b99-34c0-504b-b529-32b798db318a"",""8b3ec7b0-123f-5597-95f7-1fafc5810d01"",""035c5442-19b8-5a84-8a59-b352a9660279"",""d6d45010-72fa-5741-b733-88958a8795d2"",""ab8215e5-b753-5a6a-a4e7-ad9caf42eeac"",""1b20061c-b208-551a-b06c-81ffeff623fc"",""9b6d0913-2ae6-5dab-ab36-d05e1c51b208"",""a27c1fb2-edc1-57e6-9d74-adb5a13fed3b"",""4696448b-8c21-591b-80cc-7344ea0b95ec"",""c1d75a33-928c-5636-b99c-def1fb29e0f5"",""61eebfb6-2555-5bce-ba71-7a750427392a"",""aba074a1-d451-595d-bc12-e257adbe7383"",""1ca34094-ee4d-5962-a78a-174d361a9cd3"",""7edb0577-da07-5c6f-8391-bb90e9822165"",""d7c5d484-54dc-5d1e-a3ac-65d60267a12c"",""f416cc8b-3bc2-5c4c-a91c-c56faf748684""]","[""f6f86b80-feb6-45a4-aa7d-977cbc85fdd5"",""af9d8eb2-2105-45a4-929c-161a608e1651""]",,,M6-evaluator-v1,observed,oracle,422,text,UP-R2-02-S01-HTTP,independent public-contract comparison,M6-ASSERTION-ad52bbb6-7882-438e-bc5e-171184c77b66,,,,,,,,,2026-10-07T21:20:24.926811Z,,200,,2d9849af-4973-4fd8-a822-d8a60e17e5f5,95a0d040-23d0-4431-a3c2-7f58097452d1,f6f86b80-feb6-45a4-aa7d-977cbc85fdd5,,14f4a0e2-b6f0-49da-bc80-f5d421676727,,,,R2,af9d8eb2-2105-45a4-929c-161a608e1651,,,,,,,1,failed,UP-R2-02,,,,,,,61eebfb6-2555-5bce-ba71-7a750427392a,f699e69a-7d8c-4120-aed3-1fc1c8856b68,evidence observations; interpretation separate
M7-analysis-v5,d1c7cfe739bde7675213666c36301ae75805470a0e7f4b564d95bbc90500c1e4,R2,dbb63e68d4ed9e904fa985aa5b88d674205b6caab086a8d981ac8918a9c68fb5,"[""4afc763c-033e-501c-9c9c-453207d31e62"",""1fed9611-d0cc-51e5-86e7-4ba237c836a2"",""0e4d4039-5409-5be7-a300-ded85e9c22d7"",""1c4afc6f-6679-57b7-ab6b-cec3053e85a1"",""76216ff6-0dab-5f43-913f-741c2deb7596"",""fe7c5fea-171a-5d3e-b93c-b9d53dca7c67"",""784c942d-b222-5013-a2e4-de4aa477a143"",""2f2d84f4-6f41-5df7-a828-cc0a3d9cdddf"",""c68f6332-f200-5595-940d-e5bcad78f1fe"",""54c3aba8-cb42-5023-9591-5cdd68bdd7c5"",""b9ac296e-4c6c-5cdc-9e03-14868c124af2"",""022ddff9-4332-5ba5-b884-42537f220a0c"",""0d262496-18e1-5973-84a6-84fbda64d0ff"",""447860c8-1d56-518b-88ad-7e103990b756"",""616ecfda-7163-5a8d-ba60-01f623d8b124"",""656bacfc-b102-5379-8db2-2f9f127621e0"",""88f2e658-6155-5924-bc85-63fe2aabb08a"",""9f032fb3-90ca-5749-aff5-1065077ac10e"",""4d2e4005-a84b-525b-a492-d367c5e405d0"",""12b20e20-e117-5c00-83bc-e589b92b730e"",""e97a5398-37b9-5e89-91a9-9b3ae48d9534"",""7a8f92c5-5f85-593a-bf90-08e13c60a2e6"",""aa66f5e3-ac0e-57d6-9b69-aa54ea7c4fb9"",""d07b7490-853e-562b-b662-305e89e7718d"",""596c0800-372d-5056-8a35-9f8661656bf4"",""d08816e6-d4d6-5f35-9de3-d86528fa7a96"",""2e126757-f17e-5ee2-93db-94d31ed944b2"",""5e1af4e2-330f-563f-b639-2d3cd8d276c8"",""49cd1889-2a56-5913-8723-929335f68874"",""82b898ba-3b6d-567f-8996-4f259b74547e"",""d38eb7d2-e78b-5c2f-93e4-2e34846e80e6"",""33effc64-dcfe-5ced-badf-c4df49f68dc1"",""a3a03b99-34c0-504b-b529-32b798db318a"",""8b3ec7b0-123f-5597-95f7-1fafc5810d01"",""035c5442-19b8-5a84-8a59-b352a9660279"",""d6d45010-72fa-5741-b733-88958a8795d2"",""ab8215e5-b753-5a6a-a4e7-ad9caf42eeac"",""1b20061c-b208-551a-b06c-81ffeff623fc"",""9b6d0913-2ae6-5dab-ab36-d05e1c51b208"",""a27c1fb2-edc1-57e6-9d74-adb5a13fed3b"",""4696448b-8c21-591b-80cc-7344ea0b95ec"",""c1d75a33-928c-5636-b99c-def1fb29e0f5"",""61eebfb6-2555-5bce-ba71-7a750427392a"",""aba074a1-d451-595d-bc12-e257adbe7383"",""1ca34094-ee4d-5962-a78a-174d361a9cd3"",""7edb0577-da07-5c6f-8391-bb90e9822165"",""d7c5d484-54dc-5d1e-a3ac-65d60267a12c"",""f416cc8b-3bc2-5c4c-a91c-c56faf748684""]","[""f6f86b80-feb6-45a4-aa7d-977cbc85fdd5"",""af9d8eb2-2105-45a4-929c-161a608e1651""]",,,M6-evaluator-v1,observed,oracle,"{""avatars"":[],""data"":{},""marker"":""INPUT_ERROR"",""region_count"":1}",text,UP-R2-02-S01-RESULT,independent public-contract comparison,M6-ASSERTION-64cc8ddc-6b97-4c1e-b5b9-b47611d0aef3,,,,,,,,,2026-10-07T21:20:24.927248Z,,"{""avatars"":[],""data"":{""path"":""study/uploads/blue.jpg""},""marker"":""SUCCESS"",""region_count"":1}",,2d9849af-4973-4fd8-a822-d8a60e17e5f5,5b599384-5be8-4950-b5c4-435af2fdad81,f6f86b80-feb6-45a4-aa7d-977cbc85fdd5,,14f4a0e2-b6f0-49da-bc80-f5d421676727,,,,R2,af9d8eb2-2105-45a4-929c-161a608e1651,,,,,,,1,failed,UP-R2-02,,,,,,,61eebfb6-2555-5bce-ba71-7a750427392a,f699e69a-7d8c-4120-aed3-1fc1c8856b68,evidence observations; interpretation separate
M7-analysis-v5,d1c7cfe739bde7675213666c36301ae75805470a0e7f4b564d95bbc90500c1e4,R2,dbb63e68d4ed9e904fa985aa5b88d674205b6caab086a8d981ac8918a9c68fb5,"[""4afc763c-033e-501c-9c9c-453207d31e62"",""1fed9611-d0cc-51e5-86e7-4ba237c836a2"",""0e4d4039-5409-5be7-a300-ded85e9c22d7"",""1c4afc6f-6679-57b7-ab6b-cec3053e85a1"",""76216ff6-0dab-5f43-913f-741c2deb7596"",""fe7c5fea-171a-5d3e-b93c-b9d53dca7c67"",""784c942d-b222-5013-a2e4-de4aa477a143"",""2f2d84f4-6f41-5df7-a828-cc0a3d9cdddf"",""c68f6332-f200-5595-940d-e5bcad78f1fe"",""54c3aba8-cb42-5023-9591-5cdd68bdd7c5"",""b9ac296e-4c6c-5cdc-9e03-14868c124af2"",""022ddff9-4332-5ba5-b884-42537f220a0c"",""0d262496-18e1-5973-84a6-84fbda64d0ff"",""447860c8-1d56-518b-88ad-7e103990b756"",""616ecfda-7163-5a8d-ba60-01f623d8b124"",""656bacfc-b102-5379-8db2-2f9f127621e0"",""88f2e658-6155-5924-bc85-63fe2aabb08a"",""9f032fb3-90ca-5749-aff5-1065077ac10e"",""4d2e4005-a84b-525b-a492-d367c5e405d0"",""12b20e20-e117-5c00-83bc-e589b92b730e"",""e97a5398-37b9-5e89-91a9-9b3ae48d9534"",""7a8f92c5-5f85-593a-bf90-08e13c60a2e6"",""aa66f5e3-ac0e-57d6-9b69-aa54ea7c4fb9"",""d07b7490-853e-562b-b662-305e89e7718d"",""596c0800-372d-5056-8a35-9f8661656bf4"",""d08816e6-d4d6-5f35-9de3-d86528fa7a96"",""2e126757-f17e-5ee2-93db-94d31ed944b2"",""5e1af4e2-330f-563f-b639-2d3cd8d276c8"",""49cd1889-2a56-5913-8723-929335f68874"",""82b898ba-3b6d-567f-8996-4f259b74547e"",""d38eb7d2-e78b-5c2f-93e4-2e34846e80e6"",""33effc64-dcfe-5ced-badf-c4df49f68dc1"",""a3a03b99-34c0-504b-b529-32b798db318a"",""8b3ec7b0-123f-5597-95f7-1fafc5810d01"",""035c5442-19b8-5a84-8a59-b352a9660279"",""d6d45010-72fa-5741-b733-88958a8795d2"",""ab8215e5-b753-5a6a-a4e7-ad9caf42eeac"",""1b20061c-b208-551a-b06c-81ffeff623fc"",""9b6d0913-2ae6-5dab-ab36-d05e1c51b208"",""a27c1fb2-edc1-57e6-9d74-adb5a13fed3b"",""4696448b-8c21-591b-80cc-7344ea0b95ec"",""c1d75a33-928c-5636-b99c-def1fb29e0f5"",""61eebfb6-2555-5bce-ba71-7a750427392a"",""aba074a1-d451-595d-bc12-e257adbe7383"",""1ca34094-ee4d-5962-a78a-174d361a9cd3"",""7edb0577-da07-5c6f-8391-bb90e9822165"",""d7c5d484-54dc-5d1e-a3ac-65d60267a12c"",""f416cc8b-3bc2-5c4c-a91c-c56faf748684""]","[""f6f86b80-feb6-45a4-aa7d-977cbc85fdd5"",""af9d8eb2-2105-45a4-929c-161a608e1651""]",,,M6-evaluator-v1,observed,oracle,"{""sentinel.txt"":{""sha256"":""cc809b73990c3ed04b989c020da6c36cfbefaff047c338817e10d2d086d9ec29"",""size"":28}}",text,UP-R2-02-S01-FILES,independent public-contract comparison,M6-ASSERTION-a057527d-3a3c-4246-975c-52f06b83e6f7,,,,,,,,,2026-10-07T21:20:24.928768Z,,"{""blue.jpg"":{""sha256"":""bfd0fb4d7039a1716a766f83be930226c9d8649aa4deeb926013cbe24dd53888"",""size"":777},""sentinel.txt"":{""sha256"":""cc809b73990c3ed04b989c020da6c36cfbefaff047c338817e10d2d086d9ec29"",""size"":28}}",,2d9849af-4973-4fd8-a822-d8a60e17e5f5,537c4951-0963-458d-bd6b-3d326f1e2519,f6f86b80-feb6-45a4-aa7d-977cbc85fdd5,,14f4a0e2-b6f0-49da-bc80-f5d421676727,,,,R2,af9d8eb2-2105-45a4-929c-161a608e1651,,,,,,,1,failed,UP-R2-02,,,,,,,61eebfb6-2555-5bce-ba71-7a750427392a,f699e69a-7d8c-4120-aed3-1fc1c8856b68,evidence observations; interpretation separate
M7-analysis-v5,d1c7cfe739bde7675213666c36301ae75805470a0e7f4b564d95bbc90500c1e4,R3,dbb63e68d4ed9e904fa985aa5b88d674205b6caab086a8d981ac8918a9c68fb5,"[""4afc763c-033e-501c-9c9c-453207d31e62"",""1fed9611-d0cc-51e5-86e7-4ba237c836a2"",""0e4d4039-5409-5be7-a300-ded85e9c22d7"",""1c4afc6f-6679-57b7-ab6b-cec3053e85a1"",""76216ff6-0dab-5f43-913f-741c2deb7596"",""fe7c5fea-171a-5d3e-b93c-b9d53dca7c67"",""784c942d-b222-5013-a2e4-de4aa477a143"",""2f2d84f4-6f41-5df7-a828-cc0a3d9cdddf"",""c68f6332-f200-5595-940d-e5bcad78f1fe"",""54c3aba8-cb42-5023-9591-5cdd68bdd7c5"",""b9ac296e-4c6c-5cdc-9e03-14868c124af2"",""022ddff9-4332-5ba5-b884-42537f220a0c"",""0d262496-18e1-5973-84a6-84fbda64d0ff"",""447860c8-1d56-518b-88ad-7e103990b756"",""616ecfda-7163-5a8d-ba60-01f623d8b124"",""656bacfc-b102-5379-8db2-2f9f127621e0"",""88f2e658-6155-5924-bc85-63fe2aabb08a"",""9f032fb3-90ca-5749-aff5-1065077ac10e"",""4d2e4005-a84b-525b-a492-d367c5e405d0"",""12b20e20-e117-5c00-83bc-e589b92b730e"",""e97a5398-37b9-5e89-91a9-9b3ae48d9534"",""7a8f92c5-5f85-593a-bf90-08e13c60a2e6"",""aa66f5e3-ac0e-57d6-9b69-aa54ea7c4fb9"",""d07b7490-853e-562b-b662-305e89e7718d"",""596c0800-372d-5056-8a35-9f8661656bf4"",""d08816e6-d4d6-5f35-9de3-d86528fa7a96"",""2e126757-f17e-5ee2-93db-94d31ed944b2"",""5e1af4e2-330f-563f-b639-2d3cd8d276c8"",""49cd1889-2a56-5913-8723-929335f68874"",""82b898ba-3b6d-567f-8996-4f259b74547e"",""d38eb7d2-e78b-5c2f-93e4-2e34846e80e6"",""33effc64-dcfe-5ced-badf-c4df49f68dc1"",""a3a03b99-34c0-504b-b529-32b798db318a"",""8b3ec7b0-123f-5597-95f7-1fafc5810d01"",""035c5442-19b8-5a84-8a59-b352a9660279"",""d6d45010-72fa-5741-b733-88958a8795d2"",""ab8215e5-b753-5a6a-a4e7-ad9caf42eeac"",""1b20061c-b208-551a-b06c-81ffeff623fc"",""9b6d0913-2ae6-5dab-ab36-d05e1c51b208"",""a27c1fb2-edc1-57e6-9d74-adb5a13fed3b"",""4696448b-8c21-591b-80cc-7344ea0b95ec"",""c1d75a33-928c-5636-b99c-def1fb29e0f5"",""61eebfb6-2555-5bce-ba71-7a750427392a"",""aba074a1-d451-595d-bc12-e257adbe7383"",""1ca34094-ee4d-5962-a78a-174d361a9cd3"",""7edb0577-da07-5c6f-8391-bb90e9822165"",""d7c5d484-54dc-5d1e-a3ac-65d60267a12c"",""f416cc8b-3bc2-5c4c-a91c-c56faf748684""]","[""fb380ce9-dd04-4c90-85ce-b1e9e63eeb5d"",""c639006f-cef3-4484-89a4-c81890772e8f""]",,,M6-evaluator-v1,observed,oracle,422,text,UP-R3-01-S01-HTTP,independent public-contract comparison,M6-ASSERTION-83e85353-c204-43c2-814a-161a9e0342c2,,,,,,,,,2026-10-07T21:20:24.929261Z,,500,,2d9849af-4973-4fd8-a822-d8a60e17e5f5,a4fad062-2ce7-4d88-9d63-4bba7e6788cb,fb380ce9-dd04-4c90-85ce-b1e9e63eeb5d,,14f4a0e2-b6f0-49da-bc80-f5d421676727,,,,R3,c639006f-cef3-4484-89a4-c81890772e8f,,,,,,,1,failed,UP-R3-01,,,,,,,61eebfb6-2555-5bce-ba71-7a750427392a,f699e69a-7d8c-4120-aed3-1fc1c8856b68,evidence observations; interpretation separate
M7-analysis-v5,d1c7cfe739bde7675213666c36301ae75805470a0e7f4b564d95bbc90500c1e4,R3,dbb63e68d4ed9e904fa985aa5b88d674205b6caab086a8d981ac8918a9c68fb5,"[""4afc763c-033e-501c-9c9c-453207d31e62"",""1fed9611-d0cc-51e5-86e7-4ba237c836a2"",""0e4d4039-5409-5be7-a300-ded85e9c22d7"",""1c4afc6f-6679-57b7-ab6b-cec3053e85a1"",""76216ff6-0dab-5f43-913f-741c2deb7596"",""fe7c5fea-171a-5d3e-b93c-b9d53dca7c67"",""784c942d-b222-5013-a2e4-de4aa477a143"",""2f2d84f4-6f41-5df7-a828-cc0a3d9cdddf"",""c68f6332-f200-5595-940d-e5bcad78f1fe"",""54c3aba8-cb42-5023-9591-5cdd68bdd7c5"",""b9ac296e-4c6c-5cdc-9e03-14868c124af2"",""022ddff9-4332-5ba5-b884-42537f220a0c"",""0d262496-18e1-5973-84a6-84fbda64d0ff"",""447860c8-1d56-518b-88ad-7e103990b756"",""616ecfda-7163-5a8d-ba60-01f623d8b124"",""656bacfc-b102-5379-8db2-2f9f127621e0"",""88f2e658-6155-5924-bc85-63fe2aabb08a"",""9f032fb3-90ca-5749-aff5-1065077ac10e"",""4d2e4005-a84b-525b-a492-d367c5e405d0"",""12b20e20-e117-5c00-83bc-e589b92b730e"",""e97a5398-37b9-5e89-91a9-9b3ae48d9534"",""7a8f92c5-5f85-593a-bf90-08e13c60a2e6"",""aa66f5e3-ac0e-57d6-9b69-aa54ea7c4fb9"",""d07b7490-853e-562b-b662-305e89e7718d"",""596c0800-372d-5056-8a35-9f8661656bf4"",""d08816e6-d4d6-5f35-9de3-d86528fa7a96"",""2e126757-f17e-5ee2-93db-94d31ed944b2"",""5e1af4e2-330f-563f-b639-2d3cd8d276c8"",""49cd1889-2a56-5913-8723-929335f68874"",""82b898ba-3b6d-567f-8996-4f259b74547e"",""d38eb7d2-e78b-5c2f-93e4-2e34846e80e6"",""33effc64-dcfe-5ced-badf-c4df49f68dc1"",""a3a03b99-34c0-504b-b529-32b798db318a"",""8b3ec7b0-123f-5597-95f7-1fafc5810d01"",""035c5442-19b8-5a84-8a59-b352a9660279"",""d6d45010-72fa-5741-b733-88958a8795d2"",""ab8215e5-b753-5a6a-a4e7-ad9caf42eeac"",""1b20061c-b208-551a-b06c-81ffeff623fc"",""9b6d0913-2ae6-5dab-ab36-d05e1c51b208"",""a27c1fb2-edc1-57e6-9d74-adb5a13fed3b"",""4696448b-8c21-591b-80cc-7344ea0b95ec"",""c1d75a33-928c-5636-b99c-def1fb29e0f5"",""61eebfb6-2555-5bce-ba71-7a750427392a"",""aba074a1-d451-595d-bc12-e257adbe7383"",""1ca34094-ee4d-5962-a78a-174d361a9cd3"",""7edb0577-da07-5c6f-8391-bb90e9822165"",""d7c5d484-54dc-5d1e-a3ac-65d60267a12c"",""f416cc8b-3bc2-5c4c-a91c-c56faf748684""]","[""fb380ce9-dd04-4c90-85ce-b1e9e63eeb5d"",""c639006f-cef3-4484-89a4-c81890772e8f""]",,,M6-evaluator-v1,observed,oracle,"{""avatars"":[],""data"":{},""marker"":""INPUT_ERROR"",""region_count"":1}",text,UP-R3-01-S01-RESULT,independent public-contract comparison,M6-ASSERTION-ba54693e-3571-4f18-99e7-239a33bde12f,,,,,,,,,2026-10-07T21:20:24.929721Z,,"{""avatars"":[],""data"":{},""marker"":""UPLOAD_ERROR"",""region_count"":1}",,2d9849af-4973-4fd8-a822-d8a60e17e5f5,ee8a151e-c30d-4a51-97e3-5ba2d1d3196c,fb380ce9-dd04-4c90-85ce-b1e9e63eeb5d,,14f4a0e2-b6f0-49da-bc80-f5d421676727,,,,R3,c639006f-cef3-4484-89a4-c81890772e8f,,,,,,,1,failed,UP-R3-01,,,,,,,61eebfb6-2555-5bce-ba71-7a750427392a,f699e69a-7d8c-4120-aed3-1fc1c8856b68,evidence observations; interpretation separate
M7-analysis-v5,d1c7cfe739bde7675213666c36301ae75805470a0e7f4b564d95bbc90500c1e4,R5,dbb63e68d4ed9e904fa985aa5b88d674205b6caab086a8d981ac8918a9c68fb5,"[""4afc763c-033e-501c-9c9c-453207d31e62"",""1fed9611-d0cc-51e5-86e7-4ba237c836a2"",""0e4d4039-5409-5be7-a300-ded85e9c22d7"",""1c4afc6f-6679-57b7-ab6b-cec3053e85a1"",""76216ff6-0dab-5f43-913f-741c2deb7596"",""fe7c5fea-171a-5d3e-b93c-b9d53dca7c67"",""784c942d-b222-5013-a2e4-de4aa477a143"",""2f2d84f4-6f41-5df7-a828-cc0a3d9cdddf"",""c68f6332-f200-5595-940d-e5bcad78f1fe"",""54c3aba8-cb42-5023-9591-5cdd68bdd7c5"",""b9ac296e-4c6c-5cdc-9e03-14868c124af2"",""022ddff9-4332-5ba5-b884-42537f220a0c"",""0d262496-18e1-5973-84a6-84fbda64d0ff"",""447860c8-1d56-518b-88ad-7e103990b756"",""616ecfda-7163-5a8d-ba60-01f623d8b124"",""656bacfc-b102-5379-8db2-2f9f127621e0"",""88f2e658-6155-5924-bc85-63fe2aabb08a"",""9f032fb3-90ca-5749-aff5-1065077ac10e"",""4d2e4005-a84b-525b-a492-d367c5e405d0"",""12b20e20-e117-5c00-83bc-e589b92b730e"",""e97a5398-37b9-5e89-91a9-9b3ae48d9534"",""7a8f92c5-5f85-593a-bf90-08e13c60a2e6"",""aa66f5e3-ac0e-57d6-9b69-aa54ea7c4fb9"",""d07b7490-853e-562b-b662-305e89e7718d"",""596c0800-372d-5056-8a35-9f8661656bf4"",""d08816e6-d4d6-5f35-9de3-d86528fa7a96"",""2e126757-f17e-5ee2-93db-94d31ed944b2"",""5e1af4e2-330f-563f-b639-2d3cd8d276c8"",""49cd1889-2a56-5913-8723-929335f68874"",""82b898ba-3b6d-567f-8996-4f259b74547e"",""d38eb7d2-e78b-5c2f-93e4-2e34846e80e6"",""33effc64-dcfe-5ced-badf-c4df49f68dc1"",""a3a03b99-34c0-504b-b529-32b798db318a"",""8b3ec7b0-123f-5597-95f7-1fafc5810d01"",""035c5442-19b8-5a84-8a59-b352a9660279"",""d6d45010-72fa-5741-b733-88958a8795d2"",""ab8215e5-b753-5a6a-a4e7-ad9caf42eeac"",""1b20061c-b208-551a-b06c-81ffeff623fc"",""9b6d0913-2ae6-5dab-ab36-d05e1c51b208"",""a27c1fb2-edc1-57e6-9d74-adb5a13fed3b"",""4696448b-8c21-591b-80cc-7344ea0b95ec"",""c1d75a33-928c-5636-b99c-def1fb29e0f5"",""61eebfb6-2555-5bce-ba71-7a750427392a"",""aba074a1-d451-595d-bc12-e257adbe7383"",""1ca34094-ee4d-5962-a78a-174d361a9cd3"",""7edb0577-da07-5c6f-8391-bb90e9822165"",""d7c5d484-54dc-5d1e-a3ac-65d60267a12c"",""f416cc8b-3bc2-5c4c-a91c-c56faf748684""]","[""1df07df8-4853-41e1-b935-51c49f23dc7f"",""8a79678c-474f-4ab1-bd83-25ffe540ea89""]",,,M6-evaluator-v1,observed,oracle,422,text,UP-R5-02-S01-HTTP,independent public-contract comparison,M6-ASSERTION-c8bd52ae-bba3-4240-96e2-aeb380aa82f5,,,,,,,,,2026-10-07T21:20:24.937828Z,,200,,2d9849af-4973-4fd8-a822-d8a60e17e5f5,65e0841a-b755-46d7-8744-9e15b18fd238,1df07df8-4853-41e1-b935-51c49f23dc7f,,14f4a0e2-b6f0-49da-bc80-f5d421676727,,,,R5,8a79678c-474f-4ab1-bd83-25ffe540ea89,,,,,,,1,failed,UP-R5-02,,,,,,,61eebfb6-2555-5bce-ba71-7a750427392a,f699e69a-7d8c-4120-aed3-1fc1c8856b68,evidence observations; interpretation separate
M7-analysis-v5,d1c7cfe739bde7675213666c36301ae75805470a0e7f4b564d95bbc90500c1e4,R5,dbb63e68d4ed9e904fa985aa5b88d674205b6caab086a8d981ac8918a9c68fb5,"[""4afc763c-033e-501c-9c9c-453207d31e62"",""1fed9611-d0cc-51e5-86e7-4ba237c836a2"",""0e4d4039-5409-5be7-a300-ded85e9c22d7"",""1c4afc6f-6679-57b7-ab6b-cec3053e85a1"",""76216ff6-0dab-5f43-913f-741c2deb7596"",""fe7c5fea-171a-5d3e-b93c-b9d53dca7c67"",""784c942d-b222-5013-a2e4-de4aa477a143"",""2f2d84f4-6f41-5df7-a828-cc0a3d9cdddf"",""c68f6332-f200-5595-940d-e5bcad78f1fe"",""54c3aba8-cb42-5023-9591-5cdd68bdd7c5"",""b9ac296e-4c6c-5cdc-9e03-14868c124af2"",""022ddff9-4332-5ba5-b884-42537f220a0c"",""0d262496-18e1-5973-84a6-84fbda64d0ff"",""447860c8-1d56-518b-88ad-7e103990b756"",""616ecfda-7163-5a8d-ba60-01f623d8b124"",""656bacfc-b102-5379-8db2-2f9f127621e0"",""88f2e658-6155-5924-bc85-63fe2aabb08a"",""9f032fb3-90ca-5749-aff5-1065077ac10e"",""4d2e4005-a84b-525b-a492-d367c5e405d0"",""12b20e20-e117-5c00-83bc-e589b92b730e"",""e97a5398-37b9-5e89-91a9-9b3ae48d9534"",""7a8f92c5-5f85-593a-bf90-08e13c60a2e6"",""aa66f5e3-ac0e-57d6-9b69-aa54ea7c4fb9"",""d07b7490-853e-562b-b662-305e89e7718d"",""596c0800-372d-5056-8a35-9f8661656bf4"",""d08816e6-d4d6-5f35-9de3-d86528fa7a96"",""2e126757-f17e-5ee2-93db-94d31ed944b2"",""5e1af4e2-330f-563f-b639-2d3cd8d276c8"",""49cd1889-2a56-5913-8723-929335f68874"",""82b898ba-3b6d-567f-8996-4f259b74547e"",""d38eb7d2-e78b-5c2f-93e4-2e34846e80e6"",""33effc64-dcfe-5ced-badf-c4df49f68dc1"",""a3a03b99-34c0-504b-b529-32b798db318a"",""8b3ec7b0-123f-5597-95f7-1fafc5810d01"",""035c5442-19b8-5a84-8a59-b352a9660279"",""d6d45010-72fa-5741-b733-88958a8795d2"",""ab8215e5-b753-5a6a-a4e7-ad9caf42eeac"",""1b20061c-b208-551a-b06c-81ffeff623fc"",""9b6d0913-2ae6-5dab-ab36-d05e1c51b208"",""a27c1fb2-edc1-57e6-9d74-adb5a13fed3b"",""4696448b-8c21-591b-80cc-7344ea0b95ec"",""c1d75a33-928c-5636-b99c-def1fb29e0f5"",""61eebfb6-2555-5bce-ba71-7a750427392a"",""aba074a1-d451-595d-bc12-e257adbe7383"",""1ca34094-ee4d-5962-a78a-174d361a9cd3"",""7edb0577-da07-5c6f-8391-bb90e9822165"",""d7c5d484-54dc-5d1e-a3ac-65d60267a12c"",""f416cc8b-3bc2-5c4c-a91c-c56faf748684""]","[""1df07df8-4853-41e1-b935-51c49f23dc7f"",""8a79678c-474f-4ab1-bd83-25ffe540ea89""]",,,M6-evaluator-v1,observed,oracle,"{""avatars"":[],""data"":{},""marker"":""INPUT_ERROR"",""region_count"":1}",text,UP-R5-02-S01-RESULT,independent public-contract comparison,M6-ASSERTION-8860c6bd-5d2f-4144-a637-d137732a721e,,,,,,,,,2026-10-07T21:20:24.938227Z,,"{""avatars"":[],""data"":{""path"":""study/uploads/green.png""},""marker"":""SUCCESS"",""region_count"":1}",,2d9849af-4973-4fd8-a822-d8a60e17e5f5,c87a49f1-c731-40b0-a277-db9ed278387b,1df07df8-4853-41e1-b935-51c49f23dc7f,,14f4a0e2-b6f0-49da-bc80-f5d421676727,,,,R5,8a79678c-474f-4ab1-bd83-25ffe540ea89,,,,,,,1,failed,UP-R5-02,,,,,,,61eebfb6-2555-5bce-ba71-7a750427392a,f699e69a-7d8c-4120-aed3-1fc1c8856b68,evidence observations; interpretation separate
M7-analysis-v5,d1c7cfe739bde7675213666c36301ae75805470a0e7f4b564d95bbc90500c1e4,R5,dbb63e68d4ed9e904fa985aa5b88d674205b6caab086a8d981ac8918a9c68fb5,"[""4afc763c-033e-501c-9c9c-453207d31e62"",""1fed9611-d0cc-51e5-86e7-4ba237c836a2"",""0e4d4039-5409-5be7-a300-ded85e9c22d7"",""1c4afc6f-6679-57b7-ab6b-cec3053e85a1"",""76216ff6-0dab-5f43-913f-741c2deb7596"",""fe7c5fea-171a-5d3e-b93c-b9d53dca7c67"",""784c942d-b222-5013-a2e4-de4aa477a143"",""2f2d84f4-6f41-5df7-a828-cc0a3d9cdddf"",""c68f6332-f200-5595-940d-e5bcad78f1fe"",""54c3aba8-cb42-5023-9591-5cdd68bdd7c5"",""b9ac296e-4c6c-5cdc-9e03-14868c124af2"",""022ddff9-4332-5ba5-b884-42537f220a0c"",""0d262496-18e1-5973-84a6-84fbda64d0ff"",""447860c8-1d56-518b-88ad-7e103990b756"",""616ecfda-7163-5a8d-ba60-01f623d8b124"",""656bacfc-b102-5379-8db2-2f9f127621e0"",""88f2e658-6155-5924-bc85-63fe2aabb08a"",""9f032fb3-90ca-5749-aff5-1065077ac10e"",""4d2e4005-a84b-525b-a492-d367c5e405d0"",""12b20e20-e117-5c00-83bc-e589b92b730e"",""e97a5398-37b9-5e89-91a9-9b3ae48d9534"",""7a8f92c5-5f85-593a-bf90-08e13c60a2e6"",""aa66f5e3-ac0e-57d6-9b69-aa54ea7c4fb9"",""d07b7490-853e-562b-b662-305e89e7718d"",""596c0800-372d-5056-8a35-9f8661656bf4"",""d08816e6-d4d6-5f35-9de3-d86528fa7a96"",""2e126757-f17e-5ee2-93db-94d31ed944b2"",""5e1af4e2-330f-563f-b639-2d3cd8d276c8"",""49cd1889-2a56-5913-8723-929335f68874"",""82b898ba-3b6d-567f-8996-4f259b74547e"",""d38eb7d2-e78b-5c2f-93e4-2e34846e80e6"",""33effc64-dcfe-5ced-badf-c4df49f68dc1"",""a3a03b99-34c0-504b-b529-32b798db318a"",""8b3ec7b0-123f-5597-95f7-1fafc5810d01"",""035c5442-19b8-5a84-8a59-b352a9660279"",""d6d45010-72fa-5741-b733-88958a8795d2"",""ab8215e5-b753-5a6a-a4e7-ad9caf42eeac"",""1b20061c-b208-551a-b06c-81ffeff623fc"",""9b6d0913-2ae6-5dab-ab36-d05e1c51b208"",""a27c1fb2-edc1-57e6-9d74-adb5a13fed3b"",""4696448b-8c21-591b-80cc-7344ea0b95ec"",""c1d75a33-928c-5636-b99c-def1fb29e0f5"",""61eebfb6-2555-5bce-ba71-7a750427392a"",""aba074a1-d451-595d-bc12-e257adbe7383"",""1ca34094-ee4d-5962-a78a-174d361a9cd3"",""7edb0577-da07-5c6f-8391-bb90e9822165"",""d7c5d484-54dc-5d1e-a3ac-65d60267a12c"",""f416cc8b-3bc2-5c4c-a91c-c56faf748684""]","[""1df07df8-4853-41e1-b935-51c49f23dc7f"",""8a79678c-474f-4ab1-bd83-25ffe540ea89""]",,,M6-evaluator-v1,observed,oracle,"{""sentinel.txt"":{""sha256"":""cc809b73990c3ed04b989c020da6c36cfbefaff047c338817e10d2d086d9ec29"",""size"":28}}",text,UP-R5-02-S01-FILES,independent public-contract comparison,M6-ASSERTION-eec8854a-b52e-407f-be8f-c42a96f687c8,,,,,,,,,2026-10-07T21:20:24.939146Z,,"{""green.png"":{""sha256"":""31bd12297554963e960c136b22a7a6dade4b234dc5c5a370bb16671f12af98ad"",""size"":73},""sentinel.txt"":{""sha256"":""cc809b73990c3ed04b989c020da6c36cfbefaff047c338817e10d2d086d9ec29"",""size"":28}}",,2d9849af-4973-4fd8-a822-d8a60e17e5f5,95c0212f-ab7c-4b70-b32f-d784f1c968e4,1df07df8-4853-41e1-b935-51c49f23dc7f,,14f4a0e2-b6f0-49da-bc80-f5d421676727,,,,R5,8a79678c-474f-4ab1-bd83-25ffe540ea89,,,,,,,1,failed,UP-R5-02,,,,,,,61eebfb6-2555-5bce-ba71-7a750427392a,f699e69a-7d8c-4120-aed3-1fc1c8856b68,evidence observations; interpretation separate
M7-analysis-v5,d1c7cfe739bde7675213666c36301ae75805470a0e7f4b564d95bbc90500c1e4,R5,dbb63e68d4ed9e904fa985aa5b88d674205b6caab086a8d981ac8918a9c68fb5,"[""4afc763c-033e-501c-9c9c-453207d31e62"",""1fed9611-d0cc-51e5-86e7-4ba237c836a2"",""0e4d4039-5409-5be7-a300-ded85e9c22d7"",""1c4afc6f-6679-57b7-ab6b-cec3053e85a1"",""76216ff6-0dab-5f43-913f-741c2deb7596"",""fe7c5fea-171a-5d3e-b93c-b9d53dca7c67"",""784c942d-b222-5013-a2e4-de4aa477a143"",""2f2d84f4-6f41-5df7-a828-cc0a3d9cdddf"",""c68f6332-f200-5595-940d-e5bcad78f1fe"",""54c3aba8-cb42-5023-9591-5cdd68bdd7c5"",""b9ac296e-4c6c-5cdc-9e03-14868c124af2"",""022ddff9-4332-5ba5-b884-42537f220a0c"",""0d262496-18e1-5973-84a6-84fbda64d0ff"",""447860c8-1d56-518b-88ad-7e103990b756"",""616ecfda-7163-5a8d-ba60-01f623d8b124"",""656bacfc-b102-5379-8db2-2f9f127621e0"",""88f2e658-6155-5924-bc85-63fe2aabb08a"",""9f032fb3-90ca-5749-aff5-1065077ac10e"",""4d2e4005-a84b-525b-a492-d367c5e405d0"",""12b20e20-e117-5c00-83bc-e589b92b730e"",""e97a5398-37b9-5e89-91a9-9b3ae48d9534"",""7a8f92c5-5f85-593a-bf90-08e13c60a2e6"",""aa66f5e3-ac0e-57d6-9b69-aa54ea7c4fb9"",""d07b7490-853e-562b-b662-305e89e7718d"",""596c0800-372d-5056-8a35-9f8661656bf4"",""d08816e6-d4d6-5f35-9de3-d86528fa7a96"",""2e126757-f17e-5ee2-93db-94d31ed944b2"",""5e1af4e2-330f-563f-b639-2d3cd8d276c8"",""49cd1889-2a56-5913-8723-929335f68874"",""82b898ba-3b6d-567f-8996-4f259b74547e"",""d38eb7d2-e78b-5c2f-93e4-2e34846e80e6"",""33effc64-dcfe-5ced-badf-c4df49f68dc1"",""a3a03b99-34c0-504b-b529-32b798db318a"",""8b3ec7b0-123f-5597-95f7-1fafc5810d01"",""035c5442-19b8-5a84-8a59-b352a9660279"",""d6d45010-72fa-5741-b733-88958a8795d2"",""ab8215e5-b753-5a6a-a4e7-ad9caf42eeac"",""1b20061c-b208-551a-b06c-81ffeff623fc"",""9b6d0913-2ae6-5dab-ab36-d05e1c51b208"",""a27c1fb2-edc1-57e6-9d74-adb5a13fed3b"",""4696448b-8c21-591b-80cc-7344ea0b95ec"",""c1d75a33-928c-5636-b99c-def1fb29e0f5"",""61eebfb6-2555-5bce-ba71-7a750427392a"",""aba074a1-d451-595d-bc12-e257adbe7383"",""1ca34094-ee4d-5962-a78a-174d361a9cd3"",""7edb0577-da07-5c6f-8391-bb90e9822165"",""d7c5d484-54dc-5d1e-a3ac-65d60267a12c"",""f416cc8b-3bc2-5c4c-a91c-c56faf748684""]","[""88f74043-8c76-463e-8f6e-5ccad37c5f0a"",""1dba7d87-1105-408d-ada7-5e614d9238e5""]",,,M6-evaluator-v1,observed,oracle,422,text,UP-R5-01-S01-HTTP,independent public-contract comparison,M6-ASSERTION-3b1c0f09-c306-4379-a353-3c379ad58a73,,,,,,,,,2026-10-07T21:20:24.936055Z,,200,,2d9849af-4973-4fd8-a822-d8a60e17e5f5,7c9dde21-3d73-451d-8e50-e94addafccef,88f74043-8c76-463e-8f6e-5ccad37c5f0a,,14f4a0e2-b6f0-49da-bc80-f5d421676727,,,,R5,1dba7d87-1105-408d-ada7-5e614d9238e5,,,,,,,1,failed,UP-R5-01,,,,,,,61eebfb6-2555-5bce-ba71-7a750427392a,f699e69a-7d8c-4120-aed3-1fc1c8856b68,evidence observations; interpretation separate
M7-analysis-v5,d1c7cfe739bde7675213666c36301ae75805470a0e7f4b564d95bbc90500c1e4,R5,dbb63e68d4ed9e904fa985aa5b88d674205b6caab086a8d981ac8918a9c68fb5,"[""4afc763c-033e-501c-9c9c-453207d31e62"",""1fed9611-d0cc-51e5-86e7-4ba237c836a2"",""0e4d4039-5409-5be7-a300-ded85e9c22d7"",""1c4afc6f-6679-57b7-ab6b-cec3053e85a1"",""76216ff6-0dab-5f43-913f-741c2deb7596"",""fe7c5fea-171a-5d3e-b93c-b9d53dca7c67"",""784c942d-b222-5013-a2e4-de4aa477a143"",""2f2d84f4-6f41-5df7-a828-cc0a3d9cdddf"",""c68f6332-f200-5595-940d-e5bcad78f1fe"",""54c3aba8-cb42-5023-9591-5cdd68bdd7c5"",""b9ac296e-4c6c-5cdc-9e03-14868c124af2"",""022ddff9-4332-5ba5-b884-42537f220a0c"",""0d262496-18e1-5973-84a6-84fbda64d0ff"",""447860c8-1d56-518b-88ad-7e103990b756"",""616ecfda-7163-5a8d-ba60-01f623d8b124"",""656bacfc-b102-5379-8db2-2f9f127621e0"",""88f2e658-6155-5924-bc85-63fe2aabb08a"",""9f032fb3-90ca-5749-aff5-1065077ac10e"",""4d2e4005-a84b-525b-a492-d367c5e405d0"",""12b20e20-e117-5c00-83bc-e589b92b730e"",""e97a5398-37b9-5e89-91a9-9b3ae48d9534"",""7a8f92c5-5f85-593a-bf90-08e13c60a2e6"",""aa66f5e3-ac0e-57d6-9b69-aa54ea7c4fb9"",""d07b7490-853e-562b-b662-305e89e7718d"",""596c0800-372d-5056-8a35-9f8661656bf4"",""d08816e6-d4d6-5f35-9de3-d86528fa7a96"",""2e126757-f17e-5ee2-93db-94d31ed944b2"",""5e1af4e2-330f-563f-b639-2d3cd8d276c8"",""49cd1889-2a56-5913-8723-929335f68874"",""82b898ba-3b6d-567f-8996-4f259b74547e"",""d38eb7d2-e78b-5c2f-93e4-2e34846e80e6"",""33effc64-dcfe-5ced-badf-c4df49f68dc1"",""a3a03b99-34c0-504b-b529-32b798db318a"",""8b3ec7b0-123f-5597-95f7-1fafc5810d01"",""035c5442-19b8-5a84-8a59-b352a9660279"",""d6d45010-72fa-5741-b733-88958a8795d2"",""ab8215e5-b753-5a6a-a4e7-ad9caf42eeac"",""1b20061c-b208-551a-b06c-81ffeff623fc"",""9b6d0913-2ae6-5dab-ab36-d05e1c51b208"",""a27c1fb2-edc1-57e6-9d74-adb5a13fed3b"",""4696448b-8c21-591b-80cc-7344ea0b95ec"",""c1d75a33-928c-5636-b99c-def1fb29e0f5"",""61eebfb6-2555-5bce-ba71-7a750427392a"",""aba074a1-d451-595d-bc12-e257adbe7383"",""1ca34094-ee4d-5962-a78a-174d361a9cd3"",""7edb0577-da07-5c6f-8391-bb90e9822165"",""d7c5d484-54dc-5d1e-a3ac-65d60267a12c"",""f416cc8b-3bc2-5c4c-a91c-c56faf748684""]","[""88f74043-8c76-463e-8f6e-5ccad37c5f0a"",""1dba7d87-1105-408d-ada7-5e614d9238e5""]",,,M6-evaluator-v1,observed,oracle,"{""avatars"":[],""data"":{},""marker"":""INPUT_ERROR"",""region_count"":1}",text,UP-R5-01-S01-RESULT,independent public-contract comparison,M6-ASSERTION-278e9f34-2fff-49b6-8ec4-75d0f4ab4e0e,,,,,,,,,2026-10-07T21:20:24.936441Z,,"{""avatars"":[],""data"":{""path"":""study/uploads/blue.png""},""marker"":""SUCCESS"",""region_count"":1}",,2d9849af-4973-4fd8-a822-d8a60e17e5f5,ca235fbd-6b80-4382-83b3-212f846f5205,88f74043-8c76-463e-8f6e-5ccad37c5f0a,,14f4a0e2-b6f0-49da-bc80-f5d421676727,,,,R5,1dba7d87-1105-408d-ada7-5e614d9238e5,,,,,,,1,failed,UP-R5-01,,,,,,,61eebfb6-2555-5bce-ba71-7a750427392a,f699e69a-7d8c-4120-aed3-1fc1c8856b68,evidence observations; interpretation separate
M7-analysis-v5,d1c7cfe739bde7675213666c36301ae75805470a0e7f4b564d95bbc90500c1e4,R5,dbb63e68d4ed9e904fa985aa5b88d674205b6caab086a8d981ac8918a9c68fb5,"[""4afc763c-033e-501c-9c9c-453207d31e62"",""1fed9611-d0cc-51e5-86e7-4ba237c836a2"",""0e4d4039-5409-5be7-a300-ded85e9c22d7"",""1c4afc6f-6679-57b7-ab6b-cec3053e85a1"",""76216ff6-0dab-5f43-913f-741c2deb7596"",""fe7c5fea-171a-5d3e-b93c-b9d53dca7c67"",""784c942d-b222-5013-a2e4-de4aa477a143"",""2f2d84f4-6f41-5df7-a828-cc0a3d9cdddf"",""c68f6332-f200-5595-940d-e5bcad78f1fe"",""54c3aba8-cb42-5023-9591-5cdd68bdd7c5"",""b9ac296e-4c6c-5cdc-9e03-14868c124af2"",""022ddff9-4332-5ba5-b884-42537f220a0c"",""0d262496-18e1-5973-84a6-84fbda64d0ff"",""447860c8-1d56-518b-88ad-7e103990b756"",""616ecfda-7163-5a8d-ba60-01f623d8b124"",""656bacfc-b102-5379-8db2-2f9f127621e0"",""88f2e658-6155-5924-bc85-63fe2aabb08a"",""9f032fb3-90ca-5749-aff5-1065077ac10e"",""4d2e4005-a84b-525b-a492-d367c5e405d0"",""12b20e20-e117-5c00-83bc-e589b92b730e"",""e97a5398-37b9-5e89-91a9-9b3ae48d9534"",""7a8f92c5-5f85-593a-bf90-08e13c60a2e6"",""aa66f5e3-ac0e-57d6-9b69-aa54ea7c4fb9"",""d07b7490-853e-562b-b662-305e89e7718d"",""596c0800-372d-5056-8a35-9f8661656bf4"",""d08816e6-d4d6-5f35-9de3-d86528fa7a96"",""2e126757-f17e-5ee2-93db-94d31ed944b2"",""5e1af4e2-330f-563f-b639-2d3cd8d276c8"",""49cd1889-2a56-5913-8723-929335f68874"",""82b898ba-3b6d-567f-8996-4f259b74547e"",""d38eb7d2-e78b-5c2f-93e4-2e34846e80e6"",""33effc64-dcfe-5ced-badf-c4df49f68dc1"",""a3a03b99-34c0-504b-b529-32b798db318a"",""8b3ec7b0-123f-5597-95f7-1fafc5810d01"",""035c5442-19b8-5a84-8a59-b352a9660279"",""d6d45010-72fa-5741-b733-88958a8795d2"",""ab8215e5-b753-5a6a-a4e7-ad9caf42eeac"",""1b20061c-b208-551a-b06c-81ffeff623fc"",""9b6d0913-2ae6-5dab-ab36-d05e1c51b208"",""a27c1fb2-edc1-57e6-9d74-adb5a13fed3b"",""4696448b-8c21-591b-80cc-7344ea0b95ec"",""c1d75a33-928c-5636-b99c-def1fb29e0f5"",""61eebfb6-2555-5bce-ba71-7a750427392a"",""aba074a1-d451-595d-bc12-e257adbe7383"",""1ca34094-ee4d-5962-a78a-174d361a9cd3"",""7edb0577-da07-5c6f-8391-bb90e9822165"",""d7c5d484-54dc-5d1e-a3ac-65d60267a12c"",""f416cc8b-3bc2-5c4c-a91c-c56faf748684""]","[""88f74043-8c76-463e-8f6e-5ccad37c5f0a"",""1dba7d87-1105-408d-ada7-5e614d9238e5""]",,,M6-evaluator-v1,observed,oracle,"{""sentinel.txt"":{""sha256"":""cc809b73990c3ed04b989c020da6c36cfbefaff047c338817e10d2d086d9ec29"",""size"":28}}",text,UP-R5-01-S01-FILES,independent public-contract comparison,M6-ASSERTION-4d88eb35-6d14-4954-8dde-4d4e7366f86b,,,,,,,,,2026-10-07T21:20:24.937400Z,,"{""blue.png"":{""sha256"":""4442d728adc33566e2be10ba0d573a8b4ec1ca033335b75eaac003a97facfc26"",""size"":73},""sentinel.txt"":{""sha256"":""cc809b73990c3ed04b989c020da6c36cfbefaff047c338817e10d2d086d9ec29"",""size"":28}}",,2d9849af-4973-4fd8-a822-d8a60e17e5f5,2f94f64a-dbb1-4c95-96f9-49066ea7f83e,88f74043-8c76-463e-8f6e-5ccad37c5f0a,,14f4a0e2-b6f0-49da-bc80-f5d421676727,,,,R5,1dba7d87-1105-408d-ada7-5e614d9238e5,,,,,,,1,failed,UP-R5-01,,,,,,,61eebfb6-2555-5bce-ba71-7a750427392a,f699e69a-7d8c-4120-aed3-1fc1c8856b68,evidence observations; interpretation separate
M7-analysis-v5,d1c7cfe739bde7675213666c36301ae75805470a0e7f4b564d95bbc90500c1e4,R6,dbb63e68d4ed9e904fa985aa5b88d674205b6caab086a8d981ac8918a9c68fb5,"[""4afc763c-033e-501c-9c9c-453207d31e62"",""1fed9611-d0cc-51e5-86e7-4ba237c836a2"",""0e4d4039-5409-5be7-a300-ded85e9c22d7"",""1c4afc6f-6679-57b7-ab6b-cec3053e85a1"",""76216ff6-0dab-5f43-913f-741c2deb7596"",""fe7c5fea-171a-5d3e-b93c-b9d53dca7c67"",""784c942d-b222-5013-a2e4-de4aa477a143"",""2f2d84f4-6f41-5df7-a828-cc0a3d9cdddf"",""c68f6332-f200-5595-940d-e5bcad78f1fe"",""54c3aba8-cb42-5023-9591-5cdd68bdd7c5"",""b9ac296e-4c6c-5cdc-9e03-14868c124af2"",""022ddff9-4332-5ba5-b884-42537f220a0c"",""0d262496-18e1-5973-84a6-84fbda64d0ff"",""447860c8-1d56-518b-88ad-7e103990b756"",""616ecfda-7163-5a8d-ba60-01f623d8b124"",""656bacfc-b102-5379-8db2-2f9f127621e0"",""88f2e658-6155-5924-bc85-63fe2aabb08a"",""9f032fb3-90ca-5749-aff5-1065077ac10e"",""4d2e4005-a84b-525b-a492-d367c5e405d0"",""12b20e20-e117-5c00-83bc-e589b92b730e"",""e97a5398-37b9-5e89-91a9-9b3ae48d9534"",""7a8f92c5-5f85-593a-bf90-08e13c60a2e6"",""aa66f5e3-ac0e-57d6-9b69-aa54ea7c4fb9"",""d07b7490-853e-562b-b662-305e89e7718d"",""596c0800-372d-5056-8a35-9f8661656bf4"",""d08816e6-d4d6-5f35-9de3-d86528fa7a96"",""2e126757-f17e-5ee2-93db-94d31ed944b2"",""5e1af4e2-330f-563f-b639-2d3cd8d276c8"",""49cd1889-2a56-5913-8723-929335f68874"",""82b898ba-3b6d-567f-8996-4f259b74547e"",""d38eb7d2-e78b-5c2f-93e4-2e34846e80e6"",""33effc64-dcfe-5ced-badf-c4df49f68dc1"",""a3a03b99-34c0-504b-b529-32b798db318a"",""8b3ec7b0-123f-5597-95f7-1fafc5810d01"",""035c5442-19b8-5a84-8a59-b352a9660279"",""d6d45010-72fa-5741-b733-88958a8795d2"",""ab8215e5-b753-5a6a-a4e7-ad9caf42eeac"",""1b20061c-b208-551a-b06c-81ffeff623fc"",""9b6d0913-2ae6-5dab-ab36-d05e1c51b208"",""a27c1fb2-edc1-57e6-9d74-adb5a13fed3b"",""4696448b-8c21-591b-80cc-7344ea0b95ec"",""c1d75a33-928c-5636-b99c-def1fb29e0f5"",""61eebfb6-2555-5bce-ba71-7a750427392a"",""aba074a1-d451-595d-bc12-e257adbe7383"",""1ca34094-ee4d-5962-a78a-174d361a9cd3"",""7edb0577-da07-5c6f-8391-bb90e9822165"",""d7c5d484-54dc-5d1e-a3ac-65d60267a12c"",""f416cc8b-3bc2-5c4c-a91c-c56faf748684""]","[""81bf1afb-dd4f-4ee5-8ff9-47d8f22dc146"",""7bfdb339-10a3-4f19-a307-7472a08517e8""]",,,M6-evaluator-v1,observed,oracle,422,text,UP-R6-01-S01-HTTP,independent public-contract comparison,M6-ASSERTION-8612096d-d90b-4d50-acc5-43686a11a7de,,,,,,,,,2026-10-07T21:20:24.939603Z,,200,,2d9849af-4973-4fd8-a822-d8a60e17e5f5,9c95866f-4f73-472e-af58-111c81c883d0,81bf1afb-dd4f-4ee5-8ff9-47d8f22dc146,,14f4a0e2-b6f0-49da-bc80-f5d421676727,,,,R6,7bfdb339-10a3-4f19-a307-7472a08517e8,,,,,,,1,failed,UP-R6-01,,,,,,,61eebfb6-2555-5bce-ba71-7a750427392a,f699e69a-7d8c-4120-aed3-1fc1c8856b68,evidence observations; interpretation separate
M7-analysis-v5,d1c7cfe739bde7675213666c36301ae75805470a0e7f4b564d95bbc90500c1e4,R6,dbb63e68d4ed9e904fa985aa5b88d674205b6caab086a8d981ac8918a9c68fb5,"[""4afc763c-033e-501c-9c9c-453207d31e62"",""1fed9611-d0cc-51e5-86e7-4ba237c836a2"",""0e4d4039-5409-5be7-a300-ded85e9c22d7"",""1c4afc6f-6679-57b7-ab6b-cec3053e85a1"",""76216ff6-0dab-5f43-913f-741c2deb7596"",""fe7c5fea-171a-5d3e-b93c-b9d53dca7c67"",""784c942d-b222-5013-a2e4-de4aa477a143"",""2f2d84f4-6f41-5df7-a828-cc0a3d9cdddf"",""c68f6332-f200-5595-940d-e5bcad78f1fe"",""54c3aba8-cb42-5023-9591-5cdd68bdd7c5"",""b9ac296e-4c6c-5cdc-9e03-14868c124af2"",""022ddff9-4332-5ba5-b884-42537f220a0c"",""0d262496-18e1-5973-84a6-84fbda64d0ff"",""447860c8-1d56-518b-88ad-7e103990b756"",""616ecfda-7163-5a8d-ba60-01f623d8b124"",""656bacfc-b102-5379-8db2-2f9f127621e0"",""88f2e658-6155-5924-bc85-63fe2aabb08a"",""9f032fb3-90ca-5749-aff5-1065077ac10e"",""4d2e4005-a84b-525b-a492-d367c5e405d0"",""12b20e20-e117-5c00-83bc-e589b92b730e"",""e97a5398-37b9-5e89-91a9-9b3ae48d9534"",""7a8f92c5-5f85-593a-bf90-08e13c60a2e6"",""aa66f5e3-ac0e-57d6-9b69-aa54ea7c4fb9"",""d07b7490-853e-562b-b662-305e89e7718d"",""596c0800-372d-5056-8a35-9f8661656bf4"",""d08816e6-d4d6-5f35-9de3-d86528fa7a96"",""2e126757-f17e-5ee2-93db-94d31ed944b2"",""5e1af4e2-330f-563f-b639-2d3cd8d276c8"",""49cd1889-2a56-5913-8723-929335f68874"",""82b898ba-3b6d-567f-8996-4f259b74547e"",""d38eb7d2-e78b-5c2f-93e4-2e34846e80e6"",""33effc64-dcfe-5ced-badf-c4df49f68dc1"",""a3a03b99-34c0-504b-b529-32b798db318a"",""8b3ec7b0-123f-5597-95f7-1fafc5810d01"",""035c5442-19b8-5a84-8a59-b352a9660279"",""d6d45010-72fa-5741-b733-88958a8795d2"",""ab8215e5-b753-5a6a-a4e7-ad9caf42eeac"",""1b20061c-b208-551a-b06c-81ffeff623fc"",""9b6d0913-2ae6-5dab-ab36-d05e1c51b208"",""a27c1fb2-edc1-57e6-9d74-adb5a13fed3b"",""4696448b-8c21-591b-80cc-7344ea0b95ec"",""c1d75a33-928c-5636-b99c-def1fb29e0f5"",""61eebfb6-2555-5bce-ba71-7a750427392a"",""aba074a1-d451-595d-bc12-e257adbe7383"",""1ca34094-ee4d-5962-a78a-174d361a9cd3"",""7edb0577-da07-5c6f-8391-bb90e9822165"",""d7c5d484-54dc-5d1e-a3ac-65d60267a12c"",""f416cc8b-3bc2-5c4c-a91c-c56faf748684""]","[""81bf1afb-dd4f-4ee5-8ff9-47d8f22dc146"",""7bfdb339-10a3-4f19-a307-7472a08517e8""]",,,M6-evaluator-v1,observed,oracle,"{""avatars"":[],""data"":{},""marker"":""INPUT_ERROR"",""region_count"":1}",text,UP-R6-01-S01-RESULT,independent public-contract comparison,M6-ASSERTION-cd056147-fc51-4a85-abe9-44a243f285c5,,,,,,,,,2026-10-07T21:20:24.939999Z,,"{""avatars"":[],""data"":{""path"":""study/uploads/seq-one.png""},""marker"":""SUCCESS"",""region_count"":1}",,2d9849af-4973-4fd8-a822-d8a60e17e5f5,1dbdc580-b6de-4d19-bb93-fefe26dacb8b,81bf1afb-dd4f-4ee5-8ff9-47d8f22dc146,,14f4a0e2-b6f0-49da-bc80-f5d421676727,,,,R6,7bfdb339-10a3-4f19-a307-7472a08517e8,,,,,,,1,failed,UP-R6-01,,,,,,,61eebfb6-2555-5bce-ba71-7a750427392a,f699e69a-7d8c-4120-aed3-1fc1c8856b68,evidence observations; interpretation separate
M7-analysis-v5,d1c7cfe739bde7675213666c36301ae75805470a0e7f4b564d95bbc90500c1e4,R6,dbb63e68d4ed9e904fa985aa5b88d674205b6caab086a8d981ac8918a9c68fb5,"[""4afc763c-033e-501c-9c9c-453207d31e62"",""1fed9611-d0cc-51e5-86e7-4ba237c836a2"",""0e4d4039-5409-5be7-a300-ded85e9c22d7"",""1c4afc6f-6679-57b7-ab6b-cec3053e85a1"",""76216ff6-0dab-5f43-913f-741c2deb7596"",""fe7c5fea-171a-5d3e-b93c-b9d53dca7c67"",""784c942d-b222-5013-a2e4-de4aa477a143"",""2f2d84f4-6f41-5df7-a828-cc0a3d9cdddf"",""c68f6332-f200-5595-940d-e5bcad78f1fe"",""54c3aba8-cb42-5023-9591-5cdd68bdd7c5"",""b9ac296e-4c6c-5cdc-9e03-14868c124af2"",""022ddff9-4332-5ba5-b884-42537f220a0c"",""0d262496-18e1-5973-84a6-84fbda64d0ff"",""447860c8-1d56-518b-88ad-7e103990b756"",""616ecfda-7163-5a8d-ba60-01f623d8b124"",""656bacfc-b102-5379-8db2-2f9f127621e0"",""88f2e658-6155-5924-bc85-63fe2aabb08a"",""9f032fb3-90ca-5749-aff5-1065077ac10e"",""4d2e4005-a84b-525b-a492-d367c5e405d0"",""12b20e20-e117-5c00-83bc-e589b92b730e"",""e97a5398-37b9-5e89-91a9-9b3ae48d9534"",""7a8f92c5-5f85-593a-bf90-08e13c60a2e6"",""aa66f5e3-ac0e-57d6-9b69-aa54ea7c4fb9"",""d07b7490-853e-562b-b662-305e89e7718d"",""596c0800-372d-5056-8a35-9f8661656bf4"",""d08816e6-d4d6-5f35-9de3-d86528fa7a96"",""2e126757-f17e-5ee2-93db-94d31ed944b2"",""5e1af4e2-330f-563f-b639-2d3cd8d276c8"",""49cd1889-2a56-5913-8723-929335f68874"",""82b898ba-3b6d-567f-8996-4f259b74547e"",""d38eb7d2-e78b-5c2f-93e4-2e34846e80e6"",""33effc64-dcfe-5ced-badf-c4df49f68dc1"",""a3a03b99-34c0-504b-b529-32b798db318a"",""8b3ec7b0-123f-5597-95f7-1fafc5810d01"",""035c5442-19b8-5a84-8a59-b352a9660279"",""d6d45010-72fa-5741-b733-88958a8795d2"",""ab8215e5-b753-5a6a-a4e7-ad9caf42eeac"",""1b20061c-b208-551a-b06c-81ffeff623fc"",""9b6d0913-2ae6-5dab-ab36-d05e1c51b208"",""a27c1fb2-edc1-57e6-9d74-adb5a13fed3b"",""4696448b-8c21-591b-80cc-7344ea0b95ec"",""c1d75a33-928c-5636-b99c-def1fb29e0f5"",""61eebfb6-2555-5bce-ba71-7a750427392a"",""aba074a1-d451-595d-bc12-e257adbe7383"",""1ca34094-ee4d-5962-a78a-174d361a9cd3"",""7edb0577-da07-5c6f-8391-bb90e9822165"",""d7c5d484-54dc-5d1e-a3ac-65d60267a12c"",""f416cc8b-3bc2-5c4c-a91c-c56faf748684""]","[""81bf1afb-dd4f-4ee5-8ff9-47d8f22dc146"",""7bfdb339-10a3-4f19-a307-7472a08517e8""]",,,M6-evaluator-v1,observed,oracle,"{""sentinel.txt"":{""sha256"":""cc809b73990c3ed04b989c020da6c36cfbefaff047c338817e10d2d086d9ec29"",""size"":28}}",text,UP-R6-01-S01-FILES,independent public-contract comparison,M6-ASSERTION-ebfb8582-3cae-45f3-8490-c61af5fd8a7e,,,,,,,,,2026-10-07T21:20:24.940821Z,,"{""sentinel.txt"":{""sha256"":""cc809b73990c3ed04b989c020da6c36cfbefaff047c338817e10d2d086d9ec29"",""size"":28},""seq-one.png"":{""sha256"":""5152b4f262397512ec8d1d6f076c509a6052674e3814a0c78fb7bf368b4d5b62"",""size"":73}}",,2d9849af-4973-4fd8-a822-d8a60e17e5f5,8866f5ba-738a-41ea-95e6-037a11fe54e0,81bf1afb-dd4f-4ee5-8ff9-47d8f22dc146,,14f4a0e2-b6f0-49da-bc80-f5d421676727,,,,R6,7bfdb339-10a3-4f19-a307-7472a08517e8,,,,,,,1,failed,UP-R6-01,,,,,,,61eebfb6-2555-5bce-ba71-7a750427392a,f699e69a-7d8c-4120-aed3-1fc1c8856b68,evidence observations; interpretation separate
M7-analysis-v5,d1c7cfe739bde7675213666c36301ae75805470a0e7f4b564d95bbc90500c1e4,R6,dbb63e68d4ed9e904fa985aa5b88d674205b6caab086a8d981ac8918a9c68fb5,"[""4afc763c-033e-501c-9c9c-453207d31e62"",""1fed9611-d0cc-51e5-86e7-4ba237c836a2"",""0e4d4039-5409-5be7-a300-ded85e9c22d7"",""1c4afc6f-6679-57b7-ab6b-cec3053e85a1"",""76216ff6-0dab-5f43-913f-741c2deb7596"",""fe7c5fea-171a-5d3e-b93c-b9d53dca7c67"",""784c942d-b222-5013-a2e4-de4aa477a143"",""2f2d84f4-6f41-5df7-a828-cc0a3d9cdddf"",""c68f6332-f200-5595-940d-e5bcad78f1fe"",""54c3aba8-cb42-5023-9591-5cdd68bdd7c5"",""b9ac296e-4c6c-5cdc-9e03-14868c124af2"",""022ddff9-4332-5ba5-b884-42537f220a0c"",""0d262496-18e1-5973-84a6-84fbda64d0ff"",""447860c8-1d56-518b-88ad-7e103990b756"",""616ecfda-7163-5a8d-ba60-01f623d8b124"",""656bacfc-b102-5379-8db2-2f9f127621e0"",""88f2e658-6155-5924-bc85-63fe2aabb08a"",""9f032fb3-90ca-5749-aff5-1065077ac10e"",""4d2e4005-a84b-525b-a492-d367c5e405d0"",""12b20e20-e117-5c00-83bc-e589b92b730e"",""e97a5398-37b9-5e89-91a9-9b3ae48d9534"",""7a8f92c5-5f85-593a-bf90-08e13c60a2e6"",""aa66f5e3-ac0e-57d6-9b69-aa54ea7c4fb9"",""d07b7490-853e-562b-b662-305e89e7718d"",""596c0800-372d-5056-8a35-9f8661656bf4"",""d08816e6-d4d6-5f35-9de3-d86528fa7a96"",""2e126757-f17e-5ee2-93db-94d31ed944b2"",""5e1af4e2-330f-563f-b639-2d3cd8d276c8"",""49cd1889-2a56-5913-8723-929335f68874"",""82b898ba-3b6d-567f-8996-4f259b74547e"",""d38eb7d2-e78b-5c2f-93e4-2e34846e80e6"",""33effc64-dcfe-5ced-badf-c4df49f68dc1"",""a3a03b99-34c0-504b-b529-32b798db318a"",""8b3ec7b0-123f-5597-95f7-1fafc5810d01"",""035c5442-19b8-5a84-8a59-b352a9660279"",""d6d45010-72fa-5741-b733-88958a8795d2"",""ab8215e5-b753-5a6a-a4e7-ad9caf42eeac"",""1b20061c-b208-551a-b06c-81ffeff623fc"",""9b6d0913-2ae6-5dab-ab36-d05e1c51b208"",""a27c1fb2-edc1-57e6-9d74-adb5a13fed3b"",""4696448b-8c21-591b-80cc-7344ea0b95ec"",""c1d75a33-928c-5636-b99c-def1fb29e0f5"",""61eebfb6-2555-5bce-ba71-7a750427392a"",""aba074a1-d451-595d-bc12-e257adbe7383"",""1ca34094-ee4d-5962-a78a-174d361a9cd3"",""7edb0577-da07-5c6f-8391-bb90e9822165"",""d7c5d484-54dc-5d1e-a3ac-65d60267a12c"",""f416cc8b-3bc2-5c4c-a91c-c56faf748684""]","[""81bf1afb-dd4f-4ee5-8ff9-47d8f22dc146"",""84ff4eda-b952-44cc-a0e0-1d2626708b36""]",,,M6-evaluator-v1,observed,oracle,422,text,UP-R6-01-S03-HTTP,independent public-contract comparison,M6-ASSERTION-6fb3a7d5-2543-4f2b-b2ab-32dfcca8c4ad,,,,,,,,,2026-10-07T21:20:24.942995Z,,200,,2d9849af-4973-4fd8-a822-d8a60e17e5f5,a192a89c-ede7-46b1-94c8-d37b6daba736,81bf1afb-dd4f-4ee5-8ff9-47d8f22dc146,,14f4a0e2-b6f0-49da-bc80-f5d421676727,,,,R6,84ff4eda-b952-44cc-a0e0-1d2626708b36,,,,,,,1,failed,UP-R6-01,,,,,,,61eebfb6-2555-5bce-ba71-7a750427392a,f699e69a-7d8c-4120-aed3-1fc1c8856b68,evidence observations; interpretation separate
M7-analysis-v5,d1c7cfe739bde7675213666c36301ae75805470a0e7f4b564d95bbc90500c1e4,R6,dbb63e68d4ed9e904fa985aa5b88d674205b6caab086a8d981ac8918a9c68fb5,"[""4afc763c-033e-501c-9c9c-453207d31e62"",""1fed9611-d0cc-51e5-86e7-4ba237c836a2"",""0e4d4039-5409-5be7-a300-ded85e9c22d7"",""1c4afc6f-6679-57b7-ab6b-cec3053e85a1"",""76216ff6-0dab-5f43-913f-741c2deb7596"",""fe7c5fea-171a-5d3e-b93c-b9d53dca7c67"",""784c942d-b222-5013-a2e4-de4aa477a143"",""2f2d84f4-6f41-5df7-a828-cc0a3d9cdddf"",""c68f6332-f200-5595-940d-e5bcad78f1fe"",""54c3aba8-cb42-5023-9591-5cdd68bdd7c5"",""b9ac296e-4c6c-5cdc-9e03-14868c124af2"",""022ddff9-4332-5ba5-b884-42537f220a0c"",""0d262496-18e1-5973-84a6-84fbda64d0ff"",""447860c8-1d56-518b-88ad-7e103990b756"",""616ecfda-7163-5a8d-ba60-01f623d8b124"",""656bacfc-b102-5379-8db2-2f9f127621e0"",""88f2e658-6155-5924-bc85-63fe2aabb08a"",""9f032fb3-90ca-5749-aff5-1065077ac10e"",""4d2e4005-a84b-525b-a492-d367c5e405d0"",""12b20e20-e117-5c00-83bc-e589b92b730e"",""e97a5398-37b9-5e89-91a9-9b3ae48d9534"",""7a8f92c5-5f85-593a-bf90-08e13c60a2e6"",""aa66f5e3-ac0e-57d6-9b69-aa54ea7c4fb9"",""d07b7490-853e-562b-b662-305e89e7718d"",""596c0800-372d-5056-8a35-9f8661656bf4"",""d08816e6-d4d6-5f35-9de3-d86528fa7a96"",""2e126757-f17e-5ee2-93db-94d31ed944b2"",""5e1af4e2-330f-563f-b639-2d3cd8d276c8"",""49cd1889-2a56-5913-8723-929335f68874"",""82b898ba-3b6d-567f-8996-4f259b74547e"",""d38eb7d2-e78b-5c2f-93e4-2e34846e80e6"",""33effc64-dcfe-5ced-badf-c4df49f68dc1"",""a3a03b99-34c0-504b-b529-32b798db318a"",""8b3ec7b0-123f-5597-95f7-1fafc5810d01"",""035c5442-19b8-5a84-8a59-b352a9660279"",""d6d45010-72fa-5741-b733-88958a8795d2"",""ab8215e5-b753-5a6a-a4e7-ad9caf42eeac"",""1b20061c-b208-551a-b06c-81ffeff623fc"",""9b6d0913-2ae6-5dab-ab36-d05e1c51b208"",""a27c1fb2-edc1-57e6-9d74-adb5a13fed3b"",""4696448b-8c21-591b-80cc-7344ea0b95ec"",""c1d75a33-928c-5636-b99c-def1fb29e0f5"",""61eebfb6-2555-5bce-ba71-7a750427392a"",""aba074a1-d451-595d-bc12-e257adbe7383"",""1ca34094-ee4d-5962-a78a-174d361a9cd3"",""7edb0577-da07-5c6f-8391-bb90e9822165"",""d7c5d484-54dc-5d1e-a3ac-65d60267a12c"",""f416cc8b-3bc2-5c4c-a91c-c56faf748684""]","[""81bf1afb-dd4f-4ee5-8ff9-47d8f22dc146"",""84ff4eda-b952-44cc-a0e0-1d2626708b36""]",,,M6-evaluator-v1,observed,oracle,"{""avatars"":[],""data"":{},""marker"":""INPUT_ERROR"",""region_count"":1}",text,UP-R6-01-S03-RESULT,independent public-contract comparison,M6-ASSERTION-8465b6df-c001-4973-bba3-b7cc58665631,,,,,,,,,2026-10-07T21:20:24.943363Z,,"{""avatars"":[],""data"":{""path"":""study/uploads/seq-three.png""},""marker"":""SUCCESS"",""region_count"":1}",,2d9849af-4973-4fd8-a822-d8a60e17e5f5,28ae7d30-6aef-42d3-9e51-b7d9cf9f6af7,81bf1afb-dd4f-4ee5-8ff9-47d8f22dc146,,14f4a0e2-b6f0-49da-bc80-f5d421676727,,,,R6,84ff4eda-b952-44cc-a0e0-1d2626708b36,,,,,,,1,failed,UP-R6-01,,,,,,,61eebfb6-2555-5bce-ba71-7a750427392a,f699e69a-7d8c-4120-aed3-1fc1c8856b68,evidence observations; interpretation separate
M7-analysis-v5,d1c7cfe739bde7675213666c36301ae75805470a0e7f4b564d95bbc90500c1e4,R6,dbb63e68d4ed9e904fa985aa5b88d674205b6caab086a8d981ac8918a9c68fb5,"[""4afc763c-033e-501c-9c9c-453207d31e62"",""1fed9611-d0cc-51e5-86e7-4ba237c836a2"",""0e4d4039-5409-5be7-a300-ded85e9c22d7"",""1c4afc6f-6679-57b7-ab6b-cec3053e85a1"",""76216ff6-0dab-5f43-913f-741c2deb7596"",""fe7c5fea-171a-5d3e-b93c-b9d53dca7c67"",""784c942d-b222-5013-a2e4-de4aa477a143"",""2f2d84f4-6f41-5df7-a828-cc0a3d9cdddf"",""c68f6332-f200-5595-940d-e5bcad78f1fe"",""54c3aba8-cb42-5023-9591-5cdd68bdd7c5"",""b9ac296e-4c6c-5cdc-9e03-14868c124af2"",""022ddff9-4332-5ba5-b884-42537f220a0c"",""0d262496-18e1-5973-84a6-84fbda64d0ff"",""447860c8-1d56-518b-88ad-7e103990b756"",""616ecfda-7163-5a8d-ba60-01f623d8b124"",""656bacfc-b102-5379-8db2-2f9f127621e0"",""88f2e658-6155-5924-bc85-63fe2aabb08a"",""9f032fb3-90ca-5749-aff5-1065077ac10e"",""4d2e4005-a84b-525b-a492-d367c5e405d0"",""12b20e20-e117-5c00-83bc-e589b92b730e"",""e97a5398-37b9-5e89-91a9-9b3ae48d9534"",""7a8f92c5-5f85-593a-bf90-08e13c60a2e6"",""aa66f5e3-ac0e-57d6-9b69-aa54ea7c4fb9"",""d07b7490-853e-562b-b662-305e89e7718d"",""596c0800-372d-5056-8a35-9f8661656bf4"",""d08816e6-d4d6-5f35-9de3-d86528fa7a96"",""2e126757-f17e-5ee2-93db-94d31ed944b2"",""5e1af4e2-330f-563f-b639-2d3cd8d276c8"",""49cd1889-2a56-5913-8723-929335f68874"",""82b898ba-3b6d-567f-8996-4f259b74547e"",""d38eb7d2-e78b-5c2f-93e4-2e34846e80e6"",""33effc64-dcfe-5ced-badf-c4df49f68dc1"",""a3a03b99-34c0-504b-b529-32b798db318a"",""8b3ec7b0-123f-5597-95f7-1fafc5810d01"",""035c5442-19b8-5a84-8a59-b352a9660279"",""d6d45010-72fa-5741-b733-88958a8795d2"",""ab8215e5-b753-5a6a-a4e7-ad9caf42eeac"",""1b20061c-b208-551a-b06c-81ffeff623fc"",""9b6d0913-2ae6-5dab-ab36-d05e1c51b208"",""a27c1fb2-edc1-57e6-9d74-adb5a13fed3b"",""4696448b-8c21-591b-80cc-7344ea0b95ec"",""c1d75a33-928c-5636-b99c-def1fb29e0f5"",""61eebfb6-2555-5bce-ba71-7a750427392a"",""aba074a1-d451-595d-bc12-e257adbe7383"",""1ca34094-ee4d-5962-a78a-174d361a9cd3"",""7edb0577-da07-5c6f-8391-bb90e9822165"",""d7c5d484-54dc-5d1e-a3ac-65d60267a12c"",""f416cc8b-3bc2-5c4c-a91c-c56faf748684""]","[""81bf1afb-dd4f-4ee5-8ff9-47d8f22dc146"",""84ff4eda-b952-44cc-a0e0-1d2626708b36""]",,,M6-evaluator-v1,observed,oracle,"{""sentinel.txt"":{""sha256"":""cc809b73990c3ed04b989c020da6c36cfbefaff047c338817e10d2d086d9ec29"",""size"":28}}",text,UP-R6-01-S03-FILES,independent public-contract comparison,M6-ASSERTION-ded74e16-4cb3-4835-8a97-8688725c3320,,,,,,,,,2026-10-07T21:20:24.944260Z,,"{""sentinel.txt"":{""sha256"":""cc809b73990c3ed04b989c020da6c36cfbefaff047c338817e10d2d086d9ec29"",""size"":28},""seq-one.png"":{""sha256"":""5152b4f262397512ec8d1d6f076c509a6052674e3814a0c78fb7bf368b4d5b62"",""size"":73},""seq-three.png"":{""sha256"":""31bd12297554963e960c136b22a7a6dade4b234dc5c5a370bb16671f12af98ad"",""size"":73},""seq-two.jpeg"":{""sha256"":""bfd0fb4d7039a1716a766f83be930226c9d8649aa4deeb926013cbe24dd53888"",""size"":777}}",,2d9849af-4973-4fd8-a822-d8a60e17e5f5,9fda876b-1765-4799-9857-24840f2ae4f5,81bf1afb-dd4f-4ee5-8ff9-47d8f22dc146,,14f4a0e2-b6f0-49da-bc80-f5d421676727,,,,R6,84ff4eda-b952-44cc-a0e0-1d2626708b36,,,,,,,1,failed,UP-R6-01,,,,,,,61eebfb6-2555-5bce-ba71-7a750427392a,f699e69a-7d8c-4120-aed3-1fc1c8856b68,evidence observations; interpretation separate
M7-analysis-v5,d1c7cfe739bde7675213666c36301ae75805470a0e7f4b564d95bbc90500c1e4,R6,dbb63e68d4ed9e904fa985aa5b88d674205b6caab086a8d981ac8918a9c68fb5,"[""4afc763c-033e-501c-9c9c-453207d31e62"",""1fed9611-d0cc-51e5-86e7-4ba237c836a2"",""0e4d4039-5409-5be7-a300-ded85e9c22d7"",""1c4afc6f-6679-57b7-ab6b-cec3053e85a1"",""76216ff6-0dab-5f43-913f-741c2deb7596"",""fe7c5fea-171a-5d3e-b93c-b9d53dca7c67"",""784c942d-b222-5013-a2e4-de4aa477a143"",""2f2d84f4-6f41-5df7-a828-cc0a3d9cdddf"",""c68f6332-f200-5595-940d-e5bcad78f1fe"",""54c3aba8-cb42-5023-9591-5cdd68bdd7c5"",""b9ac296e-4c6c-5cdc-9e03-14868c124af2"",""022ddff9-4332-5ba5-b884-42537f220a0c"",""0d262496-18e1-5973-84a6-84fbda64d0ff"",""447860c8-1d56-518b-88ad-7e103990b756"",""616ecfda-7163-5a8d-ba60-01f623d8b124"",""656bacfc-b102-5379-8db2-2f9f127621e0"",""88f2e658-6155-5924-bc85-63fe2aabb08a"",""9f032fb3-90ca-5749-aff5-1065077ac10e"",""4d2e4005-a84b-525b-a492-d367c5e405d0"",""12b20e20-e117-5c00-83bc-e589b92b730e"",""e97a5398-37b9-5e89-91a9-9b3ae48d9534"",""7a8f92c5-5f85-593a-bf90-08e13c60a2e6"",""aa66f5e3-ac0e-57d6-9b69-aa54ea7c4fb9"",""d07b7490-853e-562b-b662-305e89e7718d"",""596c0800-372d-5056-8a35-9f8661656bf4"",""d08816e6-d4d6-5f35-9de3-d86528fa7a96"",""2e126757-f17e-5ee2-93db-94d31ed944b2"",""5e1af4e2-330f-563f-b639-2d3cd8d276c8"",""49cd1889-2a56-5913-8723-929335f68874"",""82b898ba-3b6d-567f-8996-4f259b74547e"",""d38eb7d2-e78b-5c2f-93e4-2e34846e80e6"",""33effc64-dcfe-5ced-badf-c4df49f68dc1"",""a3a03b99-34c0-504b-b529-32b798db318a"",""8b3ec7b0-123f-5597-95f7-1fafc5810d01"",""035c5442-19b8-5a84-8a59-b352a9660279"",""d6d45010-72fa-5741-b733-88958a8795d2"",""ab8215e5-b753-5a6a-a4e7-ad9caf42eeac"",""1b20061c-b208-551a-b06c-81ffeff623fc"",""9b6d0913-2ae6-5dab-ab36-d05e1c51b208"",""a27c1fb2-edc1-57e6-9d74-adb5a13fed3b"",""4696448b-8c21-591b-80cc-7344ea0b95ec"",""c1d75a33-928c-5636-b99c-def1fb29e0f5"",""61eebfb6-2555-5bce-ba71-7a750427392a"",""aba074a1-d451-595d-bc12-e257adbe7383"",""1ca34094-ee4d-5962-a78a-174d361a9cd3"",""7edb0577-da07-5c6f-8391-bb90e9822165"",""d7c5d484-54dc-5d1e-a3ac-65d60267a12c"",""f416cc8b-3bc2-5c4c-a91c-c56faf748684""]","[""81bf1afb-dd4f-4ee5-8ff9-47d8f22dc146"",""fbf306df-d527-41be-a270-1c7a9774eed9""]",,,M6-evaluator-v1,observed,oracle,422,text,UP-R6-01-S02-HTTP,independent public-contract comparison,M6-ASSERTION-b8d961b3-1a89-4202-917e-8d14252a131f,,,,,,,,,2026-10-07T21:20:24.941215Z,,200,,2d9849af-4973-4fd8-a822-d8a60e17e5f5,a5857efe-ae1a-4af3-b54d-df94d98d2b5e,81bf1afb-dd4f-4ee5-8ff9-47d8f22dc146,,14f4a0e2-b6f0-49da-bc80-f5d421676727,,,,R6,fbf306df-d527-41be-a270-1c7a9774eed9,,,,,,,1,failed,UP-R6-01,,,,,,,61eebfb6-2555-5bce-ba71-7a750427392a,f699e69a-7d8c-4120-aed3-1fc1c8856b68,evidence observations; interpretation separate
M7-analysis-v5,d1c7cfe739bde7675213666c36301ae75805470a0e7f4b564d95bbc90500c1e4,R6,dbb63e68d4ed9e904fa985aa5b88d674205b6caab086a8d981ac8918a9c68fb5,"[""4afc763c-033e-501c-9c9c-453207d31e62"",""1fed9611-d0cc-51e5-86e7-4ba237c836a2"",""0e4d4039-5409-5be7-a300-ded85e9c22d7"",""1c4afc6f-6679-57b7-ab6b-cec3053e85a1"",""76216ff6-0dab-5f43-913f-741c2deb7596"",""fe7c5fea-171a-5d3e-b93c-b9d53dca7c67"",""784c942d-b222-5013-a2e4-de4aa477a143"",""2f2d84f4-6f41-5df7-a828-cc0a3d9cdddf"",""c68f6332-f200-5595-940d-e5bcad78f1fe"",""54c3aba8-cb42-5023-9591-5cdd68bdd7c5"",""b9ac296e-4c6c-5cdc-9e03-14868c124af2"",""022ddff9-4332-5ba5-b884-42537f220a0c"",""0d262496-18e1-5973-84a6-84fbda64d0ff"",""447860c8-1d56-518b-88ad-7e103990b756"",""616ecfda-7163-5a8d-ba60-01f623d8b124"",""656bacfc-b102-5379-8db2-2f9f127621e0"",""88f2e658-6155-5924-bc85-63fe2aabb08a"",""9f032fb3-90ca-5749-aff5-1065077ac10e"",""4d2e4005-a84b-525b-a492-d367c5e405d0"",""12b20e20-e117-5c00-83bc-e589b92b730e"",""e97a5398-37b9-5e89-91a9-9b3ae48d9534"",""7a8f92c5-5f85-593a-bf90-08e13c60a2e6"",""aa66f5e3-ac0e-57d6-9b69-aa54ea7c4fb9"",""d07b7490-853e-562b-b662-305e89e7718d"",""596c0800-372d-5056-8a35-9f8661656bf4"",""d08816e6-d4d6-5f35-9de3-d86528fa7a96"",""2e126757-f17e-5ee2-93db-94d31ed944b2"",""5e1af4e2-330f-563f-b639-2d3cd8d276c8"",""49cd1889-2a56-5913-8723-929335f68874"",""82b898ba-3b6d-567f-8996-4f259b74547e"",""d38eb7d2-e78b-5c2f-93e4-2e34846e80e6"",""33effc64-dcfe-5ced-badf-c4df49f68dc1"",""a3a03b99-34c0-504b-b529-32b798db318a"",""8b3ec7b0-123f-5597-95f7-1fafc5810d01"",""035c5442-19b8-5a84-8a59-b352a9660279"",""d6d45010-72fa-5741-b733-88958a8795d2"",""ab8215e5-b753-5a6a-a4e7-ad9caf42eeac"",""1b20061c-b208-551a-b06c-81ffeff623fc"",""9b6d0913-2ae6-5dab-ab36-d05e1c51b208"",""a27c1fb2-edc1-57e6-9d74-adb5a13fed3b"",""4696448b-8c21-591b-80cc-7344ea0b95ec"",""c1d75a33-928c-5636-b99c-def1fb29e0f5"",""61eebfb6-2555-5bce-ba71-7a750427392a"",""aba074a1-d451-595d-bc12-e257adbe7383"",""1ca34094-ee4d-5962-a78a-174d361a9cd3"",""7edb0577-da07-5c6f-8391-bb90e9822165"",""d7c5d484-54dc-5d1e-a3ac-65d60267a12c"",""f416cc8b-3bc2-5c4c-a91c-c56faf748684""]","[""81bf1afb-dd4f-4ee5-8ff9-47d8f22dc146"",""fbf306df-d527-41be-a270-1c7a9774eed9""]",,,M6-evaluator-v1,observed,oracle,"{""avatars"":[],""data"":{},""marker"":""INPUT_ERROR"",""region_count"":1}",text,UP-R6-01-S02-RESULT,independent public-contract comparison,M6-ASSERTION-cf9d2b5f-51be-4915-9c7a-f6abd513a260,,,,,,,,,2026-10-07T21:20:24.941577Z,,"{""avatars"":[],""data"":{""path"":""study/uploads/seq-two.jpeg""},""marker"":""SUCCESS"",""region_count"":1}",,2d9849af-4973-4fd8-a822-d8a60e17e5f5,8b41d022-69bb-4645-910f-bb8310e67a8d,81bf1afb-dd4f-4ee5-8ff9-47d8f22dc146,,14f4a0e2-b6f0-49da-bc80-f5d421676727,,,,R6,fbf306df-d527-41be-a270-1c7a9774eed9,,,,,,,1,failed,UP-R6-01,,,,,,,61eebfb6-2555-5bce-ba71-7a750427392a,f699e69a-7d8c-4120-aed3-1fc1c8856b68,evidence observations; interpretation separate
M7-analysis-v5,d1c7cfe739bde7675213666c36301ae75805470a0e7f4b564d95bbc90500c1e4,R6,dbb63e68d4ed9e904fa985aa5b88d674205b6caab086a8d981ac8918a9c68fb5,"[""4afc763c-033e-501c-9c9c-453207d31e62"",""1fed9611-d0cc-51e5-86e7-4ba237c836a2"",""0e4d4039-5409-5be7-a300-ded85e9c22d7"",""1c4afc6f-6679-57b7-ab6b-cec3053e85a1"",""76216ff6-0dab-5f43-913f-741c2deb7596"",""fe7c5fea-171a-5d3e-b93c-b9d53dca7c67"",""784c942d-b222-5013-a2e4-de4aa477a143"",""2f2d84f4-6f41-5df7-a828-cc0a3d9cdddf"",""c68f6332-f200-5595-940d-e5bcad78f1fe"",""54c3aba8-cb42-5023-9591-5cdd68bdd7c5"",""b9ac296e-4c6c-5cdc-9e03-14868c124af2"",""022ddff9-4332-5ba5-b884-42537f220a0c"",""0d262496-18e1-5973-84a6-84fbda64d0ff"",""447860c8-1d56-518b-88ad-7e103990b756"",""616ecfda-7163-5a8d-ba60-01f623d8b124"",""656bacfc-b102-5379-8db2-2f9f127621e0"",""88f2e658-6155-5924-bc85-63fe2aabb08a"",""9f032fb3-90ca-5749-aff5-1065077ac10e"",""4d2e4005-a84b-525b-a492-d367c5e405d0"",""12b20e20-e117-5c00-83bc-e589b92b730e"",""e97a5398-37b9-5e89-91a9-9b3ae48d9534"",""7a8f92c5-5f85-593a-bf90-08e13c60a2e6"",""aa66f5e3-ac0e-57d6-9b69-aa54ea7c4fb9"",""d07b7490-853e-562b-b662-305e89e7718d"",""596c0800-372d-5056-8a35-9f8661656bf4"",""d08816e6-d4d6-5f35-9de3-d86528fa7a96"",""2e126757-f17e-5ee2-93db-94d31ed944b2"",""5e1af4e2-330f-563f-b639-2d3cd8d276c8"",""49cd1889-2a56-5913-8723-929335f68874"",""82b898ba-3b6d-567f-8996-4f259b74547e"",""d38eb7d2-e78b-5c2f-93e4-2e34846e80e6"",""33effc64-dcfe-5ced-badf-c4df49f68dc1"",""a3a03b99-34c0-504b-b529-32b798db318a"",""8b3ec7b0-123f-5597-95f7-1fafc5810d01"",""035c5442-19b8-5a84-8a59-b352a9660279"",""d6d45010-72fa-5741-b733-88958a8795d2"",""ab8215e5-b753-5a6a-a4e7-ad9caf42eeac"",""1b20061c-b208-551a-b06c-81ffeff623fc"",""9b6d0913-2ae6-5dab-ab36-d05e1c51b208"",""a27c1fb2-edc1-57e6-9d74-adb5a13fed3b"",""4696448b-8c21-591b-80cc-7344ea0b95ec"",""c1d75a33-928c-5636-b99c-def1fb29e0f5"",""61eebfb6-2555-5bce-ba71-7a750427392a"",""aba074a1-d451-595d-bc12-e257adbe7383"",""1ca34094-ee4d-5962-a78a-174d361a9cd3"",""7edb0577-da07-5c6f-8391-bb90e9822165"",""d7c5d484-54dc-5d1e-a3ac-65d60267a12c"",""f416cc8b-3bc2-5c4c-a91c-c56faf748684""]","[""81bf1afb-dd4f-4ee5-8ff9-47d8f22dc146"",""fbf306df-d527-41be-a270-1c7a9774eed9""]",,,M6-evaluator-v1,observed,oracle,"{""sentinel.txt"":{""sha256"":""cc809b73990c3ed04b989c020da6c36cfbefaff047c338817e10d2d086d9ec29"",""size"":28}}",text,UP-R6-01-S02-FILES,independent public-contract comparison,M6-ASSERTION-102371ce-183d-4d6a-b9e6-ab1b4b2c3ae9,,,,,,,,,2026-10-07T21:20:24.942582Z,,"{""sentinel.txt"":{""sha256"":""cc809b73990c3ed04b989c020da6c36cfbefaff047c338817e10d2d086d9ec29"",""size"":28},""seq-one.png"":{""sha256"":""5152b4f262397512ec8d1d6f076c509a6052674e3814a0c78fb7bf368b4d5b62"",""size"":73},""seq-two.jpeg"":{""sha256"":""bfd0fb4d7039a1716a766f83be930226c9d8649aa4deeb926013cbe24dd53888"",""size"":777}}",,2d9849af-4973-4fd8-a822-d8a60e17e5f5,2c567531-4f92-4cb5-bd63-49ad51b4fc70,81bf1afb-dd4f-4ee5-8ff9-47d8f22dc146,,14f4a0e2-b6f0-49da-bc80-f5d421676727,,,,R6,fbf306df-d527-41be-a270-1c7a9774eed9,,,,,,,1,failed,UP-R6-01,,,,,,,61eebfb6-2555-5bce-ba71-7a750427392a,f699e69a-7d8c-4120-aed3-1fc1c8856b68,evidence observations; interpretation separate
M7-analysis-v5,e8255303f1e0cde7479952f03f3b344272c0261c44dbb56c3ba846d5849ccda2,R1,dbb63e68d4ed9e904fa985aa5b88d674205b6caab086a8d981ac8918a9c68fb5,"[""4afc763c-033e-501c-9c9c-453207d31e62"",""1fed9611-d0cc-51e5-86e7-4ba237c836a2"",""0e4d4039-5409-5be7-a300-ded85e9c22d7"",""1c4afc6f-6679-57b7-ab6b-cec3053e85a1"",""76216ff6-0dab-5f43-913f-741c2deb7596"",""fe7c5fea-171a-5d3e-b93c-b9d53dca7c67"",""784c942d-b222-5013-a2e4-de4aa477a143"",""2f2d84f4-6f41-5df7-a828-cc0a3d9cdddf"",""c68f6332-f200-5595-940d-e5bcad78f1fe"",""54c3aba8-cb42-5023-9591-5cdd68bdd7c5"",""b9ac296e-4c6c-5cdc-9e03-14868c124af2"",""022ddff9-4332-5ba5-b884-42537f220a0c"",""0d262496-18e1-5973-84a6-84fbda64d0ff"",""447860c8-1d56-518b-88ad-7e103990b756"",""616ecfda-7163-5a8d-ba60-01f623d8b124"",""656bacfc-b102-5379-8db2-2f9f127621e0"",""88f2e658-6155-5924-bc85-63fe2aabb08a"",""9f032fb3-90ca-5749-aff5-1065077ac10e"",""4d2e4005-a84b-525b-a492-d367c5e405d0"",""12b20e20-e117-5c00-83bc-e589b92b730e"",""e97a5398-37b9-5e89-91a9-9b3ae48d9534"",""7a8f92c5-5f85-593a-bf90-08e13c60a2e6"",""aa66f5e3-ac0e-57d6-9b69-aa54ea7c4fb9"",""d07b7490-853e-562b-b662-305e89e7718d"",""596c0800-372d-5056-8a35-9f8661656bf4"",""d08816e6-d4d6-5f35-9de3-d86528fa7a96"",""2e126757-f17e-5ee2-93db-94d31ed944b2"",""5e1af4e2-330f-563f-b639-2d3cd8d276c8"",""49cd1889-2a56-5913-8723-929335f68874"",""82b898ba-3b6d-567f-8996-4f259b74547e"",""d38eb7d2-e78b-5c2f-93e4-2e34846e80e6"",""33effc64-dcfe-5ced-badf-c4df49f68dc1"",""a3a03b99-34c0-504b-b529-32b798db318a"",""8b3ec7b0-123f-5597-95f7-1fafc5810d01"",""035c5442-19b8-5a84-8a59-b352a9660279"",""d6d45010-72fa-5741-b733-88958a8795d2"",""ab8215e5-b753-5a6a-a4e7-ad9caf42eeac"",""1b20061c-b208-551a-b06c-81ffeff623fc"",""9b6d0913-2ae6-5dab-ab36-d05e1c51b208"",""a27c1fb2-edc1-57e6-9d74-adb5a13fed3b"",""4696448b-8c21-591b-80cc-7344ea0b95ec"",""c1d75a33-928c-5636-b99c-def1fb29e0f5"",""61eebfb6-2555-5bce-ba71-7a750427392a"",""aba074a1-d451-595d-bc12-e257adbe7383"",""1ca34094-ee4d-5962-a78a-174d361a9cd3"",""7edb0577-da07-5c6f-8391-bb90e9822165"",""d7c5d484-54dc-5d1e-a3ac-65d60267a12c"",""f416cc8b-3bc2-5c4c-a91c-c56faf748684""]","[""58db42e8-6945-4f99-beae-5a3dfc95e467"",""72154952-23ce-48c7-b92e-5b811f8ef113""]",,,M6-evaluator-v1,observed,oracle,500,text,SQL-R1-01-S01-HTTP,independent public-contract comparison,M6-ASSERTION-474b1fc1-a430-45d4-ac2b-d751dd3b8968,,,,,,,,,2026-10-07T20:58:20.107845Z,,200,,2d9849af-4973-4fd8-a822-d8a60e17e5f5,a3eb5a64-fd7c-4b17-949c-5b66bc8f1f0f,58db42e8-6945-4f99-beae-5a3dfc95e467,,2aa8d341-f577-4ce1-8338-26b58702c917,,,,R1,72154952-23ce-48c7-b92e-5b811f8ef113,,,,,,,1,failed,SQL-R1-01,,,,,,,c1d75a33-928c-5636-b99c-def1fb29e0f5,bb5b4ed5-341c-433b-8930-be6390dd5308,evidence observations; interpretation separate
M7-analysis-v5,e8255303f1e0cde7479952f03f3b344272c0261c44dbb56c3ba846d5849ccda2,R1,dbb63e68d4ed9e904fa985aa5b88d674205b6caab086a8d981ac8918a9c68fb5,"[""4afc763c-033e-501c-9c9c-453207d31e62"",""1fed9611-d0cc-51e5-86e7-4ba237c836a2"",""0e4d4039-5409-5be7-a300-ded85e9c22d7"",""1c4afc6f-6679-57b7-ab6b-cec3053e85a1"",""76216ff6-0dab-5f43-913f-741c2deb7596"",""fe7c5fea-171a-5d3e-b93c-b9d53dca7c67"",""784c942d-b222-5013-a2e4-de4aa477a143"",""2f2d84f4-6f41-5df7-a828-cc0a3d9cdddf"",""c68f6332-f200-5595-940d-e5bcad78f1fe"",""54c3aba8-cb42-5023-9591-5cdd68bdd7c5"",""b9ac296e-4c6c-5cdc-9e03-14868c124af2"",""022ddff9-4332-5ba5-b884-42537f220a0c"",""0d262496-18e1-5973-84a6-84fbda64d0ff"",""447860c8-1d56-518b-88ad-7e103990b756"",""616ecfda-7163-5a8d-ba60-01f623d8b124"",""656bacfc-b102-5379-8db2-2f9f127621e0"",""88f2e658-6155-5924-bc85-63fe2aabb08a"",""9f032fb3-90ca-5749-aff5-1065077ac10e"",""4d2e4005-a84b-525b-a492-d367c5e405d0"",""12b20e20-e117-5c00-83bc-e589b92b730e"",""e97a5398-37b9-5e89-91a9-9b3ae48d9534"",""7a8f92c5-5f85-593a-bf90-08e13c60a2e6"",""aa66f5e3-ac0e-57d6-9b69-aa54ea7c4fb9"",""d07b7490-853e-562b-b662-305e89e7718d"",""596c0800-372d-5056-8a35-9f8661656bf4"",""d08816e6-d4d6-5f35-9de3-d86528fa7a96"",""2e126757-f17e-5ee2-93db-94d31ed944b2"",""5e1af4e2-330f-563f-b639-2d3cd8d276c8"",""49cd1889-2a56-5913-8723-929335f68874"",""82b898ba-3b6d-567f-8996-4f259b74547e"",""d38eb7d2-e78b-5c2f-93e4-2e34846e80e6"",""33effc64-dcfe-5ced-badf-c4df49f68dc1"",""a3a03b99-34c0-504b-b529-32b798db318a"",""8b3ec7b0-123f-5597-95f7-1fafc5810d01"",""035c5442-19b8-5a84-8a59-b352a9660279"",""d6d45010-72fa-5741-b733-88958a8795d2"",""ab8215e5-b753-5a6a-a4e7-ad9caf42eeac"",""1b20061c-b208-551a-b06c-81ffeff623fc"",""9b6d0913-2ae6-5dab-ab36-d05e1c51b208"",""a27c1fb2-edc1-57e6-9d74-adb5a13fed3b"",""4696448b-8c21-591b-80cc-7344ea0b95ec"",""c1d75a33-928c-5636-b99c-def1fb29e0f5"",""61eebfb6-2555-5bce-ba71-7a750427392a"",""aba074a1-d451-595d-bc12-e257adbe7383"",""1ca34094-ee4d-5962-a78a-174d361a9cd3"",""7edb0577-da07-5c6f-8391-bb90e9822165"",""d7c5d484-54dc-5d1e-a3ac-65d60267a12c"",""f416cc8b-3bc2-5c4c-a91c-c56faf748684""]","[""58db42e8-6945-4f99-beae-5a3dfc95e467"",""72154952-23ce-48c7-b92e-5b811f8ef113""]",,,M6-evaluator-v1,observed,oracle,"{""avatars"":[],""data"":{},""marker"":null,""region_count"":0}",text,SQL-R1-01-S01-RESULT,independent public-contract comparison,M6-ASSERTION-6328792e-fb5a-4906-a40e-d0a3e1e2b2db,,,,,,,,,2026-10-07T20:58:20.108806Z,,"{""avatars"":[],""data"":{},""marker"":null,""region_count"":1}",,2d9849af-4973-4fd8-a822-d8a60e17e5f5,8bbd2a86-bec8-4fc0-9646-948a659fccc1,58db42e8-6945-4f99-beae-5a3dfc95e467,,2aa8d341-f577-4ce1-8338-26b58702c917,,,,R1,72154952-23ce-48c7-b92e-5b811f8ef113,,,,,,,1,failed,SQL-R1-01,,,,,,,c1d75a33-928c-5636-b99c-def1fb29e0f5,bb5b4ed5-341c-433b-8930-be6390dd5308,evidence observations; interpretation separate
M7-analysis-v5,e8255303f1e0cde7479952f03f3b344272c0261c44dbb56c3ba846d5849ccda2,R1,dbb63e68d4ed9e904fa985aa5b88d674205b6caab086a8d981ac8918a9c68fb5,"[""4afc763c-033e-501c-9c9c-453207d31e62"",""1fed9611-d0cc-51e5-86e7-4ba237c836a2"",""0e4d4039-5409-5be7-a300-ded85e9c22d7"",""1c4afc6f-6679-57b7-ab6b-cec3053e85a1"",""76216ff6-0dab-5f43-913f-741c2deb7596"",""fe7c5fea-171a-5d3e-b93c-b9d53dca7c67"",""784c942d-b222-5013-a2e4-de4aa477a143"",""2f2d84f4-6f41-5df7-a828-cc0a3d9cdddf"",""c68f6332-f200-5595-940d-e5bcad78f1fe"",""54c3aba8-cb42-5023-9591-5cdd68bdd7c5"",""b9ac296e-4c6c-5cdc-9e03-14868c124af2"",""022ddff9-4332-5ba5-b884-42537f220a0c"",""0d262496-18e1-5973-84a6-84fbda64d0ff"",""447860c8-1d56-518b-88ad-7e103990b756"",""616ecfda-7163-5a8d-ba60-01f623d8b124"",""656bacfc-b102-5379-8db2-2f9f127621e0"",""88f2e658-6155-5924-bc85-63fe2aabb08a"",""9f032fb3-90ca-5749-aff5-1065077ac10e"",""4d2e4005-a84b-525b-a492-d367c5e405d0"",""12b20e20-e117-5c00-83bc-e589b92b730e"",""e97a5398-37b9-5e89-91a9-9b3ae48d9534"",""7a8f92c5-5f85-593a-bf90-08e13c60a2e6"",""aa66f5e3-ac0e-57d6-9b69-aa54ea7c4fb9"",""d07b7490-853e-562b-b662-305e89e7718d"",""596c0800-372d-5056-8a35-9f8661656bf4"",""d08816e6-d4d6-5f35-9de3-d86528fa7a96"",""2e126757-f17e-5ee2-93db-94d31ed944b2"",""5e1af4e2-330f-563f-b639-2d3cd8d276c8"",""49cd1889-2a56-5913-8723-929335f68874"",""82b898ba-3b6d-567f-8996-4f259b74547e"",""d38eb7d2-e78b-5c2f-93e4-2e34846e80e6"",""33effc64-dcfe-5ced-badf-c4df49f68dc1"",""a3a03b99-34c0-504b-b529-32b798db318a"",""8b3ec7b0-123f-5597-95f7-1fafc5810d01"",""035c5442-19b8-5a84-8a59-b352a9660279"",""d6d45010-72fa-5741-b733-88958a8795d2"",""ab8215e5-b753-5a6a-a4e7-ad9caf42eeac"",""1b20061c-b208-551a-b06c-81ffeff623fc"",""9b6d0913-2ae6-5dab-ab36-d05e1c51b208"",""a27c1fb2-edc1-57e6-9d74-adb5a13fed3b"",""4696448b-8c21-591b-80cc-7344ea0b95ec"",""c1d75a33-928c-5636-b99c-def1fb29e0f5"",""61eebfb6-2555-5bce-ba71-7a750427392a"",""aba074a1-d451-595d-bc12-e257adbe7383"",""1ca34094-ee4d-5962-a78a-174d361a9cd3"",""7edb0577-da07-5c6f-8391-bb90e9822165"",""d7c5d484-54dc-5d1e-a3ac-65d60267a12c"",""f416cc8b-3bc2-5c4c-a91c-c56faf748684""]","[""58db42e8-6945-4f99-beae-5a3dfc95e467"",""72154952-23ce-48c7-b92e-5b811f8ef113""]",,,M6-evaluator-v1,observed,oracle,"{""invalid_form_count"":0}",text,SQL-R1-01-S01-FORM,independent public-contract comparison,M6-ASSERTION-6e86fba6-0b4c-4ed9-8cf8-3efa0945b9cc,,,,,,,,,2026-10-07T20:58:20.108372Z,,"{""action"":""/study/sqli"",""encoding"":null,""fields"":[""id"",""Submit""],""file_type"":null,""method"":""GET"",""password_type"":null}",,2d9849af-4973-4fd8-a822-d8a60e17e5f5,1dacc8bd-97d2-489a-af2d-8be6fc1cc5bb,58db42e8-6945-4f99-beae-5a3dfc95e467,,2aa8d341-f577-4ce1-8338-26b58702c917,,,,R1,72154952-23ce-48c7-b92e-5b811f8ef113,,,,,,,1,failed,SQL-R1-01,,,,,,,c1d75a33-928c-5636-b99c-def1fb29e0f5,bb5b4ed5-341c-433b-8930-be6390dd5308,evidence observations; interpretation separate
M7-analysis-v5,e8255303f1e0cde7479952f03f3b344272c0261c44dbb56c3ba846d5849ccda2,R2,dbb63e68d4ed9e904fa985aa5b88d674205b6caab086a8d981ac8918a9c68fb5,"[""4afc763c-033e-501c-9c9c-453207d31e62"",""1fed9611-d0cc-51e5-86e7-4ba237c836a2"",""0e4d4039-5409-5be7-a300-ded85e9c22d7"",""1c4afc6f-6679-57b7-ab6b-cec3053e85a1"",""76216ff6-0dab-5f43-913f-741c2deb7596"",""fe7c5fea-171a-5d3e-b93c-b9d53dca7c67"",""784c942d-b222-5013-a2e4-de4aa477a143"",""2f2d84f4-6f41-5df7-a828-cc0a3d9cdddf"",""c68f6332-f200-5595-940d-e5bcad78f1fe"",""54c3aba8-cb42-5023-9591-5cdd68bdd7c5"",""b9ac296e-4c6c-5cdc-9e03-14868c124af2"",""022ddff9-4332-5ba5-b884-42537f220a0c"",""0d262496-18e1-5973-84a6-84fbda64d0ff"",""447860c8-1d56-518b-88ad-7e103990b756"",""616ecfda-7163-5a8d-ba60-01f623d8b124"",""656bacfc-b102-5379-8db2-2f9f127621e0"",""88f2e658-6155-5924-bc85-63fe2aabb08a"",""9f032fb3-90ca-5749-aff5-1065077ac10e"",""4d2e4005-a84b-525b-a492-d367c5e405d0"",""12b20e20-e117-5c00-83bc-e589b92b730e"",""e97a5398-37b9-5e89-91a9-9b3ae48d9534"",""7a8f92c5-5f85-593a-bf90-08e13c60a2e6"",""aa66f5e3-ac0e-57d6-9b69-aa54ea7c4fb9"",""d07b7490-853e-562b-b662-305e89e7718d"",""596c0800-372d-5056-8a35-9f8661656bf4"",""d08816e6-d4d6-5f35-9de3-d86528fa7a96"",""2e126757-f17e-5ee2-93db-94d31ed944b2"",""5e1af4e2-330f-563f-b639-2d3cd8d276c8"",""49cd1889-2a56-5913-8723-929335f68874"",""82b898ba-3b6d-567f-8996-4f259b74547e"",""d38eb7d2-e78b-5c2f-93e4-2e34846e80e6"",""33effc64-dcfe-5ced-badf-c4df49f68dc1"",""a3a03b99-34c0-504b-b529-32b798db318a"",""8b3ec7b0-123f-5597-95f7-1fafc5810d01"",""035c5442-19b8-5a84-8a59-b352a9660279"",""d6d45010-72fa-5741-b733-88958a8795d2"",""ab8215e5-b753-5a6a-a4e7-ad9caf42eeac"",""1b20061c-b208-551a-b06c-81ffeff623fc"",""9b6d0913-2ae6-5dab-ab36-d05e1c51b208"",""a27c1fb2-edc1-57e6-9d74-adb5a13fed3b"",""4696448b-8c21-591b-80cc-7344ea0b95ec"",""c1d75a33-928c-5636-b99c-def1fb29e0f5"",""61eebfb6-2555-5bce-ba71-7a750427392a"",""aba074a1-d451-595d-bc12-e257adbe7383"",""1ca34094-ee4d-5962-a78a-174d361a9cd3"",""7edb0577-da07-5c6f-8391-bb90e9822165"",""d7c5d484-54dc-5d1e-a3ac-65d60267a12c"",""f416cc8b-3bc2-5c4c-a91c-c56faf748684""]","[""6e8e8755-4c8e-45d0-a3df-46bdde16b36a"",""7f35b79a-ac1d-4003-aa49-6a5a130c772e""]",,,M6-evaluator-v1,observed,oracle,500,text,SQL-R2-02-S01-HTTP,independent public-contract comparison,M6-ASSERTION-426550d2-2a22-4b06-bc4f-7b0c3c93f32e,,,,,,,,,2026-10-07T20:58:20.113695Z,,200,,2d9849af-4973-4fd8-a822-d8a60e17e5f5,e3c714ba-5213-41e4-b343-8311e13994f2,6e8e8755-4c8e-45d0-a3df-46bdde16b36a,,2aa8d341-f577-4ce1-8338-26b58702c917,,,,R2,7f35b79a-ac1d-4003-aa49-6a5a130c772e,,,,,,,1,failed,SQL-R2-02,,,,,,,c1d75a33-928c-5636-b99c-def1fb29e0f5,bb5b4ed5-341c-433b-8930-be6390dd5308,evidence observations; interpretation separate
M7-analysis-v5,e8255303f1e0cde7479952f03f3b344272c0261c44dbb56c3ba846d5849ccda2,R2,dbb63e68d4ed9e904fa985aa5b88d674205b6caab086a8d981ac8918a9c68fb5,"[""4afc763c-033e-501c-9c9c-453207d31e62"",""1fed9611-d0cc-51e5-86e7-4ba237c836a2"",""0e4d4039-5409-5be7-a300-ded85e9c22d7"",""1c4afc6f-6679-57b7-ab6b-cec3053e85a1"",""76216ff6-0dab-5f43-913f-741c2deb7596"",""fe7c5fea-171a-5d3e-b93c-b9d53dca7c67"",""784c942d-b222-5013-a2e4-de4aa477a143"",""2f2d84f4-6f41-5df7-a828-cc0a3d9cdddf"",""c68f6332-f200-5595-940d-e5bcad78f1fe"",""54c3aba8-cb42-5023-9591-5cdd68bdd7c5"",""b9ac296e-4c6c-5cdc-9e03-14868c124af2"",""022ddff9-4332-5ba5-b884-42537f220a0c"",""0d262496-18e1-5973-84a6-84fbda64d0ff"",""447860c8-1d56-518b-88ad-7e103990b756"",""616ecfda-7163-5a8d-ba60-01f623d8b124"",""656bacfc-b102-5379-8db2-2f9f127621e0"",""88f2e658-6155-5924-bc85-63fe2aabb08a"",""9f032fb3-90ca-5749-aff5-1065077ac10e"",""4d2e4005-a84b-525b-a492-d367c5e405d0"",""12b20e20-e117-5c00-83bc-e589b92b730e"",""e97a5398-37b9-5e89-91a9-9b3ae48d9534"",""7a8f92c5-5f85-593a-bf90-08e13c60a2e6"",""aa66f5e3-ac0e-57d6-9b69-aa54ea7c4fb9"",""d07b7490-853e-562b-b662-305e89e7718d"",""596c0800-372d-5056-8a35-9f8661656bf4"",""d08816e6-d4d6-5f35-9de3-d86528fa7a96"",""2e126757-f17e-5ee2-93db-94d31ed944b2"",""5e1af4e2-330f-563f-b639-2d3cd8d276c8"",""49cd1889-2a56-5913-8723-929335f68874"",""82b898ba-3b6d-567f-8996-4f259b74547e"",""d38eb7d2-e78b-5c2f-93e4-2e34846e80e6"",""33effc64-dcfe-5ced-badf-c4df49f68dc1"",""a3a03b99-34c0-504b-b529-32b798db318a"",""8b3ec7b0-123f-5597-95f7-1fafc5810d01"",""035c5442-19b8-5a84-8a59-b352a9660279"",""d6d45010-72fa-5741-b733-88958a8795d2"",""ab8215e5-b753-5a6a-a4e7-ad9caf42eeac"",""1b20061c-b208-551a-b06c-81ffeff623fc"",""9b6d0913-2ae6-5dab-ab36-d05e1c51b208"",""a27c1fb2-edc1-57e6-9d74-adb5a13fed3b"",""4696448b-8c21-591b-80cc-7344ea0b95ec"",""c1d75a33-928c-5636-b99c-def1fb29e0f5"",""61eebfb6-2555-5bce-ba71-7a750427392a"",""aba074a1-d451-595d-bc12-e257adbe7383"",""1ca34094-ee4d-5962-a78a-174d361a9cd3"",""7edb0577-da07-5c6f-8391-bb90e9822165"",""d7c5d484-54dc-5d1e-a3ac-65d60267a12c"",""f416cc8b-3bc2-5c4c-a91c-c56faf748684""]","[""6e8e8755-4c8e-45d0-a3df-46bdde16b36a"",""7f35b79a-ac1d-4003-aa49-6a5a130c772e""]",,,M6-evaluator-v1,observed,oracle,"{""avatars"":[],""data"":{},""marker"":null,""region_count"":0}",text,SQL-R2-02-S01-RESULT,independent public-contract comparison,M6-ASSERTION-d0479ce0-a48c-48a3-bda9-ddec6be88649,,,,,,,,,2026-10-07T20:58:20.114098Z,,"{""avatars"":[],""data"":{""first_name"":""Béla"",""last_name"":""Stein & Co""},""marker"":""SUCCESS"",""region_count"":1}",,2d9849af-4973-4fd8-a822-d8a60e17e5f5,25e8dd98-840a-4114-becc-48d14a9fba3f,6e8e8755-4c8e-45d0-a3df-46bdde16b36a,,2aa8d341-f577-4ce1-8338-26b58702c917,,,,R2,7f35b79a-ac1d-4003-aa49-6a5a130c772e,,,,,,,1,failed,SQL-R2-02,,,,,,,c1d75a33-928c-5636-b99c-def1fb29e0f5,bb5b4ed5-341c-433b-8930-be6390dd5308,evidence observations; interpretation separate
M7-analysis-v5,e8255303f1e0cde7479952f03f3b344272c0261c44dbb56c3ba846d5849ccda2,R2,dbb63e68d4ed9e904fa985aa5b88d674205b6caab086a8d981ac8918a9c68fb5,"[""4afc763c-033e-501c-9c9c-453207d31e62"",""1fed9611-d0cc-51e5-86e7-4ba237c836a2"",""0e4d4039-5409-5be7-a300-ded85e9c22d7"",""1c4afc6f-6679-57b7-ab6b-cec3053e85a1"",""76216ff6-0dab-5f43-913f-741c2deb7596"",""fe7c5fea-171a-5d3e-b93c-b9d53dca7c67"",""784c942d-b222-5013-a2e4-de4aa477a143"",""2f2d84f4-6f41-5df7-a828-cc0a3d9cdddf"",""c68f6332-f200-5595-940d-e5bcad78f1fe"",""54c3aba8-cb42-5023-9591-5cdd68bdd7c5"",""b9ac296e-4c6c-5cdc-9e03-14868c124af2"",""022ddff9-4332-5ba5-b884-42537f220a0c"",""0d262496-18e1-5973-84a6-84fbda64d0ff"",""447860c8-1d56-518b-88ad-7e103990b756"",""616ecfda-7163-5a8d-ba60-01f623d8b124"",""656bacfc-b102-5379-8db2-2f9f127621e0"",""88f2e658-6155-5924-bc85-63fe2aabb08a"",""9f032fb3-90ca-5749-aff5-1065077ac10e"",""4d2e4005-a84b-525b-a492-d367c5e405d0"",""12b20e20-e117-5c00-83bc-e589b92b730e"",""e97a5398-37b9-5e89-91a9-9b3ae48d9534"",""7a8f92c5-5f85-593a-bf90-08e13c60a2e6"",""aa66f5e3-ac0e-57d6-9b69-aa54ea7c4fb9"",""d07b7490-853e-562b-b662-305e89e7718d"",""596c0800-372d-5056-8a35-9f8661656bf4"",""d08816e6-d4d6-5f35-9de3-d86528fa7a96"",""2e126757-f17e-5ee2-93db-94d31ed944b2"",""5e1af4e2-330f-563f-b639-2d3cd8d276c8"",""49cd1889-2a56-5913-8723-929335f68874"",""82b898ba-3b6d-567f-8996-4f259b74547e"",""d38eb7d2-e78b-5c2f-93e4-2e34846e80e6"",""33effc64-dcfe-5ced-badf-c4df49f68dc1"",""a3a03b99-34c0-504b-b529-32b798db318a"",""8b3ec7b0-123f-5597-95f7-1fafc5810d01"",""035c5442-19b8-5a84-8a59-b352a9660279"",""d6d45010-72fa-5741-b733-88958a8795d2"",""ab8215e5-b753-5a6a-a4e7-ad9caf42eeac"",""1b20061c-b208-551a-b06c-81ffeff623fc"",""9b6d0913-2ae6-5dab-ab36-d05e1c51b208"",""a27c1fb2-edc1-57e6-9d74-adb5a13fed3b"",""4696448b-8c21-591b-80cc-7344ea0b95ec"",""c1d75a33-928c-5636-b99c-def1fb29e0f5"",""61eebfb6-2555-5bce-ba71-7a750427392a"",""aba074a1-d451-595d-bc12-e257adbe7383"",""1ca34094-ee4d-5962-a78a-174d361a9cd3"",""7edb0577-da07-5c6f-8391-bb90e9822165"",""d7c5d484-54dc-5d1e-a3ac-65d60267a12c"",""f416cc8b-3bc2-5c4c-a91c-c56faf748684""]","[""7706a093-0e4c-4292-85db-6cf24bc0b3f4"",""77119673-28af-41b8-86f8-c298f2962576""]",,,M6-evaluator-v1,observed,oracle,500,text,SQL-R2-01-S01-HTTP,independent public-contract comparison,M6-ASSERTION-d9707235-5a24-4f95-8289-38a316e68869,,,,,,,,,2026-10-07T20:58:20.110792Z,,200,,2d9849af-4973-4fd8-a822-d8a60e17e5f5,feeab252-da49-4b37-84c2-ee9313f041ce,7706a093-0e4c-4292-85db-6cf24bc0b3f4,,2aa8d341-f577-4ce1-8338-26b58702c917,,,,R2,77119673-28af-41b8-86f8-c298f2962576,,,,,,,1,failed,SQL-R2-01,,,,,,,c1d75a33-928c-5636-b99c-def1fb29e0f5,bb5b4ed5-341c-433b-8930-be6390dd5308,evidence observations; interpretation separate
M7-analysis-v5,e8255303f1e0cde7479952f03f3b344272c0261c44dbb56c3ba846d5849ccda2,R2,dbb63e68d4ed9e904fa985aa5b88d674205b6caab086a8d981ac8918a9c68fb5,"[""4afc763c-033e-501c-9c9c-453207d31e62"",""1fed9611-d0cc-51e5-86e7-4ba237c836a2"",""0e4d4039-5409-5be7-a300-ded85e9c22d7"",""1c4afc6f-6679-57b7-ab6b-cec3053e85a1"",""76216ff6-0dab-5f43-913f-741c2deb7596"",""fe7c5fea-171a-5d3e-b93c-b9d53dca7c67"",""784c942d-b222-5013-a2e4-de4aa477a143"",""2f2d84f4-6f41-5df7-a828-cc0a3d9cdddf"",""c68f6332-f200-5595-940d-e5bcad78f1fe"",""54c3aba8-cb42-5023-9591-5cdd68bdd7c5"",""b9ac296e-4c6c-5cdc-9e03-14868c124af2"",""022ddff9-4332-5ba5-b884-42537f220a0c"",""0d262496-18e1-5973-84a6-84fbda64d0ff"",""447860c8-1d56-518b-88ad-7e103990b756"",""616ecfda-7163-5a8d-ba60-01f623d8b124"",""656bacfc-b102-5379-8db2-2f9f127621e0"",""88f2e658-6155-5924-bc85-63fe2aabb08a"",""9f032fb3-90ca-5749-aff5-1065077ac10e"",""4d2e4005-a84b-525b-a492-d367c5e405d0"",""12b20e20-e117-5c00-83bc-e589b92b730e"",""e97a5398-37b9-5e89-91a9-9b3ae48d9534"",""7a8f92c5-5f85-593a-bf90-08e13c60a2e6"",""aa66f5e3-ac0e-57d6-9b69-aa54ea7c4fb9"",""d07b7490-853e-562b-b662-305e89e7718d"",""596c0800-372d-5056-8a35-9f8661656bf4"",""d08816e6-d4d6-5f35-9de3-d86528fa7a96"",""2e126757-f17e-5ee2-93db-94d31ed944b2"",""5e1af4e2-330f-563f-b639-2d3cd8d276c8"",""49cd1889-2a56-5913-8723-929335f68874"",""82b898ba-3b6d-567f-8996-4f259b74547e"",""d38eb7d2-e78b-5c2f-93e4-2e34846e80e6"",""33effc64-dcfe-5ced-badf-c4df49f68dc1"",""a3a03b99-34c0-504b-b529-32b798db318a"",""8b3ec7b0-123f-5597-95f7-1fafc5810d01"",""035c5442-19b8-5a84-8a59-b352a9660279"",""d6d45010-72fa-5741-b733-88958a8795d2"",""ab8215e5-b753-5a6a-a4e7-ad9caf42eeac"",""1b20061c-b208-551a-b06c-81ffeff623fc"",""9b6d0913-2ae6-5dab-ab36-d05e1c51b208"",""a27c1fb2-edc1-57e6-9d74-adb5a13fed3b"",""4696448b-8c21-591b-80cc-7344ea0b95ec"",""c1d75a33-928c-5636-b99c-def1fb29e0f5"",""61eebfb6-2555-5bce-ba71-7a750427392a"",""aba074a1-d451-595d-bc12-e257adbe7383"",""1ca34094-ee4d-5962-a78a-174d361a9cd3"",""7edb0577-da07-5c6f-8391-bb90e9822165"",""d7c5d484-54dc-5d1e-a3ac-65d60267a12c"",""f416cc8b-3bc2-5c4c-a91c-c56faf748684""]","[""7706a093-0e4c-4292-85db-6cf24bc0b3f4"",""77119673-28af-41b8-86f8-c298f2962576""]",,,M6-evaluator-v1,observed,oracle,"{""avatars"":[],""data"":{},""marker"":null,""region_count"":0}",text,SQL-R2-01-S01-RESULT,independent public-contract comparison,M6-ASSERTION-1307c821-bce4-4c9f-8c30-402eb53c9286,,,,,,,,,2026-10-07T20:58:20.111900Z,,"{""avatars"":[],""data"":{""first_name"":""Ada"",""last_name"":""Wolke""},""marker"":""SUCCESS"",""region_count"":1}",,2d9849af-4973-4fd8-a822-d8a60e17e5f5,96dbe326-abdc-4198-abbd-08c9a6aff921,7706a093-0e4c-4292-85db-6cf24bc0b3f4,,2aa8d341-f577-4ce1-8338-26b58702c917,,,,R2,77119673-28af-41b8-86f8-c298f2962576,,,,,,,1,failed,SQL-R2-01,,,,,,,c1d75a33-928c-5636-b99c-def1fb29e0f5,bb5b4ed5-341c-433b-8930-be6390dd5308,evidence observations; interpretation separate
M7-analysis-v5,e8255303f1e0cde7479952f03f3b344272c0261c44dbb56c3ba846d5849ccda2,R3,dbb63e68d4ed9e904fa985aa5b88d674205b6caab086a8d981ac8918a9c68fb5,"[""4afc763c-033e-501c-9c9c-453207d31e62"",""1fed9611-d0cc-51e5-86e7-4ba237c836a2"",""0e4d4039-5409-5be7-a300-ded85e9c22d7"",""1c4afc6f-6679-57b7-ab6b-cec3053e85a1"",""76216ff6-0dab-5f43-913f-741c2deb7596"",""fe7c5fea-171a-5d3e-b93c-b9d53dca7c67"",""784c942d-b222-5013-a2e4-de4aa477a143"",""2f2d84f4-6f41-5df7-a828-cc0a3d9cdddf"",""c68f6332-f200-5595-940d-e5bcad78f1fe"",""54c3aba8-cb42-5023-9591-5cdd68bdd7c5"",""b9ac296e-4c6c-5cdc-9e03-14868c124af2"",""022ddff9-4332-5ba5-b884-42537f220a0c"",""0d262496-18e1-5973-84a6-84fbda64d0ff"",""447860c8-1d56-518b-88ad-7e103990b756"",""616ecfda-7163-5a8d-ba60-01f623d8b124"",""656bacfc-b102-5379-8db2-2f9f127621e0"",""88f2e658-6155-5924-bc85-63fe2aabb08a"",""9f032fb3-90ca-5749-aff5-1065077ac10e"",""4d2e4005-a84b-525b-a492-d367c5e405d0"",""12b20e20-e117-5c00-83bc-e589b92b730e"",""e97a5398-37b9-5e89-91a9-9b3ae48d9534"",""7a8f92c5-5f85-593a-bf90-08e13c60a2e6"",""aa66f5e3-ac0e-57d6-9b69-aa54ea7c4fb9"",""d07b7490-853e-562b-b662-305e89e7718d"",""596c0800-372d-5056-8a35-9f8661656bf4"",""d08816e6-d4d6-5f35-9de3-d86528fa7a96"",""2e126757-f17e-5ee2-93db-94d31ed944b2"",""5e1af4e2-330f-563f-b639-2d3cd8d276c8"",""49cd1889-2a56-5913-8723-929335f68874"",""82b898ba-3b6d-567f-8996-4f259b74547e"",""d38eb7d2-e78b-5c2f-93e4-2e34846e80e6"",""33effc64-dcfe-5ced-badf-c4df49f68dc1"",""a3a03b99-34c0-504b-b529-32b798db318a"",""8b3ec7b0-123f-5597-95f7-1fafc5810d01"",""035c5442-19b8-5a84-8a59-b352a9660279"",""d6d45010-72fa-5741-b733-88958a8795d2"",""ab8215e5-b753-5a6a-a4e7-ad9caf42eeac"",""1b20061c-b208-551a-b06c-81ffeff623fc"",""9b6d0913-2ae6-5dab-ab36-d05e1c51b208"",""a27c1fb2-edc1-57e6-9d74-adb5a13fed3b"",""4696448b-8c21-591b-80cc-7344ea0b95ec"",""c1d75a33-928c-5636-b99c-def1fb29e0f5"",""61eebfb6-2555-5bce-ba71-7a750427392a"",""aba074a1-d451-595d-bc12-e257adbe7383"",""1ca34094-ee4d-5962-a78a-174d361a9cd3"",""7edb0577-da07-5c6f-8391-bb90e9822165"",""d7c5d484-54dc-5d1e-a3ac-65d60267a12c"",""f416cc8b-3bc2-5c4c-a91c-c56faf748684""]","[""4d741f7b-6761-4cbe-9199-499e645b0946"",""43dab167-a83a-4829-82f8-25ae95a0913e""]",,,M6-evaluator-v1,observed,oracle,500,text,SQL-R3-01-S01-HTTP,independent public-contract comparison,M6-ASSERTION-87a90f71-e367-40c5-a7dc-8f8ed280ca51,,,,,,,,,2026-10-07T20:58:20.115495Z,,200,,2d9849af-4973-4fd8-a822-d8a60e17e5f5,08cca809-e3c4-4bff-9fa9-f199d874cf58,4d741f7b-6761-4cbe-9199-499e645b0946,,2aa8d341-f577-4ce1-8338-26b58702c917,,,,R3,43dab167-a83a-4829-82f8-25ae95a0913e,,,,,,,1,failed,SQL-R3-01,,,,,,,c1d75a33-928c-5636-b99c-def1fb29e0f5,bb5b4ed5-341c-433b-8930-be6390dd5308,evidence observations; interpretation separate
M7-analysis-v5,e8255303f1e0cde7479952f03f3b344272c0261c44dbb56c3ba846d5849ccda2,R3,dbb63e68d4ed9e904fa985aa5b88d674205b6caab086a8d981ac8918a9c68fb5,"[""4afc763c-033e-501c-9c9c-453207d31e62"",""1fed9611-d0cc-51e5-86e7-4ba237c836a2"",""0e4d4039-5409-5be7-a300-ded85e9c22d7"",""1c4afc6f-6679-57b7-ab6b-cec3053e85a1"",""76216ff6-0dab-5f43-913f-741c2deb7596"",""fe7c5fea-171a-5d3e-b93c-b9d53dca7c67"",""784c942d-b222-5013-a2e4-de4aa477a143"",""2f2d84f4-6f41-5df7-a828-cc0a3d9cdddf"",""c68f6332-f200-5595-940d-e5bcad78f1fe"",""54c3aba8-cb42-5023-9591-5cdd68bdd7c5"",""b9ac296e-4c6c-5cdc-9e03-14868c124af2"",""022ddff9-4332-5ba5-b884-42537f220a0c"",""0d262496-18e1-5973-84a6-84fbda64d0ff"",""447860c8-1d56-518b-88ad-7e103990b756"",""616ecfda-7163-5a8d-ba60-01f623d8b124"",""656bacfc-b102-5379-8db2-2f9f127621e0"",""88f2e658-6155-5924-bc85-63fe2aabb08a"",""9f032fb3-90ca-5749-aff5-1065077ac10e"",""4d2e4005-a84b-525b-a492-d367c5e405d0"",""12b20e20-e117-5c00-83bc-e589b92b730e"",""e97a5398-37b9-5e89-91a9-9b3ae48d9534"",""7a8f92c5-5f85-593a-bf90-08e13c60a2e6"",""aa66f5e3-ac0e-57d6-9b69-aa54ea7c4fb9"",""d07b7490-853e-562b-b662-305e89e7718d"",""596c0800-372d-5056-8a35-9f8661656bf4"",""d08816e6-d4d6-5f35-9de3-d86528fa7a96"",""2e126757-f17e-5ee2-93db-94d31ed944b2"",""5e1af4e2-330f-563f-b639-2d3cd8d276c8"",""49cd1889-2a56-5913-8723-929335f68874"",""82b898ba-3b6d-567f-8996-4f259b74547e"",""d38eb7d2-e78b-5c2f-93e4-2e34846e80e6"",""33effc64-dcfe-5ced-badf-c4df49f68dc1"",""a3a03b99-34c0-504b-b529-32b798db318a"",""8b3ec7b0-123f-5597-95f7-1fafc5810d01"",""035c5442-19b8-5a84-8a59-b352a9660279"",""d6d45010-72fa-5741-b733-88958a8795d2"",""ab8215e5-b753-5a6a-a4e7-ad9caf42eeac"",""1b20061c-b208-551a-b06c-81ffeff623fc"",""9b6d0913-2ae6-5dab-ab36-d05e1c51b208"",""a27c1fb2-edc1-57e6-9d74-adb5a13fed3b"",""4696448b-8c21-591b-80cc-7344ea0b95ec"",""c1d75a33-928c-5636-b99c-def1fb29e0f5"",""61eebfb6-2555-5bce-ba71-7a750427392a"",""aba074a1-d451-595d-bc12-e257adbe7383"",""1ca34094-ee4d-5962-a78a-174d361a9cd3"",""7edb0577-da07-5c6f-8391-bb90e9822165"",""d7c5d484-54dc-5d1e-a3ac-65d60267a12c"",""f416cc8b-3bc2-5c4c-a91c-c56faf748684""]","[""4d741f7b-6761-4cbe-9199-499e645b0946"",""43dab167-a83a-4829-82f8-25ae95a0913e""]",,,M6-evaluator-v1,observed,oracle,"{""avatars"":[],""data"":{},""marker"":null,""region_count"":0}",text,SQL-R3-01-S01-RESULT,independent public-contract comparison,M6-ASSERTION-cf38b58e-7929-4ae5-ad6d-d5bb1b02b13a,,,,,,,,,2026-10-07T20:58:20.115868Z,,"{""avatars"":[],""data"":{},""marker"":""NEGATIVE"",""region_count"":1}",,2d9849af-4973-4fd8-a822-d8a60e17e5f5,c87e002c-9b2f-485c-b9ef-6ba10e5f4e49,4d741f7b-6761-4cbe-9199-499e645b0946,,2aa8d341-f577-4ce1-8338-26b58702c917,,,,R3,43dab167-a83a-4829-82f8-25ae95a0913e,,,,,,,1,failed,SQL-R3-01,,,,,,,c1d75a33-928c-5636-b99c-def1fb29e0f5,bb5b4ed5-341c-433b-8930-be6390dd5308,evidence observations; interpretation separate
M7-analysis-v5,e8255303f1e0cde7479952f03f3b344272c0261c44dbb56c3ba846d5849ccda2,R3,dbb63e68d4ed9e904fa985aa5b88d674205b6caab086a8d981ac8918a9c68fb5,"[""4afc763c-033e-501c-9c9c-453207d31e62"",""1fed9611-d0cc-51e5-86e7-4ba237c836a2"",""0e4d4039-5409-5be7-a300-ded85e9c22d7"",""1c4afc6f-6679-57b7-ab6b-cec3053e85a1"",""76216ff6-0dab-5f43-913f-741c2deb7596"",""fe7c5fea-171a-5d3e-b93c-b9d53dca7c67"",""784c942d-b222-5013-a2e4-de4aa477a143"",""2f2d84f4-6f41-5df7-a828-cc0a3d9cdddf"",""c68f6332-f200-5595-940d-e5bcad78f1fe"",""54c3aba8-cb42-5023-9591-5cdd68bdd7c5"",""b9ac296e-4c6c-5cdc-9e03-14868c124af2"",""022ddff9-4332-5ba5-b884-42537f220a0c"",""0d262496-18e1-5973-84a6-84fbda64d0ff"",""447860c8-1d56-518b-88ad-7e103990b756"",""616ecfda-7163-5a8d-ba60-01f623d8b124"",""656bacfc-b102-5379-8db2-2f9f127621e0"",""88f2e658-6155-5924-bc85-63fe2aabb08a"",""9f032fb3-90ca-5749-aff5-1065077ac10e"",""4d2e4005-a84b-525b-a492-d367c5e405d0"",""12b20e20-e117-5c00-83bc-e589b92b730e"",""e97a5398-37b9-5e89-91a9-9b3ae48d9534"",""7a8f92c5-5f85-593a-bf90-08e13c60a2e6"",""aa66f5e3-ac0e-57d6-9b69-aa54ea7c4fb9"",""d07b7490-853e-562b-b662-305e89e7718d"",""596c0800-372d-5056-8a35-9f8661656bf4"",""d08816e6-d4d6-5f35-9de3-d86528fa7a96"",""2e126757-f17e-5ee2-93db-94d31ed944b2"",""5e1af4e2-330f-563f-b639-2d3cd8d276c8"",""49cd1889-2a56-5913-8723-929335f68874"",""82b898ba-3b6d-567f-8996-4f259b74547e"",""d38eb7d2-e78b-5c2f-93e4-2e34846e80e6"",""33effc64-dcfe-5ced-badf-c4df49f68dc1"",""a3a03b99-34c0-504b-b529-32b798db318a"",""8b3ec7b0-123f-5597-95f7-1fafc5810d01"",""035c5442-19b8-5a84-8a59-b352a9660279"",""d6d45010-72fa-5741-b733-88958a8795d2"",""ab8215e5-b753-5a6a-a4e7-ad9caf42eeac"",""1b20061c-b208-551a-b06c-81ffeff623fc"",""9b6d0913-2ae6-5dab-ab36-d05e1c51b208"",""a27c1fb2-edc1-57e6-9d74-adb5a13fed3b"",""4696448b-8c21-591b-80cc-7344ea0b95ec"",""c1d75a33-928c-5636-b99c-def1fb29e0f5"",""61eebfb6-2555-5bce-ba71-7a750427392a"",""aba074a1-d451-595d-bc12-e257adbe7383"",""1ca34094-ee4d-5962-a78a-174d361a9cd3"",""7edb0577-da07-5c6f-8391-bb90e9822165"",""d7c5d484-54dc-5d1e-a3ac-65d60267a12c"",""f416cc8b-3bc2-5c4c-a91c-c56faf748684""]","[""dd2a5721-153a-4674-a676-b4da0307fb0c"",""5a0b1152-d863-4c7b-a563-f2040ce73362""]",,,M6-evaluator-v1,observed,oracle,500,text,SQL-R3-02-S01-HTTP,independent public-contract comparison,M6-ASSERTION-a23f8e1e-dfaa-45ac-ad43-fedade667618,,,,,,,,,2026-10-07T20:58:20.117440Z,,200,,2d9849af-4973-4fd8-a822-d8a60e17e5f5,7cdbda67-84d6-4db0-8b73-7c4701694dfe,dd2a5721-153a-4674-a676-b4da0307fb0c,,2aa8d341-f577-4ce1-8338-26b58702c917,,,,R3,5a0b1152-d863-4c7b-a563-f2040ce73362,,,,,,,1,failed,SQL-R3-02,,,,,,,c1d75a33-928c-5636-b99c-def1fb29e0f5,bb5b4ed5-341c-433b-8930-be6390dd5308,evidence observations; interpretation separate
M7-analysis-v5,e8255303f1e0cde7479952f03f3b344272c0261c44dbb56c3ba846d5849ccda2,R3,dbb63e68d4ed9e904fa985aa5b88d674205b6caab086a8d981ac8918a9c68fb5,"[""4afc763c-033e-501c-9c9c-453207d31e62"",""1fed9611-d0cc-51e5-86e7-4ba237c836a2"",""0e4d4039-5409-5be7-a300-ded85e9c22d7"",""1c4afc6f-6679-57b7-ab6b-cec3053e85a1"",""76216ff6-0dab-5f43-913f-741c2deb7596"",""fe7c5fea-171a-5d3e-b93c-b9d53dca7c67"",""784c942d-b222-5013-a2e4-de4aa477a143"",""2f2d84f4-6f41-5df7-a828-cc0a3d9cdddf"",""c68f6332-f200-5595-940d-e5bcad78f1fe"",""54c3aba8-cb42-5023-9591-5cdd68bdd7c5"",""b9ac296e-4c6c-5cdc-9e03-14868c124af2"",""022ddff9-4332-5ba5-b884-42537f220a0c"",""0d262496-18e1-5973-84a6-84fbda64d0ff"",""447860c8-1d56-518b-88ad-7e103990b756"",""616ecfda-7163-5a8d-ba60-01f623d8b124"",""656bacfc-b102-5379-8db2-2f9f127621e0"",""88f2e658-6155-5924-bc85-63fe2aabb08a"",""9f032fb3-90ca-5749-aff5-1065077ac10e"",""4d2e4005-a84b-525b-a492-d367c5e405d0"",""12b20e20-e117-5c00-83bc-e589b92b730e"",""e97a5398-37b9-5e89-91a9-9b3ae48d9534"",""7a8f92c5-5f85-593a-bf90-08e13c60a2e6"",""aa66f5e3-ac0e-57d6-9b69-aa54ea7c4fb9"",""d07b7490-853e-562b-b662-305e89e7718d"",""596c0800-372d-5056-8a35-9f8661656bf4"",""d08816e6-d4d6-5f35-9de3-d86528fa7a96"",""2e126757-f17e-5ee2-93db-94d31ed944b2"",""5e1af4e2-330f-563f-b639-2d3cd8d276c8"",""49cd1889-2a56-5913-8723-929335f68874"",""82b898ba-3b6d-567f-8996-4f259b74547e"",""d38eb7d2-e78b-5c2f-93e4-2e34846e80e6"",""33effc64-dcfe-5ced-badf-c4df49f68dc1"",""a3a03b99-34c0-504b-b529-32b798db318a"",""8b3ec7b0-123f-5597-95f7-1fafc5810d01"",""035c5442-19b8-5a84-8a59-b352a9660279"",""d6d45010-72fa-5741-b733-88958a8795d2"",""ab8215e5-b753-5a6a-a4e7-ad9caf42eeac"",""1b20061c-b208-551a-b06c-81ffeff623fc"",""9b6d0913-2ae6-5dab-ab36-d05e1c51b208"",""a27c1fb2-edc1-57e6-9d74-adb5a13fed3b"",""4696448b-8c21-591b-80cc-7344ea0b95ec"",""c1d75a33-928c-5636-b99c-def1fb29e0f5"",""61eebfb6-2555-5bce-ba71-7a750427392a"",""aba074a1-d451-595d-bc12-e257adbe7383"",""1ca34094-ee4d-5962-a78a-174d361a9cd3"",""7edb0577-da07-5c6f-8391-bb90e9822165"",""d7c5d484-54dc-5d1e-a3ac-65d60267a12c"",""f416cc8b-3bc2-5c4c-a91c-c56faf748684""]","[""dd2a5721-153a-4674-a676-b4da0307fb0c"",""5a0b1152-d863-4c7b-a563-f2040ce73362""]",,,M6-evaluator-v1,observed,oracle,"{""avatars"":[],""data"":{},""marker"":null,""region_count"":0}",text,SQL-R3-02-S01-RESULT,independent public-contract comparison,M6-ASSERTION-080f994f-5ae5-4417-8d12-4709318dc0cf,,,,,,,,,2026-10-07T20:58:20.117831Z,,"{""avatars"":[],""data"":{},""marker"":""NEGATIVE"",""region_count"":1}",,2d9849af-4973-4fd8-a822-d8a60e17e5f5,c4b5a0a8-6a39-4b42-9685-3ee7f8ea0105,dd2a5721-153a-4674-a676-b4da0307fb0c,,2aa8d341-f577-4ce1-8338-26b58702c917,,,,R3,5a0b1152-d863-4c7b-a563-f2040ce73362,,,,,,,1,failed,SQL-R3-02,,,,,,,c1d75a33-928c-5636-b99c-def1fb29e0f5,bb5b4ed5-341c-433b-8930-be6390dd5308,evidence observations; interpretation separate
M7-analysis-v5,e8255303f1e0cde7479952f03f3b344272c0261c44dbb56c3ba846d5849ccda2,R4,dbb63e68d4ed9e904fa985aa5b88d674205b6caab086a8d981ac8918a9c68fb5,"[""4afc763c-033e-501c-9c9c-453207d31e62"",""1fed9611-d0cc-51e5-86e7-4ba237c836a2"",""0e4d4039-5409-5be7-a300-ded85e9c22d7"",""1c4afc6f-6679-57b7-ab6b-cec3053e85a1"",""76216ff6-0dab-5f43-913f-741c2deb7596"",""fe7c5fea-171a-5d3e-b93c-b9d53dca7c67"",""784c942d-b222-5013-a2e4-de4aa477a143"",""2f2d84f4-6f41-5df7-a828-cc0a3d9cdddf"",""c68f6332-f200-5595-940d-e5bcad78f1fe"",""54c3aba8-cb42-5023-9591-5cdd68bdd7c5"",""b9ac296e-4c6c-5cdc-9e03-14868c124af2"",""022ddff9-4332-5ba5-b884-42537f220a0c"",""0d262496-18e1-5973-84a6-84fbda64d0ff"",""447860c8-1d56-518b-88ad-7e103990b756"",""616ecfda-7163-5a8d-ba60-01f623d8b124"",""656bacfc-b102-5379-8db2-2f9f127621e0"",""88f2e658-6155-5924-bc85-63fe2aabb08a"",""9f032fb3-90ca-5749-aff5-1065077ac10e"",""4d2e4005-a84b-525b-a492-d367c5e405d0"",""12b20e20-e117-5c00-83bc-e589b92b730e"",""e97a5398-37b9-5e89-91a9-9b3ae48d9534"",""7a8f92c5-5f85-593a-bf90-08e13c60a2e6"",""aa66f5e3-ac0e-57d6-9b69-aa54ea7c4fb9"",""d07b7490-853e-562b-b662-305e89e7718d"",""596c0800-372d-5056-8a35-9f8661656bf4"",""d08816e6-d4d6-5f35-9de3-d86528fa7a96"",""2e126757-f17e-5ee2-93db-94d31ed944b2"",""5e1af4e2-330f-563f-b639-2d3cd8d276c8"",""49cd1889-2a56-5913-8723-929335f68874"",""82b898ba-3b6d-567f-8996-4f259b74547e"",""d38eb7d2-e78b-5c2f-93e4-2e34846e80e6"",""33effc64-dcfe-5ced-badf-c4df49f68dc1"",""a3a03b99-34c0-504b-b529-32b798db318a"",""8b3ec7b0-123f-5597-95f7-1fafc5810d01"",""035c5442-19b8-5a84-8a59-b352a9660279"",""d6d45010-72fa-5741-b733-88958a8795d2"",""ab8215e5-b753-5a6a-a4e7-ad9caf42eeac"",""1b20061c-b208-551a-b06c-81ffeff623fc"",""9b6d0913-2ae6-5dab-ab36-d05e1c51b208"",""a27c1fb2-edc1-57e6-9d74-adb5a13fed3b"",""4696448b-8c21-591b-80cc-7344ea0b95ec"",""c1d75a33-928c-5636-b99c-def1fb29e0f5"",""61eebfb6-2555-5bce-ba71-7a750427392a"",""aba074a1-d451-595d-bc12-e257adbe7383"",""1ca34094-ee4d-5962-a78a-174d361a9cd3"",""7edb0577-da07-5c6f-8391-bb90e9822165"",""d7c5d484-54dc-5d1e-a3ac-65d60267a12c"",""f416cc8b-3bc2-5c4c-a91c-c56faf748684""]","[""99778d83-dc57-44c2-b468-0f926ab0a3cc"",""09492a44-064a-4f03-b09f-90ce14980857""]",,,M6-evaluator-v1,observed,oracle,500,text,SQL-R4-01-S01-HTTP,independent public-contract comparison,M6-ASSERTION-647b9dbb-4f62-4f11-84dc-20408e948c7d,,,,,,,,,2026-10-07T20:58:20.119412Z,,422,,2d9849af-4973-4fd8-a822-d8a60e17e5f5,20d08d9f-1c13-494e-b483-c05ee3eaf3ec,99778d83-dc57-44c2-b468-0f926ab0a3cc,,2aa8d341-f577-4ce1-8338-26b58702c917,,,,R4,09492a44-064a-4f03-b09f-90ce14980857,,,,,,,1,failed,SQL-R4-01,,,,,,,c1d75a33-928c-5636-b99c-def1fb29e0f5,bb5b4ed5-341c-433b-8930-be6390dd5308,evidence observations; interpretation separate
M7-analysis-v5,e8255303f1e0cde7479952f03f3b344272c0261c44dbb56c3ba846d5849ccda2,R4,dbb63e68d4ed9e904fa985aa5b88d674205b6caab086a8d981ac8918a9c68fb5,"[""4afc763c-033e-501c-9c9c-453207d31e62"",""1fed9611-d0cc-51e5-86e7-4ba237c836a2"",""0e4d4039-5409-5be7-a300-ded85e9c22d7"",""1c4afc6f-6679-57b7-ab6b-cec3053e85a1"",""76216ff6-0dab-5f43-913f-741c2deb7596"",""fe7c5fea-171a-5d3e-b93c-b9d53dca7c67"",""784c942d-b222-5013-a2e4-de4aa477a143"",""2f2d84f4-6f41-5df7-a828-cc0a3d9cdddf"",""c68f6332-f200-5595-940d-e5bcad78f1fe"",""54c3aba8-cb42-5023-9591-5cdd68bdd7c5"",""b9ac296e-4c6c-5cdc-9e03-14868c124af2"",""022ddff9-4332-5ba5-b884-42537f220a0c"",""0d262496-18e1-5973-84a6-84fbda64d0ff"",""447860c8-1d56-518b-88ad-7e103990b756"",""616ecfda-7163-5a8d-ba60-01f623d8b124"",""656bacfc-b102-5379-8db2-2f9f127621e0"",""88f2e658-6155-5924-bc85-63fe2aabb08a"",""9f032fb3-90ca-5749-aff5-1065077ac10e"",""4d2e4005-a84b-525b-a492-d367c5e405d0"",""12b20e20-e117-5c00-83bc-e589b92b730e"",""e97a5398-37b9-5e89-91a9-9b3ae48d9534"",""7a8f92c5-5f85-593a-bf90-08e13c60a2e6"",""aa66f5e3-ac0e-57d6-9b69-aa54ea7c4fb9"",""d07b7490-853e-562b-b662-305e89e7718d"",""596c0800-372d-5056-8a35-9f8661656bf4"",""d08816e6-d4d6-5f35-9de3-d86528fa7a96"",""2e126757-f17e-5ee2-93db-94d31ed944b2"",""5e1af4e2-330f-563f-b639-2d3cd8d276c8"",""49cd1889-2a56-5913-8723-929335f68874"",""82b898ba-3b6d-567f-8996-4f259b74547e"",""d38eb7d2-e78b-5c2f-93e4-2e34846e80e6"",""33effc64-dcfe-5ced-badf-c4df49f68dc1"",""a3a03b99-34c0-504b-b529-32b798db318a"",""8b3ec7b0-123f-5597-95f7-1fafc5810d01"",""035c5442-19b8-5a84-8a59-b352a9660279"",""d6d45010-72fa-5741-b733-88958a8795d2"",""ab8215e5-b753-5a6a-a4e7-ad9caf42eeac"",""1b20061c-b208-551a-b06c-81ffeff623fc"",""9b6d0913-2ae6-5dab-ab36-d05e1c51b208"",""a27c1fb2-edc1-57e6-9d74-adb5a13fed3b"",""4696448b-8c21-591b-80cc-7344ea0b95ec"",""c1d75a33-928c-5636-b99c-def1fb29e0f5"",""61eebfb6-2555-5bce-ba71-7a750427392a"",""aba074a1-d451-595d-bc12-e257adbe7383"",""1ca34094-ee4d-5962-a78a-174d361a9cd3"",""7edb0577-da07-5c6f-8391-bb90e9822165"",""d7c5d484-54dc-5d1e-a3ac-65d60267a12c"",""f416cc8b-3bc2-5c4c-a91c-c56faf748684""]","[""99778d83-dc57-44c2-b468-0f926ab0a3cc"",""09492a44-064a-4f03-b09f-90ce14980857""]",,,M6-evaluator-v1,observed,oracle,"{""avatars"":[],""data"":{},""marker"":null,""region_count"":0}",text,SQL-R4-01-S01-RESULT,independent public-contract comparison,M6-ASSERTION-2fb65b94-aa73-484d-a243-f4e487206992,,,,,,,,,2026-10-07T20:58:20.119791Z,,"{""avatars"":[],""data"":{},""marker"":""INPUT_ERROR"",""region_count"":1}",,2d9849af-4973-4fd8-a822-d8a60e17e5f5,84b20ab7-6630-4100-bcf5-32e32c8780d6,99778d83-dc57-44c2-b468-0f926ab0a3cc,,2aa8d341-f577-4ce1-8338-26b58702c917,,,,R4,09492a44-064a-4f03-b09f-90ce14980857,,,,,,,1,failed,SQL-R4-01,,,,,,,c1d75a33-928c-5636-b99c-def1fb29e0f5,bb5b4ed5-341c-433b-8930-be6390dd5308,evidence observations; interpretation separate
M7-analysis-v5,e8255303f1e0cde7479952f03f3b344272c0261c44dbb56c3ba846d5849ccda2,R4,dbb63e68d4ed9e904fa985aa5b88d674205b6caab086a8d981ac8918a9c68fb5,"[""4afc763c-033e-501c-9c9c-453207d31e62"",""1fed9611-d0cc-51e5-86e7-4ba237c836a2"",""0e4d4039-5409-5be7-a300-ded85e9c22d7"",""1c4afc6f-6679-57b7-ab6b-cec3053e85a1"",""76216ff6-0dab-5f43-913f-741c2deb7596"",""fe7c5fea-171a-5d3e-b93c-b9d53dca7c67"",""784c942d-b222-5013-a2e4-de4aa477a143"",""2f2d84f4-6f41-5df7-a828-cc0a3d9cdddf"",""c68f6332-f200-5595-940d-e5bcad78f1fe"",""54c3aba8-cb42-5023-9591-5cdd68bdd7c5"",""b9ac296e-4c6c-5cdc-9e03-14868c124af2"",""022ddff9-4332-5ba5-b884-42537f220a0c"",""0d262496-18e1-5973-84a6-84fbda64d0ff"",""447860c8-1d56-518b-88ad-7e103990b756"",""616ecfda-7163-5a8d-ba60-01f623d8b124"",""656bacfc-b102-5379-8db2-2f9f127621e0"",""88f2e658-6155-5924-bc85-63fe2aabb08a"",""9f032fb3-90ca-5749-aff5-1065077ac10e"",""4d2e4005-a84b-525b-a492-d367c5e405d0"",""12b20e20-e117-5c00-83bc-e589b92b730e"",""e97a5398-37b9-5e89-91a9-9b3ae48d9534"",""7a8f92c5-5f85-593a-bf90-08e13c60a2e6"",""aa66f5e3-ac0e-57d6-9b69-aa54ea7c4fb9"",""d07b7490-853e-562b-b662-305e89e7718d"",""596c0800-372d-5056-8a35-9f8661656bf4"",""d08816e6-d4d6-5f35-9de3-d86528fa7a96"",""2e126757-f17e-5ee2-93db-94d31ed944b2"",""5e1af4e2-330f-563f-b639-2d3cd8d276c8"",""49cd1889-2a56-5913-8723-929335f68874"",""82b898ba-3b6d-567f-8996-4f259b74547e"",""d38eb7d2-e78b-5c2f-93e4-2e34846e80e6"",""33effc64-dcfe-5ced-badf-c4df49f68dc1"",""a3a03b99-34c0-504b-b529-32b798db318a"",""8b3ec7b0-123f-5597-95f7-1fafc5810d01"",""035c5442-19b8-5a84-8a59-b352a9660279"",""d6d45010-72fa-5741-b733-88958a8795d2"",""ab8215e5-b753-5a6a-a4e7-ad9caf42eeac"",""1b20061c-b208-551a-b06c-81ffeff623fc"",""9b6d0913-2ae6-5dab-ab36-d05e1c51b208"",""a27c1fb2-edc1-57e6-9d74-adb5a13fed3b"",""4696448b-8c21-591b-80cc-7344ea0b95ec"",""c1d75a33-928c-5636-b99c-def1fb29e0f5"",""61eebfb6-2555-5bce-ba71-7a750427392a"",""aba074a1-d451-595d-bc12-e257adbe7383"",""1ca34094-ee4d-5962-a78a-174d361a9cd3"",""7edb0577-da07-5c6f-8391-bb90e9822165"",""d7c5d484-54dc-5d1e-a3ac-65d60267a12c"",""f416cc8b-3bc2-5c4c-a91c-c56faf748684""]","[""d1adb9ae-fb7a-4e15-a6bd-dd4528610b0b"",""1cb13a60-7dba-41ae-bcd9-c4f806ba2da7""]",,,M6-evaluator-v1,observed,oracle,500,text,SQL-R4-02-S01-HTTP,independent public-contract comparison,M6-ASSERTION-76b1aad3-39b5-456a-8738-d4271dabf0eb,,,,,,,,,2026-10-07T20:58:20.121080Z,,422,,2d9849af-4973-4fd8-a822-d8a60e17e5f5,f3bc98be-b104-4534-a914-4c375b37ab9b,d1adb9ae-fb7a-4e15-a6bd-dd4528610b0b,,2aa8d341-f577-4ce1-8338-26b58702c917,,,,R4,1cb13a60-7dba-41ae-bcd9-c4f806ba2da7,,,,,,,1,failed,SQL-R4-02,,,,,,,c1d75a33-928c-5636-b99c-def1fb29e0f5,bb5b4ed5-341c-433b-8930-be6390dd5308,evidence observations; interpretation separate
M7-analysis-v5,e8255303f1e0cde7479952f03f3b344272c0261c44dbb56c3ba846d5849ccda2,R4,dbb63e68d4ed9e904fa985aa5b88d674205b6caab086a8d981ac8918a9c68fb5,"[""4afc763c-033e-501c-9c9c-453207d31e62"",""1fed9611-d0cc-51e5-86e7-4ba237c836a2"",""0e4d4039-5409-5be7-a300-ded85e9c22d7"",""1c4afc6f-6679-57b7-ab6b-cec3053e85a1"",""76216ff6-0dab-5f43-913f-741c2deb7596"",""fe7c5fea-171a-5d3e-b93c-b9d53dca7c67"",""784c942d-b222-5013-a2e4-de4aa477a143"",""2f2d84f4-6f41-5df7-a828-cc0a3d9cdddf"",""c68f6332-f200-5595-940d-e5bcad78f1fe"",""54c3aba8-cb42-5023-9591-5cdd68bdd7c5"",""b9ac296e-4c6c-5cdc-9e03-14868c124af2"",""022ddff9-4332-5ba5-b884-42537f220a0c"",""0d262496-18e1-5973-84a6-84fbda64d0ff"",""447860c8-1d56-518b-88ad-7e103990b756"",""616ecfda-7163-5a8d-ba60-01f623d8b124"",""656bacfc-b102-5379-8db2-2f9f127621e0"",""88f2e658-6155-5924-bc85-63fe2aabb08a"",""9f032fb3-90ca-5749-aff5-1065077ac10e"",""4d2e4005-a84b-525b-a492-d367c5e405d0"",""12b20e20-e117-5c00-83bc-e589b92b730e"",""e97a5398-37b9-5e89-91a9-9b3ae48d9534"",""7a8f92c5-5f85-593a-bf90-08e13c60a2e6"",""aa66f5e3-ac0e-57d6-9b69-aa54ea7c4fb9"",""d07b7490-853e-562b-b662-305e89e7718d"",""596c0800-372d-5056-8a35-9f8661656bf4"",""d08816e6-d4d6-5f35-9de3-d86528fa7a96"",""2e126757-f17e-5ee2-93db-94d31ed944b2"",""5e1af4e2-330f-563f-b639-2d3cd8d276c8"",""49cd1889-2a56-5913-8723-929335f68874"",""82b898ba-3b6d-567f-8996-4f259b74547e"",""d38eb7d2-e78b-5c2f-93e4-2e34846e80e6"",""33effc64-dcfe-5ced-badf-c4df49f68dc1"",""a3a03b99-34c0-504b-b529-32b798db318a"",""8b3ec7b0-123f-5597-95f7-1fafc5810d01"",""035c5442-19b8-5a84-8a59-b352a9660279"",""d6d45010-72fa-5741-b733-88958a8795d2"",""ab8215e5-b753-5a6a-a4e7-ad9caf42eeac"",""1b20061c-b208-551a-b06c-81ffeff623fc"",""9b6d0913-2ae6-5dab-ab36-d05e1c51b208"",""a27c1fb2-edc1-57e6-9d74-adb5a13fed3b"",""4696448b-8c21-591b-80cc-7344ea0b95ec"",""c1d75a33-928c-5636-b99c-def1fb29e0f5"",""61eebfb6-2555-5bce-ba71-7a750427392a"",""aba074a1-d451-595d-bc12-e257adbe7383"",""1ca34094-ee4d-5962-a78a-174d361a9cd3"",""7edb0577-da07-5c6f-8391-bb90e9822165"",""d7c5d484-54dc-5d1e-a3ac-65d60267a12c"",""f416cc8b-3bc2-5c4c-a91c-c56faf748684""]","[""d1adb9ae-fb7a-4e15-a6bd-dd4528610b0b"",""1cb13a60-7dba-41ae-bcd9-c4f806ba2da7""]",,,M6-evaluator-v1,observed,oracle,"{""avatars"":[],""data"":{},""marker"":null,""region_count"":0}",text,SQL-R4-02-S01-RESULT,independent public-contract comparison,M6-ASSERTION-250fe668-328b-42e8-bee4-4877f3bf388a,,,,,,,,,2026-10-07T20:58:20.121468Z,,"{""avatars"":[],""data"":{},""marker"":""INPUT_ERROR"",""region_count"":1}",,2d9849af-4973-4fd8-a822-d8a60e17e5f5,87d86154-7770-4206-b69b-92230ac89703,d1adb9ae-fb7a-4e15-a6bd-dd4528610b0b,,2aa8d341-f577-4ce1-8338-26b58702c917,,,,R4,1cb13a60-7dba-41ae-bcd9-c4f806ba2da7,,,,,,,1,failed,SQL-R4-02,,,,,,,c1d75a33-928c-5636-b99c-def1fb29e0f5,bb5b4ed5-341c-433b-8930-be6390dd5308,evidence observations; interpretation separate
M7-analysis-v5,e8255303f1e0cde7479952f03f3b344272c0261c44dbb56c3ba846d5849ccda2,R5,dbb63e68d4ed9e904fa985aa5b88d674205b6caab086a8d981ac8918a9c68fb5,"[""4afc763c-033e-501c-9c9c-453207d31e62"",""1fed9611-d0cc-51e5-86e7-4ba237c836a2"",""0e4d4039-5409-5be7-a300-ded85e9c22d7"",""1c4afc6f-6679-57b7-ab6b-cec3053e85a1"",""76216ff6-0dab-5f43-913f-741c2deb7596"",""fe7c5fea-171a-5d3e-b93c-b9d53dca7c67"",""784c942d-b222-5013-a2e4-de4aa477a143"",""2f2d84f4-6f41-5df7-a828-cc0a3d9cdddf"",""c68f6332-f200-5595-940d-e5bcad78f1fe"",""54c3aba8-cb42-5023-9591-5cdd68bdd7c5"",""b9ac296e-4c6c-5cdc-9e03-14868c124af2"",""022ddff9-4332-5ba5-b884-42537f220a0c"",""0d262496-18e1-5973-84a6-84fbda64d0ff"",""447860c8-1d56-518b-88ad-7e103990b756"",""616ecfda-7163-5a8d-ba60-01f623d8b124"",""656bacfc-b102-5379-8db2-2f9f127621e0"",""88f2e658-6155-5924-bc85-63fe2aabb08a"",""9f032fb3-90ca-5749-aff5-1065077ac10e"",""4d2e4005-a84b-525b-a492-d367c5e405d0"",""12b20e20-e117-5c00-83bc-e589b92b730e"",""e97a5398-37b9-5e89-91a9-9b3ae48d9534"",""7a8f92c5-5f85-593a-bf90-08e13c60a2e6"",""aa66f5e3-ac0e-57d6-9b69-aa54ea7c4fb9"",""d07b7490-853e-562b-b662-305e89e7718d"",""596c0800-372d-5056-8a35-9f8661656bf4"",""d08816e6-d4d6-5f35-9de3-d86528fa7a96"",""2e126757-f17e-5ee2-93db-94d31ed944b2"",""5e1af4e2-330f-563f-b639-2d3cd8d276c8"",""49cd1889-2a56-5913-8723-929335f68874"",""82b898ba-3b6d-567f-8996-4f259b74547e"",""d38eb7d2-e78b-5c2f-93e4-2e34846e80e6"",""33effc64-dcfe-5ced-badf-c4df49f68dc1"",""a3a03b99-34c0-504b-b529-32b798db318a"",""8b3ec7b0-123f-5597-95f7-1fafc5810d01"",""035c5442-19b8-5a84-8a59-b352a9660279"",""d6d45010-72fa-5741-b733-88958a8795d2"",""ab8215e5-b753-5a6a-a4e7-ad9caf42eeac"",""1b20061c-b208-551a-b06c-81ffeff623fc"",""9b6d0913-2ae6-5dab-ab36-d05e1c51b208"",""a27c1fb2-edc1-57e6-9d74-adb5a13fed3b"",""4696448b-8c21-591b-80cc-7344ea0b95ec"",""c1d75a33-928c-5636-b99c-def1fb29e0f5"",""61eebfb6-2555-5bce-ba71-7a750427392a"",""aba074a1-d451-595d-bc12-e257adbe7383"",""1ca34094-ee4d-5962-a78a-174d361a9cd3"",""7edb0577-da07-5c6f-8391-bb90e9822165"",""d7c5d484-54dc-5d1e-a3ac-65d60267a12c"",""f416cc8b-3bc2-5c4c-a91c-c56faf748684""]","[""17ed6992-4c47-4804-a343-b284bf9f89ca"",""7b2a647c-2dae-4cf2-a2a8-b3b26a46a6b7""]",,,M6-evaluator-v1,observed,oracle,500,text,SQL-R5-01-S01-HTTP,independent public-contract comparison,M6-ASSERTION-2939e1de-f68e-418c-b91c-95d1479dd31e,,,,,,,,,2026-10-07T20:58:20.122688Z,,200,,2d9849af-4973-4fd8-a822-d8a60e17e5f5,1ad404d5-afd2-4733-a65d-cfad647498fb,17ed6992-4c47-4804-a343-b284bf9f89ca,,2aa8d341-f577-4ce1-8338-26b58702c917,,,,R5,7b2a647c-2dae-4cf2-a2a8-b3b26a46a6b7,,,,,,,1,failed,SQL-R5-01,,,,,,,c1d75a33-928c-5636-b99c-def1fb29e0f5,bb5b4ed5-341c-433b-8930-be6390dd5308,evidence observations; interpretation separate
M7-analysis-v5,e8255303f1e0cde7479952f03f3b344272c0261c44dbb56c3ba846d5849ccda2,R5,dbb63e68d4ed9e904fa985aa5b88d674205b6caab086a8d981ac8918a9c68fb5,"[""4afc763c-033e-501c-9c9c-453207d31e62"",""1fed9611-d0cc-51e5-86e7-4ba237c836a2"",""0e4d4039-5409-5be7-a300-ded85e9c22d7"",""1c4afc6f-6679-57b7-ab6b-cec3053e85a1"",""76216ff6-0dab-5f43-913f-741c2deb7596"",""fe7c5fea-171a-5d3e-b93c-b9d53dca7c67"",""784c942d-b222-5013-a2e4-de4aa477a143"",""2f2d84f4-6f41-5df7-a828-cc0a3d9cdddf"",""c68f6332-f200-5595-940d-e5bcad78f1fe"",""54c3aba8-cb42-5023-9591-5cdd68bdd7c5"",""b9ac296e-4c6c-5cdc-9e03-14868c124af2"",""022ddff9-4332-5ba5-b884-42537f220a0c"",""0d262496-18e1-5973-84a6-84fbda64d0ff"",""447860c8-1d56-518b-88ad-7e103990b756"",""616ecfda-7163-5a8d-ba60-01f623d8b124"",""656bacfc-b102-5379-8db2-2f9f127621e0"",""88f2e658-6155-5924-bc85-63fe2aabb08a"",""9f032fb3-90ca-5749-aff5-1065077ac10e"",""4d2e4005-a84b-525b-a492-d367c5e405d0"",""12b20e20-e117-5c00-83bc-e589b92b730e"",""e97a5398-37b9-5e89-91a9-9b3ae48d9534"",""7a8f92c5-5f85-593a-bf90-08e13c60a2e6"",""aa66f5e3-ac0e-57d6-9b69-aa54ea7c4fb9"",""d07b7490-853e-562b-b662-305e89e7718d"",""596c0800-372d-5056-8a35-9f8661656bf4"",""d08816e6-d4d6-5f35-9de3-d86528fa7a96"",""2e126757-f17e-5ee2-93db-94d31ed944b2"",""5e1af4e2-330f-563f-b639-2d3cd8d276c8"",""49cd1889-2a56-5913-8723-929335f68874"",""82b898ba-3b6d-567f-8996-4f259b74547e"",""d38eb7d2-e78b-5c2f-93e4-2e34846e80e6"",""33effc64-dcfe-5ced-badf-c4df49f68dc1"",""a3a03b99-34c0-504b-b529-32b798db318a"",""8b3ec7b0-123f-5597-95f7-1fafc5810d01"",""035c5442-19b8-5a84-8a59-b352a9660279"",""d6d45010-72fa-5741-b733-88958a8795d2"",""ab8215e5-b753-5a6a-a4e7-ad9caf42eeac"",""1b20061c-b208-551a-b06c-81ffeff623fc"",""9b6d0913-2ae6-5dab-ab36-d05e1c51b208"",""a27c1fb2-edc1-57e6-9d74-adb5a13fed3b"",""4696448b-8c21-591b-80cc-7344ea0b95ec"",""c1d75a33-928c-5636-b99c-def1fb29e0f5"",""61eebfb6-2555-5bce-ba71-7a750427392a"",""aba074a1-d451-595d-bc12-e257adbe7383"",""1ca34094-ee4d-5962-a78a-174d361a9cd3"",""7edb0577-da07-5c6f-8391-bb90e9822165"",""d7c5d484-54dc-5d1e-a3ac-65d60267a12c"",""f416cc8b-3bc2-5c4c-a91c-c56faf748684""]","[""17ed6992-4c47-4804-a343-b284bf9f89ca"",""7b2a647c-2dae-4cf2-a2a8-b3b26a46a6b7""]",,,M6-evaluator-v1,observed,oracle,"{""avatars"":[],""data"":{},""marker"":null,""region_count"":0}",text,SQL-R5-01-S01-RESULT,independent public-contract comparison,M6-ASSERTION-fdf193f2-1c9d-4dab-a45c-f004aabc4c8c,,,,,,,,,2026-10-07T20:58:20.123169Z,,"{""avatars"":[],""data"":{""first_name"":""Mira"",""last_name"":""Nord""},""marker"":""SUCCESS"",""region_count"":1}",,2d9849af-4973-4fd8-a822-d8a60e17e5f5,c3a71862-3c9c-481c-b3d7-729b25792e16,17ed6992-4c47-4804-a343-b284bf9f89ca,,2aa8d341-f577-4ce1-8338-26b58702c917,,,,R5,7b2a647c-2dae-4cf2-a2a8-b3b26a46a6b7,,,,,,,1,failed,SQL-R5-01,,,,,,,c1d75a33-928c-5636-b99c-def1fb29e0f5,bb5b4ed5-341c-433b-8930-be6390dd5308,evidence observations; interpretation separate
M7-analysis-v5,e8255303f1e0cde7479952f03f3b344272c0261c44dbb56c3ba846d5849ccda2,R5,dbb63e68d4ed9e904fa985aa5b88d674205b6caab086a8d981ac8918a9c68fb5,"[""4afc763c-033e-501c-9c9c-453207d31e62"",""1fed9611-d0cc-51e5-86e7-4ba237c836a2"",""0e4d4039-5409-5be7-a300-ded85e9c22d7"",""1c4afc6f-6679-57b7-ab6b-cec3053e85a1"",""76216ff6-0dab-5f43-913f-741c2deb7596"",""fe7c5fea-171a-5d3e-b93c-b9d53dca7c67"",""784c942d-b222-5013-a2e4-de4aa477a143"",""2f2d84f4-6f41-5df7-a828-cc0a3d9cdddf"",""c68f6332-f200-5595-940d-e5bcad78f1fe"",""54c3aba8-cb42-5023-9591-5cdd68bdd7c5"",""b9ac296e-4c6c-5cdc-9e03-14868c124af2"",""022ddff9-4332-5ba5-b884-42537f220a0c"",""0d262496-18e1-5973-84a6-84fbda64d0ff"",""447860c8-1d56-518b-88ad-7e103990b756"",""616ecfda-7163-5a8d-ba60-01f623d8b124"",""656bacfc-b102-5379-8db2-2f9f127621e0"",""88f2e658-6155-5924-bc85-63fe2aabb08a"",""9f032fb3-90ca-5749-aff5-1065077ac10e"",""4d2e4005-a84b-525b-a492-d367c5e405d0"",""12b20e20-e117-5c00-83bc-e589b92b730e"",""e97a5398-37b9-5e89-91a9-9b3ae48d9534"",""7a8f92c5-5f85-593a-bf90-08e13c60a2e6"",""aa66f5e3-ac0e-57d6-9b69-aa54ea7c4fb9"",""d07b7490-853e-562b-b662-305e89e7718d"",""596c0800-372d-5056-8a35-9f8661656bf4"",""d08816e6-d4d6-5f35-9de3-d86528fa7a96"",""2e126757-f17e-5ee2-93db-94d31ed944b2"",""5e1af4e2-330f-563f-b639-2d3cd8d276c8"",""49cd1889-2a56-5913-8723-929335f68874"",""82b898ba-3b6d-567f-8996-4f259b74547e"",""d38eb7d2-e78b-5c2f-93e4-2e34846e80e6"",""33effc64-dcfe-5ced-badf-c4df49f68dc1"",""a3a03b99-34c0-504b-b529-32b798db318a"",""8b3ec7b0-123f-5597-95f7-1fafc5810d01"",""035c5442-19b8-5a84-8a59-b352a9660279"",""d6d45010-72fa-5741-b733-88958a8795d2"",""ab8215e5-b753-5a6a-a4e7-ad9caf42eeac"",""1b20061c-b208-551a-b06c-81ffeff623fc"",""9b6d0913-2ae6-5dab-ab36-d05e1c51b208"",""a27c1fb2-edc1-57e6-9d74-adb5a13fed3b"",""4696448b-8c21-591b-80cc-7344ea0b95ec"",""c1d75a33-928c-5636-b99c-def1fb29e0f5"",""61eebfb6-2555-5bce-ba71-7a750427392a"",""aba074a1-d451-595d-bc12-e257adbe7383"",""1ca34094-ee4d-5962-a78a-174d361a9cd3"",""7edb0577-da07-5c6f-8391-bb90e9822165"",""d7c5d484-54dc-5d1e-a3ac-65d60267a12c"",""f416cc8b-3bc2-5c4c-a91c-c56faf748684""]","[""3237302b-0510-4d2e-b94b-33fc44eb17f0"",""36e8510d-4974-44ff-a85a-1b99149bff45""]",,,M6-evaluator-v1,observed,oracle,500,text,SQL-R5-02-S01-HTTP,independent public-contract comparison,M6-ASSERTION-61b1ed85-eb03-4f70-ae8d-6f52f3ed8334,,,,,,,,,2026-10-07T20:58:20.124454Z,,200,,2d9849af-4973-4fd8-a822-d8a60e17e5f5,399a711b-1dfa-4594-a17b-61bea35474c8,3237302b-0510-4d2e-b94b-33fc44eb17f0,,2aa8d341-f577-4ce1-8338-26b58702c917,,,,R5,36e8510d-4974-44ff-a85a-1b99149bff45,,,,,,,1,failed,SQL-R5-02,,,,,,,c1d75a33-928c-5636-b99c-def1fb29e0f5,bb5b4ed5-341c-433b-8930-be6390dd5308,evidence observations; interpretation separate
M7-analysis-v5,e8255303f1e0cde7479952f03f3b344272c0261c44dbb56c3ba846d5849ccda2,R5,dbb63e68d4ed9e904fa985aa5b88d674205b6caab086a8d981ac8918a9c68fb5,"[""4afc763c-033e-501c-9c9c-453207d31e62"",""1fed9611-d0cc-51e5-86e7-4ba237c836a2"",""0e4d4039-5409-5be7-a300-ded85e9c22d7"",""1c4afc6f-6679-57b7-ab6b-cec3053e85a1"",""76216ff6-0dab-5f43-913f-741c2deb7596"",""fe7c5fea-171a-5d3e-b93c-b9d53dca7c67"",""784c942d-b222-5013-a2e4-de4aa477a143"",""2f2d84f4-6f41-5df7-a828-cc0a3d9cdddf"",""c68f6332-f200-5595-940d-e5bcad78f1fe"",""54c3aba8-cb42-5023-9591-5cdd68bdd7c5"",""b9ac296e-4c6c-5cdc-9e03-14868c124af2"",""022ddff9-4332-5ba5-b884-42537f220a0c"",""0d262496-18e1-5973-84a6-84fbda64d0ff"",""447860c8-1d56-518b-88ad-7e103990b756"",""616ecfda-7163-5a8d-ba60-01f623d8b124"",""656bacfc-b102-5379-8db2-2f9f127621e0"",""88f2e658-6155-5924-bc85-63fe2aabb08a"",""9f032fb3-90ca-5749-aff5-1065077ac10e"",""4d2e4005-a84b-525b-a492-d367c5e405d0"",""12b20e20-e117-5c00-83bc-e589b92b730e"",""e97a5398-37b9-5e89-91a9-9b3ae48d9534"",""7a8f92c5-5f85-593a-bf90-08e13c60a2e6"",""aa66f5e3-ac0e-57d6-9b69-aa54ea7c4fb9"",""d07b7490-853e-562b-b662-305e89e7718d"",""596c0800-372d-5056-8a35-9f8661656bf4"",""d08816e6-d4d6-5f35-9de3-d86528fa7a96"",""2e126757-f17e-5ee2-93db-94d31ed944b2"",""5e1af4e2-330f-563f-b639-2d3cd8d276c8"",""49cd1889-2a56-5913-8723-929335f68874"",""82b898ba-3b6d-567f-8996-4f259b74547e"",""d38eb7d2-e78b-5c2f-93e4-2e34846e80e6"",""33effc64-dcfe-5ced-badf-c4df49f68dc1"",""a3a03b99-34c0-504b-b529-32b798db318a"",""8b3ec7b0-123f-5597-95f7-1fafc5810d01"",""035c5442-19b8-5a84-8a59-b352a9660279"",""d6d45010-72fa-5741-b733-88958a8795d2"",""ab8215e5-b753-5a6a-a4e7-ad9caf42eeac"",""1b20061c-b208-551a-b06c-81ffeff623fc"",""9b6d0913-2ae6-5dab-ab36-d05e1c51b208"",""a27c1fb2-edc1-57e6-9d74-adb5a13fed3b"",""4696448b-8c21-591b-80cc-7344ea0b95ec"",""c1d75a33-928c-5636-b99c-def1fb29e0f5"",""61eebfb6-2555-5bce-ba71-7a750427392a"",""aba074a1-d451-595d-bc12-e257adbe7383"",""1ca34094-ee4d-5962-a78a-174d361a9cd3"",""7edb0577-da07-5c6f-8391-bb90e9822165"",""d7c5d484-54dc-5d1e-a3ac-65d60267a12c"",""f416cc8b-3bc2-5c4c-a91c-c56faf748684""]","[""3237302b-0510-4d2e-b94b-33fc44eb17f0"",""36e8510d-4974-44ff-a85a-1b99149bff45""]",,,M6-evaluator-v1,observed,oracle,"{""avatars"":[],""data"":{},""marker"":null,""region_count"":0}",text,SQL-R5-02-S01-RESULT,independent public-contract comparison,M6-ASSERTION-7b225730-5a09-4ef0-8d8e-d21dc0615682,,,,,,,,,2026-10-07T20:58:20.124845Z,,"{""avatars"":[],""data"":{""first_name"":""Ivo"",""last_name"":""Süd""},""marker"":""SUCCESS"",""region_count"":1}",,2d9849af-4973-4fd8-a822-d8a60e17e5f5,2d4e8680-2aef-4394-8ac9-ea8e4231a237,3237302b-0510-4d2e-b94b-33fc44eb17f0,,2aa8d341-f577-4ce1-8338-26b58702c917,,,,R5,36e8510d-4974-44ff-a85a-1b99149bff45,,,,,,,1,failed,SQL-R5-02,,,,,,,c1d75a33-928c-5636-b99c-def1fb29e0f5,bb5b4ed5-341c-433b-8930-be6390dd5308,evidence observations; interpretation separate
M7-analysis-v5,e8255303f1e0cde7479952f03f3b344272c0261c44dbb56c3ba846d5849ccda2,R6,dbb63e68d4ed9e904fa985aa5b88d674205b6caab086a8d981ac8918a9c68fb5,"[""4afc763c-033e-501c-9c9c-453207d31e62"",""1fed9611-d0cc-51e5-86e7-4ba237c836a2"",""0e4d4039-5409-5be7-a300-ded85e9c22d7"",""1c4afc6f-6679-57b7-ab6b-cec3053e85a1"",""76216ff6-0dab-5f43-913f-741c2deb7596"",""fe7c5fea-171a-5d3e-b93c-b9d53dca7c67"",""784c942d-b222-5013-a2e4-de4aa477a143"",""2f2d84f4-6f41-5df7-a828-cc0a3d9cdddf"",""c68f6332-f200-5595-940d-e5bcad78f1fe"",""54c3aba8-cb42-5023-9591-5cdd68bdd7c5"",""b9ac296e-4c6c-5cdc-9e03-14868c124af2"",""022ddff9-4332-5ba5-b884-42537f220a0c"",""0d262496-18e1-5973-84a6-84fbda64d0ff"",""447860c8-1d56-518b-88ad-7e103990b756"",""616ecfda-7163-5a8d-ba60-01f623d8b124"",""656bacfc-b102-5379-8db2-2f9f127621e0"",""88f2e658-6155-5924-bc85-63fe2aabb08a"",""9f032fb3-90ca-5749-aff5-1065077ac10e"",""4d2e4005-a84b-525b-a492-d367c5e405d0"",""12b20e20-e117-5c00-83bc-e589b92b730e"",""e97a5398-37b9-5e89-91a9-9b3ae48d9534"",""7a8f92c5-5f85-593a-bf90-08e13c60a2e6"",""aa66f5e3-ac0e-57d6-9b69-aa54ea7c4fb9"",""d07b7490-853e-562b-b662-305e89e7718d"",""596c0800-372d-5056-8a35-9f8661656bf4"",""d08816e6-d4d6-5f35-9de3-d86528fa7a96"",""2e126757-f17e-5ee2-93db-94d31ed944b2"",""5e1af4e2-330f-563f-b639-2d3cd8d276c8"",""49cd1889-2a56-5913-8723-929335f68874"",""82b898ba-3b6d-567f-8996-4f259b74547e"",""d38eb7d2-e78b-5c2f-93e4-2e34846e80e6"",""33effc64-dcfe-5ced-badf-c4df49f68dc1"",""a3a03b99-34c0-504b-b529-32b798db318a"",""8b3ec7b0-123f-5597-95f7-1fafc5810d01"",""035c5442-19b8-5a84-8a59-b352a9660279"",""d6d45010-72fa-5741-b733-88958a8795d2"",""ab8215e5-b753-5a6a-a4e7-ad9caf42eeac"",""1b20061c-b208-551a-b06c-81ffeff623fc"",""9b6d0913-2ae6-5dab-ab36-d05e1c51b208"",""a27c1fb2-edc1-57e6-9d74-adb5a13fed3b"",""4696448b-8c21-591b-80cc-7344ea0b95ec"",""c1d75a33-928c-5636-b99c-def1fb29e0f5"",""61eebfb6-2555-5bce-ba71-7a750427392a"",""aba074a1-d451-595d-bc12-e257adbe7383"",""1ca34094-ee4d-5962-a78a-174d361a9cd3"",""7edb0577-da07-5c6f-8391-bb90e9822165"",""d7c5d484-54dc-5d1e-a3ac-65d60267a12c"",""f416cc8b-3bc2-5c4c-a91c-c56faf748684""]","[""5e7ca7b0-af2e-457b-90de-63947e40cc8b"",""1466aa99-9b5d-434d-b5bc-9e782804fda0""]",,,M6-evaluator-v1,observed,oracle,500,text,SQL-R6-01-S03-HTTP,independent public-contract comparison,M6-ASSERTION-a1938a9f-3953-4932-bbd9-6a193df9d44a,,,,,,,,,2026-10-07T20:58:20.130244Z,,200,,2d9849af-4973-4fd8-a822-d8a60e17e5f5,538e245e-9791-4b14-b384-8c5fa751257b,5e7ca7b0-af2e-457b-90de-63947e40cc8b,,2aa8d341-f577-4ce1-8338-26b58702c917,,,,R6,1466aa99-9b5d-434d-b5bc-9e782804fda0,,,,,,,1,failed,SQL-R6-01,,,,,,,c1d75a33-928c-5636-b99c-def1fb29e0f5,bb5b4ed5-341c-433b-8930-be6390dd5308,evidence observations; interpretation separate
M7-analysis-v5,e8255303f1e0cde7479952f03f3b344272c0261c44dbb56c3ba846d5849ccda2,R6,dbb63e68d4ed9e904fa985aa5b88d674205b6caab086a8d981ac8918a9c68fb5,"[""4afc763c-033e-501c-9c9c-453207d31e62"",""1fed9611-d0cc-51e5-86e7-4ba237c836a2"",""0e4d4039-5409-5be7-a300-ded85e9c22d7"",""1c4afc6f-6679-57b7-ab6b-cec3053e85a1"",""76216ff6-0dab-5f43-913f-741c2deb7596"",""fe7c5fea-171a-5d3e-b93c-b9d53dca7c67"",""784c942d-b222-5013-a2e4-de4aa477a143"",""2f2d84f4-6f41-5df7-a828-cc0a3d9cdddf"",""c68f6332-f200-5595-940d-e5bcad78f1fe"",""54c3aba8-cb42-5023-9591-5cdd68bdd7c5"",""b9ac296e-4c6c-5cdc-9e03-14868c124af2"",""022ddff9-4332-5ba5-b884-42537f220a0c"",""0d262496-18e1-5973-84a6-84fbda64d0ff"",""447860c8-1d56-518b-88ad-7e103990b756"",""616ecfda-7163-5a8d-ba60-01f623d8b124"",""656bacfc-b102-5379-8db2-2f9f127621e0"",""88f2e658-6155-5924-bc85-63fe2aabb08a"",""9f032fb3-90ca-5749-aff5-1065077ac10e"",""4d2e4005-a84b-525b-a492-d367c5e405d0"",""12b20e20-e117-5c00-83bc-e589b92b730e"",""e97a5398-37b9-5e89-91a9-9b3ae48d9534"",""7a8f92c5-5f85-593a-bf90-08e13c60a2e6"",""aa66f5e3-ac0e-57d6-9b69-aa54ea7c4fb9"",""d07b7490-853e-562b-b662-305e89e7718d"",""596c0800-372d-5056-8a35-9f8661656bf4"",""d08816e6-d4d6-5f35-9de3-d86528fa7a96"",""2e126757-f17e-5ee2-93db-94d31ed944b2"",""5e1af4e2-330f-563f-b639-2d3cd8d276c8"",""49cd1889-2a56-5913-8723-929335f68874"",""82b898ba-3b6d-567f-8996-4f259b74547e"",""d38eb7d2-e78b-5c2f-93e4-2e34846e80e6"",""33effc64-dcfe-5ced-badf-c4df49f68dc1"",""a3a03b99-34c0-504b-b529-32b798db318a"",""8b3ec7b0-123f-5597-95f7-1fafc5810d01"",""035c5442-19b8-5a84-8a59-b352a9660279"",""d6d45010-72fa-5741-b733-88958a8795d2"",""ab8215e5-b753-5a6a-a4e7-ad9caf42eeac"",""1b20061c-b208-551a-b06c-81ffeff623fc"",""9b6d0913-2ae6-5dab-ab36-d05e1c51b208"",""a27c1fb2-edc1-57e6-9d74-adb5a13fed3b"",""4696448b-8c21-591b-80cc-7344ea0b95ec"",""c1d75a33-928c-5636-b99c-def1fb29e0f5"",""61eebfb6-2555-5bce-ba71-7a750427392a"",""aba074a1-d451-595d-bc12-e257adbe7383"",""1ca34094-ee4d-5962-a78a-174d361a9cd3"",""7edb0577-da07-5c6f-8391-bb90e9822165"",""d7c5d484-54dc-5d1e-a3ac-65d60267a12c"",""f416cc8b-3bc2-5c4c-a91c-c56faf748684""]","[""5e7ca7b0-af2e-457b-90de-63947e40cc8b"",""1466aa99-9b5d-434d-b5bc-9e782804fda0""]",,,M6-evaluator-v1,observed,oracle,"{""avatars"":[],""data"":{},""marker"":null,""region_count"":0}",text,SQL-R6-01-S03-RESULT,independent public-contract comparison,M6-ASSERTION-25db3265-807e-486c-8c1d-9fc1d784b497,,,,,,,,,2026-10-07T20:58:20.130600Z,,"{""avatars"":[],""data"":{""first_name"":""Béla"",""last_name"":""Stein & Co""},""marker"":""SUCCESS"",""region_count"":1}",,2d9849af-4973-4fd8-a822-d8a60e17e5f5,d6126703-1b12-4d03-b847-c47ab732ddbe,5e7ca7b0-af2e-457b-90de-63947e40cc8b,,2aa8d341-f577-4ce1-8338-26b58702c917,,,,R6,1466aa99-9b5d-434d-b5bc-9e782804fda0,,,,,,,1,failed,SQL-R6-01,,,,,,,c1d75a33-928c-5636-b99c-def1fb29e0f5,bb5b4ed5-341c-433b-8930-be6390dd5308,evidence observations; interpretation separate
M7-analysis-v5,e8255303f1e0cde7479952f03f3b344272c0261c44dbb56c3ba846d5849ccda2,R6,dbb63e68d4ed9e904fa985aa5b88d674205b6caab086a8d981ac8918a9c68fb5,"[""4afc763c-033e-501c-9c9c-453207d31e62"",""1fed9611-d0cc-51e5-86e7-4ba237c836a2"",""0e4d4039-5409-5be7-a300-ded85e9c22d7"",""1c4afc6f-6679-57b7-ab6b-cec3053e85a1"",""76216ff6-0dab-5f43-913f-741c2deb7596"",""fe7c5fea-171a-5d3e-b93c-b9d53dca7c67"",""784c942d-b222-5013-a2e4-de4aa477a143"",""2f2d84f4-6f41-5df7-a828-cc0a3d9cdddf"",""c68f6332-f200-5595-940d-e5bcad78f1fe"",""54c3aba8-cb42-5023-9591-5cdd68bdd7c5"",""b9ac296e-4c6c-5cdc-9e03-14868c124af2"",""022ddff9-4332-5ba5-b884-42537f220a0c"",""0d262496-18e1-5973-84a6-84fbda64d0ff"",""447860c8-1d56-518b-88ad-7e103990b756"",""616ecfda-7163-5a8d-ba60-01f623d8b124"",""656bacfc-b102-5379-8db2-2f9f127621e0"",""88f2e658-6155-5924-bc85-63fe2aabb08a"",""9f032fb3-90ca-5749-aff5-1065077ac10e"",""4d2e4005-a84b-525b-a492-d367c5e405d0"",""12b20e20-e117-5c00-83bc-e589b92b730e"",""e97a5398-37b9-5e89-91a9-9b3ae48d9534"",""7a8f92c5-5f85-593a-bf90-08e13c60a2e6"",""aa66f5e3-ac0e-57d6-9b69-aa54ea7c4fb9"",""d07b7490-853e-562b-b662-305e89e7718d"",""596c0800-372d-5056-8a35-9f8661656bf4"",""d08816e6-d4d6-5f35-9de3-d86528fa7a96"",""2e126757-f17e-5ee2-93db-94d31ed944b2"",""5e1af4e2-330f-563f-b639-2d3cd8d276c8"",""49cd1889-2a56-5913-8723-929335f68874"",""82b898ba-3b6d-567f-8996-4f259b74547e"",""d38eb7d2-e78b-5c2f-93e4-2e34846e80e6"",""33effc64-dcfe-5ced-badf-c4df49f68dc1"",""a3a03b99-34c0-504b-b529-32b798db318a"",""8b3ec7b0-123f-5597-95f7-1fafc5810d01"",""035c5442-19b8-5a84-8a59-b352a9660279"",""d6d45010-72fa-5741-b733-88958a8795d2"",""ab8215e5-b753-5a6a-a4e7-ad9caf42eeac"",""1b20061c-b208-551a-b06c-81ffeff623fc"",""9b6d0913-2ae6-5dab-ab36-d05e1c51b208"",""a27c1fb2-edc1-57e6-9d74-adb5a13fed3b"",""4696448b-8c21-591b-80cc-7344ea0b95ec"",""c1d75a33-928c-5636-b99c-def1fb29e0f5"",""61eebfb6-2555-5bce-ba71-7a750427392a"",""aba074a1-d451-595d-bc12-e257adbe7383"",""1ca34094-ee4d-5962-a78a-174d361a9cd3"",""7edb0577-da07-5c6f-8391-bb90e9822165"",""d7c5d484-54dc-5d1e-a3ac-65d60267a12c"",""f416cc8b-3bc2-5c4c-a91c-c56faf748684""]","[""5e7ca7b0-af2e-457b-90de-63947e40cc8b"",""44610305-924f-4f8b-91e4-f2b71a3fb6b4""]",,,M6-evaluator-v1,observed,oracle,500,text,SQL-R6-01-S01-HTTP,independent public-contract comparison,M6-ASSERTION-c8b7e978-3fd9-43bd-9d6c-7afc6c654eae,,,,,,,,,2026-10-07T20:58:20.126564Z,,200,,2d9849af-4973-4fd8-a822-d8a60e17e5f5,7a13178f-69db-4fe5-868a-1848a810bc93,5e7ca7b0-af2e-457b-90de-63947e40cc8b,,2aa8d341-f577-4ce1-8338-26b58702c917,,,,R6,44610305-924f-4f8b-91e4-f2b71a3fb6b4,,,,,,,1,failed,SQL-R6-01,,,,,,,c1d75a33-928c-5636-b99c-def1fb29e0f5,bb5b4ed5-341c-433b-8930-be6390dd5308,evidence observations; interpretation separate
M7-analysis-v5,e8255303f1e0cde7479952f03f3b344272c0261c44dbb56c3ba846d5849ccda2,R6,dbb63e68d4ed9e904fa985aa5b88d674205b6caab086a8d981ac8918a9c68fb5,"[""4afc763c-033e-501c-9c9c-453207d31e62"",""1fed9611-d0cc-51e5-86e7-4ba237c836a2"",""0e4d4039-5409-5be7-a300-ded85e9c22d7"",""1c4afc6f-6679-57b7-ab6b-cec3053e85a1"",""76216ff6-0dab-5f43-913f-741c2deb7596"",""fe7c5fea-171a-5d3e-b93c-b9d53dca7c67"",""784c942d-b222-5013-a2e4-de4aa477a143"",""2f2d84f4-6f41-5df7-a828-cc0a3d9cdddf"",""c68f6332-f200-5595-940d-e5bcad78f1fe"",""54c3aba8-cb42-5023-9591-5cdd68bdd7c5"",""b9ac296e-4c6c-5cdc-9e03-14868c124af2"",""022ddff9-4332-5ba5-b884-42537f220a0c"",""0d262496-18e1-5973-84a6-84fbda64d0ff"",""447860c8-1d56-518b-88ad-7e103990b756"",""616ecfda-7163-5a8d-ba60-01f623d8b124"",""656bacfc-b102-5379-8db2-2f9f127621e0"",""88f2e658-6155-5924-bc85-63fe2aabb08a"",""9f032fb3-90ca-5749-aff5-1065077ac10e"",""4d2e4005-a84b-525b-a492-d367c5e405d0"",""12b20e20-e117-5c00-83bc-e589b92b730e"",""e97a5398-37b9-5e89-91a9-9b3ae48d9534"",""7a8f92c5-5f85-593a-bf90-08e13c60a2e6"",""aa66f5e3-ac0e-57d6-9b69-aa54ea7c4fb9"",""d07b7490-853e-562b-b662-305e89e7718d"",""596c0800-372d-5056-8a35-9f8661656bf4"",""d08816e6-d4d6-5f35-9de3-d86528fa7a96"",""2e126757-f17e-5ee2-93db-94d31ed944b2"",""5e1af4e2-330f-563f-b639-2d3cd8d276c8"",""49cd1889-2a56-5913-8723-929335f68874"",""82b898ba-3b6d-567f-8996-4f259b74547e"",""d38eb7d2-e78b-5c2f-93e4-2e34846e80e6"",""33effc64-dcfe-5ced-badf-c4df49f68dc1"",""a3a03b99-34c0-504b-b529-32b798db318a"",""8b3ec7b0-123f-5597-95f7-1fafc5810d01"",""035c5442-19b8-5a84-8a59-b352a9660279"",""d6d45010-72fa-5741-b733-88958a8795d2"",""ab8215e5-b753-5a6a-a4e7-ad9caf42eeac"",""1b20061c-b208-551a-b06c-81ffeff623fc"",""9b6d0913-2ae6-5dab-ab36-d05e1c51b208"",""a27c1fb2-edc1-57e6-9d74-adb5a13fed3b"",""4696448b-8c21-591b-80cc-7344ea0b95ec"",""c1d75a33-928c-5636-b99c-def1fb29e0f5"",""61eebfb6-2555-5bce-ba71-7a750427392a"",""aba074a1-d451-595d-bc12-e257adbe7383"",""1ca34094-ee4d-5962-a78a-174d361a9cd3"",""7edb0577-da07-5c6f-8391-bb90e9822165"",""d7c5d484-54dc-5d1e-a3ac-65d60267a12c"",""f416cc8b-3bc2-5c4c-a91c-c56faf748684""]","[""5e7ca7b0-af2e-457b-90de-63947e40cc8b"",""44610305-924f-4f8b-91e4-f2b71a3fb6b4""]",,,M6-evaluator-v1,observed,oracle,"{""avatars"":[],""data"":{},""marker"":null,""region_count"":0}",text,SQL-R6-01-S01-RESULT,independent public-contract comparison,M6-ASSERTION-eafa0a97-a16c-45c2-b221-4b43594bd797,,,,,,,,,2026-10-07T20:58:20.127050Z,,"{""avatars"":[],""data"":{""first_name"":""Ada"",""last_name"":""Wolke""},""marker"":""SUCCESS"",""region_count"":1}",,2d9849af-4973-4fd8-a822-d8a60e17e5f5,20244341-2367-4258-9dc1-cc0079a0c4ba,5e7ca7b0-af2e-457b-90de-63947e40cc8b,,2aa8d341-f577-4ce1-8338-26b58702c917,,,,R6,44610305-924f-4f8b-91e4-f2b71a3fb6b4,,,,,,,1,failed,SQL-R6-01,,,,,,,c1d75a33-928c-5636-b99c-def1fb29e0f5,bb5b4ed5-341c-433b-8930-be6390dd5308,evidence observations; interpretation separate
M7-analysis-v5,e8255303f1e0cde7479952f03f3b344272c0261c44dbb56c3ba846d5849ccda2,R6,dbb63e68d4ed9e904fa985aa5b88d674205b6caab086a8d981ac8918a9c68fb5,"[""4afc763c-033e-501c-9c9c-453207d31e62"",""1fed9611-d0cc-51e5-86e7-4ba237c836a2"",""0e4d4039-5409-5be7-a300-ded85e9c22d7"",""1c4afc6f-6679-57b7-ab6b-cec3053e85a1"",""76216ff6-0dab-5f43-913f-741c2deb7596"",""fe7c5fea-171a-5d3e-b93c-b9d53dca7c67"",""784c942d-b222-5013-a2e4-de4aa477a143"",""2f2d84f4-6f41-5df7-a828-cc0a3d9cdddf"",""c68f6332-f200-5595-940d-e5bcad78f1fe"",""54c3aba8-cb42-5023-9591-5cdd68bdd7c5"",""b9ac296e-4c6c-5cdc-9e03-14868c124af2"",""022ddff9-4332-5ba5-b884-42537f220a0c"",""0d262496-18e1-5973-84a6-84fbda64d0ff"",""447860c8-1d56-518b-88ad-7e103990b756"",""616ecfda-7163-5a8d-ba60-01f623d8b124"",""656bacfc-b102-5379-8db2-2f9f127621e0"",""88f2e658-6155-5924-bc85-63fe2aabb08a"",""9f032fb3-90ca-5749-aff5-1065077ac10e"",""4d2e4005-a84b-525b-a492-d367c5e405d0"",""12b20e20-e117-5c00-83bc-e589b92b730e"",""e97a5398-37b9-5e89-91a9-9b3ae48d9534"",""7a8f92c5-5f85-593a-bf90-08e13c60a2e6"",""aa66f5e3-ac0e-57d6-9b69-aa54ea7c4fb9"",""d07b7490-853e-562b-b662-305e89e7718d"",""596c0800-372d-5056-8a35-9f8661656bf4"",""d08816e6-d4d6-5f35-9de3-d86528fa7a96"",""2e126757-f17e-5ee2-93db-94d31ed944b2"",""5e1af4e2-330f-563f-b639-2d3cd8d276c8"",""49cd1889-2a56-5913-8723-929335f68874"",""82b898ba-3b6d-567f-8996-4f259b74547e"",""d38eb7d2-e78b-5c2f-93e4-2e34846e80e6"",""33effc64-dcfe-5ced-badf-c4df49f68dc1"",""a3a03b99-34c0-504b-b529-32b798db318a"",""8b3ec7b0-123f-5597-95f7-1fafc5810d01"",""035c5442-19b8-5a84-8a59-b352a9660279"",""d6d45010-72fa-5741-b733-88958a8795d2"",""ab8215e5-b753-5a6a-a4e7-ad9caf42eeac"",""1b20061c-b208-551a-b06c-81ffeff623fc"",""9b6d0913-2ae6-5dab-ab36-d05e1c51b208"",""a27c1fb2-edc1-57e6-9d74-adb5a13fed3b"",""4696448b-8c21-591b-80cc-7344ea0b95ec"",""c1d75a33-928c-5636-b99c-def1fb29e0f5"",""61eebfb6-2555-5bce-ba71-7a750427392a"",""aba074a1-d451-595d-bc12-e257adbe7383"",""1ca34094-ee4d-5962-a78a-174d361a9cd3"",""7edb0577-da07-5c6f-8391-bb90e9822165"",""d7c5d484-54dc-5d1e-a3ac-65d60267a12c"",""f416cc8b-3bc2-5c4c-a91c-c56faf748684""]","[""5e7ca7b0-af2e-457b-90de-63947e40cc8b"",""e5cf1b1d-190d-4b56-b925-7326c0a84e8a""]",,,M6-evaluator-v1,observed,oracle,500,text,SQL-R6-01-S02-HTTP,independent public-contract comparison,M6-ASSERTION-7e3b36b4-55da-4c40-aeeb-baa0ca13f26d,,,,,,,,,2026-10-07T20:58:20.128331Z,,200,,2d9849af-4973-4fd8-a822-d8a60e17e5f5,6220949b-4868-4700-961c-c2b9cf0c5ead,5e7ca7b0-af2e-457b-90de-63947e40cc8b,,2aa8d341-f577-4ce1-8338-26b58702c917,,,,R6,e5cf1b1d-190d-4b56-b925-7326c0a84e8a,,,,,,,1,failed,SQL-R6-01,,,,,,,c1d75a33-928c-5636-b99c-def1fb29e0f5,bb5b4ed5-341c-433b-8930-be6390dd5308,evidence observations; interpretation separate
M7-analysis-v5,e8255303f1e0cde7479952f03f3b344272c0261c44dbb56c3ba846d5849ccda2,R6,dbb63e68d4ed9e904fa985aa5b88d674205b6caab086a8d981ac8918a9c68fb5,"[""4afc763c-033e-501c-9c9c-453207d31e62"",""1fed9611-d0cc-51e5-86e7-4ba237c836a2"",""0e4d4039-5409-5be7-a300-ded85e9c22d7"",""1c4afc6f-6679-57b7-ab6b-cec3053e85a1"",""76216ff6-0dab-5f43-913f-741c2deb7596"",""fe7c5fea-171a-5d3e-b93c-b9d53dca7c67"",""784c942d-b222-5013-a2e4-de4aa477a143"",""2f2d84f4-6f41-5df7-a828-cc0a3d9cdddf"",""c68f6332-f200-5595-940d-e5bcad78f1fe"",""54c3aba8-cb42-5023-9591-5cdd68bdd7c5"",""b9ac296e-4c6c-5cdc-9e03-14868c124af2"",""022ddff9-4332-5ba5-b884-42537f220a0c"",""0d262496-18e1-5973-84a6-84fbda64d0ff"",""447860c8-1d56-518b-88ad-7e103990b756"",""616ecfda-7163-5a8d-ba60-01f623d8b124"",""656bacfc-b102-5379-8db2-2f9f127621e0"",""88f2e658-6155-5924-bc85-63fe2aabb08a"",""9f032fb3-90ca-5749-aff5-1065077ac10e"",""4d2e4005-a84b-525b-a492-d367c5e405d0"",""12b20e20-e117-5c00-83bc-e589b92b730e"",""e97a5398-37b9-5e89-91a9-9b3ae48d9534"",""7a8f92c5-5f85-593a-bf90-08e13c60a2e6"",""aa66f5e3-ac0e-57d6-9b69-aa54ea7c4fb9"",""d07b7490-853e-562b-b662-305e89e7718d"",""596c0800-372d-5056-8a35-9f8661656bf4"",""d08816e6-d4d6-5f35-9de3-d86528fa7a96"",""2e126757-f17e-5ee2-93db-94d31ed944b2"",""5e1af4e2-330f-563f-b639-2d3cd8d276c8"",""49cd1889-2a56-5913-8723-929335f68874"",""82b898ba-3b6d-567f-8996-4f259b74547e"",""d38eb7d2-e78b-5c2f-93e4-2e34846e80e6"",""33effc64-dcfe-5ced-badf-c4df49f68dc1"",""a3a03b99-34c0-504b-b529-32b798db318a"",""8b3ec7b0-123f-5597-95f7-1fafc5810d01"",""035c5442-19b8-5a84-8a59-b352a9660279"",""d6d45010-72fa-5741-b733-88958a8795d2"",""ab8215e5-b753-5a6a-a4e7-ad9caf42eeac"",""1b20061c-b208-551a-b06c-81ffeff623fc"",""9b6d0913-2ae6-5dab-ab36-d05e1c51b208"",""a27c1fb2-edc1-57e6-9d74-adb5a13fed3b"",""4696448b-8c21-591b-80cc-7344ea0b95ec"",""c1d75a33-928c-5636-b99c-def1fb29e0f5"",""61eebfb6-2555-5bce-ba71-7a750427392a"",""aba074a1-d451-595d-bc12-e257adbe7383"",""1ca34094-ee4d-5962-a78a-174d361a9cd3"",""7edb0577-da07-5c6f-8391-bb90e9822165"",""d7c5d484-54dc-5d1e-a3ac-65d60267a12c"",""f416cc8b-3bc2-5c4c-a91c-c56faf748684""]","[""5e7ca7b0-af2e-457b-90de-63947e40cc8b"",""e5cf1b1d-190d-4b56-b925-7326c0a84e8a""]",,,M6-evaluator-v1,observed,oracle,"{""avatars"":[],""data"":{},""marker"":null,""region_count"":0}",text,SQL-R6-01-S02-RESULT,independent public-contract comparison,M6-ASSERTION-9b95b608-a95d-4364-818a-56332ad79c31,,,,,,,,,2026-10-07T20:58:20.128706Z,,"{""avatars"":[],""data"":{},""marker"":""NEGATIVE"",""region_count"":1}",,2d9849af-4973-4fd8-a822-d8a60e17e5f5,b7aae7b0-21ce-43a5-ad97-2e26af34b2d0,5e7ca7b0-af2e-457b-90de-63947e40cc8b,,2aa8d341-f577-4ce1-8338-26b58702c917,,,,R6,e5cf1b1d-190d-4b56-b925-7326c0a84e8a,,,,,,,1,failed,SQL-R6-01,,,,,,,c1d75a33-928c-5636-b99c-def1fb29e0f5,bb5b4ed5-341c-433b-8930-be6390dd5308,evidence observations; interpretation separate
M7-analysis-v5,e8255303f1e0cde7479952f03f3b344272c0261c44dbb56c3ba846d5849ccda2,T3,dbb63e68d4ed9e904fa985aa5b88d674205b6caab086a8d981ac8918a9c68fb5,"[""4afc763c-033e-501c-9c9c-453207d31e62"",""1fed9611-d0cc-51e5-86e7-4ba237c836a2"",""0e4d4039-5409-5be7-a300-ded85e9c22d7"",""1c4afc6f-6679-57b7-ab6b-cec3053e85a1"",""76216ff6-0dab-5f43-913f-741c2deb7596"",""fe7c5fea-171a-5d3e-b93c-b9d53dca7c67"",""784c942d-b222-5013-a2e4-de4aa477a143"",""2f2d84f4-6f41-5df7-a828-cc0a3d9cdddf"",""c68f6332-f200-5595-940d-e5bcad78f1fe"",""54c3aba8-cb42-5023-9591-5cdd68bdd7c5"",""b9ac296e-4c6c-5cdc-9e03-14868c124af2"",""022ddff9-4332-5ba5-b884-42537f220a0c"",""0d262496-18e1-5973-84a6-84fbda64d0ff"",""447860c8-1d56-518b-88ad-7e103990b756"",""616ecfda-7163-5a8d-ba60-01f623d8b124"",""656bacfc-b102-5379-8db2-2f9f127621e0"",""88f2e658-6155-5924-bc85-63fe2aabb08a"",""9f032fb3-90ca-5749-aff5-1065077ac10e"",""4d2e4005-a84b-525b-a492-d367c5e405d0"",""12b20e20-e117-5c00-83bc-e589b92b730e"",""e97a5398-37b9-5e89-91a9-9b3ae48d9534"",""7a8f92c5-5f85-593a-bf90-08e13c60a2e6"",""aa66f5e3-ac0e-57d6-9b69-aa54ea7c4fb9"",""d07b7490-853e-562b-b662-305e89e7718d"",""596c0800-372d-5056-8a35-9f8661656bf4"",""d08816e6-d4d6-5f35-9de3-d86528fa7a96"",""2e126757-f17e-5ee2-93db-94d31ed944b2"",""5e1af4e2-330f-563f-b639-2d3cd8d276c8"",""49cd1889-2a56-5913-8723-929335f68874"",""82b898ba-3b6d-567f-8996-4f259b74547e"",""d38eb7d2-e78b-5c2f-93e4-2e34846e80e6"",""33effc64-dcfe-5ced-badf-c4df49f68dc1"",""a3a03b99-34c0-504b-b529-32b798db318a"",""8b3ec7b0-123f-5597-95f7-1fafc5810d01"",""035c5442-19b8-5a84-8a59-b352a9660279"",""d6d45010-72fa-5741-b733-88958a8795d2"",""ab8215e5-b753-5a6a-a4e7-ad9caf42eeac"",""1b20061c-b208-551a-b06c-81ffeff623fc"",""9b6d0913-2ae6-5dab-ab36-d05e1c51b208"",""a27c1fb2-edc1-57e6-9d74-adb5a13fed3b"",""4696448b-8c21-591b-80cc-7344ea0b95ec"",""c1d75a33-928c-5636-b99c-def1fb29e0f5"",""61eebfb6-2555-5bce-ba71-7a750427392a"",""aba074a1-d451-595d-bc12-e257adbe7383"",""1ca34094-ee4d-5962-a78a-174d361a9cd3"",""7edb0577-da07-5c6f-8391-bb90e9822165"",""d7c5d484-54dc-5d1e-a3ac-65d60267a12c"",""f416cc8b-3bc2-5c4c-a91c-c56faf748684""]","[""c721622e-deb4-490f-a128-4878591c3602""]",,,,,,,,,,HUMAN-REVIEW-e933e327-058d-44b3-b657-73477162cda3,c721622e-deb4-490f-a128-4878591c3602,e8255303f1e0cde7479952f03f3b344272c0261c44dbb56c3ba846d5849ccda2,3d6f2318-81d1-423d-896a-c6d002a7e1f7,8c6cccdc-37a3-46ac-82a5-a22d1d69000f,f8edaecf-8020-4564-bbf4-42b31ddc5d7a,2d9849af-4973-4fd8-a822-d8a60e17e5f5,81de6e6f-7d67-40af-b2be-f629e89085ed,completed,2026-10-07T21:02:56.831006Z,T3,,app/Http/Controllers/Study/SqlInjectionController.php,,a0973342-571b-41d5-a14d-e01ea5175f6d,,12-45,,[],Noah Fiedler,06984787-cc0b-4123-b663-d33e8c3378a2,,,"Der Controller erstellt zwar eine Blade-Response für study.sqli, aber die Methode ist mit : View typisiert und gibt tatsächlich response()->view(...) zurück. Laravel dokumentiert hierfür einen Illuminate\Http\Response; dieser passt nicht zum deklarierten Illuminate\View\View. Dadurch tritt beim Rückgabewert ein TypeError auf, sodass Formular und Ergebnis nicht erfolgreich als HTTP-Antwort ausgeliefert werden. Die Blade-Datei enthält selbst Formular, Status und Ergebnisfelder.",2026-10-07T21:02:56.830995Z,human,2,972066a9-40db-412d-b51a-dd1bcb10681b,bb5b4ed5-341c-433b-8930-be6390dd5308,1,,,,Menschliche lokale Selbstauskunft,observed,binary,0,decimal,c1d75a33-928c-5636-b99c-def1fb29e0f5,bb5b4ed5-341c-433b-8930-be6390dd5308,evidence observations; interpretation separate
M7-analysis-v5,e9c20ce72fe0849f7459bebf76f7d1d014a5da86287e828a2d5d8f5ace310e1a,R2,dbb63e68d4ed9e904fa985aa5b88d674205b6caab086a8d981ac8918a9c68fb5,"[""4afc763c-033e-501c-9c9c-453207d31e62"",""1fed9611-d0cc-51e5-86e7-4ba237c836a2"",""0e4d4039-5409-5be7-a300-ded85e9c22d7"",""1c4afc6f-6679-57b7-ab6b-cec3053e85a1"",""76216ff6-0dab-5f43-913f-741c2deb7596"",""fe7c5fea-171a-5d3e-b93c-b9d53dca7c67"",""784c942d-b222-5013-a2e4-de4aa477a143"",""2f2d84f4-6f41-5df7-a828-cc0a3d9cdddf"",""c68f6332-f200-5595-940d-e5bcad78f1fe"",""54c3aba8-cb42-5023-9591-5cdd68bdd7c5"",""b9ac296e-4c6c-5cdc-9e03-14868c124af2"",""022ddff9-4332-5ba5-b884-42537f220a0c"",""0d262496-18e1-5973-84a6-84fbda64d0ff"",""447860c8-1d56-518b-88ad-7e103990b756"",""616ecfda-7163-5a8d-ba60-01f623d8b124"",""656bacfc-b102-5379-8db2-2f9f127621e0"",""88f2e658-6155-5924-bc85-63fe2aabb08a"",""9f032fb3-90ca-5749-aff5-1065077ac10e"",""4d2e4005-a84b-525b-a492-d367c5e405d0"",""12b20e20-e117-5c00-83bc-e589b92b730e"",""e97a5398-37b9-5e89-91a9-9b3ae48d9534"",""7a8f92c5-5f85-593a-bf90-08e13c60a2e6"",""aa66f5e3-ac0e-57d6-9b69-aa54ea7c4fb9"",""d07b7490-853e-562b-b662-305e89e7718d"",""596c0800-372d-5056-8a35-9f8661656bf4"",""d08816e6-d4d6-5f35-9de3-d86528fa7a96"",""2e126757-f17e-5ee2-93db-94d31ed944b2"",""5e1af4e2-330f-563f-b639-2d3cd8d276c8"",""49cd1889-2a56-5913-8723-929335f68874"",""82b898ba-3b6d-567f-8996-4f259b74547e"",""d38eb7d2-e78b-5c2f-93e4-2e34846e80e6"",""33effc64-dcfe-5ced-badf-c4df49f68dc1"",""a3a03b99-34c0-504b-b529-32b798db318a"",""8b3ec7b0-123f-5597-95f7-1fafc5810d01"",""035c5442-19b8-5a84-8a59-b352a9660279"",""d6d45010-72fa-5741-b733-88958a8795d2"",""ab8215e5-b753-5a6a-a4e7-ad9caf42eeac"",""1b20061c-b208-551a-b06c-81ffeff623fc"",""9b6d0913-2ae6-5dab-ab36-d05e1c51b208"",""a27c1fb2-edc1-57e6-9d74-adb5a13fed3b"",""4696448b-8c21-591b-80cc-7344ea0b95ec"",""c1d75a33-928c-5636-b99c-def1fb29e0f5"",""61eebfb6-2555-5bce-ba71-7a750427392a"",""aba074a1-d451-595d-bc12-e257adbe7383"",""1ca34094-ee4d-5962-a78a-174d361a9cd3"",""7edb0577-da07-5c6f-8391-bb90e9822165"",""d7c5d484-54dc-5d1e-a3ac-65d60267a12c"",""f416cc8b-3bc2-5c4c-a91c-c56faf748684""]","[""1362e980-31d3-4694-9226-12c19553a6f9"",""0e0588d5-7c21-4bf3-839f-a296929f5322""]",,,M6-evaluator-v1,observed,oracle,422,text,UP-R2-01-S01-HTTP,independent public-contract comparison,M6-ASSERTION-54cb2756-7ea3-43d0-b32e-c7a5f278ddbc,,,,,,,,,2026-10-07T20:10:03.421205Z,,200,,2d9849af-4973-4fd8-a822-d8a60e17e5f5,e4ad0166-2cf9-4604-81b4-d174cb09edfa,1362e980-31d3-4694-9226-12c19553a6f9,,6ab8c518-617b-4250-9602-10b240c6847e,,,,R2,0e0588d5-7c21-4bf3-839f-a296929f5322,,,,,,,1,failed,UP-R2-01,,,,,,,a27c1fb2-edc1-57e6-9d74-adb5a13fed3b,f421808e-bd73-46b2-9444-d7c6ebe0f163,evidence observations; interpretation separate
M7-analysis-v5,e9c20ce72fe0849f7459bebf76f7d1d014a5da86287e828a2d5d8f5ace310e1a,R2,dbb63e68d4ed9e904fa985aa5b88d674205b6caab086a8d981ac8918a9c68fb5,"[""4afc763c-033e-501c-9c9c-453207d31e62"",""1fed9611-d0cc-51e5-86e7-4ba237c836a2"",""0e4d4039-5409-5be7-a300-ded85e9c22d7"",""1c4afc6f-6679-57b7-ab6b-cec3053e85a1"",""76216ff6-0dab-5f43-913f-741c2deb7596"",""fe7c5fea-171a-5d3e-b93c-b9d53dca7c67"",""784c942d-b222-5013-a2e4-de4aa477a143"",""2f2d84f4-6f41-5df7-a828-cc0a3d9cdddf"",""c68f6332-f200-5595-940d-e5bcad78f1fe"",""54c3aba8-cb42-5023-9591-5cdd68bdd7c5"",""b9ac296e-4c6c-5cdc-9e03-14868c124af2"",""022ddff9-4332-5ba5-b884-42537f220a0c"",""0d262496-18e1-5973-84a6-84fbda64d0ff"",""447860c8-1d56-518b-88ad-7e103990b756"",""616ecfda-7163-5a8d-ba60-01f623d8b124"",""656bacfc-b102-5379-8db2-2f9f127621e0"",""88f2e658-6155-5924-bc85-63fe2aabb08a"",""9f032fb3-90ca-5749-aff5-1065077ac10e"",""4d2e4005-a84b-525b-a492-d367c5e405d0"",""12b20e20-e117-5c00-83bc-e589b92b730e"",""e97a5398-37b9-5e89-91a9-9b3ae48d9534"",""7a8f92c5-5f85-593a-bf90-08e13c60a2e6"",""aa66f5e3-ac0e-57d6-9b69-aa54ea7c4fb9"",""d07b7490-853e-562b-b662-305e89e7718d"",""596c0800-372d-5056-8a35-9f8661656bf4"",""d08816e6-d4d6-5f35-9de3-d86528fa7a96"",""2e126757-f17e-5ee2-93db-94d31ed944b2"",""5e1af4e2-330f-563f-b639-2d3cd8d276c8"",""49cd1889-2a56-5913-8723-929335f68874"",""82b898ba-3b6d-567f-8996-4f259b74547e"",""d38eb7d2-e78b-5c2f-93e4-2e34846e80e6"",""33effc64-dcfe-5ced-badf-c4df49f68dc1"",""a3a03b99-34c0-504b-b529-32b798db318a"",""8b3ec7b0-123f-5597-95f7-1fafc5810d01"",""035c5442-19b8-5a84-8a59-b352a9660279"",""d6d45010-72fa-5741-b733-88958a8795d2"",""ab8215e5-b753-5a6a-a4e7-ad9caf42eeac"",""1b20061c-b208-551a-b06c-81ffeff623fc"",""9b6d0913-2ae6-5dab-ab36-d05e1c51b208"",""a27c1fb2-edc1-57e6-9d74-adb5a13fed3b"",""4696448b-8c21-591b-80cc-7344ea0b95ec"",""c1d75a33-928c-5636-b99c-def1fb29e0f5"",""61eebfb6-2555-5bce-ba71-7a750427392a"",""aba074a1-d451-595d-bc12-e257adbe7383"",""1ca34094-ee4d-5962-a78a-174d361a9cd3"",""7edb0577-da07-5c6f-8391-bb90e9822165"",""d7c5d484-54dc-5d1e-a3ac-65d60267a12c"",""f416cc8b-3bc2-5c4c-a91c-c56faf748684""]","[""1362e980-31d3-4694-9226-12c19553a6f9"",""0e0588d5-7c21-4bf3-839f-a296929f5322""]",,,M6-evaluator-v1,observed,oracle,"{""avatars"":[],""data"":{},""marker"":""INPUT_ERROR"",""region_count"":1}",text,UP-R2-01-S01-RESULT,independent public-contract comparison,M6-ASSERTION-5224b1cc-223d-4f96-bfb9-dafc547dc860,,,,,,,,,2026-10-07T20:10:03.421634Z,,"{""avatars"":[],""data"":{""path"":""study/uploads/amber.png""},""marker"":""SUCCESS"",""region_count"":1}",,2d9849af-4973-4fd8-a822-d8a60e17e5f5,750fe581-84f2-4c82-aefc-93930f6f76be,1362e980-31d3-4694-9226-12c19553a6f9,,6ab8c518-617b-4250-9602-10b240c6847e,,,,R2,0e0588d5-7c21-4bf3-839f-a296929f5322,,,,,,,1,failed,UP-R2-01,,,,,,,a27c1fb2-edc1-57e6-9d74-adb5a13fed3b,f421808e-bd73-46b2-9444-d7c6ebe0f163,evidence observations; interpretation separate
M7-analysis-v5,e9c20ce72fe0849f7459bebf76f7d1d014a5da86287e828a2d5d8f5ace310e1a,R2,dbb63e68d4ed9e904fa985aa5b88d674205b6caab086a8d981ac8918a9c68fb5,"[""4afc763c-033e-501c-9c9c-453207d31e62"",""1fed9611-d0cc-51e5-86e7-4ba237c836a2"",""0e4d4039-5409-5be7-a300-ded85e9c22d7"",""1c4afc6f-6679-57b7-ab6b-cec3053e85a1"",""76216ff6-0dab-5f43-913f-741c2deb7596"",""fe7c5fea-171a-5d3e-b93c-b9d53dca7c67"",""784c942d-b222-5013-a2e4-de4aa477a143"",""2f2d84f4-6f41-5df7-a828-cc0a3d9cdddf"",""c68f6332-f200-5595-940d-e5bcad78f1fe"",""54c3aba8-cb42-5023-9591-5cdd68bdd7c5"",""b9ac296e-4c6c-5cdc-9e03-14868c124af2"",""022ddff9-4332-5ba5-b884-42537f220a0c"",""0d262496-18e1-5973-84a6-84fbda64d0ff"",""447860c8-1d56-518b-88ad-7e103990b756"",""616ecfda-7163-5a8d-ba60-01f623d8b124"",""656bacfc-b102-5379-8db2-2f9f127621e0"",""88f2e658-6155-5924-bc85-63fe2aabb08a"",""9f032fb3-90ca-5749-aff5-1065077ac10e"",""4d2e4005-a84b-525b-a492-d367c5e405d0"",""12b20e20-e117-5c00-83bc-e589b92b730e"",""e97a5398-37b9-5e89-91a9-9b3ae48d9534"",""7a8f92c5-5f85-593a-bf90-08e13c60a2e6"",""aa66f5e3-ac0e-57d6-9b69-aa54ea7c4fb9"",""d07b7490-853e-562b-b662-305e89e7718d"",""596c0800-372d-5056-8a35-9f8661656bf4"",""d08816e6-d4d6-5f35-9de3-d86528fa7a96"",""2e126757-f17e-5ee2-93db-94d31ed944b2"",""5e1af4e2-330f-563f-b639-2d3cd8d276c8"",""49cd1889-2a56-5913-8723-929335f68874"",""82b898ba-3b6d-567f-8996-4f259b74547e"",""d38eb7d2-e78b-5c2f-93e4-2e34846e80e6"",""33effc64-dcfe-5ced-badf-c4df49f68dc1"",""a3a03b99-34c0-504b-b529-32b798db318a"",""8b3ec7b0-123f-5597-95f7-1fafc5810d01"",""035c5442-19b8-5a84-8a59-b352a9660279"",""d6d45010-72fa-5741-b733-88958a8795d2"",""ab8215e5-b753-5a6a-a4e7-ad9caf42eeac"",""1b20061c-b208-551a-b06c-81ffeff623fc"",""9b6d0913-2ae6-5dab-ab36-d05e1c51b208"",""a27c1fb2-edc1-57e6-9d74-adb5a13fed3b"",""4696448b-8c21-591b-80cc-7344ea0b95ec"",""c1d75a33-928c-5636-b99c-def1fb29e0f5"",""61eebfb6-2555-5bce-ba71-7a750427392a"",""aba074a1-d451-595d-bc12-e257adbe7383"",""1ca34094-ee4d-5962-a78a-174d361a9cd3"",""7edb0577-da07-5c6f-8391-bb90e9822165"",""d7c5d484-54dc-5d1e-a3ac-65d60267a12c"",""f416cc8b-3bc2-5c4c-a91c-c56faf748684""]","[""1362e980-31d3-4694-9226-12c19553a6f9"",""0e0588d5-7c21-4bf3-839f-a296929f5322""]",,,M6-evaluator-v1,observed,oracle,"{""sentinel.txt"":{""sha256"":""cc809b73990c3ed04b989c020da6c36cfbefaff047c338817e10d2d086d9ec29"",""size"":28}}",text,UP-R2-01-S01-FILES,independent public-contract comparison,M6-ASSERTION-20e48802-10ac-49cb-81f3-e8585f8629a0,,,,,,,,,2026-10-07T20:10:03.422497Z,,"{""amber.png"":{""sha256"":""5152b4f262397512ec8d1d6f076c509a6052674e3814a0c78fb7bf368b4d5b62"",""size"":73},""sentinel.txt"":{""sha256"":""cc809b73990c3ed04b989c020da6c36cfbefaff047c338817e10d2d086d9ec29"",""size"":28}}",,2d9849af-4973-4fd8-a822-d8a60e17e5f5,efd196ed-a417-4ef8-bbd8-1bd87f4daf98,1362e980-31d3-4694-9226-12c19553a6f9,,6ab8c518-617b-4250-9602-10b240c6847e,,,,R2,0e0588d5-7c21-4bf3-839f-a296929f5322,,,,,,,1,failed,UP-R2-01,,,,,,,a27c1fb2-edc1-57e6-9d74-adb5a13fed3b,f421808e-bd73-46b2-9444-d7c6ebe0f163,evidence observations; interpretation separate
M7-analysis-v5,e9c20ce72fe0849f7459bebf76f7d1d014a5da86287e828a2d5d8f5ace310e1a,R2,dbb63e68d4ed9e904fa985aa5b88d674205b6caab086a8d981ac8918a9c68fb5,"[""4afc763c-033e-501c-9c9c-453207d31e62"",""1fed9611-d0cc-51e5-86e7-4ba237c836a2"",""0e4d4039-5409-5be7-a300-ded85e9c22d7"",""1c4afc6f-6679-57b7-ab6b-cec3053e85a1"",""76216ff6-0dab-5f43-913f-741c2deb7596"",""fe7c5fea-171a-5d3e-b93c-b9d53dca7c67"",""784c942d-b222-5013-a2e4-de4aa477a143"",""2f2d84f4-6f41-5df7-a828-cc0a3d9cdddf"",""c68f6332-f200-5595-940d-e5bcad78f1fe"",""54c3aba8-cb42-5023-9591-5cdd68bdd7c5"",""b9ac296e-4c6c-5cdc-9e03-14868c124af2"",""022ddff9-4332-5ba5-b884-42537f220a0c"",""0d262496-18e1-5973-84a6-84fbda64d0ff"",""447860c8-1d56-518b-88ad-7e103990b756"",""616ecfda-7163-5a8d-ba60-01f623d8b124"",""656bacfc-b102-5379-8db2-2f9f127621e0"",""88f2e658-6155-5924-bc85-63fe2aabb08a"",""9f032fb3-90ca-5749-aff5-1065077ac10e"",""4d2e4005-a84b-525b-a492-d367c5e405d0"",""12b20e20-e117-5c00-83bc-e589b92b730e"",""e97a5398-37b9-5e89-91a9-9b3ae48d9534"",""7a8f92c5-5f85-593a-bf90-08e13c60a2e6"",""aa66f5e3-ac0e-57d6-9b69-aa54ea7c4fb9"",""d07b7490-853e-562b-b662-305e89e7718d"",""596c0800-372d-5056-8a35-9f8661656bf4"",""d08816e6-d4d6-5f35-9de3-d86528fa7a96"",""2e126757-f17e-5ee2-93db-94d31ed944b2"",""5e1af4e2-330f-563f-b639-2d3cd8d276c8"",""49cd1889-2a56-5913-8723-929335f68874"",""82b898ba-3b6d-567f-8996-4f259b74547e"",""d38eb7d2-e78b-5c2f-93e4-2e34846e80e6"",""33effc64-dcfe-5ced-badf-c4df49f68dc1"",""a3a03b99-34c0-504b-b529-32b798db318a"",""8b3ec7b0-123f-5597-95f7-1fafc5810d01"",""035c5442-19b8-5a84-8a59-b352a9660279"",""d6d45010-72fa-5741-b733-88958a8795d2"",""ab8215e5-b753-5a6a-a4e7-ad9caf42eeac"",""1b20061c-b208-551a-b06c-81ffeff623fc"",""9b6d0913-2ae6-5dab-ab36-d05e1c51b208"",""a27c1fb2-edc1-57e6-9d74-adb5a13fed3b"",""4696448b-8c21-591b-80cc-7344ea0b95ec"",""c1d75a33-928c-5636-b99c-def1fb29e0f5"",""61eebfb6-2555-5bce-ba71-7a750427392a"",""aba074a1-d451-595d-bc12-e257adbe7383"",""1ca34094-ee4d-5962-a78a-174d361a9cd3"",""7edb0577-da07-5c6f-8391-bb90e9822165"",""d7c5d484-54dc-5d1e-a3ac-65d60267a12c"",""f416cc8b-3bc2-5c4c-a91c-c56faf748684""]","[""27c46a36-5463-433a-bc20-44c65fd0de8e"",""d98f6503-1464-46d7-ac7e-6fe4ae4fd3f9""]",,,M6-evaluator-v1,observed,oracle,422,text,UP-R2-02-S01-HTTP,independent public-contract comparison,M6-ASSERTION-aa8e14d3-1c29-42d8-984f-baf7232fbf51,,,,,,,,,2026-10-07T20:10:03.422917Z,,200,,2d9849af-4973-4fd8-a822-d8a60e17e5f5,86ff14cb-9f63-4be3-a1ff-0eac825f6c7f,27c46a36-5463-433a-bc20-44c65fd0de8e,,6ab8c518-617b-4250-9602-10b240c6847e,,,,R2,d98f6503-1464-46d7-ac7e-6fe4ae4fd3f9,,,,,,,1,failed,UP-R2-02,,,,,,,a27c1fb2-edc1-57e6-9d74-adb5a13fed3b,f421808e-bd73-46b2-9444-d7c6ebe0f163,evidence observations; interpretation separate
M7-analysis-v5,e9c20ce72fe0849f7459bebf76f7d1d014a5da86287e828a2d5d8f5ace310e1a,R2,dbb63e68d4ed9e904fa985aa5b88d674205b6caab086a8d981ac8918a9c68fb5,"[""4afc763c-033e-501c-9c9c-453207d31e62"",""1fed9611-d0cc-51e5-86e7-4ba237c836a2"",""0e4d4039-5409-5be7-a300-ded85e9c22d7"",""1c4afc6f-6679-57b7-ab6b-cec3053e85a1"",""76216ff6-0dab-5f43-913f-741c2deb7596"",""fe7c5fea-171a-5d3e-b93c-b9d53dca7c67"",""784c942d-b222-5013-a2e4-de4aa477a143"",""2f2d84f4-6f41-5df7-a828-cc0a3d9cdddf"",""c68f6332-f200-5595-940d-e5bcad78f1fe"",""54c3aba8-cb42-5023-9591-5cdd68bdd7c5"",""b9ac296e-4c6c-5cdc-9e03-14868c124af2"",""022ddff9-4332-5ba5-b884-42537f220a0c"",""0d262496-18e1-5973-84a6-84fbda64d0ff"",""447860c8-1d56-518b-88ad-7e103990b756"",""616ecfda-7163-5a8d-ba60-01f623d8b124"",""656bacfc-b102-5379-8db2-2f9f127621e0"",""88f2e658-6155-5924-bc85-63fe2aabb08a"",""9f032fb3-90ca-5749-aff5-1065077ac10e"",""4d2e4005-a84b-525b-a492-d367c5e405d0"",""12b20e20-e117-5c00-83bc-e589b92b730e"",""e97a5398-37b9-5e89-91a9-9b3ae48d9534"",""7a8f92c5-5f85-593a-bf90-08e13c60a2e6"",""aa66f5e3-ac0e-57d6-9b69-aa54ea7c4fb9"",""d07b7490-853e-562b-b662-305e89e7718d"",""596c0800-372d-5056-8a35-9f8661656bf4"",""d08816e6-d4d6-5f35-9de3-d86528fa7a96"",""2e126757-f17e-5ee2-93db-94d31ed944b2"",""5e1af4e2-330f-563f-b639-2d3cd8d276c8"",""49cd1889-2a56-5913-8723-929335f68874"",""82b898ba-3b6d-567f-8996-4f259b74547e"",""d38eb7d2-e78b-5c2f-93e4-2e34846e80e6"",""33effc64-dcfe-5ced-badf-c4df49f68dc1"",""a3a03b99-34c0-504b-b529-32b798db318a"",""8b3ec7b0-123f-5597-95f7-1fafc5810d01"",""035c5442-19b8-5a84-8a59-b352a9660279"",""d6d45010-72fa-5741-b733-88958a8795d2"",""ab8215e5-b753-5a6a-a4e7-ad9caf42eeac"",""1b20061c-b208-551a-b06c-81ffeff623fc"",""9b6d0913-2ae6-5dab-ab36-d05e1c51b208"",""a27c1fb2-edc1-57e6-9d74-adb5a13fed3b"",""4696448b-8c21-591b-80cc-7344ea0b95ec"",""c1d75a33-928c-5636-b99c-def1fb29e0f5"",""61eebfb6-2555-5bce-ba71-7a750427392a"",""aba074a1-d451-595d-bc12-e257adbe7383"",""1ca34094-ee4d-5962-a78a-174d361a9cd3"",""7edb0577-da07-5c6f-8391-bb90e9822165"",""d7c5d484-54dc-5d1e-a3ac-65d60267a12c"",""f416cc8b-3bc2-5c4c-a91c-c56faf748684""]","[""27c46a36-5463-433a-bc20-44c65fd0de8e"",""d98f6503-1464-46d7-ac7e-6fe4ae4fd3f9""]",,,M6-evaluator-v1,observed,oracle,"{""avatars"":[],""data"":{},""marker"":""INPUT_ERROR"",""region_count"":1}",text,UP-R2-02-S01-RESULT,independent public-contract comparison,M6-ASSERTION-cc5be74b-e252-4ae9-a5a3-c4bc156997ff,,,,,,,,,2026-10-07T20:10:03.423410Z,,"{""avatars"":[],""data"":{""path"":""study/uploads/blue.jpg""},""marker"":""SUCCESS"",""region_count"":1}",,2d9849af-4973-4fd8-a822-d8a60e17e5f5,6d7154b7-d51d-4afd-8376-77f8f485da30,27c46a36-5463-433a-bc20-44c65fd0de8e,,6ab8c518-617b-4250-9602-10b240c6847e,,,,R2,d98f6503-1464-46d7-ac7e-6fe4ae4fd3f9,,,,,,,1,failed,UP-R2-02,,,,,,,a27c1fb2-edc1-57e6-9d74-adb5a13fed3b,f421808e-bd73-46b2-9444-d7c6ebe0f163,evidence observations; interpretation separate
M7-analysis-v5,e9c20ce72fe0849f7459bebf76f7d1d014a5da86287e828a2d5d8f5ace310e1a,R2,dbb63e68d4ed9e904fa985aa5b88d674205b6caab086a8d981ac8918a9c68fb5,"[""4afc763c-033e-501c-9c9c-453207d31e62"",""1fed9611-d0cc-51e5-86e7-4ba237c836a2"",""0e4d4039-5409-5be7-a300-ded85e9c22d7"",""1c4afc6f-6679-57b7-ab6b-cec3053e85a1"",""76216ff6-0dab-5f43-913f-741c2deb7596"",""fe7c5fea-171a-5d3e-b93c-b9d53dca7c67"",""784c942d-b222-5013-a2e4-de4aa477a143"",""2f2d84f4-6f41-5df7-a828-cc0a3d9cdddf"",""c68f6332-f200-5595-940d-e5bcad78f1fe"",""54c3aba8-cb42-5023-9591-5cdd68bdd7c5"",""b9ac296e-4c6c-5cdc-9e03-14868c124af2"",""022ddff9-4332-5ba5-b884-42537f220a0c"",""0d262496-18e1-5973-84a6-84fbda64d0ff"",""447860c8-1d56-518b-88ad-7e103990b756"",""616ecfda-7163-5a8d-ba60-01f623d8b124"",""656bacfc-b102-5379-8db2-2f9f127621e0"",""88f2e658-6155-5924-bc85-63fe2aabb08a"",""9f032fb3-90ca-5749-aff5-1065077ac10e"",""4d2e4005-a84b-525b-a492-d367c5e405d0"",""12b20e20-e117-5c00-83bc-e589b92b730e"",""e97a5398-37b9-5e89-91a9-9b3ae48d9534"",""7a8f92c5-5f85-593a-bf90-08e13c60a2e6"",""aa66f5e3-ac0e-57d6-9b69-aa54ea7c4fb9"",""d07b7490-853e-562b-b662-305e89e7718d"",""596c0800-372d-5056-8a35-9f8661656bf4"",""d08816e6-d4d6-5f35-9de3-d86528fa7a96"",""2e126757-f17e-5ee2-93db-94d31ed944b2"",""5e1af4e2-330f-563f-b639-2d3cd8d276c8"",""49cd1889-2a56-5913-8723-929335f68874"",""82b898ba-3b6d-567f-8996-4f259b74547e"",""d38eb7d2-e78b-5c2f-93e4-2e34846e80e6"",""33effc64-dcfe-5ced-badf-c4df49f68dc1"",""a3a03b99-34c0-504b-b529-32b798db318a"",""8b3ec7b0-123f-5597-95f7-1fafc5810d01"",""035c5442-19b8-5a84-8a59-b352a9660279"",""d6d45010-72fa-5741-b733-88958a8795d2"",""ab8215e5-b753-5a6a-a4e7-ad9caf42eeac"",""1b20061c-b208-551a-b06c-81ffeff623fc"",""9b6d0913-2ae6-5dab-ab36-d05e1c51b208"",""a27c1fb2-edc1-57e6-9d74-adb5a13fed3b"",""4696448b-8c21-591b-80cc-7344ea0b95ec"",""c1d75a33-928c-5636-b99c-def1fb29e0f5"",""61eebfb6-2555-5bce-ba71-7a750427392a"",""aba074a1-d451-595d-bc12-e257adbe7383"",""1ca34094-ee4d-5962-a78a-174d361a9cd3"",""7edb0577-da07-5c6f-8391-bb90e9822165"",""d7c5d484-54dc-5d1e-a3ac-65d60267a12c"",""f416cc8b-3bc2-5c4c-a91c-c56faf748684""]","[""27c46a36-5463-433a-bc20-44c65fd0de8e"",""d98f6503-1464-46d7-ac7e-6fe4ae4fd3f9""]",,,M6-evaluator-v1,observed,oracle,"{""sentinel.txt"":{""sha256"":""cc809b73990c3ed04b989c020da6c36cfbefaff047c338817e10d2d086d9ec29"",""size"":28}}",text,UP-R2-02-S01-FILES,independent public-contract comparison,M6-ASSERTION-e1298770-de4b-41e6-a377-3beabb5d692f,,,,,,,,,2026-10-07T20:10:03.424383Z,,"{""blue.jpg"":{""sha256"":""bfd0fb4d7039a1716a766f83be930226c9d8649aa4deeb926013cbe24dd53888"",""size"":777},""sentinel.txt"":{""sha256"":""cc809b73990c3ed04b989c020da6c36cfbefaff047c338817e10d2d086d9ec29"",""size"":28}}",,2d9849af-4973-4fd8-a822-d8a60e17e5f5,04d23f99-20c2-4a26-9a1e-417953467371,27c46a36-5463-433a-bc20-44c65fd0de8e,,6ab8c518-617b-4250-9602-10b240c6847e,,,,R2,d98f6503-1464-46d7-ac7e-6fe4ae4fd3f9,,,,,,,1,failed,UP-R2-02,,,,,,,a27c1fb2-edc1-57e6-9d74-adb5a13fed3b,f421808e-bd73-46b2-9444-d7c6ebe0f163,evidence observations; interpretation separate
M7-analysis-v5,e9c20ce72fe0849f7459bebf76f7d1d014a5da86287e828a2d5d8f5ace310e1a,R3,dbb63e68d4ed9e904fa985aa5b88d674205b6caab086a8d981ac8918a9c68fb5,"[""4afc763c-033e-501c-9c9c-453207d31e62"",""1fed9611-d0cc-51e5-86e7-4ba237c836a2"",""0e4d4039-5409-5be7-a300-ded85e9c22d7"",""1c4afc6f-6679-57b7-ab6b-cec3053e85a1"",""76216ff6-0dab-5f43-913f-741c2deb7596"",""fe7c5fea-171a-5d3e-b93c-b9d53dca7c67"",""784c942d-b222-5013-a2e4-de4aa477a143"",""2f2d84f4-6f41-5df7-a828-cc0a3d9cdddf"",""c68f6332-f200-5595-940d-e5bcad78f1fe"",""54c3aba8-cb42-5023-9591-5cdd68bdd7c5"",""b9ac296e-4c6c-5cdc-9e03-14868c124af2"",""022ddff9-4332-5ba5-b884-42537f220a0c"",""0d262496-18e1-5973-84a6-84fbda64d0ff"",""447860c8-1d56-518b-88ad-7e103990b756"",""616ecfda-7163-5a8d-ba60-01f623d8b124"",""656bacfc-b102-5379-8db2-2f9f127621e0"",""88f2e658-6155-5924-bc85-63fe2aabb08a"",""9f032fb3-90ca-5749-aff5-1065077ac10e"",""4d2e4005-a84b-525b-a492-d367c5e405d0"",""12b20e20-e117-5c00-83bc-e589b92b730e"",""e97a5398-37b9-5e89-91a9-9b3ae48d9534"",""7a8f92c5-5f85-593a-bf90-08e13c60a2e6"",""aa66f5e3-ac0e-57d6-9b69-aa54ea7c4fb9"",""d07b7490-853e-562b-b662-305e89e7718d"",""596c0800-372d-5056-8a35-9f8661656bf4"",""d08816e6-d4d6-5f35-9de3-d86528fa7a96"",""2e126757-f17e-5ee2-93db-94d31ed944b2"",""5e1af4e2-330f-563f-b639-2d3cd8d276c8"",""49cd1889-2a56-5913-8723-929335f68874"",""82b898ba-3b6d-567f-8996-4f259b74547e"",""d38eb7d2-e78b-5c2f-93e4-2e34846e80e6"",""33effc64-dcfe-5ced-badf-c4df49f68dc1"",""a3a03b99-34c0-504b-b529-32b798db318a"",""8b3ec7b0-123f-5597-95f7-1fafc5810d01"",""035c5442-19b8-5a84-8a59-b352a9660279"",""d6d45010-72fa-5741-b733-88958a8795d2"",""ab8215e5-b753-5a6a-a4e7-ad9caf42eeac"",""1b20061c-b208-551a-b06c-81ffeff623fc"",""9b6d0913-2ae6-5dab-ab36-d05e1c51b208"",""a27c1fb2-edc1-57e6-9d74-adb5a13fed3b"",""4696448b-8c21-591b-80cc-7344ea0b95ec"",""c1d75a33-928c-5636-b99c-def1fb29e0f5"",""61eebfb6-2555-5bce-ba71-7a750427392a"",""aba074a1-d451-595d-bc12-e257adbe7383"",""1ca34094-ee4d-5962-a78a-174d361a9cd3"",""7edb0577-da07-5c6f-8391-bb90e9822165"",""d7c5d484-54dc-5d1e-a3ac-65d60267a12c"",""f416cc8b-3bc2-5c4c-a91c-c56faf748684""]","[""8935074c-e93e-4ac0-ae93-9702cb5cfa3d"",""7d629e10-4baf-44fa-b6c6-7bd4a02ddbb0""]",,,M6-evaluator-v1,observed,oracle,422,text,UP-R3-01-S01-HTTP,independent public-contract comparison,M6-ASSERTION-c2dfb734-8e2c-4f42-a0fd-75ca4799d855,,,,,,,,,2026-10-07T20:10:03.424801Z,,500,,2d9849af-4973-4fd8-a822-d8a60e17e5f5,bcb5c050-2625-4741-bf53-f4adc0c3ea58,8935074c-e93e-4ac0-ae93-9702cb5cfa3d,,6ab8c518-617b-4250-9602-10b240c6847e,,,,R3,7d629e10-4baf-44fa-b6c6-7bd4a02ddbb0,,,,,,,1,failed,UP-R3-01,,,,,,,a27c1fb2-edc1-57e6-9d74-adb5a13fed3b,f421808e-bd73-46b2-9444-d7c6ebe0f163,evidence observations; interpretation separate
M7-analysis-v5,e9c20ce72fe0849f7459bebf76f7d1d014a5da86287e828a2d5d8f5ace310e1a,R3,dbb63e68d4ed9e904fa985aa5b88d674205b6caab086a8d981ac8918a9c68fb5,"[""4afc763c-033e-501c-9c9c-453207d31e62"",""1fed9611-d0cc-51e5-86e7-4ba237c836a2"",""0e4d4039-5409-5be7-a300-ded85e9c22d7"",""1c4afc6f-6679-57b7-ab6b-cec3053e85a1"",""76216ff6-0dab-5f43-913f-741c2deb7596"",""fe7c5fea-171a-5d3e-b93c-b9d53dca7c67"",""784c942d-b222-5013-a2e4-de4aa477a143"",""2f2d84f4-6f41-5df7-a828-cc0a3d9cdddf"",""c68f6332-f200-5595-940d-e5bcad78f1fe"",""54c3aba8-cb42-5023-9591-5cdd68bdd7c5"",""b9ac296e-4c6c-5cdc-9e03-14868c124af2"",""022ddff9-4332-5ba5-b884-42537f220a0c"",""0d262496-18e1-5973-84a6-84fbda64d0ff"",""447860c8-1d56-518b-88ad-7e103990b756"",""616ecfda-7163-5a8d-ba60-01f623d8b124"",""656bacfc-b102-5379-8db2-2f9f127621e0"",""88f2e658-6155-5924-bc85-63fe2aabb08a"",""9f032fb3-90ca-5749-aff5-1065077ac10e"",""4d2e4005-a84b-525b-a492-d367c5e405d0"",""12b20e20-e117-5c00-83bc-e589b92b730e"",""e97a5398-37b9-5e89-91a9-9b3ae48d9534"",""7a8f92c5-5f85-593a-bf90-08e13c60a2e6"",""aa66f5e3-ac0e-57d6-9b69-aa54ea7c4fb9"",""d07b7490-853e-562b-b662-305e89e7718d"",""596c0800-372d-5056-8a35-9f8661656bf4"",""d08816e6-d4d6-5f35-9de3-d86528fa7a96"",""2e126757-f17e-5ee2-93db-94d31ed944b2"",""5e1af4e2-330f-563f-b639-2d3cd8d276c8"",""49cd1889-2a56-5913-8723-929335f68874"",""82b898ba-3b6d-567f-8996-4f259b74547e"",""d38eb7d2-e78b-5c2f-93e4-2e34846e80e6"",""33effc64-dcfe-5ced-badf-c4df49f68dc1"",""a3a03b99-34c0-504b-b529-32b798db318a"",""8b3ec7b0-123f-5597-95f7-1fafc5810d01"",""035c5442-19b8-5a84-8a59-b352a9660279"",""d6d45010-72fa-5741-b733-88958a8795d2"",""ab8215e5-b753-5a6a-a4e7-ad9caf42eeac"",""1b20061c-b208-551a-b06c-81ffeff623fc"",""9b6d0913-2ae6-5dab-ab36-d05e1c51b208"",""a27c1fb2-edc1-57e6-9d74-adb5a13fed3b"",""4696448b-8c21-591b-80cc-7344ea0b95ec"",""c1d75a33-928c-5636-b99c-def1fb29e0f5"",""61eebfb6-2555-5bce-ba71-7a750427392a"",""aba074a1-d451-595d-bc12-e257adbe7383"",""1ca34094-ee4d-5962-a78a-174d361a9cd3"",""7edb0577-da07-5c6f-8391-bb90e9822165"",""d7c5d484-54dc-5d1e-a3ac-65d60267a12c"",""f416cc8b-3bc2-5c4c-a91c-c56faf748684""]","[""8935074c-e93e-4ac0-ae93-9702cb5cfa3d"",""7d629e10-4baf-44fa-b6c6-7bd4a02ddbb0""]",,,M6-evaluator-v1,observed,oracle,"{""avatars"":[],""data"":{},""marker"":""INPUT_ERROR"",""region_count"":1}",text,UP-R3-01-S01-RESULT,independent public-contract comparison,M6-ASSERTION-05143d07-674e-4b7f-9dd6-2efb37e674a0,,,,,,,,,2026-10-07T20:10:03.425187Z,,"{""avatars"":[],""data"":{},""marker"":""UPLOAD_ERROR"",""region_count"":1}",,2d9849af-4973-4fd8-a822-d8a60e17e5f5,3d4eaec7-fcaa-4e43-b378-9537f34739ce,8935074c-e93e-4ac0-ae93-9702cb5cfa3d,,6ab8c518-617b-4250-9602-10b240c6847e,,,,R3,7d629e10-4baf-44fa-b6c6-7bd4a02ddbb0,,,,,,,1,failed,UP-R3-01,,,,,,,a27c1fb2-edc1-57e6-9d74-adb5a13fed3b,f421808e-bd73-46b2-9444-d7c6ebe0f163,evidence observations; interpretation separate
M7-analysis-v5,e9c20ce72fe0849f7459bebf76f7d1d014a5da86287e828a2d5d8f5ace310e1a,R5,dbb63e68d4ed9e904fa985aa5b88d674205b6caab086a8d981ac8918a9c68fb5,"[""4afc763c-033e-501c-9c9c-453207d31e62"",""1fed9611-d0cc-51e5-86e7-4ba237c836a2"",""0e4d4039-5409-5be7-a300-ded85e9c22d7"",""1c4afc6f-6679-57b7-ab6b-cec3053e85a1"",""76216ff6-0dab-5f43-913f-741c2deb7596"",""fe7c5fea-171a-5d3e-b93c-b9d53dca7c67"",""784c942d-b222-5013-a2e4-de4aa477a143"",""2f2d84f4-6f41-5df7-a828-cc0a3d9cdddf"",""c68f6332-f200-5595-940d-e5bcad78f1fe"",""54c3aba8-cb42-5023-9591-5cdd68bdd7c5"",""b9ac296e-4c6c-5cdc-9e03-14868c124af2"",""022ddff9-4332-5ba5-b884-42537f220a0c"",""0d262496-18e1-5973-84a6-84fbda64d0ff"",""447860c8-1d56-518b-88ad-7e103990b756"",""616ecfda-7163-5a8d-ba60-01f623d8b124"",""656bacfc-b102-5379-8db2-2f9f127621e0"",""88f2e658-6155-5924-bc85-63fe2aabb08a"",""9f032fb3-90ca-5749-aff5-1065077ac10e"",""4d2e4005-a84b-525b-a492-d367c5e405d0"",""12b20e20-e117-5c00-83bc-e589b92b730e"",""e97a5398-37b9-5e89-91a9-9b3ae48d9534"",""7a8f92c5-5f85-593a-bf90-08e13c60a2e6"",""aa66f5e3-ac0e-57d6-9b69-aa54ea7c4fb9"",""d07b7490-853e-562b-b662-305e89e7718d"",""596c0800-372d-5056-8a35-9f8661656bf4"",""d08816e6-d4d6-5f35-9de3-d86528fa7a96"",""2e126757-f17e-5ee2-93db-94d31ed944b2"",""5e1af4e2-330f-563f-b639-2d3cd8d276c8"",""49cd1889-2a56-5913-8723-929335f68874"",""82b898ba-3b6d-567f-8996-4f259b74547e"",""d38eb7d2-e78b-5c2f-93e4-2e34846e80e6"",""33effc64-dcfe-5ced-badf-c4df49f68dc1"",""a3a03b99-34c0-504b-b529-32b798db318a"",""8b3ec7b0-123f-5597-95f7-1fafc5810d01"",""035c5442-19b8-5a84-8a59-b352a9660279"",""d6d45010-72fa-5741-b733-88958a8795d2"",""ab8215e5-b753-5a6a-a4e7-ad9caf42eeac"",""1b20061c-b208-551a-b06c-81ffeff623fc"",""9b6d0913-2ae6-5dab-ab36-d05e1c51b208"",""a27c1fb2-edc1-57e6-9d74-adb5a13fed3b"",""4696448b-8c21-591b-80cc-7344ea0b95ec"",""c1d75a33-928c-5636-b99c-def1fb29e0f5"",""61eebfb6-2555-5bce-ba71-7a750427392a"",""aba074a1-d451-595d-bc12-e257adbe7383"",""1ca34094-ee4d-5962-a78a-174d361a9cd3"",""7edb0577-da07-5c6f-8391-bb90e9822165"",""d7c5d484-54dc-5d1e-a3ac-65d60267a12c"",""f416cc8b-3bc2-5c4c-a91c-c56faf748684""]","[""41360019-7dfc-461a-8708-aa69c9044dbd"",""05a87a67-9691-44e7-82dc-7bfdfdf2c938""]",,,M6-evaluator-v1,observed,oracle,422,text,UP-R5-02-S01-HTTP,independent public-contract comparison,M6-ASSERTION-3964d3b4-b165-4d88-996b-04665aae9f49,,,,,,,,,2026-10-07T20:10:03.431996Z,,200,,2d9849af-4973-4fd8-a822-d8a60e17e5f5,9d3a96ad-f335-4d05-a9ae-af137fcfb934,41360019-7dfc-461a-8708-aa69c9044dbd,,6ab8c518-617b-4250-9602-10b240c6847e,,,,R5,05a87a67-9691-44e7-82dc-7bfdfdf2c938,,,,,,,1,failed,UP-R5-02,,,,,,,a27c1fb2-edc1-57e6-9d74-adb5a13fed3b,f421808e-bd73-46b2-9444-d7c6ebe0f163,evidence observations; interpretation separate
M7-analysis-v5,e9c20ce72fe0849f7459bebf76f7d1d014a5da86287e828a2d5d8f5ace310e1a,R5,dbb63e68d4ed9e904fa985aa5b88d674205b6caab086a8d981ac8918a9c68fb5,"[""4afc763c-033e-501c-9c9c-453207d31e62"",""1fed9611-d0cc-51e5-86e7-4ba237c836a2"",""0e4d4039-5409-5be7-a300-ded85e9c22d7"",""1c4afc6f-6679-57b7-ab6b-cec3053e85a1"",""76216ff6-0dab-5f43-913f-741c2deb7596"",""fe7c5fea-171a-5d3e-b93c-b9d53dca7c67"",""784c942d-b222-5013-a2e4-de4aa477a143"",""2f2d84f4-6f41-5df7-a828-cc0a3d9cdddf"",""c68f6332-f200-5595-940d-e5bcad78f1fe"",""54c3aba8-cb42-5023-9591-5cdd68bdd7c5"",""b9ac296e-4c6c-5cdc-9e03-14868c124af2"",""022ddff9-4332-5ba5-b884-42537f220a0c"",""0d262496-18e1-5973-84a6-84fbda64d0ff"",""447860c8-1d56-518b-88ad-7e103990b756"",""616ecfda-7163-5a8d-ba60-01f623d8b124"",""656bacfc-b102-5379-8db2-2f9f127621e0"",""88f2e658-6155-5924-bc85-63fe2aabb08a"",""9f032fb3-90ca-5749-aff5-1065077ac10e"",""4d2e4005-a84b-525b-a492-d367c5e405d0"",""12b20e20-e117-5c00-83bc-e589b92b730e"",""e97a5398-37b9-5e89-91a9-9b3ae48d9534"",""7a8f92c5-5f85-593a-bf90-08e13c60a2e6"",""aa66f5e3-ac0e-57d6-9b69-aa54ea7c4fb9"",""d07b7490-853e-562b-b662-305e89e7718d"",""596c0800-372d-5056-8a35-9f8661656bf4"",""d08816e6-d4d6-5f35-9de3-d86528fa7a96"",""2e126757-f17e-5ee2-93db-94d31ed944b2"",""5e1af4e2-330f-563f-b639-2d3cd8d276c8"",""49cd1889-2a56-5913-8723-929335f68874"",""82b898ba-3b6d-567f-8996-4f259b74547e"",""d38eb7d2-e78b-5c2f-93e4-2e34846e80e6"",""33effc64-dcfe-5ced-badf-c4df49f68dc1"",""a3a03b99-34c0-504b-b529-32b798db318a"",""8b3ec7b0-123f-5597-95f7-1fafc5810d01"",""035c5442-19b8-5a84-8a59-b352a9660279"",""d6d45010-72fa-5741-b733-88958a8795d2"",""ab8215e5-b753-5a6a-a4e7-ad9caf42eeac"",""1b20061c-b208-551a-b06c-81ffeff623fc"",""9b6d0913-2ae6-5dab-ab36-d05e1c51b208"",""a27c1fb2-edc1-57e6-9d74-adb5a13fed3b"",""4696448b-8c21-591b-80cc-7344ea0b95ec"",""c1d75a33-928c-5636-b99c-def1fb29e0f5"",""61eebfb6-2555-5bce-ba71-7a750427392a"",""aba074a1-d451-595d-bc12-e257adbe7383"",""1ca34094-ee4d-5962-a78a-174d361a9cd3"",""7edb0577-da07-5c6f-8391-bb90e9822165"",""d7c5d484-54dc-5d1e-a3ac-65d60267a12c"",""f416cc8b-3bc2-5c4c-a91c-c56faf748684""]","[""41360019-7dfc-461a-8708-aa69c9044dbd"",""05a87a67-9691-44e7-82dc-7bfdfdf2c938""]",,,M6-evaluator-v1,observed,oracle,"{""avatars"":[],""data"":{},""marker"":""INPUT_ERROR"",""region_count"":1}",text,UP-R5-02-S01-RESULT,independent public-contract comparison,M6-ASSERTION-5ff4699e-c5da-4f3d-b52d-735cedd44d63,,,,,,,,,2026-10-07T20:10:03.432377Z,,"{""avatars"":[],""data"":{""path"":""study/uploads/green.png""},""marker"":""SUCCESS"",""region_count"":1}",,2d9849af-4973-4fd8-a822-d8a60e17e5f5,a4db6ab1-1793-4619-924f-3013a203d009,41360019-7dfc-461a-8708-aa69c9044dbd,,6ab8c518-617b-4250-9602-10b240c6847e,,,,R5,05a87a67-9691-44e7-82dc-7bfdfdf2c938,,,,,,,1,failed,UP-R5-02,,,,,,,a27c1fb2-edc1-57e6-9d74-adb5a13fed3b,f421808e-bd73-46b2-9444-d7c6ebe0f163,evidence observations; interpretation separate
M7-analysis-v5,e9c20ce72fe0849f7459bebf76f7d1d014a5da86287e828a2d5d8f5ace310e1a,R5,dbb63e68d4ed9e904fa985aa5b88d674205b6caab086a8d981ac8918a9c68fb5,"[""4afc763c-033e-501c-9c9c-453207d31e62"",""1fed9611-d0cc-51e5-86e7-4ba237c836a2"",""0e4d4039-5409-5be7-a300-ded85e9c22d7"",""1c4afc6f-6679-57b7-ab6b-cec3053e85a1"",""76216ff6-0dab-5f43-913f-741c2deb7596"",""fe7c5fea-171a-5d3e-b93c-b9d53dca7c67"",""784c942d-b222-5013-a2e4-de4aa477a143"",""2f2d84f4-6f41-5df7-a828-cc0a3d9cdddf"",""c68f6332-f200-5595-940d-e5bcad78f1fe"",""54c3aba8-cb42-5023-9591-5cdd68bdd7c5"",""b9ac296e-4c6c-5cdc-9e03-14868c124af2"",""022ddff9-4332-5ba5-b884-42537f220a0c"",""0d262496-18e1-5973-84a6-84fbda64d0ff"",""447860c8-1d56-518b-88ad-7e103990b756"",""616ecfda-7163-5a8d-ba60-01f623d8b124"",""656bacfc-b102-5379-8db2-2f9f127621e0"",""88f2e658-6155-5924-bc85-63fe2aabb08a"",""9f032fb3-90ca-5749-aff5-1065077ac10e"",""4d2e4005-a84b-525b-a492-d367c5e405d0"",""12b20e20-e117-5c00-83bc-e589b92b730e"",""e97a5398-37b9-5e89-91a9-9b3ae48d9534"",""7a8f92c5-5f85-593a-bf90-08e13c60a2e6"",""aa66f5e3-ac0e-57d6-9b69-aa54ea7c4fb9"",""d07b7490-853e-562b-b662-305e89e7718d"",""596c0800-372d-5056-8a35-9f8661656bf4"",""d08816e6-d4d6-5f35-9de3-d86528fa7a96"",""2e126757-f17e-5ee2-93db-94d31ed944b2"",""5e1af4e2-330f-563f-b639-2d3cd8d276c8"",""49cd1889-2a56-5913-8723-929335f68874"",""82b898ba-3b6d-567f-8996-4f259b74547e"",""d38eb7d2-e78b-5c2f-93e4-2e34846e80e6"",""33effc64-dcfe-5ced-badf-c4df49f68dc1"",""a3a03b99-34c0-504b-b529-32b798db318a"",""8b3ec7b0-123f-5597-95f7-1fafc5810d01"",""035c5442-19b8-5a84-8a59-b352a9660279"",""d6d45010-72fa-5741-b733-88958a8795d2"",""ab8215e5-b753-5a6a-a4e7-ad9caf42eeac"",""1b20061c-b208-551a-b06c-81ffeff623fc"",""9b6d0913-2ae6-5dab-ab36-d05e1c51b208"",""a27c1fb2-edc1-57e6-9d74-adb5a13fed3b"",""4696448b-8c21-591b-80cc-7344ea0b95ec"",""c1d75a33-928c-5636-b99c-def1fb29e0f5"",""61eebfb6-2555-5bce-ba71-7a750427392a"",""aba074a1-d451-595d-bc12-e257adbe7383"",""1ca34094-ee4d-5962-a78a-174d361a9cd3"",""7edb0577-da07-5c6f-8391-bb90e9822165"",""d7c5d484-54dc-5d1e-a3ac-65d60267a12c"",""f416cc8b-3bc2-5c4c-a91c-c56faf748684""]","[""41360019-7dfc-461a-8708-aa69c9044dbd"",""05a87a67-9691-44e7-82dc-7bfdfdf2c938""]",,,M6-evaluator-v1,observed,oracle,"{""sentinel.txt"":{""sha256"":""cc809b73990c3ed04b989c020da6c36cfbefaff047c338817e10d2d086d9ec29"",""size"":28}}",text,UP-R5-02-S01-FILES,independent public-contract comparison,M6-ASSERTION-b59601c1-c0b6-4e7a-a4fe-c7e52b795930,,,,,,,,,2026-10-07T20:10:03.433201Z,,"{""green.png"":{""sha256"":""31bd12297554963e960c136b22a7a6dade4b234dc5c5a370bb16671f12af98ad"",""size"":73},""sentinel.txt"":{""sha256"":""cc809b73990c3ed04b989c020da6c36cfbefaff047c338817e10d2d086d9ec29"",""size"":28}}",,2d9849af-4973-4fd8-a822-d8a60e17e5f5,a7092d62-9781-4034-882b-254d0ddbd7b0,41360019-7dfc-461a-8708-aa69c9044dbd,,6ab8c518-617b-4250-9602-10b240c6847e,,,,R5,05a87a67-9691-44e7-82dc-7bfdfdf2c938,,,,,,,1,failed,UP-R5-02,,,,,,,a27c1fb2-edc1-57e6-9d74-adb5a13fed3b,f421808e-bd73-46b2-9444-d7c6ebe0f163,evidence observations; interpretation separate
M7-analysis-v5,e9c20ce72fe0849f7459bebf76f7d1d014a5da86287e828a2d5d8f5ace310e1a,R5,dbb63e68d4ed9e904fa985aa5b88d674205b6caab086a8d981ac8918a9c68fb5,"[""4afc763c-033e-501c-9c9c-453207d31e62"",""1fed9611-d0cc-51e5-86e7-4ba237c836a2"",""0e4d4039-5409-5be7-a300-ded85e9c22d7"",""1c4afc6f-6679-57b7-ab6b-cec3053e85a1"",""76216ff6-0dab-5f43-913f-741c2deb7596"",""fe7c5fea-171a-5d3e-b93c-b9d53dca7c67"",""784c942d-b222-5013-a2e4-de4aa477a143"",""2f2d84f4-6f41-5df7-a828-cc0a3d9cdddf"",""c68f6332-f200-5595-940d-e5bcad78f1fe"",""54c3aba8-cb42-5023-9591-5cdd68bdd7c5"",""b9ac296e-4c6c-5cdc-9e03-14868c124af2"",""022ddff9-4332-5ba5-b884-42537f220a0c"",""0d262496-18e1-5973-84a6-84fbda64d0ff"",""447860c8-1d56-518b-88ad-7e103990b756"",""616ecfda-7163-5a8d-ba60-01f623d8b124"",""656bacfc-b102-5379-8db2-2f9f127621e0"",""88f2e658-6155-5924-bc85-63fe2aabb08a"",""9f032fb3-90ca-5749-aff5-1065077ac10e"",""4d2e4005-a84b-525b-a492-d367c5e405d0"",""12b20e20-e117-5c00-83bc-e589b92b730e"",""e97a5398-37b9-5e89-91a9-9b3ae48d9534"",""7a8f92c5-5f85-593a-bf90-08e13c60a2e6"",""aa66f5e3-ac0e-57d6-9b69-aa54ea7c4fb9"",""d07b7490-853e-562b-b662-305e89e7718d"",""596c0800-372d-5056-8a35-9f8661656bf4"",""d08816e6-d4d6-5f35-9de3-d86528fa7a96"",""2e126757-f17e-5ee2-93db-94d31ed944b2"",""5e1af4e2-330f-563f-b639-2d3cd8d276c8"",""49cd1889-2a56-5913-8723-929335f68874"",""82b898ba-3b6d-567f-8996-4f259b74547e"",""d38eb7d2-e78b-5c2f-93e4-2e34846e80e6"",""33effc64-dcfe-5ced-badf-c4df49f68dc1"",""a3a03b99-34c0-504b-b529-32b798db318a"",""8b3ec7b0-123f-5597-95f7-1fafc5810d01"",""035c5442-19b8-5a84-8a59-b352a9660279"",""d6d45010-72fa-5741-b733-88958a8795d2"",""ab8215e5-b753-5a6a-a4e7-ad9caf42eeac"",""1b20061c-b208-551a-b06c-81ffeff623fc"",""9b6d0913-2ae6-5dab-ab36-d05e1c51b208"",""a27c1fb2-edc1-57e6-9d74-adb5a13fed3b"",""4696448b-8c21-591b-80cc-7344ea0b95ec"",""c1d75a33-928c-5636-b99c-def1fb29e0f5"",""61eebfb6-2555-5bce-ba71-7a750427392a"",""aba074a1-d451-595d-bc12-e257adbe7383"",""1ca34094-ee4d-5962-a78a-174d361a9cd3"",""7edb0577-da07-5c6f-8391-bb90e9822165"",""d7c5d484-54dc-5d1e-a3ac-65d60267a12c"",""f416cc8b-3bc2-5c4c-a91c-c56faf748684""]","[""f677c450-820e-42f9-acf2-0c907eb98144"",""a021813b-7836-4c87-99ba-fcf30d0d9032""]",,,M6-evaluator-v1,observed,oracle,422,text,UP-R5-01-S01-HTTP,independent public-contract comparison,M6-ASSERTION-27f9c365-f5c1-40c9-beff-768d01c27a0f,,,,,,,,,2026-10-07T20:10:03.430317Z,,200,,2d9849af-4973-4fd8-a822-d8a60e17e5f5,5f16d581-ccaa-4a9e-b67a-4ec8388cf916,f677c450-820e-42f9-acf2-0c907eb98144,,6ab8c518-617b-4250-9602-10b240c6847e,,,,R5,a021813b-7836-4c87-99ba-fcf30d0d9032,,,,,,,1,failed,UP-R5-01,,,,,,,a27c1fb2-edc1-57e6-9d74-adb5a13fed3b,f421808e-bd73-46b2-9444-d7c6ebe0f163,evidence observations; interpretation separate
M7-analysis-v5,e9c20ce72fe0849f7459bebf76f7d1d014a5da86287e828a2d5d8f5ace310e1a,R5,dbb63e68d4ed9e904fa985aa5b88d674205b6caab086a8d981ac8918a9c68fb5,"[""4afc763c-033e-501c-9c9c-453207d31e62"",""1fed9611-d0cc-51e5-86e7-4ba237c836a2"",""0e4d4039-5409-5be7-a300-ded85e9c22d7"",""1c4afc6f-6679-57b7-ab6b-cec3053e85a1"",""76216ff6-0dab-5f43-913f-741c2deb7596"",""fe7c5fea-171a-5d3e-b93c-b9d53dca7c67"",""784c942d-b222-5013-a2e4-de4aa477a143"",""2f2d84f4-6f41-5df7-a828-cc0a3d9cdddf"",""c68f6332-f200-5595-940d-e5bcad78f1fe"",""54c3aba8-cb42-5023-9591-5cdd68bdd7c5"",""b9ac296e-4c6c-5cdc-9e03-14868c124af2"",""022ddff9-4332-5ba5-b884-42537f220a0c"",""0d262496-18e1-5973-84a6-84fbda64d0ff"",""447860c8-1d56-518b-88ad-7e103990b756"",""616ecfda-7163-5a8d-ba60-01f623d8b124"",""656bacfc-b102-5379-8db2-2f9f127621e0"",""88f2e658-6155-5924-bc85-63fe2aabb08a"",""9f032fb3-90ca-5749-aff5-1065077ac10e"",""4d2e4005-a84b-525b-a492-d367c5e405d0"",""12b20e20-e117-5c00-83bc-e589b92b730e"",""e97a5398-37b9-5e89-91a9-9b3ae48d9534"",""7a8f92c5-5f85-593a-bf90-08e13c60a2e6"",""aa66f5e3-ac0e-57d6-9b69-aa54ea7c4fb9"",""d07b7490-853e-562b-b662-305e89e7718d"",""596c0800-372d-5056-8a35-9f8661656bf4"",""d08816e6-d4d6-5f35-9de3-d86528fa7a96"",""2e126757-f17e-5ee2-93db-94d31ed944b2"",""5e1af4e2-330f-563f-b639-2d3cd8d276c8"",""49cd1889-2a56-5913-8723-929335f68874"",""82b898ba-3b6d-567f-8996-4f259b74547e"",""d38eb7d2-e78b-5c2f-93e4-2e34846e80e6"",""33effc64-dcfe-5ced-badf-c4df49f68dc1"",""a3a03b99-34c0-504b-b529-32b798db318a"",""8b3ec7b0-123f-5597-95f7-1fafc5810d01"",""035c5442-19b8-5a84-8a59-b352a9660279"",""d6d45010-72fa-5741-b733-88958a8795d2"",""ab8215e5-b753-5a6a-a4e7-ad9caf42eeac"",""1b20061c-b208-551a-b06c-81ffeff623fc"",""9b6d0913-2ae6-5dab-ab36-d05e1c51b208"",""a27c1fb2-edc1-57e6-9d74-adb5a13fed3b"",""4696448b-8c21-591b-80cc-7344ea0b95ec"",""c1d75a33-928c-5636-b99c-def1fb29e0f5"",""61eebfb6-2555-5bce-ba71-7a750427392a"",""aba074a1-d451-595d-bc12-e257adbe7383"",""1ca34094-ee4d-5962-a78a-174d361a9cd3"",""7edb0577-da07-5c6f-8391-bb90e9822165"",""d7c5d484-54dc-5d1e-a3ac-65d60267a12c"",""f416cc8b-3bc2-5c4c-a91c-c56faf748684""]","[""f677c450-820e-42f9-acf2-0c907eb98144"",""a021813b-7836-4c87-99ba-fcf30d0d9032""]",,,M6-evaluator-v1,observed,oracle,"{""avatars"":[],""data"":{},""marker"":""INPUT_ERROR"",""region_count"":1}",text,UP-R5-01-S01-RESULT,independent public-contract comparison,M6-ASSERTION-39d17fb0-547b-43c3-9f6c-da609b10e052,,,,,,,,,2026-10-07T20:10:03.430726Z,,"{""avatars"":[],""data"":{""path"":""study/uploads/blue.png""},""marker"":""SUCCESS"",""region_count"":1}",,2d9849af-4973-4fd8-a822-d8a60e17e5f5,bb4ab196-4891-45d4-99e9-d90ffa884c66,f677c450-820e-42f9-acf2-0c907eb98144,,6ab8c518-617b-4250-9602-10b240c6847e,,,,R5,a021813b-7836-4c87-99ba-fcf30d0d9032,,,,,,,1,failed,UP-R5-01,,,,,,,a27c1fb2-edc1-57e6-9d74-adb5a13fed3b,f421808e-bd73-46b2-9444-d7c6ebe0f163,evidence observations; interpretation separate
M7-analysis-v5,e9c20ce72fe0849f7459bebf76f7d1d014a5da86287e828a2d5d8f5ace310e1a,R5,dbb63e68d4ed9e904fa985aa5b88d674205b6caab086a8d981ac8918a9c68fb5,"[""4afc763c-033e-501c-9c9c-453207d31e62"",""1fed9611-d0cc-51e5-86e7-4ba237c836a2"",""0e4d4039-5409-5be7-a300-ded85e9c22d7"",""1c4afc6f-6679-57b7-ab6b-cec3053e85a1"",""76216ff6-0dab-5f43-913f-741c2deb7596"",""fe7c5fea-171a-5d3e-b93c-b9d53dca7c67"",""784c942d-b222-5013-a2e4-de4aa477a143"",""2f2d84f4-6f41-5df7-a828-cc0a3d9cdddf"",""c68f6332-f200-5595-940d-e5bcad78f1fe"",""54c3aba8-cb42-5023-9591-5cdd68bdd7c5"",""b9ac296e-4c6c-5cdc-9e03-14868c124af2"",""022ddff9-4332-5ba5-b884-42537f220a0c"",""0d262496-18e1-5973-84a6-84fbda64d0ff"",""447860c8-1d56-518b-88ad-7e103990b756"",""616ecfda-7163-5a8d-ba60-01f623d8b124"",""656bacfc-b102-5379-8db2-2f9f127621e0"",""88f2e658-6155-5924-bc85-63fe2aabb08a"",""9f032fb3-90ca-5749-aff5-1065077ac10e"",""4d2e4005-a84b-525b-a492-d367c5e405d0"",""12b20e20-e117-5c00-83bc-e589b92b730e"",""e97a5398-37b9-5e89-91a9-9b3ae48d9534"",""7a8f92c5-5f85-593a-bf90-08e13c60a2e6"",""aa66f5e3-ac0e-57d6-9b69-aa54ea7c4fb9"",""d07b7490-853e-562b-b662-305e89e7718d"",""596c0800-372d-5056-8a35-9f8661656bf4"",""d08816e6-d4d6-5f35-9de3-d86528fa7a96"",""2e126757-f17e-5ee2-93db-94d31ed944b2"",""5e1af4e2-330f-563f-b639-2d3cd8d276c8"",""49cd1889-2a56-5913-8723-929335f68874"",""82b898ba-3b6d-567f-8996-4f259b74547e"",""d38eb7d2-e78b-5c2f-93e4-2e34846e80e6"",""33effc64-dcfe-5ced-badf-c4df49f68dc1"",""a3a03b99-34c0-504b-b529-32b798db318a"",""8b3ec7b0-123f-5597-95f7-1fafc5810d01"",""035c5442-19b8-5a84-8a59-b352a9660279"",""d6d45010-72fa-5741-b733-88958a8795d2"",""ab8215e5-b753-5a6a-a4e7-ad9caf42eeac"",""1b20061c-b208-551a-b06c-81ffeff623fc"",""9b6d0913-2ae6-5dab-ab36-d05e1c51b208"",""a27c1fb2-edc1-57e6-9d74-adb5a13fed3b"",""4696448b-8c21-591b-80cc-7344ea0b95ec"",""c1d75a33-928c-5636-b99c-def1fb29e0f5"",""61eebfb6-2555-5bce-ba71-7a750427392a"",""aba074a1-d451-595d-bc12-e257adbe7383"",""1ca34094-ee4d-5962-a78a-174d361a9cd3"",""7edb0577-da07-5c6f-8391-bb90e9822165"",""d7c5d484-54dc-5d1e-a3ac-65d60267a12c"",""f416cc8b-3bc2-5c4c-a91c-c56faf748684""]","[""f677c450-820e-42f9-acf2-0c907eb98144"",""a021813b-7836-4c87-99ba-fcf30d0d9032""]",,,M6-evaluator-v1,observed,oracle,"{""sentinel.txt"":{""sha256"":""cc809b73990c3ed04b989c020da6c36cfbefaff047c338817e10d2d086d9ec29"",""size"":28}}",text,UP-R5-01-S01-FILES,independent public-contract comparison,M6-ASSERTION-fe925c39-8107-416d-9542-f2afdc99624a,,,,,,,,,2026-10-07T20:10:03.431601Z,,"{""blue.png"":{""sha256"":""4442d728adc33566e2be10ba0d573a8b4ec1ca033335b75eaac003a97facfc26"",""size"":73},""sentinel.txt"":{""sha256"":""cc809b73990c3ed04b989c020da6c36cfbefaff047c338817e10d2d086d9ec29"",""size"":28}}",,2d9849af-4973-4fd8-a822-d8a60e17e5f5,31b9de48-92b2-496c-a39d-2bc50863e6fd,f677c450-820e-42f9-acf2-0c907eb98144,,6ab8c518-617b-4250-9602-10b240c6847e,,,,R5,a021813b-7836-4c87-99ba-fcf30d0d9032,,,,,,,1,failed,UP-R5-01,,,,,,,a27c1fb2-edc1-57e6-9d74-adb5a13fed3b,f421808e-bd73-46b2-9444-d7c6ebe0f163,evidence observations; interpretation separate
M7-analysis-v5,e9c20ce72fe0849f7459bebf76f7d1d014a5da86287e828a2d5d8f5ace310e1a,R6,dbb63e68d4ed9e904fa985aa5b88d674205b6caab086a8d981ac8918a9c68fb5,"[""4afc763c-033e-501c-9c9c-453207d31e62"",""1fed9611-d0cc-51e5-86e7-4ba237c836a2"",""0e4d4039-5409-5be7-a300-ded85e9c22d7"",""1c4afc6f-6679-57b7-ab6b-cec3053e85a1"",""76216ff6-0dab-5f43-913f-741c2deb7596"",""fe7c5fea-171a-5d3e-b93c-b9d53dca7c67"",""784c942d-b222-5013-a2e4-de4aa477a143"",""2f2d84f4-6f41-5df7-a828-cc0a3d9cdddf"",""c68f6332-f200-5595-940d-e5bcad78f1fe"",""54c3aba8-cb42-5023-9591-5cdd68bdd7c5"",""b9ac296e-4c6c-5cdc-9e03-14868c124af2"",""022ddff9-4332-5ba5-b884-42537f220a0c"",""0d262496-18e1-5973-84a6-84fbda64d0ff"",""447860c8-1d56-518b-88ad-7e103990b756"",""616ecfda-7163-5a8d-ba60-01f623d8b124"",""656bacfc-b102-5379-8db2-2f9f127621e0"",""88f2e658-6155-5924-bc85-63fe2aabb08a"",""9f032fb3-90ca-5749-aff5-1065077ac10e"",""4d2e4005-a84b-525b-a492-d367c5e405d0"",""12b20e20-e117-5c00-83bc-e589b92b730e"",""e97a5398-37b9-5e89-91a9-9b3ae48d9534"",""7a8f92c5-5f85-593a-bf90-08e13c60a2e6"",""aa66f5e3-ac0e-57d6-9b69-aa54ea7c4fb9"",""d07b7490-853e-562b-b662-305e89e7718d"",""596c0800-372d-5056-8a35-9f8661656bf4"",""d08816e6-d4d6-5f35-9de3-d86528fa7a96"",""2e126757-f17e-5ee2-93db-94d31ed944b2"",""5e1af4e2-330f-563f-b639-2d3cd8d276c8"",""49cd1889-2a56-5913-8723-929335f68874"",""82b898ba-3b6d-567f-8996-4f259b74547e"",""d38eb7d2-e78b-5c2f-93e4-2e34846e80e6"",""33effc64-dcfe-5ced-badf-c4df49f68dc1"",""a3a03b99-34c0-504b-b529-32b798db318a"",""8b3ec7b0-123f-5597-95f7-1fafc5810d01"",""035c5442-19b8-5a84-8a59-b352a9660279"",""d6d45010-72fa-5741-b733-88958a8795d2"",""ab8215e5-b753-5a6a-a4e7-ad9caf42eeac"",""1b20061c-b208-551a-b06c-81ffeff623fc"",""9b6d0913-2ae6-5dab-ab36-d05e1c51b208"",""a27c1fb2-edc1-57e6-9d74-adb5a13fed3b"",""4696448b-8c21-591b-80cc-7344ea0b95ec"",""c1d75a33-928c-5636-b99c-def1fb29e0f5"",""61eebfb6-2555-5bce-ba71-7a750427392a"",""aba074a1-d451-595d-bc12-e257adbe7383"",""1ca34094-ee4d-5962-a78a-174d361a9cd3"",""7edb0577-da07-5c6f-8391-bb90e9822165"",""d7c5d484-54dc-5d1e-a3ac-65d60267a12c"",""f416cc8b-3bc2-5c4c-a91c-c56faf748684""]","[""09705d07-dd9c-4c46-93a9-4a99ad44865c"",""2e775479-7442-4388-8366-3b914b448374""]",,,M6-evaluator-v1,observed,oracle,422,text,UP-R6-01-S03-HTTP,independent public-contract comparison,M6-ASSERTION-af5508f1-4224-4a99-9f5f-cc9eed17692a,,,,,,,,,2026-10-07T20:10:03.436714Z,,200,,2d9849af-4973-4fd8-a822-d8a60e17e5f5,16dea67b-0a01-427a-8792-e882ef97327f,09705d07-dd9c-4c46-93a9-4a99ad44865c,,6ab8c518-617b-4250-9602-10b240c6847e,,,,R6,2e775479-7442-4388-8366-3b914b448374,,,,,,,1,failed,UP-R6-01,,,,,,,a27c1fb2-edc1-57e6-9d74-adb5a13fed3b,f421808e-bd73-46b2-9444-d7c6ebe0f163,evidence observations; interpretation separate
M7-analysis-v5,e9c20ce72fe0849f7459bebf76f7d1d014a5da86287e828a2d5d8f5ace310e1a,R6,dbb63e68d4ed9e904fa985aa5b88d674205b6caab086a8d981ac8918a9c68fb5,"[""4afc763c-033e-501c-9c9c-453207d31e62"",""1fed9611-d0cc-51e5-86e7-4ba237c836a2"",""0e4d4039-5409-5be7-a300-ded85e9c22d7"",""1c4afc6f-6679-57b7-ab6b-cec3053e85a1"",""76216ff6-0dab-5f43-913f-741c2deb7596"",""fe7c5fea-171a-5d3e-b93c-b9d53dca7c67"",""784c942d-b222-5013-a2e4-de4aa477a143"",""2f2d84f4-6f41-5df7-a828-cc0a3d9cdddf"",""c68f6332-f200-5595-940d-e5bcad78f1fe"",""54c3aba8-cb42-5023-9591-5cdd68bdd7c5"",""b9ac296e-4c6c-5cdc-9e03-14868c124af2"",""022ddff9-4332-5ba5-b884-42537f220a0c"",""0d262496-18e1-5973-84a6-84fbda64d0ff"",""447860c8-1d56-518b-88ad-7e103990b756"",""616ecfda-7163-5a8d-ba60-01f623d8b124"",""656bacfc-b102-5379-8db2-2f9f127621e0"",""88f2e658-6155-5924-bc85-63fe2aabb08a"",""9f032fb3-90ca-5749-aff5-1065077ac10e"",""4d2e4005-a84b-525b-a492-d367c5e405d0"",""12b20e20-e117-5c00-83bc-e589b92b730e"",""e97a5398-37b9-5e89-91a9-9b3ae48d9534"",""7a8f92c5-5f85-593a-bf90-08e13c60a2e6"",""aa66f5e3-ac0e-57d6-9b69-aa54ea7c4fb9"",""d07b7490-853e-562b-b662-305e89e7718d"",""596c0800-372d-5056-8a35-9f8661656bf4"",""d08816e6-d4d6-5f35-9de3-d86528fa7a96"",""2e126757-f17e-5ee2-93db-94d31ed944b2"",""5e1af4e2-330f-563f-b639-2d3cd8d276c8"",""49cd1889-2a56-5913-8723-929335f68874"",""82b898ba-3b6d-567f-8996-4f259b74547e"",""d38eb7d2-e78b-5c2f-93e4-2e34846e80e6"",""33effc64-dcfe-5ced-badf-c4df49f68dc1"",""a3a03b99-34c0-504b-b529-32b798db318a"",""8b3ec7b0-123f-5597-95f7-1fafc5810d01"",""035c5442-19b8-5a84-8a59-b352a9660279"",""d6d45010-72fa-5741-b733-88958a8795d2"",""ab8215e5-b753-5a6a-a4e7-ad9caf42eeac"",""1b20061c-b208-551a-b06c-81ffeff623fc"",""9b6d0913-2ae6-5dab-ab36-d05e1c51b208"",""a27c1fb2-edc1-57e6-9d74-adb5a13fed3b"",""4696448b-8c21-591b-80cc-7344ea0b95ec"",""c1d75a33-928c-5636-b99c-def1fb29e0f5"",""61eebfb6-2555-5bce-ba71-7a750427392a"",""aba074a1-d451-595d-bc12-e257adbe7383"",""1ca34094-ee4d-5962-a78a-174d361a9cd3"",""7edb0577-da07-5c6f-8391-bb90e9822165"",""d7c5d484-54dc-5d1e-a3ac-65d60267a12c"",""f416cc8b-3bc2-5c4c-a91c-c56faf748684""]","[""09705d07-dd9c-4c46-93a9-4a99ad44865c"",""2e775479-7442-4388-8366-3b914b448374""]",,,M6-evaluator-v1,observed,oracle,"{""avatars"":[],""data"":{},""marker"":""INPUT_ERROR"",""region_count"":1}",text,UP-R6-01-S03-RESULT,independent public-contract comparison,M6-ASSERTION-95d75aeb-5e47-4dfe-8519-06b5193a00dd,,,,,,,,,2026-10-07T20:10:03.437121Z,,"{""avatars"":[],""data"":{""path"":""study/uploads/seq-three.png""},""marker"":""SUCCESS"",""region_count"":1}",,2d9849af-4973-4fd8-a822-d8a60e17e5f5,a474cb4f-d94d-47af-aff1-f80e03d21005,09705d07-dd9c-4c46-93a9-4a99ad44865c,,6ab8c518-617b-4250-9602-10b240c6847e,,,,R6,2e775479-7442-4388-8366-3b914b448374,,,,,,,1,failed,UP-R6-01,,,,,,,a27c1fb2-edc1-57e6-9d74-adb5a13fed3b,f421808e-bd73-46b2-9444-d7c6ebe0f163,evidence observations; interpretation separate
M7-analysis-v5,e9c20ce72fe0849f7459bebf76f7d1d014a5da86287e828a2d5d8f5ace310e1a,R6,dbb63e68d4ed9e904fa985aa5b88d674205b6caab086a8d981ac8918a9c68fb5,"[""4afc763c-033e-501c-9c9c-453207d31e62"",""1fed9611-d0cc-51e5-86e7-4ba237c836a2"",""0e4d4039-5409-5be7-a300-ded85e9c22d7"",""1c4afc6f-6679-57b7-ab6b-cec3053e85a1"",""76216ff6-0dab-5f43-913f-741c2deb7596"",""fe7c5fea-171a-5d3e-b93c-b9d53dca7c67"",""784c942d-b222-5013-a2e4-de4aa477a143"",""2f2d84f4-6f41-5df7-a828-cc0a3d9cdddf"",""c68f6332-f200-5595-940d-e5bcad78f1fe"",""54c3aba8-cb42-5023-9591-5cdd68bdd7c5"",""b9ac296e-4c6c-5cdc-9e03-14868c124af2"",""022ddff9-4332-5ba5-b884-42537f220a0c"",""0d262496-18e1-5973-84a6-84fbda64d0ff"",""447860c8-1d56-518b-88ad-7e103990b756"",""616ecfda-7163-5a8d-ba60-01f623d8b124"",""656bacfc-b102-5379-8db2-2f9f127621e0"",""88f2e658-6155-5924-bc85-63fe2aabb08a"",""9f032fb3-90ca-5749-aff5-1065077ac10e"",""4d2e4005-a84b-525b-a492-d367c5e405d0"",""12b20e20-e117-5c00-83bc-e589b92b730e"",""e97a5398-37b9-5e89-91a9-9b3ae48d9534"",""7a8f92c5-5f85-593a-bf90-08e13c60a2e6"",""aa66f5e3-ac0e-57d6-9b69-aa54ea7c4fb9"",""d07b7490-853e-562b-b662-305e89e7718d"",""596c0800-372d-5056-8a35-9f8661656bf4"",""d08816e6-d4d6-5f35-9de3-d86528fa7a96"",""2e126757-f17e-5ee2-93db-94d31ed944b2"",""5e1af4e2-330f-563f-b639-2d3cd8d276c8"",""49cd1889-2a56-5913-8723-929335f68874"",""82b898ba-3b6d-567f-8996-4f259b74547e"",""d38eb7d2-e78b-5c2f-93e4-2e34846e80e6"",""33effc64-dcfe-5ced-badf-c4df49f68dc1"",""a3a03b99-34c0-504b-b529-32b798db318a"",""8b3ec7b0-123f-5597-95f7-1fafc5810d01"",""035c5442-19b8-5a84-8a59-b352a9660279"",""d6d45010-72fa-5741-b733-88958a8795d2"",""ab8215e5-b753-5a6a-a4e7-ad9caf42eeac"",""1b20061c-b208-551a-b06c-81ffeff623fc"",""9b6d0913-2ae6-5dab-ab36-d05e1c51b208"",""a27c1fb2-edc1-57e6-9d74-adb5a13fed3b"",""4696448b-8c21-591b-80cc-7344ea0b95ec"",""c1d75a33-928c-5636-b99c-def1fb29e0f5"",""61eebfb6-2555-5bce-ba71-7a750427392a"",""aba074a1-d451-595d-bc12-e257adbe7383"",""1ca34094-ee4d-5962-a78a-174d361a9cd3"",""7edb0577-da07-5c6f-8391-bb90e9822165"",""d7c5d484-54dc-5d1e-a3ac-65d60267a12c"",""f416cc8b-3bc2-5c4c-a91c-c56faf748684""]","[""09705d07-dd9c-4c46-93a9-4a99ad44865c"",""2e775479-7442-4388-8366-3b914b448374""]",,,M6-evaluator-v1,observed,oracle,"{""sentinel.txt"":{""sha256"":""cc809b73990c3ed04b989c020da6c36cfbefaff047c338817e10d2d086d9ec29"",""size"":28}}",text,UP-R6-01-S03-FILES,independent public-contract comparison,M6-ASSERTION-65dbba9f-4227-4aba-887d-f115ab451631,,,,,,,,,2026-10-07T20:10:03.438013Z,,"{""sentinel.txt"":{""sha256"":""cc809b73990c3ed04b989c020da6c36cfbefaff047c338817e10d2d086d9ec29"",""size"":28},""seq-one.png"":{""sha256"":""5152b4f262397512ec8d1d6f076c509a6052674e3814a0c78fb7bf368b4d5b62"",""size"":73},""seq-three.png"":{""sha256"":""31bd12297554963e960c136b22a7a6dade4b234dc5c5a370bb16671f12af98ad"",""size"":73},""seq-two.jpeg"":{""sha256"":""bfd0fb4d7039a1716a766f83be930226c9d8649aa4deeb926013cbe24dd53888"",""size"":777}}",,2d9849af-4973-4fd8-a822-d8a60e17e5f5,c0e0d383-dc36-4fe4-866f-4142bbfa66f9,09705d07-dd9c-4c46-93a9-4a99ad44865c,,6ab8c518-617b-4250-9602-10b240c6847e,,,,R6,2e775479-7442-4388-8366-3b914b448374,,,,,,,1,failed,UP-R6-01,,,,,,,a27c1fb2-edc1-57e6-9d74-adb5a13fed3b,f421808e-bd73-46b2-9444-d7c6ebe0f163,evidence observations; interpretation separate
M7-analysis-v5,e9c20ce72fe0849f7459bebf76f7d1d014a5da86287e828a2d5d8f5ace310e1a,R6,dbb63e68d4ed9e904fa985aa5b88d674205b6caab086a8d981ac8918a9c68fb5,"[""4afc763c-033e-501c-9c9c-453207d31e62"",""1fed9611-d0cc-51e5-86e7-4ba237c836a2"",""0e4d4039-5409-5be7-a300-ded85e9c22d7"",""1c4afc6f-6679-57b7-ab6b-cec3053e85a1"",""76216ff6-0dab-5f43-913f-741c2deb7596"",""fe7c5fea-171a-5d3e-b93c-b9d53dca7c67"",""784c942d-b222-5013-a2e4-de4aa477a143"",""2f2d84f4-6f41-5df7-a828-cc0a3d9cdddf"",""c68f6332-f200-5595-940d-e5bcad78f1fe"",""54c3aba8-cb42-5023-9591-5cdd68bdd7c5"",""b9ac296e-4c6c-5cdc-9e03-14868c124af2"",""022ddff9-4332-5ba5-b884-42537f220a0c"",""0d262496-18e1-5973-84a6-84fbda64d0ff"",""447860c8-1d56-518b-88ad-7e103990b756"",""616ecfda-7163-5a8d-ba60-01f623d8b124"",""656bacfc-b102-5379-8db2-2f9f127621e0"",""88f2e658-6155-5924-bc85-63fe2aabb08a"",""9f032fb3-90ca-5749-aff5-1065077ac10e"",""4d2e4005-a84b-525b-a492-d367c5e405d0"",""12b20e20-e117-5c00-83bc-e589b92b730e"",""e97a5398-37b9-5e89-91a9-9b3ae48d9534"",""7a8f92c5-5f85-593a-bf90-08e13c60a2e6"",""aa66f5e3-ac0e-57d6-9b69-aa54ea7c4fb9"",""d07b7490-853e-562b-b662-305e89e7718d"",""596c0800-372d-5056-8a35-9f8661656bf4"",""d08816e6-d4d6-5f35-9de3-d86528fa7a96"",""2e126757-f17e-5ee2-93db-94d31ed944b2"",""5e1af4e2-330f-563f-b639-2d3cd8d276c8"",""49cd1889-2a56-5913-8723-929335f68874"",""82b898ba-3b6d-567f-8996-4f259b74547e"",""d38eb7d2-e78b-5c2f-93e4-2e34846e80e6"",""33effc64-dcfe-5ced-badf-c4df49f68dc1"",""a3a03b99-34c0-504b-b529-32b798db318a"",""8b3ec7b0-123f-5597-95f7-1fafc5810d01"",""035c5442-19b8-5a84-8a59-b352a9660279"",""d6d45010-72fa-5741-b733-88958a8795d2"",""ab8215e5-b753-5a6a-a4e7-ad9caf42eeac"",""1b20061c-b208-551a-b06c-81ffeff623fc"",""9b6d0913-2ae6-5dab-ab36-d05e1c51b208"",""a27c1fb2-edc1-57e6-9d74-adb5a13fed3b"",""4696448b-8c21-591b-80cc-7344ea0b95ec"",""c1d75a33-928c-5636-b99c-def1fb29e0f5"",""61eebfb6-2555-5bce-ba71-7a750427392a"",""aba074a1-d451-595d-bc12-e257adbe7383"",""1ca34094-ee4d-5962-a78a-174d361a9cd3"",""7edb0577-da07-5c6f-8391-bb90e9822165"",""d7c5d484-54dc-5d1e-a3ac-65d60267a12c"",""f416cc8b-3bc2-5c4c-a91c-c56faf748684""]","[""09705d07-dd9c-4c46-93a9-4a99ad44865c"",""4d8fafdb-595b-4332-a8d9-a32ab4ebb3d0""]",,,M6-evaluator-v1,observed,oracle,422,text,UP-R6-01-S01-HTTP,independent public-contract comparison,M6-ASSERTION-f9f3ae0e-cf3c-4c46-930c-e60f031b8bcd,,,,,,,,,2026-10-07T20:10:03.433566Z,,200,,2d9849af-4973-4fd8-a822-d8a60e17e5f5,9b7b3151-09c3-431c-969e-6807c4386f32,09705d07-dd9c-4c46-93a9-4a99ad44865c,,6ab8c518-617b-4250-9602-10b240c6847e,,,,R6,4d8fafdb-595b-4332-a8d9-a32ab4ebb3d0,,,,,,,1,failed,UP-R6-01,,,,,,,a27c1fb2-edc1-57e6-9d74-adb5a13fed3b,f421808e-bd73-46b2-9444-d7c6ebe0f163,evidence observations; interpretation separate
M7-analysis-v5,e9c20ce72fe0849f7459bebf76f7d1d014a5da86287e828a2d5d8f5ace310e1a,R6,dbb63e68d4ed9e904fa985aa5b88d674205b6caab086a8d981ac8918a9c68fb5,"[""4afc763c-033e-501c-9c9c-453207d31e62"",""1fed9611-d0cc-51e5-86e7-4ba237c836a2"",""0e4d4039-5409-5be7-a300-ded85e9c22d7"",""1c4afc6f-6679-57b7-ab6b-cec3053e85a1"",""76216ff6-0dab-5f43-913f-741c2deb7596"",""fe7c5fea-171a-5d3e-b93c-b9d53dca7c67"",""784c942d-b222-5013-a2e4-de4aa477a143"",""2f2d84f4-6f41-5df7-a828-cc0a3d9cdddf"",""c68f6332-f200-5595-940d-e5bcad78f1fe"",""54c3aba8-cb42-5023-9591-5cdd68bdd7c5"",""b9ac296e-4c6c-5cdc-9e03-14868c124af2"",""022ddff9-4332-5ba5-b884-42537f220a0c"",""0d262496-18e1-5973-84a6-84fbda64d0ff"",""447860c8-1d56-518b-88ad-7e103990b756"",""616ecfda-7163-5a8d-ba60-01f623d8b124"",""656bacfc-b102-5379-8db2-2f9f127621e0"",""88f2e658-6155-5924-bc85-63fe2aabb08a"",""9f032fb3-90ca-5749-aff5-1065077ac10e"",""4d2e4005-a84b-525b-a492-d367c5e405d0"",""12b20e20-e117-5c00-83bc-e589b92b730e"",""e97a5398-37b9-5e89-91a9-9b3ae48d9534"",""7a8f92c5-5f85-593a-bf90-08e13c60a2e6"",""aa66f5e3-ac0e-57d6-9b69-aa54ea7c4fb9"",""d07b7490-853e-562b-b662-305e89e7718d"",""596c0800-372d-5056-8a35-9f8661656bf4"",""d08816e6-d4d6-5f35-9de3-d86528fa7a96"",""2e126757-f17e-5ee2-93db-94d31ed944b2"",""5e1af4e2-330f-563f-b639-2d3cd8d276c8"",""49cd1889-2a56-5913-8723-929335f68874"",""82b898ba-3b6d-567f-8996-4f259b74547e"",""d38eb7d2-e78b-5c2f-93e4-2e34846e80e6"",""33effc64-dcfe-5ced-badf-c4df49f68dc1"",""a3a03b99-34c0-504b-b529-32b798db318a"",""8b3ec7b0-123f-5597-95f7-1fafc5810d01"",""035c5442-19b8-5a84-8a59-b352a9660279"",""d6d45010-72fa-5741-b733-88958a8795d2"",""ab8215e5-b753-5a6a-a4e7-ad9caf42eeac"",""1b20061c-b208-551a-b06c-81ffeff623fc"",""9b6d0913-2ae6-5dab-ab36-d05e1c51b208"",""a27c1fb2-edc1-57e6-9d74-adb5a13fed3b"",""4696448b-8c21-591b-80cc-7344ea0b95ec"",""c1d75a33-928c-5636-b99c-def1fb29e0f5"",""61eebfb6-2555-5bce-ba71-7a750427392a"",""aba074a1-d451-595d-bc12-e257adbe7383"",""1ca34094-ee4d-5962-a78a-174d361a9cd3"",""7edb0577-da07-5c6f-8391-bb90e9822165"",""d7c5d484-54dc-5d1e-a3ac-65d60267a12c"",""f416cc8b-3bc2-5c4c-a91c-c56faf748684""]","[""09705d07-dd9c-4c46-93a9-4a99ad44865c"",""4d8fafdb-595b-4332-a8d9-a32ab4ebb3d0""]",,,M6-evaluator-v1,observed,oracle,"{""avatars"":[],""data"":{},""marker"":""INPUT_ERROR"",""region_count"":1}",text,UP-R6-01-S01-RESULT,independent public-contract comparison,M6-ASSERTION-bbac79cc-a0a6-4049-8a27-6037c9392eca,,,,,,,,,2026-10-07T20:10:03.433959Z,,"{""avatars"":[],""data"":{""path"":""study/uploads/seq-one.png""},""marker"":""SUCCESS"",""region_count"":1}",,2d9849af-4973-4fd8-a822-d8a60e17e5f5,5aff5d12-c461-49c1-b043-77c55f6d7c13,09705d07-dd9c-4c46-93a9-4a99ad44865c,,6ab8c518-617b-4250-9602-10b240c6847e,,,,R6,4d8fafdb-595b-4332-a8d9-a32ab4ebb3d0,,,,,,,1,failed,UP-R6-01,,,,,,,a27c1fb2-edc1-57e6-9d74-adb5a13fed3b,f421808e-bd73-46b2-9444-d7c6ebe0f163,evidence observations; interpretation separate
M7-analysis-v5,e9c20ce72fe0849f7459bebf76f7d1d014a5da86287e828a2d5d8f5ace310e1a,R6,dbb63e68d4ed9e904fa985aa5b88d674205b6caab086a8d981ac8918a9c68fb5,"[""4afc763c-033e-501c-9c9c-453207d31e62"",""1fed9611-d0cc-51e5-86e7-4ba237c836a2"",""0e4d4039-5409-5be7-a300-ded85e9c22d7"",""1c4afc6f-6679-57b7-ab6b-cec3053e85a1"",""76216ff6-0dab-5f43-913f-741c2deb7596"",""fe7c5fea-171a-5d3e-b93c-b9d53dca7c67"",""784c942d-b222-5013-a2e4-de4aa477a143"",""2f2d84f4-6f41-5df7-a828-cc0a3d9cdddf"",""c68f6332-f200-5595-940d-e5bcad78f1fe"",""54c3aba8-cb42-5023-9591-5cdd68bdd7c5"",""b9ac296e-4c6c-5cdc-9e03-14868c124af2"",""022ddff9-4332-5ba5-b884-42537f220a0c"",""0d262496-18e1-5973-84a6-84fbda64d0ff"",""447860c8-1d56-518b-88ad-7e103990b756"",""616ecfda-7163-5a8d-ba60-01f623d8b124"",""656bacfc-b102-5379-8db2-2f9f127621e0"",""88f2e658-6155-5924-bc85-63fe2aabb08a"",""9f032fb3-90ca-5749-aff5-1065077ac10e"",""4d2e4005-a84b-525b-a492-d367c5e405d0"",""12b20e20-e117-5c00-83bc-e589b92b730e"",""e97a5398-37b9-5e89-91a9-9b3ae48d9534"",""7a8f92c5-5f85-593a-bf90-08e13c60a2e6"",""aa66f5e3-ac0e-57d6-9b69-aa54ea7c4fb9"",""d07b7490-853e-562b-b662-305e89e7718d"",""596c0800-372d-5056-8a35-9f8661656bf4"",""d08816e6-d4d6-5f35-9de3-d86528fa7a96"",""2e126757-f17e-5ee2-93db-94d31ed944b2"",""5e1af4e2-330f-563f-b639-2d3cd8d276c8"",""49cd1889-2a56-5913-8723-929335f68874"",""82b898ba-3b6d-567f-8996-4f259b74547e"",""d38eb7d2-e78b-5c2f-93e4-2e34846e80e6"",""33effc64-dcfe-5ced-badf-c4df49f68dc1"",""a3a03b99-34c0-504b-b529-32b798db318a"",""8b3ec7b0-123f-5597-95f7-1fafc5810d01"",""035c5442-19b8-5a84-8a59-b352a9660279"",""d6d45010-72fa-5741-b733-88958a8795d2"",""ab8215e5-b753-5a6a-a4e7-ad9caf42eeac"",""1b20061c-b208-551a-b06c-81ffeff623fc"",""9b6d0913-2ae6-5dab-ab36-d05e1c51b208"",""a27c1fb2-edc1-57e6-9d74-adb5a13fed3b"",""4696448b-8c21-591b-80cc-7344ea0b95ec"",""c1d75a33-928c-5636-b99c-def1fb29e0f5"",""61eebfb6-2555-5bce-ba71-7a750427392a"",""aba074a1-d451-595d-bc12-e257adbe7383"",""1ca34094-ee4d-5962-a78a-174d361a9cd3"",""7edb0577-da07-5c6f-8391-bb90e9822165"",""d7c5d484-54dc-5d1e-a3ac-65d60267a12c"",""f416cc8b-3bc2-5c4c-a91c-c56faf748684""]","[""09705d07-dd9c-4c46-93a9-4a99ad44865c"",""4d8fafdb-595b-4332-a8d9-a32ab4ebb3d0""]",,,M6-evaluator-v1,observed,oracle,"{""sentinel.txt"":{""sha256"":""cc809b73990c3ed04b989c020da6c36cfbefaff047c338817e10d2d086d9ec29"",""size"":28}}",text,UP-R6-01-S01-FILES,independent public-contract comparison,M6-ASSERTION-281853ac-0d49-4233-94be-3086bbf902f6,,,,,,,,,2026-10-07T20:10:03.434766Z,,"{""sentinel.txt"":{""sha256"":""cc809b73990c3ed04b989c020da6c36cfbefaff047c338817e10d2d086d9ec29"",""size"":28},""seq-one.png"":{""sha256"":""5152b4f262397512ec8d1d6f076c509a6052674e3814a0c78fb7bf368b4d5b62"",""size"":73}}",,2d9849af-4973-4fd8-a822-d8a60e17e5f5,fd1f43ec-5504-4f23-8310-c2aa77efd821,09705d07-dd9c-4c46-93a9-4a99ad44865c,,6ab8c518-617b-4250-9602-10b240c6847e,,,,R6,4d8fafdb-595b-4332-a8d9-a32ab4ebb3d0,,,,,,,1,failed,UP-R6-01,,,,,,,a27c1fb2-edc1-57e6-9d74-adb5a13fed3b,f421808e-bd73-46b2-9444-d7c6ebe0f163,evidence observations; interpretation separate
M7-analysis-v5,e9c20ce72fe0849f7459bebf76f7d1d014a5da86287e828a2d5d8f5ace310e1a,R6,dbb63e68d4ed9e904fa985aa5b88d674205b6caab086a8d981ac8918a9c68fb5,"[""4afc763c-033e-501c-9c9c-453207d31e62"",""1fed9611-d0cc-51e5-86e7-4ba237c836a2"",""0e4d4039-5409-5be7-a300-ded85e9c22d7"",""1c4afc6f-6679-57b7-ab6b-cec3053e85a1"",""76216ff6-0dab-5f43-913f-741c2deb7596"",""fe7c5fea-171a-5d3e-b93c-b9d53dca7c67"",""784c942d-b222-5013-a2e4-de4aa477a143"",""2f2d84f4-6f41-5df7-a828-cc0a3d9cdddf"",""c68f6332-f200-5595-940d-e5bcad78f1fe"",""54c3aba8-cb42-5023-9591-5cdd68bdd7c5"",""b9ac296e-4c6c-5cdc-9e03-14868c124af2"",""022ddff9-4332-5ba5-b884-42537f220a0c"",""0d262496-18e1-5973-84a6-84fbda64d0ff"",""447860c8-1d56-518b-88ad-7e103990b756"",""616ecfda-7163-5a8d-ba60-01f623d8b124"",""656bacfc-b102-5379-8db2-2f9f127621e0"",""88f2e658-6155-5924-bc85-63fe2aabb08a"",""9f032fb3-90ca-5749-aff5-1065077ac10e"",""4d2e4005-a84b-525b-a492-d367c5e405d0"",""12b20e20-e117-5c00-83bc-e589b92b730e"",""e97a5398-37b9-5e89-91a9-9b3ae48d9534"",""7a8f92c5-5f85-593a-bf90-08e13c60a2e6"",""aa66f5e3-ac0e-57d6-9b69-aa54ea7c4fb9"",""d07b7490-853e-562b-b662-305e89e7718d"",""596c0800-372d-5056-8a35-9f8661656bf4"",""d08816e6-d4d6-5f35-9de3-d86528fa7a96"",""2e126757-f17e-5ee2-93db-94d31ed944b2"",""5e1af4e2-330f-563f-b639-2d3cd8d276c8"",""49cd1889-2a56-5913-8723-929335f68874"",""82b898ba-3b6d-567f-8996-4f259b74547e"",""d38eb7d2-e78b-5c2f-93e4-2e34846e80e6"",""33effc64-dcfe-5ced-badf-c4df49f68dc1"",""a3a03b99-34c0-504b-b529-32b798db318a"",""8b3ec7b0-123f-5597-95f7-1fafc5810d01"",""035c5442-19b8-5a84-8a59-b352a9660279"",""d6d45010-72fa-5741-b733-88958a8795d2"",""ab8215e5-b753-5a6a-a4e7-ad9caf42eeac"",""1b20061c-b208-551a-b06c-81ffeff623fc"",""9b6d0913-2ae6-5dab-ab36-d05e1c51b208"",""a27c1fb2-edc1-57e6-9d74-adb5a13fed3b"",""4696448b-8c21-591b-80cc-7344ea0b95ec"",""c1d75a33-928c-5636-b99c-def1fb29e0f5"",""61eebfb6-2555-5bce-ba71-7a750427392a"",""aba074a1-d451-595d-bc12-e257adbe7383"",""1ca34094-ee4d-5962-a78a-174d361a9cd3"",""7edb0577-da07-5c6f-8391-bb90e9822165"",""d7c5d484-54dc-5d1e-a3ac-65d60267a12c"",""f416cc8b-3bc2-5c4c-a91c-c56faf748684""]","[""09705d07-dd9c-4c46-93a9-4a99ad44865c"",""57f77e86-0e6b-4417-823c-6bd83679dab3""]",,,M6-evaluator-v1,observed,oracle,422,text,UP-R6-01-S02-HTTP,independent public-contract comparison,M6-ASSERTION-c8aadb94-1cf5-4247-8564-c94ffee9132a,,,,,,,,,2026-10-07T20:10:03.435180Z,,200,,2d9849af-4973-4fd8-a822-d8a60e17e5f5,d48d7873-817e-4867-974d-9abd8f220e79,09705d07-dd9c-4c46-93a9-4a99ad44865c,,6ab8c518-617b-4250-9602-10b240c6847e,,,,R6,57f77e86-0e6b-4417-823c-6bd83679dab3,,,,,,,1,failed,UP-R6-01,,,,,,,a27c1fb2-edc1-57e6-9d74-adb5a13fed3b,f421808e-bd73-46b2-9444-d7c6ebe0f163,evidence observations; interpretation separate
M7-analysis-v5,e9c20ce72fe0849f7459bebf76f7d1d014a5da86287e828a2d5d8f5ace310e1a,R6,dbb63e68d4ed9e904fa985aa5b88d674205b6caab086a8d981ac8918a9c68fb5,"[""4afc763c-033e-501c-9c9c-453207d31e62"",""1fed9611-d0cc-51e5-86e7-4ba237c836a2"",""0e4d4039-5409-5be7-a300-ded85e9c22d7"",""1c4afc6f-6679-57b7-ab6b-cec3053e85a1"",""76216ff6-0dab-5f43-913f-741c2deb7596"",""fe7c5fea-171a-5d3e-b93c-b9d53dca7c67"",""784c942d-b222-5013-a2e4-de4aa477a143"",""2f2d84f4-6f41-5df7-a828-cc0a3d9cdddf"",""c68f6332-f200-5595-940d-e5bcad78f1fe"",""54c3aba8-cb42-5023-9591-5cdd68bdd7c5"",""b9ac296e-4c6c-5cdc-9e03-14868c124af2"",""022ddff9-4332-5ba5-b884-42537f220a0c"",""0d262496-18e1-5973-84a6-84fbda64d0ff"",""447860c8-1d56-518b-88ad-7e103990b756"",""616ecfda-7163-5a8d-ba60-01f623d8b124"",""656bacfc-b102-5379-8db2-2f9f127621e0"",""88f2e658-6155-5924-bc85-63fe2aabb08a"",""9f032fb3-90ca-5749-aff5-1065077ac10e"",""4d2e4005-a84b-525b-a492-d367c5e405d0"",""12b20e20-e117-5c00-83bc-e589b92b730e"",""e97a5398-37b9-5e89-91a9-9b3ae48d9534"",""7a8f92c5-5f85-593a-bf90-08e13c60a2e6"",""aa66f5e3-ac0e-57d6-9b69-aa54ea7c4fb9"",""d07b7490-853e-562b-b662-305e89e7718d"",""596c0800-372d-5056-8a35-9f8661656bf4"",""d08816e6-d4d6-5f35-9de3-d86528fa7a96"",""2e126757-f17e-5ee2-93db-94d31ed944b2"",""5e1af4e2-330f-563f-b639-2d3cd8d276c8"",""49cd1889-2a56-5913-8723-929335f68874"",""82b898ba-3b6d-567f-8996-4f259b74547e"",""d38eb7d2-e78b-5c2f-93e4-2e34846e80e6"",""33effc64-dcfe-5ced-badf-c4df49f68dc1"",""a3a03b99-34c0-504b-b529-32b798db318a"",""8b3ec7b0-123f-5597-95f7-1fafc5810d01"",""035c5442-19b8-5a84-8a59-b352a9660279"",""d6d45010-72fa-5741-b733-88958a8795d2"",""ab8215e5-b753-5a6a-a4e7-ad9caf42eeac"",""1b20061c-b208-551a-b06c-81ffeff623fc"",""9b6d0913-2ae6-5dab-ab36-d05e1c51b208"",""a27c1fb2-edc1-57e6-9d74-adb5a13fed3b"",""4696448b-8c21-591b-80cc-7344ea0b95ec"",""c1d75a33-928c-5636-b99c-def1fb29e0f5"",""61eebfb6-2555-5bce-ba71-7a750427392a"",""aba074a1-d451-595d-bc12-e257adbe7383"",""1ca34094-ee4d-5962-a78a-174d361a9cd3"",""7edb0577-da07-5c6f-8391-bb90e9822165"",""d7c5d484-54dc-5d1e-a3ac-65d60267a12c"",""f416cc8b-3bc2-5c4c-a91c-c56faf748684""]","[""09705d07-dd9c-4c46-93a9-4a99ad44865c"",""57f77e86-0e6b-4417-823c-6bd83679dab3""]",,,M6-evaluator-v1,observed,oracle,"{""avatars"":[],""data"":{},""marker"":""INPUT_ERROR"",""region_count"":1}",text,UP-R6-01-S02-RESULT,independent public-contract comparison,M6-ASSERTION-3f46566a-7814-45da-a41b-22c98554e140,,,,,,,,,2026-10-07T20:10:03.435565Z,,"{""avatars"":[],""data"":{""path"":""study/uploads/seq-two.jpeg""},""marker"":""SUCCESS"",""region_count"":1}",,2d9849af-4973-4fd8-a822-d8a60e17e5f5,6b806274-7aec-471c-a400-753bfe9d59c6,09705d07-dd9c-4c46-93a9-4a99ad44865c,,6ab8c518-617b-4250-9602-10b240c6847e,,,,R6,57f77e86-0e6b-4417-823c-6bd83679dab3,,,,,,,1,failed,UP-R6-01,,,,,,,a27c1fb2-edc1-57e6-9d74-adb5a13fed3b,f421808e-bd73-46b2-9444-d7c6ebe0f163,evidence observations; interpretation separate
M7-analysis-v5,e9c20ce72fe0849f7459bebf76f7d1d014a5da86287e828a2d5d8f5ace310e1a,R6,dbb63e68d4ed9e904fa985aa5b88d674205b6caab086a8d981ac8918a9c68fb5,"[""4afc763c-033e-501c-9c9c-453207d31e62"",""1fed9611-d0cc-51e5-86e7-4ba237c836a2"",""0e4d4039-5409-5be7-a300-ded85e9c22d7"",""1c4afc6f-6679-57b7-ab6b-cec3053e85a1"",""76216ff6-0dab-5f43-913f-741c2deb7596"",""fe7c5fea-171a-5d3e-b93c-b9d53dca7c67"",""784c942d-b222-5013-a2e4-de4aa477a143"",""2f2d84f4-6f41-5df7-a828-cc0a3d9cdddf"",""c68f6332-f200-5595-940d-e5bcad78f1fe"",""54c3aba8-cb42-5023-9591-5cdd68bdd7c5"",""b9ac296e-4c6c-5cdc-9e03-14868c124af2"",""022ddff9-4332-5ba5-b884-42537f220a0c"",""0d262496-18e1-5973-84a6-84fbda64d0ff"",""447860c8-1d56-518b-88ad-7e103990b756"",""616ecfda-7163-5a8d-ba60-01f623d8b124"",""656bacfc-b102-5379-8db2-2f9f127621e0"",""88f2e658-6155-5924-bc85-63fe2aabb08a"",""9f032fb3-90ca-5749-aff5-1065077ac10e"",""4d2e4005-a84b-525b-a492-d367c5e405d0"",""12b20e20-e117-5c00-83bc-e589b92b730e"",""e97a5398-37b9-5e89-91a9-9b3ae48d9534"",""7a8f92c5-5f85-593a-bf90-08e13c60a2e6"",""aa66f5e3-ac0e-57d6-9b69-aa54ea7c4fb9"",""d07b7490-853e-562b-b662-305e89e7718d"",""596c0800-372d-5056-8a35-9f8661656bf4"",""d08816e6-d4d6-5f35-9de3-d86528fa7a96"",""2e126757-f17e-5ee2-93db-94d31ed944b2"",""5e1af4e2-330f-563f-b639-2d3cd8d276c8"",""49cd1889-2a56-5913-8723-929335f68874"",""82b898ba-3b6d-567f-8996-4f259b74547e"",""d38eb7d2-e78b-5c2f-93e4-2e34846e80e6"",""33effc64-dcfe-5ced-badf-c4df49f68dc1"",""a3a03b99-34c0-504b-b529-32b798db318a"",""8b3ec7b0-123f-5597-95f7-1fafc5810d01"",""035c5442-19b8-5a84-8a59-b352a9660279"",""d6d45010-72fa-5741-b733-88958a8795d2"",""ab8215e5-b753-5a6a-a4e7-ad9caf42eeac"",""1b20061c-b208-551a-b06c-81ffeff623fc"",""9b6d0913-2ae6-5dab-ab36-d05e1c51b208"",""a27c1fb2-edc1-57e6-9d74-adb5a13fed3b"",""4696448b-8c21-591b-80cc-7344ea0b95ec"",""c1d75a33-928c-5636-b99c-def1fb29e0f5"",""61eebfb6-2555-5bce-ba71-7a750427392a"",""aba074a1-d451-595d-bc12-e257adbe7383"",""1ca34094-ee4d-5962-a78a-174d361a9cd3"",""7edb0577-da07-5c6f-8391-bb90e9822165"",""d7c5d484-54dc-5d1e-a3ac-65d60267a12c"",""f416cc8b-3bc2-5c4c-a91c-c56faf748684""]","[""09705d07-dd9c-4c46-93a9-4a99ad44865c"",""57f77e86-0e6b-4417-823c-6bd83679dab3""]",,,M6-evaluator-v1,observed,oracle,"{""sentinel.txt"":{""sha256"":""cc809b73990c3ed04b989c020da6c36cfbefaff047c338817e10d2d086d9ec29"",""size"":28}}",text,UP-R6-01-S02-FILES,independent public-contract comparison,M6-ASSERTION-addb0bbf-6728-419c-adc5-2d772a0a3497,,,,,,,,,2026-10-07T20:10:03.436343Z,,"{""sentinel.txt"":{""sha256"":""cc809b73990c3ed04b989c020da6c36cfbefaff047c338817e10d2d086d9ec29"",""size"":28},""seq-one.png"":{""sha256"":""5152b4f262397512ec8d1d6f076c509a6052674e3814a0c78fb7bf368b4d5b62"",""size"":73},""seq-two.jpeg"":{""sha256"":""bfd0fb4d7039a1716a766f83be930226c9d8649aa4deeb926013cbe24dd53888"",""size"":777}}",,2d9849af-4973-4fd8-a822-d8a60e17e5f5,542b6370-c0a0-4d42-b269-e03e1964cee0,09705d07-dd9c-4c46-93a9-4a99ad44865c,,6ab8c518-617b-4250-9602-10b240c6847e,,,,R6,57f77e86-0e6b-4417-823c-6bd83679dab3,,,,,,,1,failed,UP-R6-01,,,,,,,a27c1fb2-edc1-57e6-9d74-adb5a13fed3b,f421808e-bd73-46b2-9444-d7c6ebe0f163,evidence observations; interpretation separate
M7-analysis-v5,e9cf9cb8af782dba885623dfbfd60980d42e42259e9654ecae36f604b6513896,R2,dbb63e68d4ed9e904fa985aa5b88d674205b6caab086a8d981ac8918a9c68fb5,"[""4afc763c-033e-501c-9c9c-453207d31e62"",""1fed9611-d0cc-51e5-86e7-4ba237c836a2"",""0e4d4039-5409-5be7-a300-ded85e9c22d7"",""1c4afc6f-6679-57b7-ab6b-cec3053e85a1"",""76216ff6-0dab-5f43-913f-741c2deb7596"",""fe7c5fea-171a-5d3e-b93c-b9d53dca7c67"",""784c942d-b222-5013-a2e4-de4aa477a143"",""2f2d84f4-6f41-5df7-a828-cc0a3d9cdddf"",""c68f6332-f200-5595-940d-e5bcad78f1fe"",""54c3aba8-cb42-5023-9591-5cdd68bdd7c5"",""b9ac296e-4c6c-5cdc-9e03-14868c124af2"",""022ddff9-4332-5ba5-b884-42537f220a0c"",""0d262496-18e1-5973-84a6-84fbda64d0ff"",""447860c8-1d56-518b-88ad-7e103990b756"",""616ecfda-7163-5a8d-ba60-01f623d8b124"",""656bacfc-b102-5379-8db2-2f9f127621e0"",""88f2e658-6155-5924-bc85-63fe2aabb08a"",""9f032fb3-90ca-5749-aff5-1065077ac10e"",""4d2e4005-a84b-525b-a492-d367c5e405d0"",""12b20e20-e117-5c00-83bc-e589b92b730e"",""e97a5398-37b9-5e89-91a9-9b3ae48d9534"",""7a8f92c5-5f85-593a-bf90-08e13c60a2e6"",""aa66f5e3-ac0e-57d6-9b69-aa54ea7c4fb9"",""d07b7490-853e-562b-b662-305e89e7718d"",""596c0800-372d-5056-8a35-9f8661656bf4"",""d08816e6-d4d6-5f35-9de3-d86528fa7a96"",""2e126757-f17e-5ee2-93db-94d31ed944b2"",""5e1af4e2-330f-563f-b639-2d3cd8d276c8"",""49cd1889-2a56-5913-8723-929335f68874"",""82b898ba-3b6d-567f-8996-4f259b74547e"",""d38eb7d2-e78b-5c2f-93e4-2e34846e80e6"",""33effc64-dcfe-5ced-badf-c4df49f68dc1"",""a3a03b99-34c0-504b-b529-32b798db318a"",""8b3ec7b0-123f-5597-95f7-1fafc5810d01"",""035c5442-19b8-5a84-8a59-b352a9660279"",""d6d45010-72fa-5741-b733-88958a8795d2"",""ab8215e5-b753-5a6a-a4e7-ad9caf42eeac"",""1b20061c-b208-551a-b06c-81ffeff623fc"",""9b6d0913-2ae6-5dab-ab36-d05e1c51b208"",""a27c1fb2-edc1-57e6-9d74-adb5a13fed3b"",""4696448b-8c21-591b-80cc-7344ea0b95ec"",""c1d75a33-928c-5636-b99c-def1fb29e0f5"",""61eebfb6-2555-5bce-ba71-7a750427392a"",""aba074a1-d451-595d-bc12-e257adbe7383"",""1ca34094-ee4d-5962-a78a-174d361a9cd3"",""7edb0577-da07-5c6f-8391-bb90e9822165"",""d7c5d484-54dc-5d1e-a3ac-65d60267a12c"",""f416cc8b-3bc2-5c4c-a91c-c56faf748684""]","[""0bf3698e-8533-45a3-85bb-ea1e61c4cbb3"",""8f188871-e08d-44d3-811d-b984d670fe25""]",,,M6-evaluator-v1,observed,oracle,500,text,UP-R2-02-S01-HTTP,independent public-contract comparison,M6-ASSERTION-6144fb34-5b48-404c-bc04-aaa7df27dcba,,,,,,,,,2026-10-07T04:32:52.829814Z,,200,,2d9849af-4973-4fd8-a822-d8a60e17e5f5,75b7ac48-51ef-433f-a6f9-833d7397c5c8,0bf3698e-8533-45a3-85bb-ea1e61c4cbb3,,ff889d3b-d4d4-4673-b14a-b2b14970b5ac,,,,R2,8f188871-e08d-44d3-811d-b984d670fe25,,,,,,,1,failed,UP-R2-02,,,,,,,447860c8-1d56-518b-88ad-7e103990b756,cfeaa0aa-6dd8-4858-8882-fd4719f86af4,evidence observations; interpretation separate
M7-analysis-v5,e9cf9cb8af782dba885623dfbfd60980d42e42259e9654ecae36f604b6513896,R2,dbb63e68d4ed9e904fa985aa5b88d674205b6caab086a8d981ac8918a9c68fb5,"[""4afc763c-033e-501c-9c9c-453207d31e62"",""1fed9611-d0cc-51e5-86e7-4ba237c836a2"",""0e4d4039-5409-5be7-a300-ded85e9c22d7"",""1c4afc6f-6679-57b7-ab6b-cec3053e85a1"",""76216ff6-0dab-5f43-913f-741c2deb7596"",""fe7c5fea-171a-5d3e-b93c-b9d53dca7c67"",""784c942d-b222-5013-a2e4-de4aa477a143"",""2f2d84f4-6f41-5df7-a828-cc0a3d9cdddf"",""c68f6332-f200-5595-940d-e5bcad78f1fe"",""54c3aba8-cb42-5023-9591-5cdd68bdd7c5"",""b9ac296e-4c6c-5cdc-9e03-14868c124af2"",""022ddff9-4332-5ba5-b884-42537f220a0c"",""0d262496-18e1-5973-84a6-84fbda64d0ff"",""447860c8-1d56-518b-88ad-7e103990b756"",""616ecfda-7163-5a8d-ba60-01f623d8b124"",""656bacfc-b102-5379-8db2-2f9f127621e0"",""88f2e658-6155-5924-bc85-63fe2aabb08a"",""9f032fb3-90ca-5749-aff5-1065077ac10e"",""4d2e4005-a84b-525b-a492-d367c5e405d0"",""12b20e20-e117-5c00-83bc-e589b92b730e"",""e97a5398-37b9-5e89-91a9-9b3ae48d9534"",""7a8f92c5-5f85-593a-bf90-08e13c60a2e6"",""aa66f5e3-ac0e-57d6-9b69-aa54ea7c4fb9"",""d07b7490-853e-562b-b662-305e89e7718d"",""596c0800-372d-5056-8a35-9f8661656bf4"",""d08816e6-d4d6-5f35-9de3-d86528fa7a96"",""2e126757-f17e-5ee2-93db-94d31ed944b2"",""5e1af4e2-330f-563f-b639-2d3cd8d276c8"",""49cd1889-2a56-5913-8723-929335f68874"",""82b898ba-3b6d-567f-8996-4f259b74547e"",""d38eb7d2-e78b-5c2f-93e4-2e34846e80e6"",""33effc64-dcfe-5ced-badf-c4df49f68dc1"",""a3a03b99-34c0-504b-b529-32b798db318a"",""8b3ec7b0-123f-5597-95f7-1fafc5810d01"",""035c5442-19b8-5a84-8a59-b352a9660279"",""d6d45010-72fa-5741-b733-88958a8795d2"",""ab8215e5-b753-5a6a-a4e7-ad9caf42eeac"",""1b20061c-b208-551a-b06c-81ffeff623fc"",""9b6d0913-2ae6-5dab-ab36-d05e1c51b208"",""a27c1fb2-edc1-57e6-9d74-adb5a13fed3b"",""4696448b-8c21-591b-80cc-7344ea0b95ec"",""c1d75a33-928c-5636-b99c-def1fb29e0f5"",""61eebfb6-2555-5bce-ba71-7a750427392a"",""aba074a1-d451-595d-bc12-e257adbe7383"",""1ca34094-ee4d-5962-a78a-174d361a9cd3"",""7edb0577-da07-5c6f-8391-bb90e9822165"",""d7c5d484-54dc-5d1e-a3ac-65d60267a12c"",""f416cc8b-3bc2-5c4c-a91c-c56faf748684""]","[""0bf3698e-8533-45a3-85bb-ea1e61c4cbb3"",""8f188871-e08d-44d3-811d-b984d670fe25""]",,,M6-evaluator-v1,observed,oracle,"{""avatars"":[],""data"":{},""marker"":null,""region_count"":0}",text,UP-R2-02-S01-RESULT,independent public-contract comparison,M6-ASSERTION-659cb8d5-db7e-4815-882b-016ecd184f66,,,,,,,,,2026-10-07T04:32:52.830304Z,,"{""avatars"":[],""data"":{""path"":""study/uploads/blue.jpg""},""marker"":""SUCCESS"",""region_count"":1}",,2d9849af-4973-4fd8-a822-d8a60e17e5f5,1cf10e5b-1f54-4b53-b267-a6e3da81bbdc,0bf3698e-8533-45a3-85bb-ea1e61c4cbb3,,ff889d3b-d4d4-4673-b14a-b2b14970b5ac,,,,R2,8f188871-e08d-44d3-811d-b984d670fe25,,,,,,,1,failed,UP-R2-02,,,,,,,447860c8-1d56-518b-88ad-7e103990b756,cfeaa0aa-6dd8-4858-8882-fd4719f86af4,evidence observations; interpretation separate
M7-analysis-v5,e9cf9cb8af782dba885623dfbfd60980d42e42259e9654ecae36f604b6513896,R2,dbb63e68d4ed9e904fa985aa5b88d674205b6caab086a8d981ac8918a9c68fb5,"[""4afc763c-033e-501c-9c9c-453207d31e62"",""1fed9611-d0cc-51e5-86e7-4ba237c836a2"",""0e4d4039-5409-5be7-a300-ded85e9c22d7"",""1c4afc6f-6679-57b7-ab6b-cec3053e85a1"",""76216ff6-0dab-5f43-913f-741c2deb7596"",""fe7c5fea-171a-5d3e-b93c-b9d53dca7c67"",""784c942d-b222-5013-a2e4-de4aa477a143"",""2f2d84f4-6f41-5df7-a828-cc0a3d9cdddf"",""c68f6332-f200-5595-940d-e5bcad78f1fe"",""54c3aba8-cb42-5023-9591-5cdd68bdd7c5"",""b9ac296e-4c6c-5cdc-9e03-14868c124af2"",""022ddff9-4332-5ba5-b884-42537f220a0c"",""0d262496-18e1-5973-84a6-84fbda64d0ff"",""447860c8-1d56-518b-88ad-7e103990b756"",""616ecfda-7163-5a8d-ba60-01f623d8b124"",""656bacfc-b102-5379-8db2-2f9f127621e0"",""88f2e658-6155-5924-bc85-63fe2aabb08a"",""9f032fb3-90ca-5749-aff5-1065077ac10e"",""4d2e4005-a84b-525b-a492-d367c5e405d0"",""12b20e20-e117-5c00-83bc-e589b92b730e"",""e97a5398-37b9-5e89-91a9-9b3ae48d9534"",""7a8f92c5-5f85-593a-bf90-08e13c60a2e6"",""aa66f5e3-ac0e-57d6-9b69-aa54ea7c4fb9"",""d07b7490-853e-562b-b662-305e89e7718d"",""596c0800-372d-5056-8a35-9f8661656bf4"",""d08816e6-d4d6-5f35-9de3-d86528fa7a96"",""2e126757-f17e-5ee2-93db-94d31ed944b2"",""5e1af4e2-330f-563f-b639-2d3cd8d276c8"",""49cd1889-2a56-5913-8723-929335f68874"",""82b898ba-3b6d-567f-8996-4f259b74547e"",""d38eb7d2-e78b-5c2f-93e4-2e34846e80e6"",""33effc64-dcfe-5ced-badf-c4df49f68dc1"",""a3a03b99-34c0-504b-b529-32b798db318a"",""8b3ec7b0-123f-5597-95f7-1fafc5810d01"",""035c5442-19b8-5a84-8a59-b352a9660279"",""d6d45010-72fa-5741-b733-88958a8795d2"",""ab8215e5-b753-5a6a-a4e7-ad9caf42eeac"",""1b20061c-b208-551a-b06c-81ffeff623fc"",""9b6d0913-2ae6-5dab-ab36-d05e1c51b208"",""a27c1fb2-edc1-57e6-9d74-adb5a13fed3b"",""4696448b-8c21-591b-80cc-7344ea0b95ec"",""c1d75a33-928c-5636-b99c-def1fb29e0f5"",""61eebfb6-2555-5bce-ba71-7a750427392a"",""aba074a1-d451-595d-bc12-e257adbe7383"",""1ca34094-ee4d-5962-a78a-174d361a9cd3"",""7edb0577-da07-5c6f-8391-bb90e9822165"",""d7c5d484-54dc-5d1e-a3ac-65d60267a12c"",""f416cc8b-3bc2-5c4c-a91c-c56faf748684""]","[""0bf3698e-8533-45a3-85bb-ea1e61c4cbb3"",""8f188871-e08d-44d3-811d-b984d670fe25""]",,,M6-evaluator-v1,observed,oracle,"{""sentinel.txt"":{""sha256"":""cc809b73990c3ed04b989c020da6c36cfbefaff047c338817e10d2d086d9ec29"",""size"":28}}",text,UP-R2-02-S01-FILES,independent public-contract comparison,M6-ASSERTION-b33abf89-f074-495f-bfa3-9cc4fbf9237c,,,,,,,,,2026-10-07T04:32:52.832694Z,,"{""blue.jpg"":{""sha256"":""bfd0fb4d7039a1716a766f83be930226c9d8649aa4deeb926013cbe24dd53888"",""size"":777},""sentinel.txt"":{""sha256"":""cc809b73990c3ed04b989c020da6c36cfbefaff047c338817e10d2d086d9ec29"",""size"":28}}",,2d9849af-4973-4fd8-a822-d8a60e17e5f5,1a270611-bd07-42b7-8e35-f5a3e229be6c,0bf3698e-8533-45a3-85bb-ea1e61c4cbb3,,ff889d3b-d4d4-4673-b14a-b2b14970b5ac,,,,R2,8f188871-e08d-44d3-811d-b984d670fe25,,,,,,,1,failed,UP-R2-02,,,,,,,447860c8-1d56-518b-88ad-7e103990b756,cfeaa0aa-6dd8-4858-8882-fd4719f86af4,evidence observations; interpretation separate
M7-analysis-v5,e9cf9cb8af782dba885623dfbfd60980d42e42259e9654ecae36f604b6513896,R2,dbb63e68d4ed9e904fa985aa5b88d674205b6caab086a8d981ac8918a9c68fb5,"[""4afc763c-033e-501c-9c9c-453207d31e62"",""1fed9611-d0cc-51e5-86e7-4ba237c836a2"",""0e4d4039-5409-5be7-a300-ded85e9c22d7"",""1c4afc6f-6679-57b7-ab6b-cec3053e85a1"",""76216ff6-0dab-5f43-913f-741c2deb7596"",""fe7c5fea-171a-5d3e-b93c-b9d53dca7c67"",""784c942d-b222-5013-a2e4-de4aa477a143"",""2f2d84f4-6f41-5df7-a828-cc0a3d9cdddf"",""c68f6332-f200-5595-940d-e5bcad78f1fe"",""54c3aba8-cb42-5023-9591-5cdd68bdd7c5"",""b9ac296e-4c6c-5cdc-9e03-14868c124af2"",""022ddff9-4332-5ba5-b884-42537f220a0c"",""0d262496-18e1-5973-84a6-84fbda64d0ff"",""447860c8-1d56-518b-88ad-7e103990b756"",""616ecfda-7163-5a8d-ba60-01f623d8b124"",""656bacfc-b102-5379-8db2-2f9f127621e0"",""88f2e658-6155-5924-bc85-63fe2aabb08a"",""9f032fb3-90ca-5749-aff5-1065077ac10e"",""4d2e4005-a84b-525b-a492-d367c5e405d0"",""12b20e20-e117-5c00-83bc-e589b92b730e"",""e97a5398-37b9-5e89-91a9-9b3ae48d9534"",""7a8f92c5-5f85-593a-bf90-08e13c60a2e6"",""aa66f5e3-ac0e-57d6-9b69-aa54ea7c4fb9"",""d07b7490-853e-562b-b662-305e89e7718d"",""596c0800-372d-5056-8a35-9f8661656bf4"",""d08816e6-d4d6-5f35-9de3-d86528fa7a96"",""2e126757-f17e-5ee2-93db-94d31ed944b2"",""5e1af4e2-330f-563f-b639-2d3cd8d276c8"",""49cd1889-2a56-5913-8723-929335f68874"",""82b898ba-3b6d-567f-8996-4f259b74547e"",""d38eb7d2-e78b-5c2f-93e4-2e34846e80e6"",""33effc64-dcfe-5ced-badf-c4df49f68dc1"",""a3a03b99-34c0-504b-b529-32b798db318a"",""8b3ec7b0-123f-5597-95f7-1fafc5810d01"",""035c5442-19b8-5a84-8a59-b352a9660279"",""d6d45010-72fa-5741-b733-88958a8795d2"",""ab8215e5-b753-5a6a-a4e7-ad9caf42eeac"",""1b20061c-b208-551a-b06c-81ffeff623fc"",""9b6d0913-2ae6-5dab-ab36-d05e1c51b208"",""a27c1fb2-edc1-57e6-9d74-adb5a13fed3b"",""4696448b-8c21-591b-80cc-7344ea0b95ec"",""c1d75a33-928c-5636-b99c-def1fb29e0f5"",""61eebfb6-2555-5bce-ba71-7a750427392a"",""aba074a1-d451-595d-bc12-e257adbe7383"",""1ca34094-ee4d-5962-a78a-174d361a9cd3"",""7edb0577-da07-5c6f-8391-bb90e9822165"",""d7c5d484-54dc-5d1e-a3ac-65d60267a12c"",""f416cc8b-3bc2-5c4c-a91c-c56faf748684""]","[""c6490a4b-7225-4231-bbc3-cfa0372d6c34"",""89fd882c-6621-45aa-be87-aec8f60baec6""]",,,M6-evaluator-v1,observed,oracle,500,text,UP-R2-01-S01-HTTP,independent public-contract comparison,M6-ASSERTION-b0f6bf86-588f-4d60-acf2-f51ca5f930c6,,,,,,,,,2026-10-07T04:32:52.827547Z,,200,,2d9849af-4973-4fd8-a822-d8a60e17e5f5,d20a2078-b04f-4179-a52f-a3b13e1dfaf6,c6490a4b-7225-4231-bbc3-cfa0372d6c34,,ff889d3b-d4d4-4673-b14a-b2b14970b5ac,,,,R2,89fd882c-6621-45aa-be87-aec8f60baec6,,,,,,,1,failed,UP-R2-01,,,,,,,447860c8-1d56-518b-88ad-7e103990b756,cfeaa0aa-6dd8-4858-8882-fd4719f86af4,evidence observations; interpretation separate
M7-analysis-v5,e9cf9cb8af782dba885623dfbfd60980d42e42259e9654ecae36f604b6513896,R2,dbb63e68d4ed9e904fa985aa5b88d674205b6caab086a8d981ac8918a9c68fb5,"[""4afc763c-033e-501c-9c9c-453207d31e62"",""1fed9611-d0cc-51e5-86e7-4ba237c836a2"",""0e4d4039-5409-5be7-a300-ded85e9c22d7"",""1c4afc6f-6679-57b7-ab6b-cec3053e85a1"",""76216ff6-0dab-5f43-913f-741c2deb7596"",""fe7c5fea-171a-5d3e-b93c-b9d53dca7c67"",""784c942d-b222-5013-a2e4-de4aa477a143"",""2f2d84f4-6f41-5df7-a828-cc0a3d9cdddf"",""c68f6332-f200-5595-940d-e5bcad78f1fe"",""54c3aba8-cb42-5023-9591-5cdd68bdd7c5"",""b9ac296e-4c6c-5cdc-9e03-14868c124af2"",""022ddff9-4332-5ba5-b884-42537f220a0c"",""0d262496-18e1-5973-84a6-84fbda64d0ff"",""447860c8-1d56-518b-88ad-7e103990b756"",""616ecfda-7163-5a8d-ba60-01f623d8b124"",""656bacfc-b102-5379-8db2-2f9f127621e0"",""88f2e658-6155-5924-bc85-63fe2aabb08a"",""9f032fb3-90ca-5749-aff5-1065077ac10e"",""4d2e4005-a84b-525b-a492-d367c5e405d0"",""12b20e20-e117-5c00-83bc-e589b92b730e"",""e97a5398-37b9-5e89-91a9-9b3ae48d9534"",""7a8f92c5-5f85-593a-bf90-08e13c60a2e6"",""aa66f5e3-ac0e-57d6-9b69-aa54ea7c4fb9"",""d07b7490-853e-562b-b662-305e89e7718d"",""596c0800-372d-5056-8a35-9f8661656bf4"",""d08816e6-d4d6-5f35-9de3-d86528fa7a96"",""2e126757-f17e-5ee2-93db-94d31ed944b2"",""5e1af4e2-330f-563f-b639-2d3cd8d276c8"",""49cd1889-2a56-5913-8723-929335f68874"",""82b898ba-3b6d-567f-8996-4f259b74547e"",""d38eb7d2-e78b-5c2f-93e4-2e34846e80e6"",""33effc64-dcfe-5ced-badf-c4df49f68dc1"",""a3a03b99-34c0-504b-b529-32b798db318a"",""8b3ec7b0-123f-5597-95f7-1fafc5810d01"",""035c5442-19b8-5a84-8a59-b352a9660279"",""d6d45010-72fa-5741-b733-88958a8795d2"",""ab8215e5-b753-5a6a-a4e7-ad9caf42eeac"",""1b20061c-b208-551a-b06c-81ffeff623fc"",""9b6d0913-2ae6-5dab-ab36-d05e1c51b208"",""a27c1fb2-edc1-57e6-9d74-adb5a13fed3b"",""4696448b-8c21-591b-80cc-7344ea0b95ec"",""c1d75a33-928c-5636-b99c-def1fb29e0f5"",""61eebfb6-2555-5bce-ba71-7a750427392a"",""aba074a1-d451-595d-bc12-e257adbe7383"",""1ca34094-ee4d-5962-a78a-174d361a9cd3"",""7edb0577-da07-5c6f-8391-bb90e9822165"",""d7c5d484-54dc-5d1e-a3ac-65d60267a12c"",""f416cc8b-3bc2-5c4c-a91c-c56faf748684""]","[""c6490a4b-7225-4231-bbc3-cfa0372d6c34"",""89fd882c-6621-45aa-be87-aec8f60baec6""]",,,M6-evaluator-v1,observed,oracle,"{""avatars"":[],""data"":{},""marker"":null,""region_count"":0}",text,UP-R2-01-S01-RESULT,independent public-contract comparison,M6-ASSERTION-2f217c07-aecc-4e4c-8dd5-26af29f1beb7,,,,,,,,,2026-10-07T04:32:52.828001Z,,"{""avatars"":[],""data"":{""path"":""study/uploads/amber.png""},""marker"":""SUCCESS"",""region_count"":1}",,2d9849af-4973-4fd8-a822-d8a60e17e5f5,423ddd04-bf93-480f-bc51-912a0be57413,c6490a4b-7225-4231-bbc3-cfa0372d6c34,,ff889d3b-d4d4-4673-b14a-b2b14970b5ac,,,,R2,89fd882c-6621-45aa-be87-aec8f60baec6,,,,,,,1,failed,UP-R2-01,,,,,,,447860c8-1d56-518b-88ad-7e103990b756,cfeaa0aa-6dd8-4858-8882-fd4719f86af4,evidence observations; interpretation separate
M7-analysis-v5,e9cf9cb8af782dba885623dfbfd60980d42e42259e9654ecae36f604b6513896,R2,dbb63e68d4ed9e904fa985aa5b88d674205b6caab086a8d981ac8918a9c68fb5,"[""4afc763c-033e-501c-9c9c-453207d31e62"",""1fed9611-d0cc-51e5-86e7-4ba237c836a2"",""0e4d4039-5409-5be7-a300-ded85e9c22d7"",""1c4afc6f-6679-57b7-ab6b-cec3053e85a1"",""76216ff6-0dab-5f43-913f-741c2deb7596"",""fe7c5fea-171a-5d3e-b93c-b9d53dca7c67"",""784c942d-b222-5013-a2e4-de4aa477a143"",""2f2d84f4-6f41-5df7-a828-cc0a3d9cdddf"",""c68f6332-f200-5595-940d-e5bcad78f1fe"",""54c3aba8-cb42-5023-9591-5cdd68bdd7c5"",""b9ac296e-4c6c-5cdc-9e03-14868c124af2"",""022ddff9-4332-5ba5-b884-42537f220a0c"",""0d262496-18e1-5973-84a6-84fbda64d0ff"",""447860c8-1d56-518b-88ad-7e103990b756"",""616ecfda-7163-5a8d-ba60-01f623d8b124"",""656bacfc-b102-5379-8db2-2f9f127621e0"",""88f2e658-6155-5924-bc85-63fe2aabb08a"",""9f032fb3-90ca-5749-aff5-1065077ac10e"",""4d2e4005-a84b-525b-a492-d367c5e405d0"",""12b20e20-e117-5c00-83bc-e589b92b730e"",""e97a5398-37b9-5e89-91a9-9b3ae48d9534"",""7a8f92c5-5f85-593a-bf90-08e13c60a2e6"",""aa66f5e3-ac0e-57d6-9b69-aa54ea7c4fb9"",""d07b7490-853e-562b-b662-305e89e7718d"",""596c0800-372d-5056-8a35-9f8661656bf4"",""d08816e6-d4d6-5f35-9de3-d86528fa7a96"",""2e126757-f17e-5ee2-93db-94d31ed944b2"",""5e1af4e2-330f-563f-b639-2d3cd8d276c8"",""49cd1889-2a56-5913-8723-929335f68874"",""82b898ba-3b6d-567f-8996-4f259b74547e"",""d38eb7d2-e78b-5c2f-93e4-2e34846e80e6"",""33effc64-dcfe-5ced-badf-c4df49f68dc1"",""a3a03b99-34c0-504b-b529-32b798db318a"",""8b3ec7b0-123f-5597-95f7-1fafc5810d01"",""035c5442-19b8-5a84-8a59-b352a9660279"",""d6d45010-72fa-5741-b733-88958a8795d2"",""ab8215e5-b753-5a6a-a4e7-ad9caf42eeac"",""1b20061c-b208-551a-b06c-81ffeff623fc"",""9b6d0913-2ae6-5dab-ab36-d05e1c51b208"",""a27c1fb2-edc1-57e6-9d74-adb5a13fed3b"",""4696448b-8c21-591b-80cc-7344ea0b95ec"",""c1d75a33-928c-5636-b99c-def1fb29e0f5"",""61eebfb6-2555-5bce-ba71-7a750427392a"",""aba074a1-d451-595d-bc12-e257adbe7383"",""1ca34094-ee4d-5962-a78a-174d361a9cd3"",""7edb0577-da07-5c6f-8391-bb90e9822165"",""d7c5d484-54dc-5d1e-a3ac-65d60267a12c"",""f416cc8b-3bc2-5c4c-a91c-c56faf748684""]","[""c6490a4b-7225-4231-bbc3-cfa0372d6c34"",""89fd882c-6621-45aa-be87-aec8f60baec6""]",,,M6-evaluator-v1,observed,oracle,"{""sentinel.txt"":{""sha256"":""cc809b73990c3ed04b989c020da6c36cfbefaff047c338817e10d2d086d9ec29"",""size"":28}}",text,UP-R2-01-S01-FILES,independent public-contract comparison,M6-ASSERTION-27014ea5-5b4a-4292-b248-70be1e73e8bb,,,,,,,,,2026-10-07T04:32:52.829347Z,,"{""amber.png"":{""sha256"":""5152b4f262397512ec8d1d6f076c509a6052674e3814a0c78fb7bf368b4d5b62"",""size"":73},""sentinel.txt"":{""sha256"":""cc809b73990c3ed04b989c020da6c36cfbefaff047c338817e10d2d086d9ec29"",""size"":28}}",,2d9849af-4973-4fd8-a822-d8a60e17e5f5,1a5d9796-83b5-4caa-89d8-3c470673f477,c6490a4b-7225-4231-bbc3-cfa0372d6c34,,ff889d3b-d4d4-4673-b14a-b2b14970b5ac,,,,R2,89fd882c-6621-45aa-be87-aec8f60baec6,,,,,,,1,failed,UP-R2-01,,,,,,,447860c8-1d56-518b-88ad-7e103990b756,cfeaa0aa-6dd8-4858-8882-fd4719f86af4,evidence observations; interpretation separate
M7-analysis-v5,e9cf9cb8af782dba885623dfbfd60980d42e42259e9654ecae36f604b6513896,R3,dbb63e68d4ed9e904fa985aa5b88d674205b6caab086a8d981ac8918a9c68fb5,"[""4afc763c-033e-501c-9c9c-453207d31e62"",""1fed9611-d0cc-51e5-86e7-4ba237c836a2"",""0e4d4039-5409-5be7-a300-ded85e9c22d7"",""1c4afc6f-6679-57b7-ab6b-cec3053e85a1"",""76216ff6-0dab-5f43-913f-741c2deb7596"",""fe7c5fea-171a-5d3e-b93c-b9d53dca7c67"",""784c942d-b222-5013-a2e4-de4aa477a143"",""2f2d84f4-6f41-5df7-a828-cc0a3d9cdddf"",""c68f6332-f200-5595-940d-e5bcad78f1fe"",""54c3aba8-cb42-5023-9591-5cdd68bdd7c5"",""b9ac296e-4c6c-5cdc-9e03-14868c124af2"",""022ddff9-4332-5ba5-b884-42537f220a0c"",""0d262496-18e1-5973-84a6-84fbda64d0ff"",""447860c8-1d56-518b-88ad-7e103990b756"",""616ecfda-7163-5a8d-ba60-01f623d8b124"",""656bacfc-b102-5379-8db2-2f9f127621e0"",""88f2e658-6155-5924-bc85-63fe2aabb08a"",""9f032fb3-90ca-5749-aff5-1065077ac10e"",""4d2e4005-a84b-525b-a492-d367c5e405d0"",""12b20e20-e117-5c00-83bc-e589b92b730e"",""e97a5398-37b9-5e89-91a9-9b3ae48d9534"",""7a8f92c5-5f85-593a-bf90-08e13c60a2e6"",""aa66f5e3-ac0e-57d6-9b69-aa54ea7c4fb9"",""d07b7490-853e-562b-b662-305e89e7718d"",""596c0800-372d-5056-8a35-9f8661656bf4"",""d08816e6-d4d6-5f35-9de3-d86528fa7a96"",""2e126757-f17e-5ee2-93db-94d31ed944b2"",""5e1af4e2-330f-563f-b639-2d3cd8d276c8"",""49cd1889-2a56-5913-8723-929335f68874"",""82b898ba-3b6d-567f-8996-4f259b74547e"",""d38eb7d2-e78b-5c2f-93e4-2e34846e80e6"",""33effc64-dcfe-5ced-badf-c4df49f68dc1"",""a3a03b99-34c0-504b-b529-32b798db318a"",""8b3ec7b0-123f-5597-95f7-1fafc5810d01"",""035c5442-19b8-5a84-8a59-b352a9660279"",""d6d45010-72fa-5741-b733-88958a8795d2"",""ab8215e5-b753-5a6a-a4e7-ad9caf42eeac"",""1b20061c-b208-551a-b06c-81ffeff623fc"",""9b6d0913-2ae6-5dab-ab36-d05e1c51b208"",""a27c1fb2-edc1-57e6-9d74-adb5a13fed3b"",""4696448b-8c21-591b-80cc-7344ea0b95ec"",""c1d75a33-928c-5636-b99c-def1fb29e0f5"",""61eebfb6-2555-5bce-ba71-7a750427392a"",""aba074a1-d451-595d-bc12-e257adbe7383"",""1ca34094-ee4d-5962-a78a-174d361a9cd3"",""7edb0577-da07-5c6f-8391-bb90e9822165"",""d7c5d484-54dc-5d1e-a3ac-65d60267a12c"",""f416cc8b-3bc2-5c4c-a91c-c56faf748684""]","[""0a70c65a-d13a-47df-a029-f45e4c85658f"",""bbafc82e-30f1-41b7-b474-5fae8f508936""]",,,M6-evaluator-v1,observed,oracle,"{""avatars"":[],""data"":{},""marker"":null,""region_count"":0}",text,UP-R3-01-S01-RESULT,independent public-contract comparison,M6-ASSERTION-12b94ab6-5f29-40c3-b0f3-651193937cb9,,,,,,,,,2026-10-07T04:32:52.833967Z,,"{""avatars"":[],""data"":{},""marker"":""UPLOAD_ERROR"",""region_count"":1}",,2d9849af-4973-4fd8-a822-d8a60e17e5f5,364d95b8-86b5-42ca-9c4d-a8070f30ea87,0a70c65a-d13a-47df-a029-f45e4c85658f,,ff889d3b-d4d4-4673-b14a-b2b14970b5ac,,,,R3,bbafc82e-30f1-41b7-b474-5fae8f508936,,,,,,,1,failed,UP-R3-01,,,,,,,447860c8-1d56-518b-88ad-7e103990b756,cfeaa0aa-6dd8-4858-8882-fd4719f86af4,evidence observations; interpretation separate
M7-analysis-v5,e9cf9cb8af782dba885623dfbfd60980d42e42259e9654ecae36f604b6513896,R5,dbb63e68d4ed9e904fa985aa5b88d674205b6caab086a8d981ac8918a9c68fb5,"[""4afc763c-033e-501c-9c9c-453207d31e62"",""1fed9611-d0cc-51e5-86e7-4ba237c836a2"",""0e4d4039-5409-5be7-a300-ded85e9c22d7"",""1c4afc6f-6679-57b7-ab6b-cec3053e85a1"",""76216ff6-0dab-5f43-913f-741c2deb7596"",""fe7c5fea-171a-5d3e-b93c-b9d53dca7c67"",""784c942d-b222-5013-a2e4-de4aa477a143"",""2f2d84f4-6f41-5df7-a828-cc0a3d9cdddf"",""c68f6332-f200-5595-940d-e5bcad78f1fe"",""54c3aba8-cb42-5023-9591-5cdd68bdd7c5"",""b9ac296e-4c6c-5cdc-9e03-14868c124af2"",""022ddff9-4332-5ba5-b884-42537f220a0c"",""0d262496-18e1-5973-84a6-84fbda64d0ff"",""447860c8-1d56-518b-88ad-7e103990b756"",""616ecfda-7163-5a8d-ba60-01f623d8b124"",""656bacfc-b102-5379-8db2-2f9f127621e0"",""88f2e658-6155-5924-bc85-63fe2aabb08a"",""9f032fb3-90ca-5749-aff5-1065077ac10e"",""4d2e4005-a84b-525b-a492-d367c5e405d0"",""12b20e20-e117-5c00-83bc-e589b92b730e"",""e97a5398-37b9-5e89-91a9-9b3ae48d9534"",""7a8f92c5-5f85-593a-bf90-08e13c60a2e6"",""aa66f5e3-ac0e-57d6-9b69-aa54ea7c4fb9"",""d07b7490-853e-562b-b662-305e89e7718d"",""596c0800-372d-5056-8a35-9f8661656bf4"",""d08816e6-d4d6-5f35-9de3-d86528fa7a96"",""2e126757-f17e-5ee2-93db-94d31ed944b2"",""5e1af4e2-330f-563f-b639-2d3cd8d276c8"",""49cd1889-2a56-5913-8723-929335f68874"",""82b898ba-3b6d-567f-8996-4f259b74547e"",""d38eb7d2-e78b-5c2f-93e4-2e34846e80e6"",""33effc64-dcfe-5ced-badf-c4df49f68dc1"",""a3a03b99-34c0-504b-b529-32b798db318a"",""8b3ec7b0-123f-5597-95f7-1fafc5810d01"",""035c5442-19b8-5a84-8a59-b352a9660279"",""d6d45010-72fa-5741-b733-88958a8795d2"",""ab8215e5-b753-5a6a-a4e7-ad9caf42eeac"",""1b20061c-b208-551a-b06c-81ffeff623fc"",""9b6d0913-2ae6-5dab-ab36-d05e1c51b208"",""a27c1fb2-edc1-57e6-9d74-adb5a13fed3b"",""4696448b-8c21-591b-80cc-7344ea0b95ec"",""c1d75a33-928c-5636-b99c-def1fb29e0f5"",""61eebfb6-2555-5bce-ba71-7a750427392a"",""aba074a1-d451-595d-bc12-e257adbe7383"",""1ca34094-ee4d-5962-a78a-174d361a9cd3"",""7edb0577-da07-5c6f-8391-bb90e9822165"",""d7c5d484-54dc-5d1e-a3ac-65d60267a12c"",""f416cc8b-3bc2-5c4c-a91c-c56faf748684""]","[""8036b207-5c68-4668-be5a-582cf49f1039"",""0b4359b7-7dd9-4a02-8efd-409ca8086870""]",,,M6-evaluator-v1,observed,oracle,500,text,UP-R5-02-S01-HTTP,independent public-contract comparison,M6-ASSERTION-f8c49ca8-a523-4616-b894-7724ee408a2b,,,,,,,,,2026-10-07T04:32:52.844876Z,,200,,2d9849af-4973-4fd8-a822-d8a60e17e5f5,dc432b7d-1f7d-450a-9e1b-017cf37330a2,8036b207-5c68-4668-be5a-582cf49f1039,,ff889d3b-d4d4-4673-b14a-b2b14970b5ac,,,,R5,0b4359b7-7dd9-4a02-8efd-409ca8086870,,,,,,,1,failed,UP-R5-02,,,,,,,447860c8-1d56-518b-88ad-7e103990b756,cfeaa0aa-6dd8-4858-8882-fd4719f86af4,evidence observations; interpretation separate
M7-analysis-v5,e9cf9cb8af782dba885623dfbfd60980d42e42259e9654ecae36f604b6513896,R5,dbb63e68d4ed9e904fa985aa5b88d674205b6caab086a8d981ac8918a9c68fb5,"[""4afc763c-033e-501c-9c9c-453207d31e62"",""1fed9611-d0cc-51e5-86e7-4ba237c836a2"",""0e4d4039-5409-5be7-a300-ded85e9c22d7"",""1c4afc6f-6679-57b7-ab6b-cec3053e85a1"",""76216ff6-0dab-5f43-913f-741c2deb7596"",""fe7c5fea-171a-5d3e-b93c-b9d53dca7c67"",""784c942d-b222-5013-a2e4-de4aa477a143"",""2f2d84f4-6f41-5df7-a828-cc0a3d9cdddf"",""c68f6332-f200-5595-940d-e5bcad78f1fe"",""54c3aba8-cb42-5023-9591-5cdd68bdd7c5"",""b9ac296e-4c6c-5cdc-9e03-14868c124af2"",""022ddff9-4332-5ba5-b884-42537f220a0c"",""0d262496-18e1-5973-84a6-84fbda64d0ff"",""447860c8-1d56-518b-88ad-7e103990b756"",""616ecfda-7163-5a8d-ba60-01f623d8b124"",""656bacfc-b102-5379-8db2-2f9f127621e0"",""88f2e658-6155-5924-bc85-63fe2aabb08a"",""9f032fb3-90ca-5749-aff5-1065077ac10e"",""4d2e4005-a84b-525b-a492-d367c5e405d0"",""12b20e20-e117-5c00-83bc-e589b92b730e"",""e97a5398-37b9-5e89-91a9-9b3ae48d9534"",""7a8f92c5-5f85-593a-bf90-08e13c60a2e6"",""aa66f5e3-ac0e-57d6-9b69-aa54ea7c4fb9"",""d07b7490-853e-562b-b662-305e89e7718d"",""596c0800-372d-5056-8a35-9f8661656bf4"",""d08816e6-d4d6-5f35-9de3-d86528fa7a96"",""2e126757-f17e-5ee2-93db-94d31ed944b2"",""5e1af4e2-330f-563f-b639-2d3cd8d276c8"",""49cd1889-2a56-5913-8723-929335f68874"",""82b898ba-3b6d-567f-8996-4f259b74547e"",""d38eb7d2-e78b-5c2f-93e4-2e34846e80e6"",""33effc64-dcfe-5ced-badf-c4df49f68dc1"",""a3a03b99-34c0-504b-b529-32b798db318a"",""8b3ec7b0-123f-5597-95f7-1fafc5810d01"",""035c5442-19b8-5a84-8a59-b352a9660279"",""d6d45010-72fa-5741-b733-88958a8795d2"",""ab8215e5-b753-5a6a-a4e7-ad9caf42eeac"",""1b20061c-b208-551a-b06c-81ffeff623fc"",""9b6d0913-2ae6-5dab-ab36-d05e1c51b208"",""a27c1fb2-edc1-57e6-9d74-adb5a13fed3b"",""4696448b-8c21-591b-80cc-7344ea0b95ec"",""c1d75a33-928c-5636-b99c-def1fb29e0f5"",""61eebfb6-2555-5bce-ba71-7a750427392a"",""aba074a1-d451-595d-bc12-e257adbe7383"",""1ca34094-ee4d-5962-a78a-174d361a9cd3"",""7edb0577-da07-5c6f-8391-bb90e9822165"",""d7c5d484-54dc-5d1e-a3ac-65d60267a12c"",""f416cc8b-3bc2-5c4c-a91c-c56faf748684""]","[""8036b207-5c68-4668-be5a-582cf49f1039"",""0b4359b7-7dd9-4a02-8efd-409ca8086870""]",,,M6-evaluator-v1,observed,oracle,"{""avatars"":[],""data"":{},""marker"":null,""region_count"":0}",text,UP-R5-02-S01-RESULT,independent public-contract comparison,M6-ASSERTION-16aa2e93-69e3-49ad-82cf-670bc8beab72,,,,,,,,,2026-10-07T04:32:52.845352Z,,"{""avatars"":[],""data"":{""path"":""study/uploads/green.png""},""marker"":""SUCCESS"",""region_count"":1}",,2d9849af-4973-4fd8-a822-d8a60e17e5f5,5fcf9383-bf30-4220-87f9-a7a9c0ced369,8036b207-5c68-4668-be5a-582cf49f1039,,ff889d3b-d4d4-4673-b14a-b2b14970b5ac,,,,R5,0b4359b7-7dd9-4a02-8efd-409ca8086870,,,,,,,1,failed,UP-R5-02,,,,,,,447860c8-1d56-518b-88ad-7e103990b756,cfeaa0aa-6dd8-4858-8882-fd4719f86af4,evidence observations; interpretation separate
M7-analysis-v5,e9cf9cb8af782dba885623dfbfd60980d42e42259e9654ecae36f604b6513896,R5,dbb63e68d4ed9e904fa985aa5b88d674205b6caab086a8d981ac8918a9c68fb5,"[""4afc763c-033e-501c-9c9c-453207d31e62"",""1fed9611-d0cc-51e5-86e7-4ba237c836a2"",""0e4d4039-5409-5be7-a300-ded85e9c22d7"",""1c4afc6f-6679-57b7-ab6b-cec3053e85a1"",""76216ff6-0dab-5f43-913f-741c2deb7596"",""fe7c5fea-171a-5d3e-b93c-b9d53dca7c67"",""784c942d-b222-5013-a2e4-de4aa477a143"",""2f2d84f4-6f41-5df7-a828-cc0a3d9cdddf"",""c68f6332-f200-5595-940d-e5bcad78f1fe"",""54c3aba8-cb42-5023-9591-5cdd68bdd7c5"",""b9ac296e-4c6c-5cdc-9e03-14868c124af2"",""022ddff9-4332-5ba5-b884-42537f220a0c"",""0d262496-18e1-5973-84a6-84fbda64d0ff"",""447860c8-1d56-518b-88ad-7e103990b756"",""616ecfda-7163-5a8d-ba60-01f623d8b124"",""656bacfc-b102-5379-8db2-2f9f127621e0"",""88f2e658-6155-5924-bc85-63fe2aabb08a"",""9f032fb3-90ca-5749-aff5-1065077ac10e"",""4d2e4005-a84b-525b-a492-d367c5e405d0"",""12b20e20-e117-5c00-83bc-e589b92b730e"",""e97a5398-37b9-5e89-91a9-9b3ae48d9534"",""7a8f92c5-5f85-593a-bf90-08e13c60a2e6"",""aa66f5e3-ac0e-57d6-9b69-aa54ea7c4fb9"",""d07b7490-853e-562b-b662-305e89e7718d"",""596c0800-372d-5056-8a35-9f8661656bf4"",""d08816e6-d4d6-5f35-9de3-d86528fa7a96"",""2e126757-f17e-5ee2-93db-94d31ed944b2"",""5e1af4e2-330f-563f-b639-2d3cd8d276c8"",""49cd1889-2a56-5913-8723-929335f68874"",""82b898ba-3b6d-567f-8996-4f259b74547e"",""d38eb7d2-e78b-5c2f-93e4-2e34846e80e6"",""33effc64-dcfe-5ced-badf-c4df49f68dc1"",""a3a03b99-34c0-504b-b529-32b798db318a"",""8b3ec7b0-123f-5597-95f7-1fafc5810d01"",""035c5442-19b8-5a84-8a59-b352a9660279"",""d6d45010-72fa-5741-b733-88958a8795d2"",""ab8215e5-b753-5a6a-a4e7-ad9caf42eeac"",""1b20061c-b208-551a-b06c-81ffeff623fc"",""9b6d0913-2ae6-5dab-ab36-d05e1c51b208"",""a27c1fb2-edc1-57e6-9d74-adb5a13fed3b"",""4696448b-8c21-591b-80cc-7344ea0b95ec"",""c1d75a33-928c-5636-b99c-def1fb29e0f5"",""61eebfb6-2555-5bce-ba71-7a750427392a"",""aba074a1-d451-595d-bc12-e257adbe7383"",""1ca34094-ee4d-5962-a78a-174d361a9cd3"",""7edb0577-da07-5c6f-8391-bb90e9822165"",""d7c5d484-54dc-5d1e-a3ac-65d60267a12c"",""f416cc8b-3bc2-5c4c-a91c-c56faf748684""]","[""8036b207-5c68-4668-be5a-582cf49f1039"",""0b4359b7-7dd9-4a02-8efd-409ca8086870""]",,,M6-evaluator-v1,observed,oracle,"{""sentinel.txt"":{""sha256"":""cc809b73990c3ed04b989c020da6c36cfbefaff047c338817e10d2d086d9ec29"",""size"":28}}",text,UP-R5-02-S01-FILES,independent public-contract comparison,M6-ASSERTION-bde6264c-6ff9-4998-8cd4-edf6c58760e3,,,,,,,,,2026-10-07T04:32:52.846445Z,,"{""green.png"":{""sha256"":""31bd12297554963e960c136b22a7a6dade4b234dc5c5a370bb16671f12af98ad"",""size"":73},""sentinel.txt"":{""sha256"":""cc809b73990c3ed04b989c020da6c36cfbefaff047c338817e10d2d086d9ec29"",""size"":28}}",,2d9849af-4973-4fd8-a822-d8a60e17e5f5,75313c89-9875-4584-a9a1-4f88213a9de6,8036b207-5c68-4668-be5a-582cf49f1039,,ff889d3b-d4d4-4673-b14a-b2b14970b5ac,,,,R5,0b4359b7-7dd9-4a02-8efd-409ca8086870,,,,,,,1,failed,UP-R5-02,,,,,,,447860c8-1d56-518b-88ad-7e103990b756,cfeaa0aa-6dd8-4858-8882-fd4719f86af4,evidence observations; interpretation separate
M7-analysis-v5,e9cf9cb8af782dba885623dfbfd60980d42e42259e9654ecae36f604b6513896,R5,dbb63e68d4ed9e904fa985aa5b88d674205b6caab086a8d981ac8918a9c68fb5,"[""4afc763c-033e-501c-9c9c-453207d31e62"",""1fed9611-d0cc-51e5-86e7-4ba237c836a2"",""0e4d4039-5409-5be7-a300-ded85e9c22d7"",""1c4afc6f-6679-57b7-ab6b-cec3053e85a1"",""76216ff6-0dab-5f43-913f-741c2deb7596"",""fe7c5fea-171a-5d3e-b93c-b9d53dca7c67"",""784c942d-b222-5013-a2e4-de4aa477a143"",""2f2d84f4-6f41-5df7-a828-cc0a3d9cdddf"",""c68f6332-f200-5595-940d-e5bcad78f1fe"",""54c3aba8-cb42-5023-9591-5cdd68bdd7c5"",""b9ac296e-4c6c-5cdc-9e03-14868c124af2"",""022ddff9-4332-5ba5-b884-42537f220a0c"",""0d262496-18e1-5973-84a6-84fbda64d0ff"",""447860c8-1d56-518b-88ad-7e103990b756"",""616ecfda-7163-5a8d-ba60-01f623d8b124"",""656bacfc-b102-5379-8db2-2f9f127621e0"",""88f2e658-6155-5924-bc85-63fe2aabb08a"",""9f032fb3-90ca-5749-aff5-1065077ac10e"",""4d2e4005-a84b-525b-a492-d367c5e405d0"",""12b20e20-e117-5c00-83bc-e589b92b730e"",""e97a5398-37b9-5e89-91a9-9b3ae48d9534"",""7a8f92c5-5f85-593a-bf90-08e13c60a2e6"",""aa66f5e3-ac0e-57d6-9b69-aa54ea7c4fb9"",""d07b7490-853e-562b-b662-305e89e7718d"",""596c0800-372d-5056-8a35-9f8661656bf4"",""d08816e6-d4d6-5f35-9de3-d86528fa7a96"",""2e126757-f17e-5ee2-93db-94d31ed944b2"",""5e1af4e2-330f-563f-b639-2d3cd8d276c8"",""49cd1889-2a56-5913-8723-929335f68874"",""82b898ba-3b6d-567f-8996-4f259b74547e"",""d38eb7d2-e78b-5c2f-93e4-2e34846e80e6"",""33effc64-dcfe-5ced-badf-c4df49f68dc1"",""a3a03b99-34c0-504b-b529-32b798db318a"",""8b3ec7b0-123f-5597-95f7-1fafc5810d01"",""035c5442-19b8-5a84-8a59-b352a9660279"",""d6d45010-72fa-5741-b733-88958a8795d2"",""ab8215e5-b753-5a6a-a4e7-ad9caf42eeac"",""1b20061c-b208-551a-b06c-81ffeff623fc"",""9b6d0913-2ae6-5dab-ab36-d05e1c51b208"",""a27c1fb2-edc1-57e6-9d74-adb5a13fed3b"",""4696448b-8c21-591b-80cc-7344ea0b95ec"",""c1d75a33-928c-5636-b99c-def1fb29e0f5"",""61eebfb6-2555-5bce-ba71-7a750427392a"",""aba074a1-d451-595d-bc12-e257adbe7383"",""1ca34094-ee4d-5962-a78a-174d361a9cd3"",""7edb0577-da07-5c6f-8391-bb90e9822165"",""d7c5d484-54dc-5d1e-a3ac-65d60267a12c"",""f416cc8b-3bc2-5c4c-a91c-c56faf748684""]","[""cdd73d15-a97b-4511-b415-5ac73de34742"",""b24f17d5-4a6f-41ae-a046-4ba124dac36d""]",,,M6-evaluator-v1,observed,oracle,500,text,UP-R5-01-S01-HTTP,independent public-contract comparison,M6-ASSERTION-731e7590-91f4-481d-bcff-44c95e0f0a17,,,,,,,,,2026-10-07T04:32:52.842349Z,,200,,2d9849af-4973-4fd8-a822-d8a60e17e5f5,432eaeea-e77c-48d4-9c3a-3feaddb50a7f,cdd73d15-a97b-4511-b415-5ac73de34742,,ff889d3b-d4d4-4673-b14a-b2b14970b5ac,,,,R5,b24f17d5-4a6f-41ae-a046-4ba124dac36d,,,,,,,1,failed,UP-R5-01,,,,,,,447860c8-1d56-518b-88ad-7e103990b756,cfeaa0aa-6dd8-4858-8882-fd4719f86af4,evidence observations; interpretation separate
M7-analysis-v5,e9cf9cb8af782dba885623dfbfd60980d42e42259e9654ecae36f604b6513896,R5,dbb63e68d4ed9e904fa985aa5b88d674205b6caab086a8d981ac8918a9c68fb5,"[""4afc763c-033e-501c-9c9c-453207d31e62"",""1fed9611-d0cc-51e5-86e7-4ba237c836a2"",""0e4d4039-5409-5be7-a300-ded85e9c22d7"",""1c4afc6f-6679-57b7-ab6b-cec3053e85a1"",""76216ff6-0dab-5f43-913f-741c2deb7596"",""fe7c5fea-171a-5d3e-b93c-b9d53dca7c67"",""784c942d-b222-5013-a2e4-de4aa477a143"",""2f2d84f4-6f41-5df7-a828-cc0a3d9cdddf"",""c68f6332-f200-5595-940d-e5bcad78f1fe"",""54c3aba8-cb42-5023-9591-5cdd68bdd7c5"",""b9ac296e-4c6c-5cdc-9e03-14868c124af2"",""022ddff9-4332-5ba5-b884-42537f220a0c"",""0d262496-18e1-5973-84a6-84fbda64d0ff"",""447860c8-1d56-518b-88ad-7e103990b756"",""616ecfda-7163-5a8d-ba60-01f623d8b124"",""656bacfc-b102-5379-8db2-2f9f127621e0"",""88f2e658-6155-5924-bc85-63fe2aabb08a"",""9f032fb3-90ca-5749-aff5-1065077ac10e"",""4d2e4005-a84b-525b-a492-d367c5e405d0"",""12b20e20-e117-5c00-83bc-e589b92b730e"",""e97a5398-37b9-5e89-91a9-9b3ae48d9534"",""7a8f92c5-5f85-593a-bf90-08e13c60a2e6"",""aa66f5e3-ac0e-57d6-9b69-aa54ea7c4fb9"",""d07b7490-853e-562b-b662-305e89e7718d"",""596c0800-372d-5056-8a35-9f8661656bf4"",""d08816e6-d4d6-5f35-9de3-d86528fa7a96"",""2e126757-f17e-5ee2-93db-94d31ed944b2"",""5e1af4e2-330f-563f-b639-2d3cd8d276c8"",""49cd1889-2a56-5913-8723-929335f68874"",""82b898ba-3b6d-567f-8996-4f259b74547e"",""d38eb7d2-e78b-5c2f-93e4-2e34846e80e6"",""33effc64-dcfe-5ced-badf-c4df49f68dc1"",""a3a03b99-34c0-504b-b529-32b798db318a"",""8b3ec7b0-123f-5597-95f7-1fafc5810d01"",""035c5442-19b8-5a84-8a59-b352a9660279"",""d6d45010-72fa-5741-b733-88958a8795d2"",""ab8215e5-b753-5a6a-a4e7-ad9caf42eeac"",""1b20061c-b208-551a-b06c-81ffeff623fc"",""9b6d0913-2ae6-5dab-ab36-d05e1c51b208"",""a27c1fb2-edc1-57e6-9d74-adb5a13fed3b"",""4696448b-8c21-591b-80cc-7344ea0b95ec"",""c1d75a33-928c-5636-b99c-def1fb29e0f5"",""61eebfb6-2555-5bce-ba71-7a750427392a"",""aba074a1-d451-595d-bc12-e257adbe7383"",""1ca34094-ee4d-5962-a78a-174d361a9cd3"",""7edb0577-da07-5c6f-8391-bb90e9822165"",""d7c5d484-54dc-5d1e-a3ac-65d60267a12c"",""f416cc8b-3bc2-5c4c-a91c-c56faf748684""]","[""cdd73d15-a97b-4511-b415-5ac73de34742"",""b24f17d5-4a6f-41ae-a046-4ba124dac36d""]",,,M6-evaluator-v1,observed,oracle,"{""avatars"":[],""data"":{},""marker"":null,""region_count"":0}",text,UP-R5-01-S01-RESULT,independent public-contract comparison,M6-ASSERTION-a9826fba-1dc1-462b-8be4-e87fd3be18d3,,,,,,,,,2026-10-07T04:32:52.842771Z,,"{""avatars"":[],""data"":{""path"":""study/uploads/blue.png""},""marker"":""SUCCESS"",""region_count"":1}",,2d9849af-4973-4fd8-a822-d8a60e17e5f5,fbb27d20-925e-4ec3-8eb1-377702c764d6,cdd73d15-a97b-4511-b415-5ac73de34742,,ff889d3b-d4d4-4673-b14a-b2b14970b5ac,,,,R5,b24f17d5-4a6f-41ae-a046-4ba124dac36d,,,,,,,1,failed,UP-R5-01,,,,,,,447860c8-1d56-518b-88ad-7e103990b756,cfeaa0aa-6dd8-4858-8882-fd4719f86af4,evidence observations; interpretation separate
M7-analysis-v5,e9cf9cb8af782dba885623dfbfd60980d42e42259e9654ecae36f604b6513896,R5,dbb63e68d4ed9e904fa985aa5b88d674205b6caab086a8d981ac8918a9c68fb5,"[""4afc763c-033e-501c-9c9c-453207d31e62"",""1fed9611-d0cc-51e5-86e7-4ba237c836a2"",""0e4d4039-5409-5be7-a300-ded85e9c22d7"",""1c4afc6f-6679-57b7-ab6b-cec3053e85a1"",""76216ff6-0dab-5f43-913f-741c2deb7596"",""fe7c5fea-171a-5d3e-b93c-b9d53dca7c67"",""784c942d-b222-5013-a2e4-de4aa477a143"",""2f2d84f4-6f41-5df7-a828-cc0a3d9cdddf"",""c68f6332-f200-5595-940d-e5bcad78f1fe"",""54c3aba8-cb42-5023-9591-5cdd68bdd7c5"",""b9ac296e-4c6c-5cdc-9e03-14868c124af2"",""022ddff9-4332-5ba5-b884-42537f220a0c"",""0d262496-18e1-5973-84a6-84fbda64d0ff"",""447860c8-1d56-518b-88ad-7e103990b756"",""616ecfda-7163-5a8d-ba60-01f623d8b124"",""656bacfc-b102-5379-8db2-2f9f127621e0"",""88f2e658-6155-5924-bc85-63fe2aabb08a"",""9f032fb3-90ca-5749-aff5-1065077ac10e"",""4d2e4005-a84b-525b-a492-d367c5e405d0"",""12b20e20-e117-5c00-83bc-e589b92b730e"",""e97a5398-37b9-5e89-91a9-9b3ae48d9534"",""7a8f92c5-5f85-593a-bf90-08e13c60a2e6"",""aa66f5e3-ac0e-57d6-9b69-aa54ea7c4fb9"",""d07b7490-853e-562b-b662-305e89e7718d"",""596c0800-372d-5056-8a35-9f8661656bf4"",""d08816e6-d4d6-5f35-9de3-d86528fa7a96"",""2e126757-f17e-5ee2-93db-94d31ed944b2"",""5e1af4e2-330f-563f-b639-2d3cd8d276c8"",""49cd1889-2a56-5913-8723-929335f68874"",""82b898ba-3b6d-567f-8996-4f259b74547e"",""d38eb7d2-e78b-5c2f-93e4-2e34846e80e6"",""33effc64-dcfe-5ced-badf-c4df49f68dc1"",""a3a03b99-34c0-504b-b529-32b798db318a"",""8b3ec7b0-123f-5597-95f7-1fafc5810d01"",""035c5442-19b8-5a84-8a59-b352a9660279"",""d6d45010-72fa-5741-b733-88958a8795d2"",""ab8215e5-b753-5a6a-a4e7-ad9caf42eeac"",""1b20061c-b208-551a-b06c-81ffeff623fc"",""9b6d0913-2ae6-5dab-ab36-d05e1c51b208"",""a27c1fb2-edc1-57e6-9d74-adb5a13fed3b"",""4696448b-8c21-591b-80cc-7344ea0b95ec"",""c1d75a33-928c-5636-b99c-def1fb29e0f5"",""61eebfb6-2555-5bce-ba71-7a750427392a"",""aba074a1-d451-595d-bc12-e257adbe7383"",""1ca34094-ee4d-5962-a78a-174d361a9cd3"",""7edb0577-da07-5c6f-8391-bb90e9822165"",""d7c5d484-54dc-5d1e-a3ac-65d60267a12c"",""f416cc8b-3bc2-5c4c-a91c-c56faf748684""]","[""cdd73d15-a97b-4511-b415-5ac73de34742"",""b24f17d5-4a6f-41ae-a046-4ba124dac36d""]",,,M6-evaluator-v1,observed,oracle,"{""sentinel.txt"":{""sha256"":""cc809b73990c3ed04b989c020da6c36cfbefaff047c338817e10d2d086d9ec29"",""size"":28}}",text,UP-R5-01-S01-FILES,independent public-contract comparison,M6-ASSERTION-e3ecd56b-e7a3-405a-aa82-0d033a02372f,,,,,,,,,2026-10-07T04:32:52.844432Z,,"{""blue.png"":{""sha256"":""4442d728adc33566e2be10ba0d573a8b4ec1ca033335b75eaac003a97facfc26"",""size"":73},""sentinel.txt"":{""sha256"":""cc809b73990c3ed04b989c020da6c36cfbefaff047c338817e10d2d086d9ec29"",""size"":28}}",,2d9849af-4973-4fd8-a822-d8a60e17e5f5,071bb9d2-997e-4bdb-a1fd-06743839ea56,cdd73d15-a97b-4511-b415-5ac73de34742,,ff889d3b-d4d4-4673-b14a-b2b14970b5ac,,,,R5,b24f17d5-4a6f-41ae-a046-4ba124dac36d,,,,,,,1,failed,UP-R5-01,,,,,,,447860c8-1d56-518b-88ad-7e103990b756,cfeaa0aa-6dd8-4858-8882-fd4719f86af4,evidence observations; interpretation separate
M7-analysis-v5,e9cf9cb8af782dba885623dfbfd60980d42e42259e9654ecae36f604b6513896,R6,dbb63e68d4ed9e904fa985aa5b88d674205b6caab086a8d981ac8918a9c68fb5,"[""4afc763c-033e-501c-9c9c-453207d31e62"",""1fed9611-d0cc-51e5-86e7-4ba237c836a2"",""0e4d4039-5409-5be7-a300-ded85e9c22d7"",""1c4afc6f-6679-57b7-ab6b-cec3053e85a1"",""76216ff6-0dab-5f43-913f-741c2deb7596"",""fe7c5fea-171a-5d3e-b93c-b9d53dca7c67"",""784c942d-b222-5013-a2e4-de4aa477a143"",""2f2d84f4-6f41-5df7-a828-cc0a3d9cdddf"",""c68f6332-f200-5595-940d-e5bcad78f1fe"",""54c3aba8-cb42-5023-9591-5cdd68bdd7c5"",""b9ac296e-4c6c-5cdc-9e03-14868c124af2"",""022ddff9-4332-5ba5-b884-42537f220a0c"",""0d262496-18e1-5973-84a6-84fbda64d0ff"",""447860c8-1d56-518b-88ad-7e103990b756"",""616ecfda-7163-5a8d-ba60-01f623d8b124"",""656bacfc-b102-5379-8db2-2f9f127621e0"",""88f2e658-6155-5924-bc85-63fe2aabb08a"",""9f032fb3-90ca-5749-aff5-1065077ac10e"",""4d2e4005-a84b-525b-a492-d367c5e405d0"",""12b20e20-e117-5c00-83bc-e589b92b730e"",""e97a5398-37b9-5e89-91a9-9b3ae48d9534"",""7a8f92c5-5f85-593a-bf90-08e13c60a2e6"",""aa66f5e3-ac0e-57d6-9b69-aa54ea7c4fb9"",""d07b7490-853e-562b-b662-305e89e7718d"",""596c0800-372d-5056-8a35-9f8661656bf4"",""d08816e6-d4d6-5f35-9de3-d86528fa7a96"",""2e126757-f17e-5ee2-93db-94d31ed944b2"",""5e1af4e2-330f-563f-b639-2d3cd8d276c8"",""49cd1889-2a56-5913-8723-929335f68874"",""82b898ba-3b6d-567f-8996-4f259b74547e"",""d38eb7d2-e78b-5c2f-93e4-2e34846e80e6"",""33effc64-dcfe-5ced-badf-c4df49f68dc1"",""a3a03b99-34c0-504b-b529-32b798db318a"",""8b3ec7b0-123f-5597-95f7-1fafc5810d01"",""035c5442-19b8-5a84-8a59-b352a9660279"",""d6d45010-72fa-5741-b733-88958a8795d2"",""ab8215e5-b753-5a6a-a4e7-ad9caf42eeac"",""1b20061c-b208-551a-b06c-81ffeff623fc"",""9b6d0913-2ae6-5dab-ab36-d05e1c51b208"",""a27c1fb2-edc1-57e6-9d74-adb5a13fed3b"",""4696448b-8c21-591b-80cc-7344ea0b95ec"",""c1d75a33-928c-5636-b99c-def1fb29e0f5"",""61eebfb6-2555-5bce-ba71-7a750427392a"",""aba074a1-d451-595d-bc12-e257adbe7383"",""1ca34094-ee4d-5962-a78a-174d361a9cd3"",""7edb0577-da07-5c6f-8391-bb90e9822165"",""d7c5d484-54dc-5d1e-a3ac-65d60267a12c"",""f416cc8b-3bc2-5c4c-a91c-c56faf748684""]","[""d93615c1-ffee-46d1-8292-d982a6816565"",""6f8d80aa-c94f-41a9-b4ea-a63ce7aa955b""]",,,M6-evaluator-v1,observed,oracle,500,text,UP-R6-01-S02-HTTP,independent public-contract comparison,M6-ASSERTION-56ef4679-2a4b-42f2-a89d-a034365dcc88,,,,,,,,,2026-10-07T04:32:52.850210Z,,200,,2d9849af-4973-4fd8-a822-d8a60e17e5f5,27b3d036-77cf-4dfd-b397-d60902aace55,d93615c1-ffee-46d1-8292-d982a6816565,,ff889d3b-d4d4-4673-b14a-b2b14970b5ac,,,,R6,6f8d80aa-c94f-41a9-b4ea-a63ce7aa955b,,,,,,,1,failed,UP-R6-01,,,,,,,447860c8-1d56-518b-88ad-7e103990b756,cfeaa0aa-6dd8-4858-8882-fd4719f86af4,evidence observations; interpretation separate
M7-analysis-v5,e9cf9cb8af782dba885623dfbfd60980d42e42259e9654ecae36f604b6513896,R6,dbb63e68d4ed9e904fa985aa5b88d674205b6caab086a8d981ac8918a9c68fb5,"[""4afc763c-033e-501c-9c9c-453207d31e62"",""1fed9611-d0cc-51e5-86e7-4ba237c836a2"",""0e4d4039-5409-5be7-a300-ded85e9c22d7"",""1c4afc6f-6679-57b7-ab6b-cec3053e85a1"",""76216ff6-0dab-5f43-913f-741c2deb7596"",""fe7c5fea-171a-5d3e-b93c-b9d53dca7c67"",""784c942d-b222-5013-a2e4-de4aa477a143"",""2f2d84f4-6f41-5df7-a828-cc0a3d9cdddf"",""c68f6332-f200-5595-940d-e5bcad78f1fe"",""54c3aba8-cb42-5023-9591-5cdd68bdd7c5"",""b9ac296e-4c6c-5cdc-9e03-14868c124af2"",""022ddff9-4332-5ba5-b884-42537f220a0c"",""0d262496-18e1-5973-84a6-84fbda64d0ff"",""447860c8-1d56-518b-88ad-7e103990b756"",""616ecfda-7163-5a8d-ba60-01f623d8b124"",""656bacfc-b102-5379-8db2-2f9f127621e0"",""88f2e658-6155-5924-bc85-63fe2aabb08a"",""9f032fb3-90ca-5749-aff5-1065077ac10e"",""4d2e4005-a84b-525b-a492-d367c5e405d0"",""12b20e20-e117-5c00-83bc-e589b92b730e"",""e97a5398-37b9-5e89-91a9-9b3ae48d9534"",""7a8f92c5-5f85-593a-bf90-08e13c60a2e6"",""aa66f5e3-ac0e-57d6-9b69-aa54ea7c4fb9"",""d07b7490-853e-562b-b662-305e89e7718d"",""596c0800-372d-5056-8a35-9f8661656bf4"",""d08816e6-d4d6-5f35-9de3-d86528fa7a96"",""2e126757-f17e-5ee2-93db-94d31ed944b2"",""5e1af4e2-330f-563f-b639-2d3cd8d276c8"",""49cd1889-2a56-5913-8723-929335f68874"",""82b898ba-3b6d-567f-8996-4f259b74547e"",""d38eb7d2-e78b-5c2f-93e4-2e34846e80e6"",""33effc64-dcfe-5ced-badf-c4df49f68dc1"",""a3a03b99-34c0-504b-b529-32b798db318a"",""8b3ec7b0-123f-5597-95f7-1fafc5810d01"",""035c5442-19b8-5a84-8a59-b352a9660279"",""d6d45010-72fa-5741-b733-88958a8795d2"",""ab8215e5-b753-5a6a-a4e7-ad9caf42eeac"",""1b20061c-b208-551a-b06c-81ffeff623fc"",""9b6d0913-2ae6-5dab-ab36-d05e1c51b208"",""a27c1fb2-edc1-57e6-9d74-adb5a13fed3b"",""4696448b-8c21-591b-80cc-7344ea0b95ec"",""c1d75a33-928c-5636-b99c-def1fb29e0f5"",""61eebfb6-2555-5bce-ba71-7a750427392a"",""aba074a1-d451-595d-bc12-e257adbe7383"",""1ca34094-ee4d-5962-a78a-174d361a9cd3"",""7edb0577-da07-5c6f-8391-bb90e9822165"",""d7c5d484-54dc-5d1e-a3ac-65d60267a12c"",""f416cc8b-3bc2-5c4c-a91c-c56faf748684""]","[""d93615c1-ffee-46d1-8292-d982a6816565"",""6f8d80aa-c94f-41a9-b4ea-a63ce7aa955b""]",,,M6-evaluator-v1,observed,oracle,"{""avatars"":[],""data"":{},""marker"":null,""region_count"":0}",text,UP-R6-01-S02-RESULT,independent public-contract comparison,M6-ASSERTION-25658b92-6bdc-4ef0-90f7-7f76f4c0ab04,,,,,,,,,2026-10-07T04:32:52.850635Z,,"{""avatars"":[],""data"":{""path"":""study/uploads/seq-two.jpeg""},""marker"":""SUCCESS"",""region_count"":1}",,2d9849af-4973-4fd8-a822-d8a60e17e5f5,52eff9f5-b2ce-4664-b090-77f73d7becd8,d93615c1-ffee-46d1-8292-d982a6816565,,ff889d3b-d4d4-4673-b14a-b2b14970b5ac,,,,R6,6f8d80aa-c94f-41a9-b4ea-a63ce7aa955b,,,,,,,1,failed,UP-R6-01,,,,,,,447860c8-1d56-518b-88ad-7e103990b756,cfeaa0aa-6dd8-4858-8882-fd4719f86af4,evidence observations; interpretation separate
M7-analysis-v5,e9cf9cb8af782dba885623dfbfd60980d42e42259e9654ecae36f604b6513896,R6,dbb63e68d4ed9e904fa985aa5b88d674205b6caab086a8d981ac8918a9c68fb5,"[""4afc763c-033e-501c-9c9c-453207d31e62"",""1fed9611-d0cc-51e5-86e7-4ba237c836a2"",""0e4d4039-5409-5be7-a300-ded85e9c22d7"",""1c4afc6f-6679-57b7-ab6b-cec3053e85a1"",""76216ff6-0dab-5f43-913f-741c2deb7596"",""fe7c5fea-171a-5d3e-b93c-b9d53dca7c67"",""784c942d-b222-5013-a2e4-de4aa477a143"",""2f2d84f4-6f41-5df7-a828-cc0a3d9cdddf"",""c68f6332-f200-5595-940d-e5bcad78f1fe"",""54c3aba8-cb42-5023-9591-5cdd68bdd7c5"",""b9ac296e-4c6c-5cdc-9e03-14868c124af2"",""022ddff9-4332-5ba5-b884-42537f220a0c"",""0d262496-18e1-5973-84a6-84fbda64d0ff"",""447860c8-1d56-518b-88ad-7e103990b756"",""616ecfda-7163-5a8d-ba60-01f623d8b124"",""656bacfc-b102-5379-8db2-2f9f127621e0"",""88f2e658-6155-5924-bc85-63fe2aabb08a"",""9f032fb3-90ca-5749-aff5-1065077ac10e"",""4d2e4005-a84b-525b-a492-d367c5e405d0"",""12b20e20-e117-5c00-83bc-e589b92b730e"",""e97a5398-37b9-5e89-91a9-9b3ae48d9534"",""7a8f92c5-5f85-593a-bf90-08e13c60a2e6"",""aa66f5e3-ac0e-57d6-9b69-aa54ea7c4fb9"",""d07b7490-853e-562b-b662-305e89e7718d"",""596c0800-372d-5056-8a35-9f8661656bf4"",""d08816e6-d4d6-5f35-9de3-d86528fa7a96"",""2e126757-f17e-5ee2-93db-94d31ed944b2"",""5e1af4e2-330f-563f-b639-2d3cd8d276c8"",""49cd1889-2a56-5913-8723-929335f68874"",""82b898ba-3b6d-567f-8996-4f259b74547e"",""d38eb7d2-e78b-5c2f-93e4-2e34846e80e6"",""33effc64-dcfe-5ced-badf-c4df49f68dc1"",""a3a03b99-34c0-504b-b529-32b798db318a"",""8b3ec7b0-123f-5597-95f7-1fafc5810d01"",""035c5442-19b8-5a84-8a59-b352a9660279"",""d6d45010-72fa-5741-b733-88958a8795d2"",""ab8215e5-b753-5a6a-a4e7-ad9caf42eeac"",""1b20061c-b208-551a-b06c-81ffeff623fc"",""9b6d0913-2ae6-5dab-ab36-d05e1c51b208"",""a27c1fb2-edc1-57e6-9d74-adb5a13fed3b"",""4696448b-8c21-591b-80cc-7344ea0b95ec"",""c1d75a33-928c-5636-b99c-def1fb29e0f5"",""61eebfb6-2555-5bce-ba71-7a750427392a"",""aba074a1-d451-595d-bc12-e257adbe7383"",""1ca34094-ee4d-5962-a78a-174d361a9cd3"",""7edb0577-da07-5c6f-8391-bb90e9822165"",""d7c5d484-54dc-5d1e-a3ac-65d60267a12c"",""f416cc8b-3bc2-5c4c-a91c-c56faf748684""]","[""d93615c1-ffee-46d1-8292-d982a6816565"",""6f8d80aa-c94f-41a9-b4ea-a63ce7aa955b""]",,,M6-evaluator-v1,observed,oracle,"{""sentinel.txt"":{""sha256"":""cc809b73990c3ed04b989c020da6c36cfbefaff047c338817e10d2d086d9ec29"",""size"":28}}",text,UP-R6-01-S02-FILES,independent public-contract comparison,M6-ASSERTION-0f3bdc41-000e-4737-9a21-4e1ef8227010,,,,,,,,,2026-10-07T04:32:52.852004Z,,"{""sentinel.txt"":{""sha256"":""cc809b73990c3ed04b989c020da6c36cfbefaff047c338817e10d2d086d9ec29"",""size"":28},""seq-one.png"":{""sha256"":""5152b4f262397512ec8d1d6f076c509a6052674e3814a0c78fb7bf368b4d5b62"",""size"":73},""seq-two.jpeg"":{""sha256"":""bfd0fb4d7039a1716a766f83be930226c9d8649aa4deeb926013cbe24dd53888"",""size"":777}}",,2d9849af-4973-4fd8-a822-d8a60e17e5f5,87ffc1b6-763f-4db8-9503-d3896e6883cd,d93615c1-ffee-46d1-8292-d982a6816565,,ff889d3b-d4d4-4673-b14a-b2b14970b5ac,,,,R6,6f8d80aa-c94f-41a9-b4ea-a63ce7aa955b,,,,,,,1,failed,UP-R6-01,,,,,,,447860c8-1d56-518b-88ad-7e103990b756,cfeaa0aa-6dd8-4858-8882-fd4719f86af4,evidence observations; interpretation separate
M7-analysis-v5,e9cf9cb8af782dba885623dfbfd60980d42e42259e9654ecae36f604b6513896,R6,dbb63e68d4ed9e904fa985aa5b88d674205b6caab086a8d981ac8918a9c68fb5,"[""4afc763c-033e-501c-9c9c-453207d31e62"",""1fed9611-d0cc-51e5-86e7-4ba237c836a2"",""0e4d4039-5409-5be7-a300-ded85e9c22d7"",""1c4afc6f-6679-57b7-ab6b-cec3053e85a1"",""76216ff6-0dab-5f43-913f-741c2deb7596"",""fe7c5fea-171a-5d3e-b93c-b9d53dca7c67"",""784c942d-b222-5013-a2e4-de4aa477a143"",""2f2d84f4-6f41-5df7-a828-cc0a3d9cdddf"",""c68f6332-f200-5595-940d-e5bcad78f1fe"",""54c3aba8-cb42-5023-9591-5cdd68bdd7c5"",""b9ac296e-4c6c-5cdc-9e03-14868c124af2"",""022ddff9-4332-5ba5-b884-42537f220a0c"",""0d262496-18e1-5973-84a6-84fbda64d0ff"",""447860c8-1d56-518b-88ad-7e103990b756"",""616ecfda-7163-5a8d-ba60-01f623d8b124"",""656bacfc-b102-5379-8db2-2f9f127621e0"",""88f2e658-6155-5924-bc85-63fe2aabb08a"",""9f032fb3-90ca-5749-aff5-1065077ac10e"",""4d2e4005-a84b-525b-a492-d367c5e405d0"",""12b20e20-e117-5c00-83bc-e589b92b730e"",""e97a5398-37b9-5e89-91a9-9b3ae48d9534"",""7a8f92c5-5f85-593a-bf90-08e13c60a2e6"",""aa66f5e3-ac0e-57d6-9b69-aa54ea7c4fb9"",""d07b7490-853e-562b-b662-305e89e7718d"",""596c0800-372d-5056-8a35-9f8661656bf4"",""d08816e6-d4d6-5f35-9de3-d86528fa7a96"",""2e126757-f17e-5ee2-93db-94d31ed944b2"",""5e1af4e2-330f-563f-b639-2d3cd8d276c8"",""49cd1889-2a56-5913-8723-929335f68874"",""82b898ba-3b6d-567f-8996-4f259b74547e"",""d38eb7d2-e78b-5c2f-93e4-2e34846e80e6"",""33effc64-dcfe-5ced-badf-c4df49f68dc1"",""a3a03b99-34c0-504b-b529-32b798db318a"",""8b3ec7b0-123f-5597-95f7-1fafc5810d01"",""035c5442-19b8-5a84-8a59-b352a9660279"",""d6d45010-72fa-5741-b733-88958a8795d2"",""ab8215e5-b753-5a6a-a4e7-ad9caf42eeac"",""1b20061c-b208-551a-b06c-81ffeff623fc"",""9b6d0913-2ae6-5dab-ab36-d05e1c51b208"",""a27c1fb2-edc1-57e6-9d74-adb5a13fed3b"",""4696448b-8c21-591b-80cc-7344ea0b95ec"",""c1d75a33-928c-5636-b99c-def1fb29e0f5"",""61eebfb6-2555-5bce-ba71-7a750427392a"",""aba074a1-d451-595d-bc12-e257adbe7383"",""1ca34094-ee4d-5962-a78a-174d361a9cd3"",""7edb0577-da07-5c6f-8391-bb90e9822165"",""d7c5d484-54dc-5d1e-a3ac-65d60267a12c"",""f416cc8b-3bc2-5c4c-a91c-c56faf748684""]","[""d93615c1-ffee-46d1-8292-d982a6816565"",""b285aaab-f96e-462b-a2ca-c8a821067ef9""]",,,M6-evaluator-v1,observed,oracle,500,text,UP-R6-01-S03-HTTP,independent public-contract comparison,M6-ASSERTION-44bed806-e0be-48c5-bfcf-a2e8c94e2098,,,,,,,,,2026-10-07T04:32:52.852977Z,,200,,2d9849af-4973-4fd8-a822-d8a60e17e5f5,19505c58-47f9-41c9-9242-0339ef02c5fa,d93615c1-ffee-46d1-8292-d982a6816565,,ff889d3b-d4d4-4673-b14a-b2b14970b5ac,,,,R6,b285aaab-f96e-462b-a2ca-c8a821067ef9,,,,,,,1,failed,UP-R6-01,,,,,,,447860c8-1d56-518b-88ad-7e103990b756,cfeaa0aa-6dd8-4858-8882-fd4719f86af4,evidence observations; interpretation separate
M7-analysis-v5,e9cf9cb8af782dba885623dfbfd60980d42e42259e9654ecae36f604b6513896,R6,dbb63e68d4ed9e904fa985aa5b88d674205b6caab086a8d981ac8918a9c68fb5,"[""4afc763c-033e-501c-9c9c-453207d31e62"",""1fed9611-d0cc-51e5-86e7-4ba237c836a2"",""0e4d4039-5409-5be7-a300-ded85e9c22d7"",""1c4afc6f-6679-57b7-ab6b-cec3053e85a1"",""76216ff6-0dab-5f43-913f-741c2deb7596"",""fe7c5fea-171a-5d3e-b93c-b9d53dca7c67"",""784c942d-b222-5013-a2e4-de4aa477a143"",""2f2d84f4-6f41-5df7-a828-cc0a3d9cdddf"",""c68f6332-f200-5595-940d-e5bcad78f1fe"",""54c3aba8-cb42-5023-9591-5cdd68bdd7c5"",""b9ac296e-4c6c-5cdc-9e03-14868c124af2"",""022ddff9-4332-5ba5-b884-42537f220a0c"",""0d262496-18e1-5973-84a6-84fbda64d0ff"",""447860c8-1d56-518b-88ad-7e103990b756"",""616ecfda-7163-5a8d-ba60-01f623d8b124"",""656bacfc-b102-5379-8db2-2f9f127621e0"",""88f2e658-6155-5924-bc85-63fe2aabb08a"",""9f032fb3-90ca-5749-aff5-1065077ac10e"",""4d2e4005-a84b-525b-a492-d367c5e405d0"",""12b20e20-e117-5c00-83bc-e589b92b730e"",""e97a5398-37b9-5e89-91a9-9b3ae48d9534"",""7a8f92c5-5f85-593a-bf90-08e13c60a2e6"",""aa66f5e3-ac0e-57d6-9b69-aa54ea7c4fb9"",""d07b7490-853e-562b-b662-305e89e7718d"",""596c0800-372d-5056-8a35-9f8661656bf4"",""d08816e6-d4d6-5f35-9de3-d86528fa7a96"",""2e126757-f17e-5ee2-93db-94d31ed944b2"",""5e1af4e2-330f-563f-b639-2d3cd8d276c8"",""49cd1889-2a56-5913-8723-929335f68874"",""82b898ba-3b6d-567f-8996-4f259b74547e"",""d38eb7d2-e78b-5c2f-93e4-2e34846e80e6"",""33effc64-dcfe-5ced-badf-c4df49f68dc1"",""a3a03b99-34c0-504b-b529-32b798db318a"",""8b3ec7b0-123f-5597-95f7-1fafc5810d01"",""035c5442-19b8-5a84-8a59-b352a9660279"",""d6d45010-72fa-5741-b733-88958a8795d2"",""ab8215e5-b753-5a6a-a4e7-ad9caf42eeac"",""1b20061c-b208-551a-b06c-81ffeff623fc"",""9b6d0913-2ae6-5dab-ab36-d05e1c51b208"",""a27c1fb2-edc1-57e6-9d74-adb5a13fed3b"",""4696448b-8c21-591b-80cc-7344ea0b95ec"",""c1d75a33-928c-5636-b99c-def1fb29e0f5"",""61eebfb6-2555-5bce-ba71-7a750427392a"",""aba074a1-d451-595d-bc12-e257adbe7383"",""1ca34094-ee4d-5962-a78a-174d361a9cd3"",""7edb0577-da07-5c6f-8391-bb90e9822165"",""d7c5d484-54dc-5d1e-a3ac-65d60267a12c"",""f416cc8b-3bc2-5c4c-a91c-c56faf748684""]","[""d93615c1-ffee-46d1-8292-d982a6816565"",""b285aaab-f96e-462b-a2ca-c8a821067ef9""]",,,M6-evaluator-v1,observed,oracle,"{""avatars"":[],""data"":{},""marker"":null,""region_count"":0}",text,UP-R6-01-S03-RESULT,independent public-contract comparison,M6-ASSERTION-a64bdbb6-daa3-49f8-b23d-8b65cb21bdb4,,,,,,,,,2026-10-07T04:32:52.853470Z,,"{""avatars"":[],""data"":{""path"":""study/uploads/seq-three.png""},""marker"":""SUCCESS"",""region_count"":1}",,2d9849af-4973-4fd8-a822-d8a60e17e5f5,9bf76111-3494-4162-b56c-f57f5e7a9c66,d93615c1-ffee-46d1-8292-d982a6816565,,ff889d3b-d4d4-4673-b14a-b2b14970b5ac,,,,R6,b285aaab-f96e-462b-a2ca-c8a821067ef9,,,,,,,1,failed,UP-R6-01,,,,,,,447860c8-1d56-518b-88ad-7e103990b756,cfeaa0aa-6dd8-4858-8882-fd4719f86af4,evidence observations; interpretation separate
M7-analysis-v5,e9cf9cb8af782dba885623dfbfd60980d42e42259e9654ecae36f604b6513896,R6,dbb63e68d4ed9e904fa985aa5b88d674205b6caab086a8d981ac8918a9c68fb5,"[""4afc763c-033e-501c-9c9c-453207d31e62"",""1fed9611-d0cc-51e5-86e7-4ba237c836a2"",""0e4d4039-5409-5be7-a300-ded85e9c22d7"",""1c4afc6f-6679-57b7-ab6b-cec3053e85a1"",""76216ff6-0dab-5f43-913f-741c2deb7596"",""fe7c5fea-171a-5d3e-b93c-b9d53dca7c67"",""784c942d-b222-5013-a2e4-de4aa477a143"",""2f2d84f4-6f41-5df7-a828-cc0a3d9cdddf"",""c68f6332-f200-5595-940d-e5bcad78f1fe"",""54c3aba8-cb42-5023-9591-5cdd68bdd7c5"",""b9ac296e-4c6c-5cdc-9e03-14868c124af2"",""022ddff9-4332-5ba5-b884-42537f220a0c"",""0d262496-18e1-5973-84a6-84fbda64d0ff"",""447860c8-1d56-518b-88ad-7e103990b756"",""616ecfda-7163-5a8d-ba60-01f623d8b124"",""656bacfc-b102-5379-8db2-2f9f127621e0"",""88f2e658-6155-5924-bc85-63fe2aabb08a"",""9f032fb3-90ca-5749-aff5-1065077ac10e"",""4d2e4005-a84b-525b-a492-d367c5e405d0"",""12b20e20-e117-5c00-83bc-e589b92b730e"",""e97a5398-37b9-5e89-91a9-9b3ae48d9534"",""7a8f92c5-5f85-593a-bf90-08e13c60a2e6"",""aa66f5e3-ac0e-57d6-9b69-aa54ea7c4fb9"",""d07b7490-853e-562b-b662-305e89e7718d"",""596c0800-372d-5056-8a35-9f8661656bf4"",""d08816e6-d4d6-5f35-9de3-d86528fa7a96"",""2e126757-f17e-5ee2-93db-94d31ed944b2"",""5e1af4e2-330f-563f-b639-2d3cd8d276c8"",""49cd1889-2a56-5913-8723-929335f68874"",""82b898ba-3b6d-567f-8996-4f259b74547e"",""d38eb7d2-e78b-5c2f-93e4-2e34846e80e6"",""33effc64-dcfe-5ced-badf-c4df49f68dc1"",""a3a03b99-34c0-504b-b529-32b798db318a"",""8b3ec7b0-123f-5597-95f7-1fafc5810d01"",""035c5442-19b8-5a84-8a59-b352a9660279"",""d6d45010-72fa-5741-b733-88958a8795d2"",""ab8215e5-b753-5a6a-a4e7-ad9caf42eeac"",""1b20061c-b208-551a-b06c-81ffeff623fc"",""9b6d0913-2ae6-5dab-ab36-d05e1c51b208"",""a27c1fb2-edc1-57e6-9d74-adb5a13fed3b"",""4696448b-8c21-591b-80cc-7344ea0b95ec"",""c1d75a33-928c-5636-b99c-def1fb29e0f5"",""61eebfb6-2555-5bce-ba71-7a750427392a"",""aba074a1-d451-595d-bc12-e257adbe7383"",""1ca34094-ee4d-5962-a78a-174d361a9cd3"",""7edb0577-da07-5c6f-8391-bb90e9822165"",""d7c5d484-54dc-5d1e-a3ac-65d60267a12c"",""f416cc8b-3bc2-5c4c-a91c-c56faf748684""]","[""d93615c1-ffee-46d1-8292-d982a6816565"",""b285aaab-f96e-462b-a2ca-c8a821067ef9""]",,,M6-evaluator-v1,observed,oracle,"{""sentinel.txt"":{""sha256"":""cc809b73990c3ed04b989c020da6c36cfbefaff047c338817e10d2d086d9ec29"",""size"":28}}",text,UP-R6-01-S03-FILES,independent public-contract comparison,M6-ASSERTION-8e818e2a-60d5-4945-be7a-2a119ee4c93c,,,,,,,,,2026-10-07T04:32:52.854531Z,,"{""sentinel.txt"":{""sha256"":""cc809b73990c3ed04b989c020da6c36cfbefaff047c338817e10d2d086d9ec29"",""size"":28},""seq-one.png"":{""sha256"":""5152b4f262397512ec8d1d6f076c509a6052674e3814a0c78fb7bf368b4d5b62"",""size"":73},""seq-three.png"":{""sha256"":""31bd12297554963e960c136b22a7a6dade4b234dc5c5a370bb16671f12af98ad"",""size"":73},""seq-two.jpeg"":{""sha256"":""bfd0fb4d7039a1716a766f83be930226c9d8649aa4deeb926013cbe24dd53888"",""size"":777}}",,2d9849af-4973-4fd8-a822-d8a60e17e5f5,d5ad34c6-74a2-4d1f-9f1e-408fec562201,d93615c1-ffee-46d1-8292-d982a6816565,,ff889d3b-d4d4-4673-b14a-b2b14970b5ac,,,,R6,b285aaab-f96e-462b-a2ca-c8a821067ef9,,,,,,,1,failed,UP-R6-01,,,,,,,447860c8-1d56-518b-88ad-7e103990b756,cfeaa0aa-6dd8-4858-8882-fd4719f86af4,evidence observations; interpretation separate
M7-analysis-v5,e9cf9cb8af782dba885623dfbfd60980d42e42259e9654ecae36f604b6513896,R6,dbb63e68d4ed9e904fa985aa5b88d674205b6caab086a8d981ac8918a9c68fb5,"[""4afc763c-033e-501c-9c9c-453207d31e62"",""1fed9611-d0cc-51e5-86e7-4ba237c836a2"",""0e4d4039-5409-5be7-a300-ded85e9c22d7"",""1c4afc6f-6679-57b7-ab6b-cec3053e85a1"",""76216ff6-0dab-5f43-913f-741c2deb7596"",""fe7c5fea-171a-5d3e-b93c-b9d53dca7c67"",""784c942d-b222-5013-a2e4-de4aa477a143"",""2f2d84f4-6f41-5df7-a828-cc0a3d9cdddf"",""c68f6332-f200-5595-940d-e5bcad78f1fe"",""54c3aba8-cb42-5023-9591-5cdd68bdd7c5"",""b9ac296e-4c6c-5cdc-9e03-14868c124af2"",""022ddff9-4332-5ba5-b884-42537f220a0c"",""0d262496-18e1-5973-84a6-84fbda64d0ff"",""447860c8-1d56-518b-88ad-7e103990b756"",""616ecfda-7163-5a8d-ba60-01f623d8b124"",""656bacfc-b102-5379-8db2-2f9f127621e0"",""88f2e658-6155-5924-bc85-63fe2aabb08a"",""9f032fb3-90ca-5749-aff5-1065077ac10e"",""4d2e4005-a84b-525b-a492-d367c5e405d0"",""12b20e20-e117-5c00-83bc-e589b92b730e"",""e97a5398-37b9-5e89-91a9-9b3ae48d9534"",""7a8f92c5-5f85-593a-bf90-08e13c60a2e6"",""aa66f5e3-ac0e-57d6-9b69-aa54ea7c4fb9"",""d07b7490-853e-562b-b662-305e89e7718d"",""596c0800-372d-5056-8a35-9f8661656bf4"",""d08816e6-d4d6-5f35-9de3-d86528fa7a96"",""2e126757-f17e-5ee2-93db-94d31ed944b2"",""5e1af4e2-330f-563f-b639-2d3cd8d276c8"",""49cd1889-2a56-5913-8723-929335f68874"",""82b898ba-3b6d-567f-8996-4f259b74547e"",""d38eb7d2-e78b-5c2f-93e4-2e34846e80e6"",""33effc64-dcfe-5ced-badf-c4df49f68dc1"",""a3a03b99-34c0-504b-b529-32b798db318a"",""8b3ec7b0-123f-5597-95f7-1fafc5810d01"",""035c5442-19b8-5a84-8a59-b352a9660279"",""d6d45010-72fa-5741-b733-88958a8795d2"",""ab8215e5-b753-5a6a-a4e7-ad9caf42eeac"",""1b20061c-b208-551a-b06c-81ffeff623fc"",""9b6d0913-2ae6-5dab-ab36-d05e1c51b208"",""a27c1fb2-edc1-57e6-9d74-adb5a13fed3b"",""4696448b-8c21-591b-80cc-7344ea0b95ec"",""c1d75a33-928c-5636-b99c-def1fb29e0f5"",""61eebfb6-2555-5bce-ba71-7a750427392a"",""aba074a1-d451-595d-bc12-e257adbe7383"",""1ca34094-ee4d-5962-a78a-174d361a9cd3"",""7edb0577-da07-5c6f-8391-bb90e9822165"",""d7c5d484-54dc-5d1e-a3ac-65d60267a12c"",""f416cc8b-3bc2-5c4c-a91c-c56faf748684""]","[""d93615c1-ffee-46d1-8292-d982a6816565"",""f8b24479-4468-4d68-9b34-afd0cfbde62a""]",,,M6-evaluator-v1,observed,oracle,500,text,UP-R6-01-S01-HTTP,independent public-contract comparison,M6-ASSERTION-48ebca06-8044-4b7b-932d-d82b201e73ec,,,,,,,,,2026-10-07T04:32:52.846823Z,,200,,2d9849af-4973-4fd8-a822-d8a60e17e5f5,9fa9b253-7f19-480c-b758-c866cac4e761,d93615c1-ffee-46d1-8292-d982a6816565,,ff889d3b-d4d4-4673-b14a-b2b14970b5ac,,,,R6,f8b24479-4468-4d68-9b34-afd0cfbde62a,,,,,,,1,failed,UP-R6-01,,,,,,,447860c8-1d56-518b-88ad-7e103990b756,cfeaa0aa-6dd8-4858-8882-fd4719f86af4,evidence observations; interpretation separate
M7-analysis-v5,e9cf9cb8af782dba885623dfbfd60980d42e42259e9654ecae36f604b6513896,R6,dbb63e68d4ed9e904fa985aa5b88d674205b6caab086a8d981ac8918a9c68fb5,"[""4afc763c-033e-501c-9c9c-453207d31e62"",""1fed9611-d0cc-51e5-86e7-4ba237c836a2"",""0e4d4039-5409-5be7-a300-ded85e9c22d7"",""1c4afc6f-6679-57b7-ab6b-cec3053e85a1"",""76216ff6-0dab-5f43-913f-741c2deb7596"",""fe7c5fea-171a-5d3e-b93c-b9d53dca7c67"",""784c942d-b222-5013-a2e4-de4aa477a143"",""2f2d84f4-6f41-5df7-a828-cc0a3d9cdddf"",""c68f6332-f200-5595-940d-e5bcad78f1fe"",""54c3aba8-cb42-5023-9591-5cdd68bdd7c5"",""b9ac296e-4c6c-5cdc-9e03-14868c124af2"",""022ddff9-4332-5ba5-b884-42537f220a0c"",""0d262496-18e1-5973-84a6-84fbda64d0ff"",""447860c8-1d56-518b-88ad-7e103990b756"",""616ecfda-7163-5a8d-ba60-01f623d8b124"",""656bacfc-b102-5379-8db2-2f9f127621e0"",""88f2e658-6155-5924-bc85-63fe2aabb08a"",""9f032fb3-90ca-5749-aff5-1065077ac10e"",""4d2e4005-a84b-525b-a492-d367c5e405d0"",""12b20e20-e117-5c00-83bc-e589b92b730e"",""e97a5398-37b9-5e89-91a9-9b3ae48d9534"",""7a8f92c5-5f85-593a-bf90-08e13c60a2e6"",""aa66f5e3-ac0e-57d6-9b69-aa54ea7c4fb9"",""d07b7490-853e-562b-b662-305e89e7718d"",""596c0800-372d-5056-8a35-9f8661656bf4"",""d08816e6-d4d6-5f35-9de3-d86528fa7a96"",""2e126757-f17e-5ee2-93db-94d31ed944b2"",""5e1af4e2-330f-563f-b639-2d3cd8d276c8"",""49cd1889-2a56-5913-8723-929335f68874"",""82b898ba-3b6d-567f-8996-4f259b74547e"",""d38eb7d2-e78b-5c2f-93e4-2e34846e80e6"",""33effc64-dcfe-5ced-badf-c4df49f68dc1"",""a3a03b99-34c0-504b-b529-32b798db318a"",""8b3ec7b0-123f-5597-95f7-1fafc5810d01"",""035c5442-19b8-5a84-8a59-b352a9660279"",""d6d45010-72fa-5741-b733-88958a8795d2"",""ab8215e5-b753-5a6a-a4e7-ad9caf42eeac"",""1b20061c-b208-551a-b06c-81ffeff623fc"",""9b6d0913-2ae6-5dab-ab36-d05e1c51b208"",""a27c1fb2-edc1-57e6-9d74-adb5a13fed3b"",""4696448b-8c21-591b-80cc-7344ea0b95ec"",""c1d75a33-928c-5636-b99c-def1fb29e0f5"",""61eebfb6-2555-5bce-ba71-7a750427392a"",""aba074a1-d451-595d-bc12-e257adbe7383"",""1ca34094-ee4d-5962-a78a-174d361a9cd3"",""7edb0577-da07-5c6f-8391-bb90e9822165"",""d7c5d484-54dc-5d1e-a3ac-65d60267a12c"",""f416cc8b-3bc2-5c4c-a91c-c56faf748684""]","[""d93615c1-ffee-46d1-8292-d982a6816565"",""f8b24479-4468-4d68-9b34-afd0cfbde62a""]",,,M6-evaluator-v1,observed,oracle,"{""avatars"":[],""data"":{},""marker"":null,""region_count"":0}",text,UP-R6-01-S01-RESULT,independent public-contract comparison,M6-ASSERTION-5373b015-9cc5-4e3f-81d5-c6aa7804fc5a,,,,,,,,,2026-10-07T04:32:52.848175Z,,"{""avatars"":[],""data"":{""path"":""study/uploads/seq-one.png""},""marker"":""SUCCESS"",""region_count"":1}",,2d9849af-4973-4fd8-a822-d8a60e17e5f5,b65c9e1d-0e7e-4027-a381-ec23cdac8c24,d93615c1-ffee-46d1-8292-d982a6816565,,ff889d3b-d4d4-4673-b14a-b2b14970b5ac,,,,R6,f8b24479-4468-4d68-9b34-afd0cfbde62a,,,,,,,1,failed,UP-R6-01,,,,,,,447860c8-1d56-518b-88ad-7e103990b756,cfeaa0aa-6dd8-4858-8882-fd4719f86af4,evidence observations; interpretation separate
M7-analysis-v5,e9cf9cb8af782dba885623dfbfd60980d42e42259e9654ecae36f604b6513896,R6,dbb63e68d4ed9e904fa985aa5b88d674205b6caab086a8d981ac8918a9c68fb5,"[""4afc763c-033e-501c-9c9c-453207d31e62"",""1fed9611-d0cc-51e5-86e7-4ba237c836a2"",""0e4d4039-5409-5be7-a300-ded85e9c22d7"",""1c4afc6f-6679-57b7-ab6b-cec3053e85a1"",""76216ff6-0dab-5f43-913f-741c2deb7596"",""fe7c5fea-171a-5d3e-b93c-b9d53dca7c67"",""784c942d-b222-5013-a2e4-de4aa477a143"",""2f2d84f4-6f41-5df7-a828-cc0a3d9cdddf"",""c68f6332-f200-5595-940d-e5bcad78f1fe"",""54c3aba8-cb42-5023-9591-5cdd68bdd7c5"",""b9ac296e-4c6c-5cdc-9e03-14868c124af2"",""022ddff9-4332-5ba5-b884-42537f220a0c"",""0d262496-18e1-5973-84a6-84fbda64d0ff"",""447860c8-1d56-518b-88ad-7e103990b756"",""616ecfda-7163-5a8d-ba60-01f623d8b124"",""656bacfc-b102-5379-8db2-2f9f127621e0"",""88f2e658-6155-5924-bc85-63fe2aabb08a"",""9f032fb3-90ca-5749-aff5-1065077ac10e"",""4d2e4005-a84b-525b-a492-d367c5e405d0"",""12b20e20-e117-5c00-83bc-e589b92b730e"",""e97a5398-37b9-5e89-91a9-9b3ae48d9534"",""7a8f92c5-5f85-593a-bf90-08e13c60a2e6"",""aa66f5e3-ac0e-57d6-9b69-aa54ea7c4fb9"",""d07b7490-853e-562b-b662-305e89e7718d"",""596c0800-372d-5056-8a35-9f8661656bf4"",""d08816e6-d4d6-5f35-9de3-d86528fa7a96"",""2e126757-f17e-5ee2-93db-94d31ed944b2"",""5e1af4e2-330f-563f-b639-2d3cd8d276c8"",""49cd1889-2a56-5913-8723-929335f68874"",""82b898ba-3b6d-567f-8996-4f259b74547e"",""d38eb7d2-e78b-5c2f-93e4-2e34846e80e6"",""33effc64-dcfe-5ced-badf-c4df49f68dc1"",""a3a03b99-34c0-504b-b529-32b798db318a"",""8b3ec7b0-123f-5597-95f7-1fafc5810d01"",""035c5442-19b8-5a84-8a59-b352a9660279"",""d6d45010-72fa-5741-b733-88958a8795d2"",""ab8215e5-b753-5a6a-a4e7-ad9caf42eeac"",""1b20061c-b208-551a-b06c-81ffeff623fc"",""9b6d0913-2ae6-5dab-ab36-d05e1c51b208"",""a27c1fb2-edc1-57e6-9d74-adb5a13fed3b"",""4696448b-8c21-591b-80cc-7344ea0b95ec"",""c1d75a33-928c-5636-b99c-def1fb29e0f5"",""61eebfb6-2555-5bce-ba71-7a750427392a"",""aba074a1-d451-595d-bc12-e257adbe7383"",""1ca34094-ee4d-5962-a78a-174d361a9cd3"",""7edb0577-da07-5c6f-8391-bb90e9822165"",""d7c5d484-54dc-5d1e-a3ac-65d60267a12c"",""f416cc8b-3bc2-5c4c-a91c-c56faf748684""]","[""d93615c1-ffee-46d1-8292-d982a6816565"",""f8b24479-4468-4d68-9b34-afd0cfbde62a""]",,,M6-evaluator-v1,observed,oracle,"{""sentinel.txt"":{""sha256"":""cc809b73990c3ed04b989c020da6c36cfbefaff047c338817e10d2d086d9ec29"",""size"":28}}",text,UP-R6-01-S01-FILES,independent public-contract comparison,M6-ASSERTION-3c4be1ce-0c55-4cc8-b291-81ed39f85725,,,,,,,,,2026-10-07T04:32:52.849687Z,,"{""sentinel.txt"":{""sha256"":""cc809b73990c3ed04b989c020da6c36cfbefaff047c338817e10d2d086d9ec29"",""size"":28},""seq-one.png"":{""sha256"":""5152b4f262397512ec8d1d6f076c509a6052674e3814a0c78fb7bf368b4d5b62"",""size"":73}}",,2d9849af-4973-4fd8-a822-d8a60e17e5f5,950bf5ba-495f-4ee3-a9b8-732e28b70775,d93615c1-ffee-46d1-8292-d982a6816565,,ff889d3b-d4d4-4673-b14a-b2b14970b5ac,,,,R6,f8b24479-4468-4d68-9b34-afd0cfbde62a,,,,,,,1,failed,UP-R6-01,,,,,,,447860c8-1d56-518b-88ad-7e103990b756,cfeaa0aa-6dd8-4858-8882-fd4719f86af4,evidence observations; interpretation separate
M7-analysis-v5,f271356ffd8f5b943bef61c4d70ab406e48733c1d29b2b806edcf1d9e2d1263c,R1,dbb63e68d4ed9e904fa985aa5b88d674205b6caab086a8d981ac8918a9c68fb5,"[""4afc763c-033e-501c-9c9c-453207d31e62"",""1fed9611-d0cc-51e5-86e7-4ba237c836a2"",""0e4d4039-5409-5be7-a300-ded85e9c22d7"",""1c4afc6f-6679-57b7-ab6b-cec3053e85a1"",""76216ff6-0dab-5f43-913f-741c2deb7596"",""fe7c5fea-171a-5d3e-b93c-b9d53dca7c67"",""784c942d-b222-5013-a2e4-de4aa477a143"",""2f2d84f4-6f41-5df7-a828-cc0a3d9cdddf"",""c68f6332-f200-5595-940d-e5bcad78f1fe"",""54c3aba8-cb42-5023-9591-5cdd68bdd7c5"",""b9ac296e-4c6c-5cdc-9e03-14868c124af2"",""022ddff9-4332-5ba5-b884-42537f220a0c"",""0d262496-18e1-5973-84a6-84fbda64d0ff"",""447860c8-1d56-518b-88ad-7e103990b756"",""616ecfda-7163-5a8d-ba60-01f623d8b124"",""656bacfc-b102-5379-8db2-2f9f127621e0"",""88f2e658-6155-5924-bc85-63fe2aabb08a"",""9f032fb3-90ca-5749-aff5-1065077ac10e"",""4d2e4005-a84b-525b-a492-d367c5e405d0"",""12b20e20-e117-5c00-83bc-e589b92b730e"",""e97a5398-37b9-5e89-91a9-9b3ae48d9534"",""7a8f92c5-5f85-593a-bf90-08e13c60a2e6"",""aa66f5e3-ac0e-57d6-9b69-aa54ea7c4fb9"",""d07b7490-853e-562b-b662-305e89e7718d"",""596c0800-372d-5056-8a35-9f8661656bf4"",""d08816e6-d4d6-5f35-9de3-d86528fa7a96"",""2e126757-f17e-5ee2-93db-94d31ed944b2"",""5e1af4e2-330f-563f-b639-2d3cd8d276c8"",""49cd1889-2a56-5913-8723-929335f68874"",""82b898ba-3b6d-567f-8996-4f259b74547e"",""d38eb7d2-e78b-5c2f-93e4-2e34846e80e6"",""33effc64-dcfe-5ced-badf-c4df49f68dc1"",""a3a03b99-34c0-504b-b529-32b798db318a"",""8b3ec7b0-123f-5597-95f7-1fafc5810d01"",""035c5442-19b8-5a84-8a59-b352a9660279"",""d6d45010-72fa-5741-b733-88958a8795d2"",""ab8215e5-b753-5a6a-a4e7-ad9caf42eeac"",""1b20061c-b208-551a-b06c-81ffeff623fc"",""9b6d0913-2ae6-5dab-ab36-d05e1c51b208"",""a27c1fb2-edc1-57e6-9d74-adb5a13fed3b"",""4696448b-8c21-591b-80cc-7344ea0b95ec"",""c1d75a33-928c-5636-b99c-def1fb29e0f5"",""61eebfb6-2555-5bce-ba71-7a750427392a"",""aba074a1-d451-595d-bc12-e257adbe7383"",""1ca34094-ee4d-5962-a78a-174d361a9cd3"",""7edb0577-da07-5c6f-8391-bb90e9822165"",""d7c5d484-54dc-5d1e-a3ac-65d60267a12c"",""f416cc8b-3bc2-5c4c-a91c-c56faf748684""]","[""7edd8fc0-2291-41ae-b2ec-1714c9158e56"",""319bf679-0640-4e26-8aeb-5704486afc3d""]",,,M6-evaluator-v1,observed,oracle,500,text,SQL-R1-01-S01-HTTP,independent public-contract comparison,M6-ASSERTION-59251f41-0911-4fc0-8c2f-c7033b5e0b6b,,,,,,,,,2026-10-07T01:52:22.024797Z,,200,,2d9849af-4973-4fd8-a822-d8a60e17e5f5,650e1675-9736-4c7c-8638-b4e78ffa1b37,7edd8fc0-2291-41ae-b2ec-1714c9158e56,,1ce2dc28-655d-4831-aeae-04e42cbd965d,,,,R1,319bf679-0640-4e26-8aeb-5704486afc3d,,,,,,,1,failed,SQL-R1-01,,,,,,,1c4afc6f-6679-57b7-ab6b-cec3053e85a1,3b91cf74-bb6c-467f-ab64-f517331a4cfe,evidence observations; interpretation separate
M7-analysis-v5,f271356ffd8f5b943bef61c4d70ab406e48733c1d29b2b806edcf1d9e2d1263c,R1,dbb63e68d4ed9e904fa985aa5b88d674205b6caab086a8d981ac8918a9c68fb5,"[""4afc763c-033e-501c-9c9c-453207d31e62"",""1fed9611-d0cc-51e5-86e7-4ba237c836a2"",""0e4d4039-5409-5be7-a300-ded85e9c22d7"",""1c4afc6f-6679-57b7-ab6b-cec3053e85a1"",""76216ff6-0dab-5f43-913f-741c2deb7596"",""fe7c5fea-171a-5d3e-b93c-b9d53dca7c67"",""784c942d-b222-5013-a2e4-de4aa477a143"",""2f2d84f4-6f41-5df7-a828-cc0a3d9cdddf"",""c68f6332-f200-5595-940d-e5bcad78f1fe"",""54c3aba8-cb42-5023-9591-5cdd68bdd7c5"",""b9ac296e-4c6c-5cdc-9e03-14868c124af2"",""022ddff9-4332-5ba5-b884-42537f220a0c"",""0d262496-18e1-5973-84a6-84fbda64d0ff"",""447860c8-1d56-518b-88ad-7e103990b756"",""616ecfda-7163-5a8d-ba60-01f623d8b124"",""656bacfc-b102-5379-8db2-2f9f127621e0"",""88f2e658-6155-5924-bc85-63fe2aabb08a"",""9f032fb3-90ca-5749-aff5-1065077ac10e"",""4d2e4005-a84b-525b-a492-d367c5e405d0"",""12b20e20-e117-5c00-83bc-e589b92b730e"",""e97a5398-37b9-5e89-91a9-9b3ae48d9534"",""7a8f92c5-5f85-593a-bf90-08e13c60a2e6"",""aa66f5e3-ac0e-57d6-9b69-aa54ea7c4fb9"",""d07b7490-853e-562b-b662-305e89e7718d"",""596c0800-372d-5056-8a35-9f8661656bf4"",""d08816e6-d4d6-5f35-9de3-d86528fa7a96"",""2e126757-f17e-5ee2-93db-94d31ed944b2"",""5e1af4e2-330f-563f-b639-2d3cd8d276c8"",""49cd1889-2a56-5913-8723-929335f68874"",""82b898ba-3b6d-567f-8996-4f259b74547e"",""d38eb7d2-e78b-5c2f-93e4-2e34846e80e6"",""33effc64-dcfe-5ced-badf-c4df49f68dc1"",""a3a03b99-34c0-504b-b529-32b798db318a"",""8b3ec7b0-123f-5597-95f7-1fafc5810d01"",""035c5442-19b8-5a84-8a59-b352a9660279"",""d6d45010-72fa-5741-b733-88958a8795d2"",""ab8215e5-b753-5a6a-a4e7-ad9caf42eeac"",""1b20061c-b208-551a-b06c-81ffeff623fc"",""9b6d0913-2ae6-5dab-ab36-d05e1c51b208"",""a27c1fb2-edc1-57e6-9d74-adb5a13fed3b"",""4696448b-8c21-591b-80cc-7344ea0b95ec"",""c1d75a33-928c-5636-b99c-def1fb29e0f5"",""61eebfb6-2555-5bce-ba71-7a750427392a"",""aba074a1-d451-595d-bc12-e257adbe7383"",""1ca34094-ee4d-5962-a78a-174d361a9cd3"",""7edb0577-da07-5c6f-8391-bb90e9822165"",""d7c5d484-54dc-5d1e-a3ac-65d60267a12c"",""f416cc8b-3bc2-5c4c-a91c-c56faf748684""]","[""7edd8fc0-2291-41ae-b2ec-1714c9158e56"",""319bf679-0640-4e26-8aeb-5704486afc3d""]",,,M6-evaluator-v1,observed,oracle,"{""avatars"":[],""data"":{},""marker"":null,""region_count"":0}",text,SQL-R1-01-S01-RESULT,independent public-contract comparison,M6-ASSERTION-3d5b77b6-f08a-4cb1-a49f-5ace14acc37d,,,,,,,,,2026-10-07T01:52:22.025646Z,,"{""avatars"":[],""data"":{},""marker"":null,""region_count"":1}",,2d9849af-4973-4fd8-a822-d8a60e17e5f5,b1e514f0-768b-4c29-a3f0-399950780ead,7edd8fc0-2291-41ae-b2ec-1714c9158e56,,1ce2dc28-655d-4831-aeae-04e42cbd965d,,,,R1,319bf679-0640-4e26-8aeb-5704486afc3d,,,,,,,1,failed,SQL-R1-01,,,,,,,1c4afc6f-6679-57b7-ab6b-cec3053e85a1,3b91cf74-bb6c-467f-ab64-f517331a4cfe,evidence observations; interpretation separate
M7-analysis-v5,f271356ffd8f5b943bef61c4d70ab406e48733c1d29b2b806edcf1d9e2d1263c,R1,dbb63e68d4ed9e904fa985aa5b88d674205b6caab086a8d981ac8918a9c68fb5,"[""4afc763c-033e-501c-9c9c-453207d31e62"",""1fed9611-d0cc-51e5-86e7-4ba237c836a2"",""0e4d4039-5409-5be7-a300-ded85e9c22d7"",""1c4afc6f-6679-57b7-ab6b-cec3053e85a1"",""76216ff6-0dab-5f43-913f-741c2deb7596"",""fe7c5fea-171a-5d3e-b93c-b9d53dca7c67"",""784c942d-b222-5013-a2e4-de4aa477a143"",""2f2d84f4-6f41-5df7-a828-cc0a3d9cdddf"",""c68f6332-f200-5595-940d-e5bcad78f1fe"",""54c3aba8-cb42-5023-9591-5cdd68bdd7c5"",""b9ac296e-4c6c-5cdc-9e03-14868c124af2"",""022ddff9-4332-5ba5-b884-42537f220a0c"",""0d262496-18e1-5973-84a6-84fbda64d0ff"",""447860c8-1d56-518b-88ad-7e103990b756"",""616ecfda-7163-5a8d-ba60-01f623d8b124"",""656bacfc-b102-5379-8db2-2f9f127621e0"",""88f2e658-6155-5924-bc85-63fe2aabb08a"",""9f032fb3-90ca-5749-aff5-1065077ac10e"",""4d2e4005-a84b-525b-a492-d367c5e405d0"",""12b20e20-e117-5c00-83bc-e589b92b730e"",""e97a5398-37b9-5e89-91a9-9b3ae48d9534"",""7a8f92c5-5f85-593a-bf90-08e13c60a2e6"",""aa66f5e3-ac0e-57d6-9b69-aa54ea7c4fb9"",""d07b7490-853e-562b-b662-305e89e7718d"",""596c0800-372d-5056-8a35-9f8661656bf4"",""d08816e6-d4d6-5f35-9de3-d86528fa7a96"",""2e126757-f17e-5ee2-93db-94d31ed944b2"",""5e1af4e2-330f-563f-b639-2d3cd8d276c8"",""49cd1889-2a56-5913-8723-929335f68874"",""82b898ba-3b6d-567f-8996-4f259b74547e"",""d38eb7d2-e78b-5c2f-93e4-2e34846e80e6"",""33effc64-dcfe-5ced-badf-c4df49f68dc1"",""a3a03b99-34c0-504b-b529-32b798db318a"",""8b3ec7b0-123f-5597-95f7-1fafc5810d01"",""035c5442-19b8-5a84-8a59-b352a9660279"",""d6d45010-72fa-5741-b733-88958a8795d2"",""ab8215e5-b753-5a6a-a4e7-ad9caf42eeac"",""1b20061c-b208-551a-b06c-81ffeff623fc"",""9b6d0913-2ae6-5dab-ab36-d05e1c51b208"",""a27c1fb2-edc1-57e6-9d74-adb5a13fed3b"",""4696448b-8c21-591b-80cc-7344ea0b95ec"",""c1d75a33-928c-5636-b99c-def1fb29e0f5"",""61eebfb6-2555-5bce-ba71-7a750427392a"",""aba074a1-d451-595d-bc12-e257adbe7383"",""1ca34094-ee4d-5962-a78a-174d361a9cd3"",""7edb0577-da07-5c6f-8391-bb90e9822165"",""d7c5d484-54dc-5d1e-a3ac-65d60267a12c"",""f416cc8b-3bc2-5c4c-a91c-c56faf748684""]","[""7edd8fc0-2291-41ae-b2ec-1714c9158e56"",""319bf679-0640-4e26-8aeb-5704486afc3d""]",,,M6-evaluator-v1,observed,oracle,"{""invalid_form_count"":0}",text,SQL-R1-01-S01-FORM,independent public-contract comparison,M6-ASSERTION-570e95ab-e0c5-441d-a834-cddb6b777261,,,,,,,,,2026-10-07T01:52:22.025247Z,,"{""action"":""/study/sqli"",""encoding"":null,""fields"":[""id"",""Submit""],""file_type"":null,""method"":""GET"",""password_type"":null}",,2d9849af-4973-4fd8-a822-d8a60e17e5f5,9400d340-34f7-475f-9418-47fd4b674985,7edd8fc0-2291-41ae-b2ec-1714c9158e56,,1ce2dc28-655d-4831-aeae-04e42cbd965d,,,,R1,319bf679-0640-4e26-8aeb-5704486afc3d,,,,,,,1,failed,SQL-R1-01,,,,,,,1c4afc6f-6679-57b7-ab6b-cec3053e85a1,3b91cf74-bb6c-467f-ab64-f517331a4cfe,evidence observations; interpretation separate
M7-analysis-v5,f271356ffd8f5b943bef61c4d70ab406e48733c1d29b2b806edcf1d9e2d1263c,R2,dbb63e68d4ed9e904fa985aa5b88d674205b6caab086a8d981ac8918a9c68fb5,"[""4afc763c-033e-501c-9c9c-453207d31e62"",""1fed9611-d0cc-51e5-86e7-4ba237c836a2"",""0e4d4039-5409-5be7-a300-ded85e9c22d7"",""1c4afc6f-6679-57b7-ab6b-cec3053e85a1"",""76216ff6-0dab-5f43-913f-741c2deb7596"",""fe7c5fea-171a-5d3e-b93c-b9d53dca7c67"",""784c942d-b222-5013-a2e4-de4aa477a143"",""2f2d84f4-6f41-5df7-a828-cc0a3d9cdddf"",""c68f6332-f200-5595-940d-e5bcad78f1fe"",""54c3aba8-cb42-5023-9591-5cdd68bdd7c5"",""b9ac296e-4c6c-5cdc-9e03-14868c124af2"",""022ddff9-4332-5ba5-b884-42537f220a0c"",""0d262496-18e1-5973-84a6-84fbda64d0ff"",""447860c8-1d56-518b-88ad-7e103990b756"",""616ecfda-7163-5a8d-ba60-01f623d8b124"",""656bacfc-b102-5379-8db2-2f9f127621e0"",""88f2e658-6155-5924-bc85-63fe2aabb08a"",""9f032fb3-90ca-5749-aff5-1065077ac10e"",""4d2e4005-a84b-525b-a492-d367c5e405d0"",""12b20e20-e117-5c00-83bc-e589b92b730e"",""e97a5398-37b9-5e89-91a9-9b3ae48d9534"",""7a8f92c5-5f85-593a-bf90-08e13c60a2e6"",""aa66f5e3-ac0e-57d6-9b69-aa54ea7c4fb9"",""d07b7490-853e-562b-b662-305e89e7718d"",""596c0800-372d-5056-8a35-9f8661656bf4"",""d08816e6-d4d6-5f35-9de3-d86528fa7a96"",""2e126757-f17e-5ee2-93db-94d31ed944b2"",""5e1af4e2-330f-563f-b639-2d3cd8d276c8"",""49cd1889-2a56-5913-8723-929335f68874"",""82b898ba-3b6d-567f-8996-4f259b74547e"",""d38eb7d2-e78b-5c2f-93e4-2e34846e80e6"",""33effc64-dcfe-5ced-badf-c4df49f68dc1"",""a3a03b99-34c0-504b-b529-32b798db318a"",""8b3ec7b0-123f-5597-95f7-1fafc5810d01"",""035c5442-19b8-5a84-8a59-b352a9660279"",""d6d45010-72fa-5741-b733-88958a8795d2"",""ab8215e5-b753-5a6a-a4e7-ad9caf42eeac"",""1b20061c-b208-551a-b06c-81ffeff623fc"",""9b6d0913-2ae6-5dab-ab36-d05e1c51b208"",""a27c1fb2-edc1-57e6-9d74-adb5a13fed3b"",""4696448b-8c21-591b-80cc-7344ea0b95ec"",""c1d75a33-928c-5636-b99c-def1fb29e0f5"",""61eebfb6-2555-5bce-ba71-7a750427392a"",""aba074a1-d451-595d-bc12-e257adbe7383"",""1ca34094-ee4d-5962-a78a-174d361a9cd3"",""7edb0577-da07-5c6f-8391-bb90e9822165"",""d7c5d484-54dc-5d1e-a3ac-65d60267a12c"",""f416cc8b-3bc2-5c4c-a91c-c56faf748684""]","[""6b06d4cf-4e15-4e09-b294-b2b13d49d463"",""c31f93a3-b99d-470c-95af-5ad6439b6a4e""]",,,M6-evaluator-v1,observed,oracle,500,text,SQL-R2-02-S01-HTTP,independent public-contract comparison,M6-ASSERTION-9ee1f256-5325-4049-80fb-bdb5c830dc2f,,,,,,,,,2026-10-07T01:52:22.028450Z,,200,,2d9849af-4973-4fd8-a822-d8a60e17e5f5,3decad39-7ed6-4fd3-a687-fac7325e6c78,6b06d4cf-4e15-4e09-b294-b2b13d49d463,,1ce2dc28-655d-4831-aeae-04e42cbd965d,,,,R2,c31f93a3-b99d-470c-95af-5ad6439b6a4e,,,,,,,1,failed,SQL-R2-02,,,,,,,1c4afc6f-6679-57b7-ab6b-cec3053e85a1,3b91cf74-bb6c-467f-ab64-f517331a4cfe,evidence observations; interpretation separate
M7-analysis-v5,f271356ffd8f5b943bef61c4d70ab406e48733c1d29b2b806edcf1d9e2d1263c,R2,dbb63e68d4ed9e904fa985aa5b88d674205b6caab086a8d981ac8918a9c68fb5,"[""4afc763c-033e-501c-9c9c-453207d31e62"",""1fed9611-d0cc-51e5-86e7-4ba237c836a2"",""0e4d4039-5409-5be7-a300-ded85e9c22d7"",""1c4afc6f-6679-57b7-ab6b-cec3053e85a1"",""76216ff6-0dab-5f43-913f-741c2deb7596"",""fe7c5fea-171a-5d3e-b93c-b9d53dca7c67"",""784c942d-b222-5013-a2e4-de4aa477a143"",""2f2d84f4-6f41-5df7-a828-cc0a3d9cdddf"",""c68f6332-f200-5595-940d-e5bcad78f1fe"",""54c3aba8-cb42-5023-9591-5cdd68bdd7c5"",""b9ac296e-4c6c-5cdc-9e03-14868c124af2"",""022ddff9-4332-5ba5-b884-42537f220a0c"",""0d262496-18e1-5973-84a6-84fbda64d0ff"",""447860c8-1d56-518b-88ad-7e103990b756"",""616ecfda-7163-5a8d-ba60-01f623d8b124"",""656bacfc-b102-5379-8db2-2f9f127621e0"",""88f2e658-6155-5924-bc85-63fe2aabb08a"",""9f032fb3-90ca-5749-aff5-1065077ac10e"",""4d2e4005-a84b-525b-a492-d367c5e405d0"",""12b20e20-e117-5c00-83bc-e589b92b730e"",""e97a5398-37b9-5e89-91a9-9b3ae48d9534"",""7a8f92c5-5f85-593a-bf90-08e13c60a2e6"",""aa66f5e3-ac0e-57d6-9b69-aa54ea7c4fb9"",""d07b7490-853e-562b-b662-305e89e7718d"",""596c0800-372d-5056-8a35-9f8661656bf4"",""d08816e6-d4d6-5f35-9de3-d86528fa7a96"",""2e126757-f17e-5ee2-93db-94d31ed944b2"",""5e1af4e2-330f-563f-b639-2d3cd8d276c8"",""49cd1889-2a56-5913-8723-929335f68874"",""82b898ba-3b6d-567f-8996-4f259b74547e"",""d38eb7d2-e78b-5c2f-93e4-2e34846e80e6"",""33effc64-dcfe-5ced-badf-c4df49f68dc1"",""a3a03b99-34c0-504b-b529-32b798db318a"",""8b3ec7b0-123f-5597-95f7-1fafc5810d01"",""035c5442-19b8-5a84-8a59-b352a9660279"",""d6d45010-72fa-5741-b733-88958a8795d2"",""ab8215e5-b753-5a6a-a4e7-ad9caf42eeac"",""1b20061c-b208-551a-b06c-81ffeff623fc"",""9b6d0913-2ae6-5dab-ab36-d05e1c51b208"",""a27c1fb2-edc1-57e6-9d74-adb5a13fed3b"",""4696448b-8c21-591b-80cc-7344ea0b95ec"",""c1d75a33-928c-5636-b99c-def1fb29e0f5"",""61eebfb6-2555-5bce-ba71-7a750427392a"",""aba074a1-d451-595d-bc12-e257adbe7383"",""1ca34094-ee4d-5962-a78a-174d361a9cd3"",""7edb0577-da07-5c6f-8391-bb90e9822165"",""d7c5d484-54dc-5d1e-a3ac-65d60267a12c"",""f416cc8b-3bc2-5c4c-a91c-c56faf748684""]","[""6b06d4cf-4e15-4e09-b294-b2b13d49d463"",""c31f93a3-b99d-470c-95af-5ad6439b6a4e""]",,,M6-evaluator-v1,observed,oracle,"{""avatars"":[],""data"":{},""marker"":null,""region_count"":0}",text,SQL-R2-02-S01-RESULT,independent public-contract comparison,M6-ASSERTION-d37d6eb6-4293-4b98-8720-53901cc5500e,,,,,,,,,2026-10-07T01:52:22.028858Z,,"{""avatars"":[],""data"":{""first_name"":""Béla"",""last_name"":""Stein & Co""},""marker"":""SUCCESS"",""region_count"":1}",,2d9849af-4973-4fd8-a822-d8a60e17e5f5,9fd325ff-d85d-4c34-84fe-7dbecc559e85,6b06d4cf-4e15-4e09-b294-b2b13d49d463,,1ce2dc28-655d-4831-aeae-04e42cbd965d,,,,R2,c31f93a3-b99d-470c-95af-5ad6439b6a4e,,,,,,,1,failed,SQL-R2-02,,,,,,,1c4afc6f-6679-57b7-ab6b-cec3053e85a1,3b91cf74-bb6c-467f-ab64-f517331a4cfe,evidence observations; interpretation separate
M7-analysis-v5,f271356ffd8f5b943bef61c4d70ab406e48733c1d29b2b806edcf1d9e2d1263c,R2,dbb63e68d4ed9e904fa985aa5b88d674205b6caab086a8d981ac8918a9c68fb5,"[""4afc763c-033e-501c-9c9c-453207d31e62"",""1fed9611-d0cc-51e5-86e7-4ba237c836a2"",""0e4d4039-5409-5be7-a300-ded85e9c22d7"",""1c4afc6f-6679-57b7-ab6b-cec3053e85a1"",""76216ff6-0dab-5f43-913f-741c2deb7596"",""fe7c5fea-171a-5d3e-b93c-b9d53dca7c67"",""784c942d-b222-5013-a2e4-de4aa477a143"",""2f2d84f4-6f41-5df7-a828-cc0a3d9cdddf"",""c68f6332-f200-5595-940d-e5bcad78f1fe"",""54c3aba8-cb42-5023-9591-5cdd68bdd7c5"",""b9ac296e-4c6c-5cdc-9e03-14868c124af2"",""022ddff9-4332-5ba5-b884-42537f220a0c"",""0d262496-18e1-5973-84a6-84fbda64d0ff"",""447860c8-1d56-518b-88ad-7e103990b756"",""616ecfda-7163-5a8d-ba60-01f623d8b124"",""656bacfc-b102-5379-8db2-2f9f127621e0"",""88f2e658-6155-5924-bc85-63fe2aabb08a"",""9f032fb3-90ca-5749-aff5-1065077ac10e"",""4d2e4005-a84b-525b-a492-d367c5e405d0"",""12b20e20-e117-5c00-83bc-e589b92b730e"",""e97a5398-37b9-5e89-91a9-9b3ae48d9534"",""7a8f92c5-5f85-593a-bf90-08e13c60a2e6"",""aa66f5e3-ac0e-57d6-9b69-aa54ea7c4fb9"",""d07b7490-853e-562b-b662-305e89e7718d"",""596c0800-372d-5056-8a35-9f8661656bf4"",""d08816e6-d4d6-5f35-9de3-d86528fa7a96"",""2e126757-f17e-5ee2-93db-94d31ed944b2"",""5e1af4e2-330f-563f-b639-2d3cd8d276c8"",""49cd1889-2a56-5913-8723-929335f68874"",""82b898ba-3b6d-567f-8996-4f259b74547e"",""d38eb7d2-e78b-5c2f-93e4-2e34846e80e6"",""33effc64-dcfe-5ced-badf-c4df49f68dc1"",""a3a03b99-34c0-504b-b529-32b798db318a"",""8b3ec7b0-123f-5597-95f7-1fafc5810d01"",""035c5442-19b8-5a84-8a59-b352a9660279"",""d6d45010-72fa-5741-b733-88958a8795d2"",""ab8215e5-b753-5a6a-a4e7-ad9caf42eeac"",""1b20061c-b208-551a-b06c-81ffeff623fc"",""9b6d0913-2ae6-5dab-ab36-d05e1c51b208"",""a27c1fb2-edc1-57e6-9d74-adb5a13fed3b"",""4696448b-8c21-591b-80cc-7344ea0b95ec"",""c1d75a33-928c-5636-b99c-def1fb29e0f5"",""61eebfb6-2555-5bce-ba71-7a750427392a"",""aba074a1-d451-595d-bc12-e257adbe7383"",""1ca34094-ee4d-5962-a78a-174d361a9cd3"",""7edb0577-da07-5c6f-8391-bb90e9822165"",""d7c5d484-54dc-5d1e-a3ac-65d60267a12c"",""f416cc8b-3bc2-5c4c-a91c-c56faf748684""]","[""b5433a91-9dc0-428f-bad4-03102b2bb769"",""6462437f-a20b-4300-9090-81aa0a1dcac3""]",,,M6-evaluator-v1,observed,oracle,500,text,SQL-R2-01-S01-HTTP,independent public-contract comparison,M6-ASSERTION-2f3ab9b8-c5fb-4a2c-96fb-556f59a690f9,,,,,,,,,2026-10-07T01:52:22.026809Z,,200,,2d9849af-4973-4fd8-a822-d8a60e17e5f5,4a4b40b7-1e2c-4466-849e-957393dc8ab2,b5433a91-9dc0-428f-bad4-03102b2bb769,,1ce2dc28-655d-4831-aeae-04e42cbd965d,,,,R2,6462437f-a20b-4300-9090-81aa0a1dcac3,,,,,,,1,failed,SQL-R2-01,,,,,,,1c4afc6f-6679-57b7-ab6b-cec3053e85a1,3b91cf74-bb6c-467f-ab64-f517331a4cfe,evidence observations; interpretation separate
M7-analysis-v5,f271356ffd8f5b943bef61c4d70ab406e48733c1d29b2b806edcf1d9e2d1263c,R2,dbb63e68d4ed9e904fa985aa5b88d674205b6caab086a8d981ac8918a9c68fb5,"[""4afc763c-033e-501c-9c9c-453207d31e62"",""1fed9611-d0cc-51e5-86e7-4ba237c836a2"",""0e4d4039-5409-5be7-a300-ded85e9c22d7"",""1c4afc6f-6679-57b7-ab6b-cec3053e85a1"",""76216ff6-0dab-5f43-913f-741c2deb7596"",""fe7c5fea-171a-5d3e-b93c-b9d53dca7c67"",""784c942d-b222-5013-a2e4-de4aa477a143"",""2f2d84f4-6f41-5df7-a828-cc0a3d9cdddf"",""c68f6332-f200-5595-940d-e5bcad78f1fe"",""54c3aba8-cb42-5023-9591-5cdd68bdd7c5"",""b9ac296e-4c6c-5cdc-9e03-14868c124af2"",""022ddff9-4332-5ba5-b884-42537f220a0c"",""0d262496-18e1-5973-84a6-84fbda64d0ff"",""447860c8-1d56-518b-88ad-7e103990b756"",""616ecfda-7163-5a8d-ba60-01f623d8b124"",""656bacfc-b102-5379-8db2-2f9f127621e0"",""88f2e658-6155-5924-bc85-63fe2aabb08a"",""9f032fb3-90ca-5749-aff5-1065077ac10e"",""4d2e4005-a84b-525b-a492-d367c5e405d0"",""12b20e20-e117-5c00-83bc-e589b92b730e"",""e97a5398-37b9-5e89-91a9-9b3ae48d9534"",""7a8f92c5-5f85-593a-bf90-08e13c60a2e6"",""aa66f5e3-ac0e-57d6-9b69-aa54ea7c4fb9"",""d07b7490-853e-562b-b662-305e89e7718d"",""596c0800-372d-5056-8a35-9f8661656bf4"",""d08816e6-d4d6-5f35-9de3-d86528fa7a96"",""2e126757-f17e-5ee2-93db-94d31ed944b2"",""5e1af4e2-330f-563f-b639-2d3cd8d276c8"",""49cd1889-2a56-5913-8723-929335f68874"",""82b898ba-3b6d-567f-8996-4f259b74547e"",""d38eb7d2-e78b-5c2f-93e4-2e34846e80e6"",""33effc64-dcfe-5ced-badf-c4df49f68dc1"",""a3a03b99-34c0-504b-b529-32b798db318a"",""8b3ec7b0-123f-5597-95f7-1fafc5810d01"",""035c5442-19b8-5a84-8a59-b352a9660279"",""d6d45010-72fa-5741-b733-88958a8795d2"",""ab8215e5-b753-5a6a-a4e7-ad9caf42eeac"",""1b20061c-b208-551a-b06c-81ffeff623fc"",""9b6d0913-2ae6-5dab-ab36-d05e1c51b208"",""a27c1fb2-edc1-57e6-9d74-adb5a13fed3b"",""4696448b-8c21-591b-80cc-7344ea0b95ec"",""c1d75a33-928c-5636-b99c-def1fb29e0f5"",""61eebfb6-2555-5bce-ba71-7a750427392a"",""aba074a1-d451-595d-bc12-e257adbe7383"",""1ca34094-ee4d-5962-a78a-174d361a9cd3"",""7edb0577-da07-5c6f-8391-bb90e9822165"",""d7c5d484-54dc-5d1e-a3ac-65d60267a12c"",""f416cc8b-3bc2-5c4c-a91c-c56faf748684""]","[""b5433a91-9dc0-428f-bad4-03102b2bb769"",""6462437f-a20b-4300-9090-81aa0a1dcac3""]",,,M6-evaluator-v1,observed,oracle,"{""avatars"":[],""data"":{},""marker"":null,""region_count"":0}",text,SQL-R2-01-S01-RESULT,independent public-contract comparison,M6-ASSERTION-bf0bfc09-fa28-46b0-a3eb-98345c833261,,,,,,,,,2026-10-07T01:52:22.027173Z,,"{""avatars"":[],""data"":{""first_name"":""Ada"",""last_name"":""Wolke""},""marker"":""SUCCESS"",""region_count"":1}",,2d9849af-4973-4fd8-a822-d8a60e17e5f5,b1e6828c-9db5-4dcb-98d0-6c9008f01dc7,b5433a91-9dc0-428f-bad4-03102b2bb769,,1ce2dc28-655d-4831-aeae-04e42cbd965d,,,,R2,6462437f-a20b-4300-9090-81aa0a1dcac3,,,,,,,1,failed,SQL-R2-01,,,,,,,1c4afc6f-6679-57b7-ab6b-cec3053e85a1,3b91cf74-bb6c-467f-ab64-f517331a4cfe,evidence observations; interpretation separate
M7-analysis-v5,f271356ffd8f5b943bef61c4d70ab406e48733c1d29b2b806edcf1d9e2d1263c,R3,dbb63e68d4ed9e904fa985aa5b88d674205b6caab086a8d981ac8918a9c68fb5,"[""4afc763c-033e-501c-9c9c-453207d31e62"",""1fed9611-d0cc-51e5-86e7-4ba237c836a2"",""0e4d4039-5409-5be7-a300-ded85e9c22d7"",""1c4afc6f-6679-57b7-ab6b-cec3053e85a1"",""76216ff6-0dab-5f43-913f-741c2deb7596"",""fe7c5fea-171a-5d3e-b93c-b9d53dca7c67"",""784c942d-b222-5013-a2e4-de4aa477a143"",""2f2d84f4-6f41-5df7-a828-cc0a3d9cdddf"",""c68f6332-f200-5595-940d-e5bcad78f1fe"",""54c3aba8-cb42-5023-9591-5cdd68bdd7c5"",""b9ac296e-4c6c-5cdc-9e03-14868c124af2"",""022ddff9-4332-5ba5-b884-42537f220a0c"",""0d262496-18e1-5973-84a6-84fbda64d0ff"",""447860c8-1d56-518b-88ad-7e103990b756"",""616ecfda-7163-5a8d-ba60-01f623d8b124"",""656bacfc-b102-5379-8db2-2f9f127621e0"",""88f2e658-6155-5924-bc85-63fe2aabb08a"",""9f032fb3-90ca-5749-aff5-1065077ac10e"",""4d2e4005-a84b-525b-a492-d367c5e405d0"",""12b20e20-e117-5c00-83bc-e589b92b730e"",""e97a5398-37b9-5e89-91a9-9b3ae48d9534"",""7a8f92c5-5f85-593a-bf90-08e13c60a2e6"",""aa66f5e3-ac0e-57d6-9b69-aa54ea7c4fb9"",""d07b7490-853e-562b-b662-305e89e7718d"",""596c0800-372d-5056-8a35-9f8661656bf4"",""d08816e6-d4d6-5f35-9de3-d86528fa7a96"",""2e126757-f17e-5ee2-93db-94d31ed944b2"",""5e1af4e2-330f-563f-b639-2d3cd8d276c8"",""49cd1889-2a56-5913-8723-929335f68874"",""82b898ba-3b6d-567f-8996-4f259b74547e"",""d38eb7d2-e78b-5c2f-93e4-2e34846e80e6"",""33effc64-dcfe-5ced-badf-c4df49f68dc1"",""a3a03b99-34c0-504b-b529-32b798db318a"",""8b3ec7b0-123f-5597-95f7-1fafc5810d01"",""035c5442-19b8-5a84-8a59-b352a9660279"",""d6d45010-72fa-5741-b733-88958a8795d2"",""ab8215e5-b753-5a6a-a4e7-ad9caf42eeac"",""1b20061c-b208-551a-b06c-81ffeff623fc"",""9b6d0913-2ae6-5dab-ab36-d05e1c51b208"",""a27c1fb2-edc1-57e6-9d74-adb5a13fed3b"",""4696448b-8c21-591b-80cc-7344ea0b95ec"",""c1d75a33-928c-5636-b99c-def1fb29e0f5"",""61eebfb6-2555-5bce-ba71-7a750427392a"",""aba074a1-d451-595d-bc12-e257adbe7383"",""1ca34094-ee4d-5962-a78a-174d361a9cd3"",""7edb0577-da07-5c6f-8391-bb90e9822165"",""d7c5d484-54dc-5d1e-a3ac-65d60267a12c"",""f416cc8b-3bc2-5c4c-a91c-c56faf748684""]","[""42c5a0b8-c4d2-4223-a158-aa6fc8ce67fe"",""1f90e0a4-12b4-4d10-bd01-7283220d0a45""]",,,M6-evaluator-v1,observed,oracle,500,text,SQL-R3-01-S01-HTTP,independent public-contract comparison,M6-ASSERTION-8b583b45-cd45-4386-8fb7-d0b55d74281c,,,,,,,,,2026-10-07T01:52:22.030039Z,,200,,2d9849af-4973-4fd8-a822-d8a60e17e5f5,ac201568-aa53-486f-9057-f2d87123c435,42c5a0b8-c4d2-4223-a158-aa6fc8ce67fe,,1ce2dc28-655d-4831-aeae-04e42cbd965d,,,,R3,1f90e0a4-12b4-4d10-bd01-7283220d0a45,,,,,,,1,failed,SQL-R3-01,,,,,,,1c4afc6f-6679-57b7-ab6b-cec3053e85a1,3b91cf74-bb6c-467f-ab64-f517331a4cfe,evidence observations; interpretation separate
M7-analysis-v5,f271356ffd8f5b943bef61c4d70ab406e48733c1d29b2b806edcf1d9e2d1263c,R3,dbb63e68d4ed9e904fa985aa5b88d674205b6caab086a8d981ac8918a9c68fb5,"[""4afc763c-033e-501c-9c9c-453207d31e62"",""1fed9611-d0cc-51e5-86e7-4ba237c836a2"",""0e4d4039-5409-5be7-a300-ded85e9c22d7"",""1c4afc6f-6679-57b7-ab6b-cec3053e85a1"",""76216ff6-0dab-5f43-913f-741c2deb7596"",""fe7c5fea-171a-5d3e-b93c-b9d53dca7c67"",""784c942d-b222-5013-a2e4-de4aa477a143"",""2f2d84f4-6f41-5df7-a828-cc0a3d9cdddf"",""c68f6332-f200-5595-940d-e5bcad78f1fe"",""54c3aba8-cb42-5023-9591-5cdd68bdd7c5"",""b9ac296e-4c6c-5cdc-9e03-14868c124af2"",""022ddff9-4332-5ba5-b884-42537f220a0c"",""0d262496-18e1-5973-84a6-84fbda64d0ff"",""447860c8-1d56-518b-88ad-7e103990b756"",""616ecfda-7163-5a8d-ba60-01f623d8b124"",""656bacfc-b102-5379-8db2-2f9f127621e0"",""88f2e658-6155-5924-bc85-63fe2aabb08a"",""9f032fb3-90ca-5749-aff5-1065077ac10e"",""4d2e4005-a84b-525b-a492-d367c5e405d0"",""12b20e20-e117-5c00-83bc-e589b92b730e"",""e97a5398-37b9-5e89-91a9-9b3ae48d9534"",""7a8f92c5-5f85-593a-bf90-08e13c60a2e6"",""aa66f5e3-ac0e-57d6-9b69-aa54ea7c4fb9"",""d07b7490-853e-562b-b662-305e89e7718d"",""596c0800-372d-5056-8a35-9f8661656bf4"",""d08816e6-d4d6-5f35-9de3-d86528fa7a96"",""2e126757-f17e-5ee2-93db-94d31ed944b2"",""5e1af4e2-330f-563f-b639-2d3cd8d276c8"",""49cd1889-2a56-5913-8723-929335f68874"",""82b898ba-3b6d-567f-8996-4f259b74547e"",""d38eb7d2-e78b-5c2f-93e4-2e34846e80e6"",""33effc64-dcfe-5ced-badf-c4df49f68dc1"",""a3a03b99-34c0-504b-b529-32b798db318a"",""8b3ec7b0-123f-5597-95f7-1fafc5810d01"",""035c5442-19b8-5a84-8a59-b352a9660279"",""d6d45010-72fa-5741-b733-88958a8795d2"",""ab8215e5-b753-5a6a-a4e7-ad9caf42eeac"",""1b20061c-b208-551a-b06c-81ffeff623fc"",""9b6d0913-2ae6-5dab-ab36-d05e1c51b208"",""a27c1fb2-edc1-57e6-9d74-adb5a13fed3b"",""4696448b-8c21-591b-80cc-7344ea0b95ec"",""c1d75a33-928c-5636-b99c-def1fb29e0f5"",""61eebfb6-2555-5bce-ba71-7a750427392a"",""aba074a1-d451-595d-bc12-e257adbe7383"",""1ca34094-ee4d-5962-a78a-174d361a9cd3"",""7edb0577-da07-5c6f-8391-bb90e9822165"",""d7c5d484-54dc-5d1e-a3ac-65d60267a12c"",""f416cc8b-3bc2-5c4c-a91c-c56faf748684""]","[""42c5a0b8-c4d2-4223-a158-aa6fc8ce67fe"",""1f90e0a4-12b4-4d10-bd01-7283220d0a45""]",,,M6-evaluator-v1,observed,oracle,"{""avatars"":[],""data"":{},""marker"":null,""region_count"":0}",text,SQL-R3-01-S01-RESULT,independent public-contract comparison,M6-ASSERTION-f733e652-4dd3-413d-a55f-cc0975b98bed,,,,,,,,,2026-10-07T01:52:22.030430Z,,"{""avatars"":[],""data"":{},""marker"":""NEGATIVE"",""region_count"":1}",,2d9849af-4973-4fd8-a822-d8a60e17e5f5,e56b9620-3196-4abc-8c58-6018443afa33,42c5a0b8-c4d2-4223-a158-aa6fc8ce67fe,,1ce2dc28-655d-4831-aeae-04e42cbd965d,,,,R3,1f90e0a4-12b4-4d10-bd01-7283220d0a45,,,,,,,1,failed,SQL-R3-01,,,,,,,1c4afc6f-6679-57b7-ab6b-cec3053e85a1,3b91cf74-bb6c-467f-ab64-f517331a4cfe,evidence observations; interpretation separate
M7-analysis-v5,f271356ffd8f5b943bef61c4d70ab406e48733c1d29b2b806edcf1d9e2d1263c,R3,dbb63e68d4ed9e904fa985aa5b88d674205b6caab086a8d981ac8918a9c68fb5,"[""4afc763c-033e-501c-9c9c-453207d31e62"",""1fed9611-d0cc-51e5-86e7-4ba237c836a2"",""0e4d4039-5409-5be7-a300-ded85e9c22d7"",""1c4afc6f-6679-57b7-ab6b-cec3053e85a1"",""76216ff6-0dab-5f43-913f-741c2deb7596"",""fe7c5fea-171a-5d3e-b93c-b9d53dca7c67"",""784c942d-b222-5013-a2e4-de4aa477a143"",""2f2d84f4-6f41-5df7-a828-cc0a3d9cdddf"",""c68f6332-f200-5595-940d-e5bcad78f1fe"",""54c3aba8-cb42-5023-9591-5cdd68bdd7c5"",""b9ac296e-4c6c-5cdc-9e03-14868c124af2"",""022ddff9-4332-5ba5-b884-42537f220a0c"",""0d262496-18e1-5973-84a6-84fbda64d0ff"",""447860c8-1d56-518b-88ad-7e103990b756"",""616ecfda-7163-5a8d-ba60-01f623d8b124"",""656bacfc-b102-5379-8db2-2f9f127621e0"",""88f2e658-6155-5924-bc85-63fe2aabb08a"",""9f032fb3-90ca-5749-aff5-1065077ac10e"",""4d2e4005-a84b-525b-a492-d367c5e405d0"",""12b20e20-e117-5c00-83bc-e589b92b730e"",""e97a5398-37b9-5e89-91a9-9b3ae48d9534"",""7a8f92c5-5f85-593a-bf90-08e13c60a2e6"",""aa66f5e3-ac0e-57d6-9b69-aa54ea7c4fb9"",""d07b7490-853e-562b-b662-305e89e7718d"",""596c0800-372d-5056-8a35-9f8661656bf4"",""d08816e6-d4d6-5f35-9de3-d86528fa7a96"",""2e126757-f17e-5ee2-93db-94d31ed944b2"",""5e1af4e2-330f-563f-b639-2d3cd8d276c8"",""49cd1889-2a56-5913-8723-929335f68874"",""82b898ba-3b6d-567f-8996-4f259b74547e"",""d38eb7d2-e78b-5c2f-93e4-2e34846e80e6"",""33effc64-dcfe-5ced-badf-c4df49f68dc1"",""a3a03b99-34c0-504b-b529-32b798db318a"",""8b3ec7b0-123f-5597-95f7-1fafc5810d01"",""035c5442-19b8-5a84-8a59-b352a9660279"",""d6d45010-72fa-5741-b733-88958a8795d2"",""ab8215e5-b753-5a6a-a4e7-ad9caf42eeac"",""1b20061c-b208-551a-b06c-81ffeff623fc"",""9b6d0913-2ae6-5dab-ab36-d05e1c51b208"",""a27c1fb2-edc1-57e6-9d74-adb5a13fed3b"",""4696448b-8c21-591b-80cc-7344ea0b95ec"",""c1d75a33-928c-5636-b99c-def1fb29e0f5"",""61eebfb6-2555-5bce-ba71-7a750427392a"",""aba074a1-d451-595d-bc12-e257adbe7383"",""1ca34094-ee4d-5962-a78a-174d361a9cd3"",""7edb0577-da07-5c6f-8391-bb90e9822165"",""d7c5d484-54dc-5d1e-a3ac-65d60267a12c"",""f416cc8b-3bc2-5c4c-a91c-c56faf748684""]","[""d4fa3dda-e640-4303-8eca-b3e02bb3eb60"",""e2626db2-0de4-428b-8b2e-3a547addc86f""]",,,M6-evaluator-v1,observed,oracle,500,text,SQL-R3-02-S01-HTTP,independent public-contract comparison,M6-ASSERTION-3561de0d-72c5-444b-84d3-416048a90580,,,,,,,,,2026-10-07T01:52:22.031649Z,,200,,2d9849af-4973-4fd8-a822-d8a60e17e5f5,c6aa8e86-9df3-42a8-8c12-f55ea344d4f3,d4fa3dda-e640-4303-8eca-b3e02bb3eb60,,1ce2dc28-655d-4831-aeae-04e42cbd965d,,,,R3,e2626db2-0de4-428b-8b2e-3a547addc86f,,,,,,,1,failed,SQL-R3-02,,,,,,,1c4afc6f-6679-57b7-ab6b-cec3053e85a1,3b91cf74-bb6c-467f-ab64-f517331a4cfe,evidence observations; interpretation separate
M7-analysis-v5,f271356ffd8f5b943bef61c4d70ab406e48733c1d29b2b806edcf1d9e2d1263c,R3,dbb63e68d4ed9e904fa985aa5b88d674205b6caab086a8d981ac8918a9c68fb5,"[""4afc763c-033e-501c-9c9c-453207d31e62"",""1fed9611-d0cc-51e5-86e7-4ba237c836a2"",""0e4d4039-5409-5be7-a300-ded85e9c22d7"",""1c4afc6f-6679-57b7-ab6b-cec3053e85a1"",""76216ff6-0dab-5f43-913f-741c2deb7596"",""fe7c5fea-171a-5d3e-b93c-b9d53dca7c67"",""784c942d-b222-5013-a2e4-de4aa477a143"",""2f2d84f4-6f41-5df7-a828-cc0a3d9cdddf"",""c68f6332-f200-5595-940d-e5bcad78f1fe"",""54c3aba8-cb42-5023-9591-5cdd68bdd7c5"",""b9ac296e-4c6c-5cdc-9e03-14868c124af2"",""022ddff9-4332-5ba5-b884-42537f220a0c"",""0d262496-18e1-5973-84a6-84fbda64d0ff"",""447860c8-1d56-518b-88ad-7e103990b756"",""616ecfda-7163-5a8d-ba60-01f623d8b124"",""656bacfc-b102-5379-8db2-2f9f127621e0"",""88f2e658-6155-5924-bc85-63fe2aabb08a"",""9f032fb3-90ca-5749-aff5-1065077ac10e"",""4d2e4005-a84b-525b-a492-d367c5e405d0"",""12b20e20-e117-5c00-83bc-e589b92b730e"",""e97a5398-37b9-5e89-91a9-9b3ae48d9534"",""7a8f92c5-5f85-593a-bf90-08e13c60a2e6"",""aa66f5e3-ac0e-57d6-9b69-aa54ea7c4fb9"",""d07b7490-853e-562b-b662-305e89e7718d"",""596c0800-372d-5056-8a35-9f8661656bf4"",""d08816e6-d4d6-5f35-9de3-d86528fa7a96"",""2e126757-f17e-5ee2-93db-94d31ed944b2"",""5e1af4e2-330f-563f-b639-2d3cd8d276c8"",""49cd1889-2a56-5913-8723-929335f68874"",""82b898ba-3b6d-567f-8996-4f259b74547e"",""d38eb7d2-e78b-5c2f-93e4-2e34846e80e6"",""33effc64-dcfe-5ced-badf-c4df49f68dc1"",""a3a03b99-34c0-504b-b529-32b798db318a"",""8b3ec7b0-123f-5597-95f7-1fafc5810d01"",""035c5442-19b8-5a84-8a59-b352a9660279"",""d6d45010-72fa-5741-b733-88958a8795d2"",""ab8215e5-b753-5a6a-a4e7-ad9caf42eeac"",""1b20061c-b208-551a-b06c-81ffeff623fc"",""9b6d0913-2ae6-5dab-ab36-d05e1c51b208"",""a27c1fb2-edc1-57e6-9d74-adb5a13fed3b"",""4696448b-8c21-591b-80cc-7344ea0b95ec"",""c1d75a33-928c-5636-b99c-def1fb29e0f5"",""61eebfb6-2555-5bce-ba71-7a750427392a"",""aba074a1-d451-595d-bc12-e257adbe7383"",""1ca34094-ee4d-5962-a78a-174d361a9cd3"",""7edb0577-da07-5c6f-8391-bb90e9822165"",""d7c5d484-54dc-5d1e-a3ac-65d60267a12c"",""f416cc8b-3bc2-5c4c-a91c-c56faf748684""]","[""d4fa3dda-e640-4303-8eca-b3e02bb3eb60"",""e2626db2-0de4-428b-8b2e-3a547addc86f""]",,,M6-evaluator-v1,observed,oracle,"{""avatars"":[],""data"":{},""marker"":null,""region_count"":0}",text,SQL-R3-02-S01-RESULT,independent public-contract comparison,M6-ASSERTION-eea08e92-b0a9-4896-bc27-6f25a174c921,,,,,,,,,2026-10-07T01:52:22.032080Z,,"{""avatars"":[],""data"":{},""marker"":""NEGATIVE"",""region_count"":1}",,2d9849af-4973-4fd8-a822-d8a60e17e5f5,526e7b4e-f6b5-461a-bdf1-fa8186557c25,d4fa3dda-e640-4303-8eca-b3e02bb3eb60,,1ce2dc28-655d-4831-aeae-04e42cbd965d,,,,R3,e2626db2-0de4-428b-8b2e-3a547addc86f,,,,,,,1,failed,SQL-R3-02,,,,,,,1c4afc6f-6679-57b7-ab6b-cec3053e85a1,3b91cf74-bb6c-467f-ab64-f517331a4cfe,evidence observations; interpretation separate
M7-analysis-v5,f271356ffd8f5b943bef61c4d70ab406e48733c1d29b2b806edcf1d9e2d1263c,R4,dbb63e68d4ed9e904fa985aa5b88d674205b6caab086a8d981ac8918a9c68fb5,"[""4afc763c-033e-501c-9c9c-453207d31e62"",""1fed9611-d0cc-51e5-86e7-4ba237c836a2"",""0e4d4039-5409-5be7-a300-ded85e9c22d7"",""1c4afc6f-6679-57b7-ab6b-cec3053e85a1"",""76216ff6-0dab-5f43-913f-741c2deb7596"",""fe7c5fea-171a-5d3e-b93c-b9d53dca7c67"",""784c942d-b222-5013-a2e4-de4aa477a143"",""2f2d84f4-6f41-5df7-a828-cc0a3d9cdddf"",""c68f6332-f200-5595-940d-e5bcad78f1fe"",""54c3aba8-cb42-5023-9591-5cdd68bdd7c5"",""b9ac296e-4c6c-5cdc-9e03-14868c124af2"",""022ddff9-4332-5ba5-b884-42537f220a0c"",""0d262496-18e1-5973-84a6-84fbda64d0ff"",""447860c8-1d56-518b-88ad-7e103990b756"",""616ecfda-7163-5a8d-ba60-01f623d8b124"",""656bacfc-b102-5379-8db2-2f9f127621e0"",""88f2e658-6155-5924-bc85-63fe2aabb08a"",""9f032fb3-90ca-5749-aff5-1065077ac10e"",""4d2e4005-a84b-525b-a492-d367c5e405d0"",""12b20e20-e117-5c00-83bc-e589b92b730e"",""e97a5398-37b9-5e89-91a9-9b3ae48d9534"",""7a8f92c5-5f85-593a-bf90-08e13c60a2e6"",""aa66f5e3-ac0e-57d6-9b69-aa54ea7c4fb9"",""d07b7490-853e-562b-b662-305e89e7718d"",""596c0800-372d-5056-8a35-9f8661656bf4"",""d08816e6-d4d6-5f35-9de3-d86528fa7a96"",""2e126757-f17e-5ee2-93db-94d31ed944b2"",""5e1af4e2-330f-563f-b639-2d3cd8d276c8"",""49cd1889-2a56-5913-8723-929335f68874"",""82b898ba-3b6d-567f-8996-4f259b74547e"",""d38eb7d2-e78b-5c2f-93e4-2e34846e80e6"",""33effc64-dcfe-5ced-badf-c4df49f68dc1"",""a3a03b99-34c0-504b-b529-32b798db318a"",""8b3ec7b0-123f-5597-95f7-1fafc5810d01"",""035c5442-19b8-5a84-8a59-b352a9660279"",""d6d45010-72fa-5741-b733-88958a8795d2"",""ab8215e5-b753-5a6a-a4e7-ad9caf42eeac"",""1b20061c-b208-551a-b06c-81ffeff623fc"",""9b6d0913-2ae6-5dab-ab36-d05e1c51b208"",""a27c1fb2-edc1-57e6-9d74-adb5a13fed3b"",""4696448b-8c21-591b-80cc-7344ea0b95ec"",""c1d75a33-928c-5636-b99c-def1fb29e0f5"",""61eebfb6-2555-5bce-ba71-7a750427392a"",""aba074a1-d451-595d-bc12-e257adbe7383"",""1ca34094-ee4d-5962-a78a-174d361a9cd3"",""7edb0577-da07-5c6f-8391-bb90e9822165"",""d7c5d484-54dc-5d1e-a3ac-65d60267a12c"",""f416cc8b-3bc2-5c4c-a91c-c56faf748684""]","[""1278aae4-0026-4d92-866c-d77b35a74799"",""21127f70-ba4e-4710-8e46-78092ee2cf01""]",,,M6-evaluator-v1,observed,oracle,500,text,SQL-R4-01-S01-HTTP,independent public-contract comparison,M6-ASSERTION-329fbf31-2e31-403e-be9b-65db6380b972,,,,,,,,,2026-10-07T01:52:22.033256Z,,422,,2d9849af-4973-4fd8-a822-d8a60e17e5f5,44d6d688-ec05-4fe9-8db9-b13070bf236a,1278aae4-0026-4d92-866c-d77b35a74799,,1ce2dc28-655d-4831-aeae-04e42cbd965d,,,,R4,21127f70-ba4e-4710-8e46-78092ee2cf01,,,,,,,1,failed,SQL-R4-01,,,,,,,1c4afc6f-6679-57b7-ab6b-cec3053e85a1,3b91cf74-bb6c-467f-ab64-f517331a4cfe,evidence observations; interpretation separate
M7-analysis-v5,f271356ffd8f5b943bef61c4d70ab406e48733c1d29b2b806edcf1d9e2d1263c,R4,dbb63e68d4ed9e904fa985aa5b88d674205b6caab086a8d981ac8918a9c68fb5,"[""4afc763c-033e-501c-9c9c-453207d31e62"",""1fed9611-d0cc-51e5-86e7-4ba237c836a2"",""0e4d4039-5409-5be7-a300-ded85e9c22d7"",""1c4afc6f-6679-57b7-ab6b-cec3053e85a1"",""76216ff6-0dab-5f43-913f-741c2deb7596"",""fe7c5fea-171a-5d3e-b93c-b9d53dca7c67"",""784c942d-b222-5013-a2e4-de4aa477a143"",""2f2d84f4-6f41-5df7-a828-cc0a3d9cdddf"",""c68f6332-f200-5595-940d-e5bcad78f1fe"",""54c3aba8-cb42-5023-9591-5cdd68bdd7c5"",""b9ac296e-4c6c-5cdc-9e03-14868c124af2"",""022ddff9-4332-5ba5-b884-42537f220a0c"",""0d262496-18e1-5973-84a6-84fbda64d0ff"",""447860c8-1d56-518b-88ad-7e103990b756"",""616ecfda-7163-5a8d-ba60-01f623d8b124"",""656bacfc-b102-5379-8db2-2f9f127621e0"",""88f2e658-6155-5924-bc85-63fe2aabb08a"",""9f032fb3-90ca-5749-aff5-1065077ac10e"",""4d2e4005-a84b-525b-a492-d367c5e405d0"",""12b20e20-e117-5c00-83bc-e589b92b730e"",""e97a5398-37b9-5e89-91a9-9b3ae48d9534"",""7a8f92c5-5f85-593a-bf90-08e13c60a2e6"",""aa66f5e3-ac0e-57d6-9b69-aa54ea7c4fb9"",""d07b7490-853e-562b-b662-305e89e7718d"",""596c0800-372d-5056-8a35-9f8661656bf4"",""d08816e6-d4d6-5f35-9de3-d86528fa7a96"",""2e126757-f17e-5ee2-93db-94d31ed944b2"",""5e1af4e2-330f-563f-b639-2d3cd8d276c8"",""49cd1889-2a56-5913-8723-929335f68874"",""82b898ba-3b6d-567f-8996-4f259b74547e"",""d38eb7d2-e78b-5c2f-93e4-2e34846e80e6"",""33effc64-dcfe-5ced-badf-c4df49f68dc1"",""a3a03b99-34c0-504b-b529-32b798db318a"",""8b3ec7b0-123f-5597-95f7-1fafc5810d01"",""035c5442-19b8-5a84-8a59-b352a9660279"",""d6d45010-72fa-5741-b733-88958a8795d2"",""ab8215e5-b753-5a6a-a4e7-ad9caf42eeac"",""1b20061c-b208-551a-b06c-81ffeff623fc"",""9b6d0913-2ae6-5dab-ab36-d05e1c51b208"",""a27c1fb2-edc1-57e6-9d74-adb5a13fed3b"",""4696448b-8c21-591b-80cc-7344ea0b95ec"",""c1d75a33-928c-5636-b99c-def1fb29e0f5"",""61eebfb6-2555-5bce-ba71-7a750427392a"",""aba074a1-d451-595d-bc12-e257adbe7383"",""1ca34094-ee4d-5962-a78a-174d361a9cd3"",""7edb0577-da07-5c6f-8391-bb90e9822165"",""d7c5d484-54dc-5d1e-a3ac-65d60267a12c"",""f416cc8b-3bc2-5c4c-a91c-c56faf748684""]","[""1278aae4-0026-4d92-866c-d77b35a74799"",""21127f70-ba4e-4710-8e46-78092ee2cf01""]",,,M6-evaluator-v1,observed,oracle,"{""avatars"":[],""data"":{},""marker"":null,""region_count"":0}",text,SQL-R4-01-S01-RESULT,independent public-contract comparison,M6-ASSERTION-1989814a-1151-44f7-99e1-ab279c9b506a,,,,,,,,,2026-10-07T01:52:22.033596Z,,"{""avatars"":[],""data"":{},""marker"":""INPUT_ERROR"",""region_count"":1}",,2d9849af-4973-4fd8-a822-d8a60e17e5f5,c0cd3aac-ce00-46be-a0b5-0884d285d411,1278aae4-0026-4d92-866c-d77b35a74799,,1ce2dc28-655d-4831-aeae-04e42cbd965d,,,,R4,21127f70-ba4e-4710-8e46-78092ee2cf01,,,,,,,1,failed,SQL-R4-01,,,,,,,1c4afc6f-6679-57b7-ab6b-cec3053e85a1,3b91cf74-bb6c-467f-ab64-f517331a4cfe,evidence observations; interpretation separate
M7-analysis-v5,f271356ffd8f5b943bef61c4d70ab406e48733c1d29b2b806edcf1d9e2d1263c,R4,dbb63e68d4ed9e904fa985aa5b88d674205b6caab086a8d981ac8918a9c68fb5,"[""4afc763c-033e-501c-9c9c-453207d31e62"",""1fed9611-d0cc-51e5-86e7-4ba237c836a2"",""0e4d4039-5409-5be7-a300-ded85e9c22d7"",""1c4afc6f-6679-57b7-ab6b-cec3053e85a1"",""76216ff6-0dab-5f43-913f-741c2deb7596"",""fe7c5fea-171a-5d3e-b93c-b9d53dca7c67"",""784c942d-b222-5013-a2e4-de4aa477a143"",""2f2d84f4-6f41-5df7-a828-cc0a3d9cdddf"",""c68f6332-f200-5595-940d-e5bcad78f1fe"",""54c3aba8-cb42-5023-9591-5cdd68bdd7c5"",""b9ac296e-4c6c-5cdc-9e03-14868c124af2"",""022ddff9-4332-5ba5-b884-42537f220a0c"",""0d262496-18e1-5973-84a6-84fbda64d0ff"",""447860c8-1d56-518b-88ad-7e103990b756"",""616ecfda-7163-5a8d-ba60-01f623d8b124"",""656bacfc-b102-5379-8db2-2f9f127621e0"",""88f2e658-6155-5924-bc85-63fe2aabb08a"",""9f032fb3-90ca-5749-aff5-1065077ac10e"",""4d2e4005-a84b-525b-a492-d367c5e405d0"",""12b20e20-e117-5c00-83bc-e589b92b730e"",""e97a5398-37b9-5e89-91a9-9b3ae48d9534"",""7a8f92c5-5f85-593a-bf90-08e13c60a2e6"",""aa66f5e3-ac0e-57d6-9b69-aa54ea7c4fb9"",""d07b7490-853e-562b-b662-305e89e7718d"",""596c0800-372d-5056-8a35-9f8661656bf4"",""d08816e6-d4d6-5f35-9de3-d86528fa7a96"",""2e126757-f17e-5ee2-93db-94d31ed944b2"",""5e1af4e2-330f-563f-b639-2d3cd8d276c8"",""49cd1889-2a56-5913-8723-929335f68874"",""82b898ba-3b6d-567f-8996-4f259b74547e"",""d38eb7d2-e78b-5c2f-93e4-2e34846e80e6"",""33effc64-dcfe-5ced-badf-c4df49f68dc1"",""a3a03b99-34c0-504b-b529-32b798db318a"",""8b3ec7b0-123f-5597-95f7-1fafc5810d01"",""035c5442-19b8-5a84-8a59-b352a9660279"",""d6d45010-72fa-5741-b733-88958a8795d2"",""ab8215e5-b753-5a6a-a4e7-ad9caf42eeac"",""1b20061c-b208-551a-b06c-81ffeff623fc"",""9b6d0913-2ae6-5dab-ab36-d05e1c51b208"",""a27c1fb2-edc1-57e6-9d74-adb5a13fed3b"",""4696448b-8c21-591b-80cc-7344ea0b95ec"",""c1d75a33-928c-5636-b99c-def1fb29e0f5"",""61eebfb6-2555-5bce-ba71-7a750427392a"",""aba074a1-d451-595d-bc12-e257adbe7383"",""1ca34094-ee4d-5962-a78a-174d361a9cd3"",""7edb0577-da07-5c6f-8391-bb90e9822165"",""d7c5d484-54dc-5d1e-a3ac-65d60267a12c"",""f416cc8b-3bc2-5c4c-a91c-c56faf748684""]","[""33d512fc-9b3c-44d4-8462-d97a1287395d"",""fd43820c-a0fd-474c-bced-86160984814c""]",,,M6-evaluator-v1,observed,oracle,500,text,SQL-R4-02-S01-HTTP,independent public-contract comparison,M6-ASSERTION-35c8579c-5969-4587-a2ea-d0eaee949853,,,,,,,,,2026-10-07T01:52:22.034778Z,,422,,2d9849af-4973-4fd8-a822-d8a60e17e5f5,6ebefb01-9465-4d7b-8b1e-fa54ca40712d,33d512fc-9b3c-44d4-8462-d97a1287395d,,1ce2dc28-655d-4831-aeae-04e42cbd965d,,,,R4,fd43820c-a0fd-474c-bced-86160984814c,,,,,,,1,failed,SQL-R4-02,,,,,,,1c4afc6f-6679-57b7-ab6b-cec3053e85a1,3b91cf74-bb6c-467f-ab64-f517331a4cfe,evidence observations; interpretation separate
M7-analysis-v5,f271356ffd8f5b943bef61c4d70ab406e48733c1d29b2b806edcf1d9e2d1263c,R4,dbb63e68d4ed9e904fa985aa5b88d674205b6caab086a8d981ac8918a9c68fb5,"[""4afc763c-033e-501c-9c9c-453207d31e62"",""1fed9611-d0cc-51e5-86e7-4ba237c836a2"",""0e4d4039-5409-5be7-a300-ded85e9c22d7"",""1c4afc6f-6679-57b7-ab6b-cec3053e85a1"",""76216ff6-0dab-5f43-913f-741c2deb7596"",""fe7c5fea-171a-5d3e-b93c-b9d53dca7c67"",""784c942d-b222-5013-a2e4-de4aa477a143"",""2f2d84f4-6f41-5df7-a828-cc0a3d9cdddf"",""c68f6332-f200-5595-940d-e5bcad78f1fe"",""54c3aba8-cb42-5023-9591-5cdd68bdd7c5"",""b9ac296e-4c6c-5cdc-9e03-14868c124af2"",""022ddff9-4332-5ba5-b884-42537f220a0c"",""0d262496-18e1-5973-84a6-84fbda64d0ff"",""447860c8-1d56-518b-88ad-7e103990b756"",""616ecfda-7163-5a8d-ba60-01f623d8b124"",""656bacfc-b102-5379-8db2-2f9f127621e0"",""88f2e658-6155-5924-bc85-63fe2aabb08a"",""9f032fb3-90ca-5749-aff5-1065077ac10e"",""4d2e4005-a84b-525b-a492-d367c5e405d0"",""12b20e20-e117-5c00-83bc-e589b92b730e"",""e97a5398-37b9-5e89-91a9-9b3ae48d9534"",""7a8f92c5-5f85-593a-bf90-08e13c60a2e6"",""aa66f5e3-ac0e-57d6-9b69-aa54ea7c4fb9"",""d07b7490-853e-562b-b662-305e89e7718d"",""596c0800-372d-5056-8a35-9f8661656bf4"",""d08816e6-d4d6-5f35-9de3-d86528fa7a96"",""2e126757-f17e-5ee2-93db-94d31ed944b2"",""5e1af4e2-330f-563f-b639-2d3cd8d276c8"",""49cd1889-2a56-5913-8723-929335f68874"",""82b898ba-3b6d-567f-8996-4f259b74547e"",""d38eb7d2-e78b-5c2f-93e4-2e34846e80e6"",""33effc64-dcfe-5ced-badf-c4df49f68dc1"",""a3a03b99-34c0-504b-b529-32b798db318a"",""8b3ec7b0-123f-5597-95f7-1fafc5810d01"",""035c5442-19b8-5a84-8a59-b352a9660279"",""d6d45010-72fa-5741-b733-88958a8795d2"",""ab8215e5-b753-5a6a-a4e7-ad9caf42eeac"",""1b20061c-b208-551a-b06c-81ffeff623fc"",""9b6d0913-2ae6-5dab-ab36-d05e1c51b208"",""a27c1fb2-edc1-57e6-9d74-adb5a13fed3b"",""4696448b-8c21-591b-80cc-7344ea0b95ec"",""c1d75a33-928c-5636-b99c-def1fb29e0f5"",""61eebfb6-2555-5bce-ba71-7a750427392a"",""aba074a1-d451-595d-bc12-e257adbe7383"",""1ca34094-ee4d-5962-a78a-174d361a9cd3"",""7edb0577-da07-5c6f-8391-bb90e9822165"",""d7c5d484-54dc-5d1e-a3ac-65d60267a12c"",""f416cc8b-3bc2-5c4c-a91c-c56faf748684""]","[""33d512fc-9b3c-44d4-8462-d97a1287395d"",""fd43820c-a0fd-474c-bced-86160984814c""]",,,M6-evaluator-v1,observed,oracle,"{""avatars"":[],""data"":{},""marker"":null,""region_count"":0}",text,SQL-R4-02-S01-RESULT,independent public-contract comparison,M6-ASSERTION-bf3219aa-ab17-4da8-a79a-4058aa5a743a,,,,,,,,,2026-10-07T01:52:22.035157Z,,"{""avatars"":[],""data"":{},""marker"":""INPUT_ERROR"",""region_count"":1}",,2d9849af-4973-4fd8-a822-d8a60e17e5f5,c41558e4-ae68-465e-8d40-a8f348b39194,33d512fc-9b3c-44d4-8462-d97a1287395d,,1ce2dc28-655d-4831-aeae-04e42cbd965d,,,,R4,fd43820c-a0fd-474c-bced-86160984814c,,,,,,,1,failed,SQL-R4-02,,,,,,,1c4afc6f-6679-57b7-ab6b-cec3053e85a1,3b91cf74-bb6c-467f-ab64-f517331a4cfe,evidence observations; interpretation separate
M7-analysis-v5,f271356ffd8f5b943bef61c4d70ab406e48733c1d29b2b806edcf1d9e2d1263c,R5,dbb63e68d4ed9e904fa985aa5b88d674205b6caab086a8d981ac8918a9c68fb5,"[""4afc763c-033e-501c-9c9c-453207d31e62"",""1fed9611-d0cc-51e5-86e7-4ba237c836a2"",""0e4d4039-5409-5be7-a300-ded85e9c22d7"",""1c4afc6f-6679-57b7-ab6b-cec3053e85a1"",""76216ff6-0dab-5f43-913f-741c2deb7596"",""fe7c5fea-171a-5d3e-b93c-b9d53dca7c67"",""784c942d-b222-5013-a2e4-de4aa477a143"",""2f2d84f4-6f41-5df7-a828-cc0a3d9cdddf"",""c68f6332-f200-5595-940d-e5bcad78f1fe"",""54c3aba8-cb42-5023-9591-5cdd68bdd7c5"",""b9ac296e-4c6c-5cdc-9e03-14868c124af2"",""022ddff9-4332-5ba5-b884-42537f220a0c"",""0d262496-18e1-5973-84a6-84fbda64d0ff"",""447860c8-1d56-518b-88ad-7e103990b756"",""616ecfda-7163-5a8d-ba60-01f623d8b124"",""656bacfc-b102-5379-8db2-2f9f127621e0"",""88f2e658-6155-5924-bc85-63fe2aabb08a"",""9f032fb3-90ca-5749-aff5-1065077ac10e"",""4d2e4005-a84b-525b-a492-d367c5e405d0"",""12b20e20-e117-5c00-83bc-e589b92b730e"",""e97a5398-37b9-5e89-91a9-9b3ae48d9534"",""7a8f92c5-5f85-593a-bf90-08e13c60a2e6"",""aa66f5e3-ac0e-57d6-9b69-aa54ea7c4fb9"",""d07b7490-853e-562b-b662-305e89e7718d"",""596c0800-372d-5056-8a35-9f8661656bf4"",""d08816e6-d4d6-5f35-9de3-d86528fa7a96"",""2e126757-f17e-5ee2-93db-94d31ed944b2"",""5e1af4e2-330f-563f-b639-2d3cd8d276c8"",""49cd1889-2a56-5913-8723-929335f68874"",""82b898ba-3b6d-567f-8996-4f259b74547e"",""d38eb7d2-e78b-5c2f-93e4-2e34846e80e6"",""33effc64-dcfe-5ced-badf-c4df49f68dc1"",""a3a03b99-34c0-504b-b529-32b798db318a"",""8b3ec7b0-123f-5597-95f7-1fafc5810d01"",""035c5442-19b8-5a84-8a59-b352a9660279"",""d6d45010-72fa-5741-b733-88958a8795d2"",""ab8215e5-b753-5a6a-a4e7-ad9caf42eeac"",""1b20061c-b208-551a-b06c-81ffeff623fc"",""9b6d0913-2ae6-5dab-ab36-d05e1c51b208"",""a27c1fb2-edc1-57e6-9d74-adb5a13fed3b"",""4696448b-8c21-591b-80cc-7344ea0b95ec"",""c1d75a33-928c-5636-b99c-def1fb29e0f5"",""61eebfb6-2555-5bce-ba71-7a750427392a"",""aba074a1-d451-595d-bc12-e257adbe7383"",""1ca34094-ee4d-5962-a78a-174d361a9cd3"",""7edb0577-da07-5c6f-8391-bb90e9822165"",""d7c5d484-54dc-5d1e-a3ac-65d60267a12c"",""f416cc8b-3bc2-5c4c-a91c-c56faf748684""]","[""138df13b-2f7a-446f-9c03-4ab56c37f939"",""b11c4d2f-8257-47b9-b754-8214d4d07bea""]",,,M6-evaluator-v1,observed,oracle,500,text,SQL-R5-01-S01-HTTP,independent public-contract comparison,M6-ASSERTION-3aa94bd6-83da-4398-affc-b1f07f2f6278,,,,,,,,,2026-10-07T01:52:22.036661Z,,200,,2d9849af-4973-4fd8-a822-d8a60e17e5f5,09a91ac8-4315-4974-9dca-aeab1296ee8f,138df13b-2f7a-446f-9c03-4ab56c37f939,,1ce2dc28-655d-4831-aeae-04e42cbd965d,,,,R5,b11c4d2f-8257-47b9-b754-8214d4d07bea,,,,,,,1,failed,SQL-R5-01,,,,,,,1c4afc6f-6679-57b7-ab6b-cec3053e85a1,3b91cf74-bb6c-467f-ab64-f517331a4cfe,evidence observations; interpretation separate
M7-analysis-v5,f271356ffd8f5b943bef61c4d70ab406e48733c1d29b2b806edcf1d9e2d1263c,R5,dbb63e68d4ed9e904fa985aa5b88d674205b6caab086a8d981ac8918a9c68fb5,"[""4afc763c-033e-501c-9c9c-453207d31e62"",""1fed9611-d0cc-51e5-86e7-4ba237c836a2"",""0e4d4039-5409-5be7-a300-ded85e9c22d7"",""1c4afc6f-6679-57b7-ab6b-cec3053e85a1"",""76216ff6-0dab-5f43-913f-741c2deb7596"",""fe7c5fea-171a-5d3e-b93c-b9d53dca7c67"",""784c942d-b222-5013-a2e4-de4aa477a143"",""2f2d84f4-6f41-5df7-a828-cc0a3d9cdddf"",""c68f6332-f200-5595-940d-e5bcad78f1fe"",""54c3aba8-cb42-5023-9591-5cdd68bdd7c5"",""b9ac296e-4c6c-5cdc-9e03-14868c124af2"",""022ddff9-4332-5ba5-b884-42537f220a0c"",""0d262496-18e1-5973-84a6-84fbda64d0ff"",""447860c8-1d56-518b-88ad-7e103990b756"",""616ecfda-7163-5a8d-ba60-01f623d8b124"",""656bacfc-b102-5379-8db2-2f9f127621e0"",""88f2e658-6155-5924-bc85-63fe2aabb08a"",""9f032fb3-90ca-5749-aff5-1065077ac10e"",""4d2e4005-a84b-525b-a492-d367c5e405d0"",""12b20e20-e117-5c00-83bc-e589b92b730e"",""e97a5398-37b9-5e89-91a9-9b3ae48d9534"",""7a8f92c5-5f85-593a-bf90-08e13c60a2e6"",""aa66f5e3-ac0e-57d6-9b69-aa54ea7c4fb9"",""d07b7490-853e-562b-b662-305e89e7718d"",""596c0800-372d-5056-8a35-9f8661656bf4"",""d08816e6-d4d6-5f35-9de3-d86528fa7a96"",""2e126757-f17e-5ee2-93db-94d31ed944b2"",""5e1af4e2-330f-563f-b639-2d3cd8d276c8"",""49cd1889-2a56-5913-8723-929335f68874"",""82b898ba-3b6d-567f-8996-4f259b74547e"",""d38eb7d2-e78b-5c2f-93e4-2e34846e80e6"",""33effc64-dcfe-5ced-badf-c4df49f68dc1"",""a3a03b99-34c0-504b-b529-32b798db318a"",""8b3ec7b0-123f-5597-95f7-1fafc5810d01"",""035c5442-19b8-5a84-8a59-b352a9660279"",""d6d45010-72fa-5741-b733-88958a8795d2"",""ab8215e5-b753-5a6a-a4e7-ad9caf42eeac"",""1b20061c-b208-551a-b06c-81ffeff623fc"",""9b6d0913-2ae6-5dab-ab36-d05e1c51b208"",""a27c1fb2-edc1-57e6-9d74-adb5a13fed3b"",""4696448b-8c21-591b-80cc-7344ea0b95ec"",""c1d75a33-928c-5636-b99c-def1fb29e0f5"",""61eebfb6-2555-5bce-ba71-7a750427392a"",""aba074a1-d451-595d-bc12-e257adbe7383"",""1ca34094-ee4d-5962-a78a-174d361a9cd3"",""7edb0577-da07-5c6f-8391-bb90e9822165"",""d7c5d484-54dc-5d1e-a3ac-65d60267a12c"",""f416cc8b-3bc2-5c4c-a91c-c56faf748684""]","[""138df13b-2f7a-446f-9c03-4ab56c37f939"",""b11c4d2f-8257-47b9-b754-8214d4d07bea""]",,,M6-evaluator-v1,observed,oracle,"{""avatars"":[],""data"":{},""marker"":null,""region_count"":0}",text,SQL-R5-01-S01-RESULT,independent public-contract comparison,M6-ASSERTION-b66fc242-2108-47f2-a44b-70080a638080,,,,,,,,,2026-10-07T01:52:22.037067Z,,"{""avatars"":[],""data"":{""first_name"":""Mira"",""last_name"":""Nord""},""marker"":""SUCCESS"",""region_count"":1}",,2d9849af-4973-4fd8-a822-d8a60e17e5f5,4d142ce2-56f7-4e62-a835-57f69c650310,138df13b-2f7a-446f-9c03-4ab56c37f939,,1ce2dc28-655d-4831-aeae-04e42cbd965d,,,,R5,b11c4d2f-8257-47b9-b754-8214d4d07bea,,,,,,,1,failed,SQL-R5-01,,,,,,,1c4afc6f-6679-57b7-ab6b-cec3053e85a1,3b91cf74-bb6c-467f-ab64-f517331a4cfe,evidence observations; interpretation separate
M7-analysis-v5,f271356ffd8f5b943bef61c4d70ab406e48733c1d29b2b806edcf1d9e2d1263c,R5,dbb63e68d4ed9e904fa985aa5b88d674205b6caab086a8d981ac8918a9c68fb5,"[""4afc763c-033e-501c-9c9c-453207d31e62"",""1fed9611-d0cc-51e5-86e7-4ba237c836a2"",""0e4d4039-5409-5be7-a300-ded85e9c22d7"",""1c4afc6f-6679-57b7-ab6b-cec3053e85a1"",""76216ff6-0dab-5f43-913f-741c2deb7596"",""fe7c5fea-171a-5d3e-b93c-b9d53dca7c67"",""784c942d-b222-5013-a2e4-de4aa477a143"",""2f2d84f4-6f41-5df7-a828-cc0a3d9cdddf"",""c68f6332-f200-5595-940d-e5bcad78f1fe"",""54c3aba8-cb42-5023-9591-5cdd68bdd7c5"",""b9ac296e-4c6c-5cdc-9e03-14868c124af2"",""022ddff9-4332-5ba5-b884-42537f220a0c"",""0d262496-18e1-5973-84a6-84fbda64d0ff"",""447860c8-1d56-518b-88ad-7e103990b756"",""616ecfda-7163-5a8d-ba60-01f623d8b124"",""656bacfc-b102-5379-8db2-2f9f127621e0"",""88f2e658-6155-5924-bc85-63fe2aabb08a"",""9f032fb3-90ca-5749-aff5-1065077ac10e"",""4d2e4005-a84b-525b-a492-d367c5e405d0"",""12b20e20-e117-5c00-83bc-e589b92b730e"",""e97a5398-37b9-5e89-91a9-9b3ae48d9534"",""7a8f92c5-5f85-593a-bf90-08e13c60a2e6"",""aa66f5e3-ac0e-57d6-9b69-aa54ea7c4fb9"",""d07b7490-853e-562b-b662-305e89e7718d"",""596c0800-372d-5056-8a35-9f8661656bf4"",""d08816e6-d4d6-5f35-9de3-d86528fa7a96"",""2e126757-f17e-5ee2-93db-94d31ed944b2"",""5e1af4e2-330f-563f-b639-2d3cd8d276c8"",""49cd1889-2a56-5913-8723-929335f68874"",""82b898ba-3b6d-567f-8996-4f259b74547e"",""d38eb7d2-e78b-5c2f-93e4-2e34846e80e6"",""33effc64-dcfe-5ced-badf-c4df49f68dc1"",""a3a03b99-34c0-504b-b529-32b798db318a"",""8b3ec7b0-123f-5597-95f7-1fafc5810d01"",""035c5442-19b8-5a84-8a59-b352a9660279"",""d6d45010-72fa-5741-b733-88958a8795d2"",""ab8215e5-b753-5a6a-a4e7-ad9caf42eeac"",""1b20061c-b208-551a-b06c-81ffeff623fc"",""9b6d0913-2ae6-5dab-ab36-d05e1c51b208"",""a27c1fb2-edc1-57e6-9d74-adb5a13fed3b"",""4696448b-8c21-591b-80cc-7344ea0b95ec"",""c1d75a33-928c-5636-b99c-def1fb29e0f5"",""61eebfb6-2555-5bce-ba71-7a750427392a"",""aba074a1-d451-595d-bc12-e257adbe7383"",""1ca34094-ee4d-5962-a78a-174d361a9cd3"",""7edb0577-da07-5c6f-8391-bb90e9822165"",""d7c5d484-54dc-5d1e-a3ac-65d60267a12c"",""f416cc8b-3bc2-5c4c-a91c-c56faf748684""]","[""22b1241a-42ac-452f-98db-d1e540ea3798"",""e7fb17fa-ca9e-4c5f-90bc-de2cfb11654c""]",,,M6-evaluator-v1,observed,oracle,500,text,SQL-R5-02-S01-HTTP,independent public-contract comparison,M6-ASSERTION-bf8c8b42-586b-45c0-b71a-624413806739,,,,,,,,,2026-10-07T01:52:22.038235Z,,200,,2d9849af-4973-4fd8-a822-d8a60e17e5f5,80c466f4-0050-4205-a151-ce283b57c296,22b1241a-42ac-452f-98db-d1e540ea3798,,1ce2dc28-655d-4831-aeae-04e42cbd965d,,,,R5,e7fb17fa-ca9e-4c5f-90bc-de2cfb11654c,,,,,,,1,failed,SQL-R5-02,,,,,,,1c4afc6f-6679-57b7-ab6b-cec3053e85a1,3b91cf74-bb6c-467f-ab64-f517331a4cfe,evidence observations; interpretation separate
M7-analysis-v5,f271356ffd8f5b943bef61c4d70ab406e48733c1d29b2b806edcf1d9e2d1263c,R5,dbb63e68d4ed9e904fa985aa5b88d674205b6caab086a8d981ac8918a9c68fb5,"[""4afc763c-033e-501c-9c9c-453207d31e62"",""1fed9611-d0cc-51e5-86e7-4ba237c836a2"",""0e4d4039-5409-5be7-a300-ded85e9c22d7"",""1c4afc6f-6679-57b7-ab6b-cec3053e85a1"",""76216ff6-0dab-5f43-913f-741c2deb7596"",""fe7c5fea-171a-5d3e-b93c-b9d53dca7c67"",""784c942d-b222-5013-a2e4-de4aa477a143"",""2f2d84f4-6f41-5df7-a828-cc0a3d9cdddf"",""c68f6332-f200-5595-940d-e5bcad78f1fe"",""54c3aba8-cb42-5023-9591-5cdd68bdd7c5"",""b9ac296e-4c6c-5cdc-9e03-14868c124af2"",""022ddff9-4332-5ba5-b884-42537f220a0c"",""0d262496-18e1-5973-84a6-84fbda64d0ff"",""447860c8-1d56-518b-88ad-7e103990b756"",""616ecfda-7163-5a8d-ba60-01f623d8b124"",""656bacfc-b102-5379-8db2-2f9f127621e0"",""88f2e658-6155-5924-bc85-63fe2aabb08a"",""9f032fb3-90ca-5749-aff5-1065077ac10e"",""4d2e4005-a84b-525b-a492-d367c5e405d0"",""12b20e20-e117-5c00-83bc-e589b92b730e"",""e97a5398-37b9-5e89-91a9-9b3ae48d9534"",""7a8f92c5-5f85-593a-bf90-08e13c60a2e6"",""aa66f5e3-ac0e-57d6-9b69-aa54ea7c4fb9"",""d07b7490-853e-562b-b662-305e89e7718d"",""596c0800-372d-5056-8a35-9f8661656bf4"",""d08816e6-d4d6-5f35-9de3-d86528fa7a96"",""2e126757-f17e-5ee2-93db-94d31ed944b2"",""5e1af4e2-330f-563f-b639-2d3cd8d276c8"",""49cd1889-2a56-5913-8723-929335f68874"",""82b898ba-3b6d-567f-8996-4f259b74547e"",""d38eb7d2-e78b-5c2f-93e4-2e34846e80e6"",""33effc64-dcfe-5ced-badf-c4df49f68dc1"",""a3a03b99-34c0-504b-b529-32b798db318a"",""8b3ec7b0-123f-5597-95f7-1fafc5810d01"",""035c5442-19b8-5a84-8a59-b352a9660279"",""d6d45010-72fa-5741-b733-88958a8795d2"",""ab8215e5-b753-5a6a-a4e7-ad9caf42eeac"",""1b20061c-b208-551a-b06c-81ffeff623fc"",""9b6d0913-2ae6-5dab-ab36-d05e1c51b208"",""a27c1fb2-edc1-57e6-9d74-adb5a13fed3b"",""4696448b-8c21-591b-80cc-7344ea0b95ec"",""c1d75a33-928c-5636-b99c-def1fb29e0f5"",""61eebfb6-2555-5bce-ba71-7a750427392a"",""aba074a1-d451-595d-bc12-e257adbe7383"",""1ca34094-ee4d-5962-a78a-174d361a9cd3"",""7edb0577-da07-5c6f-8391-bb90e9822165"",""d7c5d484-54dc-5d1e-a3ac-65d60267a12c"",""f416cc8b-3bc2-5c4c-a91c-c56faf748684""]","[""22b1241a-42ac-452f-98db-d1e540ea3798"",""e7fb17fa-ca9e-4c5f-90bc-de2cfb11654c""]",,,M6-evaluator-v1,observed,oracle,"{""avatars"":[],""data"":{},""marker"":null,""region_count"":0}",text,SQL-R5-02-S01-RESULT,independent public-contract comparison,M6-ASSERTION-8423c3fa-c07c-488a-9a65-f250d438c838,,,,,,,,,2026-10-07T01:52:22.038646Z,,"{""avatars"":[],""data"":{""first_name"":""Ivo"",""last_name"":""Süd""},""marker"":""SUCCESS"",""region_count"":1}",,2d9849af-4973-4fd8-a822-d8a60e17e5f5,b6671090-ca24-449d-ac27-819d73fd982d,22b1241a-42ac-452f-98db-d1e540ea3798,,1ce2dc28-655d-4831-aeae-04e42cbd965d,,,,R5,e7fb17fa-ca9e-4c5f-90bc-de2cfb11654c,,,,,,,1,failed,SQL-R5-02,,,,,,,1c4afc6f-6679-57b7-ab6b-cec3053e85a1,3b91cf74-bb6c-467f-ab64-f517331a4cfe,evidence observations; interpretation separate
M7-analysis-v5,f271356ffd8f5b943bef61c4d70ab406e48733c1d29b2b806edcf1d9e2d1263c,R6,dbb63e68d4ed9e904fa985aa5b88d674205b6caab086a8d981ac8918a9c68fb5,"[""4afc763c-033e-501c-9c9c-453207d31e62"",""1fed9611-d0cc-51e5-86e7-4ba237c836a2"",""0e4d4039-5409-5be7-a300-ded85e9c22d7"",""1c4afc6f-6679-57b7-ab6b-cec3053e85a1"",""76216ff6-0dab-5f43-913f-741c2deb7596"",""fe7c5fea-171a-5d3e-b93c-b9d53dca7c67"",""784c942d-b222-5013-a2e4-de4aa477a143"",""2f2d84f4-6f41-5df7-a828-cc0a3d9cdddf"",""c68f6332-f200-5595-940d-e5bcad78f1fe"",""54c3aba8-cb42-5023-9591-5cdd68bdd7c5"",""b9ac296e-4c6c-5cdc-9e03-14868c124af2"",""022ddff9-4332-5ba5-b884-42537f220a0c"",""0d262496-18e1-5973-84a6-84fbda64d0ff"",""447860c8-1d56-518b-88ad-7e103990b756"",""616ecfda-7163-5a8d-ba60-01f623d8b124"",""656bacfc-b102-5379-8db2-2f9f127621e0"",""88f2e658-6155-5924-bc85-63fe2aabb08a"",""9f032fb3-90ca-5749-aff5-1065077ac10e"",""4d2e4005-a84b-525b-a492-d367c5e405d0"",""12b20e20-e117-5c00-83bc-e589b92b730e"",""e97a5398-37b9-5e89-91a9-9b3ae48d9534"",""7a8f92c5-5f85-593a-bf90-08e13c60a2e6"",""aa66f5e3-ac0e-57d6-9b69-aa54ea7c4fb9"",""d07b7490-853e-562b-b662-305e89e7718d"",""596c0800-372d-5056-8a35-9f8661656bf4"",""d08816e6-d4d6-5f35-9de3-d86528fa7a96"",""2e126757-f17e-5ee2-93db-94d31ed944b2"",""5e1af4e2-330f-563f-b639-2d3cd8d276c8"",""49cd1889-2a56-5913-8723-929335f68874"",""82b898ba-3b6d-567f-8996-4f259b74547e"",""d38eb7d2-e78b-5c2f-93e4-2e34846e80e6"",""33effc64-dcfe-5ced-badf-c4df49f68dc1"",""a3a03b99-34c0-504b-b529-32b798db318a"",""8b3ec7b0-123f-5597-95f7-1fafc5810d01"",""035c5442-19b8-5a84-8a59-b352a9660279"",""d6d45010-72fa-5741-b733-88958a8795d2"",""ab8215e5-b753-5a6a-a4e7-ad9caf42eeac"",""1b20061c-b208-551a-b06c-81ffeff623fc"",""9b6d0913-2ae6-5dab-ab36-d05e1c51b208"",""a27c1fb2-edc1-57e6-9d74-adb5a13fed3b"",""4696448b-8c21-591b-80cc-7344ea0b95ec"",""c1d75a33-928c-5636-b99c-def1fb29e0f5"",""61eebfb6-2555-5bce-ba71-7a750427392a"",""aba074a1-d451-595d-bc12-e257adbe7383"",""1ca34094-ee4d-5962-a78a-174d361a9cd3"",""7edb0577-da07-5c6f-8391-bb90e9822165"",""d7c5d484-54dc-5d1e-a3ac-65d60267a12c"",""f416cc8b-3bc2-5c4c-a91c-c56faf748684""]","[""e38a3175-e13b-41ce-a52f-2e135e922013"",""3d8aa39d-cb48-49fd-b4cd-f9be1a214063""]",,,M6-evaluator-v1,observed,oracle,500,text,SQL-R6-01-S02-HTTP,independent public-contract comparison,M6-ASSERTION-3fd43ad8-66e9-4b70-bc51-4415a26dd38e,,,,,,,,,2026-10-07T01:52:22.041455Z,,200,,2d9849af-4973-4fd8-a822-d8a60e17e5f5,cd8f7b0c-4359-415d-9f4c-2a286502d26a,e38a3175-e13b-41ce-a52f-2e135e922013,,1ce2dc28-655d-4831-aeae-04e42cbd965d,,,,R6,3d8aa39d-cb48-49fd-b4cd-f9be1a214063,,,,,,,1,failed,SQL-R6-01,,,,,,,1c4afc6f-6679-57b7-ab6b-cec3053e85a1,3b91cf74-bb6c-467f-ab64-f517331a4cfe,evidence observations; interpretation separate
M7-analysis-v5,f271356ffd8f5b943bef61c4d70ab406e48733c1d29b2b806edcf1d9e2d1263c,R6,dbb63e68d4ed9e904fa985aa5b88d674205b6caab086a8d981ac8918a9c68fb5,"[""4afc763c-033e-501c-9c9c-453207d31e62"",""1fed9611-d0cc-51e5-86e7-4ba237c836a2"",""0e4d4039-5409-5be7-a300-ded85e9c22d7"",""1c4afc6f-6679-57b7-ab6b-cec3053e85a1"",""76216ff6-0dab-5f43-913f-741c2deb7596"",""fe7c5fea-171a-5d3e-b93c-b9d53dca7c67"",""784c942d-b222-5013-a2e4-de4aa477a143"",""2f2d84f4-6f41-5df7-a828-cc0a3d9cdddf"",""c68f6332-f200-5595-940d-e5bcad78f1fe"",""54c3aba8-cb42-5023-9591-5cdd68bdd7c5"",""b9ac296e-4c6c-5cdc-9e03-14868c124af2"",""022ddff9-4332-5ba5-b884-42537f220a0c"",""0d262496-18e1-5973-84a6-84fbda64d0ff"",""447860c8-1d56-518b-88ad-7e103990b756"",""616ecfda-7163-5a8d-ba60-01f623d8b124"",""656bacfc-b102-5379-8db2-2f9f127621e0"",""88f2e658-6155-5924-bc85-63fe2aabb08a"",""9f032fb3-90ca-5749-aff5-1065077ac10e"",""4d2e4005-a84b-525b-a492-d367c5e405d0"",""12b20e20-e117-5c00-83bc-e589b92b730e"",""e97a5398-37b9-5e89-91a9-9b3ae48d9534"",""7a8f92c5-5f85-593a-bf90-08e13c60a2e6"",""aa66f5e3-ac0e-57d6-9b69-aa54ea7c4fb9"",""d07b7490-853e-562b-b662-305e89e7718d"",""596c0800-372d-5056-8a35-9f8661656bf4"",""d08816e6-d4d6-5f35-9de3-d86528fa7a96"",""2e126757-f17e-5ee2-93db-94d31ed944b2"",""5e1af4e2-330f-563f-b639-2d3cd8d276c8"",""49cd1889-2a56-5913-8723-929335f68874"",""82b898ba-3b6d-567f-8996-4f259b74547e"",""d38eb7d2-e78b-5c2f-93e4-2e34846e80e6"",""33effc64-dcfe-5ced-badf-c4df49f68dc1"",""a3a03b99-34c0-504b-b529-32b798db318a"",""8b3ec7b0-123f-5597-95f7-1fafc5810d01"",""035c5442-19b8-5a84-8a59-b352a9660279"",""d6d45010-72fa-5741-b733-88958a8795d2"",""ab8215e5-b753-5a6a-a4e7-ad9caf42eeac"",""1b20061c-b208-551a-b06c-81ffeff623fc"",""9b6d0913-2ae6-5dab-ab36-d05e1c51b208"",""a27c1fb2-edc1-57e6-9d74-adb5a13fed3b"",""4696448b-8c21-591b-80cc-7344ea0b95ec"",""c1d75a33-928c-5636-b99c-def1fb29e0f5"",""61eebfb6-2555-5bce-ba71-7a750427392a"",""aba074a1-d451-595d-bc12-e257adbe7383"",""1ca34094-ee4d-5962-a78a-174d361a9cd3"",""7edb0577-da07-5c6f-8391-bb90e9822165"",""d7c5d484-54dc-5d1e-a3ac-65d60267a12c"",""f416cc8b-3bc2-5c4c-a91c-c56faf748684""]","[""e38a3175-e13b-41ce-a52f-2e135e922013"",""3d8aa39d-cb48-49fd-b4cd-f9be1a214063""]",,,M6-evaluator-v1,observed,oracle,"{""avatars"":[],""data"":{},""marker"":null,""region_count"":0}",text,SQL-R6-01-S02-RESULT,independent public-contract comparison,M6-ASSERTION-9ab7cec1-85ff-401d-bd64-abbc93998c5c,,,,,,,,,2026-10-07T01:52:22.041800Z,,"{""avatars"":[],""data"":{},""marker"":""NEGATIVE"",""region_count"":1}",,2d9849af-4973-4fd8-a822-d8a60e17e5f5,9fb3d1a4-1a3f-412b-ab61-672e0857a982,e38a3175-e13b-41ce-a52f-2e135e922013,,1ce2dc28-655d-4831-aeae-04e42cbd965d,,,,R6,3d8aa39d-cb48-49fd-b4cd-f9be1a214063,,,,,,,1,failed,SQL-R6-01,,,,,,,1c4afc6f-6679-57b7-ab6b-cec3053e85a1,3b91cf74-bb6c-467f-ab64-f517331a4cfe,evidence observations; interpretation separate
M7-analysis-v5,f271356ffd8f5b943bef61c4d70ab406e48733c1d29b2b806edcf1d9e2d1263c,R6,dbb63e68d4ed9e904fa985aa5b88d674205b6caab086a8d981ac8918a9c68fb5,"[""4afc763c-033e-501c-9c9c-453207d31e62"",""1fed9611-d0cc-51e5-86e7-4ba237c836a2"",""0e4d4039-5409-5be7-a300-ded85e9c22d7"",""1c4afc6f-6679-57b7-ab6b-cec3053e85a1"",""76216ff6-0dab-5f43-913f-741c2deb7596"",""fe7c5fea-171a-5d3e-b93c-b9d53dca7c67"",""784c942d-b222-5013-a2e4-de4aa477a143"",""2f2d84f4-6f41-5df7-a828-cc0a3d9cdddf"",""c68f6332-f200-5595-940d-e5bcad78f1fe"",""54c3aba8-cb42-5023-9591-5cdd68bdd7c5"",""b9ac296e-4c6c-5cdc-9e03-14868c124af2"",""022ddff9-4332-5ba5-b884-42537f220a0c"",""0d262496-18e1-5973-84a6-84fbda64d0ff"",""447860c8-1d56-518b-88ad-7e103990b756"",""616ecfda-7163-5a8d-ba60-01f623d8b124"",""656bacfc-b102-5379-8db2-2f9f127621e0"",""88f2e658-6155-5924-bc85-63fe2aabb08a"",""9f032fb3-90ca-5749-aff5-1065077ac10e"",""4d2e4005-a84b-525b-a492-d367c5e405d0"",""12b20e20-e117-5c00-83bc-e589b92b730e"",""e97a5398-37b9-5e89-91a9-9b3ae48d9534"",""7a8f92c5-5f85-593a-bf90-08e13c60a2e6"",""aa66f5e3-ac0e-57d6-9b69-aa54ea7c4fb9"",""d07b7490-853e-562b-b662-305e89e7718d"",""596c0800-372d-5056-8a35-9f8661656bf4"",""d08816e6-d4d6-5f35-9de3-d86528fa7a96"",""2e126757-f17e-5ee2-93db-94d31ed944b2"",""5e1af4e2-330f-563f-b639-2d3cd8d276c8"",""49cd1889-2a56-5913-8723-929335f68874"",""82b898ba-3b6d-567f-8996-4f259b74547e"",""d38eb7d2-e78b-5c2f-93e4-2e34846e80e6"",""33effc64-dcfe-5ced-badf-c4df49f68dc1"",""a3a03b99-34c0-504b-b529-32b798db318a"",""8b3ec7b0-123f-5597-95f7-1fafc5810d01"",""035c5442-19b8-5a84-8a59-b352a9660279"",""d6d45010-72fa-5741-b733-88958a8795d2"",""ab8215e5-b753-5a6a-a4e7-ad9caf42eeac"",""1b20061c-b208-551a-b06c-81ffeff623fc"",""9b6d0913-2ae6-5dab-ab36-d05e1c51b208"",""a27c1fb2-edc1-57e6-9d74-adb5a13fed3b"",""4696448b-8c21-591b-80cc-7344ea0b95ec"",""c1d75a33-928c-5636-b99c-def1fb29e0f5"",""61eebfb6-2555-5bce-ba71-7a750427392a"",""aba074a1-d451-595d-bc12-e257adbe7383"",""1ca34094-ee4d-5962-a78a-174d361a9cd3"",""7edb0577-da07-5c6f-8391-bb90e9822165"",""d7c5d484-54dc-5d1e-a3ac-65d60267a12c"",""f416cc8b-3bc2-5c4c-a91c-c56faf748684""]","[""e38a3175-e13b-41ce-a52f-2e135e922013"",""7cbbe406-1493-4b1e-929c-2c152976e385""]",,,M6-evaluator-v1,observed,oracle,500,text,SQL-R6-01-S01-HTTP,independent public-contract comparison,M6-ASSERTION-85d566d7-dbc4-4f8a-a792-727de30d24d1,,,,,,,,,2026-10-07T01:52:22.039811Z,,200,,2d9849af-4973-4fd8-a822-d8a60e17e5f5,c59e6db7-a116-4403-ada6-e7585ea00045,e38a3175-e13b-41ce-a52f-2e135e922013,,1ce2dc28-655d-4831-aeae-04e42cbd965d,,,,R6,7cbbe406-1493-4b1e-929c-2c152976e385,,,,,,,1,failed,SQL-R6-01,,,,,,,1c4afc6f-6679-57b7-ab6b-cec3053e85a1,3b91cf74-bb6c-467f-ab64-f517331a4cfe,evidence observations; interpretation separate
M7-analysis-v5,f271356ffd8f5b943bef61c4d70ab406e48733c1d29b2b806edcf1d9e2d1263c,R6,dbb63e68d4ed9e904fa985aa5b88d674205b6caab086a8d981ac8918a9c68fb5,"[""4afc763c-033e-501c-9c9c-453207d31e62"",""1fed9611-d0cc-51e5-86e7-4ba237c836a2"",""0e4d4039-5409-5be7-a300-ded85e9c22d7"",""1c4afc6f-6679-57b7-ab6b-cec3053e85a1"",""76216ff6-0dab-5f43-913f-741c2deb7596"",""fe7c5fea-171a-5d3e-b93c-b9d53dca7c67"",""784c942d-b222-5013-a2e4-de4aa477a143"",""2f2d84f4-6f41-5df7-a828-cc0a3d9cdddf"",""c68f6332-f200-5595-940d-e5bcad78f1fe"",""54c3aba8-cb42-5023-9591-5cdd68bdd7c5"",""b9ac296e-4c6c-5cdc-9e03-14868c124af2"",""022ddff9-4332-5ba5-b884-42537f220a0c"",""0d262496-18e1-5973-84a6-84fbda64d0ff"",""447860c8-1d56-518b-88ad-7e103990b756"",""616ecfda-7163-5a8d-ba60-01f623d8b124"",""656bacfc-b102-5379-8db2-2f9f127621e0"",""88f2e658-6155-5924-bc85-63fe2aabb08a"",""9f032fb3-90ca-5749-aff5-1065077ac10e"",""4d2e4005-a84b-525b-a492-d367c5e405d0"",""12b20e20-e117-5c00-83bc-e589b92b730e"",""e97a5398-37b9-5e89-91a9-9b3ae48d9534"",""7a8f92c5-5f85-593a-bf90-08e13c60a2e6"",""aa66f5e3-ac0e-57d6-9b69-aa54ea7c4fb9"",""d07b7490-853e-562b-b662-305e89e7718d"",""596c0800-372d-5056-8a35-9f8661656bf4"",""d08816e6-d4d6-5f35-9de3-d86528fa7a96"",""2e126757-f17e-5ee2-93db-94d31ed944b2"",""5e1af4e2-330f-563f-b639-2d3cd8d276c8"",""49cd1889-2a56-5913-8723-929335f68874"",""82b898ba-3b6d-567f-8996-4f259b74547e"",""d38eb7d2-e78b-5c2f-93e4-2e34846e80e6"",""33effc64-dcfe-5ced-badf-c4df49f68dc1"",""a3a03b99-34c0-504b-b529-32b798db318a"",""8b3ec7b0-123f-5597-95f7-1fafc5810d01"",""035c5442-19b8-5a84-8a59-b352a9660279"",""d6d45010-72fa-5741-b733-88958a8795d2"",""ab8215e5-b753-5a6a-a4e7-ad9caf42eeac"",""1b20061c-b208-551a-b06c-81ffeff623fc"",""9b6d0913-2ae6-5dab-ab36-d05e1c51b208"",""a27c1fb2-edc1-57e6-9d74-adb5a13fed3b"",""4696448b-8c21-591b-80cc-7344ea0b95ec"",""c1d75a33-928c-5636-b99c-def1fb29e0f5"",""61eebfb6-2555-5bce-ba71-7a750427392a"",""aba074a1-d451-595d-bc12-e257adbe7383"",""1ca34094-ee4d-5962-a78a-174d361a9cd3"",""7edb0577-da07-5c6f-8391-bb90e9822165"",""d7c5d484-54dc-5d1e-a3ac-65d60267a12c"",""f416cc8b-3bc2-5c4c-a91c-c56faf748684""]","[""e38a3175-e13b-41ce-a52f-2e135e922013"",""7cbbe406-1493-4b1e-929c-2c152976e385""]",,,M6-evaluator-v1,observed,oracle,"{""avatars"":[],""data"":{},""marker"":null,""region_count"":0}",text,SQL-R6-01-S01-RESULT,independent public-contract comparison,M6-ASSERTION-a5e82fa8-ee05-4e4d-bbc2-a35340ce0f79,,,,,,,,,2026-10-07T01:52:22.040236Z,,"{""avatars"":[],""data"":{""first_name"":""Ada"",""last_name"":""Wolke""},""marker"":""SUCCESS"",""region_count"":1}",,2d9849af-4973-4fd8-a822-d8a60e17e5f5,e36bc361-e5f6-4956-944b-23a828e24cae,e38a3175-e13b-41ce-a52f-2e135e922013,,1ce2dc28-655d-4831-aeae-04e42cbd965d,,,,R6,7cbbe406-1493-4b1e-929c-2c152976e385,,,,,,,1,failed,SQL-R6-01,,,,,,,1c4afc6f-6679-57b7-ab6b-cec3053e85a1,3b91cf74-bb6c-467f-ab64-f517331a4cfe,evidence observations; interpretation separate
M7-analysis-v5,f271356ffd8f5b943bef61c4d70ab406e48733c1d29b2b806edcf1d9e2d1263c,R6,dbb63e68d4ed9e904fa985aa5b88d674205b6caab086a8d981ac8918a9c68fb5,"[""4afc763c-033e-501c-9c9c-453207d31e62"",""1fed9611-d0cc-51e5-86e7-4ba237c836a2"",""0e4d4039-5409-5be7-a300-ded85e9c22d7"",""1c4afc6f-6679-57b7-ab6b-cec3053e85a1"",""76216ff6-0dab-5f43-913f-741c2deb7596"",""fe7c5fea-171a-5d3e-b93c-b9d53dca7c67"",""784c942d-b222-5013-a2e4-de4aa477a143"",""2f2d84f4-6f41-5df7-a828-cc0a3d9cdddf"",""c68f6332-f200-5595-940d-e5bcad78f1fe"",""54c3aba8-cb42-5023-9591-5cdd68bdd7c5"",""b9ac296e-4c6c-5cdc-9e03-14868c124af2"",""022ddff9-4332-5ba5-b884-42537f220a0c"",""0d262496-18e1-5973-84a6-84fbda64d0ff"",""447860c8-1d56-518b-88ad-7e103990b756"",""616ecfda-7163-5a8d-ba60-01f623d8b124"",""656bacfc-b102-5379-8db2-2f9f127621e0"",""88f2e658-6155-5924-bc85-63fe2aabb08a"",""9f032fb3-90ca-5749-aff5-1065077ac10e"",""4d2e4005-a84b-525b-a492-d367c5e405d0"",""12b20e20-e117-5c00-83bc-e589b92b730e"",""e97a5398-37b9-5e89-91a9-9b3ae48d9534"",""7a8f92c5-5f85-593a-bf90-08e13c60a2e6"",""aa66f5e3-ac0e-57d6-9b69-aa54ea7c4fb9"",""d07b7490-853e-562b-b662-305e89e7718d"",""596c0800-372d-5056-8a35-9f8661656bf4"",""d08816e6-d4d6-5f35-9de3-d86528fa7a96"",""2e126757-f17e-5ee2-93db-94d31ed944b2"",""5e1af4e2-330f-563f-b639-2d3cd8d276c8"",""49cd1889-2a56-5913-8723-929335f68874"",""82b898ba-3b6d-567f-8996-4f259b74547e"",""d38eb7d2-e78b-5c2f-93e4-2e34846e80e6"",""33effc64-dcfe-5ced-badf-c4df49f68dc1"",""a3a03b99-34c0-504b-b529-32b798db318a"",""8b3ec7b0-123f-5597-95f7-1fafc5810d01"",""035c5442-19b8-5a84-8a59-b352a9660279"",""d6d45010-72fa-5741-b733-88958a8795d2"",""ab8215e5-b753-5a6a-a4e7-ad9caf42eeac"",""1b20061c-b208-551a-b06c-81ffeff623fc"",""9b6d0913-2ae6-5dab-ab36-d05e1c51b208"",""a27c1fb2-edc1-57e6-9d74-adb5a13fed3b"",""4696448b-8c21-591b-80cc-7344ea0b95ec"",""c1d75a33-928c-5636-b99c-def1fb29e0f5"",""61eebfb6-2555-5bce-ba71-7a750427392a"",""aba074a1-d451-595d-bc12-e257adbe7383"",""1ca34094-ee4d-5962-a78a-174d361a9cd3"",""7edb0577-da07-5c6f-8391-bb90e9822165"",""d7c5d484-54dc-5d1e-a3ac-65d60267a12c"",""f416cc8b-3bc2-5c4c-a91c-c56faf748684""]","[""e38a3175-e13b-41ce-a52f-2e135e922013"",""e18d10ad-7bd8-4477-a587-cee4f3093e6c""]",,,M6-evaluator-v1,observed,oracle,500,text,SQL-R6-01-S03-HTTP,independent public-contract comparison,M6-ASSERTION-5400dd5d-8a11-4bb2-9bfe-31ef25a7ca24,,,,,,,,,2026-10-07T01:52:22.042925Z,,200,,2d9849af-4973-4fd8-a822-d8a60e17e5f5,5b068b3c-b705-446f-b3e4-b5016f9b1a8c,e38a3175-e13b-41ce-a52f-2e135e922013,,1ce2dc28-655d-4831-aeae-04e42cbd965d,,,,R6,e18d10ad-7bd8-4477-a587-cee4f3093e6c,,,,,,,1,failed,SQL-R6-01,,,,,,,1c4afc6f-6679-57b7-ab6b-cec3053e85a1,3b91cf74-bb6c-467f-ab64-f517331a4cfe,evidence observations; interpretation separate
M7-analysis-v5,f271356ffd8f5b943bef61c4d70ab406e48733c1d29b2b806edcf1d9e2d1263c,R6,dbb63e68d4ed9e904fa985aa5b88d674205b6caab086a8d981ac8918a9c68fb5,"[""4afc763c-033e-501c-9c9c-453207d31e62"",""1fed9611-d0cc-51e5-86e7-4ba237c836a2"",""0e4d4039-5409-5be7-a300-ded85e9c22d7"",""1c4afc6f-6679-57b7-ab6b-cec3053e85a1"",""76216ff6-0dab-5f43-913f-741c2deb7596"",""fe7c5fea-171a-5d3e-b93c-b9d53dca7c67"",""784c942d-b222-5013-a2e4-de4aa477a143"",""2f2d84f4-6f41-5df7-a828-cc0a3d9cdddf"",""c68f6332-f200-5595-940d-e5bcad78f1fe"",""54c3aba8-cb42-5023-9591-5cdd68bdd7c5"",""b9ac296e-4c6c-5cdc-9e03-14868c124af2"",""022ddff9-4332-5ba5-b884-42537f220a0c"",""0d262496-18e1-5973-84a6-84fbda64d0ff"",""447860c8-1d56-518b-88ad-7e103990b756"",""616ecfda-7163-5a8d-ba60-01f623d8b124"",""656bacfc-b102-5379-8db2-2f9f127621e0"",""88f2e658-6155-5924-bc85-63fe2aabb08a"",""9f032fb3-90ca-5749-aff5-1065077ac10e"",""4d2e4005-a84b-525b-a492-d367c5e405d0"",""12b20e20-e117-5c00-83bc-e589b92b730e"",""e97a5398-37b9-5e89-91a9-9b3ae48d9534"",""7a8f92c5-5f85-593a-bf90-08e13c60a2e6"",""aa66f5e3-ac0e-57d6-9b69-aa54ea7c4fb9"",""d07b7490-853e-562b-b662-305e89e7718d"",""596c0800-372d-5056-8a35-9f8661656bf4"",""d08816e6-d4d6-5f35-9de3-d86528fa7a96"",""2e126757-f17e-5ee2-93db-94d31ed944b2"",""5e1af4e2-330f-563f-b639-2d3cd8d276c8"",""49cd1889-2a56-5913-8723-929335f68874"",""82b898ba-3b6d-567f-8996-4f259b74547e"",""d38eb7d2-e78b-5c2f-93e4-2e34846e80e6"",""33effc64-dcfe-5ced-badf-c4df49f68dc1"",""a3a03b99-34c0-504b-b529-32b798db318a"",""8b3ec7b0-123f-5597-95f7-1fafc5810d01"",""035c5442-19b8-5a84-8a59-b352a9660279"",""d6d45010-72fa-5741-b733-88958a8795d2"",""ab8215e5-b753-5a6a-a4e7-ad9caf42eeac"",""1b20061c-b208-551a-b06c-81ffeff623fc"",""9b6d0913-2ae6-5dab-ab36-d05e1c51b208"",""a27c1fb2-edc1-57e6-9d74-adb5a13fed3b"",""4696448b-8c21-591b-80cc-7344ea0b95ec"",""c1d75a33-928c-5636-b99c-def1fb29e0f5"",""61eebfb6-2555-5bce-ba71-7a750427392a"",""aba074a1-d451-595d-bc12-e257adbe7383"",""1ca34094-ee4d-5962-a78a-174d361a9cd3"",""7edb0577-da07-5c6f-8391-bb90e9822165"",""d7c5d484-54dc-5d1e-a3ac-65d60267a12c"",""f416cc8b-3bc2-5c4c-a91c-c56faf748684""]","[""e38a3175-e13b-41ce-a52f-2e135e922013"",""e18d10ad-7bd8-4477-a587-cee4f3093e6c""]",,,M6-evaluator-v1,observed,oracle,"{""avatars"":[],""data"":{},""marker"":null,""region_count"":0}",text,SQL-R6-01-S03-RESULT,independent public-contract comparison,M6-ASSERTION-d80ed3b7-6d07-4531-8890-635ae464cdd2,,,,,,,,,2026-10-07T01:52:22.043309Z,,"{""avatars"":[],""data"":{""first_name"":""Béla"",""last_name"":""Stein & Co""},""marker"":""SUCCESS"",""region_count"":1}",,2d9849af-4973-4fd8-a822-d8a60e17e5f5,e75698ee-8c1f-45b5-ab66-f04ac7a7bdea,e38a3175-e13b-41ce-a52f-2e135e922013,,1ce2dc28-655d-4831-aeae-04e42cbd965d,,,,R6,e18d10ad-7bd8-4477-a587-cee4f3093e6c,,,,,,,1,failed,SQL-R6-01,,,,,,,1c4afc6f-6679-57b7-ab6b-cec3053e85a1,3b91cf74-bb6c-467f-ab64-f517331a4cfe,evidence observations; interpretation separate
