analysis_version,cell_key,comparison,data_hash,denominator_sets.planned_ids,max,max_exact,mean,mean_exact,median,median_exact,metric,min,min_exact,missing_n,observed_n,planned_n,question,sample_sd,sample_sd_exact,scope,shared_reference,table_unit,unit
M7-analysis-v5,C-SQL-1,UF3:cell:C-SQL-1,dbb63e68d4ed9e904fa985aa5b88d674205b6caab086a8d981ac8918a9c68fb5,"[""4afc763c-033e-501c-9c9c-453207d31e62"",""1fed9611-d0cc-51e5-86e7-4ba237c836a2"",""0e4d4039-5409-5be7-a300-ded85e9c22d7"",""1c4afc6f-6679-57b7-ab6b-cec3053e85a1"",""76216ff6-0dab-5f43-913f-741c2deb7596"",""fe7c5fea-171a-5d3e-b93c-b9d53dca7c67"",""784c942d-b222-5013-a2e4-de4aa477a143"",""2f2d84f4-6f41-5df7-a828-cc0a3d9cdddf"",""c68f6332-f200-5595-940d-e5bcad78f1fe"",""54c3aba8-cb42-5023-9591-5cdd68bdd7c5"",""b9ac296e-4c6c-5cdc-9e03-14868c124af2"",""022ddff9-4332-5ba5-b884-42537f220a0c"",""0d262496-18e1-5973-84a6-84fbda64d0ff"",""447860c8-1d56-518b-88ad-7e103990b756"",""616ecfda-7163-5a8d-ba60-01f623d8b124"",""656bacfc-b102-5379-8db2-2f9f127621e0"",""88f2e658-6155-5924-bc85-63fe2aabb08a"",""9f032fb3-90ca-5749-aff5-1065077ac10e"",""4d2e4005-a84b-525b-a492-d367c5e405d0"",""12b20e20-e117-5c00-83bc-e589b92b730e"",""e97a5398-37b9-5e89-91a9-9b3ae48d9534"",""7a8f92c5-5f85-593a-bf90-08e13c60a2e6"",""aa66f5e3-ac0e-57d6-9b69-aa54ea7c4fb9"",""d07b7490-853e-562b-b662-305e89e7718d"",""596c0800-372d-5056-8a35-9f8661656bf4"",""d08816e6-d4d6-5f35-9de3-d86528fa7a96"",""2e126757-f17e-5ee2-93db-94d31ed944b2"",""5e1af4e2-330f-563f-b639-2d3cd8d276c8"",""49cd1889-2a56-5913-8723-929335f68874"",""82b898ba-3b6d-567f-8996-4f259b74547e"",""d38eb7d2-e78b-5c2f-93e4-2e34846e80e6"",""33effc64-dcfe-5ced-badf-c4df49f68dc1"",""a3a03b99-34c0-504b-b529-32b798db318a"",""8b3ec7b0-123f-5597-95f7-1fafc5810d01"",""035c5442-19b8-5a84-8a59-b352a9660279"",""d6d45010-72fa-5741-b733-88958a8795d2"",""ab8215e5-b753-5a6a-a4e7-ad9caf42eeac"",""1b20061c-b208-551a-b06c-81ffeff623fc"",""9b6d0913-2ae6-5dab-ab36-d05e1c51b208"",""a27c1fb2-edc1-57e6-9d74-adb5a13fed3b"",""4696448b-8c21-591b-80cc-7344ea0b95ec"",""c1d75a33-928c-5636-b99c-def1fb29e0f5"",""61eebfb6-2555-5bce-ba71-7a750427392a"",""aba074a1-d451-595d-bc12-e257adbe7383"",""1ca34094-ee4d-5962-a78a-174d361a9cd3"",""7edb0577-da07-5c6f-8391-bb90e9822165"",""d7c5d484-54dc-5d1e-a3ac-65d60267a12c"",""f416cc8b-3bc2-5c4c-a91c-c56faf748684""]",0,0,0,0,0,0,D,0,0,0,3,3,UF3,0,0,prespecified_B_E,True,explicit in unit columns; exact fractions retained,diagnoses
M7-analysis-v5,C-SQL-1,UF3:cell:C-SQL-1,dbb63e68d4ed9e904fa985aa5b88d674205b6caab086a8d981ac8918a9c68fb5,"[""4afc763c-033e-501c-9c9c-453207d31e62"",""1fed9611-d0cc-51e5-86e7-4ba237c836a2"",""0e4d4039-5409-5be7-a300-ded85e9c22d7"",""1c4afc6f-6679-57b7-ab6b-cec3053e85a1"",""76216ff6-0dab-5f43-913f-741c2deb7596"",""fe7c5fea-171a-5d3e-b93c-b9d53dca7c67"",""784c942d-b222-5013-a2e4-de4aa477a143"",""2f2d84f4-6f41-5df7-a828-cc0a3d9cdddf"",""c68f6332-f200-5595-940d-e5bcad78f1fe"",""54c3aba8-cb42-5023-9591-5cdd68bdd7c5"",""b9ac296e-4c6c-5cdc-9e03-14868c124af2"",""022ddff9-4332-5ba5-b884-42537f220a0c"",""0d262496-18e1-5973-84a6-84fbda64d0ff"",""447860c8-1d56-518b-88ad-7e103990b756"",""616ecfda-7163-5a8d-ba60-01f623d8b124"",""656bacfc-b102-5379-8db2-2f9f127621e0"",""88f2e658-6155-5924-bc85-63fe2aabb08a"",""9f032fb3-90ca-5749-aff5-1065077ac10e"",""4d2e4005-a84b-525b-a492-d367c5e405d0"",""12b20e20-e117-5c00-83bc-e589b92b730e"",""e97a5398-37b9-5e89-91a9-9b3ae48d9534"",""7a8f92c5-5f85-593a-bf90-08e13c60a2e6"",""aa66f5e3-ac0e-57d6-9b69-aa54ea7c4fb9"",""d07b7490-853e-562b-b662-305e89e7718d"",""596c0800-372d-5056-8a35-9f8661656bf4"",""d08816e6-d4d6-5f35-9de3-d86528fa7a96"",""2e126757-f17e-5ee2-93db-94d31ed944b2"",""5e1af4e2-330f-563f-b639-2d3cd8d276c8"",""49cd1889-2a56-5913-8723-929335f68874"",""82b898ba-3b6d-567f-8996-4f259b74547e"",""d38eb7d2-e78b-5c2f-93e4-2e34846e80e6"",""33effc64-dcfe-5ced-badf-c4df49f68dc1"",""a3a03b99-34c0-504b-b529-32b798db318a"",""8b3ec7b0-123f-5597-95f7-1fafc5810d01"",""035c5442-19b8-5a84-8a59-b352a9660279"",""d6d45010-72fa-5741-b733-88958a8795d2"",""ab8215e5-b753-5a6a-a4e7-ad9caf42eeac"",""1b20061c-b208-551a-b06c-81ffeff623fc"",""9b6d0913-2ae6-5dab-ab36-d05e1c51b208"",""a27c1fb2-edc1-57e6-9d74-adb5a13fed3b"",""4696448b-8c21-591b-80cc-7344ea0b95ec"",""c1d75a33-928c-5636-b99c-def1fb29e0f5"",""61eebfb6-2555-5bce-ba71-7a750427392a"",""aba074a1-d451-595d-bc12-e257adbe7383"",""1ca34094-ee4d-5962-a78a-174d361a9cd3"",""7edb0577-da07-5c6f-8391-bb90e9822165"",""d7c5d484-54dc-5d1e-a3ac-65d60267a12c"",""f416cc8b-3bc2-5c4c-a91c-c56faf748684""]",0,0,0,0,0,0,S,0,0,0,3,3,UF3,0,0,prespecified_B_E,True,explicit in unit columns; exact fractions retained,diagnoses_per_100_lines
M7-analysis-v5,C-SQL-1,UF3:cell:C-SQL-1,dbb63e68d4ed9e904fa985aa5b88d674205b6caab086a8d981ac8918a9c68fb5,"[""4afc763c-033e-501c-9c9c-453207d31e62"",""1fed9611-d0cc-51e5-86e7-4ba237c836a2"",""0e4d4039-5409-5be7-a300-ded85e9c22d7"",""1c4afc6f-6679-57b7-ab6b-cec3053e85a1"",""76216ff6-0dab-5f43-913f-741c2deb7596"",""fe7c5fea-171a-5d3e-b93c-b9d53dca7c67"",""784c942d-b222-5013-a2e4-de4aa477a143"",""2f2d84f4-6f41-5df7-a828-cc0a3d9cdddf"",""c68f6332-f200-5595-940d-e5bcad78f1fe"",""54c3aba8-cb42-5023-9591-5cdd68bdd7c5"",""b9ac296e-4c6c-5cdc-9e03-14868c124af2"",""022ddff9-4332-5ba5-b884-42537f220a0c"",""0d262496-18e1-5973-84a6-84fbda64d0ff"",""447860c8-1d56-518b-88ad-7e103990b756"",""616ecfda-7163-5a8d-ba60-01f623d8b124"",""656bacfc-b102-5379-8db2-2f9f127621e0"",""88f2e658-6155-5924-bc85-63fe2aabb08a"",""9f032fb3-90ca-5749-aff5-1065077ac10e"",""4d2e4005-a84b-525b-a492-d367c5e405d0"",""12b20e20-e117-5c00-83bc-e589b92b730e"",""e97a5398-37b9-5e89-91a9-9b3ae48d9534"",""7a8f92c5-5f85-593a-bf90-08e13c60a2e6"",""aa66f5e3-ac0e-57d6-9b69-aa54ea7c4fb9"",""d07b7490-853e-562b-b662-305e89e7718d"",""596c0800-372d-5056-8a35-9f8661656bf4"",""d08816e6-d4d6-5f35-9de3-d86528fa7a96"",""2e126757-f17e-5ee2-93db-94d31ed944b2"",""5e1af4e2-330f-563f-b639-2d3cd8d276c8"",""49cd1889-2a56-5913-8723-929335f68874"",""82b898ba-3b6d-567f-8996-4f259b74547e"",""d38eb7d2-e78b-5c2f-93e4-2e34846e80e6"",""33effc64-dcfe-5ced-badf-c4df49f68dc1"",""a3a03b99-34c0-504b-b529-32b798db318a"",""8b3ec7b0-123f-5597-95f7-1fafc5810d01"",""035c5442-19b8-5a84-8a59-b352a9660279"",""d6d45010-72fa-5741-b733-88958a8795d2"",""ab8215e5-b753-5a6a-a4e7-ad9caf42eeac"",""1b20061c-b208-551a-b06c-81ffeff623fc"",""9b6d0913-2ae6-5dab-ab36-d05e1c51b208"",""a27c1fb2-edc1-57e6-9d74-adb5a13fed3b"",""4696448b-8c21-591b-80cc-7344ea0b95ec"",""c1d75a33-928c-5636-b99c-def1fb29e0f5"",""61eebfb6-2555-5bce-ba71-7a750427392a"",""aba074a1-d451-595d-bc12-e257adbe7383"",""1ca34094-ee4d-5962-a78a-174d361a9cd3"",""7edb0577-da07-5c6f-8391-bb90e9822165"",""d7c5d484-54dc-5d1e-a3ac-65d60267a12c"",""f416cc8b-3bc2-5c4c-a91c-c56faf748684""]",0,0,0,0,0,0,outage_seconds,0,0,0,3,3,UF3,0,0,prespecified_B_E,True,explicit in unit columns; exact fractions retained,s
M7-analysis-v5,C-SQL-1,UF3:cell:C-SQL-1,dbb63e68d4ed9e904fa985aa5b88d674205b6caab086a8d981ac8918a9c68fb5,"[""4afc763c-033e-501c-9c9c-453207d31e62"",""1fed9611-d0cc-51e5-86e7-4ba237c836a2"",""0e4d4039-5409-5be7-a300-ded85e9c22d7"",""1c4afc6f-6679-57b7-ab6b-cec3053e85a1"",""76216ff6-0dab-5f43-913f-741c2deb7596"",""fe7c5fea-171a-5d3e-b93c-b9d53dca7c67"",""784c942d-b222-5013-a2e4-de4aa477a143"",""2f2d84f4-6f41-5df7-a828-cc0a3d9cdddf"",""c68f6332-f200-5595-940d-e5bcad78f1fe"",""54c3aba8-cb42-5023-9591-5cdd68bdd7c5"",""b9ac296e-4c6c-5cdc-9e03-14868c124af2"",""022ddff9-4332-5ba5-b884-42537f220a0c"",""0d262496-18e1-5973-84a6-84fbda64d0ff"",""447860c8-1d56-518b-88ad-7e103990b756"",""616ecfda-7163-5a8d-ba60-01f623d8b124"",""656bacfc-b102-5379-8db2-2f9f127621e0"",""88f2e658-6155-5924-bc85-63fe2aabb08a"",""9f032fb3-90ca-5749-aff5-1065077ac10e"",""4d2e4005-a84b-525b-a492-d367c5e405d0"",""12b20e20-e117-5c00-83bc-e589b92b730e"",""e97a5398-37b9-5e89-91a9-9b3ae48d9534"",""7a8f92c5-5f85-593a-bf90-08e13c60a2e6"",""aa66f5e3-ac0e-57d6-9b69-aa54ea7c4fb9"",""d07b7490-853e-562b-b662-305e89e7718d"",""596c0800-372d-5056-8a35-9f8661656bf4"",""d08816e6-d4d6-5f35-9de3-d86528fa7a96"",""2e126757-f17e-5ee2-93db-94d31ed944b2"",""5e1af4e2-330f-563f-b639-2d3cd8d276c8"",""49cd1889-2a56-5913-8723-929335f68874"",""82b898ba-3b6d-567f-8996-4f259b74547e"",""d38eb7d2-e78b-5c2f-93e4-2e34846e80e6"",""33effc64-dcfe-5ced-badf-c4df49f68dc1"",""a3a03b99-34c0-504b-b529-32b798db318a"",""8b3ec7b0-123f-5597-95f7-1fafc5810d01"",""035c5442-19b8-5a84-8a59-b352a9660279"",""d6d45010-72fa-5741-b733-88958a8795d2"",""ab8215e5-b753-5a6a-a4e7-ad9caf42eeac"",""1b20061c-b208-551a-b06c-81ffeff623fc"",""9b6d0913-2ae6-5dab-ab36-d05e1c51b208"",""a27c1fb2-edc1-57e6-9d74-adb5a13fed3b"",""4696448b-8c21-591b-80cc-7344ea0b95ec"",""c1d75a33-928c-5636-b99c-def1fb29e0f5"",""61eebfb6-2555-5bce-ba71-7a750427392a"",""aba074a1-d451-595d-bc12-e257adbe7383"",""1ca34094-ee4d-5962-a78a-174d361a9cd3"",""7edb0577-da07-5c6f-8391-bb90e9822165"",""d7c5d484-54dc-5d1e-a3ac-65d60267a12c"",""f416cc8b-3bc2-5c4c-a91c-c56faf748684""]",0,0,0,0,0,0,pause_seconds,0,0,0,3,3,UF3,0,0,prespecified_B_E,True,explicit in unit columns; exact fractions retained,s
M7-analysis-v5,C-SQL-1,UF3:cell:C-SQL-1,dbb63e68d4ed9e904fa985aa5b88d674205b6caab086a8d981ac8918a9c68fb5,"[""4afc763c-033e-501c-9c9c-453207d31e62"",""1fed9611-d0cc-51e5-86e7-4ba237c836a2"",""0e4d4039-5409-5be7-a300-ded85e9c22d7"",""1c4afc6f-6679-57b7-ab6b-cec3053e85a1"",""76216ff6-0dab-5f43-913f-741c2deb7596"",""fe7c5fea-171a-5d3e-b93c-b9d53dca7c67"",""784c942d-b222-5013-a2e4-de4aa477a143"",""2f2d84f4-6f41-5df7-a828-cc0a3d9cdddf"",""c68f6332-f200-5595-940d-e5bcad78f1fe"",""54c3aba8-cb42-5023-9591-5cdd68bdd7c5"",""b9ac296e-4c6c-5cdc-9e03-14868c124af2"",""022ddff9-4332-5ba5-b884-42537f220a0c"",""0d262496-18e1-5973-84a6-84fbda64d0ff"",""447860c8-1d56-518b-88ad-7e103990b756"",""616ecfda-7163-5a8d-ba60-01f623d8b124"",""656bacfc-b102-5379-8db2-2f9f127621e0"",""88f2e658-6155-5924-bc85-63fe2aabb08a"",""9f032fb3-90ca-5749-aff5-1065077ac10e"",""4d2e4005-a84b-525b-a492-d367c5e405d0"",""12b20e20-e117-5c00-83bc-e589b92b730e"",""e97a5398-37b9-5e89-91a9-9b3ae48d9534"",""7a8f92c5-5f85-593a-bf90-08e13c60a2e6"",""aa66f5e3-ac0e-57d6-9b69-aa54ea7c4fb9"",""d07b7490-853e-562b-b662-305e89e7718d"",""596c0800-372d-5056-8a35-9f8661656bf4"",""d08816e6-d4d6-5f35-9de3-d86528fa7a96"",""2e126757-f17e-5ee2-93db-94d31ed944b2"",""5e1af4e2-330f-563f-b639-2d3cd8d276c8"",""49cd1889-2a56-5913-8723-929335f68874"",""82b898ba-3b6d-567f-8996-4f259b74547e"",""d38eb7d2-e78b-5c2f-93e4-2e34846e80e6"",""33effc64-dcfe-5ced-badf-c4df49f68dc1"",""a3a03b99-34c0-504b-b529-32b798db318a"",""8b3ec7b0-123f-5597-95f7-1fafc5810d01"",""035c5442-19b8-5a84-8a59-b352a9660279"",""d6d45010-72fa-5741-b733-88958a8795d2"",""ab8215e5-b753-5a6a-a4e7-ad9caf42eeac"",""1b20061c-b208-551a-b06c-81ffeff623fc"",""9b6d0913-2ae6-5dab-ab36-d05e1c51b208"",""a27c1fb2-edc1-57e6-9d74-adb5a13fed3b"",""4696448b-8c21-591b-80cc-7344ea0b95ec"",""c1d75a33-928c-5636-b99c-def1fb29e0f5"",""61eebfb6-2555-5bce-ba71-7a750427392a"",""aba074a1-d451-595d-bc12-e257adbe7383"",""1ca34094-ee4d-5962-a78a-174d361a9cd3"",""7edb0577-da07-5c6f-8391-bb90e9822165"",""d7c5d484-54dc-5d1e-a3ac-65d60267a12c"",""f416cc8b-3bc2-5c4c-a91c-c56faf748684""]",0,0,0,0,0,0,tokens.cache_read,0,0,0,3,3,UF3,0,0,prespecified_B_E,True,explicit in unit columns; exact fractions retained,tokens
M7-analysis-v5,C-SQL-1,UF3:cell:C-SQL-1,dbb63e68d4ed9e904fa985aa5b88d674205b6caab086a8d981ac8918a9c68fb5,"[""4afc763c-033e-501c-9c9c-453207d31e62"",""1fed9611-d0cc-51e5-86e7-4ba237c836a2"",""0e4d4039-5409-5be7-a300-ded85e9c22d7"",""1c4afc6f-6679-57b7-ab6b-cec3053e85a1"",""76216ff6-0dab-5f43-913f-741c2deb7596"",""fe7c5fea-171a-5d3e-b93c-b9d53dca7c67"",""784c942d-b222-5013-a2e4-de4aa477a143"",""2f2d84f4-6f41-5df7-a828-cc0a3d9cdddf"",""c68f6332-f200-5595-940d-e5bcad78f1fe"",""54c3aba8-cb42-5023-9591-5cdd68bdd7c5"",""b9ac296e-4c6c-5cdc-9e03-14868c124af2"",""022ddff9-4332-5ba5-b884-42537f220a0c"",""0d262496-18e1-5973-84a6-84fbda64d0ff"",""447860c8-1d56-518b-88ad-7e103990b756"",""616ecfda-7163-5a8d-ba60-01f623d8b124"",""656bacfc-b102-5379-8db2-2f9f127621e0"",""88f2e658-6155-5924-bc85-63fe2aabb08a"",""9f032fb3-90ca-5749-aff5-1065077ac10e"",""4d2e4005-a84b-525b-a492-d367c5e405d0"",""12b20e20-e117-5c00-83bc-e589b92b730e"",""e97a5398-37b9-5e89-91a9-9b3ae48d9534"",""7a8f92c5-5f85-593a-bf90-08e13c60a2e6"",""aa66f5e3-ac0e-57d6-9b69-aa54ea7c4fb9"",""d07b7490-853e-562b-b662-305e89e7718d"",""596c0800-372d-5056-8a35-9f8661656bf4"",""d08816e6-d4d6-5f35-9de3-d86528fa7a96"",""2e126757-f17e-5ee2-93db-94d31ed944b2"",""5e1af4e2-330f-563f-b639-2d3cd8d276c8"",""49cd1889-2a56-5913-8723-929335f68874"",""82b898ba-3b6d-567f-8996-4f259b74547e"",""d38eb7d2-e78b-5c2f-93e4-2e34846e80e6"",""33effc64-dcfe-5ced-badf-c4df49f68dc1"",""a3a03b99-34c0-504b-b529-32b798db318a"",""8b3ec7b0-123f-5597-95f7-1fafc5810d01"",""035c5442-19b8-5a84-8a59-b352a9660279"",""d6d45010-72fa-5741-b733-88958a8795d2"",""ab8215e5-b753-5a6a-a4e7-ad9caf42eeac"",""1b20061c-b208-551a-b06c-81ffeff623fc"",""9b6d0913-2ae6-5dab-ab36-d05e1c51b208"",""a27c1fb2-edc1-57e6-9d74-adb5a13fed3b"",""4696448b-8c21-591b-80cc-7344ea0b95ec"",""c1d75a33-928c-5636-b99c-def1fb29e0f5"",""61eebfb6-2555-5bce-ba71-7a750427392a"",""aba074a1-d451-595d-bc12-e257adbe7383"",""1ca34094-ee4d-5962-a78a-174d361a9cd3"",""7edb0577-da07-5c6f-8391-bb90e9822165"",""d7c5d484-54dc-5d1e-a3ac-65d60267a12c"",""f416cc8b-3bc2-5c4c-a91c-c56faf748684""]",0.11438755,0.114387550,0.113986925,0.113986925,0.1143358,0.114335800,cost,0.113237425,0.113237425,0,3,3,UF3,0.0006496015726004671549959235595654481514867,0.0006496015726004671549959235595654481514867,prespecified_B_E,True,explicit in unit columns; exact fractions retained,USD
M7-analysis-v5,C-SQL-1,UF3:cell:C-SQL-1,dbb63e68d4ed9e904fa985aa5b88d674205b6caab086a8d981ac8918a9c68fb5,"[""4afc763c-033e-501c-9c9c-453207d31e62"",""1fed9611-d0cc-51e5-86e7-4ba237c836a2"",""0e4d4039-5409-5be7-a300-ded85e9c22d7"",""1c4afc6f-6679-57b7-ab6b-cec3053e85a1"",""76216ff6-0dab-5f43-913f-741c2deb7596"",""fe7c5fea-171a-5d3e-b93c-b9d53dca7c67"",""784c942d-b222-5013-a2e4-de4aa477a143"",""2f2d84f4-6f41-5df7-a828-cc0a3d9cdddf"",""c68f6332-f200-5595-940d-e5bcad78f1fe"",""54c3aba8-cb42-5023-9591-5cdd68bdd7c5"",""b9ac296e-4c6c-5cdc-9e03-14868c124af2"",""022ddff9-4332-5ba5-b884-42537f220a0c"",""0d262496-18e1-5973-84a6-84fbda64d0ff"",""447860c8-1d56-518b-88ad-7e103990b756"",""616ecfda-7163-5a8d-ba60-01f623d8b124"",""656bacfc-b102-5379-8db2-2f9f127621e0"",""88f2e658-6155-5924-bc85-63fe2aabb08a"",""9f032fb3-90ca-5749-aff5-1065077ac10e"",""4d2e4005-a84b-525b-a492-d367c5e405d0"",""12b20e20-e117-5c00-83bc-e589b92b730e"",""e97a5398-37b9-5e89-91a9-9b3ae48d9534"",""7a8f92c5-5f85-593a-bf90-08e13c60a2e6"",""aa66f5e3-ac0e-57d6-9b69-aa54ea7c4fb9"",""d07b7490-853e-562b-b662-305e89e7718d"",""596c0800-372d-5056-8a35-9f8661656bf4"",""d08816e6-d4d6-5f35-9de3-d86528fa7a96"",""2e126757-f17e-5ee2-93db-94d31ed944b2"",""5e1af4e2-330f-563f-b639-2d3cd8d276c8"",""49cd1889-2a56-5913-8723-929335f68874"",""82b898ba-3b6d-567f-8996-4f259b74547e"",""d38eb7d2-e78b-5c2f-93e4-2e34846e80e6"",""33effc64-dcfe-5ced-badf-c4df49f68dc1"",""a3a03b99-34c0-504b-b529-32b798db318a"",""8b3ec7b0-123f-5597-95f7-1fafc5810d01"",""035c5442-19b8-5a84-8a59-b352a9660279"",""d6d45010-72fa-5741-b733-88958a8795d2"",""ab8215e5-b753-5a6a-a4e7-ad9caf42eeac"",""1b20061c-b208-551a-b06c-81ffeff623fc"",""9b6d0913-2ae6-5dab-ab36-d05e1c51b208"",""a27c1fb2-edc1-57e6-9d74-adb5a13fed3b"",""4696448b-8c21-591b-80cc-7344ea0b95ec"",""c1d75a33-928c-5636-b99c-def1fb29e0f5"",""61eebfb6-2555-5bce-ba71-7a750427392a"",""aba074a1-d451-595d-bc12-e257adbe7383"",""1ca34094-ee4d-5962-a78a-174d361a9cd3"",""7edb0577-da07-5c6f-8391-bb90e9822165"",""d7c5d484-54dc-5d1e-a3ac-65d60267a12c"",""f416cc8b-3bc2-5c4c-a91c-c56faf748684""]",1,1,1,1,1,1,F,1,1,0,3,3,UF3,0,0,prespecified_B_E,True,explicit in unit columns; exact fractions retained,ratio
M7-analysis-v5,C-SQL-1,UF3:cell:C-SQL-1,dbb63e68d4ed9e904fa985aa5b88d674205b6caab086a8d981ac8918a9c68fb5,"[""4afc763c-033e-501c-9c9c-453207d31e62"",""1fed9611-d0cc-51e5-86e7-4ba237c836a2"",""0e4d4039-5409-5be7-a300-ded85e9c22d7"",""1c4afc6f-6679-57b7-ab6b-cec3053e85a1"",""76216ff6-0dab-5f43-913f-741c2deb7596"",""fe7c5fea-171a-5d3e-b93c-b9d53dca7c67"",""784c942d-b222-5013-a2e4-de4aa477a143"",""2f2d84f4-6f41-5df7-a828-cc0a3d9cdddf"",""c68f6332-f200-5595-940d-e5bcad78f1fe"",""54c3aba8-cb42-5023-9591-5cdd68bdd7c5"",""b9ac296e-4c6c-5cdc-9e03-14868c124af2"",""022ddff9-4332-5ba5-b884-42537f220a0c"",""0d262496-18e1-5973-84a6-84fbda64d0ff"",""447860c8-1d56-518b-88ad-7e103990b756"",""616ecfda-7163-5a8d-ba60-01f623d8b124"",""656bacfc-b102-5379-8db2-2f9f127621e0"",""88f2e658-6155-5924-bc85-63fe2aabb08a"",""9f032fb3-90ca-5749-aff5-1065077ac10e"",""4d2e4005-a84b-525b-a492-d367c5e405d0"",""12b20e20-e117-5c00-83bc-e589b92b730e"",""e97a5398-37b9-5e89-91a9-9b3ae48d9534"",""7a8f92c5-5f85-593a-bf90-08e13c60a2e6"",""aa66f5e3-ac0e-57d6-9b69-aa54ea7c4fb9"",""d07b7490-853e-562b-b662-305e89e7718d"",""596c0800-372d-5056-8a35-9f8661656bf4"",""d08816e6-d4d6-5f35-9de3-d86528fa7a96"",""2e126757-f17e-5ee2-93db-94d31ed944b2"",""5e1af4e2-330f-563f-b639-2d3cd8d276c8"",""49cd1889-2a56-5913-8723-929335f68874"",""82b898ba-3b6d-567f-8996-4f259b74547e"",""d38eb7d2-e78b-5c2f-93e4-2e34846e80e6"",""33effc64-dcfe-5ced-badf-c4df49f68dc1"",""a3a03b99-34c0-504b-b529-32b798db318a"",""8b3ec7b0-123f-5597-95f7-1fafc5810d01"",""035c5442-19b8-5a84-8a59-b352a9660279"",""d6d45010-72fa-5741-b733-88958a8795d2"",""ab8215e5-b753-5a6a-a4e7-ad9caf42eeac"",""1b20061c-b208-551a-b06c-81ffeff623fc"",""9b6d0913-2ae6-5dab-ab36-d05e1c51b208"",""a27c1fb2-edc1-57e6-9d74-adb5a13fed3b"",""4696448b-8c21-591b-80cc-7344ea0b95ec"",""c1d75a33-928c-5636-b99c-def1fb29e0f5"",""61eebfb6-2555-5bce-ba71-7a750427392a"",""aba074a1-d451-595d-bc12-e257adbe7383"",""1ca34094-ee4d-5962-a78a-174d361a9cd3"",""7edb0577-da07-5c6f-8391-bb90e9822165"",""d7c5d484-54dc-5d1e-a3ac-65d60267a12c"",""f416cc8b-3bc2-5c4c-a91c-c56faf748684""]",1,1,1,1,1,1,R1,1,1,0,3,3,UF3,0,0,prespecified_B_E,True,explicit in unit columns; exact fractions retained,binary
M7-analysis-v5,C-SQL-1,UF3:cell:C-SQL-1,dbb63e68d4ed9e904fa985aa5b88d674205b6caab086a8d981ac8918a9c68fb5,"[""4afc763c-033e-501c-9c9c-453207d31e62"",""1fed9611-d0cc-51e5-86e7-4ba237c836a2"",""0e4d4039-5409-5be7-a300-ded85e9c22d7"",""1c4afc6f-6679-57b7-ab6b-cec3053e85a1"",""76216ff6-0dab-5f43-913f-741c2deb7596"",""fe7c5fea-171a-5d3e-b93c-b9d53dca7c67"",""784c942d-b222-5013-a2e4-de4aa477a143"",""2f2d84f4-6f41-5df7-a828-cc0a3d9cdddf"",""c68f6332-f200-5595-940d-e5bcad78f1fe"",""54c3aba8-cb42-5023-9591-5cdd68bdd7c5"",""b9ac296e-4c6c-5cdc-9e03-14868c124af2"",""022ddff9-4332-5ba5-b884-42537f220a0c"",""0d262496-18e1-5973-84a6-84fbda64d0ff"",""447860c8-1d56-518b-88ad-7e103990b756"",""616ecfda-7163-5a8d-ba60-01f623d8b124"",""656bacfc-b102-5379-8db2-2f9f127621e0"",""88f2e658-6155-5924-bc85-63fe2aabb08a"",""9f032fb3-90ca-5749-aff5-1065077ac10e"",""4d2e4005-a84b-525b-a492-d367c5e405d0"",""12b20e20-e117-5c00-83bc-e589b92b730e"",""e97a5398-37b9-5e89-91a9-9b3ae48d9534"",""7a8f92c5-5f85-593a-bf90-08e13c60a2e6"",""aa66f5e3-ac0e-57d6-9b69-aa54ea7c4fb9"",""d07b7490-853e-562b-b662-305e89e7718d"",""596c0800-372d-5056-8a35-9f8661656bf4"",""d08816e6-d4d6-5f35-9de3-d86528fa7a96"",""2e126757-f17e-5ee2-93db-94d31ed944b2"",""5e1af4e2-330f-563f-b639-2d3cd8d276c8"",""49cd1889-2a56-5913-8723-929335f68874"",""82b898ba-3b6d-567f-8996-4f259b74547e"",""d38eb7d2-e78b-5c2f-93e4-2e34846e80e6"",""33effc64-dcfe-5ced-badf-c4df49f68dc1"",""a3a03b99-34c0-504b-b529-32b798db318a"",""8b3ec7b0-123f-5597-95f7-1fafc5810d01"",""035c5442-19b8-5a84-8a59-b352a9660279"",""d6d45010-72fa-5741-b733-88958a8795d2"",""ab8215e5-b753-5a6a-a4e7-ad9caf42eeac"",""1b20061c-b208-551a-b06c-81ffeff623fc"",""9b6d0913-2ae6-5dab-ab36-d05e1c51b208"",""a27c1fb2-edc1-57e6-9d74-adb5a13fed3b"",""4696448b-8c21-591b-80cc-7344ea0b95ec"",""c1d75a33-928c-5636-b99c-def1fb29e0f5"",""61eebfb6-2555-5bce-ba71-7a750427392a"",""aba074a1-d451-595d-bc12-e257adbe7383"",""1ca34094-ee4d-5962-a78a-174d361a9cd3"",""7edb0577-da07-5c6f-8391-bb90e9822165"",""d7c5d484-54dc-5d1e-a3ac-65d60267a12c"",""f416cc8b-3bc2-5c4c-a91c-c56faf748684""]",1,1,1,1,1,1,R2,1,1,0,3,3,UF3,0,0,prespecified_B_E,True,explicit in unit columns; exact fractions retained,binary
M7-analysis-v5,C-SQL-1,UF3:cell:C-SQL-1,dbb63e68d4ed9e904fa985aa5b88d674205b6caab086a8d981ac8918a9c68fb5,"[""4afc763c-033e-501c-9c9c-453207d31e62"",""1fed9611-d0cc-51e5-86e7-4ba237c836a2"",""0e4d4039-5409-5be7-a300-ded85e9c22d7"",""1c4afc6f-6679-57b7-ab6b-cec3053e85a1"",""76216ff6-0dab-5f43-913f-741c2deb7596"",""fe7c5fea-171a-5d3e-b93c-b9d53dca7c67"",""784c942d-b222-5013-a2e4-de4aa477a143"",""2f2d84f4-6f41-5df7-a828-cc0a3d9cdddf"",""c68f6332-f200-5595-940d-e5bcad78f1fe"",""54c3aba8-cb42-5023-9591-5cdd68bdd7c5"",""b9ac296e-4c6c-5cdc-9e03-14868c124af2"",""022ddff9-4332-5ba5-b884-42537f220a0c"",""0d262496-18e1-5973-84a6-84fbda64d0ff"",""447860c8-1d56-518b-88ad-7e103990b756"",""616ecfda-7163-5a8d-ba60-01f623d8b124"",""656bacfc-b102-5379-8db2-2f9f127621e0"",""88f2e658-6155-5924-bc85-63fe2aabb08a"",""9f032fb3-90ca-5749-aff5-1065077ac10e"",""4d2e4005-a84b-525b-a492-d367c5e405d0"",""12b20e20-e117-5c00-83bc-e589b92b730e"",""e97a5398-37b9-5e89-91a9-9b3ae48d9534"",""7a8f92c5-5f85-593a-bf90-08e13c60a2e6"",""aa66f5e3-ac0e-57d6-9b69-aa54ea7c4fb9"",""d07b7490-853e-562b-b662-305e89e7718d"",""596c0800-372d-5056-8a35-9f8661656bf4"",""d08816e6-d4d6-5f35-9de3-d86528fa7a96"",""2e126757-f17e-5ee2-93db-94d31ed944b2"",""5e1af4e2-330f-563f-b639-2d3cd8d276c8"",""49cd1889-2a56-5913-8723-929335f68874"",""82b898ba-3b6d-567f-8996-4f259b74547e"",""d38eb7d2-e78b-5c2f-93e4-2e34846e80e6"",""33effc64-dcfe-5ced-badf-c4df49f68dc1"",""a3a03b99-34c0-504b-b529-32b798db318a"",""8b3ec7b0-123f-5597-95f7-1fafc5810d01"",""035c5442-19b8-5a84-8a59-b352a9660279"",""d6d45010-72fa-5741-b733-88958a8795d2"",""ab8215e5-b753-5a6a-a4e7-ad9caf42eeac"",""1b20061c-b208-551a-b06c-81ffeff623fc"",""9b6d0913-2ae6-5dab-ab36-d05e1c51b208"",""a27c1fb2-edc1-57e6-9d74-adb5a13fed3b"",""4696448b-8c21-591b-80cc-7344ea0b95ec"",""c1d75a33-928c-5636-b99c-def1fb29e0f5"",""61eebfb6-2555-5bce-ba71-7a750427392a"",""aba074a1-d451-595d-bc12-e257adbe7383"",""1ca34094-ee4d-5962-a78a-174d361a9cd3"",""7edb0577-da07-5c6f-8391-bb90e9822165"",""d7c5d484-54dc-5d1e-a3ac-65d60267a12c"",""f416cc8b-3bc2-5c4c-a91c-c56faf748684""]",1,1,1,1,1,1,R3,1,1,0,3,3,UF3,0,0,prespecified_B_E,True,explicit in unit columns; exact fractions retained,binary
M7-analysis-v5,C-SQL-1,UF3:cell:C-SQL-1,dbb63e68d4ed9e904fa985aa5b88d674205b6caab086a8d981ac8918a9c68fb5,"[""4afc763c-033e-501c-9c9c-453207d31e62"",""1fed9611-d0cc-51e5-86e7-4ba237c836a2"",""0e4d4039-5409-5be7-a300-ded85e9c22d7"",""1c4afc6f-6679-57b7-ab6b-cec3053e85a1"",""76216ff6-0dab-5f43-913f-741c2deb7596"",""fe7c5fea-171a-5d3e-b93c-b9d53dca7c67"",""784c942d-b222-5013-a2e4-de4aa477a143"",""2f2d84f4-6f41-5df7-a828-cc0a3d9cdddf"",""c68f6332-f200-5595-940d-e5bcad78f1fe"",""54c3aba8-cb42-5023-9591-5cdd68bdd7c5"",""b9ac296e-4c6c-5cdc-9e03-14868c124af2"",""022ddff9-4332-5ba5-b884-42537f220a0c"",""0d262496-18e1-5973-84a6-84fbda64d0ff"",""447860c8-1d56-518b-88ad-7e103990b756"",""616ecfda-7163-5a8d-ba60-01f623d8b124"",""656bacfc-b102-5379-8db2-2f9f127621e0"",""88f2e658-6155-5924-bc85-63fe2aabb08a"",""9f032fb3-90ca-5749-aff5-1065077ac10e"",""4d2e4005-a84b-525b-a492-d367c5e405d0"",""12b20e20-e117-5c00-83bc-e589b92b730e"",""e97a5398-37b9-5e89-91a9-9b3ae48d9534"",""7a8f92c5-5f85-593a-bf90-08e13c60a2e6"",""aa66f5e3-ac0e-57d6-9b69-aa54ea7c4fb9"",""d07b7490-853e-562b-b662-305e89e7718d"",""596c0800-372d-5056-8a35-9f8661656bf4"",""d08816e6-d4d6-5f35-9de3-d86528fa7a96"",""2e126757-f17e-5ee2-93db-94d31ed944b2"",""5e1af4e2-330f-563f-b639-2d3cd8d276c8"",""49cd1889-2a56-5913-8723-929335f68874"",""82b898ba-3b6d-567f-8996-4f259b74547e"",""d38eb7d2-e78b-5c2f-93e4-2e34846e80e6"",""33effc64-dcfe-5ced-badf-c4df49f68dc1"",""a3a03b99-34c0-504b-b529-32b798db318a"",""8b3ec7b0-123f-5597-95f7-1fafc5810d01"",""035c5442-19b8-5a84-8a59-b352a9660279"",""d6d45010-72fa-5741-b733-88958a8795d2"",""ab8215e5-b753-5a6a-a4e7-ad9caf42eeac"",""1b20061c-b208-551a-b06c-81ffeff623fc"",""9b6d0913-2ae6-5dab-ab36-d05e1c51b208"",""a27c1fb2-edc1-57e6-9d74-adb5a13fed3b"",""4696448b-8c21-591b-80cc-7344ea0b95ec"",""c1d75a33-928c-5636-b99c-def1fb29e0f5"",""61eebfb6-2555-5bce-ba71-7a750427392a"",""aba074a1-d451-595d-bc12-e257adbe7383"",""1ca34094-ee4d-5962-a78a-174d361a9cd3"",""7edb0577-da07-5c6f-8391-bb90e9822165"",""d7c5d484-54dc-5d1e-a3ac-65d60267a12c"",""f416cc8b-3bc2-5c4c-a91c-c56faf748684""]",1,1,1,1,1,1,R4,1,1,0,3,3,UF3,0,0,prespecified_B_E,True,explicit in unit columns; exact fractions retained,binary
M7-analysis-v5,C-SQL-1,UF3:cell:C-SQL-1,dbb63e68d4ed9e904fa985aa5b88d674205b6caab086a8d981ac8918a9c68fb5,"[""4afc763c-033e-501c-9c9c-453207d31e62"",""1fed9611-d0cc-51e5-86e7-4ba237c836a2"",""0e4d4039-5409-5be7-a300-ded85e9c22d7"",""1c4afc6f-6679-57b7-ab6b-cec3053e85a1"",""76216ff6-0dab-5f43-913f-741c2deb7596"",""fe7c5fea-171a-5d3e-b93c-b9d53dca7c67"",""784c942d-b222-5013-a2e4-de4aa477a143"",""2f2d84f4-6f41-5df7-a828-cc0a3d9cdddf"",""c68f6332-f200-5595-940d-e5bcad78f1fe"",""54c3aba8-cb42-5023-9591-5cdd68bdd7c5"",""b9ac296e-4c6c-5cdc-9e03-14868c124af2"",""022ddff9-4332-5ba5-b884-42537f220a0c"",""0d262496-18e1-5973-84a6-84fbda64d0ff"",""447860c8-1d56-518b-88ad-7e103990b756"",""616ecfda-7163-5a8d-ba60-01f623d8b124"",""656bacfc-b102-5379-8db2-2f9f127621e0"",""88f2e658-6155-5924-bc85-63fe2aabb08a"",""9f032fb3-90ca-5749-aff5-1065077ac10e"",""4d2e4005-a84b-525b-a492-d367c5e405d0"",""12b20e20-e117-5c00-83bc-e589b92b730e"",""e97a5398-37b9-5e89-91a9-9b3ae48d9534"",""7a8f92c5-5f85-593a-bf90-08e13c60a2e6"",""aa66f5e3-ac0e-57d6-9b69-aa54ea7c4fb9"",""d07b7490-853e-562b-b662-305e89e7718d"",""596c0800-372d-5056-8a35-9f8661656bf4"",""d08816e6-d4d6-5f35-9de3-d86528fa7a96"",""2e126757-f17e-5ee2-93db-94d31ed944b2"",""5e1af4e2-330f-563f-b639-2d3cd8d276c8"",""49cd1889-2a56-5913-8723-929335f68874"",""82b898ba-3b6d-567f-8996-4f259b74547e"",""d38eb7d2-e78b-5c2f-93e4-2e34846e80e6"",""33effc64-dcfe-5ced-badf-c4df49f68dc1"",""a3a03b99-34c0-504b-b529-32b798db318a"",""8b3ec7b0-123f-5597-95f7-1fafc5810d01"",""035c5442-19b8-5a84-8a59-b352a9660279"",""d6d45010-72fa-5741-b733-88958a8795d2"",""ab8215e5-b753-5a6a-a4e7-ad9caf42eeac"",""1b20061c-b208-551a-b06c-81ffeff623fc"",""9b6d0913-2ae6-5dab-ab36-d05e1c51b208"",""a27c1fb2-edc1-57e6-9d74-adb5a13fed3b"",""4696448b-8c21-591b-80cc-7344ea0b95ec"",""c1d75a33-928c-5636-b99c-def1fb29e0f5"",""61eebfb6-2555-5bce-ba71-7a750427392a"",""aba074a1-d451-595d-bc12-e257adbe7383"",""1ca34094-ee4d-5962-a78a-174d361a9cd3"",""7edb0577-da07-5c6f-8391-bb90e9822165"",""d7c5d484-54dc-5d1e-a3ac-65d60267a12c"",""f416cc8b-3bc2-5c4c-a91c-c56faf748684""]",1,1,1,1,1,1,R5,1,1,0,3,3,UF3,0,0,prespecified_B_E,True,explicit in unit columns; exact fractions retained,binary
M7-analysis-v5,C-SQL-1,UF3:cell:C-SQL-1,dbb63e68d4ed9e904fa985aa5b88d674205b6caab086a8d981ac8918a9c68fb5,"[""4afc763c-033e-501c-9c9c-453207d31e62"",""1fed9611-d0cc-51e5-86e7-4ba237c836a2"",""0e4d4039-5409-5be7-a300-ded85e9c22d7"",""1c4afc6f-6679-57b7-ab6b-cec3053e85a1"",""76216ff6-0dab-5f43-913f-741c2deb7596"",""fe7c5fea-171a-5d3e-b93c-b9d53dca7c67"",""784c942d-b222-5013-a2e4-de4aa477a143"",""2f2d84f4-6f41-5df7-a828-cc0a3d9cdddf"",""c68f6332-f200-5595-940d-e5bcad78f1fe"",""54c3aba8-cb42-5023-9591-5cdd68bdd7c5"",""b9ac296e-4c6c-5cdc-9e03-14868c124af2"",""022ddff9-4332-5ba5-b884-42537f220a0c"",""0d262496-18e1-5973-84a6-84fbda64d0ff"",""447860c8-1d56-518b-88ad-7e103990b756"",""616ecfda-7163-5a8d-ba60-01f623d8b124"",""656bacfc-b102-5379-8db2-2f9f127621e0"",""88f2e658-6155-5924-bc85-63fe2aabb08a"",""9f032fb3-90ca-5749-aff5-1065077ac10e"",""4d2e4005-a84b-525b-a492-d367c5e405d0"",""12b20e20-e117-5c00-83bc-e589b92b730e"",""e97a5398-37b9-5e89-91a9-9b3ae48d9534"",""7a8f92c5-5f85-593a-bf90-08e13c60a2e6"",""aa66f5e3-ac0e-57d6-9b69-aa54ea7c4fb9"",""d07b7490-853e-562b-b662-305e89e7718d"",""596c0800-372d-5056-8a35-9f8661656bf4"",""d08816e6-d4d6-5f35-9de3-d86528fa7a96"",""2e126757-f17e-5ee2-93db-94d31ed944b2"",""5e1af4e2-330f-563f-b639-2d3cd8d276c8"",""49cd1889-2a56-5913-8723-929335f68874"",""82b898ba-3b6d-567f-8996-4f259b74547e"",""d38eb7d2-e78b-5c2f-93e4-2e34846e80e6"",""33effc64-dcfe-5ced-badf-c4df49f68dc1"",""a3a03b99-34c0-504b-b529-32b798db318a"",""8b3ec7b0-123f-5597-95f7-1fafc5810d01"",""035c5442-19b8-5a84-8a59-b352a9660279"",""d6d45010-72fa-5741-b733-88958a8795d2"",""ab8215e5-b753-5a6a-a4e7-ad9caf42eeac"",""1b20061c-b208-551a-b06c-81ffeff623fc"",""9b6d0913-2ae6-5dab-ab36-d05e1c51b208"",""a27c1fb2-edc1-57e6-9d74-adb5a13fed3b"",""4696448b-8c21-591b-80cc-7344ea0b95ec"",""c1d75a33-928c-5636-b99c-def1fb29e0f5"",""61eebfb6-2555-5bce-ba71-7a750427392a"",""aba074a1-d451-595d-bc12-e257adbe7383"",""1ca34094-ee4d-5962-a78a-174d361a9cd3"",""7edb0577-da07-5c6f-8391-bb90e9822165"",""d7c5d484-54dc-5d1e-a3ac-65d60267a12c"",""f416cc8b-3bc2-5c4c-a91c-c56faf748684""]",1,1,1,1,1,1,R6,1,1,0,3,3,UF3,0,0,prespecified_B_E,True,explicit in unit columns; exact fractions retained,binary
M7-analysis-v5,C-SQL-1,UF3:cell:C-SQL-1,dbb63e68d4ed9e904fa985aa5b88d674205b6caab086a8d981ac8918a9c68fb5,"[""4afc763c-033e-501c-9c9c-453207d31e62"",""1fed9611-d0cc-51e5-86e7-4ba237c836a2"",""0e4d4039-5409-5be7-a300-ded85e9c22d7"",""1c4afc6f-6679-57b7-ab6b-cec3053e85a1"",""76216ff6-0dab-5f43-913f-741c2deb7596"",""fe7c5fea-171a-5d3e-b93c-b9d53dca7c67"",""784c942d-b222-5013-a2e4-de4aa477a143"",""2f2d84f4-6f41-5df7-a828-cc0a3d9cdddf"",""c68f6332-f200-5595-940d-e5bcad78f1fe"",""54c3aba8-cb42-5023-9591-5cdd68bdd7c5"",""b9ac296e-4c6c-5cdc-9e03-14868c124af2"",""022ddff9-4332-5ba5-b884-42537f220a0c"",""0d262496-18e1-5973-84a6-84fbda64d0ff"",""447860c8-1d56-518b-88ad-7e103990b756"",""616ecfda-7163-5a8d-ba60-01f623d8b124"",""656bacfc-b102-5379-8db2-2f9f127621e0"",""88f2e658-6155-5924-bc85-63fe2aabb08a"",""9f032fb3-90ca-5749-aff5-1065077ac10e"",""4d2e4005-a84b-525b-a492-d367c5e405d0"",""12b20e20-e117-5c00-83bc-e589b92b730e"",""e97a5398-37b9-5e89-91a9-9b3ae48d9534"",""7a8f92c5-5f85-593a-bf90-08e13c60a2e6"",""aa66f5e3-ac0e-57d6-9b69-aa54ea7c4fb9"",""d07b7490-853e-562b-b662-305e89e7718d"",""596c0800-372d-5056-8a35-9f8661656bf4"",""d08816e6-d4d6-5f35-9de3-d86528fa7a96"",""2e126757-f17e-5ee2-93db-94d31ed944b2"",""5e1af4e2-330f-563f-b639-2d3cd8d276c8"",""49cd1889-2a56-5913-8723-929335f68874"",""82b898ba-3b6d-567f-8996-4f259b74547e"",""d38eb7d2-e78b-5c2f-93e4-2e34846e80e6"",""33effc64-dcfe-5ced-badf-c4df49f68dc1"",""a3a03b99-34c0-504b-b529-32b798db318a"",""8b3ec7b0-123f-5597-95f7-1fafc5810d01"",""035c5442-19b8-5a84-8a59-b352a9660279"",""d6d45010-72fa-5741-b733-88958a8795d2"",""ab8215e5-b753-5a6a-a4e7-ad9caf42eeac"",""1b20061c-b208-551a-b06c-81ffeff623fc"",""9b6d0913-2ae6-5dab-ab36-d05e1c51b208"",""a27c1fb2-edc1-57e6-9d74-adb5a13fed3b"",""4696448b-8c21-591b-80cc-7344ea0b95ec"",""c1d75a33-928c-5636-b99c-def1fb29e0f5"",""61eebfb6-2555-5bce-ba71-7a750427392a"",""aba074a1-d451-595d-bc12-e257adbe7383"",""1ca34094-ee4d-5962-a78a-174d361a9cd3"",""7edb0577-da07-5c6f-8391-bb90e9822165"",""d7c5d484-54dc-5d1e-a3ac-65d60267a12c"",""f416cc8b-3bc2-5c4c-a91c-c56faf748684""]",1,1,1,1,1,1,T,1,1,0,3,3,UF3,0,0,prespecified_B_E,True,explicit in unit columns; exact fractions retained,binary
M7-analysis-v5,C-SQL-1,UF3:cell:C-SQL-1,dbb63e68d4ed9e904fa985aa5b88d674205b6caab086a8d981ac8918a9c68fb5,"[""4afc763c-033e-501c-9c9c-453207d31e62"",""1fed9611-d0cc-51e5-86e7-4ba237c836a2"",""0e4d4039-5409-5be7-a300-ded85e9c22d7"",""1c4afc6f-6679-57b7-ab6b-cec3053e85a1"",""76216ff6-0dab-5f43-913f-741c2deb7596"",""fe7c5fea-171a-5d3e-b93c-b9d53dca7c67"",""784c942d-b222-5013-a2e4-de4aa477a143"",""2f2d84f4-6f41-5df7-a828-cc0a3d9cdddf"",""c68f6332-f200-5595-940d-e5bcad78f1fe"",""54c3aba8-cb42-5023-9591-5cdd68bdd7c5"",""b9ac296e-4c6c-5cdc-9e03-14868c124af2"",""022ddff9-4332-5ba5-b884-42537f220a0c"",""0d262496-18e1-5973-84a6-84fbda64d0ff"",""447860c8-1d56-518b-88ad-7e103990b756"",""616ecfda-7163-5a8d-ba60-01f623d8b124"",""656bacfc-b102-5379-8db2-2f9f127621e0"",""88f2e658-6155-5924-bc85-63fe2aabb08a"",""9f032fb3-90ca-5749-aff5-1065077ac10e"",""4d2e4005-a84b-525b-a492-d367c5e405d0"",""12b20e20-e117-5c00-83bc-e589b92b730e"",""e97a5398-37b9-5e89-91a9-9b3ae48d9534"",""7a8f92c5-5f85-593a-bf90-08e13c60a2e6"",""aa66f5e3-ac0e-57d6-9b69-aa54ea7c4fb9"",""d07b7490-853e-562b-b662-305e89e7718d"",""596c0800-372d-5056-8a35-9f8661656bf4"",""d08816e6-d4d6-5f35-9de3-d86528fa7a96"",""2e126757-f17e-5ee2-93db-94d31ed944b2"",""5e1af4e2-330f-563f-b639-2d3cd8d276c8"",""49cd1889-2a56-5913-8723-929335f68874"",""82b898ba-3b6d-567f-8996-4f259b74547e"",""d38eb7d2-e78b-5c2f-93e4-2e34846e80e6"",""33effc64-dcfe-5ced-badf-c4df49f68dc1"",""a3a03b99-34c0-504b-b529-32b798db318a"",""8b3ec7b0-123f-5597-95f7-1fafc5810d01"",""035c5442-19b8-5a84-8a59-b352a9660279"",""d6d45010-72fa-5741-b733-88958a8795d2"",""ab8215e5-b753-5a6a-a4e7-ad9caf42eeac"",""1b20061c-b208-551a-b06c-81ffeff623fc"",""9b6d0913-2ae6-5dab-ab36-d05e1c51b208"",""a27c1fb2-edc1-57e6-9d74-adb5a13fed3b"",""4696448b-8c21-591b-80cc-7344ea0b95ec"",""c1d75a33-928c-5636-b99c-def1fb29e0f5"",""61eebfb6-2555-5bce-ba71-7a750427392a"",""aba074a1-d451-595d-bc12-e257adbe7383"",""1ca34094-ee4d-5962-a78a-174d361a9cd3"",""7edb0577-da07-5c6f-8391-bb90e9822165"",""d7c5d484-54dc-5d1e-a3ac-65d60267a12c"",""f416cc8b-3bc2-5c4c-a91c-c56faf748684""]",1,1,1,1,1,1,T1,1,1,0,3,3,UF3,0,0,prespecified_B_E,True,explicit in unit columns; exact fractions retained,binary
M7-analysis-v5,C-SQL-1,UF3:cell:C-SQL-1,dbb63e68d4ed9e904fa985aa5b88d674205b6caab086a8d981ac8918a9c68fb5,"[""4afc763c-033e-501c-9c9c-453207d31e62"",""1fed9611-d0cc-51e5-86e7-4ba237c836a2"",""0e4d4039-5409-5be7-a300-ded85e9c22d7"",""1c4afc6f-6679-57b7-ab6b-cec3053e85a1"",""76216ff6-0dab-5f43-913f-741c2deb7596"",""fe7c5fea-171a-5d3e-b93c-b9d53dca7c67"",""784c942d-b222-5013-a2e4-de4aa477a143"",""2f2d84f4-6f41-5df7-a828-cc0a3d9cdddf"",""c68f6332-f200-5595-940d-e5bcad78f1fe"",""54c3aba8-cb42-5023-9591-5cdd68bdd7c5"",""b9ac296e-4c6c-5cdc-9e03-14868c124af2"",""022ddff9-4332-5ba5-b884-42537f220a0c"",""0d262496-18e1-5973-84a6-84fbda64d0ff"",""447860c8-1d56-518b-88ad-7e103990b756"",""616ecfda-7163-5a8d-ba60-01f623d8b124"",""656bacfc-b102-5379-8db2-2f9f127621e0"",""88f2e658-6155-5924-bc85-63fe2aabb08a"",""9f032fb3-90ca-5749-aff5-1065077ac10e"",""4d2e4005-a84b-525b-a492-d367c5e405d0"",""12b20e20-e117-5c00-83bc-e589b92b730e"",""e97a5398-37b9-5e89-91a9-9b3ae48d9534"",""7a8f92c5-5f85-593a-bf90-08e13c60a2e6"",""aa66f5e3-ac0e-57d6-9b69-aa54ea7c4fb9"",""d07b7490-853e-562b-b662-305e89e7718d"",""596c0800-372d-5056-8a35-9f8661656bf4"",""d08816e6-d4d6-5f35-9de3-d86528fa7a96"",""2e126757-f17e-5ee2-93db-94d31ed944b2"",""5e1af4e2-330f-563f-b639-2d3cd8d276c8"",""49cd1889-2a56-5913-8723-929335f68874"",""82b898ba-3b6d-567f-8996-4f259b74547e"",""d38eb7d2-e78b-5c2f-93e4-2e34846e80e6"",""33effc64-dcfe-5ced-badf-c4df49f68dc1"",""a3a03b99-34c0-504b-b529-32b798db318a"",""8b3ec7b0-123f-5597-95f7-1fafc5810d01"",""035c5442-19b8-5a84-8a59-b352a9660279"",""d6d45010-72fa-5741-b733-88958a8795d2"",""ab8215e5-b753-5a6a-a4e7-ad9caf42eeac"",""1b20061c-b208-551a-b06c-81ffeff623fc"",""9b6d0913-2ae6-5dab-ab36-d05e1c51b208"",""a27c1fb2-edc1-57e6-9d74-adb5a13fed3b"",""4696448b-8c21-591b-80cc-7344ea0b95ec"",""c1d75a33-928c-5636-b99c-def1fb29e0f5"",""61eebfb6-2555-5bce-ba71-7a750427392a"",""aba074a1-d451-595d-bc12-e257adbe7383"",""1ca34094-ee4d-5962-a78a-174d361a9cd3"",""7edb0577-da07-5c6f-8391-bb90e9822165"",""d7c5d484-54dc-5d1e-a3ac-65d60267a12c"",""f416cc8b-3bc2-5c4c-a91c-c56faf748684""]",1,1,1,1,1,1,T2,1,1,0,3,3,UF3,0,0,prespecified_B_E,True,explicit in unit columns; exact fractions retained,binary
M7-analysis-v5,C-SQL-1,UF3:cell:C-SQL-1,dbb63e68d4ed9e904fa985aa5b88d674205b6caab086a8d981ac8918a9c68fb5,"[""4afc763c-033e-501c-9c9c-453207d31e62"",""1fed9611-d0cc-51e5-86e7-4ba237c836a2"",""0e4d4039-5409-5be7-a300-ded85e9c22d7"",""1c4afc6f-6679-57b7-ab6b-cec3053e85a1"",""76216ff6-0dab-5f43-913f-741c2deb7596"",""fe7c5fea-171a-5d3e-b93c-b9d53dca7c67"",""784c942d-b222-5013-a2e4-de4aa477a143"",""2f2d84f4-6f41-5df7-a828-cc0a3d9cdddf"",""c68f6332-f200-5595-940d-e5bcad78f1fe"",""54c3aba8-cb42-5023-9591-5cdd68bdd7c5"",""b9ac296e-4c6c-5cdc-9e03-14868c124af2"",""022ddff9-4332-5ba5-b884-42537f220a0c"",""0d262496-18e1-5973-84a6-84fbda64d0ff"",""447860c8-1d56-518b-88ad-7e103990b756"",""616ecfda-7163-5a8d-ba60-01f623d8b124"",""656bacfc-b102-5379-8db2-2f9f127621e0"",""88f2e658-6155-5924-bc85-63fe2aabb08a"",""9f032fb3-90ca-5749-aff5-1065077ac10e"",""4d2e4005-a84b-525b-a492-d367c5e405d0"",""12b20e20-e117-5c00-83bc-e589b92b730e"",""e97a5398-37b9-5e89-91a9-9b3ae48d9534"",""7a8f92c5-5f85-593a-bf90-08e13c60a2e6"",""aa66f5e3-ac0e-57d6-9b69-aa54ea7c4fb9"",""d07b7490-853e-562b-b662-305e89e7718d"",""596c0800-372d-5056-8a35-9f8661656bf4"",""d08816e6-d4d6-5f35-9de3-d86528fa7a96"",""2e126757-f17e-5ee2-93db-94d31ed944b2"",""5e1af4e2-330f-563f-b639-2d3cd8d276c8"",""49cd1889-2a56-5913-8723-929335f68874"",""82b898ba-3b6d-567f-8996-4f259b74547e"",""d38eb7d2-e78b-5c2f-93e4-2e34846e80e6"",""33effc64-dcfe-5ced-badf-c4df49f68dc1"",""a3a03b99-34c0-504b-b529-32b798db318a"",""8b3ec7b0-123f-5597-95f7-1fafc5810d01"",""035c5442-19b8-5a84-8a59-b352a9660279"",""d6d45010-72fa-5741-b733-88958a8795d2"",""ab8215e5-b753-5a6a-a4e7-ad9caf42eeac"",""1b20061c-b208-551a-b06c-81ffeff623fc"",""9b6d0913-2ae6-5dab-ab36-d05e1c51b208"",""a27c1fb2-edc1-57e6-9d74-adb5a13fed3b"",""4696448b-8c21-591b-80cc-7344ea0b95ec"",""c1d75a33-928c-5636-b99c-def1fb29e0f5"",""61eebfb6-2555-5bce-ba71-7a750427392a"",""aba074a1-d451-595d-bc12-e257adbe7383"",""1ca34094-ee4d-5962-a78a-174d361a9cd3"",""7edb0577-da07-5c6f-8391-bb90e9822165"",""d7c5d484-54dc-5d1e-a3ac-65d60267a12c"",""f416cc8b-3bc2-5c4c-a91c-c56faf748684""]",1,1,1,1,1,1,T3,1,1,0,3,3,UF3,0,0,prespecified_B_E,True,explicit in unit columns; exact fractions retained,binary
M7-analysis-v5,C-SQL-1,UF3:cell:C-SQL-1,dbb63e68d4ed9e904fa985aa5b88d674205b6caab086a8d981ac8918a9c68fb5,"[""4afc763c-033e-501c-9c9c-453207d31e62"",""1fed9611-d0cc-51e5-86e7-4ba237c836a2"",""0e4d4039-5409-5be7-a300-ded85e9c22d7"",""1c4afc6f-6679-57b7-ab6b-cec3053e85a1"",""76216ff6-0dab-5f43-913f-741c2deb7596"",""fe7c5fea-171a-5d3e-b93c-b9d53dca7c67"",""784c942d-b222-5013-a2e4-de4aa477a143"",""2f2d84f4-6f41-5df7-a828-cc0a3d9cdddf"",""c68f6332-f200-5595-940d-e5bcad78f1fe"",""54c3aba8-cb42-5023-9591-5cdd68bdd7c5"",""b9ac296e-4c6c-5cdc-9e03-14868c124af2"",""022ddff9-4332-5ba5-b884-42537f220a0c"",""0d262496-18e1-5973-84a6-84fbda64d0ff"",""447860c8-1d56-518b-88ad-7e103990b756"",""616ecfda-7163-5a8d-ba60-01f623d8b124"",""656bacfc-b102-5379-8db2-2f9f127621e0"",""88f2e658-6155-5924-bc85-63fe2aabb08a"",""9f032fb3-90ca-5749-aff5-1065077ac10e"",""4d2e4005-a84b-525b-a492-d367c5e405d0"",""12b20e20-e117-5c00-83bc-e589b92b730e"",""e97a5398-37b9-5e89-91a9-9b3ae48d9534"",""7a8f92c5-5f85-593a-bf90-08e13c60a2e6"",""aa66f5e3-ac0e-57d6-9b69-aa54ea7c4fb9"",""d07b7490-853e-562b-b662-305e89e7718d"",""596c0800-372d-5056-8a35-9f8661656bf4"",""d08816e6-d4d6-5f35-9de3-d86528fa7a96"",""2e126757-f17e-5ee2-93db-94d31ed944b2"",""5e1af4e2-330f-563f-b639-2d3cd8d276c8"",""49cd1889-2a56-5913-8723-929335f68874"",""82b898ba-3b6d-567f-8996-4f259b74547e"",""d38eb7d2-e78b-5c2f-93e4-2e34846e80e6"",""33effc64-dcfe-5ced-badf-c4df49f68dc1"",""a3a03b99-34c0-504b-b529-32b798db318a"",""8b3ec7b0-123f-5597-95f7-1fafc5810d01"",""035c5442-19b8-5a84-8a59-b352a9660279"",""d6d45010-72fa-5741-b733-88958a8795d2"",""ab8215e5-b753-5a6a-a4e7-ad9caf42eeac"",""1b20061c-b208-551a-b06c-81ffeff623fc"",""9b6d0913-2ae6-5dab-ab36-d05e1c51b208"",""a27c1fb2-edc1-57e6-9d74-adb5a13fed3b"",""4696448b-8c21-591b-80cc-7344ea0b95ec"",""c1d75a33-928c-5636-b99c-def1fb29e0f5"",""61eebfb6-2555-5bce-ba71-7a750427392a"",""aba074a1-d451-595d-bc12-e257adbe7383"",""1ca34094-ee4d-5962-a78a-174d361a9cd3"",""7edb0577-da07-5c6f-8391-bb90e9822165"",""d7c5d484-54dc-5d1e-a3ac-65d60267a12c"",""f416cc8b-3bc2-5c4c-a91c-c56faf748684""]",1,1,1,1,1,1,T4,1,1,0,3,3,UF3,0,0,prespecified_B_E,True,explicit in unit columns; exact fractions retained,binary
M7-analysis-v5,C-SQL-1,UF3:cell:C-SQL-1,dbb63e68d4ed9e904fa985aa5b88d674205b6caab086a8d981ac8918a9c68fb5,"[""4afc763c-033e-501c-9c9c-453207d31e62"",""1fed9611-d0cc-51e5-86e7-4ba237c836a2"",""0e4d4039-5409-5be7-a300-ded85e9c22d7"",""1c4afc6f-6679-57b7-ab6b-cec3053e85a1"",""76216ff6-0dab-5f43-913f-741c2deb7596"",""fe7c5fea-171a-5d3e-b93c-b9d53dca7c67"",""784c942d-b222-5013-a2e4-de4aa477a143"",""2f2d84f4-6f41-5df7-a828-cc0a3d9cdddf"",""c68f6332-f200-5595-940d-e5bcad78f1fe"",""54c3aba8-cb42-5023-9591-5cdd68bdd7c5"",""b9ac296e-4c6c-5cdc-9e03-14868c124af2"",""022ddff9-4332-5ba5-b884-42537f220a0c"",""0d262496-18e1-5973-84a6-84fbda64d0ff"",""447860c8-1d56-518b-88ad-7e103990b756"",""616ecfda-7163-5a8d-ba60-01f623d8b124"",""656bacfc-b102-5379-8db2-2f9f127621e0"",""88f2e658-6155-5924-bc85-63fe2aabb08a"",""9f032fb3-90ca-5749-aff5-1065077ac10e"",""4d2e4005-a84b-525b-a492-d367c5e405d0"",""12b20e20-e117-5c00-83bc-e589b92b730e"",""e97a5398-37b9-5e89-91a9-9b3ae48d9534"",""7a8f92c5-5f85-593a-bf90-08e13c60a2e6"",""aa66f5e3-ac0e-57d6-9b69-aa54ea7c4fb9"",""d07b7490-853e-562b-b662-305e89e7718d"",""596c0800-372d-5056-8a35-9f8661656bf4"",""d08816e6-d4d6-5f35-9de3-d86528fa7a96"",""2e126757-f17e-5ee2-93db-94d31ed944b2"",""5e1af4e2-330f-563f-b639-2d3cd8d276c8"",""49cd1889-2a56-5913-8723-929335f68874"",""82b898ba-3b6d-567f-8996-4f259b74547e"",""d38eb7d2-e78b-5c2f-93e4-2e34846e80e6"",""33effc64-dcfe-5ced-badf-c4df49f68dc1"",""a3a03b99-34c0-504b-b529-32b798db318a"",""8b3ec7b0-123f-5597-95f7-1fafc5810d01"",""035c5442-19b8-5a84-8a59-b352a9660279"",""d6d45010-72fa-5741-b733-88958a8795d2"",""ab8215e5-b753-5a6a-a4e7-ad9caf42eeac"",""1b20061c-b208-551a-b06c-81ffeff623fc"",""9b6d0913-2ae6-5dab-ab36-d05e1c51b208"",""a27c1fb2-edc1-57e6-9d74-adb5a13fed3b"",""4696448b-8c21-591b-80cc-7344ea0b95ec"",""c1d75a33-928c-5636-b99c-def1fb29e0f5"",""61eebfb6-2555-5bce-ba71-7a750427392a"",""aba074a1-d451-595d-bc12-e257adbe7383"",""1ca34094-ee4d-5962-a78a-174d361a9cd3"",""7edb0577-da07-5c6f-8391-bb90e9822165"",""d7c5d484-54dc-5d1e-a3ac-65d60267a12c"",""f416cc8b-3bc2-5c4c-a91c-c56faf748684""]",1,1,1,1,1,1,T5,1,1,0,3,3,UF3,0,0,prespecified_B_E,True,explicit in unit columns; exact fractions retained,binary
M7-analysis-v5,C-SQL-1,UF3:cell:C-SQL-1,dbb63e68d4ed9e904fa985aa5b88d674205b6caab086a8d981ac8918a9c68fb5,"[""4afc763c-033e-501c-9c9c-453207d31e62"",""1fed9611-d0cc-51e5-86e7-4ba237c836a2"",""0e4d4039-5409-5be7-a300-ded85e9c22d7"",""1c4afc6f-6679-57b7-ab6b-cec3053e85a1"",""76216ff6-0dab-5f43-913f-741c2deb7596"",""fe7c5fea-171a-5d3e-b93c-b9d53dca7c67"",""784c942d-b222-5013-a2e4-de4aa477a143"",""2f2d84f4-6f41-5df7-a828-cc0a3d9cdddf"",""c68f6332-f200-5595-940d-e5bcad78f1fe"",""54c3aba8-cb42-5023-9591-5cdd68bdd7c5"",""b9ac296e-4c6c-5cdc-9e03-14868c124af2"",""022ddff9-4332-5ba5-b884-42537f220a0c"",""0d262496-18e1-5973-84a6-84fbda64d0ff"",""447860c8-1d56-518b-88ad-7e103990b756"",""616ecfda-7163-5a8d-ba60-01f623d8b124"",""656bacfc-b102-5379-8db2-2f9f127621e0"",""88f2e658-6155-5924-bc85-63fe2aabb08a"",""9f032fb3-90ca-5749-aff5-1065077ac10e"",""4d2e4005-a84b-525b-a492-d367c5e405d0"",""12b20e20-e117-5c00-83bc-e589b92b730e"",""e97a5398-37b9-5e89-91a9-9b3ae48d9534"",""7a8f92c5-5f85-593a-bf90-08e13c60a2e6"",""aa66f5e3-ac0e-57d6-9b69-aa54ea7c4fb9"",""d07b7490-853e-562b-b662-305e89e7718d"",""596c0800-372d-5056-8a35-9f8661656bf4"",""d08816e6-d4d6-5f35-9de3-d86528fa7a96"",""2e126757-f17e-5ee2-93db-94d31ed944b2"",""5e1af4e2-330f-563f-b639-2d3cd8d276c8"",""49cd1889-2a56-5913-8723-929335f68874"",""82b898ba-3b6d-567f-8996-4f259b74547e"",""d38eb7d2-e78b-5c2f-93e4-2e34846e80e6"",""33effc64-dcfe-5ced-badf-c4df49f68dc1"",""a3a03b99-34c0-504b-b529-32b798db318a"",""8b3ec7b0-123f-5597-95f7-1fafc5810d01"",""035c5442-19b8-5a84-8a59-b352a9660279"",""d6d45010-72fa-5741-b733-88958a8795d2"",""ab8215e5-b753-5a6a-a4e7-ad9caf42eeac"",""1b20061c-b208-551a-b06c-81ffeff623fc"",""9b6d0913-2ae6-5dab-ab36-d05e1c51b208"",""a27c1fb2-edc1-57e6-9d74-adb5a13fed3b"",""4696448b-8c21-591b-80cc-7344ea0b95ec"",""c1d75a33-928c-5636-b99c-def1fb29e0f5"",""61eebfb6-2555-5bce-ba71-7a750427392a"",""aba074a1-d451-595d-bc12-e257adbe7383"",""1ca34094-ee4d-5962-a78a-174d361a9cd3"",""7edb0577-da07-5c6f-8391-bb90e9822165"",""d7c5d484-54dc-5d1e-a3ac-65d60267a12c"",""f416cc8b-3bc2-5c4c-a91c-c56faf748684""]",1,1,1,1,1,1,full_success,1,1,0,3,3,UF3,0,0,prespecified_B_E,True,explicit in unit columns; exact fractions retained,binary
M7-analysis-v5,C-SQL-1,UF3:cell:C-SQL-1,dbb63e68d4ed9e904fa985aa5b88d674205b6caab086a8d981ac8918a9c68fb5,"[""4afc763c-033e-501c-9c9c-453207d31e62"",""1fed9611-d0cc-51e5-86e7-4ba237c836a2"",""0e4d4039-5409-5be7-a300-ded85e9c22d7"",""1c4afc6f-6679-57b7-ab6b-cec3053e85a1"",""76216ff6-0dab-5f43-913f-741c2deb7596"",""fe7c5fea-171a-5d3e-b93c-b9d53dca7c67"",""784c942d-b222-5013-a2e4-de4aa477a143"",""2f2d84f4-6f41-5df7-a828-cc0a3d9cdddf"",""c68f6332-f200-5595-940d-e5bcad78f1fe"",""54c3aba8-cb42-5023-9591-5cdd68bdd7c5"",""b9ac296e-4c6c-5cdc-9e03-14868c124af2"",""022ddff9-4332-5ba5-b884-42537f220a0c"",""0d262496-18e1-5973-84a6-84fbda64d0ff"",""447860c8-1d56-518b-88ad-7e103990b756"",""616ecfda-7163-5a8d-ba60-01f623d8b124"",""656bacfc-b102-5379-8db2-2f9f127621e0"",""88f2e658-6155-5924-bc85-63fe2aabb08a"",""9f032fb3-90ca-5749-aff5-1065077ac10e"",""4d2e4005-a84b-525b-a492-d367c5e405d0"",""12b20e20-e117-5c00-83bc-e589b92b730e"",""e97a5398-37b9-5e89-91a9-9b3ae48d9534"",""7a8f92c5-5f85-593a-bf90-08e13c60a2e6"",""aa66f5e3-ac0e-57d6-9b69-aa54ea7c4fb9"",""d07b7490-853e-562b-b662-305e89e7718d"",""596c0800-372d-5056-8a35-9f8661656bf4"",""d08816e6-d4d6-5f35-9de3-d86528fa7a96"",""2e126757-f17e-5ee2-93db-94d31ed944b2"",""5e1af4e2-330f-563f-b639-2d3cd8d276c8"",""49cd1889-2a56-5913-8723-929335f68874"",""82b898ba-3b6d-567f-8996-4f259b74547e"",""d38eb7d2-e78b-5c2f-93e4-2e34846e80e6"",""33effc64-dcfe-5ced-badf-c4df49f68dc1"",""a3a03b99-34c0-504b-b529-32b798db318a"",""8b3ec7b0-123f-5597-95f7-1fafc5810d01"",""035c5442-19b8-5a84-8a59-b352a9660279"",""d6d45010-72fa-5741-b733-88958a8795d2"",""ab8215e5-b753-5a6a-a4e7-ad9caf42eeac"",""1b20061c-b208-551a-b06c-81ffeff623fc"",""9b6d0913-2ae6-5dab-ab36-d05e1c51b208"",""a27c1fb2-edc1-57e6-9d74-adb5a13fed3b"",""4696448b-8c21-591b-80cc-7344ea0b95ec"",""c1d75a33-928c-5636-b99c-def1fb29e0f5"",""61eebfb6-2555-5bce-ba71-7a750427392a"",""aba074a1-d451-595d-bc12-e257adbe7383"",""1ca34094-ee4d-5962-a78a-174d361a9cd3"",""7edb0577-da07-5c6f-8391-bb90e9822165"",""d7c5d484-54dc-5d1e-a3ac-65d60267a12c"",""f416cc8b-3bc2-5c4c-a91c-c56faf748684""]",1,1,1,1,1,1,raw_pass_ratio,1,1,0,3,3,UF3,0,0,prespecified_B_E,True,explicit in unit columns; exact fractions retained,ratio
M7-analysis-v5,C-SQL-1,UF3:cell:C-SQL-1,dbb63e68d4ed9e904fa985aa5b88d674205b6caab086a8d981ac8918a9c68fb5,"[""4afc763c-033e-501c-9c9c-453207d31e62"",""1fed9611-d0cc-51e5-86e7-4ba237c836a2"",""0e4d4039-5409-5be7-a300-ded85e9c22d7"",""1c4afc6f-6679-57b7-ab6b-cec3053e85a1"",""76216ff6-0dab-5f43-913f-741c2deb7596"",""fe7c5fea-171a-5d3e-b93c-b9d53dca7c67"",""784c942d-b222-5013-a2e4-de4aa477a143"",""2f2d84f4-6f41-5df7-a828-cc0a3d9cdddf"",""c68f6332-f200-5595-940d-e5bcad78f1fe"",""54c3aba8-cb42-5023-9591-5cdd68bdd7c5"",""b9ac296e-4c6c-5cdc-9e03-14868c124af2"",""022ddff9-4332-5ba5-b884-42537f220a0c"",""0d262496-18e1-5973-84a6-84fbda64d0ff"",""447860c8-1d56-518b-88ad-7e103990b756"",""616ecfda-7163-5a8d-ba60-01f623d8b124"",""656bacfc-b102-5379-8db2-2f9f127621e0"",""88f2e658-6155-5924-bc85-63fe2aabb08a"",""9f032fb3-90ca-5749-aff5-1065077ac10e"",""4d2e4005-a84b-525b-a492-d367c5e405d0"",""12b20e20-e117-5c00-83bc-e589b92b730e"",""e97a5398-37b9-5e89-91a9-9b3ae48d9534"",""7a8f92c5-5f85-593a-bf90-08e13c60a2e6"",""aa66f5e3-ac0e-57d6-9b69-aa54ea7c4fb9"",""d07b7490-853e-562b-b662-305e89e7718d"",""596c0800-372d-5056-8a35-9f8661656bf4"",""d08816e6-d4d6-5f35-9de3-d86528fa7a96"",""2e126757-f17e-5ee2-93db-94d31ed944b2"",""5e1af4e2-330f-563f-b639-2d3cd8d276c8"",""49cd1889-2a56-5913-8723-929335f68874"",""82b898ba-3b6d-567f-8996-4f259b74547e"",""d38eb7d2-e78b-5c2f-93e4-2e34846e80e6"",""33effc64-dcfe-5ced-badf-c4df49f68dc1"",""a3a03b99-34c0-504b-b529-32b798db318a"",""8b3ec7b0-123f-5597-95f7-1fafc5810d01"",""035c5442-19b8-5a84-8a59-b352a9660279"",""d6d45010-72fa-5741-b733-88958a8795d2"",""ab8215e5-b753-5a6a-a4e7-ad9caf42eeac"",""1b20061c-b208-551a-b06c-81ffeff623fc"",""9b6d0913-2ae6-5dab-ab36-d05e1c51b208"",""a27c1fb2-edc1-57e6-9d74-adb5a13fed3b"",""4696448b-8c21-591b-80cc-7344ea0b95ec"",""c1d75a33-928c-5636-b99c-def1fb29e0f5"",""61eebfb6-2555-5bce-ba71-7a750427392a"",""aba074a1-d451-595d-bc12-e257adbe7383"",""1ca34094-ee4d-5962-a78a-174d361a9cd3"",""7edb0577-da07-5c6f-8391-bb90e9822165"",""d7c5d484-54dc-5d1e-a3ac-65d60267a12c"",""f416cc8b-3bc2-5c4c-a91c-c56faf748684""]",1,1,1,1,1,1,repair_count,1,1,0,3,3,UF3,0,0,prespecified_B_E,True,explicit in unit columns; exact fractions retained,count
M7-analysis-v5,C-SQL-1,UF3:cell:C-SQL-1,dbb63e68d4ed9e904fa985aa5b88d674205b6caab086a8d981ac8918a9c68fb5,"[""4afc763c-033e-501c-9c9c-453207d31e62"",""1fed9611-d0cc-51e5-86e7-4ba237c836a2"",""0e4d4039-5409-5be7-a300-ded85e9c22d7"",""1c4afc6f-6679-57b7-ab6b-cec3053e85a1"",""76216ff6-0dab-5f43-913f-741c2deb7596"",""fe7c5fea-171a-5d3e-b93c-b9d53dca7c67"",""784c942d-b222-5013-a2e4-de4aa477a143"",""2f2d84f4-6f41-5df7-a828-cc0a3d9cdddf"",""c68f6332-f200-5595-940d-e5bcad78f1fe"",""54c3aba8-cb42-5023-9591-5cdd68bdd7c5"",""b9ac296e-4c6c-5cdc-9e03-14868c124af2"",""022ddff9-4332-5ba5-b884-42537f220a0c"",""0d262496-18e1-5973-84a6-84fbda64d0ff"",""447860c8-1d56-518b-88ad-7e103990b756"",""616ecfda-7163-5a8d-ba60-01f623d8b124"",""656bacfc-b102-5379-8db2-2f9f127621e0"",""88f2e658-6155-5924-bc85-63fe2aabb08a"",""9f032fb3-90ca-5749-aff5-1065077ac10e"",""4d2e4005-a84b-525b-a492-d367c5e405d0"",""12b20e20-e117-5c00-83bc-e589b92b730e"",""e97a5398-37b9-5e89-91a9-9b3ae48d9534"",""7a8f92c5-5f85-593a-bf90-08e13c60a2e6"",""aa66f5e3-ac0e-57d6-9b69-aa54ea7c4fb9"",""d07b7490-853e-562b-b662-305e89e7718d"",""596c0800-372d-5056-8a35-9f8661656bf4"",""d08816e6-d4d6-5f35-9de3-d86528fa7a96"",""2e126757-f17e-5ee2-93db-94d31ed944b2"",""5e1af4e2-330f-563f-b639-2d3cd8d276c8"",""49cd1889-2a56-5913-8723-929335f68874"",""82b898ba-3b6d-567f-8996-4f259b74547e"",""d38eb7d2-e78b-5c2f-93e4-2e34846e80e6"",""33effc64-dcfe-5ced-badf-c4df49f68dc1"",""a3a03b99-34c0-504b-b529-32b798db318a"",""8b3ec7b0-123f-5597-95f7-1fafc5810d01"",""035c5442-19b8-5a84-8a59-b352a9660279"",""d6d45010-72fa-5741-b733-88958a8795d2"",""ab8215e5-b753-5a6a-a4e7-ad9caf42eeac"",""1b20061c-b208-551a-b06c-81ffeff623fc"",""9b6d0913-2ae6-5dab-ab36-d05e1c51b208"",""a27c1fb2-edc1-57e6-9d74-adb5a13fed3b"",""4696448b-8c21-591b-80cc-7344ea0b95ec"",""c1d75a33-928c-5636-b99c-def1fb29e0f5"",""61eebfb6-2555-5bce-ba71-7a750427392a"",""aba074a1-d451-595d-bc12-e257adbe7383"",""1ca34094-ee4d-5962-a78a-174d361a9cd3"",""7edb0577-da07-5c6f-8391-bb90e9822165"",""d7c5d484-54dc-5d1e-a3ac-65d60267a12c"",""f416cc8b-3bc2-5c4c-a91c-c56faf748684""]",14578,14578,13629.33333333333333333333333333333333333,40888/3,14002,14002,tokens.output,12308,12308,0,3,3,UF3,1179.993785294368969174986054405443094539,1179.993785294368969174986054405443094539,prespecified_B_E,True,explicit in unit columns; exact fractions retained,tokens
M7-analysis-v5,C-SQL-1,UF3:cell:C-SQL-1,dbb63e68d4ed9e904fa985aa5b88d674205b6caab086a8d981ac8918a9c68fb5,"[""4afc763c-033e-501c-9c9c-453207d31e62"",""1fed9611-d0cc-51e5-86e7-4ba237c836a2"",""0e4d4039-5409-5be7-a300-ded85e9c22d7"",""1c4afc6f-6679-57b7-ab6b-cec3053e85a1"",""76216ff6-0dab-5f43-913f-741c2deb7596"",""fe7c5fea-171a-5d3e-b93c-b9d53dca7c67"",""784c942d-b222-5013-a2e4-de4aa477a143"",""2f2d84f4-6f41-5df7-a828-cc0a3d9cdddf"",""c68f6332-f200-5595-940d-e5bcad78f1fe"",""54c3aba8-cb42-5023-9591-5cdd68bdd7c5"",""b9ac296e-4c6c-5cdc-9e03-14868c124af2"",""022ddff9-4332-5ba5-b884-42537f220a0c"",""0d262496-18e1-5973-84a6-84fbda64d0ff"",""447860c8-1d56-518b-88ad-7e103990b756"",""616ecfda-7163-5a8d-ba60-01f623d8b124"",""656bacfc-b102-5379-8db2-2f9f127621e0"",""88f2e658-6155-5924-bc85-63fe2aabb08a"",""9f032fb3-90ca-5749-aff5-1065077ac10e"",""4d2e4005-a84b-525b-a492-d367c5e405d0"",""12b20e20-e117-5c00-83bc-e589b92b730e"",""e97a5398-37b9-5e89-91a9-9b3ae48d9534"",""7a8f92c5-5f85-593a-bf90-08e13c60a2e6"",""aa66f5e3-ac0e-57d6-9b69-aa54ea7c4fb9"",""d07b7490-853e-562b-b662-305e89e7718d"",""596c0800-372d-5056-8a35-9f8661656bf4"",""d08816e6-d4d6-5f35-9de3-d86528fa7a96"",""2e126757-f17e-5ee2-93db-94d31ed944b2"",""5e1af4e2-330f-563f-b639-2d3cd8d276c8"",""49cd1889-2a56-5913-8723-929335f68874"",""82b898ba-3b6d-567f-8996-4f259b74547e"",""d38eb7d2-e78b-5c2f-93e4-2e34846e80e6"",""33effc64-dcfe-5ced-badf-c4df49f68dc1"",""a3a03b99-34c0-504b-b529-32b798db318a"",""8b3ec7b0-123f-5597-95f7-1fafc5810d01"",""035c5442-19b8-5a84-8a59-b352a9660279"",""d6d45010-72fa-5741-b733-88958a8795d2"",""ab8215e5-b753-5a6a-a4e7-ad9caf42eeac"",""1b20061c-b208-551a-b06c-81ffeff623fc"",""9b6d0913-2ae6-5dab-ab36-d05e1c51b208"",""a27c1fb2-edc1-57e6-9d74-adb5a13fed3b"",""4696448b-8c21-591b-80cc-7344ea0b95ec"",""c1d75a33-928c-5636-b99c-def1fb29e0f5"",""61eebfb6-2555-5bce-ba71-7a750427392a"",""aba074a1-d451-595d-bc12-e257adbe7383"",""1ca34094-ee4d-5962-a78a-174d361a9cd3"",""7edb0577-da07-5c6f-8391-bb90e9822165"",""d7c5d484-54dc-5d1e-a3ac-65d60267a12c"",""f416cc8b-3bc2-5c4c-a91c-c56faf748684""]",434.437316074,217218658037/500000000,356.2308859816666666666666666666666666667,213738531589/600000000,329.133518816,10285422463/31250000,pipeline_seconds,305.121823055,61024364611/200000000,0,3,3,UF3,68.78462520192991430060600783883932362362,68.78462520192991430060600783883932362362,prespecified_B_E,True,explicit in unit columns; exact fractions retained,s
M7-analysis-v5,C-SQL-1,UF3:cell:C-SQL-1,dbb63e68d4ed9e904fa985aa5b88d674205b6caab086a8d981ac8918a9c68fb5,"[""4afc763c-033e-501c-9c9c-453207d31e62"",""1fed9611-d0cc-51e5-86e7-4ba237c836a2"",""0e4d4039-5409-5be7-a300-ded85e9c22d7"",""1c4afc6f-6679-57b7-ab6b-cec3053e85a1"",""76216ff6-0dab-5f43-913f-741c2deb7596"",""fe7c5fea-171a-5d3e-b93c-b9d53dca7c67"",""784c942d-b222-5013-a2e4-de4aa477a143"",""2f2d84f4-6f41-5df7-a828-cc0a3d9cdddf"",""c68f6332-f200-5595-940d-e5bcad78f1fe"",""54c3aba8-cb42-5023-9591-5cdd68bdd7c5"",""b9ac296e-4c6c-5cdc-9e03-14868c124af2"",""022ddff9-4332-5ba5-b884-42537f220a0c"",""0d262496-18e1-5973-84a6-84fbda64d0ff"",""447860c8-1d56-518b-88ad-7e103990b756"",""616ecfda-7163-5a8d-ba60-01f623d8b124"",""656bacfc-b102-5379-8db2-2f9f127621e0"",""88f2e658-6155-5924-bc85-63fe2aabb08a"",""9f032fb3-90ca-5749-aff5-1065077ac10e"",""4d2e4005-a84b-525b-a492-d367c5e405d0"",""12b20e20-e117-5c00-83bc-e589b92b730e"",""e97a5398-37b9-5e89-91a9-9b3ae48d9534"",""7a8f92c5-5f85-593a-bf90-08e13c60a2e6"",""aa66f5e3-ac0e-57d6-9b69-aa54ea7c4fb9"",""d07b7490-853e-562b-b662-305e89e7718d"",""596c0800-372d-5056-8a35-9f8661656bf4"",""d08816e6-d4d6-5f35-9de3-d86528fa7a96"",""2e126757-f17e-5ee2-93db-94d31ed944b2"",""5e1af4e2-330f-563f-b639-2d3cd8d276c8"",""49cd1889-2a56-5913-8723-929335f68874"",""82b898ba-3b6d-567f-8996-4f259b74547e"",""d38eb7d2-e78b-5c2f-93e4-2e34846e80e6"",""33effc64-dcfe-5ced-badf-c4df49f68dc1"",""a3a03b99-34c0-504b-b529-32b798db318a"",""8b3ec7b0-123f-5597-95f7-1fafc5810d01"",""035c5442-19b8-5a84-8a59-b352a9660279"",""d6d45010-72fa-5741-b733-88958a8795d2"",""ab8215e5-b753-5a6a-a4e7-ad9caf42eeac"",""1b20061c-b208-551a-b06c-81ffeff623fc"",""9b6d0913-2ae6-5dab-ab36-d05e1c51b208"",""a27c1fb2-edc1-57e6-9d74-adb5a13fed3b"",""4696448b-8c21-591b-80cc-7344ea0b95ec"",""c1d75a33-928c-5636-b99c-def1fb29e0f5"",""61eebfb6-2555-5bce-ba71-7a750427392a"",""aba074a1-d451-595d-bc12-e257adbe7383"",""1ca34094-ee4d-5962-a78a-174d361a9cd3"",""7edb0577-da07-5c6f-8391-bb90e9822165"",""d7c5d484-54dc-5d1e-a3ac-65d60267a12c"",""f416cc8b-3bc2-5c4c-a91c-c56faf748684""]",434.437316074,217218658037/500000000,356.2308859816666666666666666666666666667,213738531589/600000000,329.133518816,10285422463/31250000,total_seconds,305.121823055,61024364611/200000000,0,3,3,UF3,68.78462520192991430060600783883932362362,68.78462520192991430060600783883932362362,prespecified_B_E,True,explicit in unit columns; exact fractions retained,s
M7-analysis-v5,C-SQL-1,UF3:cell:C-SQL-1,dbb63e68d4ed9e904fa985aa5b88d674205b6caab086a8d981ac8918a9c68fb5,"[""4afc763c-033e-501c-9c9c-453207d31e62"",""1fed9611-d0cc-51e5-86e7-4ba237c836a2"",""0e4d4039-5409-5be7-a300-ded85e9c22d7"",""1c4afc6f-6679-57b7-ab6b-cec3053e85a1"",""76216ff6-0dab-5f43-913f-741c2deb7596"",""fe7c5fea-171a-5d3e-b93c-b9d53dca7c67"",""784c942d-b222-5013-a2e4-de4aa477a143"",""2f2d84f4-6f41-5df7-a828-cc0a3d9cdddf"",""c68f6332-f200-5595-940d-e5bcad78f1fe"",""54c3aba8-cb42-5023-9591-5cdd68bdd7c5"",""b9ac296e-4c6c-5cdc-9e03-14868c124af2"",""022ddff9-4332-5ba5-b884-42537f220a0c"",""0d262496-18e1-5973-84a6-84fbda64d0ff"",""447860c8-1d56-518b-88ad-7e103990b756"",""616ecfda-7163-5a8d-ba60-01f623d8b124"",""656bacfc-b102-5379-8db2-2f9f127621e0"",""88f2e658-6155-5924-bc85-63fe2aabb08a"",""9f032fb3-90ca-5749-aff5-1065077ac10e"",""4d2e4005-a84b-525b-a492-d367c5e405d0"",""12b20e20-e117-5c00-83bc-e589b92b730e"",""e97a5398-37b9-5e89-91a9-9b3ae48d9534"",""7a8f92c5-5f85-593a-bf90-08e13c60a2e6"",""aa66f5e3-ac0e-57d6-9b69-aa54ea7c4fb9"",""d07b7490-853e-562b-b662-305e89e7718d"",""596c0800-372d-5056-8a35-9f8661656bf4"",""d08816e6-d4d6-5f35-9de3-d86528fa7a96"",""2e126757-f17e-5ee2-93db-94d31ed944b2"",""5e1af4e2-330f-563f-b639-2d3cd8d276c8"",""49cd1889-2a56-5913-8723-929335f68874"",""82b898ba-3b6d-567f-8996-4f259b74547e"",""d38eb7d2-e78b-5c2f-93e4-2e34846e80e6"",""33effc64-dcfe-5ced-badf-c4df49f68dc1"",""a3a03b99-34c0-504b-b529-32b798db318a"",""8b3ec7b0-123f-5597-95f7-1fafc5810d01"",""035c5442-19b8-5a84-8a59-b352a9660279"",""d6d45010-72fa-5741-b733-88958a8795d2"",""ab8215e5-b753-5a6a-a4e7-ad9caf42eeac"",""1b20061c-b208-551a-b06c-81ffeff623fc"",""9b6d0913-2ae6-5dab-ab36-d05e1c51b208"",""a27c1fb2-edc1-57e6-9d74-adb5a13fed3b"",""4696448b-8c21-591b-80cc-7344ea0b95ec"",""c1d75a33-928c-5636-b99c-def1fb29e0f5"",""61eebfb6-2555-5bce-ba71-7a750427392a"",""aba074a1-d451-595d-bc12-e257adbe7383"",""1ca34094-ee4d-5962-a78a-174d361a9cd3"",""7edb0577-da07-5c6f-8391-bb90e9822165"",""d7c5d484-54dc-5d1e-a3ac-65d60267a12c"",""f416cc8b-3bc2-5c4c-a91c-c56faf748684""]",46,46,43,43,42,42,L,41,41,0,3,3,UF3,2.64575131106459059050161575363926042571,2.645751311064590590501615753639260425710,prespecified_B_E,True,explicit in unit columns; exact fractions retained,lines
M7-analysis-v5,C-SQL-1,UF3:cell:C-SQL-1,dbb63e68d4ed9e904fa985aa5b88d674205b6caab086a8d981ac8918a9c68fb5,"[""4afc763c-033e-501c-9c9c-453207d31e62"",""1fed9611-d0cc-51e5-86e7-4ba237c836a2"",""0e4d4039-5409-5be7-a300-ded85e9c22d7"",""1c4afc6f-6679-57b7-ab6b-cec3053e85a1"",""76216ff6-0dab-5f43-913f-741c2deb7596"",""fe7c5fea-171a-5d3e-b93c-b9d53dca7c67"",""784c942d-b222-5013-a2e4-de4aa477a143"",""2f2d84f4-6f41-5df7-a828-cc0a3d9cdddf"",""c68f6332-f200-5595-940d-e5bcad78f1fe"",""54c3aba8-cb42-5023-9591-5cdd68bdd7c5"",""b9ac296e-4c6c-5cdc-9e03-14868c124af2"",""022ddff9-4332-5ba5-b884-42537f220a0c"",""0d262496-18e1-5973-84a6-84fbda64d0ff"",""447860c8-1d56-518b-88ad-7e103990b756"",""616ecfda-7163-5a8d-ba60-01f623d8b124"",""656bacfc-b102-5379-8db2-2f9f127621e0"",""88f2e658-6155-5924-bc85-63fe2aabb08a"",""9f032fb3-90ca-5749-aff5-1065077ac10e"",""4d2e4005-a84b-525b-a492-d367c5e405d0"",""12b20e20-e117-5c00-83bc-e589b92b730e"",""e97a5398-37b9-5e89-91a9-9b3ae48d9534"",""7a8f92c5-5f85-593a-bf90-08e13c60a2e6"",""aa66f5e3-ac0e-57d6-9b69-aa54ea7c4fb9"",""d07b7490-853e-562b-b662-305e89e7718d"",""596c0800-372d-5056-8a35-9f8661656bf4"",""d08816e6-d4d6-5f35-9de3-d86528fa7a96"",""2e126757-f17e-5ee2-93db-94d31ed944b2"",""5e1af4e2-330f-563f-b639-2d3cd8d276c8"",""49cd1889-2a56-5913-8723-929335f68874"",""82b898ba-3b6d-567f-8996-4f259b74547e"",""d38eb7d2-e78b-5c2f-93e4-2e34846e80e6"",""33effc64-dcfe-5ced-badf-c4df49f68dc1"",""a3a03b99-34c0-504b-b529-32b798db318a"",""8b3ec7b0-123f-5597-95f7-1fafc5810d01"",""035c5442-19b8-5a84-8a59-b352a9660279"",""d6d45010-72fa-5741-b733-88958a8795d2"",""ab8215e5-b753-5a6a-a4e7-ad9caf42eeac"",""1b20061c-b208-551a-b06c-81ffeff623fc"",""9b6d0913-2ae6-5dab-ab36-d05e1c51b208"",""a27c1fb2-edc1-57e6-9d74-adb5a13fed3b"",""4696448b-8c21-591b-80cc-7344ea0b95ec"",""c1d75a33-928c-5636-b99c-def1fb29e0f5"",""61eebfb6-2555-5bce-ba71-7a750427392a"",""aba074a1-d451-595d-bc12-e257adbe7383"",""1ca34094-ee4d-5962-a78a-174d361a9cd3"",""7edb0577-da07-5c6f-8391-bb90e9822165"",""d7c5d484-54dc-5d1e-a3ac-65d60267a12c"",""f416cc8b-3bc2-5c4c-a91c-c56faf748684""]",6,6,6,6,6,6,call_count,6,6,0,3,3,UF3,0,0,prespecified_B_E,True,explicit in unit columns; exact fractions retained,count
M7-analysis-v5,C-SQL-1,UF3:cell:C-SQL-1,dbb63e68d4ed9e904fa985aa5b88d674205b6caab086a8d981ac8918a9c68fb5,"[""4afc763c-033e-501c-9c9c-453207d31e62"",""1fed9611-d0cc-51e5-86e7-4ba237c836a2"",""0e4d4039-5409-5be7-a300-ded85e9c22d7"",""1c4afc6f-6679-57b7-ab6b-cec3053e85a1"",""76216ff6-0dab-5f43-913f-741c2deb7596"",""fe7c5fea-171a-5d3e-b93c-b9d53dca7c67"",""784c942d-b222-5013-a2e4-de4aa477a143"",""2f2d84f4-6f41-5df7-a828-cc0a3d9cdddf"",""c68f6332-f200-5595-940d-e5bcad78f1fe"",""54c3aba8-cb42-5023-9591-5cdd68bdd7c5"",""b9ac296e-4c6c-5cdc-9e03-14868c124af2"",""022ddff9-4332-5ba5-b884-42537f220a0c"",""0d262496-18e1-5973-84a6-84fbda64d0ff"",""447860c8-1d56-518b-88ad-7e103990b756"",""616ecfda-7163-5a8d-ba60-01f623d8b124"",""656bacfc-b102-5379-8db2-2f9f127621e0"",""88f2e658-6155-5924-bc85-63fe2aabb08a"",""9f032fb3-90ca-5749-aff5-1065077ac10e"",""4d2e4005-a84b-525b-a492-d367c5e405d0"",""12b20e20-e117-5c00-83bc-e589b92b730e"",""e97a5398-37b9-5e89-91a9-9b3ae48d9534"",""7a8f92c5-5f85-593a-bf90-08e13c60a2e6"",""aa66f5e3-ac0e-57d6-9b69-aa54ea7c4fb9"",""d07b7490-853e-562b-b662-305e89e7718d"",""596c0800-372d-5056-8a35-9f8661656bf4"",""d08816e6-d4d6-5f35-9de3-d86528fa7a96"",""2e126757-f17e-5ee2-93db-94d31ed944b2"",""5e1af4e2-330f-563f-b639-2d3cd8d276c8"",""49cd1889-2a56-5913-8723-929335f68874"",""82b898ba-3b6d-567f-8996-4f259b74547e"",""d38eb7d2-e78b-5c2f-93e4-2e34846e80e6"",""33effc64-dcfe-5ced-badf-c4df49f68dc1"",""a3a03b99-34c0-504b-b529-32b798db318a"",""8b3ec7b0-123f-5597-95f7-1fafc5810d01"",""035c5442-19b8-5a84-8a59-b352a9660279"",""d6d45010-72fa-5741-b733-88958a8795d2"",""ab8215e5-b753-5a6a-a4e7-ad9caf42eeac"",""1b20061c-b208-551a-b06c-81ffeff623fc"",""9b6d0913-2ae6-5dab-ab36-d05e1c51b208"",""a27c1fb2-edc1-57e6-9d74-adb5a13fed3b"",""4696448b-8c21-591b-80cc-7344ea0b95ec"",""c1d75a33-928c-5636-b99c-def1fb29e0f5"",""61eebfb6-2555-5bce-ba71-7a750427392a"",""aba074a1-d451-595d-bc12-e257adbe7383"",""1ca34094-ee4d-5962-a78a-174d361a9cd3"",""7edb0577-da07-5c6f-8391-bb90e9822165"",""d7c5d484-54dc-5d1e-a3ac-65d60267a12c"",""f416cc8b-3bc2-5c4c-a91c-c56faf748684""]",6,6,6,6,6,6,transport_count,6,6,0,3,3,UF3,0,0,prespecified_B_E,True,explicit in unit columns; exact fractions retained,count
M7-analysis-v5,C-SQL-1,UF3:cell:C-SQL-1,dbb63e68d4ed9e904fa985aa5b88d674205b6caab086a8d981ac8918a9c68fb5,"[""4afc763c-033e-501c-9c9c-453207d31e62"",""1fed9611-d0cc-51e5-86e7-4ba237c836a2"",""0e4d4039-5409-5be7-a300-ded85e9c22d7"",""1c4afc6f-6679-57b7-ab6b-cec3053e85a1"",""76216ff6-0dab-5f43-913f-741c2deb7596"",""fe7c5fea-171a-5d3e-b93c-b9d53dca7c67"",""784c942d-b222-5013-a2e4-de4aa477a143"",""2f2d84f4-6f41-5df7-a828-cc0a3d9cdddf"",""c68f6332-f200-5595-940d-e5bcad78f1fe"",""54c3aba8-cb42-5023-9591-5cdd68bdd7c5"",""b9ac296e-4c6c-5cdc-9e03-14868c124af2"",""022ddff9-4332-5ba5-b884-42537f220a0c"",""0d262496-18e1-5973-84a6-84fbda64d0ff"",""447860c8-1d56-518b-88ad-7e103990b756"",""616ecfda-7163-5a8d-ba60-01f623d8b124"",""656bacfc-b102-5379-8db2-2f9f127621e0"",""88f2e658-6155-5924-bc85-63fe2aabb08a"",""9f032fb3-90ca-5749-aff5-1065077ac10e"",""4d2e4005-a84b-525b-a492-d367c5e405d0"",""12b20e20-e117-5c00-83bc-e589b92b730e"",""e97a5398-37b9-5e89-91a9-9b3ae48d9534"",""7a8f92c5-5f85-593a-bf90-08e13c60a2e6"",""aa66f5e3-ac0e-57d6-9b69-aa54ea7c4fb9"",""d07b7490-853e-562b-b662-305e89e7718d"",""596c0800-372d-5056-8a35-9f8661656bf4"",""d08816e6-d4d6-5f35-9de3-d86528fa7a96"",""2e126757-f17e-5ee2-93db-94d31ed944b2"",""5e1af4e2-330f-563f-b639-2d3cd8d276c8"",""49cd1889-2a56-5913-8723-929335f68874"",""82b898ba-3b6d-567f-8996-4f259b74547e"",""d38eb7d2-e78b-5c2f-93e4-2e34846e80e6"",""33effc64-dcfe-5ced-badf-c4df49f68dc1"",""a3a03b99-34c0-504b-b529-32b798db318a"",""8b3ec7b0-123f-5597-95f7-1fafc5810d01"",""035c5442-19b8-5a84-8a59-b352a9660279"",""d6d45010-72fa-5741-b733-88958a8795d2"",""ab8215e5-b753-5a6a-a4e7-ad9caf42eeac"",""1b20061c-b208-551a-b06c-81ffeff623fc"",""9b6d0913-2ae6-5dab-ab36-d05e1c51b208"",""a27c1fb2-edc1-57e6-9d74-adb5a13fed3b"",""4696448b-8c21-591b-80cc-7344ea0b95ec"",""c1d75a33-928c-5636-b99c-def1fb29e0f5"",""61eebfb6-2555-5bce-ba71-7a750427392a"",""aba074a1-d451-595d-bc12-e257adbe7383"",""1ca34094-ee4d-5962-a78a-174d361a9cd3"",""7edb0577-da07-5c6f-8391-bb90e9822165"",""d7c5d484-54dc-5d1e-a3ac-65d60267a12c"",""f416cc8b-3bc2-5c4c-a91c-c56faf748684""]",7381,7381,6369,6369,6355,6355,tokens.reasoning,5371,5371,0,3,3,UF3,1005.07313166754189181204358684422830087,1005.073131667541891812043586844228300870,prespecified_B_E,True,explicit in unit columns; exact fractions retained,tokens
M7-analysis-v5,C-SQL-1,UF3:cell:C-SQL-1,dbb63e68d4ed9e904fa985aa5b88d674205b6caab086a8d981ac8918a9c68fb5,"[""4afc763c-033e-501c-9c9c-453207d31e62"",""1fed9611-d0cc-51e5-86e7-4ba237c836a2"",""0e4d4039-5409-5be7-a300-ded85e9c22d7"",""1c4afc6f-6679-57b7-ab6b-cec3053e85a1"",""76216ff6-0dab-5f43-913f-741c2deb7596"",""fe7c5fea-171a-5d3e-b93c-b9d53dca7c67"",""784c942d-b222-5013-a2e4-de4aa477a143"",""2f2d84f4-6f41-5df7-a828-cc0a3d9cdddf"",""c68f6332-f200-5595-940d-e5bcad78f1fe"",""54c3aba8-cb42-5023-9591-5cdd68bdd7c5"",""b9ac296e-4c6c-5cdc-9e03-14868c124af2"",""022ddff9-4332-5ba5-b884-42537f220a0c"",""0d262496-18e1-5973-84a6-84fbda64d0ff"",""447860c8-1d56-518b-88ad-7e103990b756"",""616ecfda-7163-5a8d-ba60-01f623d8b124"",""656bacfc-b102-5379-8db2-2f9f127621e0"",""88f2e658-6155-5924-bc85-63fe2aabb08a"",""9f032fb3-90ca-5749-aff5-1065077ac10e"",""4d2e4005-a84b-525b-a492-d367c5e405d0"",""12b20e20-e117-5c00-83bc-e589b92b730e"",""e97a5398-37b9-5e89-91a9-9b3ae48d9534"",""7a8f92c5-5f85-593a-bf90-08e13c60a2e6"",""aa66f5e3-ac0e-57d6-9b69-aa54ea7c4fb9"",""d07b7490-853e-562b-b662-305e89e7718d"",""596c0800-372d-5056-8a35-9f8661656bf4"",""d08816e6-d4d6-5f35-9de3-d86528fa7a96"",""2e126757-f17e-5ee2-93db-94d31ed944b2"",""5e1af4e2-330f-563f-b639-2d3cd8d276c8"",""49cd1889-2a56-5913-8723-929335f68874"",""82b898ba-3b6d-567f-8996-4f259b74547e"",""d38eb7d2-e78b-5c2f-93e4-2e34846e80e6"",""33effc64-dcfe-5ced-badf-c4df49f68dc1"",""a3a03b99-34c0-504b-b529-32b798db318a"",""8b3ec7b0-123f-5597-95f7-1fafc5810d01"",""035c5442-19b8-5a84-8a59-b352a9660279"",""d6d45010-72fa-5741-b733-88958a8795d2"",""ab8215e5-b753-5a6a-a4e7-ad9caf42eeac"",""1b20061c-b208-551a-b06c-81ffeff623fc"",""9b6d0913-2ae6-5dab-ab36-d05e1c51b208"",""a27c1fb2-edc1-57e6-9d74-adb5a13fed3b"",""4696448b-8c21-591b-80cc-7344ea0b95ec"",""c1d75a33-928c-5636-b99c-def1fb29e0f5"",""61eebfb6-2555-5bce-ba71-7a750427392a"",""aba074a1-d451-595d-bc12-e257adbe7383"",""1ca34094-ee4d-5962-a78a-174d361a9cd3"",""7edb0577-da07-5c6f-8391-bb90e9822165"",""d7c5d484-54dc-5d1e-a3ac-65d60267a12c"",""f416cc8b-3bc2-5c4c-a91c-c56faf748684""]",858664,858664,857363.6666666666666666666666666666666667,2572091/3,856774,856774,tokens.cache_write,856653,856653,0,3,3,UF3,1127.745686461860661517980775798554695191,1127.745686461860661517980775798554695191,prespecified_B_E,True,explicit in unit columns; exact fractions retained,tokens
M7-analysis-v5,C-SQL-1,UF3:cell:C-SQL-1,dbb63e68d4ed9e904fa985aa5b88d674205b6caab086a8d981ac8918a9c68fb5,"[""4afc763c-033e-501c-9c9c-453207d31e62"",""1fed9611-d0cc-51e5-86e7-4ba237c836a2"",""0e4d4039-5409-5be7-a300-ded85e9c22d7"",""1c4afc6f-6679-57b7-ab6b-cec3053e85a1"",""76216ff6-0dab-5f43-913f-741c2deb7596"",""fe7c5fea-171a-5d3e-b93c-b9d53dca7c67"",""784c942d-b222-5013-a2e4-de4aa477a143"",""2f2d84f4-6f41-5df7-a828-cc0a3d9cdddf"",""c68f6332-f200-5595-940d-e5bcad78f1fe"",""54c3aba8-cb42-5023-9591-5cdd68bdd7c5"",""b9ac296e-4c6c-5cdc-9e03-14868c124af2"",""022ddff9-4332-5ba5-b884-42537f220a0c"",""0d262496-18e1-5973-84a6-84fbda64d0ff"",""447860c8-1d56-518b-88ad-7e103990b756"",""616ecfda-7163-5a8d-ba60-01f623d8b124"",""656bacfc-b102-5379-8db2-2f9f127621e0"",""88f2e658-6155-5924-bc85-63fe2aabb08a"",""9f032fb3-90ca-5749-aff5-1065077ac10e"",""4d2e4005-a84b-525b-a492-d367c5e405d0"",""12b20e20-e117-5c00-83bc-e589b92b730e"",""e97a5398-37b9-5e89-91a9-9b3ae48d9534"",""7a8f92c5-5f85-593a-bf90-08e13c60a2e6"",""aa66f5e3-ac0e-57d6-9b69-aa54ea7c4fb9"",""d07b7490-853e-562b-b662-305e89e7718d"",""596c0800-372d-5056-8a35-9f8661656bf4"",""d08816e6-d4d6-5f35-9de3-d86528fa7a96"",""2e126757-f17e-5ee2-93db-94d31ed944b2"",""5e1af4e2-330f-563f-b639-2d3cd8d276c8"",""49cd1889-2a56-5913-8723-929335f68874"",""82b898ba-3b6d-567f-8996-4f259b74547e"",""d38eb7d2-e78b-5c2f-93e4-2e34846e80e6"",""33effc64-dcfe-5ced-badf-c4df49f68dc1"",""a3a03b99-34c0-504b-b529-32b798db318a"",""8b3ec7b0-123f-5597-95f7-1fafc5810d01"",""035c5442-19b8-5a84-8a59-b352a9660279"",""d6d45010-72fa-5741-b733-88958a8795d2"",""ab8215e5-b753-5a6a-a4e7-ad9caf42eeac"",""1b20061c-b208-551a-b06c-81ffeff623fc"",""9b6d0913-2ae6-5dab-ab36-d05e1c51b208"",""a27c1fb2-edc1-57e6-9d74-adb5a13fed3b"",""4696448b-8c21-591b-80cc-7344ea0b95ec"",""c1d75a33-928c-5636-b99c-def1fb29e0f5"",""61eebfb6-2555-5bce-ba71-7a750427392a"",""aba074a1-d451-595d-bc12-e257adbe7383"",""1ca34094-ee4d-5962-a78a-174d361a9cd3"",""7edb0577-da07-5c6f-8391-bb90e9822165"",""d7c5d484-54dc-5d1e-a3ac-65d60267a12c"",""f416cc8b-3bc2-5c4c-a91c-c56faf748684""]",858682,858682,857381.6666666666666666666666666666666667,2572145/3,856792,856792,tokens.input,856671,856671,0,3,3,UF3,1127.745686461860661517980775798554695191,1127.745686461860661517980775798554695191,prespecified_B_E,True,explicit in unit columns; exact fractions retained,tokens
M7-analysis-v5,C-SQL-1,UF3:cell:C-SQL-1,dbb63e68d4ed9e904fa985aa5b88d674205b6caab086a8d981ac8918a9c68fb5,"[""4afc763c-033e-501c-9c9c-453207d31e62"",""1fed9611-d0cc-51e5-86e7-4ba237c836a2"",""0e4d4039-5409-5be7-a300-ded85e9c22d7"",""1c4afc6f-6679-57b7-ab6b-cec3053e85a1"",""76216ff6-0dab-5f43-913f-741c2deb7596"",""fe7c5fea-171a-5d3e-b93c-b9d53dca7c67"",""784c942d-b222-5013-a2e4-de4aa477a143"",""2f2d84f4-6f41-5df7-a828-cc0a3d9cdddf"",""c68f6332-f200-5595-940d-e5bcad78f1fe"",""54c3aba8-cb42-5023-9591-5cdd68bdd7c5"",""b9ac296e-4c6c-5cdc-9e03-14868c124af2"",""022ddff9-4332-5ba5-b884-42537f220a0c"",""0d262496-18e1-5973-84a6-84fbda64d0ff"",""447860c8-1d56-518b-88ad-7e103990b756"",""616ecfda-7163-5a8d-ba60-01f623d8b124"",""656bacfc-b102-5379-8db2-2f9f127621e0"",""88f2e658-6155-5924-bc85-63fe2aabb08a"",""9f032fb3-90ca-5749-aff5-1065077ac10e"",""4d2e4005-a84b-525b-a492-d367c5e405d0"",""12b20e20-e117-5c00-83bc-e589b92b730e"",""e97a5398-37b9-5e89-91a9-9b3ae48d9534"",""7a8f92c5-5f85-593a-bf90-08e13c60a2e6"",""aa66f5e3-ac0e-57d6-9b69-aa54ea7c4fb9"",""d07b7490-853e-562b-b662-305e89e7718d"",""596c0800-372d-5056-8a35-9f8661656bf4"",""d08816e6-d4d6-5f35-9de3-d86528fa7a96"",""2e126757-f17e-5ee2-93db-94d31ed944b2"",""5e1af4e2-330f-563f-b639-2d3cd8d276c8"",""49cd1889-2a56-5913-8723-929335f68874"",""82b898ba-3b6d-567f-8996-4f259b74547e"",""d38eb7d2-e78b-5c2f-93e4-2e34846e80e6"",""33effc64-dcfe-5ced-badf-c4df49f68dc1"",""a3a03b99-34c0-504b-b529-32b798db318a"",""8b3ec7b0-123f-5597-95f7-1fafc5810d01"",""035c5442-19b8-5a84-8a59-b352a9660279"",""d6d45010-72fa-5741-b733-88958a8795d2"",""ab8215e5-b753-5a6a-a4e7-ad9caf42eeac"",""1b20061c-b208-551a-b06c-81ffeff623fc"",""9b6d0913-2ae6-5dab-ab36-d05e1c51b208"",""a27c1fb2-edc1-57e6-9d74-adb5a13fed3b"",""4696448b-8c21-591b-80cc-7344ea0b95ec"",""c1d75a33-928c-5636-b99c-def1fb29e0f5"",""61eebfb6-2555-5bce-ba71-7a750427392a"",""aba074a1-d451-595d-bc12-e257adbe7383"",""1ca34094-ee4d-5962-a78a-174d361a9cd3"",""7edb0577-da07-5c6f-8391-bb90e9822165"",""d7c5d484-54dc-5d1e-a3ac-65d60267a12c"",""f416cc8b-3bc2-5c4c-a91c-c56faf748684""]",872684,872684,871011,871011,871370,871370,tokens.total,868979,868979,0,3,3,UF3,1878.408102623069500477427241626859554058,1878.408102623069500477427241626859554058,prespecified_B_E,True,explicit in unit columns; exact fractions retained,tokens
M7-analysis-v5,C-SQL-1,UF3:cell:C-SQL-1,dbb63e68d4ed9e904fa985aa5b88d674205b6caab086a8d981ac8918a9c68fb5,"[""4afc763c-033e-501c-9c9c-453207d31e62"",""1fed9611-d0cc-51e5-86e7-4ba237c836a2"",""0e4d4039-5409-5be7-a300-ded85e9c22d7"",""1c4afc6f-6679-57b7-ab6b-cec3053e85a1"",""76216ff6-0dab-5f43-913f-741c2deb7596"",""fe7c5fea-171a-5d3e-b93c-b9d53dca7c67"",""784c942d-b222-5013-a2e4-de4aa477a143"",""2f2d84f4-6f41-5df7-a828-cc0a3d9cdddf"",""c68f6332-f200-5595-940d-e5bcad78f1fe"",""54c3aba8-cb42-5023-9591-5cdd68bdd7c5"",""b9ac296e-4c6c-5cdc-9e03-14868c124af2"",""022ddff9-4332-5ba5-b884-42537f220a0c"",""0d262496-18e1-5973-84a6-84fbda64d0ff"",""447860c8-1d56-518b-88ad-7e103990b756"",""616ecfda-7163-5a8d-ba60-01f623d8b124"",""656bacfc-b102-5379-8db2-2f9f127621e0"",""88f2e658-6155-5924-bc85-63fe2aabb08a"",""9f032fb3-90ca-5749-aff5-1065077ac10e"",""4d2e4005-a84b-525b-a492-d367c5e405d0"",""12b20e20-e117-5c00-83bc-e589b92b730e"",""e97a5398-37b9-5e89-91a9-9b3ae48d9534"",""7a8f92c5-5f85-593a-bf90-08e13c60a2e6"",""aa66f5e3-ac0e-57d6-9b69-aa54ea7c4fb9"",""d07b7490-853e-562b-b662-305e89e7718d"",""596c0800-372d-5056-8a35-9f8661656bf4"",""d08816e6-d4d6-5f35-9de3-d86528fa7a96"",""2e126757-f17e-5ee2-93db-94d31ed944b2"",""5e1af4e2-330f-563f-b639-2d3cd8d276c8"",""49cd1889-2a56-5913-8723-929335f68874"",""82b898ba-3b6d-567f-8996-4f259b74547e"",""d38eb7d2-e78b-5c2f-93e4-2e34846e80e6"",""33effc64-dcfe-5ced-badf-c4df49f68dc1"",""a3a03b99-34c0-504b-b529-32b798db318a"",""8b3ec7b0-123f-5597-95f7-1fafc5810d01"",""035c5442-19b8-5a84-8a59-b352a9660279"",""d6d45010-72fa-5741-b733-88958a8795d2"",""ab8215e5-b753-5a6a-a4e7-ad9caf42eeac"",""1b20061c-b208-551a-b06c-81ffeff623fc"",""9b6d0913-2ae6-5dab-ab36-d05e1c51b208"",""a27c1fb2-edc1-57e6-9d74-adb5a13fed3b"",""4696448b-8c21-591b-80cc-7344ea0b95ec"",""c1d75a33-928c-5636-b99c-def1fb29e0f5"",""61eebfb6-2555-5bce-ba71-7a750427392a"",""aba074a1-d451-595d-bc12-e257adbe7383"",""1ca34094-ee4d-5962-a78a-174d361a9cd3"",""7edb0577-da07-5c6f-8391-bb90e9822165"",""d7c5d484-54dc-5d1e-a3ac-65d60267a12c"",""f416cc8b-3bc2-5c4c-a91c-c56faf748684""]",,,,,,,abort_seconds,,,3,0,3,UF3,,,prespecified_B_E,True,explicit in unit columns; exact fractions retained,s
M7-analysis-v5,C-SQL-1,UF3:cell:C-SQL-1,dbb63e68d4ed9e904fa985aa5b88d674205b6caab086a8d981ac8918a9c68fb5,"[""4afc763c-033e-501c-9c9c-453207d31e62"",""1fed9611-d0cc-51e5-86e7-4ba237c836a2"",""0e4d4039-5409-5be7-a300-ded85e9c22d7"",""1c4afc6f-6679-57b7-ab6b-cec3053e85a1"",""76216ff6-0dab-5f43-913f-741c2deb7596"",""fe7c5fea-171a-5d3e-b93c-b9d53dca7c67"",""784c942d-b222-5013-a2e4-de4aa477a143"",""2f2d84f4-6f41-5df7-a828-cc0a3d9cdddf"",""c68f6332-f200-5595-940d-e5bcad78f1fe"",""54c3aba8-cb42-5023-9591-5cdd68bdd7c5"",""b9ac296e-4c6c-5cdc-9e03-14868c124af2"",""022ddff9-4332-5ba5-b884-42537f220a0c"",""0d262496-18e1-5973-84a6-84fbda64d0ff"",""447860c8-1d56-518b-88ad-7e103990b756"",""616ecfda-7163-5a8d-ba60-01f623d8b124"",""656bacfc-b102-5379-8db2-2f9f127621e0"",""88f2e658-6155-5924-bc85-63fe2aabb08a"",""9f032fb3-90ca-5749-aff5-1065077ac10e"",""4d2e4005-a84b-525b-a492-d367c5e405d0"",""12b20e20-e117-5c00-83bc-e589b92b730e"",""e97a5398-37b9-5e89-91a9-9b3ae48d9534"",""7a8f92c5-5f85-593a-bf90-08e13c60a2e6"",""aa66f5e3-ac0e-57d6-9b69-aa54ea7c4fb9"",""d07b7490-853e-562b-b662-305e89e7718d"",""596c0800-372d-5056-8a35-9f8661656bf4"",""d08816e6-d4d6-5f35-9de3-d86528fa7a96"",""2e126757-f17e-5ee2-93db-94d31ed944b2"",""5e1af4e2-330f-563f-b639-2d3cd8d276c8"",""49cd1889-2a56-5913-8723-929335f68874"",""82b898ba-3b6d-567f-8996-4f259b74547e"",""d38eb7d2-e78b-5c2f-93e4-2e34846e80e6"",""33effc64-dcfe-5ced-badf-c4df49f68dc1"",""a3a03b99-34c0-504b-b529-32b798db318a"",""8b3ec7b0-123f-5597-95f7-1fafc5810d01"",""035c5442-19b8-5a84-8a59-b352a9660279"",""d6d45010-72fa-5741-b733-88958a8795d2"",""ab8215e5-b753-5a6a-a4e7-ad9caf42eeac"",""1b20061c-b208-551a-b06c-81ffeff623fc"",""9b6d0913-2ae6-5dab-ab36-d05e1c51b208"",""a27c1fb2-edc1-57e6-9d74-adb5a13fed3b"",""4696448b-8c21-591b-80cc-7344ea0b95ec"",""c1d75a33-928c-5636-b99c-def1fb29e0f5"",""61eebfb6-2555-5bce-ba71-7a750427392a"",""aba074a1-d451-595d-bc12-e257adbe7383"",""1ca34094-ee4d-5962-a78a-174d361a9cd3"",""7edb0577-da07-5c6f-8391-bb90e9822165"",""d7c5d484-54dc-5d1e-a3ac-65d60267a12c"",""f416cc8b-3bc2-5c4c-a91c-c56faf748684""]",,,,,,,context_preparation_seconds,,,3,0,3,UF3,,,prespecified_B_E,True,explicit in unit columns; exact fractions retained,s
M7-analysis-v5,C-SQL-1,UF3:cell:C-SQL-1,dbb63e68d4ed9e904fa985aa5b88d674205b6caab086a8d981ac8918a9c68fb5,"[""4afc763c-033e-501c-9c9c-453207d31e62"",""1fed9611-d0cc-51e5-86e7-4ba237c836a2"",""0e4d4039-5409-5be7-a300-ded85e9c22d7"",""1c4afc6f-6679-57b7-ab6b-cec3053e85a1"",""76216ff6-0dab-5f43-913f-741c2deb7596"",""fe7c5fea-171a-5d3e-b93c-b9d53dca7c67"",""784c942d-b222-5013-a2e4-de4aa477a143"",""2f2d84f4-6f41-5df7-a828-cc0a3d9cdddf"",""c68f6332-f200-5595-940d-e5bcad78f1fe"",""54c3aba8-cb42-5023-9591-5cdd68bdd7c5"",""b9ac296e-4c6c-5cdc-9e03-14868c124af2"",""022ddff9-4332-5ba5-b884-42537f220a0c"",""0d262496-18e1-5973-84a6-84fbda64d0ff"",""447860c8-1d56-518b-88ad-7e103990b756"",""616ecfda-7163-5a8d-ba60-01f623d8b124"",""656bacfc-b102-5379-8db2-2f9f127621e0"",""88f2e658-6155-5924-bc85-63fe2aabb08a"",""9f032fb3-90ca-5749-aff5-1065077ac10e"",""4d2e4005-a84b-525b-a492-d367c5e405d0"",""12b20e20-e117-5c00-83bc-e589b92b730e"",""e97a5398-37b9-5e89-91a9-9b3ae48d9534"",""7a8f92c5-5f85-593a-bf90-08e13c60a2e6"",""aa66f5e3-ac0e-57d6-9b69-aa54ea7c4fb9"",""d07b7490-853e-562b-b662-305e89e7718d"",""596c0800-372d-5056-8a35-9f8661656bf4"",""d08816e6-d4d6-5f35-9de3-d86528fa7a96"",""2e126757-f17e-5ee2-93db-94d31ed944b2"",""5e1af4e2-330f-563f-b639-2d3cd8d276c8"",""49cd1889-2a56-5913-8723-929335f68874"",""82b898ba-3b6d-567f-8996-4f259b74547e"",""d38eb7d2-e78b-5c2f-93e4-2e34846e80e6"",""33effc64-dcfe-5ced-badf-c4df49f68dc1"",""a3a03b99-34c0-504b-b529-32b798db318a"",""8b3ec7b0-123f-5597-95f7-1fafc5810d01"",""035c5442-19b8-5a84-8a59-b352a9660279"",""d6d45010-72fa-5741-b733-88958a8795d2"",""ab8215e5-b753-5a6a-a4e7-ad9caf42eeac"",""1b20061c-b208-551a-b06c-81ffeff623fc"",""9b6d0913-2ae6-5dab-ab36-d05e1c51b208"",""a27c1fb2-edc1-57e6-9d74-adb5a13fed3b"",""4696448b-8c21-591b-80cc-7344ea0b95ec"",""c1d75a33-928c-5636-b99c-def1fb29e0f5"",""61eebfb6-2555-5bce-ba71-7a750427392a"",""aba074a1-d451-595d-bc12-e257adbe7383"",""1ca34094-ee4d-5962-a78a-174d361a9cd3"",""7edb0577-da07-5c6f-8391-bb90e9822165"",""d7c5d484-54dc-5d1e-a3ac-65d60267a12c"",""f416cc8b-3bc2-5c4c-a91c-c56faf748684""]",,,,,,,evaluation_seconds,,,3,0,3,UF3,,,prespecified_B_E,True,explicit in unit columns; exact fractions retained,s
M7-analysis-v5,C-SQL-1,UF3:cell:C-SQL-1,dbb63e68d4ed9e904fa985aa5b88d674205b6caab086a8d981ac8918a9c68fb5,"[""4afc763c-033e-501c-9c9c-453207d31e62"",""1fed9611-d0cc-51e5-86e7-4ba237c836a2"",""0e4d4039-5409-5be7-a300-ded85e9c22d7"",""1c4afc6f-6679-57b7-ab6b-cec3053e85a1"",""76216ff6-0dab-5f43-913f-741c2deb7596"",""fe7c5fea-171a-5d3e-b93c-b9d53dca7c67"",""784c942d-b222-5013-a2e4-de4aa477a143"",""2f2d84f4-6f41-5df7-a828-cc0a3d9cdddf"",""c68f6332-f200-5595-940d-e5bcad78f1fe"",""54c3aba8-cb42-5023-9591-5cdd68bdd7c5"",""b9ac296e-4c6c-5cdc-9e03-14868c124af2"",""022ddff9-4332-5ba5-b884-42537f220a0c"",""0d262496-18e1-5973-84a6-84fbda64d0ff"",""447860c8-1d56-518b-88ad-7e103990b756"",""616ecfda-7163-5a8d-ba60-01f623d8b124"",""656bacfc-b102-5379-8db2-2f9f127621e0"",""88f2e658-6155-5924-bc85-63fe2aabb08a"",""9f032fb3-90ca-5749-aff5-1065077ac10e"",""4d2e4005-a84b-525b-a492-d367c5e405d0"",""12b20e20-e117-5c00-83bc-e589b92b730e"",""e97a5398-37b9-5e89-91a9-9b3ae48d9534"",""7a8f92c5-5f85-593a-bf90-08e13c60a2e6"",""aa66f5e3-ac0e-57d6-9b69-aa54ea7c4fb9"",""d07b7490-853e-562b-b662-305e89e7718d"",""596c0800-372d-5056-8a35-9f8661656bf4"",""d08816e6-d4d6-5f35-9de3-d86528fa7a96"",""2e126757-f17e-5ee2-93db-94d31ed944b2"",""5e1af4e2-330f-563f-b639-2d3cd8d276c8"",""49cd1889-2a56-5913-8723-929335f68874"",""82b898ba-3b6d-567f-8996-4f259b74547e"",""d38eb7d2-e78b-5c2f-93e4-2e34846e80e6"",""33effc64-dcfe-5ced-badf-c4df49f68dc1"",""a3a03b99-34c0-504b-b529-32b798db318a"",""8b3ec7b0-123f-5597-95f7-1fafc5810d01"",""035c5442-19b8-5a84-8a59-b352a9660279"",""d6d45010-72fa-5741-b733-88958a8795d2"",""ab8215e5-b753-5a6a-a4e7-ad9caf42eeac"",""1b20061c-b208-551a-b06c-81ffeff623fc"",""9b6d0913-2ae6-5dab-ab36-d05e1c51b208"",""a27c1fb2-edc1-57e6-9d74-adb5a13fed3b"",""4696448b-8c21-591b-80cc-7344ea0b95ec"",""c1d75a33-928c-5636-b99c-def1fb29e0f5"",""61eebfb6-2555-5bce-ba71-7a750427392a"",""aba074a1-d451-595d-bc12-e257adbe7383"",""1ca34094-ee4d-5962-a78a-174d361a9cd3"",""7edb0577-da07-5c6f-8391-bb90e9822165"",""d7c5d484-54dc-5d1e-a3ac-65d60267a12c"",""f416cc8b-3bc2-5c4c-a91c-c56faf748684""]",,,,,,,inference_seconds,,,3,0,3,UF3,,,prespecified_B_E,True,explicit in unit columns; exact fractions retained,s
M7-analysis-v5,C-SQL-1,UF3:cell:C-SQL-1,dbb63e68d4ed9e904fa985aa5b88d674205b6caab086a8d981ac8918a9c68fb5,"[""4afc763c-033e-501c-9c9c-453207d31e62"",""1fed9611-d0cc-51e5-86e7-4ba237c836a2"",""0e4d4039-5409-5be7-a300-ded85e9c22d7"",""1c4afc6f-6679-57b7-ab6b-cec3053e85a1"",""76216ff6-0dab-5f43-913f-741c2deb7596"",""fe7c5fea-171a-5d3e-b93c-b9d53dca7c67"",""784c942d-b222-5013-a2e4-de4aa477a143"",""2f2d84f4-6f41-5df7-a828-cc0a3d9cdddf"",""c68f6332-f200-5595-940d-e5bcad78f1fe"",""54c3aba8-cb42-5023-9591-5cdd68bdd7c5"",""b9ac296e-4c6c-5cdc-9e03-14868c124af2"",""022ddff9-4332-5ba5-b884-42537f220a0c"",""0d262496-18e1-5973-84a6-84fbda64d0ff"",""447860c8-1d56-518b-88ad-7e103990b756"",""616ecfda-7163-5a8d-ba60-01f623d8b124"",""656bacfc-b102-5379-8db2-2f9f127621e0"",""88f2e658-6155-5924-bc85-63fe2aabb08a"",""9f032fb3-90ca-5749-aff5-1065077ac10e"",""4d2e4005-a84b-525b-a492-d367c5e405d0"",""12b20e20-e117-5c00-83bc-e589b92b730e"",""e97a5398-37b9-5e89-91a9-9b3ae48d9534"",""7a8f92c5-5f85-593a-bf90-08e13c60a2e6"",""aa66f5e3-ac0e-57d6-9b69-aa54ea7c4fb9"",""d07b7490-853e-562b-b662-305e89e7718d"",""596c0800-372d-5056-8a35-9f8661656bf4"",""d08816e6-d4d6-5f35-9de3-d86528fa7a96"",""2e126757-f17e-5ee2-93db-94d31ed944b2"",""5e1af4e2-330f-563f-b639-2d3cd8d276c8"",""49cd1889-2a56-5913-8723-929335f68874"",""82b898ba-3b6d-567f-8996-4f259b74547e"",""d38eb7d2-e78b-5c2f-93e4-2e34846e80e6"",""33effc64-dcfe-5ced-badf-c4df49f68dc1"",""a3a03b99-34c0-504b-b529-32b798db318a"",""8b3ec7b0-123f-5597-95f7-1fafc5810d01"",""035c5442-19b8-5a84-8a59-b352a9660279"",""d6d45010-72fa-5741-b733-88958a8795d2"",""ab8215e5-b753-5a6a-a4e7-ad9caf42eeac"",""1b20061c-b208-551a-b06c-81ffeff623fc"",""9b6d0913-2ae6-5dab-ab36-d05e1c51b208"",""a27c1fb2-edc1-57e6-9d74-adb5a13fed3b"",""4696448b-8c21-591b-80cc-7344ea0b95ec"",""c1d75a33-928c-5636-b99c-def1fb29e0f5"",""61eebfb6-2555-5bce-ba71-7a750427392a"",""aba074a1-d451-595d-bc12-e257adbe7383"",""1ca34094-ee4d-5962-a78a-174d361a9cd3"",""7edb0577-da07-5c6f-8391-bb90e9822165"",""d7c5d484-54dc-5d1e-a3ac-65d60267a12c"",""f416cc8b-3bc2-5c4c-a91c-c56faf748684""]",,,,,,,load_seconds,,,3,0,3,UF3,,,prespecified_B_E,True,explicit in unit columns; exact fractions retained,s
M7-analysis-v5,C-SQL-1,UF3:cell:C-SQL-1,dbb63e68d4ed9e904fa985aa5b88d674205b6caab086a8d981ac8918a9c68fb5,"[""4afc763c-033e-501c-9c9c-453207d31e62"",""1fed9611-d0cc-51e5-86e7-4ba237c836a2"",""0e4d4039-5409-5be7-a300-ded85e9c22d7"",""1c4afc6f-6679-57b7-ab6b-cec3053e85a1"",""76216ff6-0dab-5f43-913f-741c2deb7596"",""fe7c5fea-171a-5d3e-b93c-b9d53dca7c67"",""784c942d-b222-5013-a2e4-de4aa477a143"",""2f2d84f4-6f41-5df7-a828-cc0a3d9cdddf"",""c68f6332-f200-5595-940d-e5bcad78f1fe"",""54c3aba8-cb42-5023-9591-5cdd68bdd7c5"",""b9ac296e-4c6c-5cdc-9e03-14868c124af2"",""022ddff9-4332-5ba5-b884-42537f220a0c"",""0d262496-18e1-5973-84a6-84fbda64d0ff"",""447860c8-1d56-518b-88ad-7e103990b756"",""616ecfda-7163-5a8d-ba60-01f623d8b124"",""656bacfc-b102-5379-8db2-2f9f127621e0"",""88f2e658-6155-5924-bc85-63fe2aabb08a"",""9f032fb3-90ca-5749-aff5-1065077ac10e"",""4d2e4005-a84b-525b-a492-d367c5e405d0"",""12b20e20-e117-5c00-83bc-e589b92b730e"",""e97a5398-37b9-5e89-91a9-9b3ae48d9534"",""7a8f92c5-5f85-593a-bf90-08e13c60a2e6"",""aa66f5e3-ac0e-57d6-9b69-aa54ea7c4fb9"",""d07b7490-853e-562b-b662-305e89e7718d"",""596c0800-372d-5056-8a35-9f8661656bf4"",""d08816e6-d4d6-5f35-9de3-d86528fa7a96"",""2e126757-f17e-5ee2-93db-94d31ed944b2"",""5e1af4e2-330f-563f-b639-2d3cd8d276c8"",""49cd1889-2a56-5913-8723-929335f68874"",""82b898ba-3b6d-567f-8996-4f259b74547e"",""d38eb7d2-e78b-5c2f-93e4-2e34846e80e6"",""33effc64-dcfe-5ced-badf-c4df49f68dc1"",""a3a03b99-34c0-504b-b529-32b798db318a"",""8b3ec7b0-123f-5597-95f7-1fafc5810d01"",""035c5442-19b8-5a84-8a59-b352a9660279"",""d6d45010-72fa-5741-b733-88958a8795d2"",""ab8215e5-b753-5a6a-a4e7-ad9caf42eeac"",""1b20061c-b208-551a-b06c-81ffeff623fc"",""9b6d0913-2ae6-5dab-ab36-d05e1c51b208"",""a27c1fb2-edc1-57e6-9d74-adb5a13fed3b"",""4696448b-8c21-591b-80cc-7344ea0b95ec"",""c1d75a33-928c-5636-b99c-def1fb29e0f5"",""61eebfb6-2555-5bce-ba71-7a750427392a"",""aba074a1-d451-595d-bc12-e257adbe7383"",""1ca34094-ee4d-5962-a78a-174d361a9cd3"",""7edb0577-da07-5c6f-8391-bb90e9822165"",""d7c5d484-54dc-5d1e-a3ac-65d60267a12c"",""f416cc8b-3bc2-5c4c-a91c-c56faf748684""]",,,,,,,manual_review_seconds,,,3,0,3,UF3,,,prespecified_B_E,True,explicit in unit columns; exact fractions retained,s
M7-analysis-v5,C-SQL-1,UF3:cell:C-SQL-1,dbb63e68d4ed9e904fa985aa5b88d674205b6caab086a8d981ac8918a9c68fb5,"[""4afc763c-033e-501c-9c9c-453207d31e62"",""1fed9611-d0cc-51e5-86e7-4ba237c836a2"",""0e4d4039-5409-5be7-a300-ded85e9c22d7"",""1c4afc6f-6679-57b7-ab6b-cec3053e85a1"",""76216ff6-0dab-5f43-913f-741c2deb7596"",""fe7c5fea-171a-5d3e-b93c-b9d53dca7c67"",""784c942d-b222-5013-a2e4-de4aa477a143"",""2f2d84f4-6f41-5df7-a828-cc0a3d9cdddf"",""c68f6332-f200-5595-940d-e5bcad78f1fe"",""54c3aba8-cb42-5023-9591-5cdd68bdd7c5"",""b9ac296e-4c6c-5cdc-9e03-14868c124af2"",""022ddff9-4332-5ba5-b884-42537f220a0c"",""0d262496-18e1-5973-84a6-84fbda64d0ff"",""447860c8-1d56-518b-88ad-7e103990b756"",""616ecfda-7163-5a8d-ba60-01f623d8b124"",""656bacfc-b102-5379-8db2-2f9f127621e0"",""88f2e658-6155-5924-bc85-63fe2aabb08a"",""9f032fb3-90ca-5749-aff5-1065077ac10e"",""4d2e4005-a84b-525b-a492-d367c5e405d0"",""12b20e20-e117-5c00-83bc-e589b92b730e"",""e97a5398-37b9-5e89-91a9-9b3ae48d9534"",""7a8f92c5-5f85-593a-bf90-08e13c60a2e6"",""aa66f5e3-ac0e-57d6-9b69-aa54ea7c4fb9"",""d07b7490-853e-562b-b662-305e89e7718d"",""596c0800-372d-5056-8a35-9f8661656bf4"",""d08816e6-d4d6-5f35-9de3-d86528fa7a96"",""2e126757-f17e-5ee2-93db-94d31ed944b2"",""5e1af4e2-330f-563f-b639-2d3cd8d276c8"",""49cd1889-2a56-5913-8723-929335f68874"",""82b898ba-3b6d-567f-8996-4f259b74547e"",""d38eb7d2-e78b-5c2f-93e4-2e34846e80e6"",""33effc64-dcfe-5ced-badf-c4df49f68dc1"",""a3a03b99-34c0-504b-b529-32b798db318a"",""8b3ec7b0-123f-5597-95f7-1fafc5810d01"",""035c5442-19b8-5a84-8a59-b352a9660279"",""d6d45010-72fa-5741-b733-88958a8795d2"",""ab8215e5-b753-5a6a-a4e7-ad9caf42eeac"",""1b20061c-b208-551a-b06c-81ffeff623fc"",""9b6d0913-2ae6-5dab-ab36-d05e1c51b208"",""a27c1fb2-edc1-57e6-9d74-adb5a13fed3b"",""4696448b-8c21-591b-80cc-7344ea0b95ec"",""c1d75a33-928c-5636-b99c-def1fb29e0f5"",""61eebfb6-2555-5bce-ba71-7a750427392a"",""aba074a1-d451-595d-bc12-e257adbe7383"",""1ca34094-ee4d-5962-a78a-174d361a9cd3"",""7edb0577-da07-5c6f-8391-bb90e9822165"",""d7c5d484-54dc-5d1e-a3ac-65d60267a12c"",""f416cc8b-3bc2-5c4c-a91c-c56faf748684""]",,,,,,,retry_seconds,,,3,0,3,UF3,,,prespecified_B_E,True,explicit in unit columns; exact fractions retained,s
M7-analysis-v5,C-SQL-1,UF3:cell:C-SQL-1,dbb63e68d4ed9e904fa985aa5b88d674205b6caab086a8d981ac8918a9c68fb5,"[""4afc763c-033e-501c-9c9c-453207d31e62"",""1fed9611-d0cc-51e5-86e7-4ba237c836a2"",""0e4d4039-5409-5be7-a300-ded85e9c22d7"",""1c4afc6f-6679-57b7-ab6b-cec3053e85a1"",""76216ff6-0dab-5f43-913f-741c2deb7596"",""fe7c5fea-171a-5d3e-b93c-b9d53dca7c67"",""784c942d-b222-5013-a2e4-de4aa477a143"",""2f2d84f4-6f41-5df7-a828-cc0a3d9cdddf"",""c68f6332-f200-5595-940d-e5bcad78f1fe"",""54c3aba8-cb42-5023-9591-5cdd68bdd7c5"",""b9ac296e-4c6c-5cdc-9e03-14868c124af2"",""022ddff9-4332-5ba5-b884-42537f220a0c"",""0d262496-18e1-5973-84a6-84fbda64d0ff"",""447860c8-1d56-518b-88ad-7e103990b756"",""616ecfda-7163-5a8d-ba60-01f623d8b124"",""656bacfc-b102-5379-8db2-2f9f127621e0"",""88f2e658-6155-5924-bc85-63fe2aabb08a"",""9f032fb3-90ca-5749-aff5-1065077ac10e"",""4d2e4005-a84b-525b-a492-d367c5e405d0"",""12b20e20-e117-5c00-83bc-e589b92b730e"",""e97a5398-37b9-5e89-91a9-9b3ae48d9534"",""7a8f92c5-5f85-593a-bf90-08e13c60a2e6"",""aa66f5e3-ac0e-57d6-9b69-aa54ea7c4fb9"",""d07b7490-853e-562b-b662-305e89e7718d"",""596c0800-372d-5056-8a35-9f8661656bf4"",""d08816e6-d4d6-5f35-9de3-d86528fa7a96"",""2e126757-f17e-5ee2-93db-94d31ed944b2"",""5e1af4e2-330f-563f-b639-2d3cd8d276c8"",""49cd1889-2a56-5913-8723-929335f68874"",""82b898ba-3b6d-567f-8996-4f259b74547e"",""d38eb7d2-e78b-5c2f-93e4-2e34846e80e6"",""33effc64-dcfe-5ced-badf-c4df49f68dc1"",""a3a03b99-34c0-504b-b529-32b798db318a"",""8b3ec7b0-123f-5597-95f7-1fafc5810d01"",""035c5442-19b8-5a84-8a59-b352a9660279"",""d6d45010-72fa-5741-b733-88958a8795d2"",""ab8215e5-b753-5a6a-a4e7-ad9caf42eeac"",""1b20061c-b208-551a-b06c-81ffeff623fc"",""9b6d0913-2ae6-5dab-ab36-d05e1c51b208"",""a27c1fb2-edc1-57e6-9d74-adb5a13fed3b"",""4696448b-8c21-591b-80cc-7344ea0b95ec"",""c1d75a33-928c-5636-b99c-def1fb29e0f5"",""61eebfb6-2555-5bce-ba71-7a750427392a"",""aba074a1-d451-595d-bc12-e257adbe7383"",""1ca34094-ee4d-5962-a78a-174d361a9cd3"",""7edb0577-da07-5c6f-8391-bb90e9822165"",""d7c5d484-54dc-5d1e-a3ac-65d60267a12c"",""f416cc8b-3bc2-5c4c-a91c-c56faf748684""]",,,,,,,setup_seconds,,,3,0,3,UF3,,,prespecified_B_E,True,explicit in unit columns; exact fractions retained,s
M7-analysis-v5,C-SQL-1,UF3:cell:C-SQL-1,dbb63e68d4ed9e904fa985aa5b88d674205b6caab086a8d981ac8918a9c68fb5,"[""4afc763c-033e-501c-9c9c-453207d31e62"",""1fed9611-d0cc-51e5-86e7-4ba237c836a2"",""0e4d4039-5409-5be7-a300-ded85e9c22d7"",""1c4afc6f-6679-57b7-ab6b-cec3053e85a1"",""76216ff6-0dab-5f43-913f-741c2deb7596"",""fe7c5fea-171a-5d3e-b93c-b9d53dca7c67"",""784c942d-b222-5013-a2e4-de4aa477a143"",""2f2d84f4-6f41-5df7-a828-cc0a3d9cdddf"",""c68f6332-f200-5595-940d-e5bcad78f1fe"",""54c3aba8-cb42-5023-9591-5cdd68bdd7c5"",""b9ac296e-4c6c-5cdc-9e03-14868c124af2"",""022ddff9-4332-5ba5-b884-42537f220a0c"",""0d262496-18e1-5973-84a6-84fbda64d0ff"",""447860c8-1d56-518b-88ad-7e103990b756"",""616ecfda-7163-5a8d-ba60-01f623d8b124"",""656bacfc-b102-5379-8db2-2f9f127621e0"",""88f2e658-6155-5924-bc85-63fe2aabb08a"",""9f032fb3-90ca-5749-aff5-1065077ac10e"",""4d2e4005-a84b-525b-a492-d367c5e405d0"",""12b20e20-e117-5c00-83bc-e589b92b730e"",""e97a5398-37b9-5e89-91a9-9b3ae48d9534"",""7a8f92c5-5f85-593a-bf90-08e13c60a2e6"",""aa66f5e3-ac0e-57d6-9b69-aa54ea7c4fb9"",""d07b7490-853e-562b-b662-305e89e7718d"",""596c0800-372d-5056-8a35-9f8661656bf4"",""d08816e6-d4d6-5f35-9de3-d86528fa7a96"",""2e126757-f17e-5ee2-93db-94d31ed944b2"",""5e1af4e2-330f-563f-b639-2d3cd8d276c8"",""49cd1889-2a56-5913-8723-929335f68874"",""82b898ba-3b6d-567f-8996-4f259b74547e"",""d38eb7d2-e78b-5c2f-93e4-2e34846e80e6"",""33effc64-dcfe-5ced-badf-c4df49f68dc1"",""a3a03b99-34c0-504b-b529-32b798db318a"",""8b3ec7b0-123f-5597-95f7-1fafc5810d01"",""035c5442-19b8-5a84-8a59-b352a9660279"",""d6d45010-72fa-5741-b733-88958a8795d2"",""ab8215e5-b753-5a6a-a4e7-ad9caf42eeac"",""1b20061c-b208-551a-b06c-81ffeff623fc"",""9b6d0913-2ae6-5dab-ab36-d05e1c51b208"",""a27c1fb2-edc1-57e6-9d74-adb5a13fed3b"",""4696448b-8c21-591b-80cc-7344ea0b95ec"",""c1d75a33-928c-5636-b99c-def1fb29e0f5"",""61eebfb6-2555-5bce-ba71-7a750427392a"",""aba074a1-d451-595d-bc12-e257adbe7383"",""1ca34094-ee4d-5962-a78a-174d361a9cd3"",""7edb0577-da07-5c6f-8391-bb90e9822165"",""d7c5d484-54dc-5d1e-a3ac-65d60267a12c"",""f416cc8b-3bc2-5c4c-a91c-c56faf748684""]",,,,,,,tokens.other,,,3,0,3,UF3,,,prespecified_B_E,True,explicit in unit columns; exact fractions retained,tokens
M7-analysis-v5,C-SQL-1,UF4:cell:C-SQL-1,dbb63e68d4ed9e904fa985aa5b88d674205b6caab086a8d981ac8918a9c68fb5,"[""4afc763c-033e-501c-9c9c-453207d31e62"",""1fed9611-d0cc-51e5-86e7-4ba237c836a2"",""0e4d4039-5409-5be7-a300-ded85e9c22d7"",""1c4afc6f-6679-57b7-ab6b-cec3053e85a1"",""76216ff6-0dab-5f43-913f-741c2deb7596"",""fe7c5fea-171a-5d3e-b93c-b9d53dca7c67"",""784c942d-b222-5013-a2e4-de4aa477a143"",""2f2d84f4-6f41-5df7-a828-cc0a3d9cdddf"",""c68f6332-f200-5595-940d-e5bcad78f1fe"",""54c3aba8-cb42-5023-9591-5cdd68bdd7c5"",""b9ac296e-4c6c-5cdc-9e03-14868c124af2"",""022ddff9-4332-5ba5-b884-42537f220a0c"",""0d262496-18e1-5973-84a6-84fbda64d0ff"",""447860c8-1d56-518b-88ad-7e103990b756"",""616ecfda-7163-5a8d-ba60-01f623d8b124"",""656bacfc-b102-5379-8db2-2f9f127621e0"",""88f2e658-6155-5924-bc85-63fe2aabb08a"",""9f032fb3-90ca-5749-aff5-1065077ac10e"",""4d2e4005-a84b-525b-a492-d367c5e405d0"",""12b20e20-e117-5c00-83bc-e589b92b730e"",""e97a5398-37b9-5e89-91a9-9b3ae48d9534"",""7a8f92c5-5f85-593a-bf90-08e13c60a2e6"",""aa66f5e3-ac0e-57d6-9b69-aa54ea7c4fb9"",""d07b7490-853e-562b-b662-305e89e7718d"",""596c0800-372d-5056-8a35-9f8661656bf4"",""d08816e6-d4d6-5f35-9de3-d86528fa7a96"",""2e126757-f17e-5ee2-93db-94d31ed944b2"",""5e1af4e2-330f-563f-b639-2d3cd8d276c8"",""49cd1889-2a56-5913-8723-929335f68874"",""82b898ba-3b6d-567f-8996-4f259b74547e"",""d38eb7d2-e78b-5c2f-93e4-2e34846e80e6"",""33effc64-dcfe-5ced-badf-c4df49f68dc1"",""a3a03b99-34c0-504b-b529-32b798db318a"",""8b3ec7b0-123f-5597-95f7-1fafc5810d01"",""035c5442-19b8-5a84-8a59-b352a9660279"",""d6d45010-72fa-5741-b733-88958a8795d2"",""ab8215e5-b753-5a6a-a4e7-ad9caf42eeac"",""1b20061c-b208-551a-b06c-81ffeff623fc"",""9b6d0913-2ae6-5dab-ab36-d05e1c51b208"",""a27c1fb2-edc1-57e6-9d74-adb5a13fed3b"",""4696448b-8c21-591b-80cc-7344ea0b95ec"",""c1d75a33-928c-5636-b99c-def1fb29e0f5"",""61eebfb6-2555-5bce-ba71-7a750427392a"",""aba074a1-d451-595d-bc12-e257adbe7383"",""1ca34094-ee4d-5962-a78a-174d361a9cd3"",""7edb0577-da07-5c6f-8391-bb90e9822165"",""d7c5d484-54dc-5d1e-a3ac-65d60267a12c"",""f416cc8b-3bc2-5c4c-a91c-c56faf748684""]",0,0,0,0,0,0,D,0,0,0,3,3,UF4,0,0,prespecified_B_E,True,explicit in unit columns; exact fractions retained,diagnoses
M7-analysis-v5,C-SQL-1,UF4:cell:C-SQL-1,dbb63e68d4ed9e904fa985aa5b88d674205b6caab086a8d981ac8918a9c68fb5,"[""4afc763c-033e-501c-9c9c-453207d31e62"",""1fed9611-d0cc-51e5-86e7-4ba237c836a2"",""0e4d4039-5409-5be7-a300-ded85e9c22d7"",""1c4afc6f-6679-57b7-ab6b-cec3053e85a1"",""76216ff6-0dab-5f43-913f-741c2deb7596"",""fe7c5fea-171a-5d3e-b93c-b9d53dca7c67"",""784c942d-b222-5013-a2e4-de4aa477a143"",""2f2d84f4-6f41-5df7-a828-cc0a3d9cdddf"",""c68f6332-f200-5595-940d-e5bcad78f1fe"",""54c3aba8-cb42-5023-9591-5cdd68bdd7c5"",""b9ac296e-4c6c-5cdc-9e03-14868c124af2"",""022ddff9-4332-5ba5-b884-42537f220a0c"",""0d262496-18e1-5973-84a6-84fbda64d0ff"",""447860c8-1d56-518b-88ad-7e103990b756"",""616ecfda-7163-5a8d-ba60-01f623d8b124"",""656bacfc-b102-5379-8db2-2f9f127621e0"",""88f2e658-6155-5924-bc85-63fe2aabb08a"",""9f032fb3-90ca-5749-aff5-1065077ac10e"",""4d2e4005-a84b-525b-a492-d367c5e405d0"",""12b20e20-e117-5c00-83bc-e589b92b730e"",""e97a5398-37b9-5e89-91a9-9b3ae48d9534"",""7a8f92c5-5f85-593a-bf90-08e13c60a2e6"",""aa66f5e3-ac0e-57d6-9b69-aa54ea7c4fb9"",""d07b7490-853e-562b-b662-305e89e7718d"",""596c0800-372d-5056-8a35-9f8661656bf4"",""d08816e6-d4d6-5f35-9de3-d86528fa7a96"",""2e126757-f17e-5ee2-93db-94d31ed944b2"",""5e1af4e2-330f-563f-b639-2d3cd8d276c8"",""49cd1889-2a56-5913-8723-929335f68874"",""82b898ba-3b6d-567f-8996-4f259b74547e"",""d38eb7d2-e78b-5c2f-93e4-2e34846e80e6"",""33effc64-dcfe-5ced-badf-c4df49f68dc1"",""a3a03b99-34c0-504b-b529-32b798db318a"",""8b3ec7b0-123f-5597-95f7-1fafc5810d01"",""035c5442-19b8-5a84-8a59-b352a9660279"",""d6d45010-72fa-5741-b733-88958a8795d2"",""ab8215e5-b753-5a6a-a4e7-ad9caf42eeac"",""1b20061c-b208-551a-b06c-81ffeff623fc"",""9b6d0913-2ae6-5dab-ab36-d05e1c51b208"",""a27c1fb2-edc1-57e6-9d74-adb5a13fed3b"",""4696448b-8c21-591b-80cc-7344ea0b95ec"",""c1d75a33-928c-5636-b99c-def1fb29e0f5"",""61eebfb6-2555-5bce-ba71-7a750427392a"",""aba074a1-d451-595d-bc12-e257adbe7383"",""1ca34094-ee4d-5962-a78a-174d361a9cd3"",""7edb0577-da07-5c6f-8391-bb90e9822165"",""d7c5d484-54dc-5d1e-a3ac-65d60267a12c"",""f416cc8b-3bc2-5c4c-a91c-c56faf748684""]",0,0,0,0,0,0,S,0,0,0,3,3,UF4,0,0,prespecified_B_E,True,explicit in unit columns; exact fractions retained,diagnoses_per_100_lines
M7-analysis-v5,C-SQL-1,UF4:cell:C-SQL-1,dbb63e68d4ed9e904fa985aa5b88d674205b6caab086a8d981ac8918a9c68fb5,"[""4afc763c-033e-501c-9c9c-453207d31e62"",""1fed9611-d0cc-51e5-86e7-4ba237c836a2"",""0e4d4039-5409-5be7-a300-ded85e9c22d7"",""1c4afc6f-6679-57b7-ab6b-cec3053e85a1"",""76216ff6-0dab-5f43-913f-741c2deb7596"",""fe7c5fea-171a-5d3e-b93c-b9d53dca7c67"",""784c942d-b222-5013-a2e4-de4aa477a143"",""2f2d84f4-6f41-5df7-a828-cc0a3d9cdddf"",""c68f6332-f200-5595-940d-e5bcad78f1fe"",""54c3aba8-cb42-5023-9591-5cdd68bdd7c5"",""b9ac296e-4c6c-5cdc-9e03-14868c124af2"",""022ddff9-4332-5ba5-b884-42537f220a0c"",""0d262496-18e1-5973-84a6-84fbda64d0ff"",""447860c8-1d56-518b-88ad-7e103990b756"",""616ecfda-7163-5a8d-ba60-01f623d8b124"",""656bacfc-b102-5379-8db2-2f9f127621e0"",""88f2e658-6155-5924-bc85-63fe2aabb08a"",""9f032fb3-90ca-5749-aff5-1065077ac10e"",""4d2e4005-a84b-525b-a492-d367c5e405d0"",""12b20e20-e117-5c00-83bc-e589b92b730e"",""e97a5398-37b9-5e89-91a9-9b3ae48d9534"",""7a8f92c5-5f85-593a-bf90-08e13c60a2e6"",""aa66f5e3-ac0e-57d6-9b69-aa54ea7c4fb9"",""d07b7490-853e-562b-b662-305e89e7718d"",""596c0800-372d-5056-8a35-9f8661656bf4"",""d08816e6-d4d6-5f35-9de3-d86528fa7a96"",""2e126757-f17e-5ee2-93db-94d31ed944b2"",""5e1af4e2-330f-563f-b639-2d3cd8d276c8"",""49cd1889-2a56-5913-8723-929335f68874"",""82b898ba-3b6d-567f-8996-4f259b74547e"",""d38eb7d2-e78b-5c2f-93e4-2e34846e80e6"",""33effc64-dcfe-5ced-badf-c4df49f68dc1"",""a3a03b99-34c0-504b-b529-32b798db318a"",""8b3ec7b0-123f-5597-95f7-1fafc5810d01"",""035c5442-19b8-5a84-8a59-b352a9660279"",""d6d45010-72fa-5741-b733-88958a8795d2"",""ab8215e5-b753-5a6a-a4e7-ad9caf42eeac"",""1b20061c-b208-551a-b06c-81ffeff623fc"",""9b6d0913-2ae6-5dab-ab36-d05e1c51b208"",""a27c1fb2-edc1-57e6-9d74-adb5a13fed3b"",""4696448b-8c21-591b-80cc-7344ea0b95ec"",""c1d75a33-928c-5636-b99c-def1fb29e0f5"",""61eebfb6-2555-5bce-ba71-7a750427392a"",""aba074a1-d451-595d-bc12-e257adbe7383"",""1ca34094-ee4d-5962-a78a-174d361a9cd3"",""7edb0577-da07-5c6f-8391-bb90e9822165"",""d7c5d484-54dc-5d1e-a3ac-65d60267a12c"",""f416cc8b-3bc2-5c4c-a91c-c56faf748684""]",0,0,0,0,0,0,outage_seconds,0,0,0,3,3,UF4,0,0,prespecified_B_E,True,explicit in unit columns; exact fractions retained,s
M7-analysis-v5,C-SQL-1,UF4:cell:C-SQL-1,dbb63e68d4ed9e904fa985aa5b88d674205b6caab086a8d981ac8918a9c68fb5,"[""4afc763c-033e-501c-9c9c-453207d31e62"",""1fed9611-d0cc-51e5-86e7-4ba237c836a2"",""0e4d4039-5409-5be7-a300-ded85e9c22d7"",""1c4afc6f-6679-57b7-ab6b-cec3053e85a1"",""76216ff6-0dab-5f43-913f-741c2deb7596"",""fe7c5fea-171a-5d3e-b93c-b9d53dca7c67"",""784c942d-b222-5013-a2e4-de4aa477a143"",""2f2d84f4-6f41-5df7-a828-cc0a3d9cdddf"",""c68f6332-f200-5595-940d-e5bcad78f1fe"",""54c3aba8-cb42-5023-9591-5cdd68bdd7c5"",""b9ac296e-4c6c-5cdc-9e03-14868c124af2"",""022ddff9-4332-5ba5-b884-42537f220a0c"",""0d262496-18e1-5973-84a6-84fbda64d0ff"",""447860c8-1d56-518b-88ad-7e103990b756"",""616ecfda-7163-5a8d-ba60-01f623d8b124"",""656bacfc-b102-5379-8db2-2f9f127621e0"",""88f2e658-6155-5924-bc85-63fe2aabb08a"",""9f032fb3-90ca-5749-aff5-1065077ac10e"",""4d2e4005-a84b-525b-a492-d367c5e405d0"",""12b20e20-e117-5c00-83bc-e589b92b730e"",""e97a5398-37b9-5e89-91a9-9b3ae48d9534"",""7a8f92c5-5f85-593a-bf90-08e13c60a2e6"",""aa66f5e3-ac0e-57d6-9b69-aa54ea7c4fb9"",""d07b7490-853e-562b-b662-305e89e7718d"",""596c0800-372d-5056-8a35-9f8661656bf4"",""d08816e6-d4d6-5f35-9de3-d86528fa7a96"",""2e126757-f17e-5ee2-93db-94d31ed944b2"",""5e1af4e2-330f-563f-b639-2d3cd8d276c8"",""49cd1889-2a56-5913-8723-929335f68874"",""82b898ba-3b6d-567f-8996-4f259b74547e"",""d38eb7d2-e78b-5c2f-93e4-2e34846e80e6"",""33effc64-dcfe-5ced-badf-c4df49f68dc1"",""a3a03b99-34c0-504b-b529-32b798db318a"",""8b3ec7b0-123f-5597-95f7-1fafc5810d01"",""035c5442-19b8-5a84-8a59-b352a9660279"",""d6d45010-72fa-5741-b733-88958a8795d2"",""ab8215e5-b753-5a6a-a4e7-ad9caf42eeac"",""1b20061c-b208-551a-b06c-81ffeff623fc"",""9b6d0913-2ae6-5dab-ab36-d05e1c51b208"",""a27c1fb2-edc1-57e6-9d74-adb5a13fed3b"",""4696448b-8c21-591b-80cc-7344ea0b95ec"",""c1d75a33-928c-5636-b99c-def1fb29e0f5"",""61eebfb6-2555-5bce-ba71-7a750427392a"",""aba074a1-d451-595d-bc12-e257adbe7383"",""1ca34094-ee4d-5962-a78a-174d361a9cd3"",""7edb0577-da07-5c6f-8391-bb90e9822165"",""d7c5d484-54dc-5d1e-a3ac-65d60267a12c"",""f416cc8b-3bc2-5c4c-a91c-c56faf748684""]",0,0,0,0,0,0,pause_seconds,0,0,0,3,3,UF4,0,0,prespecified_B_E,True,explicit in unit columns; exact fractions retained,s
M7-analysis-v5,C-SQL-1,UF4:cell:C-SQL-1,dbb63e68d4ed9e904fa985aa5b88d674205b6caab086a8d981ac8918a9c68fb5,"[""4afc763c-033e-501c-9c9c-453207d31e62"",""1fed9611-d0cc-51e5-86e7-4ba237c836a2"",""0e4d4039-5409-5be7-a300-ded85e9c22d7"",""1c4afc6f-6679-57b7-ab6b-cec3053e85a1"",""76216ff6-0dab-5f43-913f-741c2deb7596"",""fe7c5fea-171a-5d3e-b93c-b9d53dca7c67"",""784c942d-b222-5013-a2e4-de4aa477a143"",""2f2d84f4-6f41-5df7-a828-cc0a3d9cdddf"",""c68f6332-f200-5595-940d-e5bcad78f1fe"",""54c3aba8-cb42-5023-9591-5cdd68bdd7c5"",""b9ac296e-4c6c-5cdc-9e03-14868c124af2"",""022ddff9-4332-5ba5-b884-42537f220a0c"",""0d262496-18e1-5973-84a6-84fbda64d0ff"",""447860c8-1d56-518b-88ad-7e103990b756"",""616ecfda-7163-5a8d-ba60-01f623d8b124"",""656bacfc-b102-5379-8db2-2f9f127621e0"",""88f2e658-6155-5924-bc85-63fe2aabb08a"",""9f032fb3-90ca-5749-aff5-1065077ac10e"",""4d2e4005-a84b-525b-a492-d367c5e405d0"",""12b20e20-e117-5c00-83bc-e589b92b730e"",""e97a5398-37b9-5e89-91a9-9b3ae48d9534"",""7a8f92c5-5f85-593a-bf90-08e13c60a2e6"",""aa66f5e3-ac0e-57d6-9b69-aa54ea7c4fb9"",""d07b7490-853e-562b-b662-305e89e7718d"",""596c0800-372d-5056-8a35-9f8661656bf4"",""d08816e6-d4d6-5f35-9de3-d86528fa7a96"",""2e126757-f17e-5ee2-93db-94d31ed944b2"",""5e1af4e2-330f-563f-b639-2d3cd8d276c8"",""49cd1889-2a56-5913-8723-929335f68874"",""82b898ba-3b6d-567f-8996-4f259b74547e"",""d38eb7d2-e78b-5c2f-93e4-2e34846e80e6"",""33effc64-dcfe-5ced-badf-c4df49f68dc1"",""a3a03b99-34c0-504b-b529-32b798db318a"",""8b3ec7b0-123f-5597-95f7-1fafc5810d01"",""035c5442-19b8-5a84-8a59-b352a9660279"",""d6d45010-72fa-5741-b733-88958a8795d2"",""ab8215e5-b753-5a6a-a4e7-ad9caf42eeac"",""1b20061c-b208-551a-b06c-81ffeff623fc"",""9b6d0913-2ae6-5dab-ab36-d05e1c51b208"",""a27c1fb2-edc1-57e6-9d74-adb5a13fed3b"",""4696448b-8c21-591b-80cc-7344ea0b95ec"",""c1d75a33-928c-5636-b99c-def1fb29e0f5"",""61eebfb6-2555-5bce-ba71-7a750427392a"",""aba074a1-d451-595d-bc12-e257adbe7383"",""1ca34094-ee4d-5962-a78a-174d361a9cd3"",""7edb0577-da07-5c6f-8391-bb90e9822165"",""d7c5d484-54dc-5d1e-a3ac-65d60267a12c"",""f416cc8b-3bc2-5c4c-a91c-c56faf748684""]",0,0,0,0,0,0,tokens.cache_read,0,0,0,3,3,UF4,0,0,prespecified_B_E,True,explicit in unit columns; exact fractions retained,tokens
M7-analysis-v5,C-SQL-1,UF4:cell:C-SQL-1,dbb63e68d4ed9e904fa985aa5b88d674205b6caab086a8d981ac8918a9c68fb5,"[""4afc763c-033e-501c-9c9c-453207d31e62"",""1fed9611-d0cc-51e5-86e7-4ba237c836a2"",""0e4d4039-5409-5be7-a300-ded85e9c22d7"",""1c4afc6f-6679-57b7-ab6b-cec3053e85a1"",""76216ff6-0dab-5f43-913f-741c2deb7596"",""fe7c5fea-171a-5d3e-b93c-b9d53dca7c67"",""784c942d-b222-5013-a2e4-de4aa477a143"",""2f2d84f4-6f41-5df7-a828-cc0a3d9cdddf"",""c68f6332-f200-5595-940d-e5bcad78f1fe"",""54c3aba8-cb42-5023-9591-5cdd68bdd7c5"",""b9ac296e-4c6c-5cdc-9e03-14868c124af2"",""022ddff9-4332-5ba5-b884-42537f220a0c"",""0d262496-18e1-5973-84a6-84fbda64d0ff"",""447860c8-1d56-518b-88ad-7e103990b756"",""616ecfda-7163-5a8d-ba60-01f623d8b124"",""656bacfc-b102-5379-8db2-2f9f127621e0"",""88f2e658-6155-5924-bc85-63fe2aabb08a"",""9f032fb3-90ca-5749-aff5-1065077ac10e"",""4d2e4005-a84b-525b-a492-d367c5e405d0"",""12b20e20-e117-5c00-83bc-e589b92b730e"",""e97a5398-37b9-5e89-91a9-9b3ae48d9534"",""7a8f92c5-5f85-593a-bf90-08e13c60a2e6"",""aa66f5e3-ac0e-57d6-9b69-aa54ea7c4fb9"",""d07b7490-853e-562b-b662-305e89e7718d"",""596c0800-372d-5056-8a35-9f8661656bf4"",""d08816e6-d4d6-5f35-9de3-d86528fa7a96"",""2e126757-f17e-5ee2-93db-94d31ed944b2"",""5e1af4e2-330f-563f-b639-2d3cd8d276c8"",""49cd1889-2a56-5913-8723-929335f68874"",""82b898ba-3b6d-567f-8996-4f259b74547e"",""d38eb7d2-e78b-5c2f-93e4-2e34846e80e6"",""33effc64-dcfe-5ced-badf-c4df49f68dc1"",""a3a03b99-34c0-504b-b529-32b798db318a"",""8b3ec7b0-123f-5597-95f7-1fafc5810d01"",""035c5442-19b8-5a84-8a59-b352a9660279"",""d6d45010-72fa-5741-b733-88958a8795d2"",""ab8215e5-b753-5a6a-a4e7-ad9caf42eeac"",""1b20061c-b208-551a-b06c-81ffeff623fc"",""9b6d0913-2ae6-5dab-ab36-d05e1c51b208"",""a27c1fb2-edc1-57e6-9d74-adb5a13fed3b"",""4696448b-8c21-591b-80cc-7344ea0b95ec"",""c1d75a33-928c-5636-b99c-def1fb29e0f5"",""61eebfb6-2555-5bce-ba71-7a750427392a"",""aba074a1-d451-595d-bc12-e257adbe7383"",""1ca34094-ee4d-5962-a78a-174d361a9cd3"",""7edb0577-da07-5c6f-8391-bb90e9822165"",""d7c5d484-54dc-5d1e-a3ac-65d60267a12c"",""f416cc8b-3bc2-5c4c-a91c-c56faf748684""]",0.11438755,0.114387550,0.113986925,0.113986925,0.1143358,0.114335800,cost,0.113237425,0.113237425,0,3,3,UF4,0.0006496015726004671549959235595654481514867,0.0006496015726004671549959235595654481514867,prespecified_B_E,True,explicit in unit columns; exact fractions retained,USD
M7-analysis-v5,C-SQL-1,UF4:cell:C-SQL-1,dbb63e68d4ed9e904fa985aa5b88d674205b6caab086a8d981ac8918a9c68fb5,"[""4afc763c-033e-501c-9c9c-453207d31e62"",""1fed9611-d0cc-51e5-86e7-4ba237c836a2"",""0e4d4039-5409-5be7-a300-ded85e9c22d7"",""1c4afc6f-6679-57b7-ab6b-cec3053e85a1"",""76216ff6-0dab-5f43-913f-741c2deb7596"",""fe7c5fea-171a-5d3e-b93c-b9d53dca7c67"",""784c942d-b222-5013-a2e4-de4aa477a143"",""2f2d84f4-6f41-5df7-a828-cc0a3d9cdddf"",""c68f6332-f200-5595-940d-e5bcad78f1fe"",""54c3aba8-cb42-5023-9591-5cdd68bdd7c5"",""b9ac296e-4c6c-5cdc-9e03-14868c124af2"",""022ddff9-4332-5ba5-b884-42537f220a0c"",""0d262496-18e1-5973-84a6-84fbda64d0ff"",""447860c8-1d56-518b-88ad-7e103990b756"",""616ecfda-7163-5a8d-ba60-01f623d8b124"",""656bacfc-b102-5379-8db2-2f9f127621e0"",""88f2e658-6155-5924-bc85-63fe2aabb08a"",""9f032fb3-90ca-5749-aff5-1065077ac10e"",""4d2e4005-a84b-525b-a492-d367c5e405d0"",""12b20e20-e117-5c00-83bc-e589b92b730e"",""e97a5398-37b9-5e89-91a9-9b3ae48d9534"",""7a8f92c5-5f85-593a-bf90-08e13c60a2e6"",""aa66f5e3-ac0e-57d6-9b69-aa54ea7c4fb9"",""d07b7490-853e-562b-b662-305e89e7718d"",""596c0800-372d-5056-8a35-9f8661656bf4"",""d08816e6-d4d6-5f35-9de3-d86528fa7a96"",""2e126757-f17e-5ee2-93db-94d31ed944b2"",""5e1af4e2-330f-563f-b639-2d3cd8d276c8"",""49cd1889-2a56-5913-8723-929335f68874"",""82b898ba-3b6d-567f-8996-4f259b74547e"",""d38eb7d2-e78b-5c2f-93e4-2e34846e80e6"",""33effc64-dcfe-5ced-badf-c4df49f68dc1"",""a3a03b99-34c0-504b-b529-32b798db318a"",""8b3ec7b0-123f-5597-95f7-1fafc5810d01"",""035c5442-19b8-5a84-8a59-b352a9660279"",""d6d45010-72fa-5741-b733-88958a8795d2"",""ab8215e5-b753-5a6a-a4e7-ad9caf42eeac"",""1b20061c-b208-551a-b06c-81ffeff623fc"",""9b6d0913-2ae6-5dab-ab36-d05e1c51b208"",""a27c1fb2-edc1-57e6-9d74-adb5a13fed3b"",""4696448b-8c21-591b-80cc-7344ea0b95ec"",""c1d75a33-928c-5636-b99c-def1fb29e0f5"",""61eebfb6-2555-5bce-ba71-7a750427392a"",""aba074a1-d451-595d-bc12-e257adbe7383"",""1ca34094-ee4d-5962-a78a-174d361a9cd3"",""7edb0577-da07-5c6f-8391-bb90e9822165"",""d7c5d484-54dc-5d1e-a3ac-65d60267a12c"",""f416cc8b-3bc2-5c4c-a91c-c56faf748684""]",1,1,1,1,1,1,F,1,1,0,3,3,UF4,0,0,prespecified_B_E,True,explicit in unit columns; exact fractions retained,ratio
M7-analysis-v5,C-SQL-1,UF4:cell:C-SQL-1,dbb63e68d4ed9e904fa985aa5b88d674205b6caab086a8d981ac8918a9c68fb5,"[""4afc763c-033e-501c-9c9c-453207d31e62"",""1fed9611-d0cc-51e5-86e7-4ba237c836a2"",""0e4d4039-5409-5be7-a300-ded85e9c22d7"",""1c4afc6f-6679-57b7-ab6b-cec3053e85a1"",""76216ff6-0dab-5f43-913f-741c2deb7596"",""fe7c5fea-171a-5d3e-b93c-b9d53dca7c67"",""784c942d-b222-5013-a2e4-de4aa477a143"",""2f2d84f4-6f41-5df7-a828-cc0a3d9cdddf"",""c68f6332-f200-5595-940d-e5bcad78f1fe"",""54c3aba8-cb42-5023-9591-5cdd68bdd7c5"",""b9ac296e-4c6c-5cdc-9e03-14868c124af2"",""022ddff9-4332-5ba5-b884-42537f220a0c"",""0d262496-18e1-5973-84a6-84fbda64d0ff"",""447860c8-1d56-518b-88ad-7e103990b756"",""616ecfda-7163-5a8d-ba60-01f623d8b124"",""656bacfc-b102-5379-8db2-2f9f127621e0"",""88f2e658-6155-5924-bc85-63fe2aabb08a"",""9f032fb3-90ca-5749-aff5-1065077ac10e"",""4d2e4005-a84b-525b-a492-d367c5e405d0"",""12b20e20-e117-5c00-83bc-e589b92b730e"",""e97a5398-37b9-5e89-91a9-9b3ae48d9534"",""7a8f92c5-5f85-593a-bf90-08e13c60a2e6"",""aa66f5e3-ac0e-57d6-9b69-aa54ea7c4fb9"",""d07b7490-853e-562b-b662-305e89e7718d"",""596c0800-372d-5056-8a35-9f8661656bf4"",""d08816e6-d4d6-5f35-9de3-d86528fa7a96"",""2e126757-f17e-5ee2-93db-94d31ed944b2"",""5e1af4e2-330f-563f-b639-2d3cd8d276c8"",""49cd1889-2a56-5913-8723-929335f68874"",""82b898ba-3b6d-567f-8996-4f259b74547e"",""d38eb7d2-e78b-5c2f-93e4-2e34846e80e6"",""33effc64-dcfe-5ced-badf-c4df49f68dc1"",""a3a03b99-34c0-504b-b529-32b798db318a"",""8b3ec7b0-123f-5597-95f7-1fafc5810d01"",""035c5442-19b8-5a84-8a59-b352a9660279"",""d6d45010-72fa-5741-b733-88958a8795d2"",""ab8215e5-b753-5a6a-a4e7-ad9caf42eeac"",""1b20061c-b208-551a-b06c-81ffeff623fc"",""9b6d0913-2ae6-5dab-ab36-d05e1c51b208"",""a27c1fb2-edc1-57e6-9d74-adb5a13fed3b"",""4696448b-8c21-591b-80cc-7344ea0b95ec"",""c1d75a33-928c-5636-b99c-def1fb29e0f5"",""61eebfb6-2555-5bce-ba71-7a750427392a"",""aba074a1-d451-595d-bc12-e257adbe7383"",""1ca34094-ee4d-5962-a78a-174d361a9cd3"",""7edb0577-da07-5c6f-8391-bb90e9822165"",""d7c5d484-54dc-5d1e-a3ac-65d60267a12c"",""f416cc8b-3bc2-5c4c-a91c-c56faf748684""]",1,1,1,1,1,1,R1,1,1,0,3,3,UF4,0,0,prespecified_B_E,True,explicit in unit columns; exact fractions retained,binary
M7-analysis-v5,C-SQL-1,UF4:cell:C-SQL-1,dbb63e68d4ed9e904fa985aa5b88d674205b6caab086a8d981ac8918a9c68fb5,"[""4afc763c-033e-501c-9c9c-453207d31e62"",""1fed9611-d0cc-51e5-86e7-4ba237c836a2"",""0e4d4039-5409-5be7-a300-ded85e9c22d7"",""1c4afc6f-6679-57b7-ab6b-cec3053e85a1"",""76216ff6-0dab-5f43-913f-741c2deb7596"",""fe7c5fea-171a-5d3e-b93c-b9d53dca7c67"",""784c942d-b222-5013-a2e4-de4aa477a143"",""2f2d84f4-6f41-5df7-a828-cc0a3d9cdddf"",""c68f6332-f200-5595-940d-e5bcad78f1fe"",""54c3aba8-cb42-5023-9591-5cdd68bdd7c5"",""b9ac296e-4c6c-5cdc-9e03-14868c124af2"",""022ddff9-4332-5ba5-b884-42537f220a0c"",""0d262496-18e1-5973-84a6-84fbda64d0ff"",""447860c8-1d56-518b-88ad-7e103990b756"",""616ecfda-7163-5a8d-ba60-01f623d8b124"",""656bacfc-b102-5379-8db2-2f9f127621e0"",""88f2e658-6155-5924-bc85-63fe2aabb08a"",""9f032fb3-90ca-5749-aff5-1065077ac10e"",""4d2e4005-a84b-525b-a492-d367c5e405d0"",""12b20e20-e117-5c00-83bc-e589b92b730e"",""e97a5398-37b9-5e89-91a9-9b3ae48d9534"",""7a8f92c5-5f85-593a-bf90-08e13c60a2e6"",""aa66f5e3-ac0e-57d6-9b69-aa54ea7c4fb9"",""d07b7490-853e-562b-b662-305e89e7718d"",""596c0800-372d-5056-8a35-9f8661656bf4"",""d08816e6-d4d6-5f35-9de3-d86528fa7a96"",""2e126757-f17e-5ee2-93db-94d31ed944b2"",""5e1af4e2-330f-563f-b639-2d3cd8d276c8"",""49cd1889-2a56-5913-8723-929335f68874"",""82b898ba-3b6d-567f-8996-4f259b74547e"",""d38eb7d2-e78b-5c2f-93e4-2e34846e80e6"",""33effc64-dcfe-5ced-badf-c4df49f68dc1"",""a3a03b99-34c0-504b-b529-32b798db318a"",""8b3ec7b0-123f-5597-95f7-1fafc5810d01"",""035c5442-19b8-5a84-8a59-b352a9660279"",""d6d45010-72fa-5741-b733-88958a8795d2"",""ab8215e5-b753-5a6a-a4e7-ad9caf42eeac"",""1b20061c-b208-551a-b06c-81ffeff623fc"",""9b6d0913-2ae6-5dab-ab36-d05e1c51b208"",""a27c1fb2-edc1-57e6-9d74-adb5a13fed3b"",""4696448b-8c21-591b-80cc-7344ea0b95ec"",""c1d75a33-928c-5636-b99c-def1fb29e0f5"",""61eebfb6-2555-5bce-ba71-7a750427392a"",""aba074a1-d451-595d-bc12-e257adbe7383"",""1ca34094-ee4d-5962-a78a-174d361a9cd3"",""7edb0577-da07-5c6f-8391-bb90e9822165"",""d7c5d484-54dc-5d1e-a3ac-65d60267a12c"",""f416cc8b-3bc2-5c4c-a91c-c56faf748684""]",1,1,1,1,1,1,R2,1,1,0,3,3,UF4,0,0,prespecified_B_E,True,explicit in unit columns; exact fractions retained,binary
M7-analysis-v5,C-SQL-1,UF4:cell:C-SQL-1,dbb63e68d4ed9e904fa985aa5b88d674205b6caab086a8d981ac8918a9c68fb5,"[""4afc763c-033e-501c-9c9c-453207d31e62"",""1fed9611-d0cc-51e5-86e7-4ba237c836a2"",""0e4d4039-5409-5be7-a300-ded85e9c22d7"",""1c4afc6f-6679-57b7-ab6b-cec3053e85a1"",""76216ff6-0dab-5f43-913f-741c2deb7596"",""fe7c5fea-171a-5d3e-b93c-b9d53dca7c67"",""784c942d-b222-5013-a2e4-de4aa477a143"",""2f2d84f4-6f41-5df7-a828-cc0a3d9cdddf"",""c68f6332-f200-5595-940d-e5bcad78f1fe"",""54c3aba8-cb42-5023-9591-5cdd68bdd7c5"",""b9ac296e-4c6c-5cdc-9e03-14868c124af2"",""022ddff9-4332-5ba5-b884-42537f220a0c"",""0d262496-18e1-5973-84a6-84fbda64d0ff"",""447860c8-1d56-518b-88ad-7e103990b756"",""616ecfda-7163-5a8d-ba60-01f623d8b124"",""656bacfc-b102-5379-8db2-2f9f127621e0"",""88f2e658-6155-5924-bc85-63fe2aabb08a"",""9f032fb3-90ca-5749-aff5-1065077ac10e"",""4d2e4005-a84b-525b-a492-d367c5e405d0"",""12b20e20-e117-5c00-83bc-e589b92b730e"",""e97a5398-37b9-5e89-91a9-9b3ae48d9534"",""7a8f92c5-5f85-593a-bf90-08e13c60a2e6"",""aa66f5e3-ac0e-57d6-9b69-aa54ea7c4fb9"",""d07b7490-853e-562b-b662-305e89e7718d"",""596c0800-372d-5056-8a35-9f8661656bf4"",""d08816e6-d4d6-5f35-9de3-d86528fa7a96"",""2e126757-f17e-5ee2-93db-94d31ed944b2"",""5e1af4e2-330f-563f-b639-2d3cd8d276c8"",""49cd1889-2a56-5913-8723-929335f68874"",""82b898ba-3b6d-567f-8996-4f259b74547e"",""d38eb7d2-e78b-5c2f-93e4-2e34846e80e6"",""33effc64-dcfe-5ced-badf-c4df49f68dc1"",""a3a03b99-34c0-504b-b529-32b798db318a"",""8b3ec7b0-123f-5597-95f7-1fafc5810d01"",""035c5442-19b8-5a84-8a59-b352a9660279"",""d6d45010-72fa-5741-b733-88958a8795d2"",""ab8215e5-b753-5a6a-a4e7-ad9caf42eeac"",""1b20061c-b208-551a-b06c-81ffeff623fc"",""9b6d0913-2ae6-5dab-ab36-d05e1c51b208"",""a27c1fb2-edc1-57e6-9d74-adb5a13fed3b"",""4696448b-8c21-591b-80cc-7344ea0b95ec"",""c1d75a33-928c-5636-b99c-def1fb29e0f5"",""61eebfb6-2555-5bce-ba71-7a750427392a"",""aba074a1-d451-595d-bc12-e257adbe7383"",""1ca34094-ee4d-5962-a78a-174d361a9cd3"",""7edb0577-da07-5c6f-8391-bb90e9822165"",""d7c5d484-54dc-5d1e-a3ac-65d60267a12c"",""f416cc8b-3bc2-5c4c-a91c-c56faf748684""]",1,1,1,1,1,1,R3,1,1,0,3,3,UF4,0,0,prespecified_B_E,True,explicit in unit columns; exact fractions retained,binary
M7-analysis-v5,C-SQL-1,UF4:cell:C-SQL-1,dbb63e68d4ed9e904fa985aa5b88d674205b6caab086a8d981ac8918a9c68fb5,"[""4afc763c-033e-501c-9c9c-453207d31e62"",""1fed9611-d0cc-51e5-86e7-4ba237c836a2"",""0e4d4039-5409-5be7-a300-ded85e9c22d7"",""1c4afc6f-6679-57b7-ab6b-cec3053e85a1"",""76216ff6-0dab-5f43-913f-741c2deb7596"",""fe7c5fea-171a-5d3e-b93c-b9d53dca7c67"",""784c942d-b222-5013-a2e4-de4aa477a143"",""2f2d84f4-6f41-5df7-a828-cc0a3d9cdddf"",""c68f6332-f200-5595-940d-e5bcad78f1fe"",""54c3aba8-cb42-5023-9591-5cdd68bdd7c5"",""b9ac296e-4c6c-5cdc-9e03-14868c124af2"",""022ddff9-4332-5ba5-b884-42537f220a0c"",""0d262496-18e1-5973-84a6-84fbda64d0ff"",""447860c8-1d56-518b-88ad-7e103990b756"",""616ecfda-7163-5a8d-ba60-01f623d8b124"",""656bacfc-b102-5379-8db2-2f9f127621e0"",""88f2e658-6155-5924-bc85-63fe2aabb08a"",""9f032fb3-90ca-5749-aff5-1065077ac10e"",""4d2e4005-a84b-525b-a492-d367c5e405d0"",""12b20e20-e117-5c00-83bc-e589b92b730e"",""e97a5398-37b9-5e89-91a9-9b3ae48d9534"",""7a8f92c5-5f85-593a-bf90-08e13c60a2e6"",""aa66f5e3-ac0e-57d6-9b69-aa54ea7c4fb9"",""d07b7490-853e-562b-b662-305e89e7718d"",""596c0800-372d-5056-8a35-9f8661656bf4"",""d08816e6-d4d6-5f35-9de3-d86528fa7a96"",""2e126757-f17e-5ee2-93db-94d31ed944b2"",""5e1af4e2-330f-563f-b639-2d3cd8d276c8"",""49cd1889-2a56-5913-8723-929335f68874"",""82b898ba-3b6d-567f-8996-4f259b74547e"",""d38eb7d2-e78b-5c2f-93e4-2e34846e80e6"",""33effc64-dcfe-5ced-badf-c4df49f68dc1"",""a3a03b99-34c0-504b-b529-32b798db318a"",""8b3ec7b0-123f-5597-95f7-1fafc5810d01"",""035c5442-19b8-5a84-8a59-b352a9660279"",""d6d45010-72fa-5741-b733-88958a8795d2"",""ab8215e5-b753-5a6a-a4e7-ad9caf42eeac"",""1b20061c-b208-551a-b06c-81ffeff623fc"",""9b6d0913-2ae6-5dab-ab36-d05e1c51b208"",""a27c1fb2-edc1-57e6-9d74-adb5a13fed3b"",""4696448b-8c21-591b-80cc-7344ea0b95ec"",""c1d75a33-928c-5636-b99c-def1fb29e0f5"",""61eebfb6-2555-5bce-ba71-7a750427392a"",""aba074a1-d451-595d-bc12-e257adbe7383"",""1ca34094-ee4d-5962-a78a-174d361a9cd3"",""7edb0577-da07-5c6f-8391-bb90e9822165"",""d7c5d484-54dc-5d1e-a3ac-65d60267a12c"",""f416cc8b-3bc2-5c4c-a91c-c56faf748684""]",1,1,1,1,1,1,R4,1,1,0,3,3,UF4,0,0,prespecified_B_E,True,explicit in unit columns; exact fractions retained,binary
M7-analysis-v5,C-SQL-1,UF4:cell:C-SQL-1,dbb63e68d4ed9e904fa985aa5b88d674205b6caab086a8d981ac8918a9c68fb5,"[""4afc763c-033e-501c-9c9c-453207d31e62"",""1fed9611-d0cc-51e5-86e7-4ba237c836a2"",""0e4d4039-5409-5be7-a300-ded85e9c22d7"",""1c4afc6f-6679-57b7-ab6b-cec3053e85a1"",""76216ff6-0dab-5f43-913f-741c2deb7596"",""fe7c5fea-171a-5d3e-b93c-b9d53dca7c67"",""784c942d-b222-5013-a2e4-de4aa477a143"",""2f2d84f4-6f41-5df7-a828-cc0a3d9cdddf"",""c68f6332-f200-5595-940d-e5bcad78f1fe"",""54c3aba8-cb42-5023-9591-5cdd68bdd7c5"",""b9ac296e-4c6c-5cdc-9e03-14868c124af2"",""022ddff9-4332-5ba5-b884-42537f220a0c"",""0d262496-18e1-5973-84a6-84fbda64d0ff"",""447860c8-1d56-518b-88ad-7e103990b756"",""616ecfda-7163-5a8d-ba60-01f623d8b124"",""656bacfc-b102-5379-8db2-2f9f127621e0"",""88f2e658-6155-5924-bc85-63fe2aabb08a"",""9f032fb3-90ca-5749-aff5-1065077ac10e"",""4d2e4005-a84b-525b-a492-d367c5e405d0"",""12b20e20-e117-5c00-83bc-e589b92b730e"",""e97a5398-37b9-5e89-91a9-9b3ae48d9534"",""7a8f92c5-5f85-593a-bf90-08e13c60a2e6"",""aa66f5e3-ac0e-57d6-9b69-aa54ea7c4fb9"",""d07b7490-853e-562b-b662-305e89e7718d"",""596c0800-372d-5056-8a35-9f8661656bf4"",""d08816e6-d4d6-5f35-9de3-d86528fa7a96"",""2e126757-f17e-5ee2-93db-94d31ed944b2"",""5e1af4e2-330f-563f-b639-2d3cd8d276c8"",""49cd1889-2a56-5913-8723-929335f68874"",""82b898ba-3b6d-567f-8996-4f259b74547e"",""d38eb7d2-e78b-5c2f-93e4-2e34846e80e6"",""33effc64-dcfe-5ced-badf-c4df49f68dc1"",""a3a03b99-34c0-504b-b529-32b798db318a"",""8b3ec7b0-123f-5597-95f7-1fafc5810d01"",""035c5442-19b8-5a84-8a59-b352a9660279"",""d6d45010-72fa-5741-b733-88958a8795d2"",""ab8215e5-b753-5a6a-a4e7-ad9caf42eeac"",""1b20061c-b208-551a-b06c-81ffeff623fc"",""9b6d0913-2ae6-5dab-ab36-d05e1c51b208"",""a27c1fb2-edc1-57e6-9d74-adb5a13fed3b"",""4696448b-8c21-591b-80cc-7344ea0b95ec"",""c1d75a33-928c-5636-b99c-def1fb29e0f5"",""61eebfb6-2555-5bce-ba71-7a750427392a"",""aba074a1-d451-595d-bc12-e257adbe7383"",""1ca34094-ee4d-5962-a78a-174d361a9cd3"",""7edb0577-da07-5c6f-8391-bb90e9822165"",""d7c5d484-54dc-5d1e-a3ac-65d60267a12c"",""f416cc8b-3bc2-5c4c-a91c-c56faf748684""]",1,1,1,1,1,1,R5,1,1,0,3,3,UF4,0,0,prespecified_B_E,True,explicit in unit columns; exact fractions retained,binary
M7-analysis-v5,C-SQL-1,UF4:cell:C-SQL-1,dbb63e68d4ed9e904fa985aa5b88d674205b6caab086a8d981ac8918a9c68fb5,"[""4afc763c-033e-501c-9c9c-453207d31e62"",""1fed9611-d0cc-51e5-86e7-4ba237c836a2"",""0e4d4039-5409-5be7-a300-ded85e9c22d7"",""1c4afc6f-6679-57b7-ab6b-cec3053e85a1"",""76216ff6-0dab-5f43-913f-741c2deb7596"",""fe7c5fea-171a-5d3e-b93c-b9d53dca7c67"",""784c942d-b222-5013-a2e4-de4aa477a143"",""2f2d84f4-6f41-5df7-a828-cc0a3d9cdddf"",""c68f6332-f200-5595-940d-e5bcad78f1fe"",""54c3aba8-cb42-5023-9591-5cdd68bdd7c5"",""b9ac296e-4c6c-5cdc-9e03-14868c124af2"",""022ddff9-4332-5ba5-b884-42537f220a0c"",""0d262496-18e1-5973-84a6-84fbda64d0ff"",""447860c8-1d56-518b-88ad-7e103990b756"",""616ecfda-7163-5a8d-ba60-01f623d8b124"",""656bacfc-b102-5379-8db2-2f9f127621e0"",""88f2e658-6155-5924-bc85-63fe2aabb08a"",""9f032fb3-90ca-5749-aff5-1065077ac10e"",""4d2e4005-a84b-525b-a492-d367c5e405d0"",""12b20e20-e117-5c00-83bc-e589b92b730e"",""e97a5398-37b9-5e89-91a9-9b3ae48d9534"",""7a8f92c5-5f85-593a-bf90-08e13c60a2e6"",""aa66f5e3-ac0e-57d6-9b69-aa54ea7c4fb9"",""d07b7490-853e-562b-b662-305e89e7718d"",""596c0800-372d-5056-8a35-9f8661656bf4"",""d08816e6-d4d6-5f35-9de3-d86528fa7a96"",""2e126757-f17e-5ee2-93db-94d31ed944b2"",""5e1af4e2-330f-563f-b639-2d3cd8d276c8"",""49cd1889-2a56-5913-8723-929335f68874"",""82b898ba-3b6d-567f-8996-4f259b74547e"",""d38eb7d2-e78b-5c2f-93e4-2e34846e80e6"",""33effc64-dcfe-5ced-badf-c4df49f68dc1"",""a3a03b99-34c0-504b-b529-32b798db318a"",""8b3ec7b0-123f-5597-95f7-1fafc5810d01"",""035c5442-19b8-5a84-8a59-b352a9660279"",""d6d45010-72fa-5741-b733-88958a8795d2"",""ab8215e5-b753-5a6a-a4e7-ad9caf42eeac"",""1b20061c-b208-551a-b06c-81ffeff623fc"",""9b6d0913-2ae6-5dab-ab36-d05e1c51b208"",""a27c1fb2-edc1-57e6-9d74-adb5a13fed3b"",""4696448b-8c21-591b-80cc-7344ea0b95ec"",""c1d75a33-928c-5636-b99c-def1fb29e0f5"",""61eebfb6-2555-5bce-ba71-7a750427392a"",""aba074a1-d451-595d-bc12-e257adbe7383"",""1ca34094-ee4d-5962-a78a-174d361a9cd3"",""7edb0577-da07-5c6f-8391-bb90e9822165"",""d7c5d484-54dc-5d1e-a3ac-65d60267a12c"",""f416cc8b-3bc2-5c4c-a91c-c56faf748684""]",1,1,1,1,1,1,R6,1,1,0,3,3,UF4,0,0,prespecified_B_E,True,explicit in unit columns; exact fractions retained,binary
M7-analysis-v5,C-SQL-1,UF4:cell:C-SQL-1,dbb63e68d4ed9e904fa985aa5b88d674205b6caab086a8d981ac8918a9c68fb5,"[""4afc763c-033e-501c-9c9c-453207d31e62"",""1fed9611-d0cc-51e5-86e7-4ba237c836a2"",""0e4d4039-5409-5be7-a300-ded85e9c22d7"",""1c4afc6f-6679-57b7-ab6b-cec3053e85a1"",""76216ff6-0dab-5f43-913f-741c2deb7596"",""fe7c5fea-171a-5d3e-b93c-b9d53dca7c67"",""784c942d-b222-5013-a2e4-de4aa477a143"",""2f2d84f4-6f41-5df7-a828-cc0a3d9cdddf"",""c68f6332-f200-5595-940d-e5bcad78f1fe"",""54c3aba8-cb42-5023-9591-5cdd68bdd7c5"",""b9ac296e-4c6c-5cdc-9e03-14868c124af2"",""022ddff9-4332-5ba5-b884-42537f220a0c"",""0d262496-18e1-5973-84a6-84fbda64d0ff"",""447860c8-1d56-518b-88ad-7e103990b756"",""616ecfda-7163-5a8d-ba60-01f623d8b124"",""656bacfc-b102-5379-8db2-2f9f127621e0"",""88f2e658-6155-5924-bc85-63fe2aabb08a"",""9f032fb3-90ca-5749-aff5-1065077ac10e"",""4d2e4005-a84b-525b-a492-d367c5e405d0"",""12b20e20-e117-5c00-83bc-e589b92b730e"",""e97a5398-37b9-5e89-91a9-9b3ae48d9534"",""7a8f92c5-5f85-593a-bf90-08e13c60a2e6"",""aa66f5e3-ac0e-57d6-9b69-aa54ea7c4fb9"",""d07b7490-853e-562b-b662-305e89e7718d"",""596c0800-372d-5056-8a35-9f8661656bf4"",""d08816e6-d4d6-5f35-9de3-d86528fa7a96"",""2e126757-f17e-5ee2-93db-94d31ed944b2"",""5e1af4e2-330f-563f-b639-2d3cd8d276c8"",""49cd1889-2a56-5913-8723-929335f68874"",""82b898ba-3b6d-567f-8996-4f259b74547e"",""d38eb7d2-e78b-5c2f-93e4-2e34846e80e6"",""33effc64-dcfe-5ced-badf-c4df49f68dc1"",""a3a03b99-34c0-504b-b529-32b798db318a"",""8b3ec7b0-123f-5597-95f7-1fafc5810d01"",""035c5442-19b8-5a84-8a59-b352a9660279"",""d6d45010-72fa-5741-b733-88958a8795d2"",""ab8215e5-b753-5a6a-a4e7-ad9caf42eeac"",""1b20061c-b208-551a-b06c-81ffeff623fc"",""9b6d0913-2ae6-5dab-ab36-d05e1c51b208"",""a27c1fb2-edc1-57e6-9d74-adb5a13fed3b"",""4696448b-8c21-591b-80cc-7344ea0b95ec"",""c1d75a33-928c-5636-b99c-def1fb29e0f5"",""61eebfb6-2555-5bce-ba71-7a750427392a"",""aba074a1-d451-595d-bc12-e257adbe7383"",""1ca34094-ee4d-5962-a78a-174d361a9cd3"",""7edb0577-da07-5c6f-8391-bb90e9822165"",""d7c5d484-54dc-5d1e-a3ac-65d60267a12c"",""f416cc8b-3bc2-5c4c-a91c-c56faf748684""]",1,1,1,1,1,1,T,1,1,0,3,3,UF4,0,0,prespecified_B_E,True,explicit in unit columns; exact fractions retained,binary
M7-analysis-v5,C-SQL-1,UF4:cell:C-SQL-1,dbb63e68d4ed9e904fa985aa5b88d674205b6caab086a8d981ac8918a9c68fb5,"[""4afc763c-033e-501c-9c9c-453207d31e62"",""1fed9611-d0cc-51e5-86e7-4ba237c836a2"",""0e4d4039-5409-5be7-a300-ded85e9c22d7"",""1c4afc6f-6679-57b7-ab6b-cec3053e85a1"",""76216ff6-0dab-5f43-913f-741c2deb7596"",""fe7c5fea-171a-5d3e-b93c-b9d53dca7c67"",""784c942d-b222-5013-a2e4-de4aa477a143"",""2f2d84f4-6f41-5df7-a828-cc0a3d9cdddf"",""c68f6332-f200-5595-940d-e5bcad78f1fe"",""54c3aba8-cb42-5023-9591-5cdd68bdd7c5"",""b9ac296e-4c6c-5cdc-9e03-14868c124af2"",""022ddff9-4332-5ba5-b884-42537f220a0c"",""0d262496-18e1-5973-84a6-84fbda64d0ff"",""447860c8-1d56-518b-88ad-7e103990b756"",""616ecfda-7163-5a8d-ba60-01f623d8b124"",""656bacfc-b102-5379-8db2-2f9f127621e0"",""88f2e658-6155-5924-bc85-63fe2aabb08a"",""9f032fb3-90ca-5749-aff5-1065077ac10e"",""4d2e4005-a84b-525b-a492-d367c5e405d0"",""12b20e20-e117-5c00-83bc-e589b92b730e"",""e97a5398-37b9-5e89-91a9-9b3ae48d9534"",""7a8f92c5-5f85-593a-bf90-08e13c60a2e6"",""aa66f5e3-ac0e-57d6-9b69-aa54ea7c4fb9"",""d07b7490-853e-562b-b662-305e89e7718d"",""596c0800-372d-5056-8a35-9f8661656bf4"",""d08816e6-d4d6-5f35-9de3-d86528fa7a96"",""2e126757-f17e-5ee2-93db-94d31ed944b2"",""5e1af4e2-330f-563f-b639-2d3cd8d276c8"",""49cd1889-2a56-5913-8723-929335f68874"",""82b898ba-3b6d-567f-8996-4f259b74547e"",""d38eb7d2-e78b-5c2f-93e4-2e34846e80e6"",""33effc64-dcfe-5ced-badf-c4df49f68dc1"",""a3a03b99-34c0-504b-b529-32b798db318a"",""8b3ec7b0-123f-5597-95f7-1fafc5810d01"",""035c5442-19b8-5a84-8a59-b352a9660279"",""d6d45010-72fa-5741-b733-88958a8795d2"",""ab8215e5-b753-5a6a-a4e7-ad9caf42eeac"",""1b20061c-b208-551a-b06c-81ffeff623fc"",""9b6d0913-2ae6-5dab-ab36-d05e1c51b208"",""a27c1fb2-edc1-57e6-9d74-adb5a13fed3b"",""4696448b-8c21-591b-80cc-7344ea0b95ec"",""c1d75a33-928c-5636-b99c-def1fb29e0f5"",""61eebfb6-2555-5bce-ba71-7a750427392a"",""aba074a1-d451-595d-bc12-e257adbe7383"",""1ca34094-ee4d-5962-a78a-174d361a9cd3"",""7edb0577-da07-5c6f-8391-bb90e9822165"",""d7c5d484-54dc-5d1e-a3ac-65d60267a12c"",""f416cc8b-3bc2-5c4c-a91c-c56faf748684""]",1,1,1,1,1,1,T1,1,1,0,3,3,UF4,0,0,prespecified_B_E,True,explicit in unit columns; exact fractions retained,binary
M7-analysis-v5,C-SQL-1,UF4:cell:C-SQL-1,dbb63e68d4ed9e904fa985aa5b88d674205b6caab086a8d981ac8918a9c68fb5,"[""4afc763c-033e-501c-9c9c-453207d31e62"",""1fed9611-d0cc-51e5-86e7-4ba237c836a2"",""0e4d4039-5409-5be7-a300-ded85e9c22d7"",""1c4afc6f-6679-57b7-ab6b-cec3053e85a1"",""76216ff6-0dab-5f43-913f-741c2deb7596"",""fe7c5fea-171a-5d3e-b93c-b9d53dca7c67"",""784c942d-b222-5013-a2e4-de4aa477a143"",""2f2d84f4-6f41-5df7-a828-cc0a3d9cdddf"",""c68f6332-f200-5595-940d-e5bcad78f1fe"",""54c3aba8-cb42-5023-9591-5cdd68bdd7c5"",""b9ac296e-4c6c-5cdc-9e03-14868c124af2"",""022ddff9-4332-5ba5-b884-42537f220a0c"",""0d262496-18e1-5973-84a6-84fbda64d0ff"",""447860c8-1d56-518b-88ad-7e103990b756"",""616ecfda-7163-5a8d-ba60-01f623d8b124"",""656bacfc-b102-5379-8db2-2f9f127621e0"",""88f2e658-6155-5924-bc85-63fe2aabb08a"",""9f032fb3-90ca-5749-aff5-1065077ac10e"",""4d2e4005-a84b-525b-a492-d367c5e405d0"",""12b20e20-e117-5c00-83bc-e589b92b730e"",""e97a5398-37b9-5e89-91a9-9b3ae48d9534"",""7a8f92c5-5f85-593a-bf90-08e13c60a2e6"",""aa66f5e3-ac0e-57d6-9b69-aa54ea7c4fb9"",""d07b7490-853e-562b-b662-305e89e7718d"",""596c0800-372d-5056-8a35-9f8661656bf4"",""d08816e6-d4d6-5f35-9de3-d86528fa7a96"",""2e126757-f17e-5ee2-93db-94d31ed944b2"",""5e1af4e2-330f-563f-b639-2d3cd8d276c8"",""49cd1889-2a56-5913-8723-929335f68874"",""82b898ba-3b6d-567f-8996-4f259b74547e"",""d38eb7d2-e78b-5c2f-93e4-2e34846e80e6"",""33effc64-dcfe-5ced-badf-c4df49f68dc1"",""a3a03b99-34c0-504b-b529-32b798db318a"",""8b3ec7b0-123f-5597-95f7-1fafc5810d01"",""035c5442-19b8-5a84-8a59-b352a9660279"",""d6d45010-72fa-5741-b733-88958a8795d2"",""ab8215e5-b753-5a6a-a4e7-ad9caf42eeac"",""1b20061c-b208-551a-b06c-81ffeff623fc"",""9b6d0913-2ae6-5dab-ab36-d05e1c51b208"",""a27c1fb2-edc1-57e6-9d74-adb5a13fed3b"",""4696448b-8c21-591b-80cc-7344ea0b95ec"",""c1d75a33-928c-5636-b99c-def1fb29e0f5"",""61eebfb6-2555-5bce-ba71-7a750427392a"",""aba074a1-d451-595d-bc12-e257adbe7383"",""1ca34094-ee4d-5962-a78a-174d361a9cd3"",""7edb0577-da07-5c6f-8391-bb90e9822165"",""d7c5d484-54dc-5d1e-a3ac-65d60267a12c"",""f416cc8b-3bc2-5c4c-a91c-c56faf748684""]",1,1,1,1,1,1,T2,1,1,0,3,3,UF4,0,0,prespecified_B_E,True,explicit in unit columns; exact fractions retained,binary
M7-analysis-v5,C-SQL-1,UF4:cell:C-SQL-1,dbb63e68d4ed9e904fa985aa5b88d674205b6caab086a8d981ac8918a9c68fb5,"[""4afc763c-033e-501c-9c9c-453207d31e62"",""1fed9611-d0cc-51e5-86e7-4ba237c836a2"",""0e4d4039-5409-5be7-a300-ded85e9c22d7"",""1c4afc6f-6679-57b7-ab6b-cec3053e85a1"",""76216ff6-0dab-5f43-913f-741c2deb7596"",""fe7c5fea-171a-5d3e-b93c-b9d53dca7c67"",""784c942d-b222-5013-a2e4-de4aa477a143"",""2f2d84f4-6f41-5df7-a828-cc0a3d9cdddf"",""c68f6332-f200-5595-940d-e5bcad78f1fe"",""54c3aba8-cb42-5023-9591-5cdd68bdd7c5"",""b9ac296e-4c6c-5cdc-9e03-14868c124af2"",""022ddff9-4332-5ba5-b884-42537f220a0c"",""0d262496-18e1-5973-84a6-84fbda64d0ff"",""447860c8-1d56-518b-88ad-7e103990b756"",""616ecfda-7163-5a8d-ba60-01f623d8b124"",""656bacfc-b102-5379-8db2-2f9f127621e0"",""88f2e658-6155-5924-bc85-63fe2aabb08a"",""9f032fb3-90ca-5749-aff5-1065077ac10e"",""4d2e4005-a84b-525b-a492-d367c5e405d0"",""12b20e20-e117-5c00-83bc-e589b92b730e"",""e97a5398-37b9-5e89-91a9-9b3ae48d9534"",""7a8f92c5-5f85-593a-bf90-08e13c60a2e6"",""aa66f5e3-ac0e-57d6-9b69-aa54ea7c4fb9"",""d07b7490-853e-562b-b662-305e89e7718d"",""596c0800-372d-5056-8a35-9f8661656bf4"",""d08816e6-d4d6-5f35-9de3-d86528fa7a96"",""2e126757-f17e-5ee2-93db-94d31ed944b2"",""5e1af4e2-330f-563f-b639-2d3cd8d276c8"",""49cd1889-2a56-5913-8723-929335f68874"",""82b898ba-3b6d-567f-8996-4f259b74547e"",""d38eb7d2-e78b-5c2f-93e4-2e34846e80e6"",""33effc64-dcfe-5ced-badf-c4df49f68dc1"",""a3a03b99-34c0-504b-b529-32b798db318a"",""8b3ec7b0-123f-5597-95f7-1fafc5810d01"",""035c5442-19b8-5a84-8a59-b352a9660279"",""d6d45010-72fa-5741-b733-88958a8795d2"",""ab8215e5-b753-5a6a-a4e7-ad9caf42eeac"",""1b20061c-b208-551a-b06c-81ffeff623fc"",""9b6d0913-2ae6-5dab-ab36-d05e1c51b208"",""a27c1fb2-edc1-57e6-9d74-adb5a13fed3b"",""4696448b-8c21-591b-80cc-7344ea0b95ec"",""c1d75a33-928c-5636-b99c-def1fb29e0f5"",""61eebfb6-2555-5bce-ba71-7a750427392a"",""aba074a1-d451-595d-bc12-e257adbe7383"",""1ca34094-ee4d-5962-a78a-174d361a9cd3"",""7edb0577-da07-5c6f-8391-bb90e9822165"",""d7c5d484-54dc-5d1e-a3ac-65d60267a12c"",""f416cc8b-3bc2-5c4c-a91c-c56faf748684""]",1,1,1,1,1,1,T3,1,1,0,3,3,UF4,0,0,prespecified_B_E,True,explicit in unit columns; exact fractions retained,binary
M7-analysis-v5,C-SQL-1,UF4:cell:C-SQL-1,dbb63e68d4ed9e904fa985aa5b88d674205b6caab086a8d981ac8918a9c68fb5,"[""4afc763c-033e-501c-9c9c-453207d31e62"",""1fed9611-d0cc-51e5-86e7-4ba237c836a2"",""0e4d4039-5409-5be7-a300-ded85e9c22d7"",""1c4afc6f-6679-57b7-ab6b-cec3053e85a1"",""76216ff6-0dab-5f43-913f-741c2deb7596"",""fe7c5fea-171a-5d3e-b93c-b9d53dca7c67"",""784c942d-b222-5013-a2e4-de4aa477a143"",""2f2d84f4-6f41-5df7-a828-cc0a3d9cdddf"",""c68f6332-f200-5595-940d-e5bcad78f1fe"",""54c3aba8-cb42-5023-9591-5cdd68bdd7c5"",""b9ac296e-4c6c-5cdc-9e03-14868c124af2"",""022ddff9-4332-5ba5-b884-42537f220a0c"",""0d262496-18e1-5973-84a6-84fbda64d0ff"",""447860c8-1d56-518b-88ad-7e103990b756"",""616ecfda-7163-5a8d-ba60-01f623d8b124"",""656bacfc-b102-5379-8db2-2f9f127621e0"",""88f2e658-6155-5924-bc85-63fe2aabb08a"",""9f032fb3-90ca-5749-aff5-1065077ac10e"",""4d2e4005-a84b-525b-a492-d367c5e405d0"",""12b20e20-e117-5c00-83bc-e589b92b730e"",""e97a5398-37b9-5e89-91a9-9b3ae48d9534"",""7a8f92c5-5f85-593a-bf90-08e13c60a2e6"",""aa66f5e3-ac0e-57d6-9b69-aa54ea7c4fb9"",""d07b7490-853e-562b-b662-305e89e7718d"",""596c0800-372d-5056-8a35-9f8661656bf4"",""d08816e6-d4d6-5f35-9de3-d86528fa7a96"",""2e126757-f17e-5ee2-93db-94d31ed944b2"",""5e1af4e2-330f-563f-b639-2d3cd8d276c8"",""49cd1889-2a56-5913-8723-929335f68874"",""82b898ba-3b6d-567f-8996-4f259b74547e"",""d38eb7d2-e78b-5c2f-93e4-2e34846e80e6"",""33effc64-dcfe-5ced-badf-c4df49f68dc1"",""a3a03b99-34c0-504b-b529-32b798db318a"",""8b3ec7b0-123f-5597-95f7-1fafc5810d01"",""035c5442-19b8-5a84-8a59-b352a9660279"",""d6d45010-72fa-5741-b733-88958a8795d2"",""ab8215e5-b753-5a6a-a4e7-ad9caf42eeac"",""1b20061c-b208-551a-b06c-81ffeff623fc"",""9b6d0913-2ae6-5dab-ab36-d05e1c51b208"",""a27c1fb2-edc1-57e6-9d74-adb5a13fed3b"",""4696448b-8c21-591b-80cc-7344ea0b95ec"",""c1d75a33-928c-5636-b99c-def1fb29e0f5"",""61eebfb6-2555-5bce-ba71-7a750427392a"",""aba074a1-d451-595d-bc12-e257adbe7383"",""1ca34094-ee4d-5962-a78a-174d361a9cd3"",""7edb0577-da07-5c6f-8391-bb90e9822165"",""d7c5d484-54dc-5d1e-a3ac-65d60267a12c"",""f416cc8b-3bc2-5c4c-a91c-c56faf748684""]",1,1,1,1,1,1,T4,1,1,0,3,3,UF4,0,0,prespecified_B_E,True,explicit in unit columns; exact fractions retained,binary
M7-analysis-v5,C-SQL-1,UF4:cell:C-SQL-1,dbb63e68d4ed9e904fa985aa5b88d674205b6caab086a8d981ac8918a9c68fb5,"[""4afc763c-033e-501c-9c9c-453207d31e62"",""1fed9611-d0cc-51e5-86e7-4ba237c836a2"",""0e4d4039-5409-5be7-a300-ded85e9c22d7"",""1c4afc6f-6679-57b7-ab6b-cec3053e85a1"",""76216ff6-0dab-5f43-913f-741c2deb7596"",""fe7c5fea-171a-5d3e-b93c-b9d53dca7c67"",""784c942d-b222-5013-a2e4-de4aa477a143"",""2f2d84f4-6f41-5df7-a828-cc0a3d9cdddf"",""c68f6332-f200-5595-940d-e5bcad78f1fe"",""54c3aba8-cb42-5023-9591-5cdd68bdd7c5"",""b9ac296e-4c6c-5cdc-9e03-14868c124af2"",""022ddff9-4332-5ba5-b884-42537f220a0c"",""0d262496-18e1-5973-84a6-84fbda64d0ff"",""447860c8-1d56-518b-88ad-7e103990b756"",""616ecfda-7163-5a8d-ba60-01f623d8b124"",""656bacfc-b102-5379-8db2-2f9f127621e0"",""88f2e658-6155-5924-bc85-63fe2aabb08a"",""9f032fb3-90ca-5749-aff5-1065077ac10e"",""4d2e4005-a84b-525b-a492-d367c5e405d0"",""12b20e20-e117-5c00-83bc-e589b92b730e"",""e97a5398-37b9-5e89-91a9-9b3ae48d9534"",""7a8f92c5-5f85-593a-bf90-08e13c60a2e6"",""aa66f5e3-ac0e-57d6-9b69-aa54ea7c4fb9"",""d07b7490-853e-562b-b662-305e89e7718d"",""596c0800-372d-5056-8a35-9f8661656bf4"",""d08816e6-d4d6-5f35-9de3-d86528fa7a96"",""2e126757-f17e-5ee2-93db-94d31ed944b2"",""5e1af4e2-330f-563f-b639-2d3cd8d276c8"",""49cd1889-2a56-5913-8723-929335f68874"",""82b898ba-3b6d-567f-8996-4f259b74547e"",""d38eb7d2-e78b-5c2f-93e4-2e34846e80e6"",""33effc64-dcfe-5ced-badf-c4df49f68dc1"",""a3a03b99-34c0-504b-b529-32b798db318a"",""8b3ec7b0-123f-5597-95f7-1fafc5810d01"",""035c5442-19b8-5a84-8a59-b352a9660279"",""d6d45010-72fa-5741-b733-88958a8795d2"",""ab8215e5-b753-5a6a-a4e7-ad9caf42eeac"",""1b20061c-b208-551a-b06c-81ffeff623fc"",""9b6d0913-2ae6-5dab-ab36-d05e1c51b208"",""a27c1fb2-edc1-57e6-9d74-adb5a13fed3b"",""4696448b-8c21-591b-80cc-7344ea0b95ec"",""c1d75a33-928c-5636-b99c-def1fb29e0f5"",""61eebfb6-2555-5bce-ba71-7a750427392a"",""aba074a1-d451-595d-bc12-e257adbe7383"",""1ca34094-ee4d-5962-a78a-174d361a9cd3"",""7edb0577-da07-5c6f-8391-bb90e9822165"",""d7c5d484-54dc-5d1e-a3ac-65d60267a12c"",""f416cc8b-3bc2-5c4c-a91c-c56faf748684""]",1,1,1,1,1,1,T5,1,1,0,3,3,UF4,0,0,prespecified_B_E,True,explicit in unit columns; exact fractions retained,binary
M7-analysis-v5,C-SQL-1,UF4:cell:C-SQL-1,dbb63e68d4ed9e904fa985aa5b88d674205b6caab086a8d981ac8918a9c68fb5,"[""4afc763c-033e-501c-9c9c-453207d31e62"",""1fed9611-d0cc-51e5-86e7-4ba237c836a2"",""0e4d4039-5409-5be7-a300-ded85e9c22d7"",""1c4afc6f-6679-57b7-ab6b-cec3053e85a1"",""76216ff6-0dab-5f43-913f-741c2deb7596"",""fe7c5fea-171a-5d3e-b93c-b9d53dca7c67"",""784c942d-b222-5013-a2e4-de4aa477a143"",""2f2d84f4-6f41-5df7-a828-cc0a3d9cdddf"",""c68f6332-f200-5595-940d-e5bcad78f1fe"",""54c3aba8-cb42-5023-9591-5cdd68bdd7c5"",""b9ac296e-4c6c-5cdc-9e03-14868c124af2"",""022ddff9-4332-5ba5-b884-42537f220a0c"",""0d262496-18e1-5973-84a6-84fbda64d0ff"",""447860c8-1d56-518b-88ad-7e103990b756"",""616ecfda-7163-5a8d-ba60-01f623d8b124"",""656bacfc-b102-5379-8db2-2f9f127621e0"",""88f2e658-6155-5924-bc85-63fe2aabb08a"",""9f032fb3-90ca-5749-aff5-1065077ac10e"",""4d2e4005-a84b-525b-a492-d367c5e405d0"",""12b20e20-e117-5c00-83bc-e589b92b730e"",""e97a5398-37b9-5e89-91a9-9b3ae48d9534"",""7a8f92c5-5f85-593a-bf90-08e13c60a2e6"",""aa66f5e3-ac0e-57d6-9b69-aa54ea7c4fb9"",""d07b7490-853e-562b-b662-305e89e7718d"",""596c0800-372d-5056-8a35-9f8661656bf4"",""d08816e6-d4d6-5f35-9de3-d86528fa7a96"",""2e126757-f17e-5ee2-93db-94d31ed944b2"",""5e1af4e2-330f-563f-b639-2d3cd8d276c8"",""49cd1889-2a56-5913-8723-929335f68874"",""82b898ba-3b6d-567f-8996-4f259b74547e"",""d38eb7d2-e78b-5c2f-93e4-2e34846e80e6"",""33effc64-dcfe-5ced-badf-c4df49f68dc1"",""a3a03b99-34c0-504b-b529-32b798db318a"",""8b3ec7b0-123f-5597-95f7-1fafc5810d01"",""035c5442-19b8-5a84-8a59-b352a9660279"",""d6d45010-72fa-5741-b733-88958a8795d2"",""ab8215e5-b753-5a6a-a4e7-ad9caf42eeac"",""1b20061c-b208-551a-b06c-81ffeff623fc"",""9b6d0913-2ae6-5dab-ab36-d05e1c51b208"",""a27c1fb2-edc1-57e6-9d74-adb5a13fed3b"",""4696448b-8c21-591b-80cc-7344ea0b95ec"",""c1d75a33-928c-5636-b99c-def1fb29e0f5"",""61eebfb6-2555-5bce-ba71-7a750427392a"",""aba074a1-d451-595d-bc12-e257adbe7383"",""1ca34094-ee4d-5962-a78a-174d361a9cd3"",""7edb0577-da07-5c6f-8391-bb90e9822165"",""d7c5d484-54dc-5d1e-a3ac-65d60267a12c"",""f416cc8b-3bc2-5c4c-a91c-c56faf748684""]",1,1,1,1,1,1,full_success,1,1,0,3,3,UF4,0,0,prespecified_B_E,True,explicit in unit columns; exact fractions retained,binary
M7-analysis-v5,C-SQL-1,UF4:cell:C-SQL-1,dbb63e68d4ed9e904fa985aa5b88d674205b6caab086a8d981ac8918a9c68fb5,"[""4afc763c-033e-501c-9c9c-453207d31e62"",""1fed9611-d0cc-51e5-86e7-4ba237c836a2"",""0e4d4039-5409-5be7-a300-ded85e9c22d7"",""1c4afc6f-6679-57b7-ab6b-cec3053e85a1"",""76216ff6-0dab-5f43-913f-741c2deb7596"",""fe7c5fea-171a-5d3e-b93c-b9d53dca7c67"",""784c942d-b222-5013-a2e4-de4aa477a143"",""2f2d84f4-6f41-5df7-a828-cc0a3d9cdddf"",""c68f6332-f200-5595-940d-e5bcad78f1fe"",""54c3aba8-cb42-5023-9591-5cdd68bdd7c5"",""b9ac296e-4c6c-5cdc-9e03-14868c124af2"",""022ddff9-4332-5ba5-b884-42537f220a0c"",""0d262496-18e1-5973-84a6-84fbda64d0ff"",""447860c8-1d56-518b-88ad-7e103990b756"",""616ecfda-7163-5a8d-ba60-01f623d8b124"",""656bacfc-b102-5379-8db2-2f9f127621e0"",""88f2e658-6155-5924-bc85-63fe2aabb08a"",""9f032fb3-90ca-5749-aff5-1065077ac10e"",""4d2e4005-a84b-525b-a492-d367c5e405d0"",""12b20e20-e117-5c00-83bc-e589b92b730e"",""e97a5398-37b9-5e89-91a9-9b3ae48d9534"",""7a8f92c5-5f85-593a-bf90-08e13c60a2e6"",""aa66f5e3-ac0e-57d6-9b69-aa54ea7c4fb9"",""d07b7490-853e-562b-b662-305e89e7718d"",""596c0800-372d-5056-8a35-9f8661656bf4"",""d08816e6-d4d6-5f35-9de3-d86528fa7a96"",""2e126757-f17e-5ee2-93db-94d31ed944b2"",""5e1af4e2-330f-563f-b639-2d3cd8d276c8"",""49cd1889-2a56-5913-8723-929335f68874"",""82b898ba-3b6d-567f-8996-4f259b74547e"",""d38eb7d2-e78b-5c2f-93e4-2e34846e80e6"",""33effc64-dcfe-5ced-badf-c4df49f68dc1"",""a3a03b99-34c0-504b-b529-32b798db318a"",""8b3ec7b0-123f-5597-95f7-1fafc5810d01"",""035c5442-19b8-5a84-8a59-b352a9660279"",""d6d45010-72fa-5741-b733-88958a8795d2"",""ab8215e5-b753-5a6a-a4e7-ad9caf42eeac"",""1b20061c-b208-551a-b06c-81ffeff623fc"",""9b6d0913-2ae6-5dab-ab36-d05e1c51b208"",""a27c1fb2-edc1-57e6-9d74-adb5a13fed3b"",""4696448b-8c21-591b-80cc-7344ea0b95ec"",""c1d75a33-928c-5636-b99c-def1fb29e0f5"",""61eebfb6-2555-5bce-ba71-7a750427392a"",""aba074a1-d451-595d-bc12-e257adbe7383"",""1ca34094-ee4d-5962-a78a-174d361a9cd3"",""7edb0577-da07-5c6f-8391-bb90e9822165"",""d7c5d484-54dc-5d1e-a3ac-65d60267a12c"",""f416cc8b-3bc2-5c4c-a91c-c56faf748684""]",1,1,1,1,1,1,raw_pass_ratio,1,1,0,3,3,UF4,0,0,prespecified_B_E,True,explicit in unit columns; exact fractions retained,ratio
M7-analysis-v5,C-SQL-1,UF4:cell:C-SQL-1,dbb63e68d4ed9e904fa985aa5b88d674205b6caab086a8d981ac8918a9c68fb5,"[""4afc763c-033e-501c-9c9c-453207d31e62"",""1fed9611-d0cc-51e5-86e7-4ba237c836a2"",""0e4d4039-5409-5be7-a300-ded85e9c22d7"",""1c4afc6f-6679-57b7-ab6b-cec3053e85a1"",""76216ff6-0dab-5f43-913f-741c2deb7596"",""fe7c5fea-171a-5d3e-b93c-b9d53dca7c67"",""784c942d-b222-5013-a2e4-de4aa477a143"",""2f2d84f4-6f41-5df7-a828-cc0a3d9cdddf"",""c68f6332-f200-5595-940d-e5bcad78f1fe"",""54c3aba8-cb42-5023-9591-5cdd68bdd7c5"",""b9ac296e-4c6c-5cdc-9e03-14868c124af2"",""022ddff9-4332-5ba5-b884-42537f220a0c"",""0d262496-18e1-5973-84a6-84fbda64d0ff"",""447860c8-1d56-518b-88ad-7e103990b756"",""616ecfda-7163-5a8d-ba60-01f623d8b124"",""656bacfc-b102-5379-8db2-2f9f127621e0"",""88f2e658-6155-5924-bc85-63fe2aabb08a"",""9f032fb3-90ca-5749-aff5-1065077ac10e"",""4d2e4005-a84b-525b-a492-d367c5e405d0"",""12b20e20-e117-5c00-83bc-e589b92b730e"",""e97a5398-37b9-5e89-91a9-9b3ae48d9534"",""7a8f92c5-5f85-593a-bf90-08e13c60a2e6"",""aa66f5e3-ac0e-57d6-9b69-aa54ea7c4fb9"",""d07b7490-853e-562b-b662-305e89e7718d"",""596c0800-372d-5056-8a35-9f8661656bf4"",""d08816e6-d4d6-5f35-9de3-d86528fa7a96"",""2e126757-f17e-5ee2-93db-94d31ed944b2"",""5e1af4e2-330f-563f-b639-2d3cd8d276c8"",""49cd1889-2a56-5913-8723-929335f68874"",""82b898ba-3b6d-567f-8996-4f259b74547e"",""d38eb7d2-e78b-5c2f-93e4-2e34846e80e6"",""33effc64-dcfe-5ced-badf-c4df49f68dc1"",""a3a03b99-34c0-504b-b529-32b798db318a"",""8b3ec7b0-123f-5597-95f7-1fafc5810d01"",""035c5442-19b8-5a84-8a59-b352a9660279"",""d6d45010-72fa-5741-b733-88958a8795d2"",""ab8215e5-b753-5a6a-a4e7-ad9caf42eeac"",""1b20061c-b208-551a-b06c-81ffeff623fc"",""9b6d0913-2ae6-5dab-ab36-d05e1c51b208"",""a27c1fb2-edc1-57e6-9d74-adb5a13fed3b"",""4696448b-8c21-591b-80cc-7344ea0b95ec"",""c1d75a33-928c-5636-b99c-def1fb29e0f5"",""61eebfb6-2555-5bce-ba71-7a750427392a"",""aba074a1-d451-595d-bc12-e257adbe7383"",""1ca34094-ee4d-5962-a78a-174d361a9cd3"",""7edb0577-da07-5c6f-8391-bb90e9822165"",""d7c5d484-54dc-5d1e-a3ac-65d60267a12c"",""f416cc8b-3bc2-5c4c-a91c-c56faf748684""]",1,1,1,1,1,1,repair_count,1,1,0,3,3,UF4,0,0,prespecified_B_E,True,explicit in unit columns; exact fractions retained,count
M7-analysis-v5,C-SQL-1,UF4:cell:C-SQL-1,dbb63e68d4ed9e904fa985aa5b88d674205b6caab086a8d981ac8918a9c68fb5,"[""4afc763c-033e-501c-9c9c-453207d31e62"",""1fed9611-d0cc-51e5-86e7-4ba237c836a2"",""0e4d4039-5409-5be7-a300-ded85e9c22d7"",""1c4afc6f-6679-57b7-ab6b-cec3053e85a1"",""76216ff6-0dab-5f43-913f-741c2deb7596"",""fe7c5fea-171a-5d3e-b93c-b9d53dca7c67"",""784c942d-b222-5013-a2e4-de4aa477a143"",""2f2d84f4-6f41-5df7-a828-cc0a3d9cdddf"",""c68f6332-f200-5595-940d-e5bcad78f1fe"",""54c3aba8-cb42-5023-9591-5cdd68bdd7c5"",""b9ac296e-4c6c-5cdc-9e03-14868c124af2"",""022ddff9-4332-5ba5-b884-42537f220a0c"",""0d262496-18e1-5973-84a6-84fbda64d0ff"",""447860c8-1d56-518b-88ad-7e103990b756"",""616ecfda-7163-5a8d-ba60-01f623d8b124"",""656bacfc-b102-5379-8db2-2f9f127621e0"",""88f2e658-6155-5924-bc85-63fe2aabb08a"",""9f032fb3-90ca-5749-aff5-1065077ac10e"",""4d2e4005-a84b-525b-a492-d367c5e405d0"",""12b20e20-e117-5c00-83bc-e589b92b730e"",""e97a5398-37b9-5e89-91a9-9b3ae48d9534"",""7a8f92c5-5f85-593a-bf90-08e13c60a2e6"",""aa66f5e3-ac0e-57d6-9b69-aa54ea7c4fb9"",""d07b7490-853e-562b-b662-305e89e7718d"",""596c0800-372d-5056-8a35-9f8661656bf4"",""d08816e6-d4d6-5f35-9de3-d86528fa7a96"",""2e126757-f17e-5ee2-93db-94d31ed944b2"",""5e1af4e2-330f-563f-b639-2d3cd8d276c8"",""49cd1889-2a56-5913-8723-929335f68874"",""82b898ba-3b6d-567f-8996-4f259b74547e"",""d38eb7d2-e78b-5c2f-93e4-2e34846e80e6"",""33effc64-dcfe-5ced-badf-c4df49f68dc1"",""a3a03b99-34c0-504b-b529-32b798db318a"",""8b3ec7b0-123f-5597-95f7-1fafc5810d01"",""035c5442-19b8-5a84-8a59-b352a9660279"",""d6d45010-72fa-5741-b733-88958a8795d2"",""ab8215e5-b753-5a6a-a4e7-ad9caf42eeac"",""1b20061c-b208-551a-b06c-81ffeff623fc"",""9b6d0913-2ae6-5dab-ab36-d05e1c51b208"",""a27c1fb2-edc1-57e6-9d74-adb5a13fed3b"",""4696448b-8c21-591b-80cc-7344ea0b95ec"",""c1d75a33-928c-5636-b99c-def1fb29e0f5"",""61eebfb6-2555-5bce-ba71-7a750427392a"",""aba074a1-d451-595d-bc12-e257adbe7383"",""1ca34094-ee4d-5962-a78a-174d361a9cd3"",""7edb0577-da07-5c6f-8391-bb90e9822165"",""d7c5d484-54dc-5d1e-a3ac-65d60267a12c"",""f416cc8b-3bc2-5c4c-a91c-c56faf748684""]",14578,14578,13629.33333333333333333333333333333333333,40888/3,14002,14002,tokens.output,12308,12308,0,3,3,UF4,1179.993785294368969174986054405443094539,1179.993785294368969174986054405443094539,prespecified_B_E,True,explicit in unit columns; exact fractions retained,tokens
M7-analysis-v5,C-SQL-1,UF4:cell:C-SQL-1,dbb63e68d4ed9e904fa985aa5b88d674205b6caab086a8d981ac8918a9c68fb5,"[""4afc763c-033e-501c-9c9c-453207d31e62"",""1fed9611-d0cc-51e5-86e7-4ba237c836a2"",""0e4d4039-5409-5be7-a300-ded85e9c22d7"",""1c4afc6f-6679-57b7-ab6b-cec3053e85a1"",""76216ff6-0dab-5f43-913f-741c2deb7596"",""fe7c5fea-171a-5d3e-b93c-b9d53dca7c67"",""784c942d-b222-5013-a2e4-de4aa477a143"",""2f2d84f4-6f41-5df7-a828-cc0a3d9cdddf"",""c68f6332-f200-5595-940d-e5bcad78f1fe"",""54c3aba8-cb42-5023-9591-5cdd68bdd7c5"",""b9ac296e-4c6c-5cdc-9e03-14868c124af2"",""022ddff9-4332-5ba5-b884-42537f220a0c"",""0d262496-18e1-5973-84a6-84fbda64d0ff"",""447860c8-1d56-518b-88ad-7e103990b756"",""616ecfda-7163-5a8d-ba60-01f623d8b124"",""656bacfc-b102-5379-8db2-2f9f127621e0"",""88f2e658-6155-5924-bc85-63fe2aabb08a"",""9f032fb3-90ca-5749-aff5-1065077ac10e"",""4d2e4005-a84b-525b-a492-d367c5e405d0"",""12b20e20-e117-5c00-83bc-e589b92b730e"",""e97a5398-37b9-5e89-91a9-9b3ae48d9534"",""7a8f92c5-5f85-593a-bf90-08e13c60a2e6"",""aa66f5e3-ac0e-57d6-9b69-aa54ea7c4fb9"",""d07b7490-853e-562b-b662-305e89e7718d"",""596c0800-372d-5056-8a35-9f8661656bf4"",""d08816e6-d4d6-5f35-9de3-d86528fa7a96"",""2e126757-f17e-5ee2-93db-94d31ed944b2"",""5e1af4e2-330f-563f-b639-2d3cd8d276c8"",""49cd1889-2a56-5913-8723-929335f68874"",""82b898ba-3b6d-567f-8996-4f259b74547e"",""d38eb7d2-e78b-5c2f-93e4-2e34846e80e6"",""33effc64-dcfe-5ced-badf-c4df49f68dc1"",""a3a03b99-34c0-504b-b529-32b798db318a"",""8b3ec7b0-123f-5597-95f7-1fafc5810d01"",""035c5442-19b8-5a84-8a59-b352a9660279"",""d6d45010-72fa-5741-b733-88958a8795d2"",""ab8215e5-b753-5a6a-a4e7-ad9caf42eeac"",""1b20061c-b208-551a-b06c-81ffeff623fc"",""9b6d0913-2ae6-5dab-ab36-d05e1c51b208"",""a27c1fb2-edc1-57e6-9d74-adb5a13fed3b"",""4696448b-8c21-591b-80cc-7344ea0b95ec"",""c1d75a33-928c-5636-b99c-def1fb29e0f5"",""61eebfb6-2555-5bce-ba71-7a750427392a"",""aba074a1-d451-595d-bc12-e257adbe7383"",""1ca34094-ee4d-5962-a78a-174d361a9cd3"",""7edb0577-da07-5c6f-8391-bb90e9822165"",""d7c5d484-54dc-5d1e-a3ac-65d60267a12c"",""f416cc8b-3bc2-5c4c-a91c-c56faf748684""]",434.437316074,217218658037/500000000,356.2308859816666666666666666666666666667,213738531589/600000000,329.133518816,10285422463/31250000,pipeline_seconds,305.121823055,61024364611/200000000,0,3,3,UF4,68.78462520192991430060600783883932362362,68.78462520192991430060600783883932362362,prespecified_B_E,True,explicit in unit columns; exact fractions retained,s
M7-analysis-v5,C-SQL-1,UF4:cell:C-SQL-1,dbb63e68d4ed9e904fa985aa5b88d674205b6caab086a8d981ac8918a9c68fb5,"[""4afc763c-033e-501c-9c9c-453207d31e62"",""1fed9611-d0cc-51e5-86e7-4ba237c836a2"",""0e4d4039-5409-5be7-a300-ded85e9c22d7"",""1c4afc6f-6679-57b7-ab6b-cec3053e85a1"",""76216ff6-0dab-5f43-913f-741c2deb7596"",""fe7c5fea-171a-5d3e-b93c-b9d53dca7c67"",""784c942d-b222-5013-a2e4-de4aa477a143"",""2f2d84f4-6f41-5df7-a828-cc0a3d9cdddf"",""c68f6332-f200-5595-940d-e5bcad78f1fe"",""54c3aba8-cb42-5023-9591-5cdd68bdd7c5"",""b9ac296e-4c6c-5cdc-9e03-14868c124af2"",""022ddff9-4332-5ba5-b884-42537f220a0c"",""0d262496-18e1-5973-84a6-84fbda64d0ff"",""447860c8-1d56-518b-88ad-7e103990b756"",""616ecfda-7163-5a8d-ba60-01f623d8b124"",""656bacfc-b102-5379-8db2-2f9f127621e0"",""88f2e658-6155-5924-bc85-63fe2aabb08a"",""9f032fb3-90ca-5749-aff5-1065077ac10e"",""4d2e4005-a84b-525b-a492-d367c5e405d0"",""12b20e20-e117-5c00-83bc-e589b92b730e"",""e97a5398-37b9-5e89-91a9-9b3ae48d9534"",""7a8f92c5-5f85-593a-bf90-08e13c60a2e6"",""aa66f5e3-ac0e-57d6-9b69-aa54ea7c4fb9"",""d07b7490-853e-562b-b662-305e89e7718d"",""596c0800-372d-5056-8a35-9f8661656bf4"",""d08816e6-d4d6-5f35-9de3-d86528fa7a96"",""2e126757-f17e-5ee2-93db-94d31ed944b2"",""5e1af4e2-330f-563f-b639-2d3cd8d276c8"",""49cd1889-2a56-5913-8723-929335f68874"",""82b898ba-3b6d-567f-8996-4f259b74547e"",""d38eb7d2-e78b-5c2f-93e4-2e34846e80e6"",""33effc64-dcfe-5ced-badf-c4df49f68dc1"",""a3a03b99-34c0-504b-b529-32b798db318a"",""8b3ec7b0-123f-5597-95f7-1fafc5810d01"",""035c5442-19b8-5a84-8a59-b352a9660279"",""d6d45010-72fa-5741-b733-88958a8795d2"",""ab8215e5-b753-5a6a-a4e7-ad9caf42eeac"",""1b20061c-b208-551a-b06c-81ffeff623fc"",""9b6d0913-2ae6-5dab-ab36-d05e1c51b208"",""a27c1fb2-edc1-57e6-9d74-adb5a13fed3b"",""4696448b-8c21-591b-80cc-7344ea0b95ec"",""c1d75a33-928c-5636-b99c-def1fb29e0f5"",""61eebfb6-2555-5bce-ba71-7a750427392a"",""aba074a1-d451-595d-bc12-e257adbe7383"",""1ca34094-ee4d-5962-a78a-174d361a9cd3"",""7edb0577-da07-5c6f-8391-bb90e9822165"",""d7c5d484-54dc-5d1e-a3ac-65d60267a12c"",""f416cc8b-3bc2-5c4c-a91c-c56faf748684""]",434.437316074,217218658037/500000000,356.2308859816666666666666666666666666667,213738531589/600000000,329.133518816,10285422463/31250000,total_seconds,305.121823055,61024364611/200000000,0,3,3,UF4,68.78462520192991430060600783883932362362,68.78462520192991430060600783883932362362,prespecified_B_E,True,explicit in unit columns; exact fractions retained,s
M7-analysis-v5,C-SQL-1,UF4:cell:C-SQL-1,dbb63e68d4ed9e904fa985aa5b88d674205b6caab086a8d981ac8918a9c68fb5,"[""4afc763c-033e-501c-9c9c-453207d31e62"",""1fed9611-d0cc-51e5-86e7-4ba237c836a2"",""0e4d4039-5409-5be7-a300-ded85e9c22d7"",""1c4afc6f-6679-57b7-ab6b-cec3053e85a1"",""76216ff6-0dab-5f43-913f-741c2deb7596"",""fe7c5fea-171a-5d3e-b93c-b9d53dca7c67"",""784c942d-b222-5013-a2e4-de4aa477a143"",""2f2d84f4-6f41-5df7-a828-cc0a3d9cdddf"",""c68f6332-f200-5595-940d-e5bcad78f1fe"",""54c3aba8-cb42-5023-9591-5cdd68bdd7c5"",""b9ac296e-4c6c-5cdc-9e03-14868c124af2"",""022ddff9-4332-5ba5-b884-42537f220a0c"",""0d262496-18e1-5973-84a6-84fbda64d0ff"",""447860c8-1d56-518b-88ad-7e103990b756"",""616ecfda-7163-5a8d-ba60-01f623d8b124"",""656bacfc-b102-5379-8db2-2f9f127621e0"",""88f2e658-6155-5924-bc85-63fe2aabb08a"",""9f032fb3-90ca-5749-aff5-1065077ac10e"",""4d2e4005-a84b-525b-a492-d367c5e405d0"",""12b20e20-e117-5c00-83bc-e589b92b730e"",""e97a5398-37b9-5e89-91a9-9b3ae48d9534"",""7a8f92c5-5f85-593a-bf90-08e13c60a2e6"",""aa66f5e3-ac0e-57d6-9b69-aa54ea7c4fb9"",""d07b7490-853e-562b-b662-305e89e7718d"",""596c0800-372d-5056-8a35-9f8661656bf4"",""d08816e6-d4d6-5f35-9de3-d86528fa7a96"",""2e126757-f17e-5ee2-93db-94d31ed944b2"",""5e1af4e2-330f-563f-b639-2d3cd8d276c8"",""49cd1889-2a56-5913-8723-929335f68874"",""82b898ba-3b6d-567f-8996-4f259b74547e"",""d38eb7d2-e78b-5c2f-93e4-2e34846e80e6"",""33effc64-dcfe-5ced-badf-c4df49f68dc1"",""a3a03b99-34c0-504b-b529-32b798db318a"",""8b3ec7b0-123f-5597-95f7-1fafc5810d01"",""035c5442-19b8-5a84-8a59-b352a9660279"",""d6d45010-72fa-5741-b733-88958a8795d2"",""ab8215e5-b753-5a6a-a4e7-ad9caf42eeac"",""1b20061c-b208-551a-b06c-81ffeff623fc"",""9b6d0913-2ae6-5dab-ab36-d05e1c51b208"",""a27c1fb2-edc1-57e6-9d74-adb5a13fed3b"",""4696448b-8c21-591b-80cc-7344ea0b95ec"",""c1d75a33-928c-5636-b99c-def1fb29e0f5"",""61eebfb6-2555-5bce-ba71-7a750427392a"",""aba074a1-d451-595d-bc12-e257adbe7383"",""1ca34094-ee4d-5962-a78a-174d361a9cd3"",""7edb0577-da07-5c6f-8391-bb90e9822165"",""d7c5d484-54dc-5d1e-a3ac-65d60267a12c"",""f416cc8b-3bc2-5c4c-a91c-c56faf748684""]",46,46,43,43,42,42,L,41,41,0,3,3,UF4,2.64575131106459059050161575363926042571,2.645751311064590590501615753639260425710,prespecified_B_E,True,explicit in unit columns; exact fractions retained,lines
M7-analysis-v5,C-SQL-1,UF4:cell:C-SQL-1,dbb63e68d4ed9e904fa985aa5b88d674205b6caab086a8d981ac8918a9c68fb5,"[""4afc763c-033e-501c-9c9c-453207d31e62"",""1fed9611-d0cc-51e5-86e7-4ba237c836a2"",""0e4d4039-5409-5be7-a300-ded85e9c22d7"",""1c4afc6f-6679-57b7-ab6b-cec3053e85a1"",""76216ff6-0dab-5f43-913f-741c2deb7596"",""fe7c5fea-171a-5d3e-b93c-b9d53dca7c67"",""784c942d-b222-5013-a2e4-de4aa477a143"",""2f2d84f4-6f41-5df7-a828-cc0a3d9cdddf"",""c68f6332-f200-5595-940d-e5bcad78f1fe"",""54c3aba8-cb42-5023-9591-5cdd68bdd7c5"",""b9ac296e-4c6c-5cdc-9e03-14868c124af2"",""022ddff9-4332-5ba5-b884-42537f220a0c"",""0d262496-18e1-5973-84a6-84fbda64d0ff"",""447860c8-1d56-518b-88ad-7e103990b756"",""616ecfda-7163-5a8d-ba60-01f623d8b124"",""656bacfc-b102-5379-8db2-2f9f127621e0"",""88f2e658-6155-5924-bc85-63fe2aabb08a"",""9f032fb3-90ca-5749-aff5-1065077ac10e"",""4d2e4005-a84b-525b-a492-d367c5e405d0"",""12b20e20-e117-5c00-83bc-e589b92b730e"",""e97a5398-37b9-5e89-91a9-9b3ae48d9534"",""7a8f92c5-5f85-593a-bf90-08e13c60a2e6"",""aa66f5e3-ac0e-57d6-9b69-aa54ea7c4fb9"",""d07b7490-853e-562b-b662-305e89e7718d"",""596c0800-372d-5056-8a35-9f8661656bf4"",""d08816e6-d4d6-5f35-9de3-d86528fa7a96"",""2e126757-f17e-5ee2-93db-94d31ed944b2"",""5e1af4e2-330f-563f-b639-2d3cd8d276c8"",""49cd1889-2a56-5913-8723-929335f68874"",""82b898ba-3b6d-567f-8996-4f259b74547e"",""d38eb7d2-e78b-5c2f-93e4-2e34846e80e6"",""33effc64-dcfe-5ced-badf-c4df49f68dc1"",""a3a03b99-34c0-504b-b529-32b798db318a"",""8b3ec7b0-123f-5597-95f7-1fafc5810d01"",""035c5442-19b8-5a84-8a59-b352a9660279"",""d6d45010-72fa-5741-b733-88958a8795d2"",""ab8215e5-b753-5a6a-a4e7-ad9caf42eeac"",""1b20061c-b208-551a-b06c-81ffeff623fc"",""9b6d0913-2ae6-5dab-ab36-d05e1c51b208"",""a27c1fb2-edc1-57e6-9d74-adb5a13fed3b"",""4696448b-8c21-591b-80cc-7344ea0b95ec"",""c1d75a33-928c-5636-b99c-def1fb29e0f5"",""61eebfb6-2555-5bce-ba71-7a750427392a"",""aba074a1-d451-595d-bc12-e257adbe7383"",""1ca34094-ee4d-5962-a78a-174d361a9cd3"",""7edb0577-da07-5c6f-8391-bb90e9822165"",""d7c5d484-54dc-5d1e-a3ac-65d60267a12c"",""f416cc8b-3bc2-5c4c-a91c-c56faf748684""]",6,6,6,6,6,6,call_count,6,6,0,3,3,UF4,0,0,prespecified_B_E,True,explicit in unit columns; exact fractions retained,count
M7-analysis-v5,C-SQL-1,UF4:cell:C-SQL-1,dbb63e68d4ed9e904fa985aa5b88d674205b6caab086a8d981ac8918a9c68fb5,"[""4afc763c-033e-501c-9c9c-453207d31e62"",""1fed9611-d0cc-51e5-86e7-4ba237c836a2"",""0e4d4039-5409-5be7-a300-ded85e9c22d7"",""1c4afc6f-6679-57b7-ab6b-cec3053e85a1"",""76216ff6-0dab-5f43-913f-741c2deb7596"",""fe7c5fea-171a-5d3e-b93c-b9d53dca7c67"",""784c942d-b222-5013-a2e4-de4aa477a143"",""2f2d84f4-6f41-5df7-a828-cc0a3d9cdddf"",""c68f6332-f200-5595-940d-e5bcad78f1fe"",""54c3aba8-cb42-5023-9591-5cdd68bdd7c5"",""b9ac296e-4c6c-5cdc-9e03-14868c124af2"",""022ddff9-4332-5ba5-b884-42537f220a0c"",""0d262496-18e1-5973-84a6-84fbda64d0ff"",""447860c8-1d56-518b-88ad-7e103990b756"",""616ecfda-7163-5a8d-ba60-01f623d8b124"",""656bacfc-b102-5379-8db2-2f9f127621e0"",""88f2e658-6155-5924-bc85-63fe2aabb08a"",""9f032fb3-90ca-5749-aff5-1065077ac10e"",""4d2e4005-a84b-525b-a492-d367c5e405d0"",""12b20e20-e117-5c00-83bc-e589b92b730e"",""e97a5398-37b9-5e89-91a9-9b3ae48d9534"",""7a8f92c5-5f85-593a-bf90-08e13c60a2e6"",""aa66f5e3-ac0e-57d6-9b69-aa54ea7c4fb9"",""d07b7490-853e-562b-b662-305e89e7718d"",""596c0800-372d-5056-8a35-9f8661656bf4"",""d08816e6-d4d6-5f35-9de3-d86528fa7a96"",""2e126757-f17e-5ee2-93db-94d31ed944b2"",""5e1af4e2-330f-563f-b639-2d3cd8d276c8"",""49cd1889-2a56-5913-8723-929335f68874"",""82b898ba-3b6d-567f-8996-4f259b74547e"",""d38eb7d2-e78b-5c2f-93e4-2e34846e80e6"",""33effc64-dcfe-5ced-badf-c4df49f68dc1"",""a3a03b99-34c0-504b-b529-32b798db318a"",""8b3ec7b0-123f-5597-95f7-1fafc5810d01"",""035c5442-19b8-5a84-8a59-b352a9660279"",""d6d45010-72fa-5741-b733-88958a8795d2"",""ab8215e5-b753-5a6a-a4e7-ad9caf42eeac"",""1b20061c-b208-551a-b06c-81ffeff623fc"",""9b6d0913-2ae6-5dab-ab36-d05e1c51b208"",""a27c1fb2-edc1-57e6-9d74-adb5a13fed3b"",""4696448b-8c21-591b-80cc-7344ea0b95ec"",""c1d75a33-928c-5636-b99c-def1fb29e0f5"",""61eebfb6-2555-5bce-ba71-7a750427392a"",""aba074a1-d451-595d-bc12-e257adbe7383"",""1ca34094-ee4d-5962-a78a-174d361a9cd3"",""7edb0577-da07-5c6f-8391-bb90e9822165"",""d7c5d484-54dc-5d1e-a3ac-65d60267a12c"",""f416cc8b-3bc2-5c4c-a91c-c56faf748684""]",6,6,6,6,6,6,transport_count,6,6,0,3,3,UF4,0,0,prespecified_B_E,True,explicit in unit columns; exact fractions retained,count
M7-analysis-v5,C-SQL-1,UF4:cell:C-SQL-1,dbb63e68d4ed9e904fa985aa5b88d674205b6caab086a8d981ac8918a9c68fb5,"[""4afc763c-033e-501c-9c9c-453207d31e62"",""1fed9611-d0cc-51e5-86e7-4ba237c836a2"",""0e4d4039-5409-5be7-a300-ded85e9c22d7"",""1c4afc6f-6679-57b7-ab6b-cec3053e85a1"",""76216ff6-0dab-5f43-913f-741c2deb7596"",""fe7c5fea-171a-5d3e-b93c-b9d53dca7c67"",""784c942d-b222-5013-a2e4-de4aa477a143"",""2f2d84f4-6f41-5df7-a828-cc0a3d9cdddf"",""c68f6332-f200-5595-940d-e5bcad78f1fe"",""54c3aba8-cb42-5023-9591-5cdd68bdd7c5"",""b9ac296e-4c6c-5cdc-9e03-14868c124af2"",""022ddff9-4332-5ba5-b884-42537f220a0c"",""0d262496-18e1-5973-84a6-84fbda64d0ff"",""447860c8-1d56-518b-88ad-7e103990b756"",""616ecfda-7163-5a8d-ba60-01f623d8b124"",""656bacfc-b102-5379-8db2-2f9f127621e0"",""88f2e658-6155-5924-bc85-63fe2aabb08a"",""9f032fb3-90ca-5749-aff5-1065077ac10e"",""4d2e4005-a84b-525b-a492-d367c5e405d0"",""12b20e20-e117-5c00-83bc-e589b92b730e"",""e97a5398-37b9-5e89-91a9-9b3ae48d9534"",""7a8f92c5-5f85-593a-bf90-08e13c60a2e6"",""aa66f5e3-ac0e-57d6-9b69-aa54ea7c4fb9"",""d07b7490-853e-562b-b662-305e89e7718d"",""596c0800-372d-5056-8a35-9f8661656bf4"",""d08816e6-d4d6-5f35-9de3-d86528fa7a96"",""2e126757-f17e-5ee2-93db-94d31ed944b2"",""5e1af4e2-330f-563f-b639-2d3cd8d276c8"",""49cd1889-2a56-5913-8723-929335f68874"",""82b898ba-3b6d-567f-8996-4f259b74547e"",""d38eb7d2-e78b-5c2f-93e4-2e34846e80e6"",""33effc64-dcfe-5ced-badf-c4df49f68dc1"",""a3a03b99-34c0-504b-b529-32b798db318a"",""8b3ec7b0-123f-5597-95f7-1fafc5810d01"",""035c5442-19b8-5a84-8a59-b352a9660279"",""d6d45010-72fa-5741-b733-88958a8795d2"",""ab8215e5-b753-5a6a-a4e7-ad9caf42eeac"",""1b20061c-b208-551a-b06c-81ffeff623fc"",""9b6d0913-2ae6-5dab-ab36-d05e1c51b208"",""a27c1fb2-edc1-57e6-9d74-adb5a13fed3b"",""4696448b-8c21-591b-80cc-7344ea0b95ec"",""c1d75a33-928c-5636-b99c-def1fb29e0f5"",""61eebfb6-2555-5bce-ba71-7a750427392a"",""aba074a1-d451-595d-bc12-e257adbe7383"",""1ca34094-ee4d-5962-a78a-174d361a9cd3"",""7edb0577-da07-5c6f-8391-bb90e9822165"",""d7c5d484-54dc-5d1e-a3ac-65d60267a12c"",""f416cc8b-3bc2-5c4c-a91c-c56faf748684""]",7381,7381,6369,6369,6355,6355,tokens.reasoning,5371,5371,0,3,3,UF4,1005.07313166754189181204358684422830087,1005.073131667541891812043586844228300870,prespecified_B_E,True,explicit in unit columns; exact fractions retained,tokens
M7-analysis-v5,C-SQL-1,UF4:cell:C-SQL-1,dbb63e68d4ed9e904fa985aa5b88d674205b6caab086a8d981ac8918a9c68fb5,"[""4afc763c-033e-501c-9c9c-453207d31e62"",""1fed9611-d0cc-51e5-86e7-4ba237c836a2"",""0e4d4039-5409-5be7-a300-ded85e9c22d7"",""1c4afc6f-6679-57b7-ab6b-cec3053e85a1"",""76216ff6-0dab-5f43-913f-741c2deb7596"",""fe7c5fea-171a-5d3e-b93c-b9d53dca7c67"",""784c942d-b222-5013-a2e4-de4aa477a143"",""2f2d84f4-6f41-5df7-a828-cc0a3d9cdddf"",""c68f6332-f200-5595-940d-e5bcad78f1fe"",""54c3aba8-cb42-5023-9591-5cdd68bdd7c5"",""b9ac296e-4c6c-5cdc-9e03-14868c124af2"",""022ddff9-4332-5ba5-b884-42537f220a0c"",""0d262496-18e1-5973-84a6-84fbda64d0ff"",""447860c8-1d56-518b-88ad-7e103990b756"",""616ecfda-7163-5a8d-ba60-01f623d8b124"",""656bacfc-b102-5379-8db2-2f9f127621e0"",""88f2e658-6155-5924-bc85-63fe2aabb08a"",""9f032fb3-90ca-5749-aff5-1065077ac10e"",""4d2e4005-a84b-525b-a492-d367c5e405d0"",""12b20e20-e117-5c00-83bc-e589b92b730e"",""e97a5398-37b9-5e89-91a9-9b3ae48d9534"",""7a8f92c5-5f85-593a-bf90-08e13c60a2e6"",""aa66f5e3-ac0e-57d6-9b69-aa54ea7c4fb9"",""d07b7490-853e-562b-b662-305e89e7718d"",""596c0800-372d-5056-8a35-9f8661656bf4"",""d08816e6-d4d6-5f35-9de3-d86528fa7a96"",""2e126757-f17e-5ee2-93db-94d31ed944b2"",""5e1af4e2-330f-563f-b639-2d3cd8d276c8"",""49cd1889-2a56-5913-8723-929335f68874"",""82b898ba-3b6d-567f-8996-4f259b74547e"",""d38eb7d2-e78b-5c2f-93e4-2e34846e80e6"",""33effc64-dcfe-5ced-badf-c4df49f68dc1"",""a3a03b99-34c0-504b-b529-32b798db318a"",""8b3ec7b0-123f-5597-95f7-1fafc5810d01"",""035c5442-19b8-5a84-8a59-b352a9660279"",""d6d45010-72fa-5741-b733-88958a8795d2"",""ab8215e5-b753-5a6a-a4e7-ad9caf42eeac"",""1b20061c-b208-551a-b06c-81ffeff623fc"",""9b6d0913-2ae6-5dab-ab36-d05e1c51b208"",""a27c1fb2-edc1-57e6-9d74-adb5a13fed3b"",""4696448b-8c21-591b-80cc-7344ea0b95ec"",""c1d75a33-928c-5636-b99c-def1fb29e0f5"",""61eebfb6-2555-5bce-ba71-7a750427392a"",""aba074a1-d451-595d-bc12-e257adbe7383"",""1ca34094-ee4d-5962-a78a-174d361a9cd3"",""7edb0577-da07-5c6f-8391-bb90e9822165"",""d7c5d484-54dc-5d1e-a3ac-65d60267a12c"",""f416cc8b-3bc2-5c4c-a91c-c56faf748684""]",858664,858664,857363.6666666666666666666666666666666667,2572091/3,856774,856774,tokens.cache_write,856653,856653,0,3,3,UF4,1127.745686461860661517980775798554695191,1127.745686461860661517980775798554695191,prespecified_B_E,True,explicit in unit columns; exact fractions retained,tokens
M7-analysis-v5,C-SQL-1,UF4:cell:C-SQL-1,dbb63e68d4ed9e904fa985aa5b88d674205b6caab086a8d981ac8918a9c68fb5,"[""4afc763c-033e-501c-9c9c-453207d31e62"",""1fed9611-d0cc-51e5-86e7-4ba237c836a2"",""0e4d4039-5409-5be7-a300-ded85e9c22d7"",""1c4afc6f-6679-57b7-ab6b-cec3053e85a1"",""76216ff6-0dab-5f43-913f-741c2deb7596"",""fe7c5fea-171a-5d3e-b93c-b9d53dca7c67"",""784c942d-b222-5013-a2e4-de4aa477a143"",""2f2d84f4-6f41-5df7-a828-cc0a3d9cdddf"",""c68f6332-f200-5595-940d-e5bcad78f1fe"",""54c3aba8-cb42-5023-9591-5cdd68bdd7c5"",""b9ac296e-4c6c-5cdc-9e03-14868c124af2"",""022ddff9-4332-5ba5-b884-42537f220a0c"",""0d262496-18e1-5973-84a6-84fbda64d0ff"",""447860c8-1d56-518b-88ad-7e103990b756"",""616ecfda-7163-5a8d-ba60-01f623d8b124"",""656bacfc-b102-5379-8db2-2f9f127621e0"",""88f2e658-6155-5924-bc85-63fe2aabb08a"",""9f032fb3-90ca-5749-aff5-1065077ac10e"",""4d2e4005-a84b-525b-a492-d367c5e405d0"",""12b20e20-e117-5c00-83bc-e589b92b730e"",""e97a5398-37b9-5e89-91a9-9b3ae48d9534"",""7a8f92c5-5f85-593a-bf90-08e13c60a2e6"",""aa66f5e3-ac0e-57d6-9b69-aa54ea7c4fb9"",""d07b7490-853e-562b-b662-305e89e7718d"",""596c0800-372d-5056-8a35-9f8661656bf4"",""d08816e6-d4d6-5f35-9de3-d86528fa7a96"",""2e126757-f17e-5ee2-93db-94d31ed944b2"",""5e1af4e2-330f-563f-b639-2d3cd8d276c8"",""49cd1889-2a56-5913-8723-929335f68874"",""82b898ba-3b6d-567f-8996-4f259b74547e"",""d38eb7d2-e78b-5c2f-93e4-2e34846e80e6"",""33effc64-dcfe-5ced-badf-c4df49f68dc1"",""a3a03b99-34c0-504b-b529-32b798db318a"",""8b3ec7b0-123f-5597-95f7-1fafc5810d01"",""035c5442-19b8-5a84-8a59-b352a9660279"",""d6d45010-72fa-5741-b733-88958a8795d2"",""ab8215e5-b753-5a6a-a4e7-ad9caf42eeac"",""1b20061c-b208-551a-b06c-81ffeff623fc"",""9b6d0913-2ae6-5dab-ab36-d05e1c51b208"",""a27c1fb2-edc1-57e6-9d74-adb5a13fed3b"",""4696448b-8c21-591b-80cc-7344ea0b95ec"",""c1d75a33-928c-5636-b99c-def1fb29e0f5"",""61eebfb6-2555-5bce-ba71-7a750427392a"",""aba074a1-d451-595d-bc12-e257adbe7383"",""1ca34094-ee4d-5962-a78a-174d361a9cd3"",""7edb0577-da07-5c6f-8391-bb90e9822165"",""d7c5d484-54dc-5d1e-a3ac-65d60267a12c"",""f416cc8b-3bc2-5c4c-a91c-c56faf748684""]",858682,858682,857381.6666666666666666666666666666666667,2572145/3,856792,856792,tokens.input,856671,856671,0,3,3,UF4,1127.745686461860661517980775798554695191,1127.745686461860661517980775798554695191,prespecified_B_E,True,explicit in unit columns; exact fractions retained,tokens
M7-analysis-v5,C-SQL-1,UF4:cell:C-SQL-1,dbb63e68d4ed9e904fa985aa5b88d674205b6caab086a8d981ac8918a9c68fb5,"[""4afc763c-033e-501c-9c9c-453207d31e62"",""1fed9611-d0cc-51e5-86e7-4ba237c836a2"",""0e4d4039-5409-5be7-a300-ded85e9c22d7"",""1c4afc6f-6679-57b7-ab6b-cec3053e85a1"",""76216ff6-0dab-5f43-913f-741c2deb7596"",""fe7c5fea-171a-5d3e-b93c-b9d53dca7c67"",""784c942d-b222-5013-a2e4-de4aa477a143"",""2f2d84f4-6f41-5df7-a828-cc0a3d9cdddf"",""c68f6332-f200-5595-940d-e5bcad78f1fe"",""54c3aba8-cb42-5023-9591-5cdd68bdd7c5"",""b9ac296e-4c6c-5cdc-9e03-14868c124af2"",""022ddff9-4332-5ba5-b884-42537f220a0c"",""0d262496-18e1-5973-84a6-84fbda64d0ff"",""447860c8-1d56-518b-88ad-7e103990b756"",""616ecfda-7163-5a8d-ba60-01f623d8b124"",""656bacfc-b102-5379-8db2-2f9f127621e0"",""88f2e658-6155-5924-bc85-63fe2aabb08a"",""9f032fb3-90ca-5749-aff5-1065077ac10e"",""4d2e4005-a84b-525b-a492-d367c5e405d0"",""12b20e20-e117-5c00-83bc-e589b92b730e"",""e97a5398-37b9-5e89-91a9-9b3ae48d9534"",""7a8f92c5-5f85-593a-bf90-08e13c60a2e6"",""aa66f5e3-ac0e-57d6-9b69-aa54ea7c4fb9"",""d07b7490-853e-562b-b662-305e89e7718d"",""596c0800-372d-5056-8a35-9f8661656bf4"",""d08816e6-d4d6-5f35-9de3-d86528fa7a96"",""2e126757-f17e-5ee2-93db-94d31ed944b2"",""5e1af4e2-330f-563f-b639-2d3cd8d276c8"",""49cd1889-2a56-5913-8723-929335f68874"",""82b898ba-3b6d-567f-8996-4f259b74547e"",""d38eb7d2-e78b-5c2f-93e4-2e34846e80e6"",""33effc64-dcfe-5ced-badf-c4df49f68dc1"",""a3a03b99-34c0-504b-b529-32b798db318a"",""8b3ec7b0-123f-5597-95f7-1fafc5810d01"",""035c5442-19b8-5a84-8a59-b352a9660279"",""d6d45010-72fa-5741-b733-88958a8795d2"",""ab8215e5-b753-5a6a-a4e7-ad9caf42eeac"",""1b20061c-b208-551a-b06c-81ffeff623fc"",""9b6d0913-2ae6-5dab-ab36-d05e1c51b208"",""a27c1fb2-edc1-57e6-9d74-adb5a13fed3b"",""4696448b-8c21-591b-80cc-7344ea0b95ec"",""c1d75a33-928c-5636-b99c-def1fb29e0f5"",""61eebfb6-2555-5bce-ba71-7a750427392a"",""aba074a1-d451-595d-bc12-e257adbe7383"",""1ca34094-ee4d-5962-a78a-174d361a9cd3"",""7edb0577-da07-5c6f-8391-bb90e9822165"",""d7c5d484-54dc-5d1e-a3ac-65d60267a12c"",""f416cc8b-3bc2-5c4c-a91c-c56faf748684""]",872684,872684,871011,871011,871370,871370,tokens.total,868979,868979,0,3,3,UF4,1878.408102623069500477427241626859554058,1878.408102623069500477427241626859554058,prespecified_B_E,True,explicit in unit columns; exact fractions retained,tokens
M7-analysis-v5,C-SQL-1,UF4:cell:C-SQL-1,dbb63e68d4ed9e904fa985aa5b88d674205b6caab086a8d981ac8918a9c68fb5,"[""4afc763c-033e-501c-9c9c-453207d31e62"",""1fed9611-d0cc-51e5-86e7-4ba237c836a2"",""0e4d4039-5409-5be7-a300-ded85e9c22d7"",""1c4afc6f-6679-57b7-ab6b-cec3053e85a1"",""76216ff6-0dab-5f43-913f-741c2deb7596"",""fe7c5fea-171a-5d3e-b93c-b9d53dca7c67"",""784c942d-b222-5013-a2e4-de4aa477a143"",""2f2d84f4-6f41-5df7-a828-cc0a3d9cdddf"",""c68f6332-f200-5595-940d-e5bcad78f1fe"",""54c3aba8-cb42-5023-9591-5cdd68bdd7c5"",""b9ac296e-4c6c-5cdc-9e03-14868c124af2"",""022ddff9-4332-5ba5-b884-42537f220a0c"",""0d262496-18e1-5973-84a6-84fbda64d0ff"",""447860c8-1d56-518b-88ad-7e103990b756"",""616ecfda-7163-5a8d-ba60-01f623d8b124"",""656bacfc-b102-5379-8db2-2f9f127621e0"",""88f2e658-6155-5924-bc85-63fe2aabb08a"",""9f032fb3-90ca-5749-aff5-1065077ac10e"",""4d2e4005-a84b-525b-a492-d367c5e405d0"",""12b20e20-e117-5c00-83bc-e589b92b730e"",""e97a5398-37b9-5e89-91a9-9b3ae48d9534"",""7a8f92c5-5f85-593a-bf90-08e13c60a2e6"",""aa66f5e3-ac0e-57d6-9b69-aa54ea7c4fb9"",""d07b7490-853e-562b-b662-305e89e7718d"",""596c0800-372d-5056-8a35-9f8661656bf4"",""d08816e6-d4d6-5f35-9de3-d86528fa7a96"",""2e126757-f17e-5ee2-93db-94d31ed944b2"",""5e1af4e2-330f-563f-b639-2d3cd8d276c8"",""49cd1889-2a56-5913-8723-929335f68874"",""82b898ba-3b6d-567f-8996-4f259b74547e"",""d38eb7d2-e78b-5c2f-93e4-2e34846e80e6"",""33effc64-dcfe-5ced-badf-c4df49f68dc1"",""a3a03b99-34c0-504b-b529-32b798db318a"",""8b3ec7b0-123f-5597-95f7-1fafc5810d01"",""035c5442-19b8-5a84-8a59-b352a9660279"",""d6d45010-72fa-5741-b733-88958a8795d2"",""ab8215e5-b753-5a6a-a4e7-ad9caf42eeac"",""1b20061c-b208-551a-b06c-81ffeff623fc"",""9b6d0913-2ae6-5dab-ab36-d05e1c51b208"",""a27c1fb2-edc1-57e6-9d74-adb5a13fed3b"",""4696448b-8c21-591b-80cc-7344ea0b95ec"",""c1d75a33-928c-5636-b99c-def1fb29e0f5"",""61eebfb6-2555-5bce-ba71-7a750427392a"",""aba074a1-d451-595d-bc12-e257adbe7383"",""1ca34094-ee4d-5962-a78a-174d361a9cd3"",""7edb0577-da07-5c6f-8391-bb90e9822165"",""d7c5d484-54dc-5d1e-a3ac-65d60267a12c"",""f416cc8b-3bc2-5c4c-a91c-c56faf748684""]",,,,,,,abort_seconds,,,3,0,3,UF4,,,prespecified_B_E,True,explicit in unit columns; exact fractions retained,s
M7-analysis-v5,C-SQL-1,UF4:cell:C-SQL-1,dbb63e68d4ed9e904fa985aa5b88d674205b6caab086a8d981ac8918a9c68fb5,"[""4afc763c-033e-501c-9c9c-453207d31e62"",""1fed9611-d0cc-51e5-86e7-4ba237c836a2"",""0e4d4039-5409-5be7-a300-ded85e9c22d7"",""1c4afc6f-6679-57b7-ab6b-cec3053e85a1"",""76216ff6-0dab-5f43-913f-741c2deb7596"",""fe7c5fea-171a-5d3e-b93c-b9d53dca7c67"",""784c942d-b222-5013-a2e4-de4aa477a143"",""2f2d84f4-6f41-5df7-a828-cc0a3d9cdddf"",""c68f6332-f200-5595-940d-e5bcad78f1fe"",""54c3aba8-cb42-5023-9591-5cdd68bdd7c5"",""b9ac296e-4c6c-5cdc-9e03-14868c124af2"",""022ddff9-4332-5ba5-b884-42537f220a0c"",""0d262496-18e1-5973-84a6-84fbda64d0ff"",""447860c8-1d56-518b-88ad-7e103990b756"",""616ecfda-7163-5a8d-ba60-01f623d8b124"",""656bacfc-b102-5379-8db2-2f9f127621e0"",""88f2e658-6155-5924-bc85-63fe2aabb08a"",""9f032fb3-90ca-5749-aff5-1065077ac10e"",""4d2e4005-a84b-525b-a492-d367c5e405d0"",""12b20e20-e117-5c00-83bc-e589b92b730e"",""e97a5398-37b9-5e89-91a9-9b3ae48d9534"",""7a8f92c5-5f85-593a-bf90-08e13c60a2e6"",""aa66f5e3-ac0e-57d6-9b69-aa54ea7c4fb9"",""d07b7490-853e-562b-b662-305e89e7718d"",""596c0800-372d-5056-8a35-9f8661656bf4"",""d08816e6-d4d6-5f35-9de3-d86528fa7a96"",""2e126757-f17e-5ee2-93db-94d31ed944b2"",""5e1af4e2-330f-563f-b639-2d3cd8d276c8"",""49cd1889-2a56-5913-8723-929335f68874"",""82b898ba-3b6d-567f-8996-4f259b74547e"",""d38eb7d2-e78b-5c2f-93e4-2e34846e80e6"",""33effc64-dcfe-5ced-badf-c4df49f68dc1"",""a3a03b99-34c0-504b-b529-32b798db318a"",""8b3ec7b0-123f-5597-95f7-1fafc5810d01"",""035c5442-19b8-5a84-8a59-b352a9660279"",""d6d45010-72fa-5741-b733-88958a8795d2"",""ab8215e5-b753-5a6a-a4e7-ad9caf42eeac"",""1b20061c-b208-551a-b06c-81ffeff623fc"",""9b6d0913-2ae6-5dab-ab36-d05e1c51b208"",""a27c1fb2-edc1-57e6-9d74-adb5a13fed3b"",""4696448b-8c21-591b-80cc-7344ea0b95ec"",""c1d75a33-928c-5636-b99c-def1fb29e0f5"",""61eebfb6-2555-5bce-ba71-7a750427392a"",""aba074a1-d451-595d-bc12-e257adbe7383"",""1ca34094-ee4d-5962-a78a-174d361a9cd3"",""7edb0577-da07-5c6f-8391-bb90e9822165"",""d7c5d484-54dc-5d1e-a3ac-65d60267a12c"",""f416cc8b-3bc2-5c4c-a91c-c56faf748684""]",,,,,,,context_preparation_seconds,,,3,0,3,UF4,,,prespecified_B_E,True,explicit in unit columns; exact fractions retained,s
M7-analysis-v5,C-SQL-1,UF4:cell:C-SQL-1,dbb63e68d4ed9e904fa985aa5b88d674205b6caab086a8d981ac8918a9c68fb5,"[""4afc763c-033e-501c-9c9c-453207d31e62"",""1fed9611-d0cc-51e5-86e7-4ba237c836a2"",""0e4d4039-5409-5be7-a300-ded85e9c22d7"",""1c4afc6f-6679-57b7-ab6b-cec3053e85a1"",""76216ff6-0dab-5f43-913f-741c2deb7596"",""fe7c5fea-171a-5d3e-b93c-b9d53dca7c67"",""784c942d-b222-5013-a2e4-de4aa477a143"",""2f2d84f4-6f41-5df7-a828-cc0a3d9cdddf"",""c68f6332-f200-5595-940d-e5bcad78f1fe"",""54c3aba8-cb42-5023-9591-5cdd68bdd7c5"",""b9ac296e-4c6c-5cdc-9e03-14868c124af2"",""022ddff9-4332-5ba5-b884-42537f220a0c"",""0d262496-18e1-5973-84a6-84fbda64d0ff"",""447860c8-1d56-518b-88ad-7e103990b756"",""616ecfda-7163-5a8d-ba60-01f623d8b124"",""656bacfc-b102-5379-8db2-2f9f127621e0"",""88f2e658-6155-5924-bc85-63fe2aabb08a"",""9f032fb3-90ca-5749-aff5-1065077ac10e"",""4d2e4005-a84b-525b-a492-d367c5e405d0"",""12b20e20-e117-5c00-83bc-e589b92b730e"",""e97a5398-37b9-5e89-91a9-9b3ae48d9534"",""7a8f92c5-5f85-593a-bf90-08e13c60a2e6"",""aa66f5e3-ac0e-57d6-9b69-aa54ea7c4fb9"",""d07b7490-853e-562b-b662-305e89e7718d"",""596c0800-372d-5056-8a35-9f8661656bf4"",""d08816e6-d4d6-5f35-9de3-d86528fa7a96"",""2e126757-f17e-5ee2-93db-94d31ed944b2"",""5e1af4e2-330f-563f-b639-2d3cd8d276c8"",""49cd1889-2a56-5913-8723-929335f68874"",""82b898ba-3b6d-567f-8996-4f259b74547e"",""d38eb7d2-e78b-5c2f-93e4-2e34846e80e6"",""33effc64-dcfe-5ced-badf-c4df49f68dc1"",""a3a03b99-34c0-504b-b529-32b798db318a"",""8b3ec7b0-123f-5597-95f7-1fafc5810d01"",""035c5442-19b8-5a84-8a59-b352a9660279"",""d6d45010-72fa-5741-b733-88958a8795d2"",""ab8215e5-b753-5a6a-a4e7-ad9caf42eeac"",""1b20061c-b208-551a-b06c-81ffeff623fc"",""9b6d0913-2ae6-5dab-ab36-d05e1c51b208"",""a27c1fb2-edc1-57e6-9d74-adb5a13fed3b"",""4696448b-8c21-591b-80cc-7344ea0b95ec"",""c1d75a33-928c-5636-b99c-def1fb29e0f5"",""61eebfb6-2555-5bce-ba71-7a750427392a"",""aba074a1-d451-595d-bc12-e257adbe7383"",""1ca34094-ee4d-5962-a78a-174d361a9cd3"",""7edb0577-da07-5c6f-8391-bb90e9822165"",""d7c5d484-54dc-5d1e-a3ac-65d60267a12c"",""f416cc8b-3bc2-5c4c-a91c-c56faf748684""]",,,,,,,evaluation_seconds,,,3,0,3,UF4,,,prespecified_B_E,True,explicit in unit columns; exact fractions retained,s
M7-analysis-v5,C-SQL-1,UF4:cell:C-SQL-1,dbb63e68d4ed9e904fa985aa5b88d674205b6caab086a8d981ac8918a9c68fb5,"[""4afc763c-033e-501c-9c9c-453207d31e62"",""1fed9611-d0cc-51e5-86e7-4ba237c836a2"",""0e4d4039-5409-5be7-a300-ded85e9c22d7"",""1c4afc6f-6679-57b7-ab6b-cec3053e85a1"",""76216ff6-0dab-5f43-913f-741c2deb7596"",""fe7c5fea-171a-5d3e-b93c-b9d53dca7c67"",""784c942d-b222-5013-a2e4-de4aa477a143"",""2f2d84f4-6f41-5df7-a828-cc0a3d9cdddf"",""c68f6332-f200-5595-940d-e5bcad78f1fe"",""54c3aba8-cb42-5023-9591-5cdd68bdd7c5"",""b9ac296e-4c6c-5cdc-9e03-14868c124af2"",""022ddff9-4332-5ba5-b884-42537f220a0c"",""0d262496-18e1-5973-84a6-84fbda64d0ff"",""447860c8-1d56-518b-88ad-7e103990b756"",""616ecfda-7163-5a8d-ba60-01f623d8b124"",""656bacfc-b102-5379-8db2-2f9f127621e0"",""88f2e658-6155-5924-bc85-63fe2aabb08a"",""9f032fb3-90ca-5749-aff5-1065077ac10e"",""4d2e4005-a84b-525b-a492-d367c5e405d0"",""12b20e20-e117-5c00-83bc-e589b92b730e"",""e97a5398-37b9-5e89-91a9-9b3ae48d9534"",""7a8f92c5-5f85-593a-bf90-08e13c60a2e6"",""aa66f5e3-ac0e-57d6-9b69-aa54ea7c4fb9"",""d07b7490-853e-562b-b662-305e89e7718d"",""596c0800-372d-5056-8a35-9f8661656bf4"",""d08816e6-d4d6-5f35-9de3-d86528fa7a96"",""2e126757-f17e-5ee2-93db-94d31ed944b2"",""5e1af4e2-330f-563f-b639-2d3cd8d276c8"",""49cd1889-2a56-5913-8723-929335f68874"",""82b898ba-3b6d-567f-8996-4f259b74547e"",""d38eb7d2-e78b-5c2f-93e4-2e34846e80e6"",""33effc64-dcfe-5ced-badf-c4df49f68dc1"",""a3a03b99-34c0-504b-b529-32b798db318a"",""8b3ec7b0-123f-5597-95f7-1fafc5810d01"",""035c5442-19b8-5a84-8a59-b352a9660279"",""d6d45010-72fa-5741-b733-88958a8795d2"",""ab8215e5-b753-5a6a-a4e7-ad9caf42eeac"",""1b20061c-b208-551a-b06c-81ffeff623fc"",""9b6d0913-2ae6-5dab-ab36-d05e1c51b208"",""a27c1fb2-edc1-57e6-9d74-adb5a13fed3b"",""4696448b-8c21-591b-80cc-7344ea0b95ec"",""c1d75a33-928c-5636-b99c-def1fb29e0f5"",""61eebfb6-2555-5bce-ba71-7a750427392a"",""aba074a1-d451-595d-bc12-e257adbe7383"",""1ca34094-ee4d-5962-a78a-174d361a9cd3"",""7edb0577-da07-5c6f-8391-bb90e9822165"",""d7c5d484-54dc-5d1e-a3ac-65d60267a12c"",""f416cc8b-3bc2-5c4c-a91c-c56faf748684""]",,,,,,,inference_seconds,,,3,0,3,UF4,,,prespecified_B_E,True,explicit in unit columns; exact fractions retained,s
M7-analysis-v5,C-SQL-1,UF4:cell:C-SQL-1,dbb63e68d4ed9e904fa985aa5b88d674205b6caab086a8d981ac8918a9c68fb5,"[""4afc763c-033e-501c-9c9c-453207d31e62"",""1fed9611-d0cc-51e5-86e7-4ba237c836a2"",""0e4d4039-5409-5be7-a300-ded85e9c22d7"",""1c4afc6f-6679-57b7-ab6b-cec3053e85a1"",""76216ff6-0dab-5f43-913f-741c2deb7596"",""fe7c5fea-171a-5d3e-b93c-b9d53dca7c67"",""784c942d-b222-5013-a2e4-de4aa477a143"",""2f2d84f4-6f41-5df7-a828-cc0a3d9cdddf"",""c68f6332-f200-5595-940d-e5bcad78f1fe"",""54c3aba8-cb42-5023-9591-5cdd68bdd7c5"",""b9ac296e-4c6c-5cdc-9e03-14868c124af2"",""022ddff9-4332-5ba5-b884-42537f220a0c"",""0d262496-18e1-5973-84a6-84fbda64d0ff"",""447860c8-1d56-518b-88ad-7e103990b756"",""616ecfda-7163-5a8d-ba60-01f623d8b124"",""656bacfc-b102-5379-8db2-2f9f127621e0"",""88f2e658-6155-5924-bc85-63fe2aabb08a"",""9f032fb3-90ca-5749-aff5-1065077ac10e"",""4d2e4005-a84b-525b-a492-d367c5e405d0"",""12b20e20-e117-5c00-83bc-e589b92b730e"",""e97a5398-37b9-5e89-91a9-9b3ae48d9534"",""7a8f92c5-5f85-593a-bf90-08e13c60a2e6"",""aa66f5e3-ac0e-57d6-9b69-aa54ea7c4fb9"",""d07b7490-853e-562b-b662-305e89e7718d"",""596c0800-372d-5056-8a35-9f8661656bf4"",""d08816e6-d4d6-5f35-9de3-d86528fa7a96"",""2e126757-f17e-5ee2-93db-94d31ed944b2"",""5e1af4e2-330f-563f-b639-2d3cd8d276c8"",""49cd1889-2a56-5913-8723-929335f68874"",""82b898ba-3b6d-567f-8996-4f259b74547e"",""d38eb7d2-e78b-5c2f-93e4-2e34846e80e6"",""33effc64-dcfe-5ced-badf-c4df49f68dc1"",""a3a03b99-34c0-504b-b529-32b798db318a"",""8b3ec7b0-123f-5597-95f7-1fafc5810d01"",""035c5442-19b8-5a84-8a59-b352a9660279"",""d6d45010-72fa-5741-b733-88958a8795d2"",""ab8215e5-b753-5a6a-a4e7-ad9caf42eeac"",""1b20061c-b208-551a-b06c-81ffeff623fc"",""9b6d0913-2ae6-5dab-ab36-d05e1c51b208"",""a27c1fb2-edc1-57e6-9d74-adb5a13fed3b"",""4696448b-8c21-591b-80cc-7344ea0b95ec"",""c1d75a33-928c-5636-b99c-def1fb29e0f5"",""61eebfb6-2555-5bce-ba71-7a750427392a"",""aba074a1-d451-595d-bc12-e257adbe7383"",""1ca34094-ee4d-5962-a78a-174d361a9cd3"",""7edb0577-da07-5c6f-8391-bb90e9822165"",""d7c5d484-54dc-5d1e-a3ac-65d60267a12c"",""f416cc8b-3bc2-5c4c-a91c-c56faf748684""]",,,,,,,load_seconds,,,3,0,3,UF4,,,prespecified_B_E,True,explicit in unit columns; exact fractions retained,s
M7-analysis-v5,C-SQL-1,UF4:cell:C-SQL-1,dbb63e68d4ed9e904fa985aa5b88d674205b6caab086a8d981ac8918a9c68fb5,"[""4afc763c-033e-501c-9c9c-453207d31e62"",""1fed9611-d0cc-51e5-86e7-4ba237c836a2"",""0e4d4039-5409-5be7-a300-ded85e9c22d7"",""1c4afc6f-6679-57b7-ab6b-cec3053e85a1"",""76216ff6-0dab-5f43-913f-741c2deb7596"",""fe7c5fea-171a-5d3e-b93c-b9d53dca7c67"",""784c942d-b222-5013-a2e4-de4aa477a143"",""2f2d84f4-6f41-5df7-a828-cc0a3d9cdddf"",""c68f6332-f200-5595-940d-e5bcad78f1fe"",""54c3aba8-cb42-5023-9591-5cdd68bdd7c5"",""b9ac296e-4c6c-5cdc-9e03-14868c124af2"",""022ddff9-4332-5ba5-b884-42537f220a0c"",""0d262496-18e1-5973-84a6-84fbda64d0ff"",""447860c8-1d56-518b-88ad-7e103990b756"",""616ecfda-7163-5a8d-ba60-01f623d8b124"",""656bacfc-b102-5379-8db2-2f9f127621e0"",""88f2e658-6155-5924-bc85-63fe2aabb08a"",""9f032fb3-90ca-5749-aff5-1065077ac10e"",""4d2e4005-a84b-525b-a492-d367c5e405d0"",""12b20e20-e117-5c00-83bc-e589b92b730e"",""e97a5398-37b9-5e89-91a9-9b3ae48d9534"",""7a8f92c5-5f85-593a-bf90-08e13c60a2e6"",""aa66f5e3-ac0e-57d6-9b69-aa54ea7c4fb9"",""d07b7490-853e-562b-b662-305e89e7718d"",""596c0800-372d-5056-8a35-9f8661656bf4"",""d08816e6-d4d6-5f35-9de3-d86528fa7a96"",""2e126757-f17e-5ee2-93db-94d31ed944b2"",""5e1af4e2-330f-563f-b639-2d3cd8d276c8"",""49cd1889-2a56-5913-8723-929335f68874"",""82b898ba-3b6d-567f-8996-4f259b74547e"",""d38eb7d2-e78b-5c2f-93e4-2e34846e80e6"",""33effc64-dcfe-5ced-badf-c4df49f68dc1"",""a3a03b99-34c0-504b-b529-32b798db318a"",""8b3ec7b0-123f-5597-95f7-1fafc5810d01"",""035c5442-19b8-5a84-8a59-b352a9660279"",""d6d45010-72fa-5741-b733-88958a8795d2"",""ab8215e5-b753-5a6a-a4e7-ad9caf42eeac"",""1b20061c-b208-551a-b06c-81ffeff623fc"",""9b6d0913-2ae6-5dab-ab36-d05e1c51b208"",""a27c1fb2-edc1-57e6-9d74-adb5a13fed3b"",""4696448b-8c21-591b-80cc-7344ea0b95ec"",""c1d75a33-928c-5636-b99c-def1fb29e0f5"",""61eebfb6-2555-5bce-ba71-7a750427392a"",""aba074a1-d451-595d-bc12-e257adbe7383"",""1ca34094-ee4d-5962-a78a-174d361a9cd3"",""7edb0577-da07-5c6f-8391-bb90e9822165"",""d7c5d484-54dc-5d1e-a3ac-65d60267a12c"",""f416cc8b-3bc2-5c4c-a91c-c56faf748684""]",,,,,,,manual_review_seconds,,,3,0,3,UF4,,,prespecified_B_E,True,explicit in unit columns; exact fractions retained,s
M7-analysis-v5,C-SQL-1,UF4:cell:C-SQL-1,dbb63e68d4ed9e904fa985aa5b88d674205b6caab086a8d981ac8918a9c68fb5,"[""4afc763c-033e-501c-9c9c-453207d31e62"",""1fed9611-d0cc-51e5-86e7-4ba237c836a2"",""0e4d4039-5409-5be7-a300-ded85e9c22d7"",""1c4afc6f-6679-57b7-ab6b-cec3053e85a1"",""76216ff6-0dab-5f43-913f-741c2deb7596"",""fe7c5fea-171a-5d3e-b93c-b9d53dca7c67"",""784c942d-b222-5013-a2e4-de4aa477a143"",""2f2d84f4-6f41-5df7-a828-cc0a3d9cdddf"",""c68f6332-f200-5595-940d-e5bcad78f1fe"",""54c3aba8-cb42-5023-9591-5cdd68bdd7c5"",""b9ac296e-4c6c-5cdc-9e03-14868c124af2"",""022ddff9-4332-5ba5-b884-42537f220a0c"",""0d262496-18e1-5973-84a6-84fbda64d0ff"",""447860c8-1d56-518b-88ad-7e103990b756"",""616ecfda-7163-5a8d-ba60-01f623d8b124"",""656bacfc-b102-5379-8db2-2f9f127621e0"",""88f2e658-6155-5924-bc85-63fe2aabb08a"",""9f032fb3-90ca-5749-aff5-1065077ac10e"",""4d2e4005-a84b-525b-a492-d367c5e405d0"",""12b20e20-e117-5c00-83bc-e589b92b730e"",""e97a5398-37b9-5e89-91a9-9b3ae48d9534"",""7a8f92c5-5f85-593a-bf90-08e13c60a2e6"",""aa66f5e3-ac0e-57d6-9b69-aa54ea7c4fb9"",""d07b7490-853e-562b-b662-305e89e7718d"",""596c0800-372d-5056-8a35-9f8661656bf4"",""d08816e6-d4d6-5f35-9de3-d86528fa7a96"",""2e126757-f17e-5ee2-93db-94d31ed944b2"",""5e1af4e2-330f-563f-b639-2d3cd8d276c8"",""49cd1889-2a56-5913-8723-929335f68874"",""82b898ba-3b6d-567f-8996-4f259b74547e"",""d38eb7d2-e78b-5c2f-93e4-2e34846e80e6"",""33effc64-dcfe-5ced-badf-c4df49f68dc1"",""a3a03b99-34c0-504b-b529-32b798db318a"",""8b3ec7b0-123f-5597-95f7-1fafc5810d01"",""035c5442-19b8-5a84-8a59-b352a9660279"",""d6d45010-72fa-5741-b733-88958a8795d2"",""ab8215e5-b753-5a6a-a4e7-ad9caf42eeac"",""1b20061c-b208-551a-b06c-81ffeff623fc"",""9b6d0913-2ae6-5dab-ab36-d05e1c51b208"",""a27c1fb2-edc1-57e6-9d74-adb5a13fed3b"",""4696448b-8c21-591b-80cc-7344ea0b95ec"",""c1d75a33-928c-5636-b99c-def1fb29e0f5"",""61eebfb6-2555-5bce-ba71-7a750427392a"",""aba074a1-d451-595d-bc12-e257adbe7383"",""1ca34094-ee4d-5962-a78a-174d361a9cd3"",""7edb0577-da07-5c6f-8391-bb90e9822165"",""d7c5d484-54dc-5d1e-a3ac-65d60267a12c"",""f416cc8b-3bc2-5c4c-a91c-c56faf748684""]",,,,,,,retry_seconds,,,3,0,3,UF4,,,prespecified_B_E,True,explicit in unit columns; exact fractions retained,s
M7-analysis-v5,C-SQL-1,UF4:cell:C-SQL-1,dbb63e68d4ed9e904fa985aa5b88d674205b6caab086a8d981ac8918a9c68fb5,"[""4afc763c-033e-501c-9c9c-453207d31e62"",""1fed9611-d0cc-51e5-86e7-4ba237c836a2"",""0e4d4039-5409-5be7-a300-ded85e9c22d7"",""1c4afc6f-6679-57b7-ab6b-cec3053e85a1"",""76216ff6-0dab-5f43-913f-741c2deb7596"",""fe7c5fea-171a-5d3e-b93c-b9d53dca7c67"",""784c942d-b222-5013-a2e4-de4aa477a143"",""2f2d84f4-6f41-5df7-a828-cc0a3d9cdddf"",""c68f6332-f200-5595-940d-e5bcad78f1fe"",""54c3aba8-cb42-5023-9591-5cdd68bdd7c5"",""b9ac296e-4c6c-5cdc-9e03-14868c124af2"",""022ddff9-4332-5ba5-b884-42537f220a0c"",""0d262496-18e1-5973-84a6-84fbda64d0ff"",""447860c8-1d56-518b-88ad-7e103990b756"",""616ecfda-7163-5a8d-ba60-01f623d8b124"",""656bacfc-b102-5379-8db2-2f9f127621e0"",""88f2e658-6155-5924-bc85-63fe2aabb08a"",""9f032fb3-90ca-5749-aff5-1065077ac10e"",""4d2e4005-a84b-525b-a492-d367c5e405d0"",""12b20e20-e117-5c00-83bc-e589b92b730e"",""e97a5398-37b9-5e89-91a9-9b3ae48d9534"",""7a8f92c5-5f85-593a-bf90-08e13c60a2e6"",""aa66f5e3-ac0e-57d6-9b69-aa54ea7c4fb9"",""d07b7490-853e-562b-b662-305e89e7718d"",""596c0800-372d-5056-8a35-9f8661656bf4"",""d08816e6-d4d6-5f35-9de3-d86528fa7a96"",""2e126757-f17e-5ee2-93db-94d31ed944b2"",""5e1af4e2-330f-563f-b639-2d3cd8d276c8"",""49cd1889-2a56-5913-8723-929335f68874"",""82b898ba-3b6d-567f-8996-4f259b74547e"",""d38eb7d2-e78b-5c2f-93e4-2e34846e80e6"",""33effc64-dcfe-5ced-badf-c4df49f68dc1"",""a3a03b99-34c0-504b-b529-32b798db318a"",""8b3ec7b0-123f-5597-95f7-1fafc5810d01"",""035c5442-19b8-5a84-8a59-b352a9660279"",""d6d45010-72fa-5741-b733-88958a8795d2"",""ab8215e5-b753-5a6a-a4e7-ad9caf42eeac"",""1b20061c-b208-551a-b06c-81ffeff623fc"",""9b6d0913-2ae6-5dab-ab36-d05e1c51b208"",""a27c1fb2-edc1-57e6-9d74-adb5a13fed3b"",""4696448b-8c21-591b-80cc-7344ea0b95ec"",""c1d75a33-928c-5636-b99c-def1fb29e0f5"",""61eebfb6-2555-5bce-ba71-7a750427392a"",""aba074a1-d451-595d-bc12-e257adbe7383"",""1ca34094-ee4d-5962-a78a-174d361a9cd3"",""7edb0577-da07-5c6f-8391-bb90e9822165"",""d7c5d484-54dc-5d1e-a3ac-65d60267a12c"",""f416cc8b-3bc2-5c4c-a91c-c56faf748684""]",,,,,,,setup_seconds,,,3,0,3,UF4,,,prespecified_B_E,True,explicit in unit columns; exact fractions retained,s
M7-analysis-v5,C-SQL-1,UF4:cell:C-SQL-1,dbb63e68d4ed9e904fa985aa5b88d674205b6caab086a8d981ac8918a9c68fb5,"[""4afc763c-033e-501c-9c9c-453207d31e62"",""1fed9611-d0cc-51e5-86e7-4ba237c836a2"",""0e4d4039-5409-5be7-a300-ded85e9c22d7"",""1c4afc6f-6679-57b7-ab6b-cec3053e85a1"",""76216ff6-0dab-5f43-913f-741c2deb7596"",""fe7c5fea-171a-5d3e-b93c-b9d53dca7c67"",""784c942d-b222-5013-a2e4-de4aa477a143"",""2f2d84f4-6f41-5df7-a828-cc0a3d9cdddf"",""c68f6332-f200-5595-940d-e5bcad78f1fe"",""54c3aba8-cb42-5023-9591-5cdd68bdd7c5"",""b9ac296e-4c6c-5cdc-9e03-14868c124af2"",""022ddff9-4332-5ba5-b884-42537f220a0c"",""0d262496-18e1-5973-84a6-84fbda64d0ff"",""447860c8-1d56-518b-88ad-7e103990b756"",""616ecfda-7163-5a8d-ba60-01f623d8b124"",""656bacfc-b102-5379-8db2-2f9f127621e0"",""88f2e658-6155-5924-bc85-63fe2aabb08a"",""9f032fb3-90ca-5749-aff5-1065077ac10e"",""4d2e4005-a84b-525b-a492-d367c5e405d0"",""12b20e20-e117-5c00-83bc-e589b92b730e"",""e97a5398-37b9-5e89-91a9-9b3ae48d9534"",""7a8f92c5-5f85-593a-bf90-08e13c60a2e6"",""aa66f5e3-ac0e-57d6-9b69-aa54ea7c4fb9"",""d07b7490-853e-562b-b662-305e89e7718d"",""596c0800-372d-5056-8a35-9f8661656bf4"",""d08816e6-d4d6-5f35-9de3-d86528fa7a96"",""2e126757-f17e-5ee2-93db-94d31ed944b2"",""5e1af4e2-330f-563f-b639-2d3cd8d276c8"",""49cd1889-2a56-5913-8723-929335f68874"",""82b898ba-3b6d-567f-8996-4f259b74547e"",""d38eb7d2-e78b-5c2f-93e4-2e34846e80e6"",""33effc64-dcfe-5ced-badf-c4df49f68dc1"",""a3a03b99-34c0-504b-b529-32b798db318a"",""8b3ec7b0-123f-5597-95f7-1fafc5810d01"",""035c5442-19b8-5a84-8a59-b352a9660279"",""d6d45010-72fa-5741-b733-88958a8795d2"",""ab8215e5-b753-5a6a-a4e7-ad9caf42eeac"",""1b20061c-b208-551a-b06c-81ffeff623fc"",""9b6d0913-2ae6-5dab-ab36-d05e1c51b208"",""a27c1fb2-edc1-57e6-9d74-adb5a13fed3b"",""4696448b-8c21-591b-80cc-7344ea0b95ec"",""c1d75a33-928c-5636-b99c-def1fb29e0f5"",""61eebfb6-2555-5bce-ba71-7a750427392a"",""aba074a1-d451-595d-bc12-e257adbe7383"",""1ca34094-ee4d-5962-a78a-174d361a9cd3"",""7edb0577-da07-5c6f-8391-bb90e9822165"",""d7c5d484-54dc-5d1e-a3ac-65d60267a12c"",""f416cc8b-3bc2-5c4c-a91c-c56faf748684""]",,,,,,,tokens.other,,,3,0,3,UF4,,,prespecified_B_E,True,explicit in unit columns; exact fractions retained,tokens
M7-analysis-v5,E-AB,UF3:cell:E-AB,dbb63e68d4ed9e904fa985aa5b88d674205b6caab086a8d981ac8918a9c68fb5,"[""4afc763c-033e-501c-9c9c-453207d31e62"",""1fed9611-d0cc-51e5-86e7-4ba237c836a2"",""0e4d4039-5409-5be7-a300-ded85e9c22d7"",""1c4afc6f-6679-57b7-ab6b-cec3053e85a1"",""76216ff6-0dab-5f43-913f-741c2deb7596"",""fe7c5fea-171a-5d3e-b93c-b9d53dca7c67"",""784c942d-b222-5013-a2e4-de4aa477a143"",""2f2d84f4-6f41-5df7-a828-cc0a3d9cdddf"",""c68f6332-f200-5595-940d-e5bcad78f1fe"",""54c3aba8-cb42-5023-9591-5cdd68bdd7c5"",""b9ac296e-4c6c-5cdc-9e03-14868c124af2"",""022ddff9-4332-5ba5-b884-42537f220a0c"",""0d262496-18e1-5973-84a6-84fbda64d0ff"",""447860c8-1d56-518b-88ad-7e103990b756"",""616ecfda-7163-5a8d-ba60-01f623d8b124"",""656bacfc-b102-5379-8db2-2f9f127621e0"",""88f2e658-6155-5924-bc85-63fe2aabb08a"",""9f032fb3-90ca-5749-aff5-1065077ac10e"",""4d2e4005-a84b-525b-a492-d367c5e405d0"",""12b20e20-e117-5c00-83bc-e589b92b730e"",""e97a5398-37b9-5e89-91a9-9b3ae48d9534"",""7a8f92c5-5f85-593a-bf90-08e13c60a2e6"",""aa66f5e3-ac0e-57d6-9b69-aa54ea7c4fb9"",""d07b7490-853e-562b-b662-305e89e7718d"",""596c0800-372d-5056-8a35-9f8661656bf4"",""d08816e6-d4d6-5f35-9de3-d86528fa7a96"",""2e126757-f17e-5ee2-93db-94d31ed944b2"",""5e1af4e2-330f-563f-b639-2d3cd8d276c8"",""49cd1889-2a56-5913-8723-929335f68874"",""82b898ba-3b6d-567f-8996-4f259b74547e"",""d38eb7d2-e78b-5c2f-93e4-2e34846e80e6"",""33effc64-dcfe-5ced-badf-c4df49f68dc1"",""a3a03b99-34c0-504b-b529-32b798db318a"",""8b3ec7b0-123f-5597-95f7-1fafc5810d01"",""035c5442-19b8-5a84-8a59-b352a9660279"",""d6d45010-72fa-5741-b733-88958a8795d2"",""ab8215e5-b753-5a6a-a4e7-ad9caf42eeac"",""1b20061c-b208-551a-b06c-81ffeff623fc"",""9b6d0913-2ae6-5dab-ab36-d05e1c51b208"",""a27c1fb2-edc1-57e6-9d74-adb5a13fed3b"",""4696448b-8c21-591b-80cc-7344ea0b95ec"",""c1d75a33-928c-5636-b99c-def1fb29e0f5"",""61eebfb6-2555-5bce-ba71-7a750427392a"",""aba074a1-d451-595d-bc12-e257adbe7383"",""1ca34094-ee4d-5962-a78a-174d361a9cd3"",""7edb0577-da07-5c6f-8391-bb90e9822165"",""d7c5d484-54dc-5d1e-a3ac-65d60267a12c"",""f416cc8b-3bc2-5c4c-a91c-c56faf748684""]",0,0,0,0,0,0,D,0,0,0,3,3,UF3,0,0,prespecified_B_E,False,explicit in unit columns; exact fractions retained,diagnoses
M7-analysis-v5,E-AB,UF3:cell:E-AB,dbb63e68d4ed9e904fa985aa5b88d674205b6caab086a8d981ac8918a9c68fb5,"[""4afc763c-033e-501c-9c9c-453207d31e62"",""1fed9611-d0cc-51e5-86e7-4ba237c836a2"",""0e4d4039-5409-5be7-a300-ded85e9c22d7"",""1c4afc6f-6679-57b7-ab6b-cec3053e85a1"",""76216ff6-0dab-5f43-913f-741c2deb7596"",""fe7c5fea-171a-5d3e-b93c-b9d53dca7c67"",""784c942d-b222-5013-a2e4-de4aa477a143"",""2f2d84f4-6f41-5df7-a828-cc0a3d9cdddf"",""c68f6332-f200-5595-940d-e5bcad78f1fe"",""54c3aba8-cb42-5023-9591-5cdd68bdd7c5"",""b9ac296e-4c6c-5cdc-9e03-14868c124af2"",""022ddff9-4332-5ba5-b884-42537f220a0c"",""0d262496-18e1-5973-84a6-84fbda64d0ff"",""447860c8-1d56-518b-88ad-7e103990b756"",""616ecfda-7163-5a8d-ba60-01f623d8b124"",""656bacfc-b102-5379-8db2-2f9f127621e0"",""88f2e658-6155-5924-bc85-63fe2aabb08a"",""9f032fb3-90ca-5749-aff5-1065077ac10e"",""4d2e4005-a84b-525b-a492-d367c5e405d0"",""12b20e20-e117-5c00-83bc-e589b92b730e"",""e97a5398-37b9-5e89-91a9-9b3ae48d9534"",""7a8f92c5-5f85-593a-bf90-08e13c60a2e6"",""aa66f5e3-ac0e-57d6-9b69-aa54ea7c4fb9"",""d07b7490-853e-562b-b662-305e89e7718d"",""596c0800-372d-5056-8a35-9f8661656bf4"",""d08816e6-d4d6-5f35-9de3-d86528fa7a96"",""2e126757-f17e-5ee2-93db-94d31ed944b2"",""5e1af4e2-330f-563f-b639-2d3cd8d276c8"",""49cd1889-2a56-5913-8723-929335f68874"",""82b898ba-3b6d-567f-8996-4f259b74547e"",""d38eb7d2-e78b-5c2f-93e4-2e34846e80e6"",""33effc64-dcfe-5ced-badf-c4df49f68dc1"",""a3a03b99-34c0-504b-b529-32b798db318a"",""8b3ec7b0-123f-5597-95f7-1fafc5810d01"",""035c5442-19b8-5a84-8a59-b352a9660279"",""d6d45010-72fa-5741-b733-88958a8795d2"",""ab8215e5-b753-5a6a-a4e7-ad9caf42eeac"",""1b20061c-b208-551a-b06c-81ffeff623fc"",""9b6d0913-2ae6-5dab-ab36-d05e1c51b208"",""a27c1fb2-edc1-57e6-9d74-adb5a13fed3b"",""4696448b-8c21-591b-80cc-7344ea0b95ec"",""c1d75a33-928c-5636-b99c-def1fb29e0f5"",""61eebfb6-2555-5bce-ba71-7a750427392a"",""aba074a1-d451-595d-bc12-e257adbe7383"",""1ca34094-ee4d-5962-a78a-174d361a9cd3"",""7edb0577-da07-5c6f-8391-bb90e9822165"",""d7c5d484-54dc-5d1e-a3ac-65d60267a12c"",""f416cc8b-3bc2-5c4c-a91c-c56faf748684""]",0,0,0,0,0,0,S,0,0,0,3,3,UF3,0,0,prespecified_B_E,False,explicit in unit columns; exact fractions retained,diagnoses_per_100_lines
M7-analysis-v5,E-AB,UF3:cell:E-AB,dbb63e68d4ed9e904fa985aa5b88d674205b6caab086a8d981ac8918a9c68fb5,"[""4afc763c-033e-501c-9c9c-453207d31e62"",""1fed9611-d0cc-51e5-86e7-4ba237c836a2"",""0e4d4039-5409-5be7-a300-ded85e9c22d7"",""1c4afc6f-6679-57b7-ab6b-cec3053e85a1"",""76216ff6-0dab-5f43-913f-741c2deb7596"",""fe7c5fea-171a-5d3e-b93c-b9d53dca7c67"",""784c942d-b222-5013-a2e4-de4aa477a143"",""2f2d84f4-6f41-5df7-a828-cc0a3d9cdddf"",""c68f6332-f200-5595-940d-e5bcad78f1fe"",""54c3aba8-cb42-5023-9591-5cdd68bdd7c5"",""b9ac296e-4c6c-5cdc-9e03-14868c124af2"",""022ddff9-4332-5ba5-b884-42537f220a0c"",""0d262496-18e1-5973-84a6-84fbda64d0ff"",""447860c8-1d56-518b-88ad-7e103990b756"",""616ecfda-7163-5a8d-ba60-01f623d8b124"",""656bacfc-b102-5379-8db2-2f9f127621e0"",""88f2e658-6155-5924-bc85-63fe2aabb08a"",""9f032fb3-90ca-5749-aff5-1065077ac10e"",""4d2e4005-a84b-525b-a492-d367c5e405d0"",""12b20e20-e117-5c00-83bc-e589b92b730e"",""e97a5398-37b9-5e89-91a9-9b3ae48d9534"",""7a8f92c5-5f85-593a-bf90-08e13c60a2e6"",""aa66f5e3-ac0e-57d6-9b69-aa54ea7c4fb9"",""d07b7490-853e-562b-b662-305e89e7718d"",""596c0800-372d-5056-8a35-9f8661656bf4"",""d08816e6-d4d6-5f35-9de3-d86528fa7a96"",""2e126757-f17e-5ee2-93db-94d31ed944b2"",""5e1af4e2-330f-563f-b639-2d3cd8d276c8"",""49cd1889-2a56-5913-8723-929335f68874"",""82b898ba-3b6d-567f-8996-4f259b74547e"",""d38eb7d2-e78b-5c2f-93e4-2e34846e80e6"",""33effc64-dcfe-5ced-badf-c4df49f68dc1"",""a3a03b99-34c0-504b-b529-32b798db318a"",""8b3ec7b0-123f-5597-95f7-1fafc5810d01"",""035c5442-19b8-5a84-8a59-b352a9660279"",""d6d45010-72fa-5741-b733-88958a8795d2"",""ab8215e5-b753-5a6a-a4e7-ad9caf42eeac"",""1b20061c-b208-551a-b06c-81ffeff623fc"",""9b6d0913-2ae6-5dab-ab36-d05e1c51b208"",""a27c1fb2-edc1-57e6-9d74-adb5a13fed3b"",""4696448b-8c21-591b-80cc-7344ea0b95ec"",""c1d75a33-928c-5636-b99c-def1fb29e0f5"",""61eebfb6-2555-5bce-ba71-7a750427392a"",""aba074a1-d451-595d-bc12-e257adbe7383"",""1ca34094-ee4d-5962-a78a-174d361a9cd3"",""7edb0577-da07-5c6f-8391-bb90e9822165"",""d7c5d484-54dc-5d1e-a3ac-65d60267a12c"",""f416cc8b-3bc2-5c4c-a91c-c56faf748684""]",0,0,0,0,0,0,outage_seconds,0,0,0,3,3,UF3,0,0,prespecified_B_E,False,explicit in unit columns; exact fractions retained,s
M7-analysis-v5,E-AB,UF3:cell:E-AB,dbb63e68d4ed9e904fa985aa5b88d674205b6caab086a8d981ac8918a9c68fb5,"[""4afc763c-033e-501c-9c9c-453207d31e62"",""1fed9611-d0cc-51e5-86e7-4ba237c836a2"",""0e4d4039-5409-5be7-a300-ded85e9c22d7"",""1c4afc6f-6679-57b7-ab6b-cec3053e85a1"",""76216ff6-0dab-5f43-913f-741c2deb7596"",""fe7c5fea-171a-5d3e-b93c-b9d53dca7c67"",""784c942d-b222-5013-a2e4-de4aa477a143"",""2f2d84f4-6f41-5df7-a828-cc0a3d9cdddf"",""c68f6332-f200-5595-940d-e5bcad78f1fe"",""54c3aba8-cb42-5023-9591-5cdd68bdd7c5"",""b9ac296e-4c6c-5cdc-9e03-14868c124af2"",""022ddff9-4332-5ba5-b884-42537f220a0c"",""0d262496-18e1-5973-84a6-84fbda64d0ff"",""447860c8-1d56-518b-88ad-7e103990b756"",""616ecfda-7163-5a8d-ba60-01f623d8b124"",""656bacfc-b102-5379-8db2-2f9f127621e0"",""88f2e658-6155-5924-bc85-63fe2aabb08a"",""9f032fb3-90ca-5749-aff5-1065077ac10e"",""4d2e4005-a84b-525b-a492-d367c5e405d0"",""12b20e20-e117-5c00-83bc-e589b92b730e"",""e97a5398-37b9-5e89-91a9-9b3ae48d9534"",""7a8f92c5-5f85-593a-bf90-08e13c60a2e6"",""aa66f5e3-ac0e-57d6-9b69-aa54ea7c4fb9"",""d07b7490-853e-562b-b662-305e89e7718d"",""596c0800-372d-5056-8a35-9f8661656bf4"",""d08816e6-d4d6-5f35-9de3-d86528fa7a96"",""2e126757-f17e-5ee2-93db-94d31ed944b2"",""5e1af4e2-330f-563f-b639-2d3cd8d276c8"",""49cd1889-2a56-5913-8723-929335f68874"",""82b898ba-3b6d-567f-8996-4f259b74547e"",""d38eb7d2-e78b-5c2f-93e4-2e34846e80e6"",""33effc64-dcfe-5ced-badf-c4df49f68dc1"",""a3a03b99-34c0-504b-b529-32b798db318a"",""8b3ec7b0-123f-5597-95f7-1fafc5810d01"",""035c5442-19b8-5a84-8a59-b352a9660279"",""d6d45010-72fa-5741-b733-88958a8795d2"",""ab8215e5-b753-5a6a-a4e7-ad9caf42eeac"",""1b20061c-b208-551a-b06c-81ffeff623fc"",""9b6d0913-2ae6-5dab-ab36-d05e1c51b208"",""a27c1fb2-edc1-57e6-9d74-adb5a13fed3b"",""4696448b-8c21-591b-80cc-7344ea0b95ec"",""c1d75a33-928c-5636-b99c-def1fb29e0f5"",""61eebfb6-2555-5bce-ba71-7a750427392a"",""aba074a1-d451-595d-bc12-e257adbe7383"",""1ca34094-ee4d-5962-a78a-174d361a9cd3"",""7edb0577-da07-5c6f-8391-bb90e9822165"",""d7c5d484-54dc-5d1e-a3ac-65d60267a12c"",""f416cc8b-3bc2-5c4c-a91c-c56faf748684""]",0,0,0,0,0,0,pause_seconds,0,0,0,3,3,UF3,0,0,prespecified_B_E,False,explicit in unit columns; exact fractions retained,s
M7-analysis-v5,E-AB,UF3:cell:E-AB,dbb63e68d4ed9e904fa985aa5b88d674205b6caab086a8d981ac8918a9c68fb5,"[""4afc763c-033e-501c-9c9c-453207d31e62"",""1fed9611-d0cc-51e5-86e7-4ba237c836a2"",""0e4d4039-5409-5be7-a300-ded85e9c22d7"",""1c4afc6f-6679-57b7-ab6b-cec3053e85a1"",""76216ff6-0dab-5f43-913f-741c2deb7596"",""fe7c5fea-171a-5d3e-b93c-b9d53dca7c67"",""784c942d-b222-5013-a2e4-de4aa477a143"",""2f2d84f4-6f41-5df7-a828-cc0a3d9cdddf"",""c68f6332-f200-5595-940d-e5bcad78f1fe"",""54c3aba8-cb42-5023-9591-5cdd68bdd7c5"",""b9ac296e-4c6c-5cdc-9e03-14868c124af2"",""022ddff9-4332-5ba5-b884-42537f220a0c"",""0d262496-18e1-5973-84a6-84fbda64d0ff"",""447860c8-1d56-518b-88ad-7e103990b756"",""616ecfda-7163-5a8d-ba60-01f623d8b124"",""656bacfc-b102-5379-8db2-2f9f127621e0"",""88f2e658-6155-5924-bc85-63fe2aabb08a"",""9f032fb3-90ca-5749-aff5-1065077ac10e"",""4d2e4005-a84b-525b-a492-d367c5e405d0"",""12b20e20-e117-5c00-83bc-e589b92b730e"",""e97a5398-37b9-5e89-91a9-9b3ae48d9534"",""7a8f92c5-5f85-593a-bf90-08e13c60a2e6"",""aa66f5e3-ac0e-57d6-9b69-aa54ea7c4fb9"",""d07b7490-853e-562b-b662-305e89e7718d"",""596c0800-372d-5056-8a35-9f8661656bf4"",""d08816e6-d4d6-5f35-9de3-d86528fa7a96"",""2e126757-f17e-5ee2-93db-94d31ed944b2"",""5e1af4e2-330f-563f-b639-2d3cd8d276c8"",""49cd1889-2a56-5913-8723-929335f68874"",""82b898ba-3b6d-567f-8996-4f259b74547e"",""d38eb7d2-e78b-5c2f-93e4-2e34846e80e6"",""33effc64-dcfe-5ced-badf-c4df49f68dc1"",""a3a03b99-34c0-504b-b529-32b798db318a"",""8b3ec7b0-123f-5597-95f7-1fafc5810d01"",""035c5442-19b8-5a84-8a59-b352a9660279"",""d6d45010-72fa-5741-b733-88958a8795d2"",""ab8215e5-b753-5a6a-a4e7-ad9caf42eeac"",""1b20061c-b208-551a-b06c-81ffeff623fc"",""9b6d0913-2ae6-5dab-ab36-d05e1c51b208"",""a27c1fb2-edc1-57e6-9d74-adb5a13fed3b"",""4696448b-8c21-591b-80cc-7344ea0b95ec"",""c1d75a33-928c-5636-b99c-def1fb29e0f5"",""61eebfb6-2555-5bce-ba71-7a750427392a"",""aba074a1-d451-595d-bc12-e257adbe7383"",""1ca34094-ee4d-5962-a78a-174d361a9cd3"",""7edb0577-da07-5c6f-8391-bb90e9822165"",""d7c5d484-54dc-5d1e-a3ac-65d60267a12c"",""f416cc8b-3bc2-5c4c-a91c-c56faf748684""]",0.1368419752,0.1368419752,0.1335980567333333333333333333333333333333,0.1335980567333333333333333333333333333333,0.13409075,0.134090750,cost,0.129861445,0.129861445,0,3,3,UF3,0.003516249487670352058537529116310373808003,0.003516249487670352058537529116310373808003,prespecified_B_E,False,explicit in unit columns; exact fractions retained,USD
M7-analysis-v5,E-AB,UF3:cell:E-AB,dbb63e68d4ed9e904fa985aa5b88d674205b6caab086a8d981ac8918a9c68fb5,"[""4afc763c-033e-501c-9c9c-453207d31e62"",""1fed9611-d0cc-51e5-86e7-4ba237c836a2"",""0e4d4039-5409-5be7-a300-ded85e9c22d7"",""1c4afc6f-6679-57b7-ab6b-cec3053e85a1"",""76216ff6-0dab-5f43-913f-741c2deb7596"",""fe7c5fea-171a-5d3e-b93c-b9d53dca7c67"",""784c942d-b222-5013-a2e4-de4aa477a143"",""2f2d84f4-6f41-5df7-a828-cc0a3d9cdddf"",""c68f6332-f200-5595-940d-e5bcad78f1fe"",""54c3aba8-cb42-5023-9591-5cdd68bdd7c5"",""b9ac296e-4c6c-5cdc-9e03-14868c124af2"",""022ddff9-4332-5ba5-b884-42537f220a0c"",""0d262496-18e1-5973-84a6-84fbda64d0ff"",""447860c8-1d56-518b-88ad-7e103990b756"",""616ecfda-7163-5a8d-ba60-01f623d8b124"",""656bacfc-b102-5379-8db2-2f9f127621e0"",""88f2e658-6155-5924-bc85-63fe2aabb08a"",""9f032fb3-90ca-5749-aff5-1065077ac10e"",""4d2e4005-a84b-525b-a492-d367c5e405d0"",""12b20e20-e117-5c00-83bc-e589b92b730e"",""e97a5398-37b9-5e89-91a9-9b3ae48d9534"",""7a8f92c5-5f85-593a-bf90-08e13c60a2e6"",""aa66f5e3-ac0e-57d6-9b69-aa54ea7c4fb9"",""d07b7490-853e-562b-b662-305e89e7718d"",""596c0800-372d-5056-8a35-9f8661656bf4"",""d08816e6-d4d6-5f35-9de3-d86528fa7a96"",""2e126757-f17e-5ee2-93db-94d31ed944b2"",""5e1af4e2-330f-563f-b639-2d3cd8d276c8"",""49cd1889-2a56-5913-8723-929335f68874"",""82b898ba-3b6d-567f-8996-4f259b74547e"",""d38eb7d2-e78b-5c2f-93e4-2e34846e80e6"",""33effc64-dcfe-5ced-badf-c4df49f68dc1"",""a3a03b99-34c0-504b-b529-32b798db318a"",""8b3ec7b0-123f-5597-95f7-1fafc5810d01"",""035c5442-19b8-5a84-8a59-b352a9660279"",""d6d45010-72fa-5741-b733-88958a8795d2"",""ab8215e5-b753-5a6a-a4e7-ad9caf42eeac"",""1b20061c-b208-551a-b06c-81ffeff623fc"",""9b6d0913-2ae6-5dab-ab36-d05e1c51b208"",""a27c1fb2-edc1-57e6-9d74-adb5a13fed3b"",""4696448b-8c21-591b-80cc-7344ea0b95ec"",""c1d75a33-928c-5636-b99c-def1fb29e0f5"",""61eebfb6-2555-5bce-ba71-7a750427392a"",""aba074a1-d451-595d-bc12-e257adbe7383"",""1ca34094-ee4d-5962-a78a-174d361a9cd3"",""7edb0577-da07-5c6f-8391-bb90e9822165"",""d7c5d484-54dc-5d1e-a3ac-65d60267a12c"",""f416cc8b-3bc2-5c4c-a91c-c56faf748684""]",1,1,1,1,1,1,F,1,1,0,3,3,UF3,0,0,prespecified_B_E,False,explicit in unit columns; exact fractions retained,ratio
M7-analysis-v5,E-AB,UF3:cell:E-AB,dbb63e68d4ed9e904fa985aa5b88d674205b6caab086a8d981ac8918a9c68fb5,"[""4afc763c-033e-501c-9c9c-453207d31e62"",""1fed9611-d0cc-51e5-86e7-4ba237c836a2"",""0e4d4039-5409-5be7-a300-ded85e9c22d7"",""1c4afc6f-6679-57b7-ab6b-cec3053e85a1"",""76216ff6-0dab-5f43-913f-741c2deb7596"",""fe7c5fea-171a-5d3e-b93c-b9d53dca7c67"",""784c942d-b222-5013-a2e4-de4aa477a143"",""2f2d84f4-6f41-5df7-a828-cc0a3d9cdddf"",""c68f6332-f200-5595-940d-e5bcad78f1fe"",""54c3aba8-cb42-5023-9591-5cdd68bdd7c5"",""b9ac296e-4c6c-5cdc-9e03-14868c124af2"",""022ddff9-4332-5ba5-b884-42537f220a0c"",""0d262496-18e1-5973-84a6-84fbda64d0ff"",""447860c8-1d56-518b-88ad-7e103990b756"",""616ecfda-7163-5a8d-ba60-01f623d8b124"",""656bacfc-b102-5379-8db2-2f9f127621e0"",""88f2e658-6155-5924-bc85-63fe2aabb08a"",""9f032fb3-90ca-5749-aff5-1065077ac10e"",""4d2e4005-a84b-525b-a492-d367c5e405d0"",""12b20e20-e117-5c00-83bc-e589b92b730e"",""e97a5398-37b9-5e89-91a9-9b3ae48d9534"",""7a8f92c5-5f85-593a-bf90-08e13c60a2e6"",""aa66f5e3-ac0e-57d6-9b69-aa54ea7c4fb9"",""d07b7490-853e-562b-b662-305e89e7718d"",""596c0800-372d-5056-8a35-9f8661656bf4"",""d08816e6-d4d6-5f35-9de3-d86528fa7a96"",""2e126757-f17e-5ee2-93db-94d31ed944b2"",""5e1af4e2-330f-563f-b639-2d3cd8d276c8"",""49cd1889-2a56-5913-8723-929335f68874"",""82b898ba-3b6d-567f-8996-4f259b74547e"",""d38eb7d2-e78b-5c2f-93e4-2e34846e80e6"",""33effc64-dcfe-5ced-badf-c4df49f68dc1"",""a3a03b99-34c0-504b-b529-32b798db318a"",""8b3ec7b0-123f-5597-95f7-1fafc5810d01"",""035c5442-19b8-5a84-8a59-b352a9660279"",""d6d45010-72fa-5741-b733-88958a8795d2"",""ab8215e5-b753-5a6a-a4e7-ad9caf42eeac"",""1b20061c-b208-551a-b06c-81ffeff623fc"",""9b6d0913-2ae6-5dab-ab36-d05e1c51b208"",""a27c1fb2-edc1-57e6-9d74-adb5a13fed3b"",""4696448b-8c21-591b-80cc-7344ea0b95ec"",""c1d75a33-928c-5636-b99c-def1fb29e0f5"",""61eebfb6-2555-5bce-ba71-7a750427392a"",""aba074a1-d451-595d-bc12-e257adbe7383"",""1ca34094-ee4d-5962-a78a-174d361a9cd3"",""7edb0577-da07-5c6f-8391-bb90e9822165"",""d7c5d484-54dc-5d1e-a3ac-65d60267a12c"",""f416cc8b-3bc2-5c4c-a91c-c56faf748684""]",1,1,1,1,1,1,R1,1,1,0,3,3,UF3,0,0,prespecified_B_E,False,explicit in unit columns; exact fractions retained,binary
M7-analysis-v5,E-AB,UF3:cell:E-AB,dbb63e68d4ed9e904fa985aa5b88d674205b6caab086a8d981ac8918a9c68fb5,"[""4afc763c-033e-501c-9c9c-453207d31e62"",""1fed9611-d0cc-51e5-86e7-4ba237c836a2"",""0e4d4039-5409-5be7-a300-ded85e9c22d7"",""1c4afc6f-6679-57b7-ab6b-cec3053e85a1"",""76216ff6-0dab-5f43-913f-741c2deb7596"",""fe7c5fea-171a-5d3e-b93c-b9d53dca7c67"",""784c942d-b222-5013-a2e4-de4aa477a143"",""2f2d84f4-6f41-5df7-a828-cc0a3d9cdddf"",""c68f6332-f200-5595-940d-e5bcad78f1fe"",""54c3aba8-cb42-5023-9591-5cdd68bdd7c5"",""b9ac296e-4c6c-5cdc-9e03-14868c124af2"",""022ddff9-4332-5ba5-b884-42537f220a0c"",""0d262496-18e1-5973-84a6-84fbda64d0ff"",""447860c8-1d56-518b-88ad-7e103990b756"",""616ecfda-7163-5a8d-ba60-01f623d8b124"",""656bacfc-b102-5379-8db2-2f9f127621e0"",""88f2e658-6155-5924-bc85-63fe2aabb08a"",""9f032fb3-90ca-5749-aff5-1065077ac10e"",""4d2e4005-a84b-525b-a492-d367c5e405d0"",""12b20e20-e117-5c00-83bc-e589b92b730e"",""e97a5398-37b9-5e89-91a9-9b3ae48d9534"",""7a8f92c5-5f85-593a-bf90-08e13c60a2e6"",""aa66f5e3-ac0e-57d6-9b69-aa54ea7c4fb9"",""d07b7490-853e-562b-b662-305e89e7718d"",""596c0800-372d-5056-8a35-9f8661656bf4"",""d08816e6-d4d6-5f35-9de3-d86528fa7a96"",""2e126757-f17e-5ee2-93db-94d31ed944b2"",""5e1af4e2-330f-563f-b639-2d3cd8d276c8"",""49cd1889-2a56-5913-8723-929335f68874"",""82b898ba-3b6d-567f-8996-4f259b74547e"",""d38eb7d2-e78b-5c2f-93e4-2e34846e80e6"",""33effc64-dcfe-5ced-badf-c4df49f68dc1"",""a3a03b99-34c0-504b-b529-32b798db318a"",""8b3ec7b0-123f-5597-95f7-1fafc5810d01"",""035c5442-19b8-5a84-8a59-b352a9660279"",""d6d45010-72fa-5741-b733-88958a8795d2"",""ab8215e5-b753-5a6a-a4e7-ad9caf42eeac"",""1b20061c-b208-551a-b06c-81ffeff623fc"",""9b6d0913-2ae6-5dab-ab36-d05e1c51b208"",""a27c1fb2-edc1-57e6-9d74-adb5a13fed3b"",""4696448b-8c21-591b-80cc-7344ea0b95ec"",""c1d75a33-928c-5636-b99c-def1fb29e0f5"",""61eebfb6-2555-5bce-ba71-7a750427392a"",""aba074a1-d451-595d-bc12-e257adbe7383"",""1ca34094-ee4d-5962-a78a-174d361a9cd3"",""7edb0577-da07-5c6f-8391-bb90e9822165"",""d7c5d484-54dc-5d1e-a3ac-65d60267a12c"",""f416cc8b-3bc2-5c4c-a91c-c56faf748684""]",1,1,1,1,1,1,R2,1,1,0,3,3,UF3,0,0,prespecified_B_E,False,explicit in unit columns; exact fractions retained,binary
M7-analysis-v5,E-AB,UF3:cell:E-AB,dbb63e68d4ed9e904fa985aa5b88d674205b6caab086a8d981ac8918a9c68fb5,"[""4afc763c-033e-501c-9c9c-453207d31e62"",""1fed9611-d0cc-51e5-86e7-4ba237c836a2"",""0e4d4039-5409-5be7-a300-ded85e9c22d7"",""1c4afc6f-6679-57b7-ab6b-cec3053e85a1"",""76216ff6-0dab-5f43-913f-741c2deb7596"",""fe7c5fea-171a-5d3e-b93c-b9d53dca7c67"",""784c942d-b222-5013-a2e4-de4aa477a143"",""2f2d84f4-6f41-5df7-a828-cc0a3d9cdddf"",""c68f6332-f200-5595-940d-e5bcad78f1fe"",""54c3aba8-cb42-5023-9591-5cdd68bdd7c5"",""b9ac296e-4c6c-5cdc-9e03-14868c124af2"",""022ddff9-4332-5ba5-b884-42537f220a0c"",""0d262496-18e1-5973-84a6-84fbda64d0ff"",""447860c8-1d56-518b-88ad-7e103990b756"",""616ecfda-7163-5a8d-ba60-01f623d8b124"",""656bacfc-b102-5379-8db2-2f9f127621e0"",""88f2e658-6155-5924-bc85-63fe2aabb08a"",""9f032fb3-90ca-5749-aff5-1065077ac10e"",""4d2e4005-a84b-525b-a492-d367c5e405d0"",""12b20e20-e117-5c00-83bc-e589b92b730e"",""e97a5398-37b9-5e89-91a9-9b3ae48d9534"",""7a8f92c5-5f85-593a-bf90-08e13c60a2e6"",""aa66f5e3-ac0e-57d6-9b69-aa54ea7c4fb9"",""d07b7490-853e-562b-b662-305e89e7718d"",""596c0800-372d-5056-8a35-9f8661656bf4"",""d08816e6-d4d6-5f35-9de3-d86528fa7a96"",""2e126757-f17e-5ee2-93db-94d31ed944b2"",""5e1af4e2-330f-563f-b639-2d3cd8d276c8"",""49cd1889-2a56-5913-8723-929335f68874"",""82b898ba-3b6d-567f-8996-4f259b74547e"",""d38eb7d2-e78b-5c2f-93e4-2e34846e80e6"",""33effc64-dcfe-5ced-badf-c4df49f68dc1"",""a3a03b99-34c0-504b-b529-32b798db318a"",""8b3ec7b0-123f-5597-95f7-1fafc5810d01"",""035c5442-19b8-5a84-8a59-b352a9660279"",""d6d45010-72fa-5741-b733-88958a8795d2"",""ab8215e5-b753-5a6a-a4e7-ad9caf42eeac"",""1b20061c-b208-551a-b06c-81ffeff623fc"",""9b6d0913-2ae6-5dab-ab36-d05e1c51b208"",""a27c1fb2-edc1-57e6-9d74-adb5a13fed3b"",""4696448b-8c21-591b-80cc-7344ea0b95ec"",""c1d75a33-928c-5636-b99c-def1fb29e0f5"",""61eebfb6-2555-5bce-ba71-7a750427392a"",""aba074a1-d451-595d-bc12-e257adbe7383"",""1ca34094-ee4d-5962-a78a-174d361a9cd3"",""7edb0577-da07-5c6f-8391-bb90e9822165"",""d7c5d484-54dc-5d1e-a3ac-65d60267a12c"",""f416cc8b-3bc2-5c4c-a91c-c56faf748684""]",1,1,1,1,1,1,R3,1,1,0,3,3,UF3,0,0,prespecified_B_E,False,explicit in unit columns; exact fractions retained,binary
M7-analysis-v5,E-AB,UF3:cell:E-AB,dbb63e68d4ed9e904fa985aa5b88d674205b6caab086a8d981ac8918a9c68fb5,"[""4afc763c-033e-501c-9c9c-453207d31e62"",""1fed9611-d0cc-51e5-86e7-4ba237c836a2"",""0e4d4039-5409-5be7-a300-ded85e9c22d7"",""1c4afc6f-6679-57b7-ab6b-cec3053e85a1"",""76216ff6-0dab-5f43-913f-741c2deb7596"",""fe7c5fea-171a-5d3e-b93c-b9d53dca7c67"",""784c942d-b222-5013-a2e4-de4aa477a143"",""2f2d84f4-6f41-5df7-a828-cc0a3d9cdddf"",""c68f6332-f200-5595-940d-e5bcad78f1fe"",""54c3aba8-cb42-5023-9591-5cdd68bdd7c5"",""b9ac296e-4c6c-5cdc-9e03-14868c124af2"",""022ddff9-4332-5ba5-b884-42537f220a0c"",""0d262496-18e1-5973-84a6-84fbda64d0ff"",""447860c8-1d56-518b-88ad-7e103990b756"",""616ecfda-7163-5a8d-ba60-01f623d8b124"",""656bacfc-b102-5379-8db2-2f9f127621e0"",""88f2e658-6155-5924-bc85-63fe2aabb08a"",""9f032fb3-90ca-5749-aff5-1065077ac10e"",""4d2e4005-a84b-525b-a492-d367c5e405d0"",""12b20e20-e117-5c00-83bc-e589b92b730e"",""e97a5398-37b9-5e89-91a9-9b3ae48d9534"",""7a8f92c5-5f85-593a-bf90-08e13c60a2e6"",""aa66f5e3-ac0e-57d6-9b69-aa54ea7c4fb9"",""d07b7490-853e-562b-b662-305e89e7718d"",""596c0800-372d-5056-8a35-9f8661656bf4"",""d08816e6-d4d6-5f35-9de3-d86528fa7a96"",""2e126757-f17e-5ee2-93db-94d31ed944b2"",""5e1af4e2-330f-563f-b639-2d3cd8d276c8"",""49cd1889-2a56-5913-8723-929335f68874"",""82b898ba-3b6d-567f-8996-4f259b74547e"",""d38eb7d2-e78b-5c2f-93e4-2e34846e80e6"",""33effc64-dcfe-5ced-badf-c4df49f68dc1"",""a3a03b99-34c0-504b-b529-32b798db318a"",""8b3ec7b0-123f-5597-95f7-1fafc5810d01"",""035c5442-19b8-5a84-8a59-b352a9660279"",""d6d45010-72fa-5741-b733-88958a8795d2"",""ab8215e5-b753-5a6a-a4e7-ad9caf42eeac"",""1b20061c-b208-551a-b06c-81ffeff623fc"",""9b6d0913-2ae6-5dab-ab36-d05e1c51b208"",""a27c1fb2-edc1-57e6-9d74-adb5a13fed3b"",""4696448b-8c21-591b-80cc-7344ea0b95ec"",""c1d75a33-928c-5636-b99c-def1fb29e0f5"",""61eebfb6-2555-5bce-ba71-7a750427392a"",""aba074a1-d451-595d-bc12-e257adbe7383"",""1ca34094-ee4d-5962-a78a-174d361a9cd3"",""7edb0577-da07-5c6f-8391-bb90e9822165"",""d7c5d484-54dc-5d1e-a3ac-65d60267a12c"",""f416cc8b-3bc2-5c4c-a91c-c56faf748684""]",1,1,1,1,1,1,R4,1,1,0,3,3,UF3,0,0,prespecified_B_E,False,explicit in unit columns; exact fractions retained,binary
M7-analysis-v5,E-AB,UF3:cell:E-AB,dbb63e68d4ed9e904fa985aa5b88d674205b6caab086a8d981ac8918a9c68fb5,"[""4afc763c-033e-501c-9c9c-453207d31e62"",""1fed9611-d0cc-51e5-86e7-4ba237c836a2"",""0e4d4039-5409-5be7-a300-ded85e9c22d7"",""1c4afc6f-6679-57b7-ab6b-cec3053e85a1"",""76216ff6-0dab-5f43-913f-741c2deb7596"",""fe7c5fea-171a-5d3e-b93c-b9d53dca7c67"",""784c942d-b222-5013-a2e4-de4aa477a143"",""2f2d84f4-6f41-5df7-a828-cc0a3d9cdddf"",""c68f6332-f200-5595-940d-e5bcad78f1fe"",""54c3aba8-cb42-5023-9591-5cdd68bdd7c5"",""b9ac296e-4c6c-5cdc-9e03-14868c124af2"",""022ddff9-4332-5ba5-b884-42537f220a0c"",""0d262496-18e1-5973-84a6-84fbda64d0ff"",""447860c8-1d56-518b-88ad-7e103990b756"",""616ecfda-7163-5a8d-ba60-01f623d8b124"",""656bacfc-b102-5379-8db2-2f9f127621e0"",""88f2e658-6155-5924-bc85-63fe2aabb08a"",""9f032fb3-90ca-5749-aff5-1065077ac10e"",""4d2e4005-a84b-525b-a492-d367c5e405d0"",""12b20e20-e117-5c00-83bc-e589b92b730e"",""e97a5398-37b9-5e89-91a9-9b3ae48d9534"",""7a8f92c5-5f85-593a-bf90-08e13c60a2e6"",""aa66f5e3-ac0e-57d6-9b69-aa54ea7c4fb9"",""d07b7490-853e-562b-b662-305e89e7718d"",""596c0800-372d-5056-8a35-9f8661656bf4"",""d08816e6-d4d6-5f35-9de3-d86528fa7a96"",""2e126757-f17e-5ee2-93db-94d31ed944b2"",""5e1af4e2-330f-563f-b639-2d3cd8d276c8"",""49cd1889-2a56-5913-8723-929335f68874"",""82b898ba-3b6d-567f-8996-4f259b74547e"",""d38eb7d2-e78b-5c2f-93e4-2e34846e80e6"",""33effc64-dcfe-5ced-badf-c4df49f68dc1"",""a3a03b99-34c0-504b-b529-32b798db318a"",""8b3ec7b0-123f-5597-95f7-1fafc5810d01"",""035c5442-19b8-5a84-8a59-b352a9660279"",""d6d45010-72fa-5741-b733-88958a8795d2"",""ab8215e5-b753-5a6a-a4e7-ad9caf42eeac"",""1b20061c-b208-551a-b06c-81ffeff623fc"",""9b6d0913-2ae6-5dab-ab36-d05e1c51b208"",""a27c1fb2-edc1-57e6-9d74-adb5a13fed3b"",""4696448b-8c21-591b-80cc-7344ea0b95ec"",""c1d75a33-928c-5636-b99c-def1fb29e0f5"",""61eebfb6-2555-5bce-ba71-7a750427392a"",""aba074a1-d451-595d-bc12-e257adbe7383"",""1ca34094-ee4d-5962-a78a-174d361a9cd3"",""7edb0577-da07-5c6f-8391-bb90e9822165"",""d7c5d484-54dc-5d1e-a3ac-65d60267a12c"",""f416cc8b-3bc2-5c4c-a91c-c56faf748684""]",1,1,1,1,1,1,R5,1,1,0,3,3,UF3,0,0,prespecified_B_E,False,explicit in unit columns; exact fractions retained,binary
M7-analysis-v5,E-AB,UF3:cell:E-AB,dbb63e68d4ed9e904fa985aa5b88d674205b6caab086a8d981ac8918a9c68fb5,"[""4afc763c-033e-501c-9c9c-453207d31e62"",""1fed9611-d0cc-51e5-86e7-4ba237c836a2"",""0e4d4039-5409-5be7-a300-ded85e9c22d7"",""1c4afc6f-6679-57b7-ab6b-cec3053e85a1"",""76216ff6-0dab-5f43-913f-741c2deb7596"",""fe7c5fea-171a-5d3e-b93c-b9d53dca7c67"",""784c942d-b222-5013-a2e4-de4aa477a143"",""2f2d84f4-6f41-5df7-a828-cc0a3d9cdddf"",""c68f6332-f200-5595-940d-e5bcad78f1fe"",""54c3aba8-cb42-5023-9591-5cdd68bdd7c5"",""b9ac296e-4c6c-5cdc-9e03-14868c124af2"",""022ddff9-4332-5ba5-b884-42537f220a0c"",""0d262496-18e1-5973-84a6-84fbda64d0ff"",""447860c8-1d56-518b-88ad-7e103990b756"",""616ecfda-7163-5a8d-ba60-01f623d8b124"",""656bacfc-b102-5379-8db2-2f9f127621e0"",""88f2e658-6155-5924-bc85-63fe2aabb08a"",""9f032fb3-90ca-5749-aff5-1065077ac10e"",""4d2e4005-a84b-525b-a492-d367c5e405d0"",""12b20e20-e117-5c00-83bc-e589b92b730e"",""e97a5398-37b9-5e89-91a9-9b3ae48d9534"",""7a8f92c5-5f85-593a-bf90-08e13c60a2e6"",""aa66f5e3-ac0e-57d6-9b69-aa54ea7c4fb9"",""d07b7490-853e-562b-b662-305e89e7718d"",""596c0800-372d-5056-8a35-9f8661656bf4"",""d08816e6-d4d6-5f35-9de3-d86528fa7a96"",""2e126757-f17e-5ee2-93db-94d31ed944b2"",""5e1af4e2-330f-563f-b639-2d3cd8d276c8"",""49cd1889-2a56-5913-8723-929335f68874"",""82b898ba-3b6d-567f-8996-4f259b74547e"",""d38eb7d2-e78b-5c2f-93e4-2e34846e80e6"",""33effc64-dcfe-5ced-badf-c4df49f68dc1"",""a3a03b99-34c0-504b-b529-32b798db318a"",""8b3ec7b0-123f-5597-95f7-1fafc5810d01"",""035c5442-19b8-5a84-8a59-b352a9660279"",""d6d45010-72fa-5741-b733-88958a8795d2"",""ab8215e5-b753-5a6a-a4e7-ad9caf42eeac"",""1b20061c-b208-551a-b06c-81ffeff623fc"",""9b6d0913-2ae6-5dab-ab36-d05e1c51b208"",""a27c1fb2-edc1-57e6-9d74-adb5a13fed3b"",""4696448b-8c21-591b-80cc-7344ea0b95ec"",""c1d75a33-928c-5636-b99c-def1fb29e0f5"",""61eebfb6-2555-5bce-ba71-7a750427392a"",""aba074a1-d451-595d-bc12-e257adbe7383"",""1ca34094-ee4d-5962-a78a-174d361a9cd3"",""7edb0577-da07-5c6f-8391-bb90e9822165"",""d7c5d484-54dc-5d1e-a3ac-65d60267a12c"",""f416cc8b-3bc2-5c4c-a91c-c56faf748684""]",1,1,1,1,1,1,R6,1,1,0,3,3,UF3,0,0,prespecified_B_E,False,explicit in unit columns; exact fractions retained,binary
M7-analysis-v5,E-AB,UF3:cell:E-AB,dbb63e68d4ed9e904fa985aa5b88d674205b6caab086a8d981ac8918a9c68fb5,"[""4afc763c-033e-501c-9c9c-453207d31e62"",""1fed9611-d0cc-51e5-86e7-4ba237c836a2"",""0e4d4039-5409-5be7-a300-ded85e9c22d7"",""1c4afc6f-6679-57b7-ab6b-cec3053e85a1"",""76216ff6-0dab-5f43-913f-741c2deb7596"",""fe7c5fea-171a-5d3e-b93c-b9d53dca7c67"",""784c942d-b222-5013-a2e4-de4aa477a143"",""2f2d84f4-6f41-5df7-a828-cc0a3d9cdddf"",""c68f6332-f200-5595-940d-e5bcad78f1fe"",""54c3aba8-cb42-5023-9591-5cdd68bdd7c5"",""b9ac296e-4c6c-5cdc-9e03-14868c124af2"",""022ddff9-4332-5ba5-b884-42537f220a0c"",""0d262496-18e1-5973-84a6-84fbda64d0ff"",""447860c8-1d56-518b-88ad-7e103990b756"",""616ecfda-7163-5a8d-ba60-01f623d8b124"",""656bacfc-b102-5379-8db2-2f9f127621e0"",""88f2e658-6155-5924-bc85-63fe2aabb08a"",""9f032fb3-90ca-5749-aff5-1065077ac10e"",""4d2e4005-a84b-525b-a492-d367c5e405d0"",""12b20e20-e117-5c00-83bc-e589b92b730e"",""e97a5398-37b9-5e89-91a9-9b3ae48d9534"",""7a8f92c5-5f85-593a-bf90-08e13c60a2e6"",""aa66f5e3-ac0e-57d6-9b69-aa54ea7c4fb9"",""d07b7490-853e-562b-b662-305e89e7718d"",""596c0800-372d-5056-8a35-9f8661656bf4"",""d08816e6-d4d6-5f35-9de3-d86528fa7a96"",""2e126757-f17e-5ee2-93db-94d31ed944b2"",""5e1af4e2-330f-563f-b639-2d3cd8d276c8"",""49cd1889-2a56-5913-8723-929335f68874"",""82b898ba-3b6d-567f-8996-4f259b74547e"",""d38eb7d2-e78b-5c2f-93e4-2e34846e80e6"",""33effc64-dcfe-5ced-badf-c4df49f68dc1"",""a3a03b99-34c0-504b-b529-32b798db318a"",""8b3ec7b0-123f-5597-95f7-1fafc5810d01"",""035c5442-19b8-5a84-8a59-b352a9660279"",""d6d45010-72fa-5741-b733-88958a8795d2"",""ab8215e5-b753-5a6a-a4e7-ad9caf42eeac"",""1b20061c-b208-551a-b06c-81ffeff623fc"",""9b6d0913-2ae6-5dab-ab36-d05e1c51b208"",""a27c1fb2-edc1-57e6-9d74-adb5a13fed3b"",""4696448b-8c21-591b-80cc-7344ea0b95ec"",""c1d75a33-928c-5636-b99c-def1fb29e0f5"",""61eebfb6-2555-5bce-ba71-7a750427392a"",""aba074a1-d451-595d-bc12-e257adbe7383"",""1ca34094-ee4d-5962-a78a-174d361a9cd3"",""7edb0577-da07-5c6f-8391-bb90e9822165"",""d7c5d484-54dc-5d1e-a3ac-65d60267a12c"",""f416cc8b-3bc2-5c4c-a91c-c56faf748684""]",1,1,1,1,1,1,T,1,1,0,3,3,UF3,0,0,prespecified_B_E,False,explicit in unit columns; exact fractions retained,binary
M7-analysis-v5,E-AB,UF3:cell:E-AB,dbb63e68d4ed9e904fa985aa5b88d674205b6caab086a8d981ac8918a9c68fb5,"[""4afc763c-033e-501c-9c9c-453207d31e62"",""1fed9611-d0cc-51e5-86e7-4ba237c836a2"",""0e4d4039-5409-5be7-a300-ded85e9c22d7"",""1c4afc6f-6679-57b7-ab6b-cec3053e85a1"",""76216ff6-0dab-5f43-913f-741c2deb7596"",""fe7c5fea-171a-5d3e-b93c-b9d53dca7c67"",""784c942d-b222-5013-a2e4-de4aa477a143"",""2f2d84f4-6f41-5df7-a828-cc0a3d9cdddf"",""c68f6332-f200-5595-940d-e5bcad78f1fe"",""54c3aba8-cb42-5023-9591-5cdd68bdd7c5"",""b9ac296e-4c6c-5cdc-9e03-14868c124af2"",""022ddff9-4332-5ba5-b884-42537f220a0c"",""0d262496-18e1-5973-84a6-84fbda64d0ff"",""447860c8-1d56-518b-88ad-7e103990b756"",""616ecfda-7163-5a8d-ba60-01f623d8b124"",""656bacfc-b102-5379-8db2-2f9f127621e0"",""88f2e658-6155-5924-bc85-63fe2aabb08a"",""9f032fb3-90ca-5749-aff5-1065077ac10e"",""4d2e4005-a84b-525b-a492-d367c5e405d0"",""12b20e20-e117-5c00-83bc-e589b92b730e"",""e97a5398-37b9-5e89-91a9-9b3ae48d9534"",""7a8f92c5-5f85-593a-bf90-08e13c60a2e6"",""aa66f5e3-ac0e-57d6-9b69-aa54ea7c4fb9"",""d07b7490-853e-562b-b662-305e89e7718d"",""596c0800-372d-5056-8a35-9f8661656bf4"",""d08816e6-d4d6-5f35-9de3-d86528fa7a96"",""2e126757-f17e-5ee2-93db-94d31ed944b2"",""5e1af4e2-330f-563f-b639-2d3cd8d276c8"",""49cd1889-2a56-5913-8723-929335f68874"",""82b898ba-3b6d-567f-8996-4f259b74547e"",""d38eb7d2-e78b-5c2f-93e4-2e34846e80e6"",""33effc64-dcfe-5ced-badf-c4df49f68dc1"",""a3a03b99-34c0-504b-b529-32b798db318a"",""8b3ec7b0-123f-5597-95f7-1fafc5810d01"",""035c5442-19b8-5a84-8a59-b352a9660279"",""d6d45010-72fa-5741-b733-88958a8795d2"",""ab8215e5-b753-5a6a-a4e7-ad9caf42eeac"",""1b20061c-b208-551a-b06c-81ffeff623fc"",""9b6d0913-2ae6-5dab-ab36-d05e1c51b208"",""a27c1fb2-edc1-57e6-9d74-adb5a13fed3b"",""4696448b-8c21-591b-80cc-7344ea0b95ec"",""c1d75a33-928c-5636-b99c-def1fb29e0f5"",""61eebfb6-2555-5bce-ba71-7a750427392a"",""aba074a1-d451-595d-bc12-e257adbe7383"",""1ca34094-ee4d-5962-a78a-174d361a9cd3"",""7edb0577-da07-5c6f-8391-bb90e9822165"",""d7c5d484-54dc-5d1e-a3ac-65d60267a12c"",""f416cc8b-3bc2-5c4c-a91c-c56faf748684""]",1,1,1,1,1,1,T1,1,1,0,3,3,UF3,0,0,prespecified_B_E,False,explicit in unit columns; exact fractions retained,binary
M7-analysis-v5,E-AB,UF3:cell:E-AB,dbb63e68d4ed9e904fa985aa5b88d674205b6caab086a8d981ac8918a9c68fb5,"[""4afc763c-033e-501c-9c9c-453207d31e62"",""1fed9611-d0cc-51e5-86e7-4ba237c836a2"",""0e4d4039-5409-5be7-a300-ded85e9c22d7"",""1c4afc6f-6679-57b7-ab6b-cec3053e85a1"",""76216ff6-0dab-5f43-913f-741c2deb7596"",""fe7c5fea-171a-5d3e-b93c-b9d53dca7c67"",""784c942d-b222-5013-a2e4-de4aa477a143"",""2f2d84f4-6f41-5df7-a828-cc0a3d9cdddf"",""c68f6332-f200-5595-940d-e5bcad78f1fe"",""54c3aba8-cb42-5023-9591-5cdd68bdd7c5"",""b9ac296e-4c6c-5cdc-9e03-14868c124af2"",""022ddff9-4332-5ba5-b884-42537f220a0c"",""0d262496-18e1-5973-84a6-84fbda64d0ff"",""447860c8-1d56-518b-88ad-7e103990b756"",""616ecfda-7163-5a8d-ba60-01f623d8b124"",""656bacfc-b102-5379-8db2-2f9f127621e0"",""88f2e658-6155-5924-bc85-63fe2aabb08a"",""9f032fb3-90ca-5749-aff5-1065077ac10e"",""4d2e4005-a84b-525b-a492-d367c5e405d0"",""12b20e20-e117-5c00-83bc-e589b92b730e"",""e97a5398-37b9-5e89-91a9-9b3ae48d9534"",""7a8f92c5-5f85-593a-bf90-08e13c60a2e6"",""aa66f5e3-ac0e-57d6-9b69-aa54ea7c4fb9"",""d07b7490-853e-562b-b662-305e89e7718d"",""596c0800-372d-5056-8a35-9f8661656bf4"",""d08816e6-d4d6-5f35-9de3-d86528fa7a96"",""2e126757-f17e-5ee2-93db-94d31ed944b2"",""5e1af4e2-330f-563f-b639-2d3cd8d276c8"",""49cd1889-2a56-5913-8723-929335f68874"",""82b898ba-3b6d-567f-8996-4f259b74547e"",""d38eb7d2-e78b-5c2f-93e4-2e34846e80e6"",""33effc64-dcfe-5ced-badf-c4df49f68dc1"",""a3a03b99-34c0-504b-b529-32b798db318a"",""8b3ec7b0-123f-5597-95f7-1fafc5810d01"",""035c5442-19b8-5a84-8a59-b352a9660279"",""d6d45010-72fa-5741-b733-88958a8795d2"",""ab8215e5-b753-5a6a-a4e7-ad9caf42eeac"",""1b20061c-b208-551a-b06c-81ffeff623fc"",""9b6d0913-2ae6-5dab-ab36-d05e1c51b208"",""a27c1fb2-edc1-57e6-9d74-adb5a13fed3b"",""4696448b-8c21-591b-80cc-7344ea0b95ec"",""c1d75a33-928c-5636-b99c-def1fb29e0f5"",""61eebfb6-2555-5bce-ba71-7a750427392a"",""aba074a1-d451-595d-bc12-e257adbe7383"",""1ca34094-ee4d-5962-a78a-174d361a9cd3"",""7edb0577-da07-5c6f-8391-bb90e9822165"",""d7c5d484-54dc-5d1e-a3ac-65d60267a12c"",""f416cc8b-3bc2-5c4c-a91c-c56faf748684""]",1,1,1,1,1,1,T2,1,1,0,3,3,UF3,0,0,prespecified_B_E,False,explicit in unit columns; exact fractions retained,binary
M7-analysis-v5,E-AB,UF3:cell:E-AB,dbb63e68d4ed9e904fa985aa5b88d674205b6caab086a8d981ac8918a9c68fb5,"[""4afc763c-033e-501c-9c9c-453207d31e62"",""1fed9611-d0cc-51e5-86e7-4ba237c836a2"",""0e4d4039-5409-5be7-a300-ded85e9c22d7"",""1c4afc6f-6679-57b7-ab6b-cec3053e85a1"",""76216ff6-0dab-5f43-913f-741c2deb7596"",""fe7c5fea-171a-5d3e-b93c-b9d53dca7c67"",""784c942d-b222-5013-a2e4-de4aa477a143"",""2f2d84f4-6f41-5df7-a828-cc0a3d9cdddf"",""c68f6332-f200-5595-940d-e5bcad78f1fe"",""54c3aba8-cb42-5023-9591-5cdd68bdd7c5"",""b9ac296e-4c6c-5cdc-9e03-14868c124af2"",""022ddff9-4332-5ba5-b884-42537f220a0c"",""0d262496-18e1-5973-84a6-84fbda64d0ff"",""447860c8-1d56-518b-88ad-7e103990b756"",""616ecfda-7163-5a8d-ba60-01f623d8b124"",""656bacfc-b102-5379-8db2-2f9f127621e0"",""88f2e658-6155-5924-bc85-63fe2aabb08a"",""9f032fb3-90ca-5749-aff5-1065077ac10e"",""4d2e4005-a84b-525b-a492-d367c5e405d0"",""12b20e20-e117-5c00-83bc-e589b92b730e"",""e97a5398-37b9-5e89-91a9-9b3ae48d9534"",""7a8f92c5-5f85-593a-bf90-08e13c60a2e6"",""aa66f5e3-ac0e-57d6-9b69-aa54ea7c4fb9"",""d07b7490-853e-562b-b662-305e89e7718d"",""596c0800-372d-5056-8a35-9f8661656bf4"",""d08816e6-d4d6-5f35-9de3-d86528fa7a96"",""2e126757-f17e-5ee2-93db-94d31ed944b2"",""5e1af4e2-330f-563f-b639-2d3cd8d276c8"",""49cd1889-2a56-5913-8723-929335f68874"",""82b898ba-3b6d-567f-8996-4f259b74547e"",""d38eb7d2-e78b-5c2f-93e4-2e34846e80e6"",""33effc64-dcfe-5ced-badf-c4df49f68dc1"",""a3a03b99-34c0-504b-b529-32b798db318a"",""8b3ec7b0-123f-5597-95f7-1fafc5810d01"",""035c5442-19b8-5a84-8a59-b352a9660279"",""d6d45010-72fa-5741-b733-88958a8795d2"",""ab8215e5-b753-5a6a-a4e7-ad9caf42eeac"",""1b20061c-b208-551a-b06c-81ffeff623fc"",""9b6d0913-2ae6-5dab-ab36-d05e1c51b208"",""a27c1fb2-edc1-57e6-9d74-adb5a13fed3b"",""4696448b-8c21-591b-80cc-7344ea0b95ec"",""c1d75a33-928c-5636-b99c-def1fb29e0f5"",""61eebfb6-2555-5bce-ba71-7a750427392a"",""aba074a1-d451-595d-bc12-e257adbe7383"",""1ca34094-ee4d-5962-a78a-174d361a9cd3"",""7edb0577-da07-5c6f-8391-bb90e9822165"",""d7c5d484-54dc-5d1e-a3ac-65d60267a12c"",""f416cc8b-3bc2-5c4c-a91c-c56faf748684""]",1,1,1,1,1,1,T3,1,1,0,3,3,UF3,0,0,prespecified_B_E,False,explicit in unit columns; exact fractions retained,binary
M7-analysis-v5,E-AB,UF3:cell:E-AB,dbb63e68d4ed9e904fa985aa5b88d674205b6caab086a8d981ac8918a9c68fb5,"[""4afc763c-033e-501c-9c9c-453207d31e62"",""1fed9611-d0cc-51e5-86e7-4ba237c836a2"",""0e4d4039-5409-5be7-a300-ded85e9c22d7"",""1c4afc6f-6679-57b7-ab6b-cec3053e85a1"",""76216ff6-0dab-5f43-913f-741c2deb7596"",""fe7c5fea-171a-5d3e-b93c-b9d53dca7c67"",""784c942d-b222-5013-a2e4-de4aa477a143"",""2f2d84f4-6f41-5df7-a828-cc0a3d9cdddf"",""c68f6332-f200-5595-940d-e5bcad78f1fe"",""54c3aba8-cb42-5023-9591-5cdd68bdd7c5"",""b9ac296e-4c6c-5cdc-9e03-14868c124af2"",""022ddff9-4332-5ba5-b884-42537f220a0c"",""0d262496-18e1-5973-84a6-84fbda64d0ff"",""447860c8-1d56-518b-88ad-7e103990b756"",""616ecfda-7163-5a8d-ba60-01f623d8b124"",""656bacfc-b102-5379-8db2-2f9f127621e0"",""88f2e658-6155-5924-bc85-63fe2aabb08a"",""9f032fb3-90ca-5749-aff5-1065077ac10e"",""4d2e4005-a84b-525b-a492-d367c5e405d0"",""12b20e20-e117-5c00-83bc-e589b92b730e"",""e97a5398-37b9-5e89-91a9-9b3ae48d9534"",""7a8f92c5-5f85-593a-bf90-08e13c60a2e6"",""aa66f5e3-ac0e-57d6-9b69-aa54ea7c4fb9"",""d07b7490-853e-562b-b662-305e89e7718d"",""596c0800-372d-5056-8a35-9f8661656bf4"",""d08816e6-d4d6-5f35-9de3-d86528fa7a96"",""2e126757-f17e-5ee2-93db-94d31ed944b2"",""5e1af4e2-330f-563f-b639-2d3cd8d276c8"",""49cd1889-2a56-5913-8723-929335f68874"",""82b898ba-3b6d-567f-8996-4f259b74547e"",""d38eb7d2-e78b-5c2f-93e4-2e34846e80e6"",""33effc64-dcfe-5ced-badf-c4df49f68dc1"",""a3a03b99-34c0-504b-b529-32b798db318a"",""8b3ec7b0-123f-5597-95f7-1fafc5810d01"",""035c5442-19b8-5a84-8a59-b352a9660279"",""d6d45010-72fa-5741-b733-88958a8795d2"",""ab8215e5-b753-5a6a-a4e7-ad9caf42eeac"",""1b20061c-b208-551a-b06c-81ffeff623fc"",""9b6d0913-2ae6-5dab-ab36-d05e1c51b208"",""a27c1fb2-edc1-57e6-9d74-adb5a13fed3b"",""4696448b-8c21-591b-80cc-7344ea0b95ec"",""c1d75a33-928c-5636-b99c-def1fb29e0f5"",""61eebfb6-2555-5bce-ba71-7a750427392a"",""aba074a1-d451-595d-bc12-e257adbe7383"",""1ca34094-ee4d-5962-a78a-174d361a9cd3"",""7edb0577-da07-5c6f-8391-bb90e9822165"",""d7c5d484-54dc-5d1e-a3ac-65d60267a12c"",""f416cc8b-3bc2-5c4c-a91c-c56faf748684""]",1,1,1,1,1,1,T4,1,1,0,3,3,UF3,0,0,prespecified_B_E,False,explicit in unit columns; exact fractions retained,binary
M7-analysis-v5,E-AB,UF3:cell:E-AB,dbb63e68d4ed9e904fa985aa5b88d674205b6caab086a8d981ac8918a9c68fb5,"[""4afc763c-033e-501c-9c9c-453207d31e62"",""1fed9611-d0cc-51e5-86e7-4ba237c836a2"",""0e4d4039-5409-5be7-a300-ded85e9c22d7"",""1c4afc6f-6679-57b7-ab6b-cec3053e85a1"",""76216ff6-0dab-5f43-913f-741c2deb7596"",""fe7c5fea-171a-5d3e-b93c-b9d53dca7c67"",""784c942d-b222-5013-a2e4-de4aa477a143"",""2f2d84f4-6f41-5df7-a828-cc0a3d9cdddf"",""c68f6332-f200-5595-940d-e5bcad78f1fe"",""54c3aba8-cb42-5023-9591-5cdd68bdd7c5"",""b9ac296e-4c6c-5cdc-9e03-14868c124af2"",""022ddff9-4332-5ba5-b884-42537f220a0c"",""0d262496-18e1-5973-84a6-84fbda64d0ff"",""447860c8-1d56-518b-88ad-7e103990b756"",""616ecfda-7163-5a8d-ba60-01f623d8b124"",""656bacfc-b102-5379-8db2-2f9f127621e0"",""88f2e658-6155-5924-bc85-63fe2aabb08a"",""9f032fb3-90ca-5749-aff5-1065077ac10e"",""4d2e4005-a84b-525b-a492-d367c5e405d0"",""12b20e20-e117-5c00-83bc-e589b92b730e"",""e97a5398-37b9-5e89-91a9-9b3ae48d9534"",""7a8f92c5-5f85-593a-bf90-08e13c60a2e6"",""aa66f5e3-ac0e-57d6-9b69-aa54ea7c4fb9"",""d07b7490-853e-562b-b662-305e89e7718d"",""596c0800-372d-5056-8a35-9f8661656bf4"",""d08816e6-d4d6-5f35-9de3-d86528fa7a96"",""2e126757-f17e-5ee2-93db-94d31ed944b2"",""5e1af4e2-330f-563f-b639-2d3cd8d276c8"",""49cd1889-2a56-5913-8723-929335f68874"",""82b898ba-3b6d-567f-8996-4f259b74547e"",""d38eb7d2-e78b-5c2f-93e4-2e34846e80e6"",""33effc64-dcfe-5ced-badf-c4df49f68dc1"",""a3a03b99-34c0-504b-b529-32b798db318a"",""8b3ec7b0-123f-5597-95f7-1fafc5810d01"",""035c5442-19b8-5a84-8a59-b352a9660279"",""d6d45010-72fa-5741-b733-88958a8795d2"",""ab8215e5-b753-5a6a-a4e7-ad9caf42eeac"",""1b20061c-b208-551a-b06c-81ffeff623fc"",""9b6d0913-2ae6-5dab-ab36-d05e1c51b208"",""a27c1fb2-edc1-57e6-9d74-adb5a13fed3b"",""4696448b-8c21-591b-80cc-7344ea0b95ec"",""c1d75a33-928c-5636-b99c-def1fb29e0f5"",""61eebfb6-2555-5bce-ba71-7a750427392a"",""aba074a1-d451-595d-bc12-e257adbe7383"",""1ca34094-ee4d-5962-a78a-174d361a9cd3"",""7edb0577-da07-5c6f-8391-bb90e9822165"",""d7c5d484-54dc-5d1e-a3ac-65d60267a12c"",""f416cc8b-3bc2-5c4c-a91c-c56faf748684""]",1,1,1,1,1,1,T5,1,1,0,3,3,UF3,0,0,prespecified_B_E,False,explicit in unit columns; exact fractions retained,binary
M7-analysis-v5,E-AB,UF3:cell:E-AB,dbb63e68d4ed9e904fa985aa5b88d674205b6caab086a8d981ac8918a9c68fb5,"[""4afc763c-033e-501c-9c9c-453207d31e62"",""1fed9611-d0cc-51e5-86e7-4ba237c836a2"",""0e4d4039-5409-5be7-a300-ded85e9c22d7"",""1c4afc6f-6679-57b7-ab6b-cec3053e85a1"",""76216ff6-0dab-5f43-913f-741c2deb7596"",""fe7c5fea-171a-5d3e-b93c-b9d53dca7c67"",""784c942d-b222-5013-a2e4-de4aa477a143"",""2f2d84f4-6f41-5df7-a828-cc0a3d9cdddf"",""c68f6332-f200-5595-940d-e5bcad78f1fe"",""54c3aba8-cb42-5023-9591-5cdd68bdd7c5"",""b9ac296e-4c6c-5cdc-9e03-14868c124af2"",""022ddff9-4332-5ba5-b884-42537f220a0c"",""0d262496-18e1-5973-84a6-84fbda64d0ff"",""447860c8-1d56-518b-88ad-7e103990b756"",""616ecfda-7163-5a8d-ba60-01f623d8b124"",""656bacfc-b102-5379-8db2-2f9f127621e0"",""88f2e658-6155-5924-bc85-63fe2aabb08a"",""9f032fb3-90ca-5749-aff5-1065077ac10e"",""4d2e4005-a84b-525b-a492-d367c5e405d0"",""12b20e20-e117-5c00-83bc-e589b92b730e"",""e97a5398-37b9-5e89-91a9-9b3ae48d9534"",""7a8f92c5-5f85-593a-bf90-08e13c60a2e6"",""aa66f5e3-ac0e-57d6-9b69-aa54ea7c4fb9"",""d07b7490-853e-562b-b662-305e89e7718d"",""596c0800-372d-5056-8a35-9f8661656bf4"",""d08816e6-d4d6-5f35-9de3-d86528fa7a96"",""2e126757-f17e-5ee2-93db-94d31ed944b2"",""5e1af4e2-330f-563f-b639-2d3cd8d276c8"",""49cd1889-2a56-5913-8723-929335f68874"",""82b898ba-3b6d-567f-8996-4f259b74547e"",""d38eb7d2-e78b-5c2f-93e4-2e34846e80e6"",""33effc64-dcfe-5ced-badf-c4df49f68dc1"",""a3a03b99-34c0-504b-b529-32b798db318a"",""8b3ec7b0-123f-5597-95f7-1fafc5810d01"",""035c5442-19b8-5a84-8a59-b352a9660279"",""d6d45010-72fa-5741-b733-88958a8795d2"",""ab8215e5-b753-5a6a-a4e7-ad9caf42eeac"",""1b20061c-b208-551a-b06c-81ffeff623fc"",""9b6d0913-2ae6-5dab-ab36-d05e1c51b208"",""a27c1fb2-edc1-57e6-9d74-adb5a13fed3b"",""4696448b-8c21-591b-80cc-7344ea0b95ec"",""c1d75a33-928c-5636-b99c-def1fb29e0f5"",""61eebfb6-2555-5bce-ba71-7a750427392a"",""aba074a1-d451-595d-bc12-e257adbe7383"",""1ca34094-ee4d-5962-a78a-174d361a9cd3"",""7edb0577-da07-5c6f-8391-bb90e9822165"",""d7c5d484-54dc-5d1e-a3ac-65d60267a12c"",""f416cc8b-3bc2-5c4c-a91c-c56faf748684""]",1,1,1,1,1,1,full_success,1,1,0,3,3,UF3,0,0,prespecified_B_E,False,explicit in unit columns; exact fractions retained,binary
M7-analysis-v5,E-AB,UF3:cell:E-AB,dbb63e68d4ed9e904fa985aa5b88d674205b6caab086a8d981ac8918a9c68fb5,"[""4afc763c-033e-501c-9c9c-453207d31e62"",""1fed9611-d0cc-51e5-86e7-4ba237c836a2"",""0e4d4039-5409-5be7-a300-ded85e9c22d7"",""1c4afc6f-6679-57b7-ab6b-cec3053e85a1"",""76216ff6-0dab-5f43-913f-741c2deb7596"",""fe7c5fea-171a-5d3e-b93c-b9d53dca7c67"",""784c942d-b222-5013-a2e4-de4aa477a143"",""2f2d84f4-6f41-5df7-a828-cc0a3d9cdddf"",""c68f6332-f200-5595-940d-e5bcad78f1fe"",""54c3aba8-cb42-5023-9591-5cdd68bdd7c5"",""b9ac296e-4c6c-5cdc-9e03-14868c124af2"",""022ddff9-4332-5ba5-b884-42537f220a0c"",""0d262496-18e1-5973-84a6-84fbda64d0ff"",""447860c8-1d56-518b-88ad-7e103990b756"",""616ecfda-7163-5a8d-ba60-01f623d8b124"",""656bacfc-b102-5379-8db2-2f9f127621e0"",""88f2e658-6155-5924-bc85-63fe2aabb08a"",""9f032fb3-90ca-5749-aff5-1065077ac10e"",""4d2e4005-a84b-525b-a492-d367c5e405d0"",""12b20e20-e117-5c00-83bc-e589b92b730e"",""e97a5398-37b9-5e89-91a9-9b3ae48d9534"",""7a8f92c5-5f85-593a-bf90-08e13c60a2e6"",""aa66f5e3-ac0e-57d6-9b69-aa54ea7c4fb9"",""d07b7490-853e-562b-b662-305e89e7718d"",""596c0800-372d-5056-8a35-9f8661656bf4"",""d08816e6-d4d6-5f35-9de3-d86528fa7a96"",""2e126757-f17e-5ee2-93db-94d31ed944b2"",""5e1af4e2-330f-563f-b639-2d3cd8d276c8"",""49cd1889-2a56-5913-8723-929335f68874"",""82b898ba-3b6d-567f-8996-4f259b74547e"",""d38eb7d2-e78b-5c2f-93e4-2e34846e80e6"",""33effc64-dcfe-5ced-badf-c4df49f68dc1"",""a3a03b99-34c0-504b-b529-32b798db318a"",""8b3ec7b0-123f-5597-95f7-1fafc5810d01"",""035c5442-19b8-5a84-8a59-b352a9660279"",""d6d45010-72fa-5741-b733-88958a8795d2"",""ab8215e5-b753-5a6a-a4e7-ad9caf42eeac"",""1b20061c-b208-551a-b06c-81ffeff623fc"",""9b6d0913-2ae6-5dab-ab36-d05e1c51b208"",""a27c1fb2-edc1-57e6-9d74-adb5a13fed3b"",""4696448b-8c21-591b-80cc-7344ea0b95ec"",""c1d75a33-928c-5636-b99c-def1fb29e0f5"",""61eebfb6-2555-5bce-ba71-7a750427392a"",""aba074a1-d451-595d-bc12-e257adbe7383"",""1ca34094-ee4d-5962-a78a-174d361a9cd3"",""7edb0577-da07-5c6f-8391-bb90e9822165"",""d7c5d484-54dc-5d1e-a3ac-65d60267a12c"",""f416cc8b-3bc2-5c4c-a91c-c56faf748684""]",1,1,1,1,1,1,raw_pass_ratio,1,1,0,3,3,UF3,0,0,prespecified_B_E,False,explicit in unit columns; exact fractions retained,ratio
M7-analysis-v5,E-AB,UF3:cell:E-AB,dbb63e68d4ed9e904fa985aa5b88d674205b6caab086a8d981ac8918a9c68fb5,"[""4afc763c-033e-501c-9c9c-453207d31e62"",""1fed9611-d0cc-51e5-86e7-4ba237c836a2"",""0e4d4039-5409-5be7-a300-ded85e9c22d7"",""1c4afc6f-6679-57b7-ab6b-cec3053e85a1"",""76216ff6-0dab-5f43-913f-741c2deb7596"",""fe7c5fea-171a-5d3e-b93c-b9d53dca7c67"",""784c942d-b222-5013-a2e4-de4aa477a143"",""2f2d84f4-6f41-5df7-a828-cc0a3d9cdddf"",""c68f6332-f200-5595-940d-e5bcad78f1fe"",""54c3aba8-cb42-5023-9591-5cdd68bdd7c5"",""b9ac296e-4c6c-5cdc-9e03-14868c124af2"",""022ddff9-4332-5ba5-b884-42537f220a0c"",""0d262496-18e1-5973-84a6-84fbda64d0ff"",""447860c8-1d56-518b-88ad-7e103990b756"",""616ecfda-7163-5a8d-ba60-01f623d8b124"",""656bacfc-b102-5379-8db2-2f9f127621e0"",""88f2e658-6155-5924-bc85-63fe2aabb08a"",""9f032fb3-90ca-5749-aff5-1065077ac10e"",""4d2e4005-a84b-525b-a492-d367c5e405d0"",""12b20e20-e117-5c00-83bc-e589b92b730e"",""e97a5398-37b9-5e89-91a9-9b3ae48d9534"",""7a8f92c5-5f85-593a-bf90-08e13c60a2e6"",""aa66f5e3-ac0e-57d6-9b69-aa54ea7c4fb9"",""d07b7490-853e-562b-b662-305e89e7718d"",""596c0800-372d-5056-8a35-9f8661656bf4"",""d08816e6-d4d6-5f35-9de3-d86528fa7a96"",""2e126757-f17e-5ee2-93db-94d31ed944b2"",""5e1af4e2-330f-563f-b639-2d3cd8d276c8"",""49cd1889-2a56-5913-8723-929335f68874"",""82b898ba-3b6d-567f-8996-4f259b74547e"",""d38eb7d2-e78b-5c2f-93e4-2e34846e80e6"",""33effc64-dcfe-5ced-badf-c4df49f68dc1"",""a3a03b99-34c0-504b-b529-32b798db318a"",""8b3ec7b0-123f-5597-95f7-1fafc5810d01"",""035c5442-19b8-5a84-8a59-b352a9660279"",""d6d45010-72fa-5741-b733-88958a8795d2"",""ab8215e5-b753-5a6a-a4e7-ad9caf42eeac"",""1b20061c-b208-551a-b06c-81ffeff623fc"",""9b6d0913-2ae6-5dab-ab36-d05e1c51b208"",""a27c1fb2-edc1-57e6-9d74-adb5a13fed3b"",""4696448b-8c21-591b-80cc-7344ea0b95ec"",""c1d75a33-928c-5636-b99c-def1fb29e0f5"",""61eebfb6-2555-5bce-ba71-7a750427392a"",""aba074a1-d451-595d-bc12-e257adbe7383"",""1ca34094-ee4d-5962-a78a-174d361a9cd3"",""7edb0577-da07-5c6f-8391-bb90e9822165"",""d7c5d484-54dc-5d1e-a3ac-65d60267a12c"",""f416cc8b-3bc2-5c4c-a91c-c56faf748684""]",1,1,1,1,1,1,repair_count,1,1,0,3,3,UF3,0,0,prespecified_B_E,False,explicit in unit columns; exact fractions retained,count
M7-analysis-v5,E-AB,UF3:cell:E-AB,dbb63e68d4ed9e904fa985aa5b88d674205b6caab086a8d981ac8918a9c68fb5,"[""4afc763c-033e-501c-9c9c-453207d31e62"",""1fed9611-d0cc-51e5-86e7-4ba237c836a2"",""0e4d4039-5409-5be7-a300-ded85e9c22d7"",""1c4afc6f-6679-57b7-ab6b-cec3053e85a1"",""76216ff6-0dab-5f43-913f-741c2deb7596"",""fe7c5fea-171a-5d3e-b93c-b9d53dca7c67"",""784c942d-b222-5013-a2e4-de4aa477a143"",""2f2d84f4-6f41-5df7-a828-cc0a3d9cdddf"",""c68f6332-f200-5595-940d-e5bcad78f1fe"",""54c3aba8-cb42-5023-9591-5cdd68bdd7c5"",""b9ac296e-4c6c-5cdc-9e03-14868c124af2"",""022ddff9-4332-5ba5-b884-42537f220a0c"",""0d262496-18e1-5973-84a6-84fbda64d0ff"",""447860c8-1d56-518b-88ad-7e103990b756"",""616ecfda-7163-5a8d-ba60-01f623d8b124"",""656bacfc-b102-5379-8db2-2f9f127621e0"",""88f2e658-6155-5924-bc85-63fe2aabb08a"",""9f032fb3-90ca-5749-aff5-1065077ac10e"",""4d2e4005-a84b-525b-a492-d367c5e405d0"",""12b20e20-e117-5c00-83bc-e589b92b730e"",""e97a5398-37b9-5e89-91a9-9b3ae48d9534"",""7a8f92c5-5f85-593a-bf90-08e13c60a2e6"",""aa66f5e3-ac0e-57d6-9b69-aa54ea7c4fb9"",""d07b7490-853e-562b-b662-305e89e7718d"",""596c0800-372d-5056-8a35-9f8661656bf4"",""d08816e6-d4d6-5f35-9de3-d86528fa7a96"",""2e126757-f17e-5ee2-93db-94d31ed944b2"",""5e1af4e2-330f-563f-b639-2d3cd8d276c8"",""49cd1889-2a56-5913-8723-929335f68874"",""82b898ba-3b6d-567f-8996-4f259b74547e"",""d38eb7d2-e78b-5c2f-93e4-2e34846e80e6"",""33effc64-dcfe-5ced-badf-c4df49f68dc1"",""a3a03b99-34c0-504b-b529-32b798db318a"",""8b3ec7b0-123f-5597-95f7-1fafc5810d01"",""035c5442-19b8-5a84-8a59-b352a9660279"",""d6d45010-72fa-5741-b733-88958a8795d2"",""ab8215e5-b753-5a6a-a4e7-ad9caf42eeac"",""1b20061c-b208-551a-b06c-81ffeff623fc"",""9b6d0913-2ae6-5dab-ab36-d05e1c51b208"",""a27c1fb2-edc1-57e6-9d74-adb5a13fed3b"",""4696448b-8c21-591b-80cc-7344ea0b95ec"",""c1d75a33-928c-5636-b99c-def1fb29e0f5"",""61eebfb6-2555-5bce-ba71-7a750427392a"",""aba074a1-d451-595d-bc12-e257adbe7383"",""1ca34094-ee4d-5962-a78a-174d361a9cd3"",""7edb0577-da07-5c6f-8391-bb90e9822165"",""d7c5d484-54dc-5d1e-a3ac-65d60267a12c"",""f416cc8b-3bc2-5c4c-a91c-c56faf748684""]",256,256,85.33333333333333333333333333333333333333,256/3,0,0,tokens.cache_read,0,0,0,3,3,UF3,147.8016689125441957143420878085011086458,147.8016689125441957143420878085011086458,prespecified_B_E,False,explicit in unit columns; exact fractions retained,tokens
M7-analysis-v5,E-AB,UF3:cell:E-AB,dbb63e68d4ed9e904fa985aa5b88d674205b6caab086a8d981ac8918a9c68fb5,"[""4afc763c-033e-501c-9c9c-453207d31e62"",""1fed9611-d0cc-51e5-86e7-4ba237c836a2"",""0e4d4039-5409-5be7-a300-ded85e9c22d7"",""1c4afc6f-6679-57b7-ab6b-cec3053e85a1"",""76216ff6-0dab-5f43-913f-741c2deb7596"",""fe7c5fea-171a-5d3e-b93c-b9d53dca7c67"",""784c942d-b222-5013-a2e4-de4aa477a143"",""2f2d84f4-6f41-5df7-a828-cc0a3d9cdddf"",""c68f6332-f200-5595-940d-e5bcad78f1fe"",""54c3aba8-cb42-5023-9591-5cdd68bdd7c5"",""b9ac296e-4c6c-5cdc-9e03-14868c124af2"",""022ddff9-4332-5ba5-b884-42537f220a0c"",""0d262496-18e1-5973-84a6-84fbda64d0ff"",""447860c8-1d56-518b-88ad-7e103990b756"",""616ecfda-7163-5a8d-ba60-01f623d8b124"",""656bacfc-b102-5379-8db2-2f9f127621e0"",""88f2e658-6155-5924-bc85-63fe2aabb08a"",""9f032fb3-90ca-5749-aff5-1065077ac10e"",""4d2e4005-a84b-525b-a492-d367c5e405d0"",""12b20e20-e117-5c00-83bc-e589b92b730e"",""e97a5398-37b9-5e89-91a9-9b3ae48d9534"",""7a8f92c5-5f85-593a-bf90-08e13c60a2e6"",""aa66f5e3-ac0e-57d6-9b69-aa54ea7c4fb9"",""d07b7490-853e-562b-b662-305e89e7718d"",""596c0800-372d-5056-8a35-9f8661656bf4"",""d08816e6-d4d6-5f35-9de3-d86528fa7a96"",""2e126757-f17e-5ee2-93db-94d31ed944b2"",""5e1af4e2-330f-563f-b639-2d3cd8d276c8"",""49cd1889-2a56-5913-8723-929335f68874"",""82b898ba-3b6d-567f-8996-4f259b74547e"",""d38eb7d2-e78b-5c2f-93e4-2e34846e80e6"",""33effc64-dcfe-5ced-badf-c4df49f68dc1"",""a3a03b99-34c0-504b-b529-32b798db318a"",""8b3ec7b0-123f-5597-95f7-1fafc5810d01"",""035c5442-19b8-5a84-8a59-b352a9660279"",""d6d45010-72fa-5741-b733-88958a8795d2"",""ab8215e5-b753-5a6a-a4e7-ad9caf42eeac"",""1b20061c-b208-551a-b06c-81ffeff623fc"",""9b6d0913-2ae6-5dab-ab36-d05e1c51b208"",""a27c1fb2-edc1-57e6-9d74-adb5a13fed3b"",""4696448b-8c21-591b-80cc-7344ea0b95ec"",""c1d75a33-928c-5636-b99c-def1fb29e0f5"",""61eebfb6-2555-5bce-ba71-7a750427392a"",""aba074a1-d451-595d-bc12-e257adbe7383"",""1ca34094-ee4d-5962-a78a-174d361a9cd3"",""7edb0577-da07-5c6f-8391-bb90e9822165"",""d7c5d484-54dc-5d1e-a3ac-65d60267a12c"",""f416cc8b-3bc2-5c4c-a91c-c56faf748684""]",44,44,41.66666666666666666666666666666666666667,125/3,43,43,L,38,38,0,3,3,UF3,3.214550253664318331920010349144221061302,3.214550253664318331920010349144221061302,prespecified_B_E,False,explicit in unit columns; exact fractions retained,lines
M7-analysis-v5,E-AB,UF3:cell:E-AB,dbb63e68d4ed9e904fa985aa5b88d674205b6caab086a8d981ac8918a9c68fb5,"[""4afc763c-033e-501c-9c9c-453207d31e62"",""1fed9611-d0cc-51e5-86e7-4ba237c836a2"",""0e4d4039-5409-5be7-a300-ded85e9c22d7"",""1c4afc6f-6679-57b7-ab6b-cec3053e85a1"",""76216ff6-0dab-5f43-913f-741c2deb7596"",""fe7c5fea-171a-5d3e-b93c-b9d53dca7c67"",""784c942d-b222-5013-a2e4-de4aa477a143"",""2f2d84f4-6f41-5df7-a828-cc0a3d9cdddf"",""c68f6332-f200-5595-940d-e5bcad78f1fe"",""54c3aba8-cb42-5023-9591-5cdd68bdd7c5"",""b9ac296e-4c6c-5cdc-9e03-14868c124af2"",""022ddff9-4332-5ba5-b884-42537f220a0c"",""0d262496-18e1-5973-84a6-84fbda64d0ff"",""447860c8-1d56-518b-88ad-7e103990b756"",""616ecfda-7163-5a8d-ba60-01f623d8b124"",""656bacfc-b102-5379-8db2-2f9f127621e0"",""88f2e658-6155-5924-bc85-63fe2aabb08a"",""9f032fb3-90ca-5749-aff5-1065077ac10e"",""4d2e4005-a84b-525b-a492-d367c5e405d0"",""12b20e20-e117-5c00-83bc-e589b92b730e"",""e97a5398-37b9-5e89-91a9-9b3ae48d9534"",""7a8f92c5-5f85-593a-bf90-08e13c60a2e6"",""aa66f5e3-ac0e-57d6-9b69-aa54ea7c4fb9"",""d07b7490-853e-562b-b662-305e89e7718d"",""596c0800-372d-5056-8a35-9f8661656bf4"",""d08816e6-d4d6-5f35-9de3-d86528fa7a96"",""2e126757-f17e-5ee2-93db-94d31ed944b2"",""5e1af4e2-330f-563f-b639-2d3cd8d276c8"",""49cd1889-2a56-5913-8723-929335f68874"",""82b898ba-3b6d-567f-8996-4f259b74547e"",""d38eb7d2-e78b-5c2f-93e4-2e34846e80e6"",""33effc64-dcfe-5ced-badf-c4df49f68dc1"",""a3a03b99-34c0-504b-b529-32b798db318a"",""8b3ec7b0-123f-5597-95f7-1fafc5810d01"",""035c5442-19b8-5a84-8a59-b352a9660279"",""d6d45010-72fa-5741-b733-88958a8795d2"",""ab8215e5-b753-5a6a-a4e7-ad9caf42eeac"",""1b20061c-b208-551a-b06c-81ffeff623fc"",""9b6d0913-2ae6-5dab-ab36-d05e1c51b208"",""a27c1fb2-edc1-57e6-9d74-adb5a13fed3b"",""4696448b-8c21-591b-80cc-7344ea0b95ec"",""c1d75a33-928c-5636-b99c-def1fb29e0f5"",""61eebfb6-2555-5bce-ba71-7a750427392a"",""aba074a1-d451-595d-bc12-e257adbe7383"",""1ca34094-ee4d-5962-a78a-174d361a9cd3"",""7edb0577-da07-5c6f-8391-bb90e9822165"",""d7c5d484-54dc-5d1e-a3ac-65d60267a12c"",""f416cc8b-3bc2-5c4c-a91c-c56faf748684""]",44072,44072,35758,35758,38490,38490,tokens.reasoning,24712,24712,0,3,3,UF3,9964.951981821086527538070678149887669885,9964.951981821086527538070678149887669885,prespecified_B_E,False,explicit in unit columns; exact fractions retained,tokens
M7-analysis-v5,E-AB,UF3:cell:E-AB,dbb63e68d4ed9e904fa985aa5b88d674205b6caab086a8d981ac8918a9c68fb5,"[""4afc763c-033e-501c-9c9c-453207d31e62"",""1fed9611-d0cc-51e5-86e7-4ba237c836a2"",""0e4d4039-5409-5be7-a300-ded85e9c22d7"",""1c4afc6f-6679-57b7-ab6b-cec3053e85a1"",""76216ff6-0dab-5f43-913f-741c2deb7596"",""fe7c5fea-171a-5d3e-b93c-b9d53dca7c67"",""784c942d-b222-5013-a2e4-de4aa477a143"",""2f2d84f4-6f41-5df7-a828-cc0a3d9cdddf"",""c68f6332-f200-5595-940d-e5bcad78f1fe"",""54c3aba8-cb42-5023-9591-5cdd68bdd7c5"",""b9ac296e-4c6c-5cdc-9e03-14868c124af2"",""022ddff9-4332-5ba5-b884-42537f220a0c"",""0d262496-18e1-5973-84a6-84fbda64d0ff"",""447860c8-1d56-518b-88ad-7e103990b756"",""616ecfda-7163-5a8d-ba60-01f623d8b124"",""656bacfc-b102-5379-8db2-2f9f127621e0"",""88f2e658-6155-5924-bc85-63fe2aabb08a"",""9f032fb3-90ca-5749-aff5-1065077ac10e"",""4d2e4005-a84b-525b-a492-d367c5e405d0"",""12b20e20-e117-5c00-83bc-e589b92b730e"",""e97a5398-37b9-5e89-91a9-9b3ae48d9534"",""7a8f92c5-5f85-593a-bf90-08e13c60a2e6"",""aa66f5e3-ac0e-57d6-9b69-aa54ea7c4fb9"",""d07b7490-853e-562b-b662-305e89e7718d"",""596c0800-372d-5056-8a35-9f8661656bf4"",""d08816e6-d4d6-5f35-9de3-d86528fa7a96"",""2e126757-f17e-5ee2-93db-94d31ed944b2"",""5e1af4e2-330f-563f-b639-2d3cd8d276c8"",""49cd1889-2a56-5913-8723-929335f68874"",""82b898ba-3b6d-567f-8996-4f259b74547e"",""d38eb7d2-e78b-5c2f-93e4-2e34846e80e6"",""33effc64-dcfe-5ced-badf-c4df49f68dc1"",""a3a03b99-34c0-504b-b529-32b798db318a"",""8b3ec7b0-123f-5597-95f7-1fafc5810d01"",""035c5442-19b8-5a84-8a59-b352a9660279"",""d6d45010-72fa-5741-b733-88958a8795d2"",""ab8215e5-b753-5a6a-a4e7-ad9caf42eeac"",""1b20061c-b208-551a-b06c-81ffeff623fc"",""9b6d0913-2ae6-5dab-ab36-d05e1c51b208"",""a27c1fb2-edc1-57e6-9d74-adb5a13fed3b"",""4696448b-8c21-591b-80cc-7344ea0b95ec"",""c1d75a33-928c-5636-b99c-def1fb29e0f5"",""61eebfb6-2555-5bce-ba71-7a750427392a"",""aba074a1-d451-595d-bc12-e257adbe7383"",""1ca34094-ee4d-5962-a78a-174d361a9cd3"",""7edb0577-da07-5c6f-8391-bb90e9822165"",""d7c5d484-54dc-5d1e-a3ac-65d60267a12c"",""f416cc8b-3bc2-5c4c-a91c-c56faf748684""]",53515,53515,44801,44801,47009,47009,tokens.output,33879,33879,0,3,3,UF3,10002.47829290321429388332852676411688276,10002.47829290321429388332852676411688276,prespecified_B_E,False,explicit in unit columns; exact fractions retained,tokens
M7-analysis-v5,E-AB,UF3:cell:E-AB,dbb63e68d4ed9e904fa985aa5b88d674205b6caab086a8d981ac8918a9c68fb5,"[""4afc763c-033e-501c-9c9c-453207d31e62"",""1fed9611-d0cc-51e5-86e7-4ba237c836a2"",""0e4d4039-5409-5be7-a300-ded85e9c22d7"",""1c4afc6f-6679-57b7-ab6b-cec3053e85a1"",""76216ff6-0dab-5f43-913f-741c2deb7596"",""fe7c5fea-171a-5d3e-b93c-b9d53dca7c67"",""784c942d-b222-5013-a2e4-de4aa477a143"",""2f2d84f4-6f41-5df7-a828-cc0a3d9cdddf"",""c68f6332-f200-5595-940d-e5bcad78f1fe"",""54c3aba8-cb42-5023-9591-5cdd68bdd7c5"",""b9ac296e-4c6c-5cdc-9e03-14868c124af2"",""022ddff9-4332-5ba5-b884-42537f220a0c"",""0d262496-18e1-5973-84a6-84fbda64d0ff"",""447860c8-1d56-518b-88ad-7e103990b756"",""616ecfda-7163-5a8d-ba60-01f623d8b124"",""656bacfc-b102-5379-8db2-2f9f127621e0"",""88f2e658-6155-5924-bc85-63fe2aabb08a"",""9f032fb3-90ca-5749-aff5-1065077ac10e"",""4d2e4005-a84b-525b-a492-d367c5e405d0"",""12b20e20-e117-5c00-83bc-e589b92b730e"",""e97a5398-37b9-5e89-91a9-9b3ae48d9534"",""7a8f92c5-5f85-593a-bf90-08e13c60a2e6"",""aa66f5e3-ac0e-57d6-9b69-aa54ea7c4fb9"",""d07b7490-853e-562b-b662-305e89e7718d"",""596c0800-372d-5056-8a35-9f8661656bf4"",""d08816e6-d4d6-5f35-9de3-d86528fa7a96"",""2e126757-f17e-5ee2-93db-94d31ed944b2"",""5e1af4e2-330f-563f-b639-2d3cd8d276c8"",""49cd1889-2a56-5913-8723-929335f68874"",""82b898ba-3b6d-567f-8996-4f259b74547e"",""d38eb7d2-e78b-5c2f-93e4-2e34846e80e6"",""33effc64-dcfe-5ced-badf-c4df49f68dc1"",""a3a03b99-34c0-504b-b529-32b798db318a"",""8b3ec7b0-123f-5597-95f7-1fafc5810d01"",""035c5442-19b8-5a84-8a59-b352a9660279"",""d6d45010-72fa-5741-b733-88958a8795d2"",""ab8215e5-b753-5a6a-a4e7-ad9caf42eeac"",""1b20061c-b208-551a-b06c-81ffeff623fc"",""9b6d0913-2ae6-5dab-ab36-d05e1c51b208"",""a27c1fb2-edc1-57e6-9d74-adb5a13fed3b"",""4696448b-8c21-591b-80cc-7344ea0b95ec"",""c1d75a33-928c-5636-b99c-def1fb29e0f5"",""61eebfb6-2555-5bce-ba71-7a750427392a"",""aba074a1-d451-595d-bc12-e257adbe7383"",""1ca34094-ee4d-5962-a78a-174d361a9cd3"",""7edb0577-da07-5c6f-8391-bb90e9822165"",""d7c5d484-54dc-5d1e-a3ac-65d60267a12c"",""f416cc8b-3bc2-5c4c-a91c-c56faf748684""]",573653,573653,570434.3333333333333333333333333333333333,1711303/3,569176,569176,tokens.cache_write,568474,568474,0,3,3,UF3,2809.459437922771173556870024777262906622,2809.459437922771173556870024777262906622,prespecified_B_E,False,explicit in unit columns; exact fractions retained,tokens
M7-analysis-v5,E-AB,UF3:cell:E-AB,dbb63e68d4ed9e904fa985aa5b88d674205b6caab086a8d981ac8918a9c68fb5,"[""4afc763c-033e-501c-9c9c-453207d31e62"",""1fed9611-d0cc-51e5-86e7-4ba237c836a2"",""0e4d4039-5409-5be7-a300-ded85e9c22d7"",""1c4afc6f-6679-57b7-ab6b-cec3053e85a1"",""76216ff6-0dab-5f43-913f-741c2deb7596"",""fe7c5fea-171a-5d3e-b93c-b9d53dca7c67"",""784c942d-b222-5013-a2e4-de4aa477a143"",""2f2d84f4-6f41-5df7-a828-cc0a3d9cdddf"",""c68f6332-f200-5595-940d-e5bcad78f1fe"",""54c3aba8-cb42-5023-9591-5cdd68bdd7c5"",""b9ac296e-4c6c-5cdc-9e03-14868c124af2"",""022ddff9-4332-5ba5-b884-42537f220a0c"",""0d262496-18e1-5973-84a6-84fbda64d0ff"",""447860c8-1d56-518b-88ad-7e103990b756"",""616ecfda-7163-5a8d-ba60-01f623d8b124"",""656bacfc-b102-5379-8db2-2f9f127621e0"",""88f2e658-6155-5924-bc85-63fe2aabb08a"",""9f032fb3-90ca-5749-aff5-1065077ac10e"",""4d2e4005-a84b-525b-a492-d367c5e405d0"",""12b20e20-e117-5c00-83bc-e589b92b730e"",""e97a5398-37b9-5e89-91a9-9b3ae48d9534"",""7a8f92c5-5f85-593a-bf90-08e13c60a2e6"",""aa66f5e3-ac0e-57d6-9b69-aa54ea7c4fb9"",""d07b7490-853e-562b-b662-305e89e7718d"",""596c0800-372d-5056-8a35-9f8661656bf4"",""d08816e6-d4d6-5f35-9de3-d86528fa7a96"",""2e126757-f17e-5ee2-93db-94d31ed944b2"",""5e1af4e2-330f-563f-b639-2d3cd8d276c8"",""49cd1889-2a56-5913-8723-929335f68874"",""82b898ba-3b6d-567f-8996-4f259b74547e"",""d38eb7d2-e78b-5c2f-93e4-2e34846e80e6"",""33effc64-dcfe-5ced-badf-c4df49f68dc1"",""a3a03b99-34c0-504b-b529-32b798db318a"",""8b3ec7b0-123f-5597-95f7-1fafc5810d01"",""035c5442-19b8-5a84-8a59-b352a9660279"",""d6d45010-72fa-5741-b733-88958a8795d2"",""ab8215e5-b753-5a6a-a4e7-ad9caf42eeac"",""1b20061c-b208-551a-b06c-81ffeff623fc"",""9b6d0913-2ae6-5dab-ab36-d05e1c51b208"",""a27c1fb2-edc1-57e6-9d74-adb5a13fed3b"",""4696448b-8c21-591b-80cc-7344ea0b95ec"",""c1d75a33-928c-5636-b99c-def1fb29e0f5"",""61eebfb6-2555-5bce-ba71-7a750427392a"",""aba074a1-d451-595d-bc12-e257adbe7383"",""1ca34094-ee4d-5962-a78a-174d361a9cd3"",""7edb0577-da07-5c6f-8391-bb90e9822165"",""d7c5d484-54dc-5d1e-a3ac-65d60267a12c"",""f416cc8b-3bc2-5c4c-a91c-c56faf748684""]",6,6,6,6,6,6,call_count,6,6,0,3,3,UF3,0,0,prespecified_B_E,False,explicit in unit columns; exact fractions retained,count
M7-analysis-v5,E-AB,UF3:cell:E-AB,dbb63e68d4ed9e904fa985aa5b88d674205b6caab086a8d981ac8918a9c68fb5,"[""4afc763c-033e-501c-9c9c-453207d31e62"",""1fed9611-d0cc-51e5-86e7-4ba237c836a2"",""0e4d4039-5409-5be7-a300-ded85e9c22d7"",""1c4afc6f-6679-57b7-ab6b-cec3053e85a1"",""76216ff6-0dab-5f43-913f-741c2deb7596"",""fe7c5fea-171a-5d3e-b93c-b9d53dca7c67"",""784c942d-b222-5013-a2e4-de4aa477a143"",""2f2d84f4-6f41-5df7-a828-cc0a3d9cdddf"",""c68f6332-f200-5595-940d-e5bcad78f1fe"",""54c3aba8-cb42-5023-9591-5cdd68bdd7c5"",""b9ac296e-4c6c-5cdc-9e03-14868c124af2"",""022ddff9-4332-5ba5-b884-42537f220a0c"",""0d262496-18e1-5973-84a6-84fbda64d0ff"",""447860c8-1d56-518b-88ad-7e103990b756"",""616ecfda-7163-5a8d-ba60-01f623d8b124"",""656bacfc-b102-5379-8db2-2f9f127621e0"",""88f2e658-6155-5924-bc85-63fe2aabb08a"",""9f032fb3-90ca-5749-aff5-1065077ac10e"",""4d2e4005-a84b-525b-a492-d367c5e405d0"",""12b20e20-e117-5c00-83bc-e589b92b730e"",""e97a5398-37b9-5e89-91a9-9b3ae48d9534"",""7a8f92c5-5f85-593a-bf90-08e13c60a2e6"",""aa66f5e3-ac0e-57d6-9b69-aa54ea7c4fb9"",""d07b7490-853e-562b-b662-305e89e7718d"",""596c0800-372d-5056-8a35-9f8661656bf4"",""d08816e6-d4d6-5f35-9de3-d86528fa7a96"",""2e126757-f17e-5ee2-93db-94d31ed944b2"",""5e1af4e2-330f-563f-b639-2d3cd8d276c8"",""49cd1889-2a56-5913-8723-929335f68874"",""82b898ba-3b6d-567f-8996-4f259b74547e"",""d38eb7d2-e78b-5c2f-93e4-2e34846e80e6"",""33effc64-dcfe-5ced-badf-c4df49f68dc1"",""a3a03b99-34c0-504b-b529-32b798db318a"",""8b3ec7b0-123f-5597-95f7-1fafc5810d01"",""035c5442-19b8-5a84-8a59-b352a9660279"",""d6d45010-72fa-5741-b733-88958a8795d2"",""ab8215e5-b753-5a6a-a4e7-ad9caf42eeac"",""1b20061c-b208-551a-b06c-81ffeff623fc"",""9b6d0913-2ae6-5dab-ab36-d05e1c51b208"",""a27c1fb2-edc1-57e6-9d74-adb5a13fed3b"",""4696448b-8c21-591b-80cc-7344ea0b95ec"",""c1d75a33-928c-5636-b99c-def1fb29e0f5"",""61eebfb6-2555-5bce-ba71-7a750427392a"",""aba074a1-d451-595d-bc12-e257adbe7383"",""1ca34094-ee4d-5962-a78a-174d361a9cd3"",""7edb0577-da07-5c6f-8391-bb90e9822165"",""d7c5d484-54dc-5d1e-a3ac-65d60267a12c"",""f416cc8b-3bc2-5c4c-a91c-c56faf748684""]",6,6,6,6,6,6,transport_count,6,6,0,3,3,UF3,0,0,prespecified_B_E,False,explicit in unit columns; exact fractions retained,count
M7-analysis-v5,E-AB,UF3:cell:E-AB,dbb63e68d4ed9e904fa985aa5b88d674205b6caab086a8d981ac8918a9c68fb5,"[""4afc763c-033e-501c-9c9c-453207d31e62"",""1fed9611-d0cc-51e5-86e7-4ba237c836a2"",""0e4d4039-5409-5be7-a300-ded85e9c22d7"",""1c4afc6f-6679-57b7-ab6b-cec3053e85a1"",""76216ff6-0dab-5f43-913f-741c2deb7596"",""fe7c5fea-171a-5d3e-b93c-b9d53dca7c67"",""784c942d-b222-5013-a2e4-de4aa477a143"",""2f2d84f4-6f41-5df7-a828-cc0a3d9cdddf"",""c68f6332-f200-5595-940d-e5bcad78f1fe"",""54c3aba8-cb42-5023-9591-5cdd68bdd7c5"",""b9ac296e-4c6c-5cdc-9e03-14868c124af2"",""022ddff9-4332-5ba5-b884-42537f220a0c"",""0d262496-18e1-5973-84a6-84fbda64d0ff"",""447860c8-1d56-518b-88ad-7e103990b756"",""616ecfda-7163-5a8d-ba60-01f623d8b124"",""656bacfc-b102-5379-8db2-2f9f127621e0"",""88f2e658-6155-5924-bc85-63fe2aabb08a"",""9f032fb3-90ca-5749-aff5-1065077ac10e"",""4d2e4005-a84b-525b-a492-d367c5e405d0"",""12b20e20-e117-5c00-83bc-e589b92b730e"",""e97a5398-37b9-5e89-91a9-9b3ae48d9534"",""7a8f92c5-5f85-593a-bf90-08e13c60a2e6"",""aa66f5e3-ac0e-57d6-9b69-aa54ea7c4fb9"",""d07b7490-853e-562b-b662-305e89e7718d"",""596c0800-372d-5056-8a35-9f8661656bf4"",""d08816e6-d4d6-5f35-9de3-d86528fa7a96"",""2e126757-f17e-5ee2-93db-94d31ed944b2"",""5e1af4e2-330f-563f-b639-2d3cd8d276c8"",""49cd1889-2a56-5913-8723-929335f68874"",""82b898ba-3b6d-567f-8996-4f259b74547e"",""d38eb7d2-e78b-5c2f-93e4-2e34846e80e6"",""33effc64-dcfe-5ced-badf-c4df49f68dc1"",""a3a03b99-34c0-504b-b529-32b798db318a"",""8b3ec7b0-123f-5597-95f7-1fafc5810d01"",""035c5442-19b8-5a84-8a59-b352a9660279"",""d6d45010-72fa-5741-b733-88958a8795d2"",""ab8215e5-b753-5a6a-a4e7-ad9caf42eeac"",""1b20061c-b208-551a-b06c-81ffeff623fc"",""9b6d0913-2ae6-5dab-ab36-d05e1c51b208"",""a27c1fb2-edc1-57e6-9d74-adb5a13fed3b"",""4696448b-8c21-591b-80cc-7344ea0b95ec"",""c1d75a33-928c-5636-b99c-def1fb29e0f5"",""61eebfb6-2555-5bce-ba71-7a750427392a"",""aba074a1-d451-595d-bc12-e257adbe7383"",""1ca34094-ee4d-5962-a78a-174d361a9cd3"",""7edb0577-da07-5c6f-8391-bb90e9822165"",""d7c5d484-54dc-5d1e-a3ac-65d60267a12c"",""f416cc8b-3bc2-5c4c-a91c-c56faf748684""]",734.590152375,5876721219/8000000,662.8969525506666666666666666666666666667,497172714413/750000000,671.353462761,671353462761/1000000000,pipeline_seconds,582.747242516,145686810629/250000000,0,3,3,UF3,76.27386015087478046467776740988735367328,76.27386015087478046467776740988735367328,prespecified_B_E,False,explicit in unit columns; exact fractions retained,s
M7-analysis-v5,E-AB,UF3:cell:E-AB,dbb63e68d4ed9e904fa985aa5b88d674205b6caab086a8d981ac8918a9c68fb5,"[""4afc763c-033e-501c-9c9c-453207d31e62"",""1fed9611-d0cc-51e5-86e7-4ba237c836a2"",""0e4d4039-5409-5be7-a300-ded85e9c22d7"",""1c4afc6f-6679-57b7-ab6b-cec3053e85a1"",""76216ff6-0dab-5f43-913f-741c2deb7596"",""fe7c5fea-171a-5d3e-b93c-b9d53dca7c67"",""784c942d-b222-5013-a2e4-de4aa477a143"",""2f2d84f4-6f41-5df7-a828-cc0a3d9cdddf"",""c68f6332-f200-5595-940d-e5bcad78f1fe"",""54c3aba8-cb42-5023-9591-5cdd68bdd7c5"",""b9ac296e-4c6c-5cdc-9e03-14868c124af2"",""022ddff9-4332-5ba5-b884-42537f220a0c"",""0d262496-18e1-5973-84a6-84fbda64d0ff"",""447860c8-1d56-518b-88ad-7e103990b756"",""616ecfda-7163-5a8d-ba60-01f623d8b124"",""656bacfc-b102-5379-8db2-2f9f127621e0"",""88f2e658-6155-5924-bc85-63fe2aabb08a"",""9f032fb3-90ca-5749-aff5-1065077ac10e"",""4d2e4005-a84b-525b-a492-d367c5e405d0"",""12b20e20-e117-5c00-83bc-e589b92b730e"",""e97a5398-37b9-5e89-91a9-9b3ae48d9534"",""7a8f92c5-5f85-593a-bf90-08e13c60a2e6"",""aa66f5e3-ac0e-57d6-9b69-aa54ea7c4fb9"",""d07b7490-853e-562b-b662-305e89e7718d"",""596c0800-372d-5056-8a35-9f8661656bf4"",""d08816e6-d4d6-5f35-9de3-d86528fa7a96"",""2e126757-f17e-5ee2-93db-94d31ed944b2"",""5e1af4e2-330f-563f-b639-2d3cd8d276c8"",""49cd1889-2a56-5913-8723-929335f68874"",""82b898ba-3b6d-567f-8996-4f259b74547e"",""d38eb7d2-e78b-5c2f-93e4-2e34846e80e6"",""33effc64-dcfe-5ced-badf-c4df49f68dc1"",""a3a03b99-34c0-504b-b529-32b798db318a"",""8b3ec7b0-123f-5597-95f7-1fafc5810d01"",""035c5442-19b8-5a84-8a59-b352a9660279"",""d6d45010-72fa-5741-b733-88958a8795d2"",""ab8215e5-b753-5a6a-a4e7-ad9caf42eeac"",""1b20061c-b208-551a-b06c-81ffeff623fc"",""9b6d0913-2ae6-5dab-ab36-d05e1c51b208"",""a27c1fb2-edc1-57e6-9d74-adb5a13fed3b"",""4696448b-8c21-591b-80cc-7344ea0b95ec"",""c1d75a33-928c-5636-b99c-def1fb29e0f5"",""61eebfb6-2555-5bce-ba71-7a750427392a"",""aba074a1-d451-595d-bc12-e257adbe7383"",""1ca34094-ee4d-5962-a78a-174d361a9cd3"",""7edb0577-da07-5c6f-8391-bb90e9822165"",""d7c5d484-54dc-5d1e-a3ac-65d60267a12c"",""f416cc8b-3bc2-5c4c-a91c-c56faf748684""]",734.590152375,5876721219/8000000,662.8969525506666666666666666666666666667,497172714413/750000000,671.353462761,671353462761/1000000000,total_seconds,582.747242516,145686810629/250000000,0,3,3,UF3,76.27386015087478046467776740988735367328,76.27386015087478046467776740988735367328,prespecified_B_E,False,explicit in unit columns; exact fractions retained,s
M7-analysis-v5,E-AB,UF3:cell:E-AB,dbb63e68d4ed9e904fa985aa5b88d674205b6caab086a8d981ac8918a9c68fb5,"[""4afc763c-033e-501c-9c9c-453207d31e62"",""1fed9611-d0cc-51e5-86e7-4ba237c836a2"",""0e4d4039-5409-5be7-a300-ded85e9c22d7"",""1c4afc6f-6679-57b7-ab6b-cec3053e85a1"",""76216ff6-0dab-5f43-913f-741c2deb7596"",""fe7c5fea-171a-5d3e-b93c-b9d53dca7c67"",""784c942d-b222-5013-a2e4-de4aa477a143"",""2f2d84f4-6f41-5df7-a828-cc0a3d9cdddf"",""c68f6332-f200-5595-940d-e5bcad78f1fe"",""54c3aba8-cb42-5023-9591-5cdd68bdd7c5"",""b9ac296e-4c6c-5cdc-9e03-14868c124af2"",""022ddff9-4332-5ba5-b884-42537f220a0c"",""0d262496-18e1-5973-84a6-84fbda64d0ff"",""447860c8-1d56-518b-88ad-7e103990b756"",""616ecfda-7163-5a8d-ba60-01f623d8b124"",""656bacfc-b102-5379-8db2-2f9f127621e0"",""88f2e658-6155-5924-bc85-63fe2aabb08a"",""9f032fb3-90ca-5749-aff5-1065077ac10e"",""4d2e4005-a84b-525b-a492-d367c5e405d0"",""12b20e20-e117-5c00-83bc-e589b92b730e"",""e97a5398-37b9-5e89-91a9-9b3ae48d9534"",""7a8f92c5-5f85-593a-bf90-08e13c60a2e6"",""aa66f5e3-ac0e-57d6-9b69-aa54ea7c4fb9"",""d07b7490-853e-562b-b662-305e89e7718d"",""596c0800-372d-5056-8a35-9f8661656bf4"",""d08816e6-d4d6-5f35-9de3-d86528fa7a96"",""2e126757-f17e-5ee2-93db-94d31ed944b2"",""5e1af4e2-330f-563f-b639-2d3cd8d276c8"",""49cd1889-2a56-5913-8723-929335f68874"",""82b898ba-3b6d-567f-8996-4f259b74547e"",""d38eb7d2-e78b-5c2f-93e4-2e34846e80e6"",""33effc64-dcfe-5ced-badf-c4df49f68dc1"",""a3a03b99-34c0-504b-b529-32b798db318a"",""8b3ec7b0-123f-5597-95f7-1fafc5810d01"",""035c5442-19b8-5a84-8a59-b352a9660279"",""d6d45010-72fa-5741-b733-88958a8795d2"",""ab8215e5-b753-5a6a-a4e7-ad9caf42eeac"",""1b20061c-b208-551a-b06c-81ffeff623fc"",""9b6d0913-2ae6-5dab-ab36-d05e1c51b208"",""a27c1fb2-edc1-57e6-9d74-adb5a13fed3b"",""4696448b-8c21-591b-80cc-7344ea0b95ec"",""c1d75a33-928c-5636-b99c-def1fb29e0f5"",""61eebfb6-2555-5bce-ba71-7a750427392a"",""aba074a1-d451-595d-bc12-e257adbe7383"",""1ca34094-ee4d-5962-a78a-174d361a9cd3"",""7edb0577-da07-5c6f-8391-bb90e9822165"",""d7c5d484-54dc-5d1e-a3ac-65d60267a12c"",""f416cc8b-3bc2-5c4c-a91c-c56faf748684""]",884091,884091,877654.3333333333333333333333333333333333,2632963/3,875156,875156,tokens.input,873716,873716,0,3,3,UF3,5620.623482615904003455002787167787842948,5620.623482615904003455002787167787842948,prespecified_B_E,False,explicit in unit columns; exact fractions retained,tokens
M7-analysis-v5,E-AB,UF3:cell:E-AB,dbb63e68d4ed9e904fa985aa5b88d674205b6caab086a8d981ac8918a9c68fb5,"[""4afc763c-033e-501c-9c9c-453207d31e62"",""1fed9611-d0cc-51e5-86e7-4ba237c836a2"",""0e4d4039-5409-5be7-a300-ded85e9c22d7"",""1c4afc6f-6679-57b7-ab6b-cec3053e85a1"",""76216ff6-0dab-5f43-913f-741c2deb7596"",""fe7c5fea-171a-5d3e-b93c-b9d53dca7c67"",""784c942d-b222-5013-a2e4-de4aa477a143"",""2f2d84f4-6f41-5df7-a828-cc0a3d9cdddf"",""c68f6332-f200-5595-940d-e5bcad78f1fe"",""54c3aba8-cb42-5023-9591-5cdd68bdd7c5"",""b9ac296e-4c6c-5cdc-9e03-14868c124af2"",""022ddff9-4332-5ba5-b884-42537f220a0c"",""0d262496-18e1-5973-84a6-84fbda64d0ff"",""447860c8-1d56-518b-88ad-7e103990b756"",""616ecfda-7163-5a8d-ba60-01f623d8b124"",""656bacfc-b102-5379-8db2-2f9f127621e0"",""88f2e658-6155-5924-bc85-63fe2aabb08a"",""9f032fb3-90ca-5749-aff5-1065077ac10e"",""4d2e4005-a84b-525b-a492-d367c5e405d0"",""12b20e20-e117-5c00-83bc-e589b92b730e"",""e97a5398-37b9-5e89-91a9-9b3ae48d9534"",""7a8f92c5-5f85-593a-bf90-08e13c60a2e6"",""aa66f5e3-ac0e-57d6-9b69-aa54ea7c4fb9"",""d07b7490-853e-562b-b662-305e89e7718d"",""596c0800-372d-5056-8a35-9f8661656bf4"",""d08816e6-d4d6-5f35-9de3-d86528fa7a96"",""2e126757-f17e-5ee2-93db-94d31ed944b2"",""5e1af4e2-330f-563f-b639-2d3cd8d276c8"",""49cd1889-2a56-5913-8723-929335f68874"",""82b898ba-3b6d-567f-8996-4f259b74547e"",""d38eb7d2-e78b-5c2f-93e4-2e34846e80e6"",""33effc64-dcfe-5ced-badf-c4df49f68dc1"",""a3a03b99-34c0-504b-b529-32b798db318a"",""8b3ec7b0-123f-5597-95f7-1fafc5810d01"",""035c5442-19b8-5a84-8a59-b352a9660279"",""d6d45010-72fa-5741-b733-88958a8795d2"",""ab8215e5-b753-5a6a-a4e7-ad9caf42eeac"",""1b20061c-b208-551a-b06c-81ffeff623fc"",""9b6d0913-2ae6-5dab-ab36-d05e1c51b208"",""a27c1fb2-edc1-57e6-9d74-adb5a13fed3b"",""4696448b-8c21-591b-80cc-7344ea0b95ec"",""c1d75a33-928c-5636-b99c-def1fb29e0f5"",""61eebfb6-2555-5bce-ba71-7a750427392a"",""aba074a1-d451-595d-bc12-e257adbe7383"",""1ca34094-ee4d-5962-a78a-174d361a9cd3"",""7edb0577-da07-5c6f-8391-bb90e9822165"",""d7c5d484-54dc-5d1e-a3ac-65d60267a12c"",""f416cc8b-3bc2-5c4c-a91c-c56faf748684""]",928671,928671,922455.3333333333333333333333333333333333,2767366/3,920725,920725,tokens.total,917970,917970,0,3,3,UF3,5556.382846180897687669937184160060232626,5556.382846180897687669937184160060232626,prespecified_B_E,False,explicit in unit columns; exact fractions retained,tokens
M7-analysis-v5,E-AB,UF3:cell:E-AB,dbb63e68d4ed9e904fa985aa5b88d674205b6caab086a8d981ac8918a9c68fb5,"[""4afc763c-033e-501c-9c9c-453207d31e62"",""1fed9611-d0cc-51e5-86e7-4ba237c836a2"",""0e4d4039-5409-5be7-a300-ded85e9c22d7"",""1c4afc6f-6679-57b7-ab6b-cec3053e85a1"",""76216ff6-0dab-5f43-913f-741c2deb7596"",""fe7c5fea-171a-5d3e-b93c-b9d53dca7c67"",""784c942d-b222-5013-a2e4-de4aa477a143"",""2f2d84f4-6f41-5df7-a828-cc0a3d9cdddf"",""c68f6332-f200-5595-940d-e5bcad78f1fe"",""54c3aba8-cb42-5023-9591-5cdd68bdd7c5"",""b9ac296e-4c6c-5cdc-9e03-14868c124af2"",""022ddff9-4332-5ba5-b884-42537f220a0c"",""0d262496-18e1-5973-84a6-84fbda64d0ff"",""447860c8-1d56-518b-88ad-7e103990b756"",""616ecfda-7163-5a8d-ba60-01f623d8b124"",""656bacfc-b102-5379-8db2-2f9f127621e0"",""88f2e658-6155-5924-bc85-63fe2aabb08a"",""9f032fb3-90ca-5749-aff5-1065077ac10e"",""4d2e4005-a84b-525b-a492-d367c5e405d0"",""12b20e20-e117-5c00-83bc-e589b92b730e"",""e97a5398-37b9-5e89-91a9-9b3ae48d9534"",""7a8f92c5-5f85-593a-bf90-08e13c60a2e6"",""aa66f5e3-ac0e-57d6-9b69-aa54ea7c4fb9"",""d07b7490-853e-562b-b662-305e89e7718d"",""596c0800-372d-5056-8a35-9f8661656bf4"",""d08816e6-d4d6-5f35-9de3-d86528fa7a96"",""2e126757-f17e-5ee2-93db-94d31ed944b2"",""5e1af4e2-330f-563f-b639-2d3cd8d276c8"",""49cd1889-2a56-5913-8723-929335f68874"",""82b898ba-3b6d-567f-8996-4f259b74547e"",""d38eb7d2-e78b-5c2f-93e4-2e34846e80e6"",""33effc64-dcfe-5ced-badf-c4df49f68dc1"",""a3a03b99-34c0-504b-b529-32b798db318a"",""8b3ec7b0-123f-5597-95f7-1fafc5810d01"",""035c5442-19b8-5a84-8a59-b352a9660279"",""d6d45010-72fa-5741-b733-88958a8795d2"",""ab8215e5-b753-5a6a-a4e7-ad9caf42eeac"",""1b20061c-b208-551a-b06c-81ffeff623fc"",""9b6d0913-2ae6-5dab-ab36-d05e1c51b208"",""a27c1fb2-edc1-57e6-9d74-adb5a13fed3b"",""4696448b-8c21-591b-80cc-7344ea0b95ec"",""c1d75a33-928c-5636-b99c-def1fb29e0f5"",""61eebfb6-2555-5bce-ba71-7a750427392a"",""aba074a1-d451-595d-bc12-e257adbe7383"",""1ca34094-ee4d-5962-a78a-174d361a9cd3"",""7edb0577-da07-5c6f-8391-bb90e9822165"",""d7c5d484-54dc-5d1e-a3ac-65d60267a12c"",""f416cc8b-3bc2-5c4c-a91c-c56faf748684""]",,,,,,,abort_seconds,,,3,0,3,UF3,,,prespecified_B_E,False,explicit in unit columns; exact fractions retained,s
M7-analysis-v5,E-AB,UF3:cell:E-AB,dbb63e68d4ed9e904fa985aa5b88d674205b6caab086a8d981ac8918a9c68fb5,"[""4afc763c-033e-501c-9c9c-453207d31e62"",""1fed9611-d0cc-51e5-86e7-4ba237c836a2"",""0e4d4039-5409-5be7-a300-ded85e9c22d7"",""1c4afc6f-6679-57b7-ab6b-cec3053e85a1"",""76216ff6-0dab-5f43-913f-741c2deb7596"",""fe7c5fea-171a-5d3e-b93c-b9d53dca7c67"",""784c942d-b222-5013-a2e4-de4aa477a143"",""2f2d84f4-6f41-5df7-a828-cc0a3d9cdddf"",""c68f6332-f200-5595-940d-e5bcad78f1fe"",""54c3aba8-cb42-5023-9591-5cdd68bdd7c5"",""b9ac296e-4c6c-5cdc-9e03-14868c124af2"",""022ddff9-4332-5ba5-b884-42537f220a0c"",""0d262496-18e1-5973-84a6-84fbda64d0ff"",""447860c8-1d56-518b-88ad-7e103990b756"",""616ecfda-7163-5a8d-ba60-01f623d8b124"",""656bacfc-b102-5379-8db2-2f9f127621e0"",""88f2e658-6155-5924-bc85-63fe2aabb08a"",""9f032fb3-90ca-5749-aff5-1065077ac10e"",""4d2e4005-a84b-525b-a492-d367c5e405d0"",""12b20e20-e117-5c00-83bc-e589b92b730e"",""e97a5398-37b9-5e89-91a9-9b3ae48d9534"",""7a8f92c5-5f85-593a-bf90-08e13c60a2e6"",""aa66f5e3-ac0e-57d6-9b69-aa54ea7c4fb9"",""d07b7490-853e-562b-b662-305e89e7718d"",""596c0800-372d-5056-8a35-9f8661656bf4"",""d08816e6-d4d6-5f35-9de3-d86528fa7a96"",""2e126757-f17e-5ee2-93db-94d31ed944b2"",""5e1af4e2-330f-563f-b639-2d3cd8d276c8"",""49cd1889-2a56-5913-8723-929335f68874"",""82b898ba-3b6d-567f-8996-4f259b74547e"",""d38eb7d2-e78b-5c2f-93e4-2e34846e80e6"",""33effc64-dcfe-5ced-badf-c4df49f68dc1"",""a3a03b99-34c0-504b-b529-32b798db318a"",""8b3ec7b0-123f-5597-95f7-1fafc5810d01"",""035c5442-19b8-5a84-8a59-b352a9660279"",""d6d45010-72fa-5741-b733-88958a8795d2"",""ab8215e5-b753-5a6a-a4e7-ad9caf42eeac"",""1b20061c-b208-551a-b06c-81ffeff623fc"",""9b6d0913-2ae6-5dab-ab36-d05e1c51b208"",""a27c1fb2-edc1-57e6-9d74-adb5a13fed3b"",""4696448b-8c21-591b-80cc-7344ea0b95ec"",""c1d75a33-928c-5636-b99c-def1fb29e0f5"",""61eebfb6-2555-5bce-ba71-7a750427392a"",""aba074a1-d451-595d-bc12-e257adbe7383"",""1ca34094-ee4d-5962-a78a-174d361a9cd3"",""7edb0577-da07-5c6f-8391-bb90e9822165"",""d7c5d484-54dc-5d1e-a3ac-65d60267a12c"",""f416cc8b-3bc2-5c4c-a91c-c56faf748684""]",,,,,,,context_preparation_seconds,,,3,0,3,UF3,,,prespecified_B_E,False,explicit in unit columns; exact fractions retained,s
M7-analysis-v5,E-AB,UF3:cell:E-AB,dbb63e68d4ed9e904fa985aa5b88d674205b6caab086a8d981ac8918a9c68fb5,"[""4afc763c-033e-501c-9c9c-453207d31e62"",""1fed9611-d0cc-51e5-86e7-4ba237c836a2"",""0e4d4039-5409-5be7-a300-ded85e9c22d7"",""1c4afc6f-6679-57b7-ab6b-cec3053e85a1"",""76216ff6-0dab-5f43-913f-741c2deb7596"",""fe7c5fea-171a-5d3e-b93c-b9d53dca7c67"",""784c942d-b222-5013-a2e4-de4aa477a143"",""2f2d84f4-6f41-5df7-a828-cc0a3d9cdddf"",""c68f6332-f200-5595-940d-e5bcad78f1fe"",""54c3aba8-cb42-5023-9591-5cdd68bdd7c5"",""b9ac296e-4c6c-5cdc-9e03-14868c124af2"",""022ddff9-4332-5ba5-b884-42537f220a0c"",""0d262496-18e1-5973-84a6-84fbda64d0ff"",""447860c8-1d56-518b-88ad-7e103990b756"",""616ecfda-7163-5a8d-ba60-01f623d8b124"",""656bacfc-b102-5379-8db2-2f9f127621e0"",""88f2e658-6155-5924-bc85-63fe2aabb08a"",""9f032fb3-90ca-5749-aff5-1065077ac10e"",""4d2e4005-a84b-525b-a492-d367c5e405d0"",""12b20e20-e117-5c00-83bc-e589b92b730e"",""e97a5398-37b9-5e89-91a9-9b3ae48d9534"",""7a8f92c5-5f85-593a-bf90-08e13c60a2e6"",""aa66f5e3-ac0e-57d6-9b69-aa54ea7c4fb9"",""d07b7490-853e-562b-b662-305e89e7718d"",""596c0800-372d-5056-8a35-9f8661656bf4"",""d08816e6-d4d6-5f35-9de3-d86528fa7a96"",""2e126757-f17e-5ee2-93db-94d31ed944b2"",""5e1af4e2-330f-563f-b639-2d3cd8d276c8"",""49cd1889-2a56-5913-8723-929335f68874"",""82b898ba-3b6d-567f-8996-4f259b74547e"",""d38eb7d2-e78b-5c2f-93e4-2e34846e80e6"",""33effc64-dcfe-5ced-badf-c4df49f68dc1"",""a3a03b99-34c0-504b-b529-32b798db318a"",""8b3ec7b0-123f-5597-95f7-1fafc5810d01"",""035c5442-19b8-5a84-8a59-b352a9660279"",""d6d45010-72fa-5741-b733-88958a8795d2"",""ab8215e5-b753-5a6a-a4e7-ad9caf42eeac"",""1b20061c-b208-551a-b06c-81ffeff623fc"",""9b6d0913-2ae6-5dab-ab36-d05e1c51b208"",""a27c1fb2-edc1-57e6-9d74-adb5a13fed3b"",""4696448b-8c21-591b-80cc-7344ea0b95ec"",""c1d75a33-928c-5636-b99c-def1fb29e0f5"",""61eebfb6-2555-5bce-ba71-7a750427392a"",""aba074a1-d451-595d-bc12-e257adbe7383"",""1ca34094-ee4d-5962-a78a-174d361a9cd3"",""7edb0577-da07-5c6f-8391-bb90e9822165"",""d7c5d484-54dc-5d1e-a3ac-65d60267a12c"",""f416cc8b-3bc2-5c4c-a91c-c56faf748684""]",,,,,,,evaluation_seconds,,,3,0,3,UF3,,,prespecified_B_E,False,explicit in unit columns; exact fractions retained,s
M7-analysis-v5,E-AB,UF3:cell:E-AB,dbb63e68d4ed9e904fa985aa5b88d674205b6caab086a8d981ac8918a9c68fb5,"[""4afc763c-033e-501c-9c9c-453207d31e62"",""1fed9611-d0cc-51e5-86e7-4ba237c836a2"",""0e4d4039-5409-5be7-a300-ded85e9c22d7"",""1c4afc6f-6679-57b7-ab6b-cec3053e85a1"",""76216ff6-0dab-5f43-913f-741c2deb7596"",""fe7c5fea-171a-5d3e-b93c-b9d53dca7c67"",""784c942d-b222-5013-a2e4-de4aa477a143"",""2f2d84f4-6f41-5df7-a828-cc0a3d9cdddf"",""c68f6332-f200-5595-940d-e5bcad78f1fe"",""54c3aba8-cb42-5023-9591-5cdd68bdd7c5"",""b9ac296e-4c6c-5cdc-9e03-14868c124af2"",""022ddff9-4332-5ba5-b884-42537f220a0c"",""0d262496-18e1-5973-84a6-84fbda64d0ff"",""447860c8-1d56-518b-88ad-7e103990b756"",""616ecfda-7163-5a8d-ba60-01f623d8b124"",""656bacfc-b102-5379-8db2-2f9f127621e0"",""88f2e658-6155-5924-bc85-63fe2aabb08a"",""9f032fb3-90ca-5749-aff5-1065077ac10e"",""4d2e4005-a84b-525b-a492-d367c5e405d0"",""12b20e20-e117-5c00-83bc-e589b92b730e"",""e97a5398-37b9-5e89-91a9-9b3ae48d9534"",""7a8f92c5-5f85-593a-bf90-08e13c60a2e6"",""aa66f5e3-ac0e-57d6-9b69-aa54ea7c4fb9"",""d07b7490-853e-562b-b662-305e89e7718d"",""596c0800-372d-5056-8a35-9f8661656bf4"",""d08816e6-d4d6-5f35-9de3-d86528fa7a96"",""2e126757-f17e-5ee2-93db-94d31ed944b2"",""5e1af4e2-330f-563f-b639-2d3cd8d276c8"",""49cd1889-2a56-5913-8723-929335f68874"",""82b898ba-3b6d-567f-8996-4f259b74547e"",""d38eb7d2-e78b-5c2f-93e4-2e34846e80e6"",""33effc64-dcfe-5ced-badf-c4df49f68dc1"",""a3a03b99-34c0-504b-b529-32b798db318a"",""8b3ec7b0-123f-5597-95f7-1fafc5810d01"",""035c5442-19b8-5a84-8a59-b352a9660279"",""d6d45010-72fa-5741-b733-88958a8795d2"",""ab8215e5-b753-5a6a-a4e7-ad9caf42eeac"",""1b20061c-b208-551a-b06c-81ffeff623fc"",""9b6d0913-2ae6-5dab-ab36-d05e1c51b208"",""a27c1fb2-edc1-57e6-9d74-adb5a13fed3b"",""4696448b-8c21-591b-80cc-7344ea0b95ec"",""c1d75a33-928c-5636-b99c-def1fb29e0f5"",""61eebfb6-2555-5bce-ba71-7a750427392a"",""aba074a1-d451-595d-bc12-e257adbe7383"",""1ca34094-ee4d-5962-a78a-174d361a9cd3"",""7edb0577-da07-5c6f-8391-bb90e9822165"",""d7c5d484-54dc-5d1e-a3ac-65d60267a12c"",""f416cc8b-3bc2-5c4c-a91c-c56faf748684""]",,,,,,,inference_seconds,,,3,0,3,UF3,,,prespecified_B_E,False,explicit in unit columns; exact fractions retained,s
M7-analysis-v5,E-AB,UF3:cell:E-AB,dbb63e68d4ed9e904fa985aa5b88d674205b6caab086a8d981ac8918a9c68fb5,"[""4afc763c-033e-501c-9c9c-453207d31e62"",""1fed9611-d0cc-51e5-86e7-4ba237c836a2"",""0e4d4039-5409-5be7-a300-ded85e9c22d7"",""1c4afc6f-6679-57b7-ab6b-cec3053e85a1"",""76216ff6-0dab-5f43-913f-741c2deb7596"",""fe7c5fea-171a-5d3e-b93c-b9d53dca7c67"",""784c942d-b222-5013-a2e4-de4aa477a143"",""2f2d84f4-6f41-5df7-a828-cc0a3d9cdddf"",""c68f6332-f200-5595-940d-e5bcad78f1fe"",""54c3aba8-cb42-5023-9591-5cdd68bdd7c5"",""b9ac296e-4c6c-5cdc-9e03-14868c124af2"",""022ddff9-4332-5ba5-b884-42537f220a0c"",""0d262496-18e1-5973-84a6-84fbda64d0ff"",""447860c8-1d56-518b-88ad-7e103990b756"",""616ecfda-7163-5a8d-ba60-01f623d8b124"",""656bacfc-b102-5379-8db2-2f9f127621e0"",""88f2e658-6155-5924-bc85-63fe2aabb08a"",""9f032fb3-90ca-5749-aff5-1065077ac10e"",""4d2e4005-a84b-525b-a492-d367c5e405d0"",""12b20e20-e117-5c00-83bc-e589b92b730e"",""e97a5398-37b9-5e89-91a9-9b3ae48d9534"",""7a8f92c5-5f85-593a-bf90-08e13c60a2e6"",""aa66f5e3-ac0e-57d6-9b69-aa54ea7c4fb9"",""d07b7490-853e-562b-b662-305e89e7718d"",""596c0800-372d-5056-8a35-9f8661656bf4"",""d08816e6-d4d6-5f35-9de3-d86528fa7a96"",""2e126757-f17e-5ee2-93db-94d31ed944b2"",""5e1af4e2-330f-563f-b639-2d3cd8d276c8"",""49cd1889-2a56-5913-8723-929335f68874"",""82b898ba-3b6d-567f-8996-4f259b74547e"",""d38eb7d2-e78b-5c2f-93e4-2e34846e80e6"",""33effc64-dcfe-5ced-badf-c4df49f68dc1"",""a3a03b99-34c0-504b-b529-32b798db318a"",""8b3ec7b0-123f-5597-95f7-1fafc5810d01"",""035c5442-19b8-5a84-8a59-b352a9660279"",""d6d45010-72fa-5741-b733-88958a8795d2"",""ab8215e5-b753-5a6a-a4e7-ad9caf42eeac"",""1b20061c-b208-551a-b06c-81ffeff623fc"",""9b6d0913-2ae6-5dab-ab36-d05e1c51b208"",""a27c1fb2-edc1-57e6-9d74-adb5a13fed3b"",""4696448b-8c21-591b-80cc-7344ea0b95ec"",""c1d75a33-928c-5636-b99c-def1fb29e0f5"",""61eebfb6-2555-5bce-ba71-7a750427392a"",""aba074a1-d451-595d-bc12-e257adbe7383"",""1ca34094-ee4d-5962-a78a-174d361a9cd3"",""7edb0577-da07-5c6f-8391-bb90e9822165"",""d7c5d484-54dc-5d1e-a3ac-65d60267a12c"",""f416cc8b-3bc2-5c4c-a91c-c56faf748684""]",,,,,,,load_seconds,,,3,0,3,UF3,,,prespecified_B_E,False,explicit in unit columns; exact fractions retained,s
M7-analysis-v5,E-AB,UF3:cell:E-AB,dbb63e68d4ed9e904fa985aa5b88d674205b6caab086a8d981ac8918a9c68fb5,"[""4afc763c-033e-501c-9c9c-453207d31e62"",""1fed9611-d0cc-51e5-86e7-4ba237c836a2"",""0e4d4039-5409-5be7-a300-ded85e9c22d7"",""1c4afc6f-6679-57b7-ab6b-cec3053e85a1"",""76216ff6-0dab-5f43-913f-741c2deb7596"",""fe7c5fea-171a-5d3e-b93c-b9d53dca7c67"",""784c942d-b222-5013-a2e4-de4aa477a143"",""2f2d84f4-6f41-5df7-a828-cc0a3d9cdddf"",""c68f6332-f200-5595-940d-e5bcad78f1fe"",""54c3aba8-cb42-5023-9591-5cdd68bdd7c5"",""b9ac296e-4c6c-5cdc-9e03-14868c124af2"",""022ddff9-4332-5ba5-b884-42537f220a0c"",""0d262496-18e1-5973-84a6-84fbda64d0ff"",""447860c8-1d56-518b-88ad-7e103990b756"",""616ecfda-7163-5a8d-ba60-01f623d8b124"",""656bacfc-b102-5379-8db2-2f9f127621e0"",""88f2e658-6155-5924-bc85-63fe2aabb08a"",""9f032fb3-90ca-5749-aff5-1065077ac10e"",""4d2e4005-a84b-525b-a492-d367c5e405d0"",""12b20e20-e117-5c00-83bc-e589b92b730e"",""e97a5398-37b9-5e89-91a9-9b3ae48d9534"",""7a8f92c5-5f85-593a-bf90-08e13c60a2e6"",""aa66f5e3-ac0e-57d6-9b69-aa54ea7c4fb9"",""d07b7490-853e-562b-b662-305e89e7718d"",""596c0800-372d-5056-8a35-9f8661656bf4"",""d08816e6-d4d6-5f35-9de3-d86528fa7a96"",""2e126757-f17e-5ee2-93db-94d31ed944b2"",""5e1af4e2-330f-563f-b639-2d3cd8d276c8"",""49cd1889-2a56-5913-8723-929335f68874"",""82b898ba-3b6d-567f-8996-4f259b74547e"",""d38eb7d2-e78b-5c2f-93e4-2e34846e80e6"",""33effc64-dcfe-5ced-badf-c4df49f68dc1"",""a3a03b99-34c0-504b-b529-32b798db318a"",""8b3ec7b0-123f-5597-95f7-1fafc5810d01"",""035c5442-19b8-5a84-8a59-b352a9660279"",""d6d45010-72fa-5741-b733-88958a8795d2"",""ab8215e5-b753-5a6a-a4e7-ad9caf42eeac"",""1b20061c-b208-551a-b06c-81ffeff623fc"",""9b6d0913-2ae6-5dab-ab36-d05e1c51b208"",""a27c1fb2-edc1-57e6-9d74-adb5a13fed3b"",""4696448b-8c21-591b-80cc-7344ea0b95ec"",""c1d75a33-928c-5636-b99c-def1fb29e0f5"",""61eebfb6-2555-5bce-ba71-7a750427392a"",""aba074a1-d451-595d-bc12-e257adbe7383"",""1ca34094-ee4d-5962-a78a-174d361a9cd3"",""7edb0577-da07-5c6f-8391-bb90e9822165"",""d7c5d484-54dc-5d1e-a3ac-65d60267a12c"",""f416cc8b-3bc2-5c4c-a91c-c56faf748684""]",,,,,,,manual_review_seconds,,,3,0,3,UF3,,,prespecified_B_E,False,explicit in unit columns; exact fractions retained,s
M7-analysis-v5,E-AB,UF3:cell:E-AB,dbb63e68d4ed9e904fa985aa5b88d674205b6caab086a8d981ac8918a9c68fb5,"[""4afc763c-033e-501c-9c9c-453207d31e62"",""1fed9611-d0cc-51e5-86e7-4ba237c836a2"",""0e4d4039-5409-5be7-a300-ded85e9c22d7"",""1c4afc6f-6679-57b7-ab6b-cec3053e85a1"",""76216ff6-0dab-5f43-913f-741c2deb7596"",""fe7c5fea-171a-5d3e-b93c-b9d53dca7c67"",""784c942d-b222-5013-a2e4-de4aa477a143"",""2f2d84f4-6f41-5df7-a828-cc0a3d9cdddf"",""c68f6332-f200-5595-940d-e5bcad78f1fe"",""54c3aba8-cb42-5023-9591-5cdd68bdd7c5"",""b9ac296e-4c6c-5cdc-9e03-14868c124af2"",""022ddff9-4332-5ba5-b884-42537f220a0c"",""0d262496-18e1-5973-84a6-84fbda64d0ff"",""447860c8-1d56-518b-88ad-7e103990b756"",""616ecfda-7163-5a8d-ba60-01f623d8b124"",""656bacfc-b102-5379-8db2-2f9f127621e0"",""88f2e658-6155-5924-bc85-63fe2aabb08a"",""9f032fb3-90ca-5749-aff5-1065077ac10e"",""4d2e4005-a84b-525b-a492-d367c5e405d0"",""12b20e20-e117-5c00-83bc-e589b92b730e"",""e97a5398-37b9-5e89-91a9-9b3ae48d9534"",""7a8f92c5-5f85-593a-bf90-08e13c60a2e6"",""aa66f5e3-ac0e-57d6-9b69-aa54ea7c4fb9"",""d07b7490-853e-562b-b662-305e89e7718d"",""596c0800-372d-5056-8a35-9f8661656bf4"",""d08816e6-d4d6-5f35-9de3-d86528fa7a96"",""2e126757-f17e-5ee2-93db-94d31ed944b2"",""5e1af4e2-330f-563f-b639-2d3cd8d276c8"",""49cd1889-2a56-5913-8723-929335f68874"",""82b898ba-3b6d-567f-8996-4f259b74547e"",""d38eb7d2-e78b-5c2f-93e4-2e34846e80e6"",""33effc64-dcfe-5ced-badf-c4df49f68dc1"",""a3a03b99-34c0-504b-b529-32b798db318a"",""8b3ec7b0-123f-5597-95f7-1fafc5810d01"",""035c5442-19b8-5a84-8a59-b352a9660279"",""d6d45010-72fa-5741-b733-88958a8795d2"",""ab8215e5-b753-5a6a-a4e7-ad9caf42eeac"",""1b20061c-b208-551a-b06c-81ffeff623fc"",""9b6d0913-2ae6-5dab-ab36-d05e1c51b208"",""a27c1fb2-edc1-57e6-9d74-adb5a13fed3b"",""4696448b-8c21-591b-80cc-7344ea0b95ec"",""c1d75a33-928c-5636-b99c-def1fb29e0f5"",""61eebfb6-2555-5bce-ba71-7a750427392a"",""aba074a1-d451-595d-bc12-e257adbe7383"",""1ca34094-ee4d-5962-a78a-174d361a9cd3"",""7edb0577-da07-5c6f-8391-bb90e9822165"",""d7c5d484-54dc-5d1e-a3ac-65d60267a12c"",""f416cc8b-3bc2-5c4c-a91c-c56faf748684""]",,,,,,,retry_seconds,,,3,0,3,UF3,,,prespecified_B_E,False,explicit in unit columns; exact fractions retained,s
M7-analysis-v5,E-AB,UF3:cell:E-AB,dbb63e68d4ed9e904fa985aa5b88d674205b6caab086a8d981ac8918a9c68fb5,"[""4afc763c-033e-501c-9c9c-453207d31e62"",""1fed9611-d0cc-51e5-86e7-4ba237c836a2"",""0e4d4039-5409-5be7-a300-ded85e9c22d7"",""1c4afc6f-6679-57b7-ab6b-cec3053e85a1"",""76216ff6-0dab-5f43-913f-741c2deb7596"",""fe7c5fea-171a-5d3e-b93c-b9d53dca7c67"",""784c942d-b222-5013-a2e4-de4aa477a143"",""2f2d84f4-6f41-5df7-a828-cc0a3d9cdddf"",""c68f6332-f200-5595-940d-e5bcad78f1fe"",""54c3aba8-cb42-5023-9591-5cdd68bdd7c5"",""b9ac296e-4c6c-5cdc-9e03-14868c124af2"",""022ddff9-4332-5ba5-b884-42537f220a0c"",""0d262496-18e1-5973-84a6-84fbda64d0ff"",""447860c8-1d56-518b-88ad-7e103990b756"",""616ecfda-7163-5a8d-ba60-01f623d8b124"",""656bacfc-b102-5379-8db2-2f9f127621e0"",""88f2e658-6155-5924-bc85-63fe2aabb08a"",""9f032fb3-90ca-5749-aff5-1065077ac10e"",""4d2e4005-a84b-525b-a492-d367c5e405d0"",""12b20e20-e117-5c00-83bc-e589b92b730e"",""e97a5398-37b9-5e89-91a9-9b3ae48d9534"",""7a8f92c5-5f85-593a-bf90-08e13c60a2e6"",""aa66f5e3-ac0e-57d6-9b69-aa54ea7c4fb9"",""d07b7490-853e-562b-b662-305e89e7718d"",""596c0800-372d-5056-8a35-9f8661656bf4"",""d08816e6-d4d6-5f35-9de3-d86528fa7a96"",""2e126757-f17e-5ee2-93db-94d31ed944b2"",""5e1af4e2-330f-563f-b639-2d3cd8d276c8"",""49cd1889-2a56-5913-8723-929335f68874"",""82b898ba-3b6d-567f-8996-4f259b74547e"",""d38eb7d2-e78b-5c2f-93e4-2e34846e80e6"",""33effc64-dcfe-5ced-badf-c4df49f68dc1"",""a3a03b99-34c0-504b-b529-32b798db318a"",""8b3ec7b0-123f-5597-95f7-1fafc5810d01"",""035c5442-19b8-5a84-8a59-b352a9660279"",""d6d45010-72fa-5741-b733-88958a8795d2"",""ab8215e5-b753-5a6a-a4e7-ad9caf42eeac"",""1b20061c-b208-551a-b06c-81ffeff623fc"",""9b6d0913-2ae6-5dab-ab36-d05e1c51b208"",""a27c1fb2-edc1-57e6-9d74-adb5a13fed3b"",""4696448b-8c21-591b-80cc-7344ea0b95ec"",""c1d75a33-928c-5636-b99c-def1fb29e0f5"",""61eebfb6-2555-5bce-ba71-7a750427392a"",""aba074a1-d451-595d-bc12-e257adbe7383"",""1ca34094-ee4d-5962-a78a-174d361a9cd3"",""7edb0577-da07-5c6f-8391-bb90e9822165"",""d7c5d484-54dc-5d1e-a3ac-65d60267a12c"",""f416cc8b-3bc2-5c4c-a91c-c56faf748684""]",,,,,,,setup_seconds,,,3,0,3,UF3,,,prespecified_B_E,False,explicit in unit columns; exact fractions retained,s
M7-analysis-v5,E-AB,UF3:cell:E-AB,dbb63e68d4ed9e904fa985aa5b88d674205b6caab086a8d981ac8918a9c68fb5,"[""4afc763c-033e-501c-9c9c-453207d31e62"",""1fed9611-d0cc-51e5-86e7-4ba237c836a2"",""0e4d4039-5409-5be7-a300-ded85e9c22d7"",""1c4afc6f-6679-57b7-ab6b-cec3053e85a1"",""76216ff6-0dab-5f43-913f-741c2deb7596"",""fe7c5fea-171a-5d3e-b93c-b9d53dca7c67"",""784c942d-b222-5013-a2e4-de4aa477a143"",""2f2d84f4-6f41-5df7-a828-cc0a3d9cdddf"",""c68f6332-f200-5595-940d-e5bcad78f1fe"",""54c3aba8-cb42-5023-9591-5cdd68bdd7c5"",""b9ac296e-4c6c-5cdc-9e03-14868c124af2"",""022ddff9-4332-5ba5-b884-42537f220a0c"",""0d262496-18e1-5973-84a6-84fbda64d0ff"",""447860c8-1d56-518b-88ad-7e103990b756"",""616ecfda-7163-5a8d-ba60-01f623d8b124"",""656bacfc-b102-5379-8db2-2f9f127621e0"",""88f2e658-6155-5924-bc85-63fe2aabb08a"",""9f032fb3-90ca-5749-aff5-1065077ac10e"",""4d2e4005-a84b-525b-a492-d367c5e405d0"",""12b20e20-e117-5c00-83bc-e589b92b730e"",""e97a5398-37b9-5e89-91a9-9b3ae48d9534"",""7a8f92c5-5f85-593a-bf90-08e13c60a2e6"",""aa66f5e3-ac0e-57d6-9b69-aa54ea7c4fb9"",""d07b7490-853e-562b-b662-305e89e7718d"",""596c0800-372d-5056-8a35-9f8661656bf4"",""d08816e6-d4d6-5f35-9de3-d86528fa7a96"",""2e126757-f17e-5ee2-93db-94d31ed944b2"",""5e1af4e2-330f-563f-b639-2d3cd8d276c8"",""49cd1889-2a56-5913-8723-929335f68874"",""82b898ba-3b6d-567f-8996-4f259b74547e"",""d38eb7d2-e78b-5c2f-93e4-2e34846e80e6"",""33effc64-dcfe-5ced-badf-c4df49f68dc1"",""a3a03b99-34c0-504b-b529-32b798db318a"",""8b3ec7b0-123f-5597-95f7-1fafc5810d01"",""035c5442-19b8-5a84-8a59-b352a9660279"",""d6d45010-72fa-5741-b733-88958a8795d2"",""ab8215e5-b753-5a6a-a4e7-ad9caf42eeac"",""1b20061c-b208-551a-b06c-81ffeff623fc"",""9b6d0913-2ae6-5dab-ab36-d05e1c51b208"",""a27c1fb2-edc1-57e6-9d74-adb5a13fed3b"",""4696448b-8c21-591b-80cc-7344ea0b95ec"",""c1d75a33-928c-5636-b99c-def1fb29e0f5"",""61eebfb6-2555-5bce-ba71-7a750427392a"",""aba074a1-d451-595d-bc12-e257adbe7383"",""1ca34094-ee4d-5962-a78a-174d361a9cd3"",""7edb0577-da07-5c6f-8391-bb90e9822165"",""d7c5d484-54dc-5d1e-a3ac-65d60267a12c"",""f416cc8b-3bc2-5c4c-a91c-c56faf748684""]",,,,,,,tokens.other,,,3,0,3,UF3,,,prespecified_B_E,False,explicit in unit columns; exact fractions retained,tokens
M7-analysis-v5,E-BA,UF3:cell:E-BA,dbb63e68d4ed9e904fa985aa5b88d674205b6caab086a8d981ac8918a9c68fb5,"[""4afc763c-033e-501c-9c9c-453207d31e62"",""1fed9611-d0cc-51e5-86e7-4ba237c836a2"",""0e4d4039-5409-5be7-a300-ded85e9c22d7"",""1c4afc6f-6679-57b7-ab6b-cec3053e85a1"",""76216ff6-0dab-5f43-913f-741c2deb7596"",""fe7c5fea-171a-5d3e-b93c-b9d53dca7c67"",""784c942d-b222-5013-a2e4-de4aa477a143"",""2f2d84f4-6f41-5df7-a828-cc0a3d9cdddf"",""c68f6332-f200-5595-940d-e5bcad78f1fe"",""54c3aba8-cb42-5023-9591-5cdd68bdd7c5"",""b9ac296e-4c6c-5cdc-9e03-14868c124af2"",""022ddff9-4332-5ba5-b884-42537f220a0c"",""0d262496-18e1-5973-84a6-84fbda64d0ff"",""447860c8-1d56-518b-88ad-7e103990b756"",""616ecfda-7163-5a8d-ba60-01f623d8b124"",""656bacfc-b102-5379-8db2-2f9f127621e0"",""88f2e658-6155-5924-bc85-63fe2aabb08a"",""9f032fb3-90ca-5749-aff5-1065077ac10e"",""4d2e4005-a84b-525b-a492-d367c5e405d0"",""12b20e20-e117-5c00-83bc-e589b92b730e"",""e97a5398-37b9-5e89-91a9-9b3ae48d9534"",""7a8f92c5-5f85-593a-bf90-08e13c60a2e6"",""aa66f5e3-ac0e-57d6-9b69-aa54ea7c4fb9"",""d07b7490-853e-562b-b662-305e89e7718d"",""596c0800-372d-5056-8a35-9f8661656bf4"",""d08816e6-d4d6-5f35-9de3-d86528fa7a96"",""2e126757-f17e-5ee2-93db-94d31ed944b2"",""5e1af4e2-330f-563f-b639-2d3cd8d276c8"",""49cd1889-2a56-5913-8723-929335f68874"",""82b898ba-3b6d-567f-8996-4f259b74547e"",""d38eb7d2-e78b-5c2f-93e4-2e34846e80e6"",""33effc64-dcfe-5ced-badf-c4df49f68dc1"",""a3a03b99-34c0-504b-b529-32b798db318a"",""8b3ec7b0-123f-5597-95f7-1fafc5810d01"",""035c5442-19b8-5a84-8a59-b352a9660279"",""d6d45010-72fa-5741-b733-88958a8795d2"",""ab8215e5-b753-5a6a-a4e7-ad9caf42eeac"",""1b20061c-b208-551a-b06c-81ffeff623fc"",""9b6d0913-2ae6-5dab-ab36-d05e1c51b208"",""a27c1fb2-edc1-57e6-9d74-adb5a13fed3b"",""4696448b-8c21-591b-80cc-7344ea0b95ec"",""c1d75a33-928c-5636-b99c-def1fb29e0f5"",""61eebfb6-2555-5bce-ba71-7a750427392a"",""aba074a1-d451-595d-bc12-e257adbe7383"",""1ca34094-ee4d-5962-a78a-174d361a9cd3"",""7edb0577-da07-5c6f-8391-bb90e9822165"",""d7c5d484-54dc-5d1e-a3ac-65d60267a12c"",""f416cc8b-3bc2-5c4c-a91c-c56faf748684""]",0,0,0,0,0,0,outage_seconds,0,0,1,2,3,UF3,0,0,prespecified_B_E,False,explicit in unit columns; exact fractions retained,s
M7-analysis-v5,E-BA,UF3:cell:E-BA,dbb63e68d4ed9e904fa985aa5b88d674205b6caab086a8d981ac8918a9c68fb5,"[""4afc763c-033e-501c-9c9c-453207d31e62"",""1fed9611-d0cc-51e5-86e7-4ba237c836a2"",""0e4d4039-5409-5be7-a300-ded85e9c22d7"",""1c4afc6f-6679-57b7-ab6b-cec3053e85a1"",""76216ff6-0dab-5f43-913f-741c2deb7596"",""fe7c5fea-171a-5d3e-b93c-b9d53dca7c67"",""784c942d-b222-5013-a2e4-de4aa477a143"",""2f2d84f4-6f41-5df7-a828-cc0a3d9cdddf"",""c68f6332-f200-5595-940d-e5bcad78f1fe"",""54c3aba8-cb42-5023-9591-5cdd68bdd7c5"",""b9ac296e-4c6c-5cdc-9e03-14868c124af2"",""022ddff9-4332-5ba5-b884-42537f220a0c"",""0d262496-18e1-5973-84a6-84fbda64d0ff"",""447860c8-1d56-518b-88ad-7e103990b756"",""616ecfda-7163-5a8d-ba60-01f623d8b124"",""656bacfc-b102-5379-8db2-2f9f127621e0"",""88f2e658-6155-5924-bc85-63fe2aabb08a"",""9f032fb3-90ca-5749-aff5-1065077ac10e"",""4d2e4005-a84b-525b-a492-d367c5e405d0"",""12b20e20-e117-5c00-83bc-e589b92b730e"",""e97a5398-37b9-5e89-91a9-9b3ae48d9534"",""7a8f92c5-5f85-593a-bf90-08e13c60a2e6"",""aa66f5e3-ac0e-57d6-9b69-aa54ea7c4fb9"",""d07b7490-853e-562b-b662-305e89e7718d"",""596c0800-372d-5056-8a35-9f8661656bf4"",""d08816e6-d4d6-5f35-9de3-d86528fa7a96"",""2e126757-f17e-5ee2-93db-94d31ed944b2"",""5e1af4e2-330f-563f-b639-2d3cd8d276c8"",""49cd1889-2a56-5913-8723-929335f68874"",""82b898ba-3b6d-567f-8996-4f259b74547e"",""d38eb7d2-e78b-5c2f-93e4-2e34846e80e6"",""33effc64-dcfe-5ced-badf-c4df49f68dc1"",""a3a03b99-34c0-504b-b529-32b798db318a"",""8b3ec7b0-123f-5597-95f7-1fafc5810d01"",""035c5442-19b8-5a84-8a59-b352a9660279"",""d6d45010-72fa-5741-b733-88958a8795d2"",""ab8215e5-b753-5a6a-a4e7-ad9caf42eeac"",""1b20061c-b208-551a-b06c-81ffeff623fc"",""9b6d0913-2ae6-5dab-ab36-d05e1c51b208"",""a27c1fb2-edc1-57e6-9d74-adb5a13fed3b"",""4696448b-8c21-591b-80cc-7344ea0b95ec"",""c1d75a33-928c-5636-b99c-def1fb29e0f5"",""61eebfb6-2555-5bce-ba71-7a750427392a"",""aba074a1-d451-595d-bc12-e257adbe7383"",""1ca34094-ee4d-5962-a78a-174d361a9cd3"",""7edb0577-da07-5c6f-8391-bb90e9822165"",""d7c5d484-54dc-5d1e-a3ac-65d60267a12c"",""f416cc8b-3bc2-5c4c-a91c-c56faf748684""]",0,0,0,0,0,0,pause_seconds,0,0,1,2,3,UF3,0,0,prespecified_B_E,False,explicit in unit columns; exact fractions retained,s
M7-analysis-v5,E-BA,UF3:cell:E-BA,dbb63e68d4ed9e904fa985aa5b88d674205b6caab086a8d981ac8918a9c68fb5,"[""4afc763c-033e-501c-9c9c-453207d31e62"",""1fed9611-d0cc-51e5-86e7-4ba237c836a2"",""0e4d4039-5409-5be7-a300-ded85e9c22d7"",""1c4afc6f-6679-57b7-ab6b-cec3053e85a1"",""76216ff6-0dab-5f43-913f-741c2deb7596"",""fe7c5fea-171a-5d3e-b93c-b9d53dca7c67"",""784c942d-b222-5013-a2e4-de4aa477a143"",""2f2d84f4-6f41-5df7-a828-cc0a3d9cdddf"",""c68f6332-f200-5595-940d-e5bcad78f1fe"",""54c3aba8-cb42-5023-9591-5cdd68bdd7c5"",""b9ac296e-4c6c-5cdc-9e03-14868c124af2"",""022ddff9-4332-5ba5-b884-42537f220a0c"",""0d262496-18e1-5973-84a6-84fbda64d0ff"",""447860c8-1d56-518b-88ad-7e103990b756"",""616ecfda-7163-5a8d-ba60-01f623d8b124"",""656bacfc-b102-5379-8db2-2f9f127621e0"",""88f2e658-6155-5924-bc85-63fe2aabb08a"",""9f032fb3-90ca-5749-aff5-1065077ac10e"",""4d2e4005-a84b-525b-a492-d367c5e405d0"",""12b20e20-e117-5c00-83bc-e589b92b730e"",""e97a5398-37b9-5e89-91a9-9b3ae48d9534"",""7a8f92c5-5f85-593a-bf90-08e13c60a2e6"",""aa66f5e3-ac0e-57d6-9b69-aa54ea7c4fb9"",""d07b7490-853e-562b-b662-305e89e7718d"",""596c0800-372d-5056-8a35-9f8661656bf4"",""d08816e6-d4d6-5f35-9de3-d86528fa7a96"",""2e126757-f17e-5ee2-93db-94d31ed944b2"",""5e1af4e2-330f-563f-b639-2d3cd8d276c8"",""49cd1889-2a56-5913-8723-929335f68874"",""82b898ba-3b6d-567f-8996-4f259b74547e"",""d38eb7d2-e78b-5c2f-93e4-2e34846e80e6"",""33effc64-dcfe-5ced-badf-c4df49f68dc1"",""a3a03b99-34c0-504b-b529-32b798db318a"",""8b3ec7b0-123f-5597-95f7-1fafc5810d01"",""035c5442-19b8-5a84-8a59-b352a9660279"",""d6d45010-72fa-5741-b733-88958a8795d2"",""ab8215e5-b753-5a6a-a4e7-ad9caf42eeac"",""1b20061c-b208-551a-b06c-81ffeff623fc"",""9b6d0913-2ae6-5dab-ab36-d05e1c51b208"",""a27c1fb2-edc1-57e6-9d74-adb5a13fed3b"",""4696448b-8c21-591b-80cc-7344ea0b95ec"",""c1d75a33-928c-5636-b99c-def1fb29e0f5"",""61eebfb6-2555-5bce-ba71-7a750427392a"",""aba074a1-d451-595d-bc12-e257adbe7383"",""1ca34094-ee4d-5962-a78a-174d361a9cd3"",""7edb0577-da07-5c6f-8391-bb90e9822165"",""d7c5d484-54dc-5d1e-a3ac-65d60267a12c"",""f416cc8b-3bc2-5c4c-a91c-c56faf748684""]",0.147359455,0.147359455,0.1437175702666666666666666666666666666667,0.1437175702666666666666666666666666666667,0.1469161958,0.1469161958,cost,0.13687706,0.13687706,0,3,3,UF3,0.005928199997543538791479633924662460435968,0.005928199997543538791479633924662460435968,prespecified_B_E,False,explicit in unit columns; exact fractions retained,USD
M7-analysis-v5,E-BA,UF3:cell:E-BA,dbb63e68d4ed9e904fa985aa5b88d674205b6caab086a8d981ac8918a9c68fb5,"[""4afc763c-033e-501c-9c9c-453207d31e62"",""1fed9611-d0cc-51e5-86e7-4ba237c836a2"",""0e4d4039-5409-5be7-a300-ded85e9c22d7"",""1c4afc6f-6679-57b7-ab6b-cec3053e85a1"",""76216ff6-0dab-5f43-913f-741c2deb7596"",""fe7c5fea-171a-5d3e-b93c-b9d53dca7c67"",""784c942d-b222-5013-a2e4-de4aa477a143"",""2f2d84f4-6f41-5df7-a828-cc0a3d9cdddf"",""c68f6332-f200-5595-940d-e5bcad78f1fe"",""54c3aba8-cb42-5023-9591-5cdd68bdd7c5"",""b9ac296e-4c6c-5cdc-9e03-14868c124af2"",""022ddff9-4332-5ba5-b884-42537f220a0c"",""0d262496-18e1-5973-84a6-84fbda64d0ff"",""447860c8-1d56-518b-88ad-7e103990b756"",""616ecfda-7163-5a8d-ba60-01f623d8b124"",""656bacfc-b102-5379-8db2-2f9f127621e0"",""88f2e658-6155-5924-bc85-63fe2aabb08a"",""9f032fb3-90ca-5749-aff5-1065077ac10e"",""4d2e4005-a84b-525b-a492-d367c5e405d0"",""12b20e20-e117-5c00-83bc-e589b92b730e"",""e97a5398-37b9-5e89-91a9-9b3ae48d9534"",""7a8f92c5-5f85-593a-bf90-08e13c60a2e6"",""aa66f5e3-ac0e-57d6-9b69-aa54ea7c4fb9"",""d07b7490-853e-562b-b662-305e89e7718d"",""596c0800-372d-5056-8a35-9f8661656bf4"",""d08816e6-d4d6-5f35-9de3-d86528fa7a96"",""2e126757-f17e-5ee2-93db-94d31ed944b2"",""5e1af4e2-330f-563f-b639-2d3cd8d276c8"",""49cd1889-2a56-5913-8723-929335f68874"",""82b898ba-3b6d-567f-8996-4f259b74547e"",""d38eb7d2-e78b-5c2f-93e4-2e34846e80e6"",""33effc64-dcfe-5ced-badf-c4df49f68dc1"",""a3a03b99-34c0-504b-b529-32b798db318a"",""8b3ec7b0-123f-5597-95f7-1fafc5810d01"",""035c5442-19b8-5a84-8a59-b352a9660279"",""d6d45010-72fa-5741-b733-88958a8795d2"",""ab8215e5-b753-5a6a-a4e7-ad9caf42eeac"",""1b20061c-b208-551a-b06c-81ffeff623fc"",""9b6d0913-2ae6-5dab-ab36-d05e1c51b208"",""a27c1fb2-edc1-57e6-9d74-adb5a13fed3b"",""4696448b-8c21-591b-80cc-7344ea0b95ec"",""c1d75a33-928c-5636-b99c-def1fb29e0f5"",""61eebfb6-2555-5bce-ba71-7a750427392a"",""aba074a1-d451-595d-bc12-e257adbe7383"",""1ca34094-ee4d-5962-a78a-174d361a9cd3"",""7edb0577-da07-5c6f-8391-bb90e9822165"",""d7c5d484-54dc-5d1e-a3ac-65d60267a12c"",""f416cc8b-3bc2-5c4c-a91c-c56faf748684""]",1,1,0.6666666666666666666666666666666666666667,2/3,1,1,R1,0,0,0,3,3,UF3,0.5773502691896257645091487805019574556476,0.5773502691896257645091487805019574556476,prespecified_B_E,False,explicit in unit columns; exact fractions retained,binary
M7-analysis-v5,E-BA,UF3:cell:E-BA,dbb63e68d4ed9e904fa985aa5b88d674205b6caab086a8d981ac8918a9c68fb5,"[""4afc763c-033e-501c-9c9c-453207d31e62"",""1fed9611-d0cc-51e5-86e7-4ba237c836a2"",""0e4d4039-5409-5be7-a300-ded85e9c22d7"",""1c4afc6f-6679-57b7-ab6b-cec3053e85a1"",""76216ff6-0dab-5f43-913f-741c2deb7596"",""fe7c5fea-171a-5d3e-b93c-b9d53dca7c67"",""784c942d-b222-5013-a2e4-de4aa477a143"",""2f2d84f4-6f41-5df7-a828-cc0a3d9cdddf"",""c68f6332-f200-5595-940d-e5bcad78f1fe"",""54c3aba8-cb42-5023-9591-5cdd68bdd7c5"",""b9ac296e-4c6c-5cdc-9e03-14868c124af2"",""022ddff9-4332-5ba5-b884-42537f220a0c"",""0d262496-18e1-5973-84a6-84fbda64d0ff"",""447860c8-1d56-518b-88ad-7e103990b756"",""616ecfda-7163-5a8d-ba60-01f623d8b124"",""656bacfc-b102-5379-8db2-2f9f127621e0"",""88f2e658-6155-5924-bc85-63fe2aabb08a"",""9f032fb3-90ca-5749-aff5-1065077ac10e"",""4d2e4005-a84b-525b-a492-d367c5e405d0"",""12b20e20-e117-5c00-83bc-e589b92b730e"",""e97a5398-37b9-5e89-91a9-9b3ae48d9534"",""7a8f92c5-5f85-593a-bf90-08e13c60a2e6"",""aa66f5e3-ac0e-57d6-9b69-aa54ea7c4fb9"",""d07b7490-853e-562b-b662-305e89e7718d"",""596c0800-372d-5056-8a35-9f8661656bf4"",""d08816e6-d4d6-5f35-9de3-d86528fa7a96"",""2e126757-f17e-5ee2-93db-94d31ed944b2"",""5e1af4e2-330f-563f-b639-2d3cd8d276c8"",""49cd1889-2a56-5913-8723-929335f68874"",""82b898ba-3b6d-567f-8996-4f259b74547e"",""d38eb7d2-e78b-5c2f-93e4-2e34846e80e6"",""33effc64-dcfe-5ced-badf-c4df49f68dc1"",""a3a03b99-34c0-504b-b529-32b798db318a"",""8b3ec7b0-123f-5597-95f7-1fafc5810d01"",""035c5442-19b8-5a84-8a59-b352a9660279"",""d6d45010-72fa-5741-b733-88958a8795d2"",""ab8215e5-b753-5a6a-a4e7-ad9caf42eeac"",""1b20061c-b208-551a-b06c-81ffeff623fc"",""9b6d0913-2ae6-5dab-ab36-d05e1c51b208"",""a27c1fb2-edc1-57e6-9d74-adb5a13fed3b"",""4696448b-8c21-591b-80cc-7344ea0b95ec"",""c1d75a33-928c-5636-b99c-def1fb29e0f5"",""61eebfb6-2555-5bce-ba71-7a750427392a"",""aba074a1-d451-595d-bc12-e257adbe7383"",""1ca34094-ee4d-5962-a78a-174d361a9cd3"",""7edb0577-da07-5c6f-8391-bb90e9822165"",""d7c5d484-54dc-5d1e-a3ac-65d60267a12c"",""f416cc8b-3bc2-5c4c-a91c-c56faf748684""]",1,1,0.6666666666666666666666666666666666666667,2/3,1,1,R2,0,0,0,3,3,UF3,0.5773502691896257645091487805019574556476,0.5773502691896257645091487805019574556476,prespecified_B_E,False,explicit in unit columns; exact fractions retained,binary
M7-analysis-v5,E-BA,UF3:cell:E-BA,dbb63e68d4ed9e904fa985aa5b88d674205b6caab086a8d981ac8918a9c68fb5,"[""4afc763c-033e-501c-9c9c-453207d31e62"",""1fed9611-d0cc-51e5-86e7-4ba237c836a2"",""0e4d4039-5409-5be7-a300-ded85e9c22d7"",""1c4afc6f-6679-57b7-ab6b-cec3053e85a1"",""76216ff6-0dab-5f43-913f-741c2deb7596"",""fe7c5fea-171a-5d3e-b93c-b9d53dca7c67"",""784c942d-b222-5013-a2e4-de4aa477a143"",""2f2d84f4-6f41-5df7-a828-cc0a3d9cdddf"",""c68f6332-f200-5595-940d-e5bcad78f1fe"",""54c3aba8-cb42-5023-9591-5cdd68bdd7c5"",""b9ac296e-4c6c-5cdc-9e03-14868c124af2"",""022ddff9-4332-5ba5-b884-42537f220a0c"",""0d262496-18e1-5973-84a6-84fbda64d0ff"",""447860c8-1d56-518b-88ad-7e103990b756"",""616ecfda-7163-5a8d-ba60-01f623d8b124"",""656bacfc-b102-5379-8db2-2f9f127621e0"",""88f2e658-6155-5924-bc85-63fe2aabb08a"",""9f032fb3-90ca-5749-aff5-1065077ac10e"",""4d2e4005-a84b-525b-a492-d367c5e405d0"",""12b20e20-e117-5c00-83bc-e589b92b730e"",""e97a5398-37b9-5e89-91a9-9b3ae48d9534"",""7a8f92c5-5f85-593a-bf90-08e13c60a2e6"",""aa66f5e3-ac0e-57d6-9b69-aa54ea7c4fb9"",""d07b7490-853e-562b-b662-305e89e7718d"",""596c0800-372d-5056-8a35-9f8661656bf4"",""d08816e6-d4d6-5f35-9de3-d86528fa7a96"",""2e126757-f17e-5ee2-93db-94d31ed944b2"",""5e1af4e2-330f-563f-b639-2d3cd8d276c8"",""49cd1889-2a56-5913-8723-929335f68874"",""82b898ba-3b6d-567f-8996-4f259b74547e"",""d38eb7d2-e78b-5c2f-93e4-2e34846e80e6"",""33effc64-dcfe-5ced-badf-c4df49f68dc1"",""a3a03b99-34c0-504b-b529-32b798db318a"",""8b3ec7b0-123f-5597-95f7-1fafc5810d01"",""035c5442-19b8-5a84-8a59-b352a9660279"",""d6d45010-72fa-5741-b733-88958a8795d2"",""ab8215e5-b753-5a6a-a4e7-ad9caf42eeac"",""1b20061c-b208-551a-b06c-81ffeff623fc"",""9b6d0913-2ae6-5dab-ab36-d05e1c51b208"",""a27c1fb2-edc1-57e6-9d74-adb5a13fed3b"",""4696448b-8c21-591b-80cc-7344ea0b95ec"",""c1d75a33-928c-5636-b99c-def1fb29e0f5"",""61eebfb6-2555-5bce-ba71-7a750427392a"",""aba074a1-d451-595d-bc12-e257adbe7383"",""1ca34094-ee4d-5962-a78a-174d361a9cd3"",""7edb0577-da07-5c6f-8391-bb90e9822165"",""d7c5d484-54dc-5d1e-a3ac-65d60267a12c"",""f416cc8b-3bc2-5c4c-a91c-c56faf748684""]",1,1,0.6666666666666666666666666666666666666667,2/3,1,1,R5,0,0,0,3,3,UF3,0.5773502691896257645091487805019574556476,0.5773502691896257645091487805019574556476,prespecified_B_E,False,explicit in unit columns; exact fractions retained,binary
M7-analysis-v5,E-BA,UF3:cell:E-BA,dbb63e68d4ed9e904fa985aa5b88d674205b6caab086a8d981ac8918a9c68fb5,"[""4afc763c-033e-501c-9c9c-453207d31e62"",""1fed9611-d0cc-51e5-86e7-4ba237c836a2"",""0e4d4039-5409-5be7-a300-ded85e9c22d7"",""1c4afc6f-6679-57b7-ab6b-cec3053e85a1"",""76216ff6-0dab-5f43-913f-741c2deb7596"",""fe7c5fea-171a-5d3e-b93c-b9d53dca7c67"",""784c942d-b222-5013-a2e4-de4aa477a143"",""2f2d84f4-6f41-5df7-a828-cc0a3d9cdddf"",""c68f6332-f200-5595-940d-e5bcad78f1fe"",""54c3aba8-cb42-5023-9591-5cdd68bdd7c5"",""b9ac296e-4c6c-5cdc-9e03-14868c124af2"",""022ddff9-4332-5ba5-b884-42537f220a0c"",""0d262496-18e1-5973-84a6-84fbda64d0ff"",""447860c8-1d56-518b-88ad-7e103990b756"",""616ecfda-7163-5a8d-ba60-01f623d8b124"",""656bacfc-b102-5379-8db2-2f9f127621e0"",""88f2e658-6155-5924-bc85-63fe2aabb08a"",""9f032fb3-90ca-5749-aff5-1065077ac10e"",""4d2e4005-a84b-525b-a492-d367c5e405d0"",""12b20e20-e117-5c00-83bc-e589b92b730e"",""e97a5398-37b9-5e89-91a9-9b3ae48d9534"",""7a8f92c5-5f85-593a-bf90-08e13c60a2e6"",""aa66f5e3-ac0e-57d6-9b69-aa54ea7c4fb9"",""d07b7490-853e-562b-b662-305e89e7718d"",""596c0800-372d-5056-8a35-9f8661656bf4"",""d08816e6-d4d6-5f35-9de3-d86528fa7a96"",""2e126757-f17e-5ee2-93db-94d31ed944b2"",""5e1af4e2-330f-563f-b639-2d3cd8d276c8"",""49cd1889-2a56-5913-8723-929335f68874"",""82b898ba-3b6d-567f-8996-4f259b74547e"",""d38eb7d2-e78b-5c2f-93e4-2e34846e80e6"",""33effc64-dcfe-5ced-badf-c4df49f68dc1"",""a3a03b99-34c0-504b-b529-32b798db318a"",""8b3ec7b0-123f-5597-95f7-1fafc5810d01"",""035c5442-19b8-5a84-8a59-b352a9660279"",""d6d45010-72fa-5741-b733-88958a8795d2"",""ab8215e5-b753-5a6a-a4e7-ad9caf42eeac"",""1b20061c-b208-551a-b06c-81ffeff623fc"",""9b6d0913-2ae6-5dab-ab36-d05e1c51b208"",""a27c1fb2-edc1-57e6-9d74-adb5a13fed3b"",""4696448b-8c21-591b-80cc-7344ea0b95ec"",""c1d75a33-928c-5636-b99c-def1fb29e0f5"",""61eebfb6-2555-5bce-ba71-7a750427392a"",""aba074a1-d451-595d-bc12-e257adbe7383"",""1ca34094-ee4d-5962-a78a-174d361a9cd3"",""7edb0577-da07-5c6f-8391-bb90e9822165"",""d7c5d484-54dc-5d1e-a3ac-65d60267a12c"",""f416cc8b-3bc2-5c4c-a91c-c56faf748684""]",1,1,0.6666666666666666666666666666666666666667,2/3,1,1,R6,0,0,0,3,3,UF3,0.5773502691896257645091487805019574556476,0.5773502691896257645091487805019574556476,prespecified_B_E,False,explicit in unit columns; exact fractions retained,binary
M7-analysis-v5,E-BA,UF3:cell:E-BA,dbb63e68d4ed9e904fa985aa5b88d674205b6caab086a8d981ac8918a9c68fb5,"[""4afc763c-033e-501c-9c9c-453207d31e62"",""1fed9611-d0cc-51e5-86e7-4ba237c836a2"",""0e4d4039-5409-5be7-a300-ded85e9c22d7"",""1c4afc6f-6679-57b7-ab6b-cec3053e85a1"",""76216ff6-0dab-5f43-913f-741c2deb7596"",""fe7c5fea-171a-5d3e-b93c-b9d53dca7c67"",""784c942d-b222-5013-a2e4-de4aa477a143"",""2f2d84f4-6f41-5df7-a828-cc0a3d9cdddf"",""c68f6332-f200-5595-940d-e5bcad78f1fe"",""54c3aba8-cb42-5023-9591-5cdd68bdd7c5"",""b9ac296e-4c6c-5cdc-9e03-14868c124af2"",""022ddff9-4332-5ba5-b884-42537f220a0c"",""0d262496-18e1-5973-84a6-84fbda64d0ff"",""447860c8-1d56-518b-88ad-7e103990b756"",""616ecfda-7163-5a8d-ba60-01f623d8b124"",""656bacfc-b102-5379-8db2-2f9f127621e0"",""88f2e658-6155-5924-bc85-63fe2aabb08a"",""9f032fb3-90ca-5749-aff5-1065077ac10e"",""4d2e4005-a84b-525b-a492-d367c5e405d0"",""12b20e20-e117-5c00-83bc-e589b92b730e"",""e97a5398-37b9-5e89-91a9-9b3ae48d9534"",""7a8f92c5-5f85-593a-bf90-08e13c60a2e6"",""aa66f5e3-ac0e-57d6-9b69-aa54ea7c4fb9"",""d07b7490-853e-562b-b662-305e89e7718d"",""596c0800-372d-5056-8a35-9f8661656bf4"",""d08816e6-d4d6-5f35-9de3-d86528fa7a96"",""2e126757-f17e-5ee2-93db-94d31ed944b2"",""5e1af4e2-330f-563f-b639-2d3cd8d276c8"",""49cd1889-2a56-5913-8723-929335f68874"",""82b898ba-3b6d-567f-8996-4f259b74547e"",""d38eb7d2-e78b-5c2f-93e4-2e34846e80e6"",""33effc64-dcfe-5ced-badf-c4df49f68dc1"",""a3a03b99-34c0-504b-b529-32b798db318a"",""8b3ec7b0-123f-5597-95f7-1fafc5810d01"",""035c5442-19b8-5a84-8a59-b352a9660279"",""d6d45010-72fa-5741-b733-88958a8795d2"",""ab8215e5-b753-5a6a-a4e7-ad9caf42eeac"",""1b20061c-b208-551a-b06c-81ffeff623fc"",""9b6d0913-2ae6-5dab-ab36-d05e1c51b208"",""a27c1fb2-edc1-57e6-9d74-adb5a13fed3b"",""4696448b-8c21-591b-80cc-7344ea0b95ec"",""c1d75a33-928c-5636-b99c-def1fb29e0f5"",""61eebfb6-2555-5bce-ba71-7a750427392a"",""aba074a1-d451-595d-bc12-e257adbe7383"",""1ca34094-ee4d-5962-a78a-174d361a9cd3"",""7edb0577-da07-5c6f-8391-bb90e9822165"",""d7c5d484-54dc-5d1e-a3ac-65d60267a12c"",""f416cc8b-3bc2-5c4c-a91c-c56faf748684""]",1,1,0.6666666666666666666666666666666666666667,2/3,1,1,full_success,0,0,0,3,3,UF3,0.5773502691896257645091487805019574556476,0.5773502691896257645091487805019574556476,prespecified_B_E,False,explicit in unit columns; exact fractions retained,binary
M7-analysis-v5,E-BA,UF3:cell:E-BA,dbb63e68d4ed9e904fa985aa5b88d674205b6caab086a8d981ac8918a9c68fb5,"[""4afc763c-033e-501c-9c9c-453207d31e62"",""1fed9611-d0cc-51e5-86e7-4ba237c836a2"",""0e4d4039-5409-5be7-a300-ded85e9c22d7"",""1c4afc6f-6679-57b7-ab6b-cec3053e85a1"",""76216ff6-0dab-5f43-913f-741c2deb7596"",""fe7c5fea-171a-5d3e-b93c-b9d53dca7c67"",""784c942d-b222-5013-a2e4-de4aa477a143"",""2f2d84f4-6f41-5df7-a828-cc0a3d9cdddf"",""c68f6332-f200-5595-940d-e5bcad78f1fe"",""54c3aba8-cb42-5023-9591-5cdd68bdd7c5"",""b9ac296e-4c6c-5cdc-9e03-14868c124af2"",""022ddff9-4332-5ba5-b884-42537f220a0c"",""0d262496-18e1-5973-84a6-84fbda64d0ff"",""447860c8-1d56-518b-88ad-7e103990b756"",""616ecfda-7163-5a8d-ba60-01f623d8b124"",""656bacfc-b102-5379-8db2-2f9f127621e0"",""88f2e658-6155-5924-bc85-63fe2aabb08a"",""9f032fb3-90ca-5749-aff5-1065077ac10e"",""4d2e4005-a84b-525b-a492-d367c5e405d0"",""12b20e20-e117-5c00-83bc-e589b92b730e"",""e97a5398-37b9-5e89-91a9-9b3ae48d9534"",""7a8f92c5-5f85-593a-bf90-08e13c60a2e6"",""aa66f5e3-ac0e-57d6-9b69-aa54ea7c4fb9"",""d07b7490-853e-562b-b662-305e89e7718d"",""596c0800-372d-5056-8a35-9f8661656bf4"",""d08816e6-d4d6-5f35-9de3-d86528fa7a96"",""2e126757-f17e-5ee2-93db-94d31ed944b2"",""5e1af4e2-330f-563f-b639-2d3cd8d276c8"",""49cd1889-2a56-5913-8723-929335f68874"",""82b898ba-3b6d-567f-8996-4f259b74547e"",""d38eb7d2-e78b-5c2f-93e4-2e34846e80e6"",""33effc64-dcfe-5ced-badf-c4df49f68dc1"",""a3a03b99-34c0-504b-b529-32b798db318a"",""8b3ec7b0-123f-5597-95f7-1fafc5810d01"",""035c5442-19b8-5a84-8a59-b352a9660279"",""d6d45010-72fa-5741-b733-88958a8795d2"",""ab8215e5-b753-5a6a-a4e7-ad9caf42eeac"",""1b20061c-b208-551a-b06c-81ffeff623fc"",""9b6d0913-2ae6-5dab-ab36-d05e1c51b208"",""a27c1fb2-edc1-57e6-9d74-adb5a13fed3b"",""4696448b-8c21-591b-80cc-7344ea0b95ec"",""c1d75a33-928c-5636-b99c-def1fb29e0f5"",""61eebfb6-2555-5bce-ba71-7a750427392a"",""aba074a1-d451-595d-bc12-e257adbe7383"",""1ca34094-ee4d-5962-a78a-174d361a9cd3"",""7edb0577-da07-5c6f-8391-bb90e9822165"",""d7c5d484-54dc-5d1e-a3ac-65d60267a12c"",""f416cc8b-3bc2-5c4c-a91c-c56faf748684""]",1,1,0.7777777777777777777777777777777777777778,7/9,1,1,F,0.3333333333333333333333333333333333333333,1/3,0,3,3,UF3,0.3849001794597505096727658536679716370984,0.3849001794597505096727658536679716370984,prespecified_B_E,False,explicit in unit columns; exact fractions retained,ratio
M7-analysis-v5,E-BA,UF3:cell:E-BA,dbb63e68d4ed9e904fa985aa5b88d674205b6caab086a8d981ac8918a9c68fb5,"[""4afc763c-033e-501c-9c9c-453207d31e62"",""1fed9611-d0cc-51e5-86e7-4ba237c836a2"",""0e4d4039-5409-5be7-a300-ded85e9c22d7"",""1c4afc6f-6679-57b7-ab6b-cec3053e85a1"",""76216ff6-0dab-5f43-913f-741c2deb7596"",""fe7c5fea-171a-5d3e-b93c-b9d53dca7c67"",""784c942d-b222-5013-a2e4-de4aa477a143"",""2f2d84f4-6f41-5df7-a828-cc0a3d9cdddf"",""c68f6332-f200-5595-940d-e5bcad78f1fe"",""54c3aba8-cb42-5023-9591-5cdd68bdd7c5"",""b9ac296e-4c6c-5cdc-9e03-14868c124af2"",""022ddff9-4332-5ba5-b884-42537f220a0c"",""0d262496-18e1-5973-84a6-84fbda64d0ff"",""447860c8-1d56-518b-88ad-7e103990b756"",""616ecfda-7163-5a8d-ba60-01f623d8b124"",""656bacfc-b102-5379-8db2-2f9f127621e0"",""88f2e658-6155-5924-bc85-63fe2aabb08a"",""9f032fb3-90ca-5749-aff5-1065077ac10e"",""4d2e4005-a84b-525b-a492-d367c5e405d0"",""12b20e20-e117-5c00-83bc-e589b92b730e"",""e97a5398-37b9-5e89-91a9-9b3ae48d9534"",""7a8f92c5-5f85-593a-bf90-08e13c60a2e6"",""aa66f5e3-ac0e-57d6-9b69-aa54ea7c4fb9"",""d07b7490-853e-562b-b662-305e89e7718d"",""596c0800-372d-5056-8a35-9f8661656bf4"",""d08816e6-d4d6-5f35-9de3-d86528fa7a96"",""2e126757-f17e-5ee2-93db-94d31ed944b2"",""5e1af4e2-330f-563f-b639-2d3cd8d276c8"",""49cd1889-2a56-5913-8723-929335f68874"",""82b898ba-3b6d-567f-8996-4f259b74547e"",""d38eb7d2-e78b-5c2f-93e4-2e34846e80e6"",""33effc64-dcfe-5ced-badf-c4df49f68dc1"",""a3a03b99-34c0-504b-b529-32b798db318a"",""8b3ec7b0-123f-5597-95f7-1fafc5810d01"",""035c5442-19b8-5a84-8a59-b352a9660279"",""d6d45010-72fa-5741-b733-88958a8795d2"",""ab8215e5-b753-5a6a-a4e7-ad9caf42eeac"",""1b20061c-b208-551a-b06c-81ffeff623fc"",""9b6d0913-2ae6-5dab-ab36-d05e1c51b208"",""a27c1fb2-edc1-57e6-9d74-adb5a13fed3b"",""4696448b-8c21-591b-80cc-7344ea0b95ec"",""c1d75a33-928c-5636-b99c-def1fb29e0f5"",""61eebfb6-2555-5bce-ba71-7a750427392a"",""aba074a1-d451-595d-bc12-e257adbe7383"",""1ca34094-ee4d-5962-a78a-174d361a9cd3"",""7edb0577-da07-5c6f-8391-bb90e9822165"",""d7c5d484-54dc-5d1e-a3ac-65d60267a12c"",""f416cc8b-3bc2-5c4c-a91c-c56faf748684""]",1,1,0.8,4/5,1,1,raw_pass_ratio,0.4,2/5,0,3,3,UF3,0.3464101615137754587054892683011744733886,0.3464101615137754587054892683011744733886,prespecified_B_E,False,explicit in unit columns; exact fractions retained,ratio
M7-analysis-v5,E-BA,UF3:cell:E-BA,dbb63e68d4ed9e904fa985aa5b88d674205b6caab086a8d981ac8918a9c68fb5,"[""4afc763c-033e-501c-9c9c-453207d31e62"",""1fed9611-d0cc-51e5-86e7-4ba237c836a2"",""0e4d4039-5409-5be7-a300-ded85e9c22d7"",""1c4afc6f-6679-57b7-ab6b-cec3053e85a1"",""76216ff6-0dab-5f43-913f-741c2deb7596"",""fe7c5fea-171a-5d3e-b93c-b9d53dca7c67"",""784c942d-b222-5013-a2e4-de4aa477a143"",""2f2d84f4-6f41-5df7-a828-cc0a3d9cdddf"",""c68f6332-f200-5595-940d-e5bcad78f1fe"",""54c3aba8-cb42-5023-9591-5cdd68bdd7c5"",""b9ac296e-4c6c-5cdc-9e03-14868c124af2"",""022ddff9-4332-5ba5-b884-42537f220a0c"",""0d262496-18e1-5973-84a6-84fbda64d0ff"",""447860c8-1d56-518b-88ad-7e103990b756"",""616ecfda-7163-5a8d-ba60-01f623d8b124"",""656bacfc-b102-5379-8db2-2f9f127621e0"",""88f2e658-6155-5924-bc85-63fe2aabb08a"",""9f032fb3-90ca-5749-aff5-1065077ac10e"",""4d2e4005-a84b-525b-a492-d367c5e405d0"",""12b20e20-e117-5c00-83bc-e589b92b730e"",""e97a5398-37b9-5e89-91a9-9b3ae48d9534"",""7a8f92c5-5f85-593a-bf90-08e13c60a2e6"",""aa66f5e3-ac0e-57d6-9b69-aa54ea7c4fb9"",""d07b7490-853e-562b-b662-305e89e7718d"",""596c0800-372d-5056-8a35-9f8661656bf4"",""d08816e6-d4d6-5f35-9de3-d86528fa7a96"",""2e126757-f17e-5ee2-93db-94d31ed944b2"",""5e1af4e2-330f-563f-b639-2d3cd8d276c8"",""49cd1889-2a56-5913-8723-929335f68874"",""82b898ba-3b6d-567f-8996-4f259b74547e"",""d38eb7d2-e78b-5c2f-93e4-2e34846e80e6"",""33effc64-dcfe-5ced-badf-c4df49f68dc1"",""a3a03b99-34c0-504b-b529-32b798db318a"",""8b3ec7b0-123f-5597-95f7-1fafc5810d01"",""035c5442-19b8-5a84-8a59-b352a9660279"",""d6d45010-72fa-5741-b733-88958a8795d2"",""ab8215e5-b753-5a6a-a4e7-ad9caf42eeac"",""1b20061c-b208-551a-b06c-81ffeff623fc"",""9b6d0913-2ae6-5dab-ab36-d05e1c51b208"",""a27c1fb2-edc1-57e6-9d74-adb5a13fed3b"",""4696448b-8c21-591b-80cc-7344ea0b95ec"",""c1d75a33-928c-5636-b99c-def1fb29e0f5"",""61eebfb6-2555-5bce-ba71-7a750427392a"",""aba074a1-d451-595d-bc12-e257adbe7383"",""1ca34094-ee4d-5962-a78a-174d361a9cd3"",""7edb0577-da07-5c6f-8391-bb90e9822165"",""d7c5d484-54dc-5d1e-a3ac-65d60267a12c"",""f416cc8b-3bc2-5c4c-a91c-c56faf748684""]",1,1,1,1,1,1,R3,1,1,0,3,3,UF3,0,0,prespecified_B_E,False,explicit in unit columns; exact fractions retained,binary
M7-analysis-v5,E-BA,UF3:cell:E-BA,dbb63e68d4ed9e904fa985aa5b88d674205b6caab086a8d981ac8918a9c68fb5,"[""4afc763c-033e-501c-9c9c-453207d31e62"",""1fed9611-d0cc-51e5-86e7-4ba237c836a2"",""0e4d4039-5409-5be7-a300-ded85e9c22d7"",""1c4afc6f-6679-57b7-ab6b-cec3053e85a1"",""76216ff6-0dab-5f43-913f-741c2deb7596"",""fe7c5fea-171a-5d3e-b93c-b9d53dca7c67"",""784c942d-b222-5013-a2e4-de4aa477a143"",""2f2d84f4-6f41-5df7-a828-cc0a3d9cdddf"",""c68f6332-f200-5595-940d-e5bcad78f1fe"",""54c3aba8-cb42-5023-9591-5cdd68bdd7c5"",""b9ac296e-4c6c-5cdc-9e03-14868c124af2"",""022ddff9-4332-5ba5-b884-42537f220a0c"",""0d262496-18e1-5973-84a6-84fbda64d0ff"",""447860c8-1d56-518b-88ad-7e103990b756"",""616ecfda-7163-5a8d-ba60-01f623d8b124"",""656bacfc-b102-5379-8db2-2f9f127621e0"",""88f2e658-6155-5924-bc85-63fe2aabb08a"",""9f032fb3-90ca-5749-aff5-1065077ac10e"",""4d2e4005-a84b-525b-a492-d367c5e405d0"",""12b20e20-e117-5c00-83bc-e589b92b730e"",""e97a5398-37b9-5e89-91a9-9b3ae48d9534"",""7a8f92c5-5f85-593a-bf90-08e13c60a2e6"",""aa66f5e3-ac0e-57d6-9b69-aa54ea7c4fb9"",""d07b7490-853e-562b-b662-305e89e7718d"",""596c0800-372d-5056-8a35-9f8661656bf4"",""d08816e6-d4d6-5f35-9de3-d86528fa7a96"",""2e126757-f17e-5ee2-93db-94d31ed944b2"",""5e1af4e2-330f-563f-b639-2d3cd8d276c8"",""49cd1889-2a56-5913-8723-929335f68874"",""82b898ba-3b6d-567f-8996-4f259b74547e"",""d38eb7d2-e78b-5c2f-93e4-2e34846e80e6"",""33effc64-dcfe-5ced-badf-c4df49f68dc1"",""a3a03b99-34c0-504b-b529-32b798db318a"",""8b3ec7b0-123f-5597-95f7-1fafc5810d01"",""035c5442-19b8-5a84-8a59-b352a9660279"",""d6d45010-72fa-5741-b733-88958a8795d2"",""ab8215e5-b753-5a6a-a4e7-ad9caf42eeac"",""1b20061c-b208-551a-b06c-81ffeff623fc"",""9b6d0913-2ae6-5dab-ab36-d05e1c51b208"",""a27c1fb2-edc1-57e6-9d74-adb5a13fed3b"",""4696448b-8c21-591b-80cc-7344ea0b95ec"",""c1d75a33-928c-5636-b99c-def1fb29e0f5"",""61eebfb6-2555-5bce-ba71-7a750427392a"",""aba074a1-d451-595d-bc12-e257adbe7383"",""1ca34094-ee4d-5962-a78a-174d361a9cd3"",""7edb0577-da07-5c6f-8391-bb90e9822165"",""d7c5d484-54dc-5d1e-a3ac-65d60267a12c"",""f416cc8b-3bc2-5c4c-a91c-c56faf748684""]",1,1,1,1,1,1,R4,1,1,0,3,3,UF3,0,0,prespecified_B_E,False,explicit in unit columns; exact fractions retained,binary
M7-analysis-v5,E-BA,UF3:cell:E-BA,dbb63e68d4ed9e904fa985aa5b88d674205b6caab086a8d981ac8918a9c68fb5,"[""4afc763c-033e-501c-9c9c-453207d31e62"",""1fed9611-d0cc-51e5-86e7-4ba237c836a2"",""0e4d4039-5409-5be7-a300-ded85e9c22d7"",""1c4afc6f-6679-57b7-ab6b-cec3053e85a1"",""76216ff6-0dab-5f43-913f-741c2deb7596"",""fe7c5fea-171a-5d3e-b93c-b9d53dca7c67"",""784c942d-b222-5013-a2e4-de4aa477a143"",""2f2d84f4-6f41-5df7-a828-cc0a3d9cdddf"",""c68f6332-f200-5595-940d-e5bcad78f1fe"",""54c3aba8-cb42-5023-9591-5cdd68bdd7c5"",""b9ac296e-4c6c-5cdc-9e03-14868c124af2"",""022ddff9-4332-5ba5-b884-42537f220a0c"",""0d262496-18e1-5973-84a6-84fbda64d0ff"",""447860c8-1d56-518b-88ad-7e103990b756"",""616ecfda-7163-5a8d-ba60-01f623d8b124"",""656bacfc-b102-5379-8db2-2f9f127621e0"",""88f2e658-6155-5924-bc85-63fe2aabb08a"",""9f032fb3-90ca-5749-aff5-1065077ac10e"",""4d2e4005-a84b-525b-a492-d367c5e405d0"",""12b20e20-e117-5c00-83bc-e589b92b730e"",""e97a5398-37b9-5e89-91a9-9b3ae48d9534"",""7a8f92c5-5f85-593a-bf90-08e13c60a2e6"",""aa66f5e3-ac0e-57d6-9b69-aa54ea7c4fb9"",""d07b7490-853e-562b-b662-305e89e7718d"",""596c0800-372d-5056-8a35-9f8661656bf4"",""d08816e6-d4d6-5f35-9de3-d86528fa7a96"",""2e126757-f17e-5ee2-93db-94d31ed944b2"",""5e1af4e2-330f-563f-b639-2d3cd8d276c8"",""49cd1889-2a56-5913-8723-929335f68874"",""82b898ba-3b6d-567f-8996-4f259b74547e"",""d38eb7d2-e78b-5c2f-93e4-2e34846e80e6"",""33effc64-dcfe-5ced-badf-c4df49f68dc1"",""a3a03b99-34c0-504b-b529-32b798db318a"",""8b3ec7b0-123f-5597-95f7-1fafc5810d01"",""035c5442-19b8-5a84-8a59-b352a9660279"",""d6d45010-72fa-5741-b733-88958a8795d2"",""ab8215e5-b753-5a6a-a4e7-ad9caf42eeac"",""1b20061c-b208-551a-b06c-81ffeff623fc"",""9b6d0913-2ae6-5dab-ab36-d05e1c51b208"",""a27c1fb2-edc1-57e6-9d74-adb5a13fed3b"",""4696448b-8c21-591b-80cc-7344ea0b95ec"",""c1d75a33-928c-5636-b99c-def1fb29e0f5"",""61eebfb6-2555-5bce-ba71-7a750427392a"",""aba074a1-d451-595d-bc12-e257adbe7383"",""1ca34094-ee4d-5962-a78a-174d361a9cd3"",""7edb0577-da07-5c6f-8391-bb90e9822165"",""d7c5d484-54dc-5d1e-a3ac-65d60267a12c"",""f416cc8b-3bc2-5c4c-a91c-c56faf748684""]",1,1,1,1,1,1,T,1,1,0,3,3,UF3,0,0,prespecified_B_E,False,explicit in unit columns; exact fractions retained,binary
M7-analysis-v5,E-BA,UF3:cell:E-BA,dbb63e68d4ed9e904fa985aa5b88d674205b6caab086a8d981ac8918a9c68fb5,"[""4afc763c-033e-501c-9c9c-453207d31e62"",""1fed9611-d0cc-51e5-86e7-4ba237c836a2"",""0e4d4039-5409-5be7-a300-ded85e9c22d7"",""1c4afc6f-6679-57b7-ab6b-cec3053e85a1"",""76216ff6-0dab-5f43-913f-741c2deb7596"",""fe7c5fea-171a-5d3e-b93c-b9d53dca7c67"",""784c942d-b222-5013-a2e4-de4aa477a143"",""2f2d84f4-6f41-5df7-a828-cc0a3d9cdddf"",""c68f6332-f200-5595-940d-e5bcad78f1fe"",""54c3aba8-cb42-5023-9591-5cdd68bdd7c5"",""b9ac296e-4c6c-5cdc-9e03-14868c124af2"",""022ddff9-4332-5ba5-b884-42537f220a0c"",""0d262496-18e1-5973-84a6-84fbda64d0ff"",""447860c8-1d56-518b-88ad-7e103990b756"",""616ecfda-7163-5a8d-ba60-01f623d8b124"",""656bacfc-b102-5379-8db2-2f9f127621e0"",""88f2e658-6155-5924-bc85-63fe2aabb08a"",""9f032fb3-90ca-5749-aff5-1065077ac10e"",""4d2e4005-a84b-525b-a492-d367c5e405d0"",""12b20e20-e117-5c00-83bc-e589b92b730e"",""e97a5398-37b9-5e89-91a9-9b3ae48d9534"",""7a8f92c5-5f85-593a-bf90-08e13c60a2e6"",""aa66f5e3-ac0e-57d6-9b69-aa54ea7c4fb9"",""d07b7490-853e-562b-b662-305e89e7718d"",""596c0800-372d-5056-8a35-9f8661656bf4"",""d08816e6-d4d6-5f35-9de3-d86528fa7a96"",""2e126757-f17e-5ee2-93db-94d31ed944b2"",""5e1af4e2-330f-563f-b639-2d3cd8d276c8"",""49cd1889-2a56-5913-8723-929335f68874"",""82b898ba-3b6d-567f-8996-4f259b74547e"",""d38eb7d2-e78b-5c2f-93e4-2e34846e80e6"",""33effc64-dcfe-5ced-badf-c4df49f68dc1"",""a3a03b99-34c0-504b-b529-32b798db318a"",""8b3ec7b0-123f-5597-95f7-1fafc5810d01"",""035c5442-19b8-5a84-8a59-b352a9660279"",""d6d45010-72fa-5741-b733-88958a8795d2"",""ab8215e5-b753-5a6a-a4e7-ad9caf42eeac"",""1b20061c-b208-551a-b06c-81ffeff623fc"",""9b6d0913-2ae6-5dab-ab36-d05e1c51b208"",""a27c1fb2-edc1-57e6-9d74-adb5a13fed3b"",""4696448b-8c21-591b-80cc-7344ea0b95ec"",""c1d75a33-928c-5636-b99c-def1fb29e0f5"",""61eebfb6-2555-5bce-ba71-7a750427392a"",""aba074a1-d451-595d-bc12-e257adbe7383"",""1ca34094-ee4d-5962-a78a-174d361a9cd3"",""7edb0577-da07-5c6f-8391-bb90e9822165"",""d7c5d484-54dc-5d1e-a3ac-65d60267a12c"",""f416cc8b-3bc2-5c4c-a91c-c56faf748684""]",1,1,1,1,1,1,T1,1,1,0,3,3,UF3,0,0,prespecified_B_E,False,explicit in unit columns; exact fractions retained,binary
M7-analysis-v5,E-BA,UF3:cell:E-BA,dbb63e68d4ed9e904fa985aa5b88d674205b6caab086a8d981ac8918a9c68fb5,"[""4afc763c-033e-501c-9c9c-453207d31e62"",""1fed9611-d0cc-51e5-86e7-4ba237c836a2"",""0e4d4039-5409-5be7-a300-ded85e9c22d7"",""1c4afc6f-6679-57b7-ab6b-cec3053e85a1"",""76216ff6-0dab-5f43-913f-741c2deb7596"",""fe7c5fea-171a-5d3e-b93c-b9d53dca7c67"",""784c942d-b222-5013-a2e4-de4aa477a143"",""2f2d84f4-6f41-5df7-a828-cc0a3d9cdddf"",""c68f6332-f200-5595-940d-e5bcad78f1fe"",""54c3aba8-cb42-5023-9591-5cdd68bdd7c5"",""b9ac296e-4c6c-5cdc-9e03-14868c124af2"",""022ddff9-4332-5ba5-b884-42537f220a0c"",""0d262496-18e1-5973-84a6-84fbda64d0ff"",""447860c8-1d56-518b-88ad-7e103990b756"",""616ecfda-7163-5a8d-ba60-01f623d8b124"",""656bacfc-b102-5379-8db2-2f9f127621e0"",""88f2e658-6155-5924-bc85-63fe2aabb08a"",""9f032fb3-90ca-5749-aff5-1065077ac10e"",""4d2e4005-a84b-525b-a492-d367c5e405d0"",""12b20e20-e117-5c00-83bc-e589b92b730e"",""e97a5398-37b9-5e89-91a9-9b3ae48d9534"",""7a8f92c5-5f85-593a-bf90-08e13c60a2e6"",""aa66f5e3-ac0e-57d6-9b69-aa54ea7c4fb9"",""d07b7490-853e-562b-b662-305e89e7718d"",""596c0800-372d-5056-8a35-9f8661656bf4"",""d08816e6-d4d6-5f35-9de3-d86528fa7a96"",""2e126757-f17e-5ee2-93db-94d31ed944b2"",""5e1af4e2-330f-563f-b639-2d3cd8d276c8"",""49cd1889-2a56-5913-8723-929335f68874"",""82b898ba-3b6d-567f-8996-4f259b74547e"",""d38eb7d2-e78b-5c2f-93e4-2e34846e80e6"",""33effc64-dcfe-5ced-badf-c4df49f68dc1"",""a3a03b99-34c0-504b-b529-32b798db318a"",""8b3ec7b0-123f-5597-95f7-1fafc5810d01"",""035c5442-19b8-5a84-8a59-b352a9660279"",""d6d45010-72fa-5741-b733-88958a8795d2"",""ab8215e5-b753-5a6a-a4e7-ad9caf42eeac"",""1b20061c-b208-551a-b06c-81ffeff623fc"",""9b6d0913-2ae6-5dab-ab36-d05e1c51b208"",""a27c1fb2-edc1-57e6-9d74-adb5a13fed3b"",""4696448b-8c21-591b-80cc-7344ea0b95ec"",""c1d75a33-928c-5636-b99c-def1fb29e0f5"",""61eebfb6-2555-5bce-ba71-7a750427392a"",""aba074a1-d451-595d-bc12-e257adbe7383"",""1ca34094-ee4d-5962-a78a-174d361a9cd3"",""7edb0577-da07-5c6f-8391-bb90e9822165"",""d7c5d484-54dc-5d1e-a3ac-65d60267a12c"",""f416cc8b-3bc2-5c4c-a91c-c56faf748684""]",1,1,1,1,1,1,T2,1,1,0,3,3,UF3,0,0,prespecified_B_E,False,explicit in unit columns; exact fractions retained,binary
M7-analysis-v5,E-BA,UF3:cell:E-BA,dbb63e68d4ed9e904fa985aa5b88d674205b6caab086a8d981ac8918a9c68fb5,"[""4afc763c-033e-501c-9c9c-453207d31e62"",""1fed9611-d0cc-51e5-86e7-4ba237c836a2"",""0e4d4039-5409-5be7-a300-ded85e9c22d7"",""1c4afc6f-6679-57b7-ab6b-cec3053e85a1"",""76216ff6-0dab-5f43-913f-741c2deb7596"",""fe7c5fea-171a-5d3e-b93c-b9d53dca7c67"",""784c942d-b222-5013-a2e4-de4aa477a143"",""2f2d84f4-6f41-5df7-a828-cc0a3d9cdddf"",""c68f6332-f200-5595-940d-e5bcad78f1fe"",""54c3aba8-cb42-5023-9591-5cdd68bdd7c5"",""b9ac296e-4c6c-5cdc-9e03-14868c124af2"",""022ddff9-4332-5ba5-b884-42537f220a0c"",""0d262496-18e1-5973-84a6-84fbda64d0ff"",""447860c8-1d56-518b-88ad-7e103990b756"",""616ecfda-7163-5a8d-ba60-01f623d8b124"",""656bacfc-b102-5379-8db2-2f9f127621e0"",""88f2e658-6155-5924-bc85-63fe2aabb08a"",""9f032fb3-90ca-5749-aff5-1065077ac10e"",""4d2e4005-a84b-525b-a492-d367c5e405d0"",""12b20e20-e117-5c00-83bc-e589b92b730e"",""e97a5398-37b9-5e89-91a9-9b3ae48d9534"",""7a8f92c5-5f85-593a-bf90-08e13c60a2e6"",""aa66f5e3-ac0e-57d6-9b69-aa54ea7c4fb9"",""d07b7490-853e-562b-b662-305e89e7718d"",""596c0800-372d-5056-8a35-9f8661656bf4"",""d08816e6-d4d6-5f35-9de3-d86528fa7a96"",""2e126757-f17e-5ee2-93db-94d31ed944b2"",""5e1af4e2-330f-563f-b639-2d3cd8d276c8"",""49cd1889-2a56-5913-8723-929335f68874"",""82b898ba-3b6d-567f-8996-4f259b74547e"",""d38eb7d2-e78b-5c2f-93e4-2e34846e80e6"",""33effc64-dcfe-5ced-badf-c4df49f68dc1"",""a3a03b99-34c0-504b-b529-32b798db318a"",""8b3ec7b0-123f-5597-95f7-1fafc5810d01"",""035c5442-19b8-5a84-8a59-b352a9660279"",""d6d45010-72fa-5741-b733-88958a8795d2"",""ab8215e5-b753-5a6a-a4e7-ad9caf42eeac"",""1b20061c-b208-551a-b06c-81ffeff623fc"",""9b6d0913-2ae6-5dab-ab36-d05e1c51b208"",""a27c1fb2-edc1-57e6-9d74-adb5a13fed3b"",""4696448b-8c21-591b-80cc-7344ea0b95ec"",""c1d75a33-928c-5636-b99c-def1fb29e0f5"",""61eebfb6-2555-5bce-ba71-7a750427392a"",""aba074a1-d451-595d-bc12-e257adbe7383"",""1ca34094-ee4d-5962-a78a-174d361a9cd3"",""7edb0577-da07-5c6f-8391-bb90e9822165"",""d7c5d484-54dc-5d1e-a3ac-65d60267a12c"",""f416cc8b-3bc2-5c4c-a91c-c56faf748684""]",1,1,1,1,1,1,T3,1,1,0,3,3,UF3,0,0,prespecified_B_E,False,explicit in unit columns; exact fractions retained,binary
M7-analysis-v5,E-BA,UF3:cell:E-BA,dbb63e68d4ed9e904fa985aa5b88d674205b6caab086a8d981ac8918a9c68fb5,"[""4afc763c-033e-501c-9c9c-453207d31e62"",""1fed9611-d0cc-51e5-86e7-4ba237c836a2"",""0e4d4039-5409-5be7-a300-ded85e9c22d7"",""1c4afc6f-6679-57b7-ab6b-cec3053e85a1"",""76216ff6-0dab-5f43-913f-741c2deb7596"",""fe7c5fea-171a-5d3e-b93c-b9d53dca7c67"",""784c942d-b222-5013-a2e4-de4aa477a143"",""2f2d84f4-6f41-5df7-a828-cc0a3d9cdddf"",""c68f6332-f200-5595-940d-e5bcad78f1fe"",""54c3aba8-cb42-5023-9591-5cdd68bdd7c5"",""b9ac296e-4c6c-5cdc-9e03-14868c124af2"",""022ddff9-4332-5ba5-b884-42537f220a0c"",""0d262496-18e1-5973-84a6-84fbda64d0ff"",""447860c8-1d56-518b-88ad-7e103990b756"",""616ecfda-7163-5a8d-ba60-01f623d8b124"",""656bacfc-b102-5379-8db2-2f9f127621e0"",""88f2e658-6155-5924-bc85-63fe2aabb08a"",""9f032fb3-90ca-5749-aff5-1065077ac10e"",""4d2e4005-a84b-525b-a492-d367c5e405d0"",""12b20e20-e117-5c00-83bc-e589b92b730e"",""e97a5398-37b9-5e89-91a9-9b3ae48d9534"",""7a8f92c5-5f85-593a-bf90-08e13c60a2e6"",""aa66f5e3-ac0e-57d6-9b69-aa54ea7c4fb9"",""d07b7490-853e-562b-b662-305e89e7718d"",""596c0800-372d-5056-8a35-9f8661656bf4"",""d08816e6-d4d6-5f35-9de3-d86528fa7a96"",""2e126757-f17e-5ee2-93db-94d31ed944b2"",""5e1af4e2-330f-563f-b639-2d3cd8d276c8"",""49cd1889-2a56-5913-8723-929335f68874"",""82b898ba-3b6d-567f-8996-4f259b74547e"",""d38eb7d2-e78b-5c2f-93e4-2e34846e80e6"",""33effc64-dcfe-5ced-badf-c4df49f68dc1"",""a3a03b99-34c0-504b-b529-32b798db318a"",""8b3ec7b0-123f-5597-95f7-1fafc5810d01"",""035c5442-19b8-5a84-8a59-b352a9660279"",""d6d45010-72fa-5741-b733-88958a8795d2"",""ab8215e5-b753-5a6a-a4e7-ad9caf42eeac"",""1b20061c-b208-551a-b06c-81ffeff623fc"",""9b6d0913-2ae6-5dab-ab36-d05e1c51b208"",""a27c1fb2-edc1-57e6-9d74-adb5a13fed3b"",""4696448b-8c21-591b-80cc-7344ea0b95ec"",""c1d75a33-928c-5636-b99c-def1fb29e0f5"",""61eebfb6-2555-5bce-ba71-7a750427392a"",""aba074a1-d451-595d-bc12-e257adbe7383"",""1ca34094-ee4d-5962-a78a-174d361a9cd3"",""7edb0577-da07-5c6f-8391-bb90e9822165"",""d7c5d484-54dc-5d1e-a3ac-65d60267a12c"",""f416cc8b-3bc2-5c4c-a91c-c56faf748684""]",1,1,1,1,1,1,T4,1,1,0,3,3,UF3,0,0,prespecified_B_E,False,explicit in unit columns; exact fractions retained,binary
M7-analysis-v5,E-BA,UF3:cell:E-BA,dbb63e68d4ed9e904fa985aa5b88d674205b6caab086a8d981ac8918a9c68fb5,"[""4afc763c-033e-501c-9c9c-453207d31e62"",""1fed9611-d0cc-51e5-86e7-4ba237c836a2"",""0e4d4039-5409-5be7-a300-ded85e9c22d7"",""1c4afc6f-6679-57b7-ab6b-cec3053e85a1"",""76216ff6-0dab-5f43-913f-741c2deb7596"",""fe7c5fea-171a-5d3e-b93c-b9d53dca7c67"",""784c942d-b222-5013-a2e4-de4aa477a143"",""2f2d84f4-6f41-5df7-a828-cc0a3d9cdddf"",""c68f6332-f200-5595-940d-e5bcad78f1fe"",""54c3aba8-cb42-5023-9591-5cdd68bdd7c5"",""b9ac296e-4c6c-5cdc-9e03-14868c124af2"",""022ddff9-4332-5ba5-b884-42537f220a0c"",""0d262496-18e1-5973-84a6-84fbda64d0ff"",""447860c8-1d56-518b-88ad-7e103990b756"",""616ecfda-7163-5a8d-ba60-01f623d8b124"",""656bacfc-b102-5379-8db2-2f9f127621e0"",""88f2e658-6155-5924-bc85-63fe2aabb08a"",""9f032fb3-90ca-5749-aff5-1065077ac10e"",""4d2e4005-a84b-525b-a492-d367c5e405d0"",""12b20e20-e117-5c00-83bc-e589b92b730e"",""e97a5398-37b9-5e89-91a9-9b3ae48d9534"",""7a8f92c5-5f85-593a-bf90-08e13c60a2e6"",""aa66f5e3-ac0e-57d6-9b69-aa54ea7c4fb9"",""d07b7490-853e-562b-b662-305e89e7718d"",""596c0800-372d-5056-8a35-9f8661656bf4"",""d08816e6-d4d6-5f35-9de3-d86528fa7a96"",""2e126757-f17e-5ee2-93db-94d31ed944b2"",""5e1af4e2-330f-563f-b639-2d3cd8d276c8"",""49cd1889-2a56-5913-8723-929335f68874"",""82b898ba-3b6d-567f-8996-4f259b74547e"",""d38eb7d2-e78b-5c2f-93e4-2e34846e80e6"",""33effc64-dcfe-5ced-badf-c4df49f68dc1"",""a3a03b99-34c0-504b-b529-32b798db318a"",""8b3ec7b0-123f-5597-95f7-1fafc5810d01"",""035c5442-19b8-5a84-8a59-b352a9660279"",""d6d45010-72fa-5741-b733-88958a8795d2"",""ab8215e5-b753-5a6a-a4e7-ad9caf42eeac"",""1b20061c-b208-551a-b06c-81ffeff623fc"",""9b6d0913-2ae6-5dab-ab36-d05e1c51b208"",""a27c1fb2-edc1-57e6-9d74-adb5a13fed3b"",""4696448b-8c21-591b-80cc-7344ea0b95ec"",""c1d75a33-928c-5636-b99c-def1fb29e0f5"",""61eebfb6-2555-5bce-ba71-7a750427392a"",""aba074a1-d451-595d-bc12-e257adbe7383"",""1ca34094-ee4d-5962-a78a-174d361a9cd3"",""7edb0577-da07-5c6f-8391-bb90e9822165"",""d7c5d484-54dc-5d1e-a3ac-65d60267a12c"",""f416cc8b-3bc2-5c4c-a91c-c56faf748684""]",1,1,1,1,1,1,T5,1,1,0,3,3,UF3,0,0,prespecified_B_E,False,explicit in unit columns; exact fractions retained,binary
M7-analysis-v5,E-BA,UF3:cell:E-BA,dbb63e68d4ed9e904fa985aa5b88d674205b6caab086a8d981ac8918a9c68fb5,"[""4afc763c-033e-501c-9c9c-453207d31e62"",""1fed9611-d0cc-51e5-86e7-4ba237c836a2"",""0e4d4039-5409-5be7-a300-ded85e9c22d7"",""1c4afc6f-6679-57b7-ab6b-cec3053e85a1"",""76216ff6-0dab-5f43-913f-741c2deb7596"",""fe7c5fea-171a-5d3e-b93c-b9d53dca7c67"",""784c942d-b222-5013-a2e4-de4aa477a143"",""2f2d84f4-6f41-5df7-a828-cc0a3d9cdddf"",""c68f6332-f200-5595-940d-e5bcad78f1fe"",""54c3aba8-cb42-5023-9591-5cdd68bdd7c5"",""b9ac296e-4c6c-5cdc-9e03-14868c124af2"",""022ddff9-4332-5ba5-b884-42537f220a0c"",""0d262496-18e1-5973-84a6-84fbda64d0ff"",""447860c8-1d56-518b-88ad-7e103990b756"",""616ecfda-7163-5a8d-ba60-01f623d8b124"",""656bacfc-b102-5379-8db2-2f9f127621e0"",""88f2e658-6155-5924-bc85-63fe2aabb08a"",""9f032fb3-90ca-5749-aff5-1065077ac10e"",""4d2e4005-a84b-525b-a492-d367c5e405d0"",""12b20e20-e117-5c00-83bc-e589b92b730e"",""e97a5398-37b9-5e89-91a9-9b3ae48d9534"",""7a8f92c5-5f85-593a-bf90-08e13c60a2e6"",""aa66f5e3-ac0e-57d6-9b69-aa54ea7c4fb9"",""d07b7490-853e-562b-b662-305e89e7718d"",""596c0800-372d-5056-8a35-9f8661656bf4"",""d08816e6-d4d6-5f35-9de3-d86528fa7a96"",""2e126757-f17e-5ee2-93db-94d31ed944b2"",""5e1af4e2-330f-563f-b639-2d3cd8d276c8"",""49cd1889-2a56-5913-8723-929335f68874"",""82b898ba-3b6d-567f-8996-4f259b74547e"",""d38eb7d2-e78b-5c2f-93e4-2e34846e80e6"",""33effc64-dcfe-5ced-badf-c4df49f68dc1"",""a3a03b99-34c0-504b-b529-32b798db318a"",""8b3ec7b0-123f-5597-95f7-1fafc5810d01"",""035c5442-19b8-5a84-8a59-b352a9660279"",""d6d45010-72fa-5741-b733-88958a8795d2"",""ab8215e5-b753-5a6a-a4e7-ad9caf42eeac"",""1b20061c-b208-551a-b06c-81ffeff623fc"",""9b6d0913-2ae6-5dab-ab36-d05e1c51b208"",""a27c1fb2-edc1-57e6-9d74-adb5a13fed3b"",""4696448b-8c21-591b-80cc-7344ea0b95ec"",""c1d75a33-928c-5636-b99c-def1fb29e0f5"",""61eebfb6-2555-5bce-ba71-7a750427392a"",""aba074a1-d451-595d-bc12-e257adbe7383"",""1ca34094-ee4d-5962-a78a-174d361a9cd3"",""7edb0577-da07-5c6f-8391-bb90e9822165"",""d7c5d484-54dc-5d1e-a3ac-65d60267a12c"",""f416cc8b-3bc2-5c4c-a91c-c56faf748684""]",1,1,1,1,1,1,repair_count,1,1,0,3,3,UF3,0,0,prespecified_B_E,False,explicit in unit columns; exact fractions retained,count
M7-analysis-v5,E-BA,UF3:cell:E-BA,dbb63e68d4ed9e904fa985aa5b88d674205b6caab086a8d981ac8918a9c68fb5,"[""4afc763c-033e-501c-9c9c-453207d31e62"",""1fed9611-d0cc-51e5-86e7-4ba237c836a2"",""0e4d4039-5409-5be7-a300-ded85e9c22d7"",""1c4afc6f-6679-57b7-ab6b-cec3053e85a1"",""76216ff6-0dab-5f43-913f-741c2deb7596"",""fe7c5fea-171a-5d3e-b93c-b9d53dca7c67"",""784c942d-b222-5013-a2e4-de4aa477a143"",""2f2d84f4-6f41-5df7-a828-cc0a3d9cdddf"",""c68f6332-f200-5595-940d-e5bcad78f1fe"",""54c3aba8-cb42-5023-9591-5cdd68bdd7c5"",""b9ac296e-4c6c-5cdc-9e03-14868c124af2"",""022ddff9-4332-5ba5-b884-42537f220a0c"",""0d262496-18e1-5973-84a6-84fbda64d0ff"",""447860c8-1d56-518b-88ad-7e103990b756"",""616ecfda-7163-5a8d-ba60-01f623d8b124"",""656bacfc-b102-5379-8db2-2f9f127621e0"",""88f2e658-6155-5924-bc85-63fe2aabb08a"",""9f032fb3-90ca-5749-aff5-1065077ac10e"",""4d2e4005-a84b-525b-a492-d367c5e405d0"",""12b20e20-e117-5c00-83bc-e589b92b730e"",""e97a5398-37b9-5e89-91a9-9b3ae48d9534"",""7a8f92c5-5f85-593a-bf90-08e13c60a2e6"",""aa66f5e3-ac0e-57d6-9b69-aa54ea7c4fb9"",""d07b7490-853e-562b-b662-305e89e7718d"",""596c0800-372d-5056-8a35-9f8661656bf4"",""d08816e6-d4d6-5f35-9de3-d86528fa7a96"",""2e126757-f17e-5ee2-93db-94d31ed944b2"",""5e1af4e2-330f-563f-b639-2d3cd8d276c8"",""49cd1889-2a56-5913-8723-929335f68874"",""82b898ba-3b6d-567f-8996-4f259b74547e"",""d38eb7d2-e78b-5c2f-93e4-2e34846e80e6"",""33effc64-dcfe-5ced-badf-c4df49f68dc1"",""a3a03b99-34c0-504b-b529-32b798db318a"",""8b3ec7b0-123f-5597-95f7-1fafc5810d01"",""035c5442-19b8-5a84-8a59-b352a9660279"",""d6d45010-72fa-5741-b733-88958a8795d2"",""ab8215e5-b753-5a6a-a4e7-ad9caf42eeac"",""1b20061c-b208-551a-b06c-81ffeff623fc"",""9b6d0913-2ae6-5dab-ab36-d05e1c51b208"",""a27c1fb2-edc1-57e6-9d74-adb5a13fed3b"",""4696448b-8c21-591b-80cc-7344ea0b95ec"",""c1d75a33-928c-5636-b99c-def1fb29e0f5"",""61eebfb6-2555-5bce-ba71-7a750427392a"",""aba074a1-d451-595d-bc12-e257adbe7383"",""1ca34094-ee4d-5962-a78a-174d361a9cd3"",""7edb0577-da07-5c6f-8391-bb90e9822165"",""d7c5d484-54dc-5d1e-a3ac-65d60267a12c"",""f416cc8b-3bc2-5c4c-a91c-c56faf748684""]",1024,1024,341.3333333333333333333333333333333333333,1024/3,0,0,tokens.cache_read,0,0,0,3,3,UF3,591.2066756501767828573683512340044345831,591.2066756501767828573683512340044345831,prespecified_B_E,False,explicit in unit columns; exact fractions retained,tokens
M7-analysis-v5,E-BA,UF3:cell:E-BA,dbb63e68d4ed9e904fa985aa5b88d674205b6caab086a8d981ac8918a9c68fb5,"[""4afc763c-033e-501c-9c9c-453207d31e62"",""1fed9611-d0cc-51e5-86e7-4ba237c836a2"",""0e4d4039-5409-5be7-a300-ded85e9c22d7"",""1c4afc6f-6679-57b7-ab6b-cec3053e85a1"",""76216ff6-0dab-5f43-913f-741c2deb7596"",""fe7c5fea-171a-5d3e-b93c-b9d53dca7c67"",""784c942d-b222-5013-a2e4-de4aa477a143"",""2f2d84f4-6f41-5df7-a828-cc0a3d9cdddf"",""c68f6332-f200-5595-940d-e5bcad78f1fe"",""54c3aba8-cb42-5023-9591-5cdd68bdd7c5"",""b9ac296e-4c6c-5cdc-9e03-14868c124af2"",""022ddff9-4332-5ba5-b884-42537f220a0c"",""0d262496-18e1-5973-84a6-84fbda64d0ff"",""447860c8-1d56-518b-88ad-7e103990b756"",""616ecfda-7163-5a8d-ba60-01f623d8b124"",""656bacfc-b102-5379-8db2-2f9f127621e0"",""88f2e658-6155-5924-bc85-63fe2aabb08a"",""9f032fb3-90ca-5749-aff5-1065077ac10e"",""4d2e4005-a84b-525b-a492-d367c5e405d0"",""12b20e20-e117-5c00-83bc-e589b92b730e"",""e97a5398-37b9-5e89-91a9-9b3ae48d9534"",""7a8f92c5-5f85-593a-bf90-08e13c60a2e6"",""aa66f5e3-ac0e-57d6-9b69-aa54ea7c4fb9"",""d07b7490-853e-562b-b662-305e89e7718d"",""596c0800-372d-5056-8a35-9f8661656bf4"",""d08816e6-d4d6-5f35-9de3-d86528fa7a96"",""2e126757-f17e-5ee2-93db-94d31ed944b2"",""5e1af4e2-330f-563f-b639-2d3cd8d276c8"",""49cd1889-2a56-5913-8723-929335f68874"",""82b898ba-3b6d-567f-8996-4f259b74547e"",""d38eb7d2-e78b-5c2f-93e4-2e34846e80e6"",""33effc64-dcfe-5ced-badf-c4df49f68dc1"",""a3a03b99-34c0-504b-b529-32b798db318a"",""8b3ec7b0-123f-5597-95f7-1fafc5810d01"",""035c5442-19b8-5a84-8a59-b352a9660279"",""d6d45010-72fa-5741-b733-88958a8795d2"",""ab8215e5-b753-5a6a-a4e7-ad9caf42eeac"",""1b20061c-b208-551a-b06c-81ffeff623fc"",""9b6d0913-2ae6-5dab-ab36-d05e1c51b208"",""a27c1fb2-edc1-57e6-9d74-adb5a13fed3b"",""4696448b-8c21-591b-80cc-7344ea0b95ec"",""c1d75a33-928c-5636-b99c-def1fb29e0f5"",""61eebfb6-2555-5bce-ba71-7a750427392a"",""aba074a1-d451-595d-bc12-e257adbe7383"",""1ca34094-ee4d-5962-a78a-174d361a9cd3"",""7edb0577-da07-5c6f-8391-bb90e9822165"",""d7c5d484-54dc-5d1e-a3ac-65d60267a12c"",""f416cc8b-3bc2-5c4c-a91c-c56faf748684""]",2,2,1.333333333333333333333333333333333333333,4/3,2,2,D,0,0,0,3,3,UF3,1.154700538379251529018297561003914911295,1.154700538379251529018297561003914911295,prespecified_B_E,False,explicit in unit columns; exact fractions retained,diagnoses
M7-analysis-v5,E-BA,UF3:cell:E-BA,dbb63e68d4ed9e904fa985aa5b88d674205b6caab086a8d981ac8918a9c68fb5,"[""4afc763c-033e-501c-9c9c-453207d31e62"",""1fed9611-d0cc-51e5-86e7-4ba237c836a2"",""0e4d4039-5409-5be7-a300-ded85e9c22d7"",""1c4afc6f-6679-57b7-ab6b-cec3053e85a1"",""76216ff6-0dab-5f43-913f-741c2deb7596"",""fe7c5fea-171a-5d3e-b93c-b9d53dca7c67"",""784c942d-b222-5013-a2e4-de4aa477a143"",""2f2d84f4-6f41-5df7-a828-cc0a3d9cdddf"",""c68f6332-f200-5595-940d-e5bcad78f1fe"",""54c3aba8-cb42-5023-9591-5cdd68bdd7c5"",""b9ac296e-4c6c-5cdc-9e03-14868c124af2"",""022ddff9-4332-5ba5-b884-42537f220a0c"",""0d262496-18e1-5973-84a6-84fbda64d0ff"",""447860c8-1d56-518b-88ad-7e103990b756"",""616ecfda-7163-5a8d-ba60-01f623d8b124"",""656bacfc-b102-5379-8db2-2f9f127621e0"",""88f2e658-6155-5924-bc85-63fe2aabb08a"",""9f032fb3-90ca-5749-aff5-1065077ac10e"",""4d2e4005-a84b-525b-a492-d367c5e405d0"",""12b20e20-e117-5c00-83bc-e589b92b730e"",""e97a5398-37b9-5e89-91a9-9b3ae48d9534"",""7a8f92c5-5f85-593a-bf90-08e13c60a2e6"",""aa66f5e3-ac0e-57d6-9b69-aa54ea7c4fb9"",""d07b7490-853e-562b-b662-305e89e7718d"",""596c0800-372d-5056-8a35-9f8661656bf4"",""d08816e6-d4d6-5f35-9de3-d86528fa7a96"",""2e126757-f17e-5ee2-93db-94d31ed944b2"",""5e1af4e2-330f-563f-b639-2d3cd8d276c8"",""49cd1889-2a56-5913-8723-929335f68874"",""82b898ba-3b6d-567f-8996-4f259b74547e"",""d38eb7d2-e78b-5c2f-93e4-2e34846e80e6"",""33effc64-dcfe-5ced-badf-c4df49f68dc1"",""a3a03b99-34c0-504b-b529-32b798db318a"",""8b3ec7b0-123f-5597-95f7-1fafc5810d01"",""035c5442-19b8-5a84-8a59-b352a9660279"",""d6d45010-72fa-5741-b733-88958a8795d2"",""ab8215e5-b753-5a6a-a4e7-ad9caf42eeac"",""1b20061c-b208-551a-b06c-81ffeff623fc"",""9b6d0913-2ae6-5dab-ab36-d05e1c51b208"",""a27c1fb2-edc1-57e6-9d74-adb5a13fed3b"",""4696448b-8c21-591b-80cc-7344ea0b95ec"",""c1d75a33-928c-5636-b99c-def1fb29e0f5"",""61eebfb6-2555-5bce-ba71-7a750427392a"",""aba074a1-d451-595d-bc12-e257adbe7383"",""1ca34094-ee4d-5962-a78a-174d361a9cd3"",""7edb0577-da07-5c6f-8391-bb90e9822165"",""d7c5d484-54dc-5d1e-a3ac-65d60267a12c"",""f416cc8b-3bc2-5c4c-a91c-c56faf748684""]",293359,293359,288750,288750,286528,286528,tokens.cache_write,286363,286363,0,3,3,UF3,3992.363585646978621134454950173953082292,3992.363585646978621134454950173953082292,prespecified_B_E,False,explicit in unit columns; exact fractions retained,tokens
M7-analysis-v5,E-BA,UF3:cell:E-BA,dbb63e68d4ed9e904fa985aa5b88d674205b6caab086a8d981ac8918a9c68fb5,"[""4afc763c-033e-501c-9c9c-453207d31e62"",""1fed9611-d0cc-51e5-86e7-4ba237c836a2"",""0e4d4039-5409-5be7-a300-ded85e9c22d7"",""1c4afc6f-6679-57b7-ab6b-cec3053e85a1"",""76216ff6-0dab-5f43-913f-741c2deb7596"",""fe7c5fea-171a-5d3e-b93c-b9d53dca7c67"",""784c942d-b222-5013-a2e4-de4aa477a143"",""2f2d84f4-6f41-5df7-a828-cc0a3d9cdddf"",""c68f6332-f200-5595-940d-e5bcad78f1fe"",""54c3aba8-cb42-5023-9591-5cdd68bdd7c5"",""b9ac296e-4c6c-5cdc-9e03-14868c124af2"",""022ddff9-4332-5ba5-b884-42537f220a0c"",""0d262496-18e1-5973-84a6-84fbda64d0ff"",""447860c8-1d56-518b-88ad-7e103990b756"",""616ecfda-7163-5a8d-ba60-01f623d8b124"",""656bacfc-b102-5379-8db2-2f9f127621e0"",""88f2e658-6155-5924-bc85-63fe2aabb08a"",""9f032fb3-90ca-5749-aff5-1065077ac10e"",""4d2e4005-a84b-525b-a492-d367c5e405d0"",""12b20e20-e117-5c00-83bc-e589b92b730e"",""e97a5398-37b9-5e89-91a9-9b3ae48d9534"",""7a8f92c5-5f85-593a-bf90-08e13c60a2e6"",""aa66f5e3-ac0e-57d6-9b69-aa54ea7c4fb9"",""d07b7490-853e-562b-b662-305e89e7718d"",""596c0800-372d-5056-8a35-9f8661656bf4"",""d08816e6-d4d6-5f35-9de3-d86528fa7a96"",""2e126757-f17e-5ee2-93db-94d31ed944b2"",""5e1af4e2-330f-563f-b639-2d3cd8d276c8"",""49cd1889-2a56-5913-8723-929335f68874"",""82b898ba-3b6d-567f-8996-4f259b74547e"",""d38eb7d2-e78b-5c2f-93e4-2e34846e80e6"",""33effc64-dcfe-5ced-badf-c4df49f68dc1"",""a3a03b99-34c0-504b-b529-32b798db318a"",""8b3ec7b0-123f-5597-95f7-1fafc5810d01"",""035c5442-19b8-5a84-8a59-b352a9660279"",""d6d45010-72fa-5741-b733-88958a8795d2"",""ab8215e5-b753-5a6a-a4e7-ad9caf42eeac"",""1b20061c-b208-551a-b06c-81ffeff623fc"",""9b6d0913-2ae6-5dab-ab36-d05e1c51b208"",""a27c1fb2-edc1-57e6-9d74-adb5a13fed3b"",""4696448b-8c21-591b-80cc-7344ea0b95ec"",""c1d75a33-928c-5636-b99c-def1fb29e0f5"",""61eebfb6-2555-5bce-ba71-7a750427392a"",""aba074a1-d451-595d-bc12-e257adbe7383"",""1ca34094-ee4d-5962-a78a-174d361a9cd3"",""7edb0577-da07-5c6f-8391-bb90e9822165"",""d7c5d484-54dc-5d1e-a3ac-65d60267a12c"",""f416cc8b-3bc2-5c4c-a91c-c56faf748684""]",3.846153846153846153846153846153846153846,50/13,1.998897160187482768127929418251998897160,7250/3627,2.150537634408602150537634408602150537634,200/93,S,0,0,0,3,3,UF3,1.927555700138782084511478857132726914599,1.927555700138782084511478857132726914599,prespecified_B_E,False,explicit in unit columns; exact fractions retained,diagnoses_per_100_lines
M7-analysis-v5,E-BA,UF3:cell:E-BA,dbb63e68d4ed9e904fa985aa5b88d674205b6caab086a8d981ac8918a9c68fb5,"[""4afc763c-033e-501c-9c9c-453207d31e62"",""1fed9611-d0cc-51e5-86e7-4ba237c836a2"",""0e4d4039-5409-5be7-a300-ded85e9c22d7"",""1c4afc6f-6679-57b7-ab6b-cec3053e85a1"",""76216ff6-0dab-5f43-913f-741c2deb7596"",""fe7c5fea-171a-5d3e-b93c-b9d53dca7c67"",""784c942d-b222-5013-a2e4-de4aa477a143"",""2f2d84f4-6f41-5df7-a828-cc0a3d9cdddf"",""c68f6332-f200-5595-940d-e5bcad78f1fe"",""54c3aba8-cb42-5023-9591-5cdd68bdd7c5"",""b9ac296e-4c6c-5cdc-9e03-14868c124af2"",""022ddff9-4332-5ba5-b884-42537f220a0c"",""0d262496-18e1-5973-84a6-84fbda64d0ff"",""447860c8-1d56-518b-88ad-7e103990b756"",""616ecfda-7163-5a8d-ba60-01f623d8b124"",""656bacfc-b102-5379-8db2-2f9f127621e0"",""88f2e658-6155-5924-bc85-63fe2aabb08a"",""9f032fb3-90ca-5749-aff5-1065077ac10e"",""4d2e4005-a84b-525b-a492-d367c5e405d0"",""12b20e20-e117-5c00-83bc-e589b92b730e"",""e97a5398-37b9-5e89-91a9-9b3ae48d9534"",""7a8f92c5-5f85-593a-bf90-08e13c60a2e6"",""aa66f5e3-ac0e-57d6-9b69-aa54ea7c4fb9"",""d07b7490-853e-562b-b662-305e89e7718d"",""596c0800-372d-5056-8a35-9f8661656bf4"",""d08816e6-d4d6-5f35-9de3-d86528fa7a96"",""2e126757-f17e-5ee2-93db-94d31ed944b2"",""5e1af4e2-330f-563f-b639-2d3cd8d276c8"",""49cd1889-2a56-5913-8723-929335f68874"",""82b898ba-3b6d-567f-8996-4f259b74547e"",""d38eb7d2-e78b-5c2f-93e4-2e34846e80e6"",""33effc64-dcfe-5ced-badf-c4df49f68dc1"",""a3a03b99-34c0-504b-b529-32b798db318a"",""8b3ec7b0-123f-5597-95f7-1fafc5810d01"",""035c5442-19b8-5a84-8a59-b352a9660279"",""d6d45010-72fa-5741-b733-88958a8795d2"",""ab8215e5-b753-5a6a-a4e7-ad9caf42eeac"",""1b20061c-b208-551a-b06c-81ffeff623fc"",""9b6d0913-2ae6-5dab-ab36-d05e1c51b208"",""a27c1fb2-edc1-57e6-9d74-adb5a13fed3b"",""4696448b-8c21-591b-80cc-7344ea0b95ec"",""c1d75a33-928c-5636-b99c-def1fb29e0f5"",""61eebfb6-2555-5bce-ba71-7a750427392a"",""aba074a1-d451-595d-bc12-e257adbe7383"",""1ca34094-ee4d-5962-a78a-174d361a9cd3"",""7edb0577-da07-5c6f-8391-bb90e9822165"",""d7c5d484-54dc-5d1e-a3ac-65d60267a12c"",""f416cc8b-3bc2-5c4c-a91c-c56faf748684""]",6,6,6,6,6,6,call_count,6,6,0,3,3,UF3,0,0,prespecified_B_E,False,explicit in unit columns; exact fractions retained,count
M7-analysis-v5,E-BA,UF3:cell:E-BA,dbb63e68d4ed9e904fa985aa5b88d674205b6caab086a8d981ac8918a9c68fb5,"[""4afc763c-033e-501c-9c9c-453207d31e62"",""1fed9611-d0cc-51e5-86e7-4ba237c836a2"",""0e4d4039-5409-5be7-a300-ded85e9c22d7"",""1c4afc6f-6679-57b7-ab6b-cec3053e85a1"",""76216ff6-0dab-5f43-913f-741c2deb7596"",""fe7c5fea-171a-5d3e-b93c-b9d53dca7c67"",""784c942d-b222-5013-a2e4-de4aa477a143"",""2f2d84f4-6f41-5df7-a828-cc0a3d9cdddf"",""c68f6332-f200-5595-940d-e5bcad78f1fe"",""54c3aba8-cb42-5023-9591-5cdd68bdd7c5"",""b9ac296e-4c6c-5cdc-9e03-14868c124af2"",""022ddff9-4332-5ba5-b884-42537f220a0c"",""0d262496-18e1-5973-84a6-84fbda64d0ff"",""447860c8-1d56-518b-88ad-7e103990b756"",""616ecfda-7163-5a8d-ba60-01f623d8b124"",""656bacfc-b102-5379-8db2-2f9f127621e0"",""88f2e658-6155-5924-bc85-63fe2aabb08a"",""9f032fb3-90ca-5749-aff5-1065077ac10e"",""4d2e4005-a84b-525b-a492-d367c5e405d0"",""12b20e20-e117-5c00-83bc-e589b92b730e"",""e97a5398-37b9-5e89-91a9-9b3ae48d9534"",""7a8f92c5-5f85-593a-bf90-08e13c60a2e6"",""aa66f5e3-ac0e-57d6-9b69-aa54ea7c4fb9"",""d07b7490-853e-562b-b662-305e89e7718d"",""596c0800-372d-5056-8a35-9f8661656bf4"",""d08816e6-d4d6-5f35-9de3-d86528fa7a96"",""2e126757-f17e-5ee2-93db-94d31ed944b2"",""5e1af4e2-330f-563f-b639-2d3cd8d276c8"",""49cd1889-2a56-5913-8723-929335f68874"",""82b898ba-3b6d-567f-8996-4f259b74547e"",""d38eb7d2-e78b-5c2f-93e4-2e34846e80e6"",""33effc64-dcfe-5ced-badf-c4df49f68dc1"",""a3a03b99-34c0-504b-b529-32b798db318a"",""8b3ec7b0-123f-5597-95f7-1fafc5810d01"",""035c5442-19b8-5a84-8a59-b352a9660279"",""d6d45010-72fa-5741-b733-88958a8795d2"",""ab8215e5-b753-5a6a-a4e7-ad9caf42eeac"",""1b20061c-b208-551a-b06c-81ffeff623fc"",""9b6d0913-2ae6-5dab-ab36-d05e1c51b208"",""a27c1fb2-edc1-57e6-9d74-adb5a13fed3b"",""4696448b-8c21-591b-80cc-7344ea0b95ec"",""c1d75a33-928c-5636-b99c-def1fb29e0f5"",""61eebfb6-2555-5bce-ba71-7a750427392a"",""aba074a1-d451-595d-bc12-e257adbe7383"",""1ca34094-ee4d-5962-a78a-174d361a9cd3"",""7edb0577-da07-5c6f-8391-bb90e9822165"",""d7c5d484-54dc-5d1e-a3ac-65d60267a12c"",""f416cc8b-3bc2-5c4c-a91c-c56faf748684""]",6,6,6,6,6,6,transport_count,6,6,0,3,3,UF3,0,0,prespecified_B_E,False,explicit in unit columns; exact fractions retained,count
M7-analysis-v5,E-BA,UF3:cell:E-BA,dbb63e68d4ed9e904fa985aa5b88d674205b6caab086a8d981ac8918a9c68fb5,"[""4afc763c-033e-501c-9c9c-453207d31e62"",""1fed9611-d0cc-51e5-86e7-4ba237c836a2"",""0e4d4039-5409-5be7-a300-ded85e9c22d7"",""1c4afc6f-6679-57b7-ab6b-cec3053e85a1"",""76216ff6-0dab-5f43-913f-741c2deb7596"",""fe7c5fea-171a-5d3e-b93c-b9d53dca7c67"",""784c942d-b222-5013-a2e4-de4aa477a143"",""2f2d84f4-6f41-5df7-a828-cc0a3d9cdddf"",""c68f6332-f200-5595-940d-e5bcad78f1fe"",""54c3aba8-cb42-5023-9591-5cdd68bdd7c5"",""b9ac296e-4c6c-5cdc-9e03-14868c124af2"",""022ddff9-4332-5ba5-b884-42537f220a0c"",""0d262496-18e1-5973-84a6-84fbda64d0ff"",""447860c8-1d56-518b-88ad-7e103990b756"",""616ecfda-7163-5a8d-ba60-01f623d8b124"",""656bacfc-b102-5379-8db2-2f9f127621e0"",""88f2e658-6155-5924-bc85-63fe2aabb08a"",""9f032fb3-90ca-5749-aff5-1065077ac10e"",""4d2e4005-a84b-525b-a492-d367c5e405d0"",""12b20e20-e117-5c00-83bc-e589b92b730e"",""e97a5398-37b9-5e89-91a9-9b3ae48d9534"",""7a8f92c5-5f85-593a-bf90-08e13c60a2e6"",""aa66f5e3-ac0e-57d6-9b69-aa54ea7c4fb9"",""d07b7490-853e-562b-b662-305e89e7718d"",""596c0800-372d-5056-8a35-9f8661656bf4"",""d08816e6-d4d6-5f35-9de3-d86528fa7a96"",""2e126757-f17e-5ee2-93db-94d31ed944b2"",""5e1af4e2-330f-563f-b639-2d3cd8d276c8"",""49cd1889-2a56-5913-8723-929335f68874"",""82b898ba-3b6d-567f-8996-4f259b74547e"",""d38eb7d2-e78b-5c2f-93e4-2e34846e80e6"",""33effc64-dcfe-5ced-badf-c4df49f68dc1"",""a3a03b99-34c0-504b-b529-32b798db318a"",""8b3ec7b0-123f-5597-95f7-1fafc5810d01"",""035c5442-19b8-5a84-8a59-b352a9660279"",""d6d45010-72fa-5741-b733-88958a8795d2"",""ab8215e5-b753-5a6a-a4e7-ad9caf42eeac"",""1b20061c-b208-551a-b06c-81ffeff623fc"",""9b6d0913-2ae6-5dab-ab36-d05e1c51b208"",""a27c1fb2-edc1-57e6-9d74-adb5a13fed3b"",""4696448b-8c21-591b-80cc-7344ea0b95ec"",""c1d75a33-928c-5636-b99c-def1fb29e0f5"",""61eebfb6-2555-5bce-ba71-7a750427392a"",""aba074a1-d451-595d-bc12-e257adbe7383"",""1ca34094-ee4d-5962-a78a-174d361a9cd3"",""7edb0577-da07-5c6f-8391-bb90e9822165"",""d7c5d484-54dc-5d1e-a3ac-65d60267a12c"",""f416cc8b-3bc2-5c4c-a91c-c56faf748684""]",62885,62885,53083.66666666666666666666666666666666667,159251/3,58563,58563,tokens.reasoning,37803,37803,0,3,3,UF3,13408.72855021434660310456463327654088338,13408.72855021434660310456463327654088338,prespecified_B_E,False,explicit in unit columns; exact fractions retained,tokens
M7-analysis-v5,E-BA,UF3:cell:E-BA,dbb63e68d4ed9e904fa985aa5b88d674205b6caab086a8d981ac8918a9c68fb5,"[""4afc763c-033e-501c-9c9c-453207d31e62"",""1fed9611-d0cc-51e5-86e7-4ba237c836a2"",""0e4d4039-5409-5be7-a300-ded85e9c22d7"",""1c4afc6f-6679-57b7-ab6b-cec3053e85a1"",""76216ff6-0dab-5f43-913f-741c2deb7596"",""fe7c5fea-171a-5d3e-b93c-b9d53dca7c67"",""784c942d-b222-5013-a2e4-de4aa477a143"",""2f2d84f4-6f41-5df7-a828-cc0a3d9cdddf"",""c68f6332-f200-5595-940d-e5bcad78f1fe"",""54c3aba8-cb42-5023-9591-5cdd68bdd7c5"",""b9ac296e-4c6c-5cdc-9e03-14868c124af2"",""022ddff9-4332-5ba5-b884-42537f220a0c"",""0d262496-18e1-5973-84a6-84fbda64d0ff"",""447860c8-1d56-518b-88ad-7e103990b756"",""616ecfda-7163-5a8d-ba60-01f623d8b124"",""656bacfc-b102-5379-8db2-2f9f127621e0"",""88f2e658-6155-5924-bc85-63fe2aabb08a"",""9f032fb3-90ca-5749-aff5-1065077ac10e"",""4d2e4005-a84b-525b-a492-d367c5e405d0"",""12b20e20-e117-5c00-83bc-e589b92b730e"",""e97a5398-37b9-5e89-91a9-9b3ae48d9534"",""7a8f92c5-5f85-593a-bf90-08e13c60a2e6"",""aa66f5e3-ac0e-57d6-9b69-aa54ea7c4fb9"",""d07b7490-853e-562b-b662-305e89e7718d"",""596c0800-372d-5056-8a35-9f8661656bf4"",""d08816e6-d4d6-5f35-9de3-d86528fa7a96"",""2e126757-f17e-5ee2-93db-94d31ed944b2"",""5e1af4e2-330f-563f-b639-2d3cd8d276c8"",""49cd1889-2a56-5913-8723-929335f68874"",""82b898ba-3b6d-567f-8996-4f259b74547e"",""d38eb7d2-e78b-5c2f-93e4-2e34846e80e6"",""33effc64-dcfe-5ced-badf-c4df49f68dc1"",""a3a03b99-34c0-504b-b529-32b798db318a"",""8b3ec7b0-123f-5597-95f7-1fafc5810d01"",""035c5442-19b8-5a84-8a59-b352a9660279"",""d6d45010-72fa-5741-b733-88958a8795d2"",""ab8215e5-b753-5a6a-a4e7-ad9caf42eeac"",""1b20061c-b208-551a-b06c-81ffeff623fc"",""9b6d0913-2ae6-5dab-ab36-d05e1c51b208"",""a27c1fb2-edc1-57e6-9d74-adb5a13fed3b"",""4696448b-8c21-591b-80cc-7344ea0b95ec"",""c1d75a33-928c-5636-b99c-def1fb29e0f5"",""61eebfb6-2555-5bce-ba71-7a750427392a"",""aba074a1-d451-595d-bc12-e257adbe7383"",""1ca34094-ee4d-5962-a78a-174d361a9cd3"",""7edb0577-da07-5c6f-8391-bb90e9822165"",""d7c5d484-54dc-5d1e-a3ac-65d60267a12c"",""f416cc8b-3bc2-5c4c-a91c-c56faf748684""]",68364,68364,58606,58606,64260,64260,tokens.output,43194,43194,0,3,3,UF3,13503.99985189573378499431016420039232313,13503.99985189573378499431016420039232313,prespecified_B_E,False,explicit in unit columns; exact fractions retained,tokens
M7-analysis-v5,E-BA,UF3:cell:E-BA,dbb63e68d4ed9e904fa985aa5b88d674205b6caab086a8d981ac8918a9c68fb5,"[""4afc763c-033e-501c-9c9c-453207d31e62"",""1fed9611-d0cc-51e5-86e7-4ba237c836a2"",""0e4d4039-5409-5be7-a300-ded85e9c22d7"",""1c4afc6f-6679-57b7-ab6b-cec3053e85a1"",""76216ff6-0dab-5f43-913f-741c2deb7596"",""fe7c5fea-171a-5d3e-b93c-b9d53dca7c67"",""784c942d-b222-5013-a2e4-de4aa477a143"",""2f2d84f4-6f41-5df7-a828-cc0a3d9cdddf"",""c68f6332-f200-5595-940d-e5bcad78f1fe"",""54c3aba8-cb42-5023-9591-5cdd68bdd7c5"",""b9ac296e-4c6c-5cdc-9e03-14868c124af2"",""022ddff9-4332-5ba5-b884-42537f220a0c"",""0d262496-18e1-5973-84a6-84fbda64d0ff"",""447860c8-1d56-518b-88ad-7e103990b756"",""616ecfda-7163-5a8d-ba60-01f623d8b124"",""656bacfc-b102-5379-8db2-2f9f127621e0"",""88f2e658-6155-5924-bc85-63fe2aabb08a"",""9f032fb3-90ca-5749-aff5-1065077ac10e"",""4d2e4005-a84b-525b-a492-d367c5e405d0"",""12b20e20-e117-5c00-83bc-e589b92b730e"",""e97a5398-37b9-5e89-91a9-9b3ae48d9534"",""7a8f92c5-5f85-593a-bf90-08e13c60a2e6"",""aa66f5e3-ac0e-57d6-9b69-aa54ea7c4fb9"",""d07b7490-853e-562b-b662-305e89e7718d"",""596c0800-372d-5056-8a35-9f8661656bf4"",""d08816e6-d4d6-5f35-9de3-d86528fa7a96"",""2e126757-f17e-5ee2-93db-94d31ed944b2"",""5e1af4e2-330f-563f-b639-2d3cd8d276c8"",""49cd1889-2a56-5913-8723-929335f68874"",""82b898ba-3b6d-567f-8996-4f259b74547e"",""d38eb7d2-e78b-5c2f-93e4-2e34846e80e6"",""33effc64-dcfe-5ced-badf-c4df49f68dc1"",""a3a03b99-34c0-504b-b529-32b798db318a"",""8b3ec7b0-123f-5597-95f7-1fafc5810d01"",""035c5442-19b8-5a84-8a59-b352a9660279"",""d6d45010-72fa-5741-b733-88958a8795d2"",""ab8215e5-b753-5a6a-a4e7-ad9caf42eeac"",""1b20061c-b208-551a-b06c-81ffeff623fc"",""9b6d0913-2ae6-5dab-ab36-d05e1c51b208"",""a27c1fb2-edc1-57e6-9d74-adb5a13fed3b"",""4696448b-8c21-591b-80cc-7344ea0b95ec"",""c1d75a33-928c-5636-b99c-def1fb29e0f5"",""61eebfb6-2555-5bce-ba71-7a750427392a"",""aba074a1-d451-595d-bc12-e257adbe7383"",""1ca34094-ee4d-5962-a78a-174d361a9cd3"",""7edb0577-da07-5c6f-8391-bb90e9822165"",""d7c5d484-54dc-5d1e-a3ac-65d60267a12c"",""f416cc8b-3bc2-5c4c-a91c-c56faf748684""]",859.28805706,42964402853/50000000,847.4567956375,67796543651/80000000,847.4567956375,67796543651/80000000,pipeline_seconds,835.625534215,167125106843/200000000,1,2,3,UF3,16.73193036368109700281317465559544267735,16.73193036368109700281317465559544267735,prespecified_B_E,False,explicit in unit columns; exact fractions retained,s
M7-analysis-v5,E-BA,UF3:cell:E-BA,dbb63e68d4ed9e904fa985aa5b88d674205b6caab086a8d981ac8918a9c68fb5,"[""4afc763c-033e-501c-9c9c-453207d31e62"",""1fed9611-d0cc-51e5-86e7-4ba237c836a2"",""0e4d4039-5409-5be7-a300-ded85e9c22d7"",""1c4afc6f-6679-57b7-ab6b-cec3053e85a1"",""76216ff6-0dab-5f43-913f-741c2deb7596"",""fe7c5fea-171a-5d3e-b93c-b9d53dca7c67"",""784c942d-b222-5013-a2e4-de4aa477a143"",""2f2d84f4-6f41-5df7-a828-cc0a3d9cdddf"",""c68f6332-f200-5595-940d-e5bcad78f1fe"",""54c3aba8-cb42-5023-9591-5cdd68bdd7c5"",""b9ac296e-4c6c-5cdc-9e03-14868c124af2"",""022ddff9-4332-5ba5-b884-42537f220a0c"",""0d262496-18e1-5973-84a6-84fbda64d0ff"",""447860c8-1d56-518b-88ad-7e103990b756"",""616ecfda-7163-5a8d-ba60-01f623d8b124"",""656bacfc-b102-5379-8db2-2f9f127621e0"",""88f2e658-6155-5924-bc85-63fe2aabb08a"",""9f032fb3-90ca-5749-aff5-1065077ac10e"",""4d2e4005-a84b-525b-a492-d367c5e405d0"",""12b20e20-e117-5c00-83bc-e589b92b730e"",""e97a5398-37b9-5e89-91a9-9b3ae48d9534"",""7a8f92c5-5f85-593a-bf90-08e13c60a2e6"",""aa66f5e3-ac0e-57d6-9b69-aa54ea7c4fb9"",""d07b7490-853e-562b-b662-305e89e7718d"",""596c0800-372d-5056-8a35-9f8661656bf4"",""d08816e6-d4d6-5f35-9de3-d86528fa7a96"",""2e126757-f17e-5ee2-93db-94d31ed944b2"",""5e1af4e2-330f-563f-b639-2d3cd8d276c8"",""49cd1889-2a56-5913-8723-929335f68874"",""82b898ba-3b6d-567f-8996-4f259b74547e"",""d38eb7d2-e78b-5c2f-93e4-2e34846e80e6"",""33effc64-dcfe-5ced-badf-c4df49f68dc1"",""a3a03b99-34c0-504b-b529-32b798db318a"",""8b3ec7b0-123f-5597-95f7-1fafc5810d01"",""035c5442-19b8-5a84-8a59-b352a9660279"",""d6d45010-72fa-5741-b733-88958a8795d2"",""ab8215e5-b753-5a6a-a4e7-ad9caf42eeac"",""1b20061c-b208-551a-b06c-81ffeff623fc"",""9b6d0913-2ae6-5dab-ab36-d05e1c51b208"",""a27c1fb2-edc1-57e6-9d74-adb5a13fed3b"",""4696448b-8c21-591b-80cc-7344ea0b95ec"",""c1d75a33-928c-5636-b99c-def1fb29e0f5"",""61eebfb6-2555-5bce-ba71-7a750427392a"",""aba074a1-d451-595d-bc12-e257adbe7383"",""1ca34094-ee4d-5962-a78a-174d361a9cd3"",""7edb0577-da07-5c6f-8391-bb90e9822165"",""d7c5d484-54dc-5d1e-a3ac-65d60267a12c"",""f416cc8b-3bc2-5c4c-a91c-c56faf748684""]",859.28805706,42964402853/50000000,847.4567956375,67796543651/80000000,847.4567956375,67796543651/80000000,total_seconds,835.625534215,167125106843/200000000,1,2,3,UF3,16.73193036368109700281317465559544267735,16.73193036368109700281317465559544267735,prespecified_B_E,False,explicit in unit columns; exact fractions retained,s
M7-analysis-v5,E-BA,UF3:cell:E-BA,dbb63e68d4ed9e904fa985aa5b88d674205b6caab086a8d981ac8918a9c68fb5,"[""4afc763c-033e-501c-9c9c-453207d31e62"",""1fed9611-d0cc-51e5-86e7-4ba237c836a2"",""0e4d4039-5409-5be7-a300-ded85e9c22d7"",""1c4afc6f-6679-57b7-ab6b-cec3053e85a1"",""76216ff6-0dab-5f43-913f-741c2deb7596"",""fe7c5fea-171a-5d3e-b93c-b9d53dca7c67"",""784c942d-b222-5013-a2e4-de4aa477a143"",""2f2d84f4-6f41-5df7-a828-cc0a3d9cdddf"",""c68f6332-f200-5595-940d-e5bcad78f1fe"",""54c3aba8-cb42-5023-9591-5cdd68bdd7c5"",""b9ac296e-4c6c-5cdc-9e03-14868c124af2"",""022ddff9-4332-5ba5-b884-42537f220a0c"",""0d262496-18e1-5973-84a6-84fbda64d0ff"",""447860c8-1d56-518b-88ad-7e103990b756"",""616ecfda-7163-5a8d-ba60-01f623d8b124"",""656bacfc-b102-5379-8db2-2f9f127621e0"",""88f2e658-6155-5924-bc85-63fe2aabb08a"",""9f032fb3-90ca-5749-aff5-1065077ac10e"",""4d2e4005-a84b-525b-a492-d367c5e405d0"",""12b20e20-e117-5c00-83bc-e589b92b730e"",""e97a5398-37b9-5e89-91a9-9b3ae48d9534"",""7a8f92c5-5f85-593a-bf90-08e13c60a2e6"",""aa66f5e3-ac0e-57d6-9b69-aa54ea7c4fb9"",""d07b7490-853e-562b-b662-305e89e7718d"",""596c0800-372d-5056-8a35-9f8661656bf4"",""d08816e6-d4d6-5f35-9de3-d86528fa7a96"",""2e126757-f17e-5ee2-93db-94d31ed944b2"",""5e1af4e2-330f-563f-b639-2d3cd8d276c8"",""49cd1889-2a56-5913-8723-929335f68874"",""82b898ba-3b6d-567f-8996-4f259b74547e"",""d38eb7d2-e78b-5c2f-93e4-2e34846e80e6"",""33effc64-dcfe-5ced-badf-c4df49f68dc1"",""a3a03b99-34c0-504b-b529-32b798db318a"",""8b3ec7b0-123f-5597-95f7-1fafc5810d01"",""035c5442-19b8-5a84-8a59-b352a9660279"",""d6d45010-72fa-5741-b733-88958a8795d2"",""ab8215e5-b753-5a6a-a4e7-ad9caf42eeac"",""1b20061c-b208-551a-b06c-81ffeff623fc"",""9b6d0913-2ae6-5dab-ab36-d05e1c51b208"",""a27c1fb2-edc1-57e6-9d74-adb5a13fed3b"",""4696448b-8c21-591b-80cc-7344ea0b95ec"",""c1d75a33-928c-5636-b99c-def1fb29e0f5"",""61eebfb6-2555-5bce-ba71-7a750427392a"",""aba074a1-d451-595d-bc12-e257adbe7383"",""1ca34094-ee4d-5962-a78a-174d361a9cd3"",""7edb0577-da07-5c6f-8391-bb90e9822165"",""d7c5d484-54dc-5d1e-a3ac-65d60267a12c"",""f416cc8b-3bc2-5c4c-a91c-c56faf748684""]",886812,886812,877382,877382,873045,873045,tokens.input,872289,872289,0,3,3,UF3,8175.362927723759469527228013070793028609,8175.362927723759469527228013070793028609,prespecified_B_E,False,explicit in unit columns; exact fractions retained,tokens
M7-analysis-v5,E-BA,UF3:cell:E-BA,dbb63e68d4ed9e904fa985aa5b88d674205b6caab086a8d981ac8918a9c68fb5,"[""4afc763c-033e-501c-9c9c-453207d31e62"",""1fed9611-d0cc-51e5-86e7-4ba237c836a2"",""0e4d4039-5409-5be7-a300-ded85e9c22d7"",""1c4afc6f-6679-57b7-ab6b-cec3053e85a1"",""76216ff6-0dab-5f43-913f-741c2deb7596"",""fe7c5fea-171a-5d3e-b93c-b9d53dca7c67"",""784c942d-b222-5013-a2e4-de4aa477a143"",""2f2d84f4-6f41-5df7-a828-cc0a3d9cdddf"",""c68f6332-f200-5595-940d-e5bcad78f1fe"",""54c3aba8-cb42-5023-9591-5cdd68bdd7c5"",""b9ac296e-4c6c-5cdc-9e03-14868c124af2"",""022ddff9-4332-5ba5-b884-42537f220a0c"",""0d262496-18e1-5973-84a6-84fbda64d0ff"",""447860c8-1d56-518b-88ad-7e103990b756"",""616ecfda-7163-5a8d-ba60-01f623d8b124"",""656bacfc-b102-5379-8db2-2f9f127621e0"",""88f2e658-6155-5924-bc85-63fe2aabb08a"",""9f032fb3-90ca-5749-aff5-1065077ac10e"",""4d2e4005-a84b-525b-a492-d367c5e405d0"",""12b20e20-e117-5c00-83bc-e589b92b730e"",""e97a5398-37b9-5e89-91a9-9b3ae48d9534"",""7a8f92c5-5f85-593a-bf90-08e13c60a2e6"",""aa66f5e3-ac0e-57d6-9b69-aa54ea7c4fb9"",""d07b7490-853e-562b-b662-305e89e7718d"",""596c0800-372d-5056-8a35-9f8661656bf4"",""d08816e6-d4d6-5f35-9de3-d86528fa7a96"",""2e126757-f17e-5ee2-93db-94d31ed944b2"",""5e1af4e2-330f-563f-b639-2d3cd8d276c8"",""49cd1889-2a56-5913-8723-929335f68874"",""82b898ba-3b6d-567f-8996-4f259b74547e"",""d38eb7d2-e78b-5c2f-93e4-2e34846e80e6"",""33effc64-dcfe-5ced-badf-c4df49f68dc1"",""a3a03b99-34c0-504b-b529-32b798db318a"",""8b3ec7b0-123f-5597-95f7-1fafc5810d01"",""035c5442-19b8-5a84-8a59-b352a9660279"",""d6d45010-72fa-5741-b733-88958a8795d2"",""ab8215e5-b753-5a6a-a4e7-ad9caf42eeac"",""1b20061c-b208-551a-b06c-81ffeff623fc"",""9b6d0913-2ae6-5dab-ab36-d05e1c51b208"",""a27c1fb2-edc1-57e6-9d74-adb5a13fed3b"",""4696448b-8c21-591b-80cc-7344ea0b95ec"",""c1d75a33-928c-5636-b99c-def1fb29e0f5"",""61eebfb6-2555-5bce-ba71-7a750427392a"",""aba074a1-d451-595d-bc12-e257adbe7383"",""1ca34094-ee4d-5962-a78a-174d361a9cd3"",""7edb0577-da07-5c6f-8391-bb90e9822165"",""d7c5d484-54dc-5d1e-a3ac-65d60267a12c"",""f416cc8b-3bc2-5c4c-a91c-c56faf748684""]",93,93,65.33333333333333333333333333333333333333,196/3,52,52,L,51,51,0,3,3,UF3,23.96525262402492041240025428547260396669,23.96525262402492041240025428547260396669,prespecified_B_E,False,explicit in unit columns; exact fractions retained,lines
M7-analysis-v5,E-BA,UF3:cell:E-BA,dbb63e68d4ed9e904fa985aa5b88d674205b6caab086a8d981ac8918a9c68fb5,"[""4afc763c-033e-501c-9c9c-453207d31e62"",""1fed9611-d0cc-51e5-86e7-4ba237c836a2"",""0e4d4039-5409-5be7-a300-ded85e9c22d7"",""1c4afc6f-6679-57b7-ab6b-cec3053e85a1"",""76216ff6-0dab-5f43-913f-741c2deb7596"",""fe7c5fea-171a-5d3e-b93c-b9d53dca7c67"",""784c942d-b222-5013-a2e4-de4aa477a143"",""2f2d84f4-6f41-5df7-a828-cc0a3d9cdddf"",""c68f6332-f200-5595-940d-e5bcad78f1fe"",""54c3aba8-cb42-5023-9591-5cdd68bdd7c5"",""b9ac296e-4c6c-5cdc-9e03-14868c124af2"",""022ddff9-4332-5ba5-b884-42537f220a0c"",""0d262496-18e1-5973-84a6-84fbda64d0ff"",""447860c8-1d56-518b-88ad-7e103990b756"",""616ecfda-7163-5a8d-ba60-01f623d8b124"",""656bacfc-b102-5379-8db2-2f9f127621e0"",""88f2e658-6155-5924-bc85-63fe2aabb08a"",""9f032fb3-90ca-5749-aff5-1065077ac10e"",""4d2e4005-a84b-525b-a492-d367c5e405d0"",""12b20e20-e117-5c00-83bc-e589b92b730e"",""e97a5398-37b9-5e89-91a9-9b3ae48d9534"",""7a8f92c5-5f85-593a-bf90-08e13c60a2e6"",""aa66f5e3-ac0e-57d6-9b69-aa54ea7c4fb9"",""d07b7490-853e-562b-b662-305e89e7718d"",""596c0800-372d-5056-8a35-9f8661656bf4"",""d08816e6-d4d6-5f35-9de3-d86528fa7a96"",""2e126757-f17e-5ee2-93db-94d31ed944b2"",""5e1af4e2-330f-563f-b639-2d3cd8d276c8"",""49cd1889-2a56-5913-8723-929335f68874"",""82b898ba-3b6d-567f-8996-4f259b74547e"",""d38eb7d2-e78b-5c2f-93e4-2e34846e80e6"",""33effc64-dcfe-5ced-badf-c4df49f68dc1"",""a3a03b99-34c0-504b-b529-32b798db318a"",""8b3ec7b0-123f-5597-95f7-1fafc5810d01"",""035c5442-19b8-5a84-8a59-b352a9660279"",""d6d45010-72fa-5741-b733-88958a8795d2"",""ab8215e5-b753-5a6a-a4e7-ad9caf42eeac"",""1b20061c-b208-551a-b06c-81ffeff623fc"",""9b6d0913-2ae6-5dab-ab36-d05e1c51b208"",""a27c1fb2-edc1-57e6-9d74-adb5a13fed3b"",""4696448b-8c21-591b-80cc-7344ea0b95ec"",""c1d75a33-928c-5636-b99c-def1fb29e0f5"",""61eebfb6-2555-5bce-ba71-7a750427392a"",""aba074a1-d451-595d-bc12-e257adbe7383"",""1ca34094-ee4d-5962-a78a-174d361a9cd3"",""7edb0577-da07-5c6f-8391-bb90e9822165"",""d7c5d484-54dc-5d1e-a3ac-65d60267a12c"",""f416cc8b-3bc2-5c4c-a91c-c56faf748684""]",951072,951072,935988,935988,940653,940653,tokens.total,916239,916239,0,3,3,UF3,17878.93008543855791986021592384698562423,17878.93008543855791986021592384698562423,prespecified_B_E,False,explicit in unit columns; exact fractions retained,tokens
M7-analysis-v5,E-BA,UF3:cell:E-BA,dbb63e68d4ed9e904fa985aa5b88d674205b6caab086a8d981ac8918a9c68fb5,"[""4afc763c-033e-501c-9c9c-453207d31e62"",""1fed9611-d0cc-51e5-86e7-4ba237c836a2"",""0e4d4039-5409-5be7-a300-ded85e9c22d7"",""1c4afc6f-6679-57b7-ab6b-cec3053e85a1"",""76216ff6-0dab-5f43-913f-741c2deb7596"",""fe7c5fea-171a-5d3e-b93c-b9d53dca7c67"",""784c942d-b222-5013-a2e4-de4aa477a143"",""2f2d84f4-6f41-5df7-a828-cc0a3d9cdddf"",""c68f6332-f200-5595-940d-e5bcad78f1fe"",""54c3aba8-cb42-5023-9591-5cdd68bdd7c5"",""b9ac296e-4c6c-5cdc-9e03-14868c124af2"",""022ddff9-4332-5ba5-b884-42537f220a0c"",""0d262496-18e1-5973-84a6-84fbda64d0ff"",""447860c8-1d56-518b-88ad-7e103990b756"",""616ecfda-7163-5a8d-ba60-01f623d8b124"",""656bacfc-b102-5379-8db2-2f9f127621e0"",""88f2e658-6155-5924-bc85-63fe2aabb08a"",""9f032fb3-90ca-5749-aff5-1065077ac10e"",""4d2e4005-a84b-525b-a492-d367c5e405d0"",""12b20e20-e117-5c00-83bc-e589b92b730e"",""e97a5398-37b9-5e89-91a9-9b3ae48d9534"",""7a8f92c5-5f85-593a-bf90-08e13c60a2e6"",""aa66f5e3-ac0e-57d6-9b69-aa54ea7c4fb9"",""d07b7490-853e-562b-b662-305e89e7718d"",""596c0800-372d-5056-8a35-9f8661656bf4"",""d08816e6-d4d6-5f35-9de3-d86528fa7a96"",""2e126757-f17e-5ee2-93db-94d31ed944b2"",""5e1af4e2-330f-563f-b639-2d3cd8d276c8"",""49cd1889-2a56-5913-8723-929335f68874"",""82b898ba-3b6d-567f-8996-4f259b74547e"",""d38eb7d2-e78b-5c2f-93e4-2e34846e80e6"",""33effc64-dcfe-5ced-badf-c4df49f68dc1"",""a3a03b99-34c0-504b-b529-32b798db318a"",""8b3ec7b0-123f-5597-95f7-1fafc5810d01"",""035c5442-19b8-5a84-8a59-b352a9660279"",""d6d45010-72fa-5741-b733-88958a8795d2"",""ab8215e5-b753-5a6a-a4e7-ad9caf42eeac"",""1b20061c-b208-551a-b06c-81ffeff623fc"",""9b6d0913-2ae6-5dab-ab36-d05e1c51b208"",""a27c1fb2-edc1-57e6-9d74-adb5a13fed3b"",""4696448b-8c21-591b-80cc-7344ea0b95ec"",""c1d75a33-928c-5636-b99c-def1fb29e0f5"",""61eebfb6-2555-5bce-ba71-7a750427392a"",""aba074a1-d451-595d-bc12-e257adbe7383"",""1ca34094-ee4d-5962-a78a-174d361a9cd3"",""7edb0577-da07-5c6f-8391-bb90e9822165"",""d7c5d484-54dc-5d1e-a3ac-65d60267a12c"",""f416cc8b-3bc2-5c4c-a91c-c56faf748684""]",,,,,,,abort_seconds,,,3,0,3,UF3,,,prespecified_B_E,False,explicit in unit columns; exact fractions retained,s
M7-analysis-v5,E-BA,UF3:cell:E-BA,dbb63e68d4ed9e904fa985aa5b88d674205b6caab086a8d981ac8918a9c68fb5,"[""4afc763c-033e-501c-9c9c-453207d31e62"",""1fed9611-d0cc-51e5-86e7-4ba237c836a2"",""0e4d4039-5409-5be7-a300-ded85e9c22d7"",""1c4afc6f-6679-57b7-ab6b-cec3053e85a1"",""76216ff6-0dab-5f43-913f-741c2deb7596"",""fe7c5fea-171a-5d3e-b93c-b9d53dca7c67"",""784c942d-b222-5013-a2e4-de4aa477a143"",""2f2d84f4-6f41-5df7-a828-cc0a3d9cdddf"",""c68f6332-f200-5595-940d-e5bcad78f1fe"",""54c3aba8-cb42-5023-9591-5cdd68bdd7c5"",""b9ac296e-4c6c-5cdc-9e03-14868c124af2"",""022ddff9-4332-5ba5-b884-42537f220a0c"",""0d262496-18e1-5973-84a6-84fbda64d0ff"",""447860c8-1d56-518b-88ad-7e103990b756"",""616ecfda-7163-5a8d-ba60-01f623d8b124"",""656bacfc-b102-5379-8db2-2f9f127621e0"",""88f2e658-6155-5924-bc85-63fe2aabb08a"",""9f032fb3-90ca-5749-aff5-1065077ac10e"",""4d2e4005-a84b-525b-a492-d367c5e405d0"",""12b20e20-e117-5c00-83bc-e589b92b730e"",""e97a5398-37b9-5e89-91a9-9b3ae48d9534"",""7a8f92c5-5f85-593a-bf90-08e13c60a2e6"",""aa66f5e3-ac0e-57d6-9b69-aa54ea7c4fb9"",""d07b7490-853e-562b-b662-305e89e7718d"",""596c0800-372d-5056-8a35-9f8661656bf4"",""d08816e6-d4d6-5f35-9de3-d86528fa7a96"",""2e126757-f17e-5ee2-93db-94d31ed944b2"",""5e1af4e2-330f-563f-b639-2d3cd8d276c8"",""49cd1889-2a56-5913-8723-929335f68874"",""82b898ba-3b6d-567f-8996-4f259b74547e"",""d38eb7d2-e78b-5c2f-93e4-2e34846e80e6"",""33effc64-dcfe-5ced-badf-c4df49f68dc1"",""a3a03b99-34c0-504b-b529-32b798db318a"",""8b3ec7b0-123f-5597-95f7-1fafc5810d01"",""035c5442-19b8-5a84-8a59-b352a9660279"",""d6d45010-72fa-5741-b733-88958a8795d2"",""ab8215e5-b753-5a6a-a4e7-ad9caf42eeac"",""1b20061c-b208-551a-b06c-81ffeff623fc"",""9b6d0913-2ae6-5dab-ab36-d05e1c51b208"",""a27c1fb2-edc1-57e6-9d74-adb5a13fed3b"",""4696448b-8c21-591b-80cc-7344ea0b95ec"",""c1d75a33-928c-5636-b99c-def1fb29e0f5"",""61eebfb6-2555-5bce-ba71-7a750427392a"",""aba074a1-d451-595d-bc12-e257adbe7383"",""1ca34094-ee4d-5962-a78a-174d361a9cd3"",""7edb0577-da07-5c6f-8391-bb90e9822165"",""d7c5d484-54dc-5d1e-a3ac-65d60267a12c"",""f416cc8b-3bc2-5c4c-a91c-c56faf748684""]",,,,,,,context_preparation_seconds,,,3,0,3,UF3,,,prespecified_B_E,False,explicit in unit columns; exact fractions retained,s
M7-analysis-v5,E-BA,UF3:cell:E-BA,dbb63e68d4ed9e904fa985aa5b88d674205b6caab086a8d981ac8918a9c68fb5,"[""4afc763c-033e-501c-9c9c-453207d31e62"",""1fed9611-d0cc-51e5-86e7-4ba237c836a2"",""0e4d4039-5409-5be7-a300-ded85e9c22d7"",""1c4afc6f-6679-57b7-ab6b-cec3053e85a1"",""76216ff6-0dab-5f43-913f-741c2deb7596"",""fe7c5fea-171a-5d3e-b93c-b9d53dca7c67"",""784c942d-b222-5013-a2e4-de4aa477a143"",""2f2d84f4-6f41-5df7-a828-cc0a3d9cdddf"",""c68f6332-f200-5595-940d-e5bcad78f1fe"",""54c3aba8-cb42-5023-9591-5cdd68bdd7c5"",""b9ac296e-4c6c-5cdc-9e03-14868c124af2"",""022ddff9-4332-5ba5-b884-42537f220a0c"",""0d262496-18e1-5973-84a6-84fbda64d0ff"",""447860c8-1d56-518b-88ad-7e103990b756"",""616ecfda-7163-5a8d-ba60-01f623d8b124"",""656bacfc-b102-5379-8db2-2f9f127621e0"",""88f2e658-6155-5924-bc85-63fe2aabb08a"",""9f032fb3-90ca-5749-aff5-1065077ac10e"",""4d2e4005-a84b-525b-a492-d367c5e405d0"",""12b20e20-e117-5c00-83bc-e589b92b730e"",""e97a5398-37b9-5e89-91a9-9b3ae48d9534"",""7a8f92c5-5f85-593a-bf90-08e13c60a2e6"",""aa66f5e3-ac0e-57d6-9b69-aa54ea7c4fb9"",""d07b7490-853e-562b-b662-305e89e7718d"",""596c0800-372d-5056-8a35-9f8661656bf4"",""d08816e6-d4d6-5f35-9de3-d86528fa7a96"",""2e126757-f17e-5ee2-93db-94d31ed944b2"",""5e1af4e2-330f-563f-b639-2d3cd8d276c8"",""49cd1889-2a56-5913-8723-929335f68874"",""82b898ba-3b6d-567f-8996-4f259b74547e"",""d38eb7d2-e78b-5c2f-93e4-2e34846e80e6"",""33effc64-dcfe-5ced-badf-c4df49f68dc1"",""a3a03b99-34c0-504b-b529-32b798db318a"",""8b3ec7b0-123f-5597-95f7-1fafc5810d01"",""035c5442-19b8-5a84-8a59-b352a9660279"",""d6d45010-72fa-5741-b733-88958a8795d2"",""ab8215e5-b753-5a6a-a4e7-ad9caf42eeac"",""1b20061c-b208-551a-b06c-81ffeff623fc"",""9b6d0913-2ae6-5dab-ab36-d05e1c51b208"",""a27c1fb2-edc1-57e6-9d74-adb5a13fed3b"",""4696448b-8c21-591b-80cc-7344ea0b95ec"",""c1d75a33-928c-5636-b99c-def1fb29e0f5"",""61eebfb6-2555-5bce-ba71-7a750427392a"",""aba074a1-d451-595d-bc12-e257adbe7383"",""1ca34094-ee4d-5962-a78a-174d361a9cd3"",""7edb0577-da07-5c6f-8391-bb90e9822165"",""d7c5d484-54dc-5d1e-a3ac-65d60267a12c"",""f416cc8b-3bc2-5c4c-a91c-c56faf748684""]",,,,,,,evaluation_seconds,,,3,0,3,UF3,,,prespecified_B_E,False,explicit in unit columns; exact fractions retained,s
M7-analysis-v5,E-BA,UF3:cell:E-BA,dbb63e68d4ed9e904fa985aa5b88d674205b6caab086a8d981ac8918a9c68fb5,"[""4afc763c-033e-501c-9c9c-453207d31e62"",""1fed9611-d0cc-51e5-86e7-4ba237c836a2"",""0e4d4039-5409-5be7-a300-ded85e9c22d7"",""1c4afc6f-6679-57b7-ab6b-cec3053e85a1"",""76216ff6-0dab-5f43-913f-741c2deb7596"",""fe7c5fea-171a-5d3e-b93c-b9d53dca7c67"",""784c942d-b222-5013-a2e4-de4aa477a143"",""2f2d84f4-6f41-5df7-a828-cc0a3d9cdddf"",""c68f6332-f200-5595-940d-e5bcad78f1fe"",""54c3aba8-cb42-5023-9591-5cdd68bdd7c5"",""b9ac296e-4c6c-5cdc-9e03-14868c124af2"",""022ddff9-4332-5ba5-b884-42537f220a0c"",""0d262496-18e1-5973-84a6-84fbda64d0ff"",""447860c8-1d56-518b-88ad-7e103990b756"",""616ecfda-7163-5a8d-ba60-01f623d8b124"",""656bacfc-b102-5379-8db2-2f9f127621e0"",""88f2e658-6155-5924-bc85-63fe2aabb08a"",""9f032fb3-90ca-5749-aff5-1065077ac10e"",""4d2e4005-a84b-525b-a492-d367c5e405d0"",""12b20e20-e117-5c00-83bc-e589b92b730e"",""e97a5398-37b9-5e89-91a9-9b3ae48d9534"",""7a8f92c5-5f85-593a-bf90-08e13c60a2e6"",""aa66f5e3-ac0e-57d6-9b69-aa54ea7c4fb9"",""d07b7490-853e-562b-b662-305e89e7718d"",""596c0800-372d-5056-8a35-9f8661656bf4"",""d08816e6-d4d6-5f35-9de3-d86528fa7a96"",""2e126757-f17e-5ee2-93db-94d31ed944b2"",""5e1af4e2-330f-563f-b639-2d3cd8d276c8"",""49cd1889-2a56-5913-8723-929335f68874"",""82b898ba-3b6d-567f-8996-4f259b74547e"",""d38eb7d2-e78b-5c2f-93e4-2e34846e80e6"",""33effc64-dcfe-5ced-badf-c4df49f68dc1"",""a3a03b99-34c0-504b-b529-32b798db318a"",""8b3ec7b0-123f-5597-95f7-1fafc5810d01"",""035c5442-19b8-5a84-8a59-b352a9660279"",""d6d45010-72fa-5741-b733-88958a8795d2"",""ab8215e5-b753-5a6a-a4e7-ad9caf42eeac"",""1b20061c-b208-551a-b06c-81ffeff623fc"",""9b6d0913-2ae6-5dab-ab36-d05e1c51b208"",""a27c1fb2-edc1-57e6-9d74-adb5a13fed3b"",""4696448b-8c21-591b-80cc-7344ea0b95ec"",""c1d75a33-928c-5636-b99c-def1fb29e0f5"",""61eebfb6-2555-5bce-ba71-7a750427392a"",""aba074a1-d451-595d-bc12-e257adbe7383"",""1ca34094-ee4d-5962-a78a-174d361a9cd3"",""7edb0577-da07-5c6f-8391-bb90e9822165"",""d7c5d484-54dc-5d1e-a3ac-65d60267a12c"",""f416cc8b-3bc2-5c4c-a91c-c56faf748684""]",,,,,,,inference_seconds,,,3,0,3,UF3,,,prespecified_B_E,False,explicit in unit columns; exact fractions retained,s
M7-analysis-v5,E-BA,UF3:cell:E-BA,dbb63e68d4ed9e904fa985aa5b88d674205b6caab086a8d981ac8918a9c68fb5,"[""4afc763c-033e-501c-9c9c-453207d31e62"",""1fed9611-d0cc-51e5-86e7-4ba237c836a2"",""0e4d4039-5409-5be7-a300-ded85e9c22d7"",""1c4afc6f-6679-57b7-ab6b-cec3053e85a1"",""76216ff6-0dab-5f43-913f-741c2deb7596"",""fe7c5fea-171a-5d3e-b93c-b9d53dca7c67"",""784c942d-b222-5013-a2e4-de4aa477a143"",""2f2d84f4-6f41-5df7-a828-cc0a3d9cdddf"",""c68f6332-f200-5595-940d-e5bcad78f1fe"",""54c3aba8-cb42-5023-9591-5cdd68bdd7c5"",""b9ac296e-4c6c-5cdc-9e03-14868c124af2"",""022ddff9-4332-5ba5-b884-42537f220a0c"",""0d262496-18e1-5973-84a6-84fbda64d0ff"",""447860c8-1d56-518b-88ad-7e103990b756"",""616ecfda-7163-5a8d-ba60-01f623d8b124"",""656bacfc-b102-5379-8db2-2f9f127621e0"",""88f2e658-6155-5924-bc85-63fe2aabb08a"",""9f032fb3-90ca-5749-aff5-1065077ac10e"",""4d2e4005-a84b-525b-a492-d367c5e405d0"",""12b20e20-e117-5c00-83bc-e589b92b730e"",""e97a5398-37b9-5e89-91a9-9b3ae48d9534"",""7a8f92c5-5f85-593a-bf90-08e13c60a2e6"",""aa66f5e3-ac0e-57d6-9b69-aa54ea7c4fb9"",""d07b7490-853e-562b-b662-305e89e7718d"",""596c0800-372d-5056-8a35-9f8661656bf4"",""d08816e6-d4d6-5f35-9de3-d86528fa7a96"",""2e126757-f17e-5ee2-93db-94d31ed944b2"",""5e1af4e2-330f-563f-b639-2d3cd8d276c8"",""49cd1889-2a56-5913-8723-929335f68874"",""82b898ba-3b6d-567f-8996-4f259b74547e"",""d38eb7d2-e78b-5c2f-93e4-2e34846e80e6"",""33effc64-dcfe-5ced-badf-c4df49f68dc1"",""a3a03b99-34c0-504b-b529-32b798db318a"",""8b3ec7b0-123f-5597-95f7-1fafc5810d01"",""035c5442-19b8-5a84-8a59-b352a9660279"",""d6d45010-72fa-5741-b733-88958a8795d2"",""ab8215e5-b753-5a6a-a4e7-ad9caf42eeac"",""1b20061c-b208-551a-b06c-81ffeff623fc"",""9b6d0913-2ae6-5dab-ab36-d05e1c51b208"",""a27c1fb2-edc1-57e6-9d74-adb5a13fed3b"",""4696448b-8c21-591b-80cc-7344ea0b95ec"",""c1d75a33-928c-5636-b99c-def1fb29e0f5"",""61eebfb6-2555-5bce-ba71-7a750427392a"",""aba074a1-d451-595d-bc12-e257adbe7383"",""1ca34094-ee4d-5962-a78a-174d361a9cd3"",""7edb0577-da07-5c6f-8391-bb90e9822165"",""d7c5d484-54dc-5d1e-a3ac-65d60267a12c"",""f416cc8b-3bc2-5c4c-a91c-c56faf748684""]",,,,,,,load_seconds,,,3,0,3,UF3,,,prespecified_B_E,False,explicit in unit columns; exact fractions retained,s
M7-analysis-v5,E-BA,UF3:cell:E-BA,dbb63e68d4ed9e904fa985aa5b88d674205b6caab086a8d981ac8918a9c68fb5,"[""4afc763c-033e-501c-9c9c-453207d31e62"",""1fed9611-d0cc-51e5-86e7-4ba237c836a2"",""0e4d4039-5409-5be7-a300-ded85e9c22d7"",""1c4afc6f-6679-57b7-ab6b-cec3053e85a1"",""76216ff6-0dab-5f43-913f-741c2deb7596"",""fe7c5fea-171a-5d3e-b93c-b9d53dca7c67"",""784c942d-b222-5013-a2e4-de4aa477a143"",""2f2d84f4-6f41-5df7-a828-cc0a3d9cdddf"",""c68f6332-f200-5595-940d-e5bcad78f1fe"",""54c3aba8-cb42-5023-9591-5cdd68bdd7c5"",""b9ac296e-4c6c-5cdc-9e03-14868c124af2"",""022ddff9-4332-5ba5-b884-42537f220a0c"",""0d262496-18e1-5973-84a6-84fbda64d0ff"",""447860c8-1d56-518b-88ad-7e103990b756"",""616ecfda-7163-5a8d-ba60-01f623d8b124"",""656bacfc-b102-5379-8db2-2f9f127621e0"",""88f2e658-6155-5924-bc85-63fe2aabb08a"",""9f032fb3-90ca-5749-aff5-1065077ac10e"",""4d2e4005-a84b-525b-a492-d367c5e405d0"",""12b20e20-e117-5c00-83bc-e589b92b730e"",""e97a5398-37b9-5e89-91a9-9b3ae48d9534"",""7a8f92c5-5f85-593a-bf90-08e13c60a2e6"",""aa66f5e3-ac0e-57d6-9b69-aa54ea7c4fb9"",""d07b7490-853e-562b-b662-305e89e7718d"",""596c0800-372d-5056-8a35-9f8661656bf4"",""d08816e6-d4d6-5f35-9de3-d86528fa7a96"",""2e126757-f17e-5ee2-93db-94d31ed944b2"",""5e1af4e2-330f-563f-b639-2d3cd8d276c8"",""49cd1889-2a56-5913-8723-929335f68874"",""82b898ba-3b6d-567f-8996-4f259b74547e"",""d38eb7d2-e78b-5c2f-93e4-2e34846e80e6"",""33effc64-dcfe-5ced-badf-c4df49f68dc1"",""a3a03b99-34c0-504b-b529-32b798db318a"",""8b3ec7b0-123f-5597-95f7-1fafc5810d01"",""035c5442-19b8-5a84-8a59-b352a9660279"",""d6d45010-72fa-5741-b733-88958a8795d2"",""ab8215e5-b753-5a6a-a4e7-ad9caf42eeac"",""1b20061c-b208-551a-b06c-81ffeff623fc"",""9b6d0913-2ae6-5dab-ab36-d05e1c51b208"",""a27c1fb2-edc1-57e6-9d74-adb5a13fed3b"",""4696448b-8c21-591b-80cc-7344ea0b95ec"",""c1d75a33-928c-5636-b99c-def1fb29e0f5"",""61eebfb6-2555-5bce-ba71-7a750427392a"",""aba074a1-d451-595d-bc12-e257adbe7383"",""1ca34094-ee4d-5962-a78a-174d361a9cd3"",""7edb0577-da07-5c6f-8391-bb90e9822165"",""d7c5d484-54dc-5d1e-a3ac-65d60267a12c"",""f416cc8b-3bc2-5c4c-a91c-c56faf748684""]",,,,,,,manual_review_seconds,,,3,0,3,UF3,,,prespecified_B_E,False,explicit in unit columns; exact fractions retained,s
M7-analysis-v5,E-BA,UF3:cell:E-BA,dbb63e68d4ed9e904fa985aa5b88d674205b6caab086a8d981ac8918a9c68fb5,"[""4afc763c-033e-501c-9c9c-453207d31e62"",""1fed9611-d0cc-51e5-86e7-4ba237c836a2"",""0e4d4039-5409-5be7-a300-ded85e9c22d7"",""1c4afc6f-6679-57b7-ab6b-cec3053e85a1"",""76216ff6-0dab-5f43-913f-741c2deb7596"",""fe7c5fea-171a-5d3e-b93c-b9d53dca7c67"",""784c942d-b222-5013-a2e4-de4aa477a143"",""2f2d84f4-6f41-5df7-a828-cc0a3d9cdddf"",""c68f6332-f200-5595-940d-e5bcad78f1fe"",""54c3aba8-cb42-5023-9591-5cdd68bdd7c5"",""b9ac296e-4c6c-5cdc-9e03-14868c124af2"",""022ddff9-4332-5ba5-b884-42537f220a0c"",""0d262496-18e1-5973-84a6-84fbda64d0ff"",""447860c8-1d56-518b-88ad-7e103990b756"",""616ecfda-7163-5a8d-ba60-01f623d8b124"",""656bacfc-b102-5379-8db2-2f9f127621e0"",""88f2e658-6155-5924-bc85-63fe2aabb08a"",""9f032fb3-90ca-5749-aff5-1065077ac10e"",""4d2e4005-a84b-525b-a492-d367c5e405d0"",""12b20e20-e117-5c00-83bc-e589b92b730e"",""e97a5398-37b9-5e89-91a9-9b3ae48d9534"",""7a8f92c5-5f85-593a-bf90-08e13c60a2e6"",""aa66f5e3-ac0e-57d6-9b69-aa54ea7c4fb9"",""d07b7490-853e-562b-b662-305e89e7718d"",""596c0800-372d-5056-8a35-9f8661656bf4"",""d08816e6-d4d6-5f35-9de3-d86528fa7a96"",""2e126757-f17e-5ee2-93db-94d31ed944b2"",""5e1af4e2-330f-563f-b639-2d3cd8d276c8"",""49cd1889-2a56-5913-8723-929335f68874"",""82b898ba-3b6d-567f-8996-4f259b74547e"",""d38eb7d2-e78b-5c2f-93e4-2e34846e80e6"",""33effc64-dcfe-5ced-badf-c4df49f68dc1"",""a3a03b99-34c0-504b-b529-32b798db318a"",""8b3ec7b0-123f-5597-95f7-1fafc5810d01"",""035c5442-19b8-5a84-8a59-b352a9660279"",""d6d45010-72fa-5741-b733-88958a8795d2"",""ab8215e5-b753-5a6a-a4e7-ad9caf42eeac"",""1b20061c-b208-551a-b06c-81ffeff623fc"",""9b6d0913-2ae6-5dab-ab36-d05e1c51b208"",""a27c1fb2-edc1-57e6-9d74-adb5a13fed3b"",""4696448b-8c21-591b-80cc-7344ea0b95ec"",""c1d75a33-928c-5636-b99c-def1fb29e0f5"",""61eebfb6-2555-5bce-ba71-7a750427392a"",""aba074a1-d451-595d-bc12-e257adbe7383"",""1ca34094-ee4d-5962-a78a-174d361a9cd3"",""7edb0577-da07-5c6f-8391-bb90e9822165"",""d7c5d484-54dc-5d1e-a3ac-65d60267a12c"",""f416cc8b-3bc2-5c4c-a91c-c56faf748684""]",,,,,,,retry_seconds,,,3,0,3,UF3,,,prespecified_B_E,False,explicit in unit columns; exact fractions retained,s
M7-analysis-v5,E-BA,UF3:cell:E-BA,dbb63e68d4ed9e904fa985aa5b88d674205b6caab086a8d981ac8918a9c68fb5,"[""4afc763c-033e-501c-9c9c-453207d31e62"",""1fed9611-d0cc-51e5-86e7-4ba237c836a2"",""0e4d4039-5409-5be7-a300-ded85e9c22d7"",""1c4afc6f-6679-57b7-ab6b-cec3053e85a1"",""76216ff6-0dab-5f43-913f-741c2deb7596"",""fe7c5fea-171a-5d3e-b93c-b9d53dca7c67"",""784c942d-b222-5013-a2e4-de4aa477a143"",""2f2d84f4-6f41-5df7-a828-cc0a3d9cdddf"",""c68f6332-f200-5595-940d-e5bcad78f1fe"",""54c3aba8-cb42-5023-9591-5cdd68bdd7c5"",""b9ac296e-4c6c-5cdc-9e03-14868c124af2"",""022ddff9-4332-5ba5-b884-42537f220a0c"",""0d262496-18e1-5973-84a6-84fbda64d0ff"",""447860c8-1d56-518b-88ad-7e103990b756"",""616ecfda-7163-5a8d-ba60-01f623d8b124"",""656bacfc-b102-5379-8db2-2f9f127621e0"",""88f2e658-6155-5924-bc85-63fe2aabb08a"",""9f032fb3-90ca-5749-aff5-1065077ac10e"",""4d2e4005-a84b-525b-a492-d367c5e405d0"",""12b20e20-e117-5c00-83bc-e589b92b730e"",""e97a5398-37b9-5e89-91a9-9b3ae48d9534"",""7a8f92c5-5f85-593a-bf90-08e13c60a2e6"",""aa66f5e3-ac0e-57d6-9b69-aa54ea7c4fb9"",""d07b7490-853e-562b-b662-305e89e7718d"",""596c0800-372d-5056-8a35-9f8661656bf4"",""d08816e6-d4d6-5f35-9de3-d86528fa7a96"",""2e126757-f17e-5ee2-93db-94d31ed944b2"",""5e1af4e2-330f-563f-b639-2d3cd8d276c8"",""49cd1889-2a56-5913-8723-929335f68874"",""82b898ba-3b6d-567f-8996-4f259b74547e"",""d38eb7d2-e78b-5c2f-93e4-2e34846e80e6"",""33effc64-dcfe-5ced-badf-c4df49f68dc1"",""a3a03b99-34c0-504b-b529-32b798db318a"",""8b3ec7b0-123f-5597-95f7-1fafc5810d01"",""035c5442-19b8-5a84-8a59-b352a9660279"",""d6d45010-72fa-5741-b733-88958a8795d2"",""ab8215e5-b753-5a6a-a4e7-ad9caf42eeac"",""1b20061c-b208-551a-b06c-81ffeff623fc"",""9b6d0913-2ae6-5dab-ab36-d05e1c51b208"",""a27c1fb2-edc1-57e6-9d74-adb5a13fed3b"",""4696448b-8c21-591b-80cc-7344ea0b95ec"",""c1d75a33-928c-5636-b99c-def1fb29e0f5"",""61eebfb6-2555-5bce-ba71-7a750427392a"",""aba074a1-d451-595d-bc12-e257adbe7383"",""1ca34094-ee4d-5962-a78a-174d361a9cd3"",""7edb0577-da07-5c6f-8391-bb90e9822165"",""d7c5d484-54dc-5d1e-a3ac-65d60267a12c"",""f416cc8b-3bc2-5c4c-a91c-c56faf748684""]",,,,,,,setup_seconds,,,3,0,3,UF3,,,prespecified_B_E,False,explicit in unit columns; exact fractions retained,s
M7-analysis-v5,E-BA,UF3:cell:E-BA,dbb63e68d4ed9e904fa985aa5b88d674205b6caab086a8d981ac8918a9c68fb5,"[""4afc763c-033e-501c-9c9c-453207d31e62"",""1fed9611-d0cc-51e5-86e7-4ba237c836a2"",""0e4d4039-5409-5be7-a300-ded85e9c22d7"",""1c4afc6f-6679-57b7-ab6b-cec3053e85a1"",""76216ff6-0dab-5f43-913f-741c2deb7596"",""fe7c5fea-171a-5d3e-b93c-b9d53dca7c67"",""784c942d-b222-5013-a2e4-de4aa477a143"",""2f2d84f4-6f41-5df7-a828-cc0a3d9cdddf"",""c68f6332-f200-5595-940d-e5bcad78f1fe"",""54c3aba8-cb42-5023-9591-5cdd68bdd7c5"",""b9ac296e-4c6c-5cdc-9e03-14868c124af2"",""022ddff9-4332-5ba5-b884-42537f220a0c"",""0d262496-18e1-5973-84a6-84fbda64d0ff"",""447860c8-1d56-518b-88ad-7e103990b756"",""616ecfda-7163-5a8d-ba60-01f623d8b124"",""656bacfc-b102-5379-8db2-2f9f127621e0"",""88f2e658-6155-5924-bc85-63fe2aabb08a"",""9f032fb3-90ca-5749-aff5-1065077ac10e"",""4d2e4005-a84b-525b-a492-d367c5e405d0"",""12b20e20-e117-5c00-83bc-e589b92b730e"",""e97a5398-37b9-5e89-91a9-9b3ae48d9534"",""7a8f92c5-5f85-593a-bf90-08e13c60a2e6"",""aa66f5e3-ac0e-57d6-9b69-aa54ea7c4fb9"",""d07b7490-853e-562b-b662-305e89e7718d"",""596c0800-372d-5056-8a35-9f8661656bf4"",""d08816e6-d4d6-5f35-9de3-d86528fa7a96"",""2e126757-f17e-5ee2-93db-94d31ed944b2"",""5e1af4e2-330f-563f-b639-2d3cd8d276c8"",""49cd1889-2a56-5913-8723-929335f68874"",""82b898ba-3b6d-567f-8996-4f259b74547e"",""d38eb7d2-e78b-5c2f-93e4-2e34846e80e6"",""33effc64-dcfe-5ced-badf-c4df49f68dc1"",""a3a03b99-34c0-504b-b529-32b798db318a"",""8b3ec7b0-123f-5597-95f7-1fafc5810d01"",""035c5442-19b8-5a84-8a59-b352a9660279"",""d6d45010-72fa-5741-b733-88958a8795d2"",""ab8215e5-b753-5a6a-a4e7-ad9caf42eeac"",""1b20061c-b208-551a-b06c-81ffeff623fc"",""9b6d0913-2ae6-5dab-ab36-d05e1c51b208"",""a27c1fb2-edc1-57e6-9d74-adb5a13fed3b"",""4696448b-8c21-591b-80cc-7344ea0b95ec"",""c1d75a33-928c-5636-b99c-def1fb29e0f5"",""61eebfb6-2555-5bce-ba71-7a750427392a"",""aba074a1-d451-595d-bc12-e257adbe7383"",""1ca34094-ee4d-5962-a78a-174d361a9cd3"",""7edb0577-da07-5c6f-8391-bb90e9822165"",""d7c5d484-54dc-5d1e-a3ac-65d60267a12c"",""f416cc8b-3bc2-5c4c-a91c-c56faf748684""]",,,,,,,tokens.other,,,3,0,3,UF3,,,prespecified_B_E,False,explicit in unit columns; exact fractions retained,tokens
M7-analysis-v5,E-BB,UF3:cell:E-BB,dbb63e68d4ed9e904fa985aa5b88d674205b6caab086a8d981ac8918a9c68fb5,"[""4afc763c-033e-501c-9c9c-453207d31e62"",""1fed9611-d0cc-51e5-86e7-4ba237c836a2"",""0e4d4039-5409-5be7-a300-ded85e9c22d7"",""1c4afc6f-6679-57b7-ab6b-cec3053e85a1"",""76216ff6-0dab-5f43-913f-741c2deb7596"",""fe7c5fea-171a-5d3e-b93c-b9d53dca7c67"",""784c942d-b222-5013-a2e4-de4aa477a143"",""2f2d84f4-6f41-5df7-a828-cc0a3d9cdddf"",""c68f6332-f200-5595-940d-e5bcad78f1fe"",""54c3aba8-cb42-5023-9591-5cdd68bdd7c5"",""b9ac296e-4c6c-5cdc-9e03-14868c124af2"",""022ddff9-4332-5ba5-b884-42537f220a0c"",""0d262496-18e1-5973-84a6-84fbda64d0ff"",""447860c8-1d56-518b-88ad-7e103990b756"",""616ecfda-7163-5a8d-ba60-01f623d8b124"",""656bacfc-b102-5379-8db2-2f9f127621e0"",""88f2e658-6155-5924-bc85-63fe2aabb08a"",""9f032fb3-90ca-5749-aff5-1065077ac10e"",""4d2e4005-a84b-525b-a492-d367c5e405d0"",""12b20e20-e117-5c00-83bc-e589b92b730e"",""e97a5398-37b9-5e89-91a9-9b3ae48d9534"",""7a8f92c5-5f85-593a-bf90-08e13c60a2e6"",""aa66f5e3-ac0e-57d6-9b69-aa54ea7c4fb9"",""d07b7490-853e-562b-b662-305e89e7718d"",""596c0800-372d-5056-8a35-9f8661656bf4"",""d08816e6-d4d6-5f35-9de3-d86528fa7a96"",""2e126757-f17e-5ee2-93db-94d31ed944b2"",""5e1af4e2-330f-563f-b639-2d3cd8d276c8"",""49cd1889-2a56-5913-8723-929335f68874"",""82b898ba-3b6d-567f-8996-4f259b74547e"",""d38eb7d2-e78b-5c2f-93e4-2e34846e80e6"",""33effc64-dcfe-5ced-badf-c4df49f68dc1"",""a3a03b99-34c0-504b-b529-32b798db318a"",""8b3ec7b0-123f-5597-95f7-1fafc5810d01"",""035c5442-19b8-5a84-8a59-b352a9660279"",""d6d45010-72fa-5741-b733-88958a8795d2"",""ab8215e5-b753-5a6a-a4e7-ad9caf42eeac"",""1b20061c-b208-551a-b06c-81ffeff623fc"",""9b6d0913-2ae6-5dab-ab36-d05e1c51b208"",""a27c1fb2-edc1-57e6-9d74-adb5a13fed3b"",""4696448b-8c21-591b-80cc-7344ea0b95ec"",""c1d75a33-928c-5636-b99c-def1fb29e0f5"",""61eebfb6-2555-5bce-ba71-7a750427392a"",""aba074a1-d451-595d-bc12-e257adbe7383"",""1ca34094-ee4d-5962-a78a-174d361a9cd3"",""7edb0577-da07-5c6f-8391-bb90e9822165"",""d7c5d484-54dc-5d1e-a3ac-65d60267a12c"",""f416cc8b-3bc2-5c4c-a91c-c56faf748684""]",0,0,0,0,0,0,outage_seconds,0,0,0,3,3,UF3,0,0,prespecified_B_E,False,explicit in unit columns; exact fractions retained,s
M7-analysis-v5,E-BB,UF3:cell:E-BB,dbb63e68d4ed9e904fa985aa5b88d674205b6caab086a8d981ac8918a9c68fb5,"[""4afc763c-033e-501c-9c9c-453207d31e62"",""1fed9611-d0cc-51e5-86e7-4ba237c836a2"",""0e4d4039-5409-5be7-a300-ded85e9c22d7"",""1c4afc6f-6679-57b7-ab6b-cec3053e85a1"",""76216ff6-0dab-5f43-913f-741c2deb7596"",""fe7c5fea-171a-5d3e-b93c-b9d53dca7c67"",""784c942d-b222-5013-a2e4-de4aa477a143"",""2f2d84f4-6f41-5df7-a828-cc0a3d9cdddf"",""c68f6332-f200-5595-940d-e5bcad78f1fe"",""54c3aba8-cb42-5023-9591-5cdd68bdd7c5"",""b9ac296e-4c6c-5cdc-9e03-14868c124af2"",""022ddff9-4332-5ba5-b884-42537f220a0c"",""0d262496-18e1-5973-84a6-84fbda64d0ff"",""447860c8-1d56-518b-88ad-7e103990b756"",""616ecfda-7163-5a8d-ba60-01f623d8b124"",""656bacfc-b102-5379-8db2-2f9f127621e0"",""88f2e658-6155-5924-bc85-63fe2aabb08a"",""9f032fb3-90ca-5749-aff5-1065077ac10e"",""4d2e4005-a84b-525b-a492-d367c5e405d0"",""12b20e20-e117-5c00-83bc-e589b92b730e"",""e97a5398-37b9-5e89-91a9-9b3ae48d9534"",""7a8f92c5-5f85-593a-bf90-08e13c60a2e6"",""aa66f5e3-ac0e-57d6-9b69-aa54ea7c4fb9"",""d07b7490-853e-562b-b662-305e89e7718d"",""596c0800-372d-5056-8a35-9f8661656bf4"",""d08816e6-d4d6-5f35-9de3-d86528fa7a96"",""2e126757-f17e-5ee2-93db-94d31ed944b2"",""5e1af4e2-330f-563f-b639-2d3cd8d276c8"",""49cd1889-2a56-5913-8723-929335f68874"",""82b898ba-3b6d-567f-8996-4f259b74547e"",""d38eb7d2-e78b-5c2f-93e4-2e34846e80e6"",""33effc64-dcfe-5ced-badf-c4df49f68dc1"",""a3a03b99-34c0-504b-b529-32b798db318a"",""8b3ec7b0-123f-5597-95f7-1fafc5810d01"",""035c5442-19b8-5a84-8a59-b352a9660279"",""d6d45010-72fa-5741-b733-88958a8795d2"",""ab8215e5-b753-5a6a-a4e7-ad9caf42eeac"",""1b20061c-b208-551a-b06c-81ffeff623fc"",""9b6d0913-2ae6-5dab-ab36-d05e1c51b208"",""a27c1fb2-edc1-57e6-9d74-adb5a13fed3b"",""4696448b-8c21-591b-80cc-7344ea0b95ec"",""c1d75a33-928c-5636-b99c-def1fb29e0f5"",""61eebfb6-2555-5bce-ba71-7a750427392a"",""aba074a1-d451-595d-bc12-e257adbe7383"",""1ca34094-ee4d-5962-a78a-174d361a9cd3"",""7edb0577-da07-5c6f-8391-bb90e9822165"",""d7c5d484-54dc-5d1e-a3ac-65d60267a12c"",""f416cc8b-3bc2-5c4c-a91c-c56faf748684""]",0,0,0,0,0,0,pause_seconds,0,0,0,3,3,UF3,0,0,prespecified_B_E,False,explicit in unit columns; exact fractions retained,s
M7-analysis-v5,E-BB,UF3:cell:E-BB,dbb63e68d4ed9e904fa985aa5b88d674205b6caab086a8d981ac8918a9c68fb5,"[""4afc763c-033e-501c-9c9c-453207d31e62"",""1fed9611-d0cc-51e5-86e7-4ba237c836a2"",""0e4d4039-5409-5be7-a300-ded85e9c22d7"",""1c4afc6f-6679-57b7-ab6b-cec3053e85a1"",""76216ff6-0dab-5f43-913f-741c2deb7596"",""fe7c5fea-171a-5d3e-b93c-b9d53dca7c67"",""784c942d-b222-5013-a2e4-de4aa477a143"",""2f2d84f4-6f41-5df7-a828-cc0a3d9cdddf"",""c68f6332-f200-5595-940d-e5bcad78f1fe"",""54c3aba8-cb42-5023-9591-5cdd68bdd7c5"",""b9ac296e-4c6c-5cdc-9e03-14868c124af2"",""022ddff9-4332-5ba5-b884-42537f220a0c"",""0d262496-18e1-5973-84a6-84fbda64d0ff"",""447860c8-1d56-518b-88ad-7e103990b756"",""616ecfda-7163-5a8d-ba60-01f623d8b124"",""656bacfc-b102-5379-8db2-2f9f127621e0"",""88f2e658-6155-5924-bc85-63fe2aabb08a"",""9f032fb3-90ca-5749-aff5-1065077ac10e"",""4d2e4005-a84b-525b-a492-d367c5e405d0"",""12b20e20-e117-5c00-83bc-e589b92b730e"",""e97a5398-37b9-5e89-91a9-9b3ae48d9534"",""7a8f92c5-5f85-593a-bf90-08e13c60a2e6"",""aa66f5e3-ac0e-57d6-9b69-aa54ea7c4fb9"",""d07b7490-853e-562b-b662-305e89e7718d"",""596c0800-372d-5056-8a35-9f8661656bf4"",""d08816e6-d4d6-5f35-9de3-d86528fa7a96"",""2e126757-f17e-5ee2-93db-94d31ed944b2"",""5e1af4e2-330f-563f-b639-2d3cd8d276c8"",""49cd1889-2a56-5913-8723-929335f68874"",""82b898ba-3b6d-567f-8996-4f259b74547e"",""d38eb7d2-e78b-5c2f-93e4-2e34846e80e6"",""33effc64-dcfe-5ced-badf-c4df49f68dc1"",""a3a03b99-34c0-504b-b529-32b798db318a"",""8b3ec7b0-123f-5597-95f7-1fafc5810d01"",""035c5442-19b8-5a84-8a59-b352a9660279"",""d6d45010-72fa-5741-b733-88958a8795d2"",""ab8215e5-b753-5a6a-a4e7-ad9caf42eeac"",""1b20061c-b208-551a-b06c-81ffeff623fc"",""9b6d0913-2ae6-5dab-ab36-d05e1c51b208"",""a27c1fb2-edc1-57e6-9d74-adb5a13fed3b"",""4696448b-8c21-591b-80cc-7344ea0b95ec"",""c1d75a33-928c-5636-b99c-def1fb29e0f5"",""61eebfb6-2555-5bce-ba71-7a750427392a"",""aba074a1-d451-595d-bc12-e257adbe7383"",""1ca34094-ee4d-5962-a78a-174d361a9cd3"",""7edb0577-da07-5c6f-8391-bb90e9822165"",""d7c5d484-54dc-5d1e-a3ac-65d60267a12c"",""f416cc8b-3bc2-5c4c-a91c-c56faf748684""]",0,0,0,0,0,0,tokens.cache_write,0,0,0,3,3,UF3,0,0,prespecified_B_E,False,explicit in unit columns; exact fractions retained,tokens
M7-analysis-v5,E-BB,UF3:cell:E-BB,dbb63e68d4ed9e904fa985aa5b88d674205b6caab086a8d981ac8918a9c68fb5,"[""4afc763c-033e-501c-9c9c-453207d31e62"",""1fed9611-d0cc-51e5-86e7-4ba237c836a2"",""0e4d4039-5409-5be7-a300-ded85e9c22d7"",""1c4afc6f-6679-57b7-ab6b-cec3053e85a1"",""76216ff6-0dab-5f43-913f-741c2deb7596"",""fe7c5fea-171a-5d3e-b93c-b9d53dca7c67"",""784c942d-b222-5013-a2e4-de4aa477a143"",""2f2d84f4-6f41-5df7-a828-cc0a3d9cdddf"",""c68f6332-f200-5595-940d-e5bcad78f1fe"",""54c3aba8-cb42-5023-9591-5cdd68bdd7c5"",""b9ac296e-4c6c-5cdc-9e03-14868c124af2"",""022ddff9-4332-5ba5-b884-42537f220a0c"",""0d262496-18e1-5973-84a6-84fbda64d0ff"",""447860c8-1d56-518b-88ad-7e103990b756"",""616ecfda-7163-5a8d-ba60-01f623d8b124"",""656bacfc-b102-5379-8db2-2f9f127621e0"",""88f2e658-6155-5924-bc85-63fe2aabb08a"",""9f032fb3-90ca-5749-aff5-1065077ac10e"",""4d2e4005-a84b-525b-a492-d367c5e405d0"",""12b20e20-e117-5c00-83bc-e589b92b730e"",""e97a5398-37b9-5e89-91a9-9b3ae48d9534"",""7a8f92c5-5f85-593a-bf90-08e13c60a2e6"",""aa66f5e3-ac0e-57d6-9b69-aa54ea7c4fb9"",""d07b7490-853e-562b-b662-305e89e7718d"",""596c0800-372d-5056-8a35-9f8661656bf4"",""d08816e6-d4d6-5f35-9de3-d86528fa7a96"",""2e126757-f17e-5ee2-93db-94d31ed944b2"",""5e1af4e2-330f-563f-b639-2d3cd8d276c8"",""49cd1889-2a56-5913-8723-929335f68874"",""82b898ba-3b6d-567f-8996-4f259b74547e"",""d38eb7d2-e78b-5c2f-93e4-2e34846e80e6"",""33effc64-dcfe-5ced-badf-c4df49f68dc1"",""a3a03b99-34c0-504b-b529-32b798db318a"",""8b3ec7b0-123f-5597-95f7-1fafc5810d01"",""035c5442-19b8-5a84-8a59-b352a9660279"",""d6d45010-72fa-5741-b733-88958a8795d2"",""ab8215e5-b753-5a6a-a4e7-ad9caf42eeac"",""1b20061c-b208-551a-b06c-81ffeff623fc"",""9b6d0913-2ae6-5dab-ab36-d05e1c51b208"",""a27c1fb2-edc1-57e6-9d74-adb5a13fed3b"",""4696448b-8c21-591b-80cc-7344ea0b95ec"",""c1d75a33-928c-5636-b99c-def1fb29e0f5"",""61eebfb6-2555-5bce-ba71-7a750427392a"",""aba074a1-d451-595d-bc12-e257adbe7383"",""1ca34094-ee4d-5962-a78a-174d361a9cd3"",""7edb0577-da07-5c6f-8391-bb90e9822165"",""d7c5d484-54dc-5d1e-a3ac-65d60267a12c"",""f416cc8b-3bc2-5c4c-a91c-c56faf748684""]",0.16031848,0.16031848,0.1468626917333333333333333333333333333333,0.1468626917333333333333333333333333333333,0.14141386,0.14141386,cost,0.1388557352,0.1388557352,0,3,3,UF3,0.01172304051989572427637239199386454360079,0.01172304051989572427637239199386454360079,prespecified_B_E,False,explicit in unit columns; exact fractions retained,USD
M7-analysis-v5,E-BB,UF3:cell:E-BB,dbb63e68d4ed9e904fa985aa5b88d674205b6caab086a8d981ac8918a9c68fb5,"[""4afc763c-033e-501c-9c9c-453207d31e62"",""1fed9611-d0cc-51e5-86e7-4ba237c836a2"",""0e4d4039-5409-5be7-a300-ded85e9c22d7"",""1c4afc6f-6679-57b7-ab6b-cec3053e85a1"",""76216ff6-0dab-5f43-913f-741c2deb7596"",""fe7c5fea-171a-5d3e-b93c-b9d53dca7c67"",""784c942d-b222-5013-a2e4-de4aa477a143"",""2f2d84f4-6f41-5df7-a828-cc0a3d9cdddf"",""c68f6332-f200-5595-940d-e5bcad78f1fe"",""54c3aba8-cb42-5023-9591-5cdd68bdd7c5"",""b9ac296e-4c6c-5cdc-9e03-14868c124af2"",""022ddff9-4332-5ba5-b884-42537f220a0c"",""0d262496-18e1-5973-84a6-84fbda64d0ff"",""447860c8-1d56-518b-88ad-7e103990b756"",""616ecfda-7163-5a8d-ba60-01f623d8b124"",""656bacfc-b102-5379-8db2-2f9f127621e0"",""88f2e658-6155-5924-bc85-63fe2aabb08a"",""9f032fb3-90ca-5749-aff5-1065077ac10e"",""4d2e4005-a84b-525b-a492-d367c5e405d0"",""12b20e20-e117-5c00-83bc-e589b92b730e"",""e97a5398-37b9-5e89-91a9-9b3ae48d9534"",""7a8f92c5-5f85-593a-bf90-08e13c60a2e6"",""aa66f5e3-ac0e-57d6-9b69-aa54ea7c4fb9"",""d07b7490-853e-562b-b662-305e89e7718d"",""596c0800-372d-5056-8a35-9f8661656bf4"",""d08816e6-d4d6-5f35-9de3-d86528fa7a96"",""2e126757-f17e-5ee2-93db-94d31ed944b2"",""5e1af4e2-330f-563f-b639-2d3cd8d276c8"",""49cd1889-2a56-5913-8723-929335f68874"",""82b898ba-3b6d-567f-8996-4f259b74547e"",""d38eb7d2-e78b-5c2f-93e4-2e34846e80e6"",""33effc64-dcfe-5ced-badf-c4df49f68dc1"",""a3a03b99-34c0-504b-b529-32b798db318a"",""8b3ec7b0-123f-5597-95f7-1fafc5810d01"",""035c5442-19b8-5a84-8a59-b352a9660279"",""d6d45010-72fa-5741-b733-88958a8795d2"",""ab8215e5-b753-5a6a-a4e7-ad9caf42eeac"",""1b20061c-b208-551a-b06c-81ffeff623fc"",""9b6d0913-2ae6-5dab-ab36-d05e1c51b208"",""a27c1fb2-edc1-57e6-9d74-adb5a13fed3b"",""4696448b-8c21-591b-80cc-7344ea0b95ec"",""c1d75a33-928c-5636-b99c-def1fb29e0f5"",""61eebfb6-2555-5bce-ba71-7a750427392a"",""aba074a1-d451-595d-bc12-e257adbe7383"",""1ca34094-ee4d-5962-a78a-174d361a9cd3"",""7edb0577-da07-5c6f-8391-bb90e9822165"",""d7c5d484-54dc-5d1e-a3ac-65d60267a12c"",""f416cc8b-3bc2-5c4c-a91c-c56faf748684""]",1,1,0.3333333333333333333333333333333333333333,1/3,0,0,repair_count,0,0,0,3,3,UF3,0.5773502691896257645091487805019574556476,0.5773502691896257645091487805019574556476,prespecified_B_E,False,explicit in unit columns; exact fractions retained,count
M7-analysis-v5,E-BB,UF3:cell:E-BB,dbb63e68d4ed9e904fa985aa5b88d674205b6caab086a8d981ac8918a9c68fb5,"[""4afc763c-033e-501c-9c9c-453207d31e62"",""1fed9611-d0cc-51e5-86e7-4ba237c836a2"",""0e4d4039-5409-5be7-a300-ded85e9c22d7"",""1c4afc6f-6679-57b7-ab6b-cec3053e85a1"",""76216ff6-0dab-5f43-913f-741c2deb7596"",""fe7c5fea-171a-5d3e-b93c-b9d53dca7c67"",""784c942d-b222-5013-a2e4-de4aa477a143"",""2f2d84f4-6f41-5df7-a828-cc0a3d9cdddf"",""c68f6332-f200-5595-940d-e5bcad78f1fe"",""54c3aba8-cb42-5023-9591-5cdd68bdd7c5"",""b9ac296e-4c6c-5cdc-9e03-14868c124af2"",""022ddff9-4332-5ba5-b884-42537f220a0c"",""0d262496-18e1-5973-84a6-84fbda64d0ff"",""447860c8-1d56-518b-88ad-7e103990b756"",""616ecfda-7163-5a8d-ba60-01f623d8b124"",""656bacfc-b102-5379-8db2-2f9f127621e0"",""88f2e658-6155-5924-bc85-63fe2aabb08a"",""9f032fb3-90ca-5749-aff5-1065077ac10e"",""4d2e4005-a84b-525b-a492-d367c5e405d0"",""12b20e20-e117-5c00-83bc-e589b92b730e"",""e97a5398-37b9-5e89-91a9-9b3ae48d9534"",""7a8f92c5-5f85-593a-bf90-08e13c60a2e6"",""aa66f5e3-ac0e-57d6-9b69-aa54ea7c4fb9"",""d07b7490-853e-562b-b662-305e89e7718d"",""596c0800-372d-5056-8a35-9f8661656bf4"",""d08816e6-d4d6-5f35-9de3-d86528fa7a96"",""2e126757-f17e-5ee2-93db-94d31ed944b2"",""5e1af4e2-330f-563f-b639-2d3cd8d276c8"",""49cd1889-2a56-5913-8723-929335f68874"",""82b898ba-3b6d-567f-8996-4f259b74547e"",""d38eb7d2-e78b-5c2f-93e4-2e34846e80e6"",""33effc64-dcfe-5ced-badf-c4df49f68dc1"",""a3a03b99-34c0-504b-b529-32b798db318a"",""8b3ec7b0-123f-5597-95f7-1fafc5810d01"",""035c5442-19b8-5a84-8a59-b352a9660279"",""d6d45010-72fa-5741-b733-88958a8795d2"",""ab8215e5-b753-5a6a-a4e7-ad9caf42eeac"",""1b20061c-b208-551a-b06c-81ffeff623fc"",""9b6d0913-2ae6-5dab-ab36-d05e1c51b208"",""a27c1fb2-edc1-57e6-9d74-adb5a13fed3b"",""4696448b-8c21-591b-80cc-7344ea0b95ec"",""c1d75a33-928c-5636-b99c-def1fb29e0f5"",""61eebfb6-2555-5bce-ba71-7a750427392a"",""aba074a1-d451-595d-bc12-e257adbe7383"",""1ca34094-ee4d-5962-a78a-174d361a9cd3"",""7edb0577-da07-5c6f-8391-bb90e9822165"",""d7c5d484-54dc-5d1e-a3ac-65d60267a12c"",""f416cc8b-3bc2-5c4c-a91c-c56faf748684""]",1,1,1,1,1,1,F,1,1,0,3,3,UF3,0,0,prespecified_B_E,False,explicit in unit columns; exact fractions retained,ratio
M7-analysis-v5,E-BB,UF3:cell:E-BB,dbb63e68d4ed9e904fa985aa5b88d674205b6caab086a8d981ac8918a9c68fb5,"[""4afc763c-033e-501c-9c9c-453207d31e62"",""1fed9611-d0cc-51e5-86e7-4ba237c836a2"",""0e4d4039-5409-5be7-a300-ded85e9c22d7"",""1c4afc6f-6679-57b7-ab6b-cec3053e85a1"",""76216ff6-0dab-5f43-913f-741c2deb7596"",""fe7c5fea-171a-5d3e-b93c-b9d53dca7c67"",""784c942d-b222-5013-a2e4-de4aa477a143"",""2f2d84f4-6f41-5df7-a828-cc0a3d9cdddf"",""c68f6332-f200-5595-940d-e5bcad78f1fe"",""54c3aba8-cb42-5023-9591-5cdd68bdd7c5"",""b9ac296e-4c6c-5cdc-9e03-14868c124af2"",""022ddff9-4332-5ba5-b884-42537f220a0c"",""0d262496-18e1-5973-84a6-84fbda64d0ff"",""447860c8-1d56-518b-88ad-7e103990b756"",""616ecfda-7163-5a8d-ba60-01f623d8b124"",""656bacfc-b102-5379-8db2-2f9f127621e0"",""88f2e658-6155-5924-bc85-63fe2aabb08a"",""9f032fb3-90ca-5749-aff5-1065077ac10e"",""4d2e4005-a84b-525b-a492-d367c5e405d0"",""12b20e20-e117-5c00-83bc-e589b92b730e"",""e97a5398-37b9-5e89-91a9-9b3ae48d9534"",""7a8f92c5-5f85-593a-bf90-08e13c60a2e6"",""aa66f5e3-ac0e-57d6-9b69-aa54ea7c4fb9"",""d07b7490-853e-562b-b662-305e89e7718d"",""596c0800-372d-5056-8a35-9f8661656bf4"",""d08816e6-d4d6-5f35-9de3-d86528fa7a96"",""2e126757-f17e-5ee2-93db-94d31ed944b2"",""5e1af4e2-330f-563f-b639-2d3cd8d276c8"",""49cd1889-2a56-5913-8723-929335f68874"",""82b898ba-3b6d-567f-8996-4f259b74547e"",""d38eb7d2-e78b-5c2f-93e4-2e34846e80e6"",""33effc64-dcfe-5ced-badf-c4df49f68dc1"",""a3a03b99-34c0-504b-b529-32b798db318a"",""8b3ec7b0-123f-5597-95f7-1fafc5810d01"",""035c5442-19b8-5a84-8a59-b352a9660279"",""d6d45010-72fa-5741-b733-88958a8795d2"",""ab8215e5-b753-5a6a-a4e7-ad9caf42eeac"",""1b20061c-b208-551a-b06c-81ffeff623fc"",""9b6d0913-2ae6-5dab-ab36-d05e1c51b208"",""a27c1fb2-edc1-57e6-9d74-adb5a13fed3b"",""4696448b-8c21-591b-80cc-7344ea0b95ec"",""c1d75a33-928c-5636-b99c-def1fb29e0f5"",""61eebfb6-2555-5bce-ba71-7a750427392a"",""aba074a1-d451-595d-bc12-e257adbe7383"",""1ca34094-ee4d-5962-a78a-174d361a9cd3"",""7edb0577-da07-5c6f-8391-bb90e9822165"",""d7c5d484-54dc-5d1e-a3ac-65d60267a12c"",""f416cc8b-3bc2-5c4c-a91c-c56faf748684""]",1,1,1,1,1,1,R1,1,1,0,3,3,UF3,0,0,prespecified_B_E,False,explicit in unit columns; exact fractions retained,binary
M7-analysis-v5,E-BB,UF3:cell:E-BB,dbb63e68d4ed9e904fa985aa5b88d674205b6caab086a8d981ac8918a9c68fb5,"[""4afc763c-033e-501c-9c9c-453207d31e62"",""1fed9611-d0cc-51e5-86e7-4ba237c836a2"",""0e4d4039-5409-5be7-a300-ded85e9c22d7"",""1c4afc6f-6679-57b7-ab6b-cec3053e85a1"",""76216ff6-0dab-5f43-913f-741c2deb7596"",""fe7c5fea-171a-5d3e-b93c-b9d53dca7c67"",""784c942d-b222-5013-a2e4-de4aa477a143"",""2f2d84f4-6f41-5df7-a828-cc0a3d9cdddf"",""c68f6332-f200-5595-940d-e5bcad78f1fe"",""54c3aba8-cb42-5023-9591-5cdd68bdd7c5"",""b9ac296e-4c6c-5cdc-9e03-14868c124af2"",""022ddff9-4332-5ba5-b884-42537f220a0c"",""0d262496-18e1-5973-84a6-84fbda64d0ff"",""447860c8-1d56-518b-88ad-7e103990b756"",""616ecfda-7163-5a8d-ba60-01f623d8b124"",""656bacfc-b102-5379-8db2-2f9f127621e0"",""88f2e658-6155-5924-bc85-63fe2aabb08a"",""9f032fb3-90ca-5749-aff5-1065077ac10e"",""4d2e4005-a84b-525b-a492-d367c5e405d0"",""12b20e20-e117-5c00-83bc-e589b92b730e"",""e97a5398-37b9-5e89-91a9-9b3ae48d9534"",""7a8f92c5-5f85-593a-bf90-08e13c60a2e6"",""aa66f5e3-ac0e-57d6-9b69-aa54ea7c4fb9"",""d07b7490-853e-562b-b662-305e89e7718d"",""596c0800-372d-5056-8a35-9f8661656bf4"",""d08816e6-d4d6-5f35-9de3-d86528fa7a96"",""2e126757-f17e-5ee2-93db-94d31ed944b2"",""5e1af4e2-330f-563f-b639-2d3cd8d276c8"",""49cd1889-2a56-5913-8723-929335f68874"",""82b898ba-3b6d-567f-8996-4f259b74547e"",""d38eb7d2-e78b-5c2f-93e4-2e34846e80e6"",""33effc64-dcfe-5ced-badf-c4df49f68dc1"",""a3a03b99-34c0-504b-b529-32b798db318a"",""8b3ec7b0-123f-5597-95f7-1fafc5810d01"",""035c5442-19b8-5a84-8a59-b352a9660279"",""d6d45010-72fa-5741-b733-88958a8795d2"",""ab8215e5-b753-5a6a-a4e7-ad9caf42eeac"",""1b20061c-b208-551a-b06c-81ffeff623fc"",""9b6d0913-2ae6-5dab-ab36-d05e1c51b208"",""a27c1fb2-edc1-57e6-9d74-adb5a13fed3b"",""4696448b-8c21-591b-80cc-7344ea0b95ec"",""c1d75a33-928c-5636-b99c-def1fb29e0f5"",""61eebfb6-2555-5bce-ba71-7a750427392a"",""aba074a1-d451-595d-bc12-e257adbe7383"",""1ca34094-ee4d-5962-a78a-174d361a9cd3"",""7edb0577-da07-5c6f-8391-bb90e9822165"",""d7c5d484-54dc-5d1e-a3ac-65d60267a12c"",""f416cc8b-3bc2-5c4c-a91c-c56faf748684""]",1,1,1,1,1,1,R2,1,1,0,3,3,UF3,0,0,prespecified_B_E,False,explicit in unit columns; exact fractions retained,binary
M7-analysis-v5,E-BB,UF3:cell:E-BB,dbb63e68d4ed9e904fa985aa5b88d674205b6caab086a8d981ac8918a9c68fb5,"[""4afc763c-033e-501c-9c9c-453207d31e62"",""1fed9611-d0cc-51e5-86e7-4ba237c836a2"",""0e4d4039-5409-5be7-a300-ded85e9c22d7"",""1c4afc6f-6679-57b7-ab6b-cec3053e85a1"",""76216ff6-0dab-5f43-913f-741c2deb7596"",""fe7c5fea-171a-5d3e-b93c-b9d53dca7c67"",""784c942d-b222-5013-a2e4-de4aa477a143"",""2f2d84f4-6f41-5df7-a828-cc0a3d9cdddf"",""c68f6332-f200-5595-940d-e5bcad78f1fe"",""54c3aba8-cb42-5023-9591-5cdd68bdd7c5"",""b9ac296e-4c6c-5cdc-9e03-14868c124af2"",""022ddff9-4332-5ba5-b884-42537f220a0c"",""0d262496-18e1-5973-84a6-84fbda64d0ff"",""447860c8-1d56-518b-88ad-7e103990b756"",""616ecfda-7163-5a8d-ba60-01f623d8b124"",""656bacfc-b102-5379-8db2-2f9f127621e0"",""88f2e658-6155-5924-bc85-63fe2aabb08a"",""9f032fb3-90ca-5749-aff5-1065077ac10e"",""4d2e4005-a84b-525b-a492-d367c5e405d0"",""12b20e20-e117-5c00-83bc-e589b92b730e"",""e97a5398-37b9-5e89-91a9-9b3ae48d9534"",""7a8f92c5-5f85-593a-bf90-08e13c60a2e6"",""aa66f5e3-ac0e-57d6-9b69-aa54ea7c4fb9"",""d07b7490-853e-562b-b662-305e89e7718d"",""596c0800-372d-5056-8a35-9f8661656bf4"",""d08816e6-d4d6-5f35-9de3-d86528fa7a96"",""2e126757-f17e-5ee2-93db-94d31ed944b2"",""5e1af4e2-330f-563f-b639-2d3cd8d276c8"",""49cd1889-2a56-5913-8723-929335f68874"",""82b898ba-3b6d-567f-8996-4f259b74547e"",""d38eb7d2-e78b-5c2f-93e4-2e34846e80e6"",""33effc64-dcfe-5ced-badf-c4df49f68dc1"",""a3a03b99-34c0-504b-b529-32b798db318a"",""8b3ec7b0-123f-5597-95f7-1fafc5810d01"",""035c5442-19b8-5a84-8a59-b352a9660279"",""d6d45010-72fa-5741-b733-88958a8795d2"",""ab8215e5-b753-5a6a-a4e7-ad9caf42eeac"",""1b20061c-b208-551a-b06c-81ffeff623fc"",""9b6d0913-2ae6-5dab-ab36-d05e1c51b208"",""a27c1fb2-edc1-57e6-9d74-adb5a13fed3b"",""4696448b-8c21-591b-80cc-7344ea0b95ec"",""c1d75a33-928c-5636-b99c-def1fb29e0f5"",""61eebfb6-2555-5bce-ba71-7a750427392a"",""aba074a1-d451-595d-bc12-e257adbe7383"",""1ca34094-ee4d-5962-a78a-174d361a9cd3"",""7edb0577-da07-5c6f-8391-bb90e9822165"",""d7c5d484-54dc-5d1e-a3ac-65d60267a12c"",""f416cc8b-3bc2-5c4c-a91c-c56faf748684""]",1,1,1,1,1,1,R3,1,1,0,3,3,UF3,0,0,prespecified_B_E,False,explicit in unit columns; exact fractions retained,binary
M7-analysis-v5,E-BB,UF3:cell:E-BB,dbb63e68d4ed9e904fa985aa5b88d674205b6caab086a8d981ac8918a9c68fb5,"[""4afc763c-033e-501c-9c9c-453207d31e62"",""1fed9611-d0cc-51e5-86e7-4ba237c836a2"",""0e4d4039-5409-5be7-a300-ded85e9c22d7"",""1c4afc6f-6679-57b7-ab6b-cec3053e85a1"",""76216ff6-0dab-5f43-913f-741c2deb7596"",""fe7c5fea-171a-5d3e-b93c-b9d53dca7c67"",""784c942d-b222-5013-a2e4-de4aa477a143"",""2f2d84f4-6f41-5df7-a828-cc0a3d9cdddf"",""c68f6332-f200-5595-940d-e5bcad78f1fe"",""54c3aba8-cb42-5023-9591-5cdd68bdd7c5"",""b9ac296e-4c6c-5cdc-9e03-14868c124af2"",""022ddff9-4332-5ba5-b884-42537f220a0c"",""0d262496-18e1-5973-84a6-84fbda64d0ff"",""447860c8-1d56-518b-88ad-7e103990b756"",""616ecfda-7163-5a8d-ba60-01f623d8b124"",""656bacfc-b102-5379-8db2-2f9f127621e0"",""88f2e658-6155-5924-bc85-63fe2aabb08a"",""9f032fb3-90ca-5749-aff5-1065077ac10e"",""4d2e4005-a84b-525b-a492-d367c5e405d0"",""12b20e20-e117-5c00-83bc-e589b92b730e"",""e97a5398-37b9-5e89-91a9-9b3ae48d9534"",""7a8f92c5-5f85-593a-bf90-08e13c60a2e6"",""aa66f5e3-ac0e-57d6-9b69-aa54ea7c4fb9"",""d07b7490-853e-562b-b662-305e89e7718d"",""596c0800-372d-5056-8a35-9f8661656bf4"",""d08816e6-d4d6-5f35-9de3-d86528fa7a96"",""2e126757-f17e-5ee2-93db-94d31ed944b2"",""5e1af4e2-330f-563f-b639-2d3cd8d276c8"",""49cd1889-2a56-5913-8723-929335f68874"",""82b898ba-3b6d-567f-8996-4f259b74547e"",""d38eb7d2-e78b-5c2f-93e4-2e34846e80e6"",""33effc64-dcfe-5ced-badf-c4df49f68dc1"",""a3a03b99-34c0-504b-b529-32b798db318a"",""8b3ec7b0-123f-5597-95f7-1fafc5810d01"",""035c5442-19b8-5a84-8a59-b352a9660279"",""d6d45010-72fa-5741-b733-88958a8795d2"",""ab8215e5-b753-5a6a-a4e7-ad9caf42eeac"",""1b20061c-b208-551a-b06c-81ffeff623fc"",""9b6d0913-2ae6-5dab-ab36-d05e1c51b208"",""a27c1fb2-edc1-57e6-9d74-adb5a13fed3b"",""4696448b-8c21-591b-80cc-7344ea0b95ec"",""c1d75a33-928c-5636-b99c-def1fb29e0f5"",""61eebfb6-2555-5bce-ba71-7a750427392a"",""aba074a1-d451-595d-bc12-e257adbe7383"",""1ca34094-ee4d-5962-a78a-174d361a9cd3"",""7edb0577-da07-5c6f-8391-bb90e9822165"",""d7c5d484-54dc-5d1e-a3ac-65d60267a12c"",""f416cc8b-3bc2-5c4c-a91c-c56faf748684""]",1,1,1,1,1,1,R4,1,1,0,3,3,UF3,0,0,prespecified_B_E,False,explicit in unit columns; exact fractions retained,binary
M7-analysis-v5,E-BB,UF3:cell:E-BB,dbb63e68d4ed9e904fa985aa5b88d674205b6caab086a8d981ac8918a9c68fb5,"[""4afc763c-033e-501c-9c9c-453207d31e62"",""1fed9611-d0cc-51e5-86e7-4ba237c836a2"",""0e4d4039-5409-5be7-a300-ded85e9c22d7"",""1c4afc6f-6679-57b7-ab6b-cec3053e85a1"",""76216ff6-0dab-5f43-913f-741c2deb7596"",""fe7c5fea-171a-5d3e-b93c-b9d53dca7c67"",""784c942d-b222-5013-a2e4-de4aa477a143"",""2f2d84f4-6f41-5df7-a828-cc0a3d9cdddf"",""c68f6332-f200-5595-940d-e5bcad78f1fe"",""54c3aba8-cb42-5023-9591-5cdd68bdd7c5"",""b9ac296e-4c6c-5cdc-9e03-14868c124af2"",""022ddff9-4332-5ba5-b884-42537f220a0c"",""0d262496-18e1-5973-84a6-84fbda64d0ff"",""447860c8-1d56-518b-88ad-7e103990b756"",""616ecfda-7163-5a8d-ba60-01f623d8b124"",""656bacfc-b102-5379-8db2-2f9f127621e0"",""88f2e658-6155-5924-bc85-63fe2aabb08a"",""9f032fb3-90ca-5749-aff5-1065077ac10e"",""4d2e4005-a84b-525b-a492-d367c5e405d0"",""12b20e20-e117-5c00-83bc-e589b92b730e"",""e97a5398-37b9-5e89-91a9-9b3ae48d9534"",""7a8f92c5-5f85-593a-bf90-08e13c60a2e6"",""aa66f5e3-ac0e-57d6-9b69-aa54ea7c4fb9"",""d07b7490-853e-562b-b662-305e89e7718d"",""596c0800-372d-5056-8a35-9f8661656bf4"",""d08816e6-d4d6-5f35-9de3-d86528fa7a96"",""2e126757-f17e-5ee2-93db-94d31ed944b2"",""5e1af4e2-330f-563f-b639-2d3cd8d276c8"",""49cd1889-2a56-5913-8723-929335f68874"",""82b898ba-3b6d-567f-8996-4f259b74547e"",""d38eb7d2-e78b-5c2f-93e4-2e34846e80e6"",""33effc64-dcfe-5ced-badf-c4df49f68dc1"",""a3a03b99-34c0-504b-b529-32b798db318a"",""8b3ec7b0-123f-5597-95f7-1fafc5810d01"",""035c5442-19b8-5a84-8a59-b352a9660279"",""d6d45010-72fa-5741-b733-88958a8795d2"",""ab8215e5-b753-5a6a-a4e7-ad9caf42eeac"",""1b20061c-b208-551a-b06c-81ffeff623fc"",""9b6d0913-2ae6-5dab-ab36-d05e1c51b208"",""a27c1fb2-edc1-57e6-9d74-adb5a13fed3b"",""4696448b-8c21-591b-80cc-7344ea0b95ec"",""c1d75a33-928c-5636-b99c-def1fb29e0f5"",""61eebfb6-2555-5bce-ba71-7a750427392a"",""aba074a1-d451-595d-bc12-e257adbe7383"",""1ca34094-ee4d-5962-a78a-174d361a9cd3"",""7edb0577-da07-5c6f-8391-bb90e9822165"",""d7c5d484-54dc-5d1e-a3ac-65d60267a12c"",""f416cc8b-3bc2-5c4c-a91c-c56faf748684""]",1,1,1,1,1,1,R5,1,1,0,3,3,UF3,0,0,prespecified_B_E,False,explicit in unit columns; exact fractions retained,binary
M7-analysis-v5,E-BB,UF3:cell:E-BB,dbb63e68d4ed9e904fa985aa5b88d674205b6caab086a8d981ac8918a9c68fb5,"[""4afc763c-033e-501c-9c9c-453207d31e62"",""1fed9611-d0cc-51e5-86e7-4ba237c836a2"",""0e4d4039-5409-5be7-a300-ded85e9c22d7"",""1c4afc6f-6679-57b7-ab6b-cec3053e85a1"",""76216ff6-0dab-5f43-913f-741c2deb7596"",""fe7c5fea-171a-5d3e-b93c-b9d53dca7c67"",""784c942d-b222-5013-a2e4-de4aa477a143"",""2f2d84f4-6f41-5df7-a828-cc0a3d9cdddf"",""c68f6332-f200-5595-940d-e5bcad78f1fe"",""54c3aba8-cb42-5023-9591-5cdd68bdd7c5"",""b9ac296e-4c6c-5cdc-9e03-14868c124af2"",""022ddff9-4332-5ba5-b884-42537f220a0c"",""0d262496-18e1-5973-84a6-84fbda64d0ff"",""447860c8-1d56-518b-88ad-7e103990b756"",""616ecfda-7163-5a8d-ba60-01f623d8b124"",""656bacfc-b102-5379-8db2-2f9f127621e0"",""88f2e658-6155-5924-bc85-63fe2aabb08a"",""9f032fb3-90ca-5749-aff5-1065077ac10e"",""4d2e4005-a84b-525b-a492-d367c5e405d0"",""12b20e20-e117-5c00-83bc-e589b92b730e"",""e97a5398-37b9-5e89-91a9-9b3ae48d9534"",""7a8f92c5-5f85-593a-bf90-08e13c60a2e6"",""aa66f5e3-ac0e-57d6-9b69-aa54ea7c4fb9"",""d07b7490-853e-562b-b662-305e89e7718d"",""596c0800-372d-5056-8a35-9f8661656bf4"",""d08816e6-d4d6-5f35-9de3-d86528fa7a96"",""2e126757-f17e-5ee2-93db-94d31ed944b2"",""5e1af4e2-330f-563f-b639-2d3cd8d276c8"",""49cd1889-2a56-5913-8723-929335f68874"",""82b898ba-3b6d-567f-8996-4f259b74547e"",""d38eb7d2-e78b-5c2f-93e4-2e34846e80e6"",""33effc64-dcfe-5ced-badf-c4df49f68dc1"",""a3a03b99-34c0-504b-b529-32b798db318a"",""8b3ec7b0-123f-5597-95f7-1fafc5810d01"",""035c5442-19b8-5a84-8a59-b352a9660279"",""d6d45010-72fa-5741-b733-88958a8795d2"",""ab8215e5-b753-5a6a-a4e7-ad9caf42eeac"",""1b20061c-b208-551a-b06c-81ffeff623fc"",""9b6d0913-2ae6-5dab-ab36-d05e1c51b208"",""a27c1fb2-edc1-57e6-9d74-adb5a13fed3b"",""4696448b-8c21-591b-80cc-7344ea0b95ec"",""c1d75a33-928c-5636-b99c-def1fb29e0f5"",""61eebfb6-2555-5bce-ba71-7a750427392a"",""aba074a1-d451-595d-bc12-e257adbe7383"",""1ca34094-ee4d-5962-a78a-174d361a9cd3"",""7edb0577-da07-5c6f-8391-bb90e9822165"",""d7c5d484-54dc-5d1e-a3ac-65d60267a12c"",""f416cc8b-3bc2-5c4c-a91c-c56faf748684""]",1,1,1,1,1,1,R6,1,1,0,3,3,UF3,0,0,prespecified_B_E,False,explicit in unit columns; exact fractions retained,binary
M7-analysis-v5,E-BB,UF3:cell:E-BB,dbb63e68d4ed9e904fa985aa5b88d674205b6caab086a8d981ac8918a9c68fb5,"[""4afc763c-033e-501c-9c9c-453207d31e62"",""1fed9611-d0cc-51e5-86e7-4ba237c836a2"",""0e4d4039-5409-5be7-a300-ded85e9c22d7"",""1c4afc6f-6679-57b7-ab6b-cec3053e85a1"",""76216ff6-0dab-5f43-913f-741c2deb7596"",""fe7c5fea-171a-5d3e-b93c-b9d53dca7c67"",""784c942d-b222-5013-a2e4-de4aa477a143"",""2f2d84f4-6f41-5df7-a828-cc0a3d9cdddf"",""c68f6332-f200-5595-940d-e5bcad78f1fe"",""54c3aba8-cb42-5023-9591-5cdd68bdd7c5"",""b9ac296e-4c6c-5cdc-9e03-14868c124af2"",""022ddff9-4332-5ba5-b884-42537f220a0c"",""0d262496-18e1-5973-84a6-84fbda64d0ff"",""447860c8-1d56-518b-88ad-7e103990b756"",""616ecfda-7163-5a8d-ba60-01f623d8b124"",""656bacfc-b102-5379-8db2-2f9f127621e0"",""88f2e658-6155-5924-bc85-63fe2aabb08a"",""9f032fb3-90ca-5749-aff5-1065077ac10e"",""4d2e4005-a84b-525b-a492-d367c5e405d0"",""12b20e20-e117-5c00-83bc-e589b92b730e"",""e97a5398-37b9-5e89-91a9-9b3ae48d9534"",""7a8f92c5-5f85-593a-bf90-08e13c60a2e6"",""aa66f5e3-ac0e-57d6-9b69-aa54ea7c4fb9"",""d07b7490-853e-562b-b662-305e89e7718d"",""596c0800-372d-5056-8a35-9f8661656bf4"",""d08816e6-d4d6-5f35-9de3-d86528fa7a96"",""2e126757-f17e-5ee2-93db-94d31ed944b2"",""5e1af4e2-330f-563f-b639-2d3cd8d276c8"",""49cd1889-2a56-5913-8723-929335f68874"",""82b898ba-3b6d-567f-8996-4f259b74547e"",""d38eb7d2-e78b-5c2f-93e4-2e34846e80e6"",""33effc64-dcfe-5ced-badf-c4df49f68dc1"",""a3a03b99-34c0-504b-b529-32b798db318a"",""8b3ec7b0-123f-5597-95f7-1fafc5810d01"",""035c5442-19b8-5a84-8a59-b352a9660279"",""d6d45010-72fa-5741-b733-88958a8795d2"",""ab8215e5-b753-5a6a-a4e7-ad9caf42eeac"",""1b20061c-b208-551a-b06c-81ffeff623fc"",""9b6d0913-2ae6-5dab-ab36-d05e1c51b208"",""a27c1fb2-edc1-57e6-9d74-adb5a13fed3b"",""4696448b-8c21-591b-80cc-7344ea0b95ec"",""c1d75a33-928c-5636-b99c-def1fb29e0f5"",""61eebfb6-2555-5bce-ba71-7a750427392a"",""aba074a1-d451-595d-bc12-e257adbe7383"",""1ca34094-ee4d-5962-a78a-174d361a9cd3"",""7edb0577-da07-5c6f-8391-bb90e9822165"",""d7c5d484-54dc-5d1e-a3ac-65d60267a12c"",""f416cc8b-3bc2-5c4c-a91c-c56faf748684""]",1,1,1,1,1,1,T,1,1,0,3,3,UF3,0,0,prespecified_B_E,False,explicit in unit columns; exact fractions retained,binary
M7-analysis-v5,E-BB,UF3:cell:E-BB,dbb63e68d4ed9e904fa985aa5b88d674205b6caab086a8d981ac8918a9c68fb5,"[""4afc763c-033e-501c-9c9c-453207d31e62"",""1fed9611-d0cc-51e5-86e7-4ba237c836a2"",""0e4d4039-5409-5be7-a300-ded85e9c22d7"",""1c4afc6f-6679-57b7-ab6b-cec3053e85a1"",""76216ff6-0dab-5f43-913f-741c2deb7596"",""fe7c5fea-171a-5d3e-b93c-b9d53dca7c67"",""784c942d-b222-5013-a2e4-de4aa477a143"",""2f2d84f4-6f41-5df7-a828-cc0a3d9cdddf"",""c68f6332-f200-5595-940d-e5bcad78f1fe"",""54c3aba8-cb42-5023-9591-5cdd68bdd7c5"",""b9ac296e-4c6c-5cdc-9e03-14868c124af2"",""022ddff9-4332-5ba5-b884-42537f220a0c"",""0d262496-18e1-5973-84a6-84fbda64d0ff"",""447860c8-1d56-518b-88ad-7e103990b756"",""616ecfda-7163-5a8d-ba60-01f623d8b124"",""656bacfc-b102-5379-8db2-2f9f127621e0"",""88f2e658-6155-5924-bc85-63fe2aabb08a"",""9f032fb3-90ca-5749-aff5-1065077ac10e"",""4d2e4005-a84b-525b-a492-d367c5e405d0"",""12b20e20-e117-5c00-83bc-e589b92b730e"",""e97a5398-37b9-5e89-91a9-9b3ae48d9534"",""7a8f92c5-5f85-593a-bf90-08e13c60a2e6"",""aa66f5e3-ac0e-57d6-9b69-aa54ea7c4fb9"",""d07b7490-853e-562b-b662-305e89e7718d"",""596c0800-372d-5056-8a35-9f8661656bf4"",""d08816e6-d4d6-5f35-9de3-d86528fa7a96"",""2e126757-f17e-5ee2-93db-94d31ed944b2"",""5e1af4e2-330f-563f-b639-2d3cd8d276c8"",""49cd1889-2a56-5913-8723-929335f68874"",""82b898ba-3b6d-567f-8996-4f259b74547e"",""d38eb7d2-e78b-5c2f-93e4-2e34846e80e6"",""33effc64-dcfe-5ced-badf-c4df49f68dc1"",""a3a03b99-34c0-504b-b529-32b798db318a"",""8b3ec7b0-123f-5597-95f7-1fafc5810d01"",""035c5442-19b8-5a84-8a59-b352a9660279"",""d6d45010-72fa-5741-b733-88958a8795d2"",""ab8215e5-b753-5a6a-a4e7-ad9caf42eeac"",""1b20061c-b208-551a-b06c-81ffeff623fc"",""9b6d0913-2ae6-5dab-ab36-d05e1c51b208"",""a27c1fb2-edc1-57e6-9d74-adb5a13fed3b"",""4696448b-8c21-591b-80cc-7344ea0b95ec"",""c1d75a33-928c-5636-b99c-def1fb29e0f5"",""61eebfb6-2555-5bce-ba71-7a750427392a"",""aba074a1-d451-595d-bc12-e257adbe7383"",""1ca34094-ee4d-5962-a78a-174d361a9cd3"",""7edb0577-da07-5c6f-8391-bb90e9822165"",""d7c5d484-54dc-5d1e-a3ac-65d60267a12c"",""f416cc8b-3bc2-5c4c-a91c-c56faf748684""]",1,1,1,1,1,1,T1,1,1,0,3,3,UF3,0,0,prespecified_B_E,False,explicit in unit columns; exact fractions retained,binary
M7-analysis-v5,E-BB,UF3:cell:E-BB,dbb63e68d4ed9e904fa985aa5b88d674205b6caab086a8d981ac8918a9c68fb5,"[""4afc763c-033e-501c-9c9c-453207d31e62"",""1fed9611-d0cc-51e5-86e7-4ba237c836a2"",""0e4d4039-5409-5be7-a300-ded85e9c22d7"",""1c4afc6f-6679-57b7-ab6b-cec3053e85a1"",""76216ff6-0dab-5f43-913f-741c2deb7596"",""fe7c5fea-171a-5d3e-b93c-b9d53dca7c67"",""784c942d-b222-5013-a2e4-de4aa477a143"",""2f2d84f4-6f41-5df7-a828-cc0a3d9cdddf"",""c68f6332-f200-5595-940d-e5bcad78f1fe"",""54c3aba8-cb42-5023-9591-5cdd68bdd7c5"",""b9ac296e-4c6c-5cdc-9e03-14868c124af2"",""022ddff9-4332-5ba5-b884-42537f220a0c"",""0d262496-18e1-5973-84a6-84fbda64d0ff"",""447860c8-1d56-518b-88ad-7e103990b756"",""616ecfda-7163-5a8d-ba60-01f623d8b124"",""656bacfc-b102-5379-8db2-2f9f127621e0"",""88f2e658-6155-5924-bc85-63fe2aabb08a"",""9f032fb3-90ca-5749-aff5-1065077ac10e"",""4d2e4005-a84b-525b-a492-d367c5e405d0"",""12b20e20-e117-5c00-83bc-e589b92b730e"",""e97a5398-37b9-5e89-91a9-9b3ae48d9534"",""7a8f92c5-5f85-593a-bf90-08e13c60a2e6"",""aa66f5e3-ac0e-57d6-9b69-aa54ea7c4fb9"",""d07b7490-853e-562b-b662-305e89e7718d"",""596c0800-372d-5056-8a35-9f8661656bf4"",""d08816e6-d4d6-5f35-9de3-d86528fa7a96"",""2e126757-f17e-5ee2-93db-94d31ed944b2"",""5e1af4e2-330f-563f-b639-2d3cd8d276c8"",""49cd1889-2a56-5913-8723-929335f68874"",""82b898ba-3b6d-567f-8996-4f259b74547e"",""d38eb7d2-e78b-5c2f-93e4-2e34846e80e6"",""33effc64-dcfe-5ced-badf-c4df49f68dc1"",""a3a03b99-34c0-504b-b529-32b798db318a"",""8b3ec7b0-123f-5597-95f7-1fafc5810d01"",""035c5442-19b8-5a84-8a59-b352a9660279"",""d6d45010-72fa-5741-b733-88958a8795d2"",""ab8215e5-b753-5a6a-a4e7-ad9caf42eeac"",""1b20061c-b208-551a-b06c-81ffeff623fc"",""9b6d0913-2ae6-5dab-ab36-d05e1c51b208"",""a27c1fb2-edc1-57e6-9d74-adb5a13fed3b"",""4696448b-8c21-591b-80cc-7344ea0b95ec"",""c1d75a33-928c-5636-b99c-def1fb29e0f5"",""61eebfb6-2555-5bce-ba71-7a750427392a"",""aba074a1-d451-595d-bc12-e257adbe7383"",""1ca34094-ee4d-5962-a78a-174d361a9cd3"",""7edb0577-da07-5c6f-8391-bb90e9822165"",""d7c5d484-54dc-5d1e-a3ac-65d60267a12c"",""f416cc8b-3bc2-5c4c-a91c-c56faf748684""]",1,1,1,1,1,1,T2,1,1,0,3,3,UF3,0,0,prespecified_B_E,False,explicit in unit columns; exact fractions retained,binary
M7-analysis-v5,E-BB,UF3:cell:E-BB,dbb63e68d4ed9e904fa985aa5b88d674205b6caab086a8d981ac8918a9c68fb5,"[""4afc763c-033e-501c-9c9c-453207d31e62"",""1fed9611-d0cc-51e5-86e7-4ba237c836a2"",""0e4d4039-5409-5be7-a300-ded85e9c22d7"",""1c4afc6f-6679-57b7-ab6b-cec3053e85a1"",""76216ff6-0dab-5f43-913f-741c2deb7596"",""fe7c5fea-171a-5d3e-b93c-b9d53dca7c67"",""784c942d-b222-5013-a2e4-de4aa477a143"",""2f2d84f4-6f41-5df7-a828-cc0a3d9cdddf"",""c68f6332-f200-5595-940d-e5bcad78f1fe"",""54c3aba8-cb42-5023-9591-5cdd68bdd7c5"",""b9ac296e-4c6c-5cdc-9e03-14868c124af2"",""022ddff9-4332-5ba5-b884-42537f220a0c"",""0d262496-18e1-5973-84a6-84fbda64d0ff"",""447860c8-1d56-518b-88ad-7e103990b756"",""616ecfda-7163-5a8d-ba60-01f623d8b124"",""656bacfc-b102-5379-8db2-2f9f127621e0"",""88f2e658-6155-5924-bc85-63fe2aabb08a"",""9f032fb3-90ca-5749-aff5-1065077ac10e"",""4d2e4005-a84b-525b-a492-d367c5e405d0"",""12b20e20-e117-5c00-83bc-e589b92b730e"",""e97a5398-37b9-5e89-91a9-9b3ae48d9534"",""7a8f92c5-5f85-593a-bf90-08e13c60a2e6"",""aa66f5e3-ac0e-57d6-9b69-aa54ea7c4fb9"",""d07b7490-853e-562b-b662-305e89e7718d"",""596c0800-372d-5056-8a35-9f8661656bf4"",""d08816e6-d4d6-5f35-9de3-d86528fa7a96"",""2e126757-f17e-5ee2-93db-94d31ed944b2"",""5e1af4e2-330f-563f-b639-2d3cd8d276c8"",""49cd1889-2a56-5913-8723-929335f68874"",""82b898ba-3b6d-567f-8996-4f259b74547e"",""d38eb7d2-e78b-5c2f-93e4-2e34846e80e6"",""33effc64-dcfe-5ced-badf-c4df49f68dc1"",""a3a03b99-34c0-504b-b529-32b798db318a"",""8b3ec7b0-123f-5597-95f7-1fafc5810d01"",""035c5442-19b8-5a84-8a59-b352a9660279"",""d6d45010-72fa-5741-b733-88958a8795d2"",""ab8215e5-b753-5a6a-a4e7-ad9caf42eeac"",""1b20061c-b208-551a-b06c-81ffeff623fc"",""9b6d0913-2ae6-5dab-ab36-d05e1c51b208"",""a27c1fb2-edc1-57e6-9d74-adb5a13fed3b"",""4696448b-8c21-591b-80cc-7344ea0b95ec"",""c1d75a33-928c-5636-b99c-def1fb29e0f5"",""61eebfb6-2555-5bce-ba71-7a750427392a"",""aba074a1-d451-595d-bc12-e257adbe7383"",""1ca34094-ee4d-5962-a78a-174d361a9cd3"",""7edb0577-da07-5c6f-8391-bb90e9822165"",""d7c5d484-54dc-5d1e-a3ac-65d60267a12c"",""f416cc8b-3bc2-5c4c-a91c-c56faf748684""]",1,1,1,1,1,1,T3,1,1,0,3,3,UF3,0,0,prespecified_B_E,False,explicit in unit columns; exact fractions retained,binary
M7-analysis-v5,E-BB,UF3:cell:E-BB,dbb63e68d4ed9e904fa985aa5b88d674205b6caab086a8d981ac8918a9c68fb5,"[""4afc763c-033e-501c-9c9c-453207d31e62"",""1fed9611-d0cc-51e5-86e7-4ba237c836a2"",""0e4d4039-5409-5be7-a300-ded85e9c22d7"",""1c4afc6f-6679-57b7-ab6b-cec3053e85a1"",""76216ff6-0dab-5f43-913f-741c2deb7596"",""fe7c5fea-171a-5d3e-b93c-b9d53dca7c67"",""784c942d-b222-5013-a2e4-de4aa477a143"",""2f2d84f4-6f41-5df7-a828-cc0a3d9cdddf"",""c68f6332-f200-5595-940d-e5bcad78f1fe"",""54c3aba8-cb42-5023-9591-5cdd68bdd7c5"",""b9ac296e-4c6c-5cdc-9e03-14868c124af2"",""022ddff9-4332-5ba5-b884-42537f220a0c"",""0d262496-18e1-5973-84a6-84fbda64d0ff"",""447860c8-1d56-518b-88ad-7e103990b756"",""616ecfda-7163-5a8d-ba60-01f623d8b124"",""656bacfc-b102-5379-8db2-2f9f127621e0"",""88f2e658-6155-5924-bc85-63fe2aabb08a"",""9f032fb3-90ca-5749-aff5-1065077ac10e"",""4d2e4005-a84b-525b-a492-d367c5e405d0"",""12b20e20-e117-5c00-83bc-e589b92b730e"",""e97a5398-37b9-5e89-91a9-9b3ae48d9534"",""7a8f92c5-5f85-593a-bf90-08e13c60a2e6"",""aa66f5e3-ac0e-57d6-9b69-aa54ea7c4fb9"",""d07b7490-853e-562b-b662-305e89e7718d"",""596c0800-372d-5056-8a35-9f8661656bf4"",""d08816e6-d4d6-5f35-9de3-d86528fa7a96"",""2e126757-f17e-5ee2-93db-94d31ed944b2"",""5e1af4e2-330f-563f-b639-2d3cd8d276c8"",""49cd1889-2a56-5913-8723-929335f68874"",""82b898ba-3b6d-567f-8996-4f259b74547e"",""d38eb7d2-e78b-5c2f-93e4-2e34846e80e6"",""33effc64-dcfe-5ced-badf-c4df49f68dc1"",""a3a03b99-34c0-504b-b529-32b798db318a"",""8b3ec7b0-123f-5597-95f7-1fafc5810d01"",""035c5442-19b8-5a84-8a59-b352a9660279"",""d6d45010-72fa-5741-b733-88958a8795d2"",""ab8215e5-b753-5a6a-a4e7-ad9caf42eeac"",""1b20061c-b208-551a-b06c-81ffeff623fc"",""9b6d0913-2ae6-5dab-ab36-d05e1c51b208"",""a27c1fb2-edc1-57e6-9d74-adb5a13fed3b"",""4696448b-8c21-591b-80cc-7344ea0b95ec"",""c1d75a33-928c-5636-b99c-def1fb29e0f5"",""61eebfb6-2555-5bce-ba71-7a750427392a"",""aba074a1-d451-595d-bc12-e257adbe7383"",""1ca34094-ee4d-5962-a78a-174d361a9cd3"",""7edb0577-da07-5c6f-8391-bb90e9822165"",""d7c5d484-54dc-5d1e-a3ac-65d60267a12c"",""f416cc8b-3bc2-5c4c-a91c-c56faf748684""]",1,1,1,1,1,1,T4,1,1,0,3,3,UF3,0,0,prespecified_B_E,False,explicit in unit columns; exact fractions retained,binary
M7-analysis-v5,E-BB,UF3:cell:E-BB,dbb63e68d4ed9e904fa985aa5b88d674205b6caab086a8d981ac8918a9c68fb5,"[""4afc763c-033e-501c-9c9c-453207d31e62"",""1fed9611-d0cc-51e5-86e7-4ba237c836a2"",""0e4d4039-5409-5be7-a300-ded85e9c22d7"",""1c4afc6f-6679-57b7-ab6b-cec3053e85a1"",""76216ff6-0dab-5f43-913f-741c2deb7596"",""fe7c5fea-171a-5d3e-b93c-b9d53dca7c67"",""784c942d-b222-5013-a2e4-de4aa477a143"",""2f2d84f4-6f41-5df7-a828-cc0a3d9cdddf"",""c68f6332-f200-5595-940d-e5bcad78f1fe"",""54c3aba8-cb42-5023-9591-5cdd68bdd7c5"",""b9ac296e-4c6c-5cdc-9e03-14868c124af2"",""022ddff9-4332-5ba5-b884-42537f220a0c"",""0d262496-18e1-5973-84a6-84fbda64d0ff"",""447860c8-1d56-518b-88ad-7e103990b756"",""616ecfda-7163-5a8d-ba60-01f623d8b124"",""656bacfc-b102-5379-8db2-2f9f127621e0"",""88f2e658-6155-5924-bc85-63fe2aabb08a"",""9f032fb3-90ca-5749-aff5-1065077ac10e"",""4d2e4005-a84b-525b-a492-d367c5e405d0"",""12b20e20-e117-5c00-83bc-e589b92b730e"",""e97a5398-37b9-5e89-91a9-9b3ae48d9534"",""7a8f92c5-5f85-593a-bf90-08e13c60a2e6"",""aa66f5e3-ac0e-57d6-9b69-aa54ea7c4fb9"",""d07b7490-853e-562b-b662-305e89e7718d"",""596c0800-372d-5056-8a35-9f8661656bf4"",""d08816e6-d4d6-5f35-9de3-d86528fa7a96"",""2e126757-f17e-5ee2-93db-94d31ed944b2"",""5e1af4e2-330f-563f-b639-2d3cd8d276c8"",""49cd1889-2a56-5913-8723-929335f68874"",""82b898ba-3b6d-567f-8996-4f259b74547e"",""d38eb7d2-e78b-5c2f-93e4-2e34846e80e6"",""33effc64-dcfe-5ced-badf-c4df49f68dc1"",""a3a03b99-34c0-504b-b529-32b798db318a"",""8b3ec7b0-123f-5597-95f7-1fafc5810d01"",""035c5442-19b8-5a84-8a59-b352a9660279"",""d6d45010-72fa-5741-b733-88958a8795d2"",""ab8215e5-b753-5a6a-a4e7-ad9caf42eeac"",""1b20061c-b208-551a-b06c-81ffeff623fc"",""9b6d0913-2ae6-5dab-ab36-d05e1c51b208"",""a27c1fb2-edc1-57e6-9d74-adb5a13fed3b"",""4696448b-8c21-591b-80cc-7344ea0b95ec"",""c1d75a33-928c-5636-b99c-def1fb29e0f5"",""61eebfb6-2555-5bce-ba71-7a750427392a"",""aba074a1-d451-595d-bc12-e257adbe7383"",""1ca34094-ee4d-5962-a78a-174d361a9cd3"",""7edb0577-da07-5c6f-8391-bb90e9822165"",""d7c5d484-54dc-5d1e-a3ac-65d60267a12c"",""f416cc8b-3bc2-5c4c-a91c-c56faf748684""]",1,1,1,1,1,1,T5,1,1,0,3,3,UF3,0,0,prespecified_B_E,False,explicit in unit columns; exact fractions retained,binary
M7-analysis-v5,E-BB,UF3:cell:E-BB,dbb63e68d4ed9e904fa985aa5b88d674205b6caab086a8d981ac8918a9c68fb5,"[""4afc763c-033e-501c-9c9c-453207d31e62"",""1fed9611-d0cc-51e5-86e7-4ba237c836a2"",""0e4d4039-5409-5be7-a300-ded85e9c22d7"",""1c4afc6f-6679-57b7-ab6b-cec3053e85a1"",""76216ff6-0dab-5f43-913f-741c2deb7596"",""fe7c5fea-171a-5d3e-b93c-b9d53dca7c67"",""784c942d-b222-5013-a2e4-de4aa477a143"",""2f2d84f4-6f41-5df7-a828-cc0a3d9cdddf"",""c68f6332-f200-5595-940d-e5bcad78f1fe"",""54c3aba8-cb42-5023-9591-5cdd68bdd7c5"",""b9ac296e-4c6c-5cdc-9e03-14868c124af2"",""022ddff9-4332-5ba5-b884-42537f220a0c"",""0d262496-18e1-5973-84a6-84fbda64d0ff"",""447860c8-1d56-518b-88ad-7e103990b756"",""616ecfda-7163-5a8d-ba60-01f623d8b124"",""656bacfc-b102-5379-8db2-2f9f127621e0"",""88f2e658-6155-5924-bc85-63fe2aabb08a"",""9f032fb3-90ca-5749-aff5-1065077ac10e"",""4d2e4005-a84b-525b-a492-d367c5e405d0"",""12b20e20-e117-5c00-83bc-e589b92b730e"",""e97a5398-37b9-5e89-91a9-9b3ae48d9534"",""7a8f92c5-5f85-593a-bf90-08e13c60a2e6"",""aa66f5e3-ac0e-57d6-9b69-aa54ea7c4fb9"",""d07b7490-853e-562b-b662-305e89e7718d"",""596c0800-372d-5056-8a35-9f8661656bf4"",""d08816e6-d4d6-5f35-9de3-d86528fa7a96"",""2e126757-f17e-5ee2-93db-94d31ed944b2"",""5e1af4e2-330f-563f-b639-2d3cd8d276c8"",""49cd1889-2a56-5913-8723-929335f68874"",""82b898ba-3b6d-567f-8996-4f259b74547e"",""d38eb7d2-e78b-5c2f-93e4-2e34846e80e6"",""33effc64-dcfe-5ced-badf-c4df49f68dc1"",""a3a03b99-34c0-504b-b529-32b798db318a"",""8b3ec7b0-123f-5597-95f7-1fafc5810d01"",""035c5442-19b8-5a84-8a59-b352a9660279"",""d6d45010-72fa-5741-b733-88958a8795d2"",""ab8215e5-b753-5a6a-a4e7-ad9caf42eeac"",""1b20061c-b208-551a-b06c-81ffeff623fc"",""9b6d0913-2ae6-5dab-ab36-d05e1c51b208"",""a27c1fb2-edc1-57e6-9d74-adb5a13fed3b"",""4696448b-8c21-591b-80cc-7344ea0b95ec"",""c1d75a33-928c-5636-b99c-def1fb29e0f5"",""61eebfb6-2555-5bce-ba71-7a750427392a"",""aba074a1-d451-595d-bc12-e257adbe7383"",""1ca34094-ee4d-5962-a78a-174d361a9cd3"",""7edb0577-da07-5c6f-8391-bb90e9822165"",""d7c5d484-54dc-5d1e-a3ac-65d60267a12c"",""f416cc8b-3bc2-5c4c-a91c-c56faf748684""]",1,1,1,1,1,1,full_success,1,1,0,3,3,UF3,0,0,prespecified_B_E,False,explicit in unit columns; exact fractions retained,binary
M7-analysis-v5,E-BB,UF3:cell:E-BB,dbb63e68d4ed9e904fa985aa5b88d674205b6caab086a8d981ac8918a9c68fb5,"[""4afc763c-033e-501c-9c9c-453207d31e62"",""1fed9611-d0cc-51e5-86e7-4ba237c836a2"",""0e4d4039-5409-5be7-a300-ded85e9c22d7"",""1c4afc6f-6679-57b7-ab6b-cec3053e85a1"",""76216ff6-0dab-5f43-913f-741c2deb7596"",""fe7c5fea-171a-5d3e-b93c-b9d53dca7c67"",""784c942d-b222-5013-a2e4-de4aa477a143"",""2f2d84f4-6f41-5df7-a828-cc0a3d9cdddf"",""c68f6332-f200-5595-940d-e5bcad78f1fe"",""54c3aba8-cb42-5023-9591-5cdd68bdd7c5"",""b9ac296e-4c6c-5cdc-9e03-14868c124af2"",""022ddff9-4332-5ba5-b884-42537f220a0c"",""0d262496-18e1-5973-84a6-84fbda64d0ff"",""447860c8-1d56-518b-88ad-7e103990b756"",""616ecfda-7163-5a8d-ba60-01f623d8b124"",""656bacfc-b102-5379-8db2-2f9f127621e0"",""88f2e658-6155-5924-bc85-63fe2aabb08a"",""9f032fb3-90ca-5749-aff5-1065077ac10e"",""4d2e4005-a84b-525b-a492-d367c5e405d0"",""12b20e20-e117-5c00-83bc-e589b92b730e"",""e97a5398-37b9-5e89-91a9-9b3ae48d9534"",""7a8f92c5-5f85-593a-bf90-08e13c60a2e6"",""aa66f5e3-ac0e-57d6-9b69-aa54ea7c4fb9"",""d07b7490-853e-562b-b662-305e89e7718d"",""596c0800-372d-5056-8a35-9f8661656bf4"",""d08816e6-d4d6-5f35-9de3-d86528fa7a96"",""2e126757-f17e-5ee2-93db-94d31ed944b2"",""5e1af4e2-330f-563f-b639-2d3cd8d276c8"",""49cd1889-2a56-5913-8723-929335f68874"",""82b898ba-3b6d-567f-8996-4f259b74547e"",""d38eb7d2-e78b-5c2f-93e4-2e34846e80e6"",""33effc64-dcfe-5ced-badf-c4df49f68dc1"",""a3a03b99-34c0-504b-b529-32b798db318a"",""8b3ec7b0-123f-5597-95f7-1fafc5810d01"",""035c5442-19b8-5a84-8a59-b352a9660279"",""d6d45010-72fa-5741-b733-88958a8795d2"",""ab8215e5-b753-5a6a-a4e7-ad9caf42eeac"",""1b20061c-b208-551a-b06c-81ffeff623fc"",""9b6d0913-2ae6-5dab-ab36-d05e1c51b208"",""a27c1fb2-edc1-57e6-9d74-adb5a13fed3b"",""4696448b-8c21-591b-80cc-7344ea0b95ec"",""c1d75a33-928c-5636-b99c-def1fb29e0f5"",""61eebfb6-2555-5bce-ba71-7a750427392a"",""aba074a1-d451-595d-bc12-e257adbe7383"",""1ca34094-ee4d-5962-a78a-174d361a9cd3"",""7edb0577-da07-5c6f-8391-bb90e9822165"",""d7c5d484-54dc-5d1e-a3ac-65d60267a12c"",""f416cc8b-3bc2-5c4c-a91c-c56faf748684""]",1,1,1,1,1,1,raw_pass_ratio,1,1,0,3,3,UF3,0,0,prespecified_B_E,False,explicit in unit columns; exact fractions retained,ratio
M7-analysis-v5,E-BB,UF3:cell:E-BB,dbb63e68d4ed9e904fa985aa5b88d674205b6caab086a8d981ac8918a9c68fb5,"[""4afc763c-033e-501c-9c9c-453207d31e62"",""1fed9611-d0cc-51e5-86e7-4ba237c836a2"",""0e4d4039-5409-5be7-a300-ded85e9c22d7"",""1c4afc6f-6679-57b7-ab6b-cec3053e85a1"",""76216ff6-0dab-5f43-913f-741c2deb7596"",""fe7c5fea-171a-5d3e-b93c-b9d53dca7c67"",""784c942d-b222-5013-a2e4-de4aa477a143"",""2f2d84f4-6f41-5df7-a828-cc0a3d9cdddf"",""c68f6332-f200-5595-940d-e5bcad78f1fe"",""54c3aba8-cb42-5023-9591-5cdd68bdd7c5"",""b9ac296e-4c6c-5cdc-9e03-14868c124af2"",""022ddff9-4332-5ba5-b884-42537f220a0c"",""0d262496-18e1-5973-84a6-84fbda64d0ff"",""447860c8-1d56-518b-88ad-7e103990b756"",""616ecfda-7163-5a8d-ba60-01f623d8b124"",""656bacfc-b102-5379-8db2-2f9f127621e0"",""88f2e658-6155-5924-bc85-63fe2aabb08a"",""9f032fb3-90ca-5749-aff5-1065077ac10e"",""4d2e4005-a84b-525b-a492-d367c5e405d0"",""12b20e20-e117-5c00-83bc-e589b92b730e"",""e97a5398-37b9-5e89-91a9-9b3ae48d9534"",""7a8f92c5-5f85-593a-bf90-08e13c60a2e6"",""aa66f5e3-ac0e-57d6-9b69-aa54ea7c4fb9"",""d07b7490-853e-562b-b662-305e89e7718d"",""596c0800-372d-5056-8a35-9f8661656bf4"",""d08816e6-d4d6-5f35-9de3-d86528fa7a96"",""2e126757-f17e-5ee2-93db-94d31ed944b2"",""5e1af4e2-330f-563f-b639-2d3cd8d276c8"",""49cd1889-2a56-5913-8723-929335f68874"",""82b898ba-3b6d-567f-8996-4f259b74547e"",""d38eb7d2-e78b-5c2f-93e4-2e34846e80e6"",""33effc64-dcfe-5ced-badf-c4df49f68dc1"",""a3a03b99-34c0-504b-b529-32b798db318a"",""8b3ec7b0-123f-5597-95f7-1fafc5810d01"",""035c5442-19b8-5a84-8a59-b352a9660279"",""d6d45010-72fa-5741-b733-88958a8795d2"",""ab8215e5-b753-5a6a-a4e7-ad9caf42eeac"",""1b20061c-b208-551a-b06c-81ffeff623fc"",""9b6d0913-2ae6-5dab-ab36-d05e1c51b208"",""a27c1fb2-edc1-57e6-9d74-adb5a13fed3b"",""4696448b-8c21-591b-80cc-7344ea0b95ec"",""c1d75a33-928c-5636-b99c-def1fb29e0f5"",""61eebfb6-2555-5bce-ba71-7a750427392a"",""aba074a1-d451-595d-bc12-e257adbe7383"",""1ca34094-ee4d-5962-a78a-174d361a9cd3"",""7edb0577-da07-5c6f-8391-bb90e9822165"",""d7c5d484-54dc-5d1e-a3ac-65d60267a12c"",""f416cc8b-3bc2-5c4c-a91c-c56faf748684""]",1282.45268221,128245268221/100000000,1155.488474053333333333333333333333333333,43330817777/37500000,1126.07594305,22521518861/20000000,pipeline_seconds,1057.9367969,10579367969/10000000,0,3,3,UF3,115.1115477445673208598822759321897097833,115.1115477445673208598822759321897097833,prespecified_B_E,False,explicit in unit columns; exact fractions retained,s
M7-analysis-v5,E-BB,UF3:cell:E-BB,dbb63e68d4ed9e904fa985aa5b88d674205b6caab086a8d981ac8918a9c68fb5,"[""4afc763c-033e-501c-9c9c-453207d31e62"",""1fed9611-d0cc-51e5-86e7-4ba237c836a2"",""0e4d4039-5409-5be7-a300-ded85e9c22d7"",""1c4afc6f-6679-57b7-ab6b-cec3053e85a1"",""76216ff6-0dab-5f43-913f-741c2deb7596"",""fe7c5fea-171a-5d3e-b93c-b9d53dca7c67"",""784c942d-b222-5013-a2e4-de4aa477a143"",""2f2d84f4-6f41-5df7-a828-cc0a3d9cdddf"",""c68f6332-f200-5595-940d-e5bcad78f1fe"",""54c3aba8-cb42-5023-9591-5cdd68bdd7c5"",""b9ac296e-4c6c-5cdc-9e03-14868c124af2"",""022ddff9-4332-5ba5-b884-42537f220a0c"",""0d262496-18e1-5973-84a6-84fbda64d0ff"",""447860c8-1d56-518b-88ad-7e103990b756"",""616ecfda-7163-5a8d-ba60-01f623d8b124"",""656bacfc-b102-5379-8db2-2f9f127621e0"",""88f2e658-6155-5924-bc85-63fe2aabb08a"",""9f032fb3-90ca-5749-aff5-1065077ac10e"",""4d2e4005-a84b-525b-a492-d367c5e405d0"",""12b20e20-e117-5c00-83bc-e589b92b730e"",""e97a5398-37b9-5e89-91a9-9b3ae48d9534"",""7a8f92c5-5f85-593a-bf90-08e13c60a2e6"",""aa66f5e3-ac0e-57d6-9b69-aa54ea7c4fb9"",""d07b7490-853e-562b-b662-305e89e7718d"",""596c0800-372d-5056-8a35-9f8661656bf4"",""d08816e6-d4d6-5f35-9de3-d86528fa7a96"",""2e126757-f17e-5ee2-93db-94d31ed944b2"",""5e1af4e2-330f-563f-b639-2d3cd8d276c8"",""49cd1889-2a56-5913-8723-929335f68874"",""82b898ba-3b6d-567f-8996-4f259b74547e"",""d38eb7d2-e78b-5c2f-93e4-2e34846e80e6"",""33effc64-dcfe-5ced-badf-c4df49f68dc1"",""a3a03b99-34c0-504b-b529-32b798db318a"",""8b3ec7b0-123f-5597-95f7-1fafc5810d01"",""035c5442-19b8-5a84-8a59-b352a9660279"",""d6d45010-72fa-5741-b733-88958a8795d2"",""ab8215e5-b753-5a6a-a4e7-ad9caf42eeac"",""1b20061c-b208-551a-b06c-81ffeff623fc"",""9b6d0913-2ae6-5dab-ab36-d05e1c51b208"",""a27c1fb2-edc1-57e6-9d74-adb5a13fed3b"",""4696448b-8c21-591b-80cc-7344ea0b95ec"",""c1d75a33-928c-5636-b99c-def1fb29e0f5"",""61eebfb6-2555-5bce-ba71-7a750427392a"",""aba074a1-d451-595d-bc12-e257adbe7383"",""1ca34094-ee4d-5962-a78a-174d361a9cd3"",""7edb0577-da07-5c6f-8391-bb90e9822165"",""d7c5d484-54dc-5d1e-a3ac-65d60267a12c"",""f416cc8b-3bc2-5c4c-a91c-c56faf748684""]",1282.45268221,128245268221/100000000,1155.488474053333333333333333333333333333,43330817777/37500000,1126.07594305,22521518861/20000000,total_seconds,1057.9367969,10579367969/10000000,0,3,3,UF3,115.1115477445673208598822759321897097833,115.1115477445673208598822759321897097833,prespecified_B_E,False,explicit in unit columns; exact fractions retained,s
M7-analysis-v5,E-BB,UF3:cell:E-BB,dbb63e68d4ed9e904fa985aa5b88d674205b6caab086a8d981ac8918a9c68fb5,"[""4afc763c-033e-501c-9c9c-453207d31e62"",""1fed9611-d0cc-51e5-86e7-4ba237c836a2"",""0e4d4039-5409-5be7-a300-ded85e9c22d7"",""1c4afc6f-6679-57b7-ab6b-cec3053e85a1"",""76216ff6-0dab-5f43-913f-741c2deb7596"",""fe7c5fea-171a-5d3e-b93c-b9d53dca7c67"",""784c942d-b222-5013-a2e4-de4aa477a143"",""2f2d84f4-6f41-5df7-a828-cc0a3d9cdddf"",""c68f6332-f200-5595-940d-e5bcad78f1fe"",""54c3aba8-cb42-5023-9591-5cdd68bdd7c5"",""b9ac296e-4c6c-5cdc-9e03-14868c124af2"",""022ddff9-4332-5ba5-b884-42537f220a0c"",""0d262496-18e1-5973-84a6-84fbda64d0ff"",""447860c8-1d56-518b-88ad-7e103990b756"",""616ecfda-7163-5a8d-ba60-01f623d8b124"",""656bacfc-b102-5379-8db2-2f9f127621e0"",""88f2e658-6155-5924-bc85-63fe2aabb08a"",""9f032fb3-90ca-5749-aff5-1065077ac10e"",""4d2e4005-a84b-525b-a492-d367c5e405d0"",""12b20e20-e117-5c00-83bc-e589b92b730e"",""e97a5398-37b9-5e89-91a9-9b3ae48d9534"",""7a8f92c5-5f85-593a-bf90-08e13c60a2e6"",""aa66f5e3-ac0e-57d6-9b69-aa54ea7c4fb9"",""d07b7490-853e-562b-b662-305e89e7718d"",""596c0800-372d-5056-8a35-9f8661656bf4"",""d08816e6-d4d6-5f35-9de3-d86528fa7a96"",""2e126757-f17e-5ee2-93db-94d31ed944b2"",""5e1af4e2-330f-563f-b639-2d3cd8d276c8"",""49cd1889-2a56-5913-8723-929335f68874"",""82b898ba-3b6d-567f-8996-4f259b74547e"",""d38eb7d2-e78b-5c2f-93e4-2e34846e80e6"",""33effc64-dcfe-5ced-badf-c4df49f68dc1"",""a3a03b99-34c0-504b-b529-32b798db318a"",""8b3ec7b0-123f-5597-95f7-1fafc5810d01"",""035c5442-19b8-5a84-8a59-b352a9660279"",""d6d45010-72fa-5741-b733-88958a8795d2"",""ab8215e5-b753-5a6a-a4e7-ad9caf42eeac"",""1b20061c-b208-551a-b06c-81ffeff623fc"",""9b6d0913-2ae6-5dab-ab36-d05e1c51b208"",""a27c1fb2-edc1-57e6-9d74-adb5a13fed3b"",""4696448b-8c21-591b-80cc-7344ea0b95ec"",""c1d75a33-928c-5636-b99c-def1fb29e0f5"",""61eebfb6-2555-5bce-ba71-7a750427392a"",""aba074a1-d451-595d-bc12-e257adbe7383"",""1ca34094-ee4d-5962-a78a-174d361a9cd3"",""7edb0577-da07-5c6f-8391-bb90e9822165"",""d7c5d484-54dc-5d1e-a3ac-65d60267a12c"",""f416cc8b-3bc2-5c4c-a91c-c56faf748684""]",2,2,1.333333333333333333333333333333333333333,4/3,2,2,D,0,0,0,3,3,UF3,1.154700538379251529018297561003914911295,1.154700538379251529018297561003914911295,prespecified_B_E,False,explicit in unit columns; exact fractions retained,diagnoses
M7-analysis-v5,E-BB,UF3:cell:E-BB,dbb63e68d4ed9e904fa985aa5b88d674205b6caab086a8d981ac8918a9c68fb5,"[""4afc763c-033e-501c-9c9c-453207d31e62"",""1fed9611-d0cc-51e5-86e7-4ba237c836a2"",""0e4d4039-5409-5be7-a300-ded85e9c22d7"",""1c4afc6f-6679-57b7-ab6b-cec3053e85a1"",""76216ff6-0dab-5f43-913f-741c2deb7596"",""fe7c5fea-171a-5d3e-b93c-b9d53dca7c67"",""784c942d-b222-5013-a2e4-de4aa477a143"",""2f2d84f4-6f41-5df7-a828-cc0a3d9cdddf"",""c68f6332-f200-5595-940d-e5bcad78f1fe"",""54c3aba8-cb42-5023-9591-5cdd68bdd7c5"",""b9ac296e-4c6c-5cdc-9e03-14868c124af2"",""022ddff9-4332-5ba5-b884-42537f220a0c"",""0d262496-18e1-5973-84a6-84fbda64d0ff"",""447860c8-1d56-518b-88ad-7e103990b756"",""616ecfda-7163-5a8d-ba60-01f623d8b124"",""656bacfc-b102-5379-8db2-2f9f127621e0"",""88f2e658-6155-5924-bc85-63fe2aabb08a"",""9f032fb3-90ca-5749-aff5-1065077ac10e"",""4d2e4005-a84b-525b-a492-d367c5e405d0"",""12b20e20-e117-5c00-83bc-e589b92b730e"",""e97a5398-37b9-5e89-91a9-9b3ae48d9534"",""7a8f92c5-5f85-593a-bf90-08e13c60a2e6"",""aa66f5e3-ac0e-57d6-9b69-aa54ea7c4fb9"",""d07b7490-853e-562b-b662-305e89e7718d"",""596c0800-372d-5056-8a35-9f8661656bf4"",""d08816e6-d4d6-5f35-9de3-d86528fa7a96"",""2e126757-f17e-5ee2-93db-94d31ed944b2"",""5e1af4e2-330f-563f-b639-2d3cd8d276c8"",""49cd1889-2a56-5913-8723-929335f68874"",""82b898ba-3b6d-567f-8996-4f259b74547e"",""d38eb7d2-e78b-5c2f-93e4-2e34846e80e6"",""33effc64-dcfe-5ced-badf-c4df49f68dc1"",""a3a03b99-34c0-504b-b529-32b798db318a"",""8b3ec7b0-123f-5597-95f7-1fafc5810d01"",""035c5442-19b8-5a84-8a59-b352a9660279"",""d6d45010-72fa-5741-b733-88958a8795d2"",""ab8215e5-b753-5a6a-a4e7-ad9caf42eeac"",""1b20061c-b208-551a-b06c-81ffeff623fc"",""9b6d0913-2ae6-5dab-ab36-d05e1c51b208"",""a27c1fb2-edc1-57e6-9d74-adb5a13fed3b"",""4696448b-8c21-591b-80cc-7344ea0b95ec"",""c1d75a33-928c-5636-b99c-def1fb29e0f5"",""61eebfb6-2555-5bce-ba71-7a750427392a"",""aba074a1-d451-595d-bc12-e257adbe7383"",""1ca34094-ee4d-5962-a78a-174d361a9cd3"",""7edb0577-da07-5c6f-8391-bb90e9822165"",""d7c5d484-54dc-5d1e-a3ac-65d60267a12c"",""f416cc8b-3bc2-5c4c-a91c-c56faf748684""]",256,256,85.33333333333333333333333333333333333333,256/3,0,0,tokens.cache_read,0,0,0,3,3,UF3,147.8016689125441957143420878085011086458,147.8016689125441957143420878085011086458,prespecified_B_E,False,explicit in unit columns; exact fractions retained,tokens
M7-analysis-v5,E-BB,UF3:cell:E-BB,dbb63e68d4ed9e904fa985aa5b88d674205b6caab086a8d981ac8918a9c68fb5,"[""4afc763c-033e-501c-9c9c-453207d31e62"",""1fed9611-d0cc-51e5-86e7-4ba237c836a2"",""0e4d4039-5409-5be7-a300-ded85e9c22d7"",""1c4afc6f-6679-57b7-ab6b-cec3053e85a1"",""76216ff6-0dab-5f43-913f-741c2deb7596"",""fe7c5fea-171a-5d3e-b93c-b9d53dca7c67"",""784c942d-b222-5013-a2e4-de4aa477a143"",""2f2d84f4-6f41-5df7-a828-cc0a3d9cdddf"",""c68f6332-f200-5595-940d-e5bcad78f1fe"",""54c3aba8-cb42-5023-9591-5cdd68bdd7c5"",""b9ac296e-4c6c-5cdc-9e03-14868c124af2"",""022ddff9-4332-5ba5-b884-42537f220a0c"",""0d262496-18e1-5973-84a6-84fbda64d0ff"",""447860c8-1d56-518b-88ad-7e103990b756"",""616ecfda-7163-5a8d-ba60-01f623d8b124"",""656bacfc-b102-5379-8db2-2f9f127621e0"",""88f2e658-6155-5924-bc85-63fe2aabb08a"",""9f032fb3-90ca-5749-aff5-1065077ac10e"",""4d2e4005-a84b-525b-a492-d367c5e405d0"",""12b20e20-e117-5c00-83bc-e589b92b730e"",""e97a5398-37b9-5e89-91a9-9b3ae48d9534"",""7a8f92c5-5f85-593a-bf90-08e13c60a2e6"",""aa66f5e3-ac0e-57d6-9b69-aa54ea7c4fb9"",""d07b7490-853e-562b-b662-305e89e7718d"",""596c0800-372d-5056-8a35-9f8661656bf4"",""d08816e6-d4d6-5f35-9de3-d86528fa7a96"",""2e126757-f17e-5ee2-93db-94d31ed944b2"",""5e1af4e2-330f-563f-b639-2d3cd8d276c8"",""49cd1889-2a56-5913-8723-929335f68874"",""82b898ba-3b6d-567f-8996-4f259b74547e"",""d38eb7d2-e78b-5c2f-93e4-2e34846e80e6"",""33effc64-dcfe-5ced-badf-c4df49f68dc1"",""a3a03b99-34c0-504b-b529-32b798db318a"",""8b3ec7b0-123f-5597-95f7-1fafc5810d01"",""035c5442-19b8-5a84-8a59-b352a9660279"",""d6d45010-72fa-5741-b733-88958a8795d2"",""ab8215e5-b753-5a6a-a4e7-ad9caf42eeac"",""1b20061c-b208-551a-b06c-81ffeff623fc"",""9b6d0913-2ae6-5dab-ab36-d05e1c51b208"",""a27c1fb2-edc1-57e6-9d74-adb5a13fed3b"",""4696448b-8c21-591b-80cc-7344ea0b95ec"",""c1d75a33-928c-5636-b99c-def1fb29e0f5"",""61eebfb6-2555-5bce-ba71-7a750427392a"",""aba074a1-d451-595d-bc12-e257adbe7383"",""1ca34094-ee4d-5962-a78a-174d361a9cd3"",""7edb0577-da07-5c6f-8391-bb90e9822165"",""d7c5d484-54dc-5d1e-a3ac-65d60267a12c"",""f416cc8b-3bc2-5c4c-a91c-c56faf748684""]",3.636363636363636363636363636363636363636,40/11,2.323232323232323232323232323232323232323,230/99,3.333333333333333333333333333333333333333,10/3,S,0,0,0,3,3,UF3,2.017675187417997870280846699803867393723,2.017675187417997870280846699803867393723,prespecified_B_E,False,explicit in unit columns; exact fractions retained,diagnoses_per_100_lines
M7-analysis-v5,E-BB,UF3:cell:E-BB,dbb63e68d4ed9e904fa985aa5b88d674205b6caab086a8d981ac8918a9c68fb5,"[""4afc763c-033e-501c-9c9c-453207d31e62"",""1fed9611-d0cc-51e5-86e7-4ba237c836a2"",""0e4d4039-5409-5be7-a300-ded85e9c22d7"",""1c4afc6f-6679-57b7-ab6b-cec3053e85a1"",""76216ff6-0dab-5f43-913f-741c2deb7596"",""fe7c5fea-171a-5d3e-b93c-b9d53dca7c67"",""784c942d-b222-5013-a2e4-de4aa477a143"",""2f2d84f4-6f41-5df7-a828-cc0a3d9cdddf"",""c68f6332-f200-5595-940d-e5bcad78f1fe"",""54c3aba8-cb42-5023-9591-5cdd68bdd7c5"",""b9ac296e-4c6c-5cdc-9e03-14868c124af2"",""022ddff9-4332-5ba5-b884-42537f220a0c"",""0d262496-18e1-5973-84a6-84fbda64d0ff"",""447860c8-1d56-518b-88ad-7e103990b756"",""616ecfda-7163-5a8d-ba60-01f623d8b124"",""656bacfc-b102-5379-8db2-2f9f127621e0"",""88f2e658-6155-5924-bc85-63fe2aabb08a"",""9f032fb3-90ca-5749-aff5-1065077ac10e"",""4d2e4005-a84b-525b-a492-d367c5e405d0"",""12b20e20-e117-5c00-83bc-e589b92b730e"",""e97a5398-37b9-5e89-91a9-9b3ae48d9534"",""7a8f92c5-5f85-593a-bf90-08e13c60a2e6"",""aa66f5e3-ac0e-57d6-9b69-aa54ea7c4fb9"",""d07b7490-853e-562b-b662-305e89e7718d"",""596c0800-372d-5056-8a35-9f8661656bf4"",""d08816e6-d4d6-5f35-9de3-d86528fa7a96"",""2e126757-f17e-5ee2-93db-94d31ed944b2"",""5e1af4e2-330f-563f-b639-2d3cd8d276c8"",""49cd1889-2a56-5913-8723-929335f68874"",""82b898ba-3b6d-567f-8996-4f259b74547e"",""d38eb7d2-e78b-5c2f-93e4-2e34846e80e6"",""33effc64-dcfe-5ced-badf-c4df49f68dc1"",""a3a03b99-34c0-504b-b529-32b798db318a"",""8b3ec7b0-123f-5597-95f7-1fafc5810d01"",""035c5442-19b8-5a84-8a59-b352a9660279"",""d6d45010-72fa-5741-b733-88958a8795d2"",""ab8215e5-b753-5a6a-a4e7-ad9caf42eeac"",""1b20061c-b208-551a-b06c-81ffeff623fc"",""9b6d0913-2ae6-5dab-ab36-d05e1c51b208"",""a27c1fb2-edc1-57e6-9d74-adb5a13fed3b"",""4696448b-8c21-591b-80cc-7344ea0b95ec"",""c1d75a33-928c-5636-b99c-def1fb29e0f5"",""61eebfb6-2555-5bce-ba71-7a750427392a"",""aba074a1-d451-595d-bc12-e257adbe7383"",""1ca34094-ee4d-5962-a78a-174d361a9cd3"",""7edb0577-da07-5c6f-8391-bb90e9822165"",""d7c5d484-54dc-5d1e-a3ac-65d60267a12c"",""f416cc8b-3bc2-5c4c-a91c-c56faf748684""]",6,6,5.333333333333333333333333333333333333333,16/3,5,5,call_count,5,5,0,3,3,UF3,0.5773502691896257645091487805019574556476,0.5773502691896257645091487805019574556476,prespecified_B_E,False,explicit in unit columns; exact fractions retained,count
M7-analysis-v5,E-BB,UF3:cell:E-BB,dbb63e68d4ed9e904fa985aa5b88d674205b6caab086a8d981ac8918a9c68fb5,"[""4afc763c-033e-501c-9c9c-453207d31e62"",""1fed9611-d0cc-51e5-86e7-4ba237c836a2"",""0e4d4039-5409-5be7-a300-ded85e9c22d7"",""1c4afc6f-6679-57b7-ab6b-cec3053e85a1"",""76216ff6-0dab-5f43-913f-741c2deb7596"",""fe7c5fea-171a-5d3e-b93c-b9d53dca7c67"",""784c942d-b222-5013-a2e4-de4aa477a143"",""2f2d84f4-6f41-5df7-a828-cc0a3d9cdddf"",""c68f6332-f200-5595-940d-e5bcad78f1fe"",""54c3aba8-cb42-5023-9591-5cdd68bdd7c5"",""b9ac296e-4c6c-5cdc-9e03-14868c124af2"",""022ddff9-4332-5ba5-b884-42537f220a0c"",""0d262496-18e1-5973-84a6-84fbda64d0ff"",""447860c8-1d56-518b-88ad-7e103990b756"",""616ecfda-7163-5a8d-ba60-01f623d8b124"",""656bacfc-b102-5379-8db2-2f9f127621e0"",""88f2e658-6155-5924-bc85-63fe2aabb08a"",""9f032fb3-90ca-5749-aff5-1065077ac10e"",""4d2e4005-a84b-525b-a492-d367c5e405d0"",""12b20e20-e117-5c00-83bc-e589b92b730e"",""e97a5398-37b9-5e89-91a9-9b3ae48d9534"",""7a8f92c5-5f85-593a-bf90-08e13c60a2e6"",""aa66f5e3-ac0e-57d6-9b69-aa54ea7c4fb9"",""d07b7490-853e-562b-b662-305e89e7718d"",""596c0800-372d-5056-8a35-9f8661656bf4"",""d08816e6-d4d6-5f35-9de3-d86528fa7a96"",""2e126757-f17e-5ee2-93db-94d31ed944b2"",""5e1af4e2-330f-563f-b639-2d3cd8d276c8"",""49cd1889-2a56-5913-8723-929335f68874"",""82b898ba-3b6d-567f-8996-4f259b74547e"",""d38eb7d2-e78b-5c2f-93e4-2e34846e80e6"",""33effc64-dcfe-5ced-badf-c4df49f68dc1"",""a3a03b99-34c0-504b-b529-32b798db318a"",""8b3ec7b0-123f-5597-95f7-1fafc5810d01"",""035c5442-19b8-5a84-8a59-b352a9660279"",""d6d45010-72fa-5741-b733-88958a8795d2"",""ab8215e5-b753-5a6a-a4e7-ad9caf42eeac"",""1b20061c-b208-551a-b06c-81ffeff623fc"",""9b6d0913-2ae6-5dab-ab36-d05e1c51b208"",""a27c1fb2-edc1-57e6-9d74-adb5a13fed3b"",""4696448b-8c21-591b-80cc-7344ea0b95ec"",""c1d75a33-928c-5636-b99c-def1fb29e0f5"",""61eebfb6-2555-5bce-ba71-7a750427392a"",""aba074a1-d451-595d-bc12-e257adbe7383"",""1ca34094-ee4d-5962-a78a-174d361a9cd3"",""7edb0577-da07-5c6f-8391-bb90e9822165"",""d7c5d484-54dc-5d1e-a3ac-65d60267a12c"",""f416cc8b-3bc2-5c4c-a91c-c56faf748684""]",6,6,5.333333333333333333333333333333333333333,16/3,5,5,transport_count,5,5,0,3,3,UF3,0.5773502691896257645091487805019574556476,0.5773502691896257645091487805019574556476,prespecified_B_E,False,explicit in unit columns; exact fractions retained,count
M7-analysis-v5,E-BB,UF3:cell:E-BB,dbb63e68d4ed9e904fa985aa5b88d674205b6caab086a8d981ac8918a9c68fb5,"[""4afc763c-033e-501c-9c9c-453207d31e62"",""1fed9611-d0cc-51e5-86e7-4ba237c836a2"",""0e4d4039-5409-5be7-a300-ded85e9c22d7"",""1c4afc6f-6679-57b7-ab6b-cec3053e85a1"",""76216ff6-0dab-5f43-913f-741c2deb7596"",""fe7c5fea-171a-5d3e-b93c-b9d53dca7c67"",""784c942d-b222-5013-a2e4-de4aa477a143"",""2f2d84f4-6f41-5df7-a828-cc0a3d9cdddf"",""c68f6332-f200-5595-940d-e5bcad78f1fe"",""54c3aba8-cb42-5023-9591-5cdd68bdd7c5"",""b9ac296e-4c6c-5cdc-9e03-14868c124af2"",""022ddff9-4332-5ba5-b884-42537f220a0c"",""0d262496-18e1-5973-84a6-84fbda64d0ff"",""447860c8-1d56-518b-88ad-7e103990b756"",""616ecfda-7163-5a8d-ba60-01f623d8b124"",""656bacfc-b102-5379-8db2-2f9f127621e0"",""88f2e658-6155-5924-bc85-63fe2aabb08a"",""9f032fb3-90ca-5749-aff5-1065077ac10e"",""4d2e4005-a84b-525b-a492-d367c5e405d0"",""12b20e20-e117-5c00-83bc-e589b92b730e"",""e97a5398-37b9-5e89-91a9-9b3ae48d9534"",""7a8f92c5-5f85-593a-bf90-08e13c60a2e6"",""aa66f5e3-ac0e-57d6-9b69-aa54ea7c4fb9"",""d07b7490-853e-562b-b662-305e89e7718d"",""596c0800-372d-5056-8a35-9f8661656bf4"",""d08816e6-d4d6-5f35-9de3-d86528fa7a96"",""2e126757-f17e-5ee2-93db-94d31ed944b2"",""5e1af4e2-330f-563f-b639-2d3cd8d276c8"",""49cd1889-2a56-5913-8723-929335f68874"",""82b898ba-3b6d-567f-8996-4f259b74547e"",""d38eb7d2-e78b-5c2f-93e4-2e34846e80e6"",""33effc64-dcfe-5ced-badf-c4df49f68dc1"",""a3a03b99-34c0-504b-b529-32b798db318a"",""8b3ec7b0-123f-5597-95f7-1fafc5810d01"",""035c5442-19b8-5a84-8a59-b352a9660279"",""d6d45010-72fa-5741-b733-88958a8795d2"",""ab8215e5-b753-5a6a-a4e7-ad9caf42eeac"",""1b20061c-b208-551a-b06c-81ffeff623fc"",""9b6d0913-2ae6-5dab-ab36-d05e1c51b208"",""a27c1fb2-edc1-57e6-9d74-adb5a13fed3b"",""4696448b-8c21-591b-80cc-7344ea0b95ec"",""c1d75a33-928c-5636-b99c-def1fb29e0f5"",""61eebfb6-2555-5bce-ba71-7a750427392a"",""aba074a1-d451-595d-bc12-e257adbe7383"",""1ca34094-ee4d-5962-a78a-174d361a9cd3"",""7edb0577-da07-5c6f-8391-bb90e9822165"",""d7c5d484-54dc-5d1e-a3ac-65d60267a12c"",""f416cc8b-3bc2-5c4c-a91c-c56faf748684""]",60,60,51.66666666666666666666666666666666666667,155/3,55,55,L,40,40,0,3,3,UF3,10.40832999733066367641148853489965743512,10.40832999733066367641148853489965743512,prespecified_B_E,False,explicit in unit columns; exact fractions retained,lines
M7-analysis-v5,E-BB,UF3:cell:E-BB,dbb63e68d4ed9e904fa985aa5b88d674205b6caab086a8d981ac8918a9c68fb5,"[""4afc763c-033e-501c-9c9c-453207d31e62"",""1fed9611-d0cc-51e5-86e7-4ba237c836a2"",""0e4d4039-5409-5be7-a300-ded85e9c22d7"",""1c4afc6f-6679-57b7-ab6b-cec3053e85a1"",""76216ff6-0dab-5f43-913f-741c2deb7596"",""fe7c5fea-171a-5d3e-b93c-b9d53dca7c67"",""784c942d-b222-5013-a2e4-de4aa477a143"",""2f2d84f4-6f41-5df7-a828-cc0a3d9cdddf"",""c68f6332-f200-5595-940d-e5bcad78f1fe"",""54c3aba8-cb42-5023-9591-5cdd68bdd7c5"",""b9ac296e-4c6c-5cdc-9e03-14868c124af2"",""022ddff9-4332-5ba5-b884-42537f220a0c"",""0d262496-18e1-5973-84a6-84fbda64d0ff"",""447860c8-1d56-518b-88ad-7e103990b756"",""616ecfda-7163-5a8d-ba60-01f623d8b124"",""656bacfc-b102-5379-8db2-2f9f127621e0"",""88f2e658-6155-5924-bc85-63fe2aabb08a"",""9f032fb3-90ca-5749-aff5-1065077ac10e"",""4d2e4005-a84b-525b-a492-d367c5e405d0"",""12b20e20-e117-5c00-83bc-e589b92b730e"",""e97a5398-37b9-5e89-91a9-9b3ae48d9534"",""7a8f92c5-5f85-593a-bf90-08e13c60a2e6"",""aa66f5e3-ac0e-57d6-9b69-aa54ea7c4fb9"",""d07b7490-853e-562b-b662-305e89e7718d"",""596c0800-372d-5056-8a35-9f8661656bf4"",""d08816e6-d4d6-5f35-9de3-d86528fa7a96"",""2e126757-f17e-5ee2-93db-94d31ed944b2"",""5e1af4e2-330f-563f-b639-2d3cd8d276c8"",""49cd1889-2a56-5913-8723-929335f68874"",""82b898ba-3b6d-567f-8996-4f259b74547e"",""d38eb7d2-e78b-5c2f-93e4-2e34846e80e6"",""33effc64-dcfe-5ced-badf-c4df49f68dc1"",""a3a03b99-34c0-504b-b529-32b798db318a"",""8b3ec7b0-123f-5597-95f7-1fafc5810d01"",""035c5442-19b8-5a84-8a59-b352a9660279"",""d6d45010-72fa-5741-b733-88958a8795d2"",""ab8215e5-b753-5a6a-a4e7-ad9caf42eeac"",""1b20061c-b208-551a-b06c-81ffeff623fc"",""9b6d0913-2ae6-5dab-ab36-d05e1c51b208"",""a27c1fb2-edc1-57e6-9d74-adb5a13fed3b"",""4696448b-8c21-591b-80cc-7344ea0b95ec"",""c1d75a33-928c-5636-b99c-def1fb29e0f5"",""61eebfb6-2555-5bce-ba71-7a750427392a"",""aba074a1-d451-595d-bc12-e257adbe7383"",""1ca34094-ee4d-5962-a78a-174d361a9cd3"",""7edb0577-da07-5c6f-8391-bb90e9822165"",""d7c5d484-54dc-5d1e-a3ac-65d60267a12c"",""f416cc8b-3bc2-5c4c-a91c-c56faf748684""]",81989,81989,78579.33333333333333333333333333333333333,235738/3,77069,77069,tokens.reasoning,76680,76680,0,3,3,UF3,2959.256719741180774148304703632279404695,2959.256719741180774148304703632279404695,prespecified_B_E,False,explicit in unit columns; exact fractions retained,tokens
M7-analysis-v5,E-BB,UF3:cell:E-BB,dbb63e68d4ed9e904fa985aa5b88d674205b6caab086a8d981ac8918a9c68fb5,"[""4afc763c-033e-501c-9c9c-453207d31e62"",""1fed9611-d0cc-51e5-86e7-4ba237c836a2"",""0e4d4039-5409-5be7-a300-ded85e9c22d7"",""1c4afc6f-6679-57b7-ab6b-cec3053e85a1"",""76216ff6-0dab-5f43-913f-741c2deb7596"",""fe7c5fea-171a-5d3e-b93c-b9d53dca7c67"",""784c942d-b222-5013-a2e4-de4aa477a143"",""2f2d84f4-6f41-5df7-a828-cc0a3d9cdddf"",""c68f6332-f200-5595-940d-e5bcad78f1fe"",""54c3aba8-cb42-5023-9591-5cdd68bdd7c5"",""b9ac296e-4c6c-5cdc-9e03-14868c124af2"",""022ddff9-4332-5ba5-b884-42537f220a0c"",""0d262496-18e1-5973-84a6-84fbda64d0ff"",""447860c8-1d56-518b-88ad-7e103990b756"",""616ecfda-7163-5a8d-ba60-01f623d8b124"",""656bacfc-b102-5379-8db2-2f9f127621e0"",""88f2e658-6155-5924-bc85-63fe2aabb08a"",""9f032fb3-90ca-5749-aff5-1065077ac10e"",""4d2e4005-a84b-525b-a492-d367c5e405d0"",""12b20e20-e117-5c00-83bc-e589b92b730e"",""e97a5398-37b9-5e89-91a9-9b3ae48d9534"",""7a8f92c5-5f85-593a-bf90-08e13c60a2e6"",""aa66f5e3-ac0e-57d6-9b69-aa54ea7c4fb9"",""d07b7490-853e-562b-b662-305e89e7718d"",""596c0800-372d-5056-8a35-9f8661656bf4"",""d08816e6-d4d6-5f35-9de3-d86528fa7a96"",""2e126757-f17e-5ee2-93db-94d31ed944b2"",""5e1af4e2-330f-563f-b639-2d3cd8d276c8"",""49cd1889-2a56-5913-8723-929335f68874"",""82b898ba-3b6d-567f-8996-4f259b74547e"",""d38eb7d2-e78b-5c2f-93e4-2e34846e80e6"",""33effc64-dcfe-5ced-badf-c4df49f68dc1"",""a3a03b99-34c0-504b-b529-32b798db318a"",""8b3ec7b0-123f-5597-95f7-1fafc5810d01"",""035c5442-19b8-5a84-8a59-b352a9660279"",""d6d45010-72fa-5741-b733-88958a8795d2"",""ab8215e5-b753-5a6a-a4e7-ad9caf42eeac"",""1b20061c-b208-551a-b06c-81ffeff623fc"",""9b6d0913-2ae6-5dab-ab36-d05e1c51b208"",""a27c1fb2-edc1-57e6-9d74-adb5a13fed3b"",""4696448b-8c21-591b-80cc-7344ea0b95ec"",""c1d75a33-928c-5636-b99c-def1fb29e0f5"",""61eebfb6-2555-5bce-ba71-7a750427392a"",""aba074a1-d451-595d-bc12-e257adbe7383"",""1ca34094-ee4d-5962-a78a-174d361a9cd3"",""7edb0577-da07-5c6f-8391-bb90e9822165"",""d7c5d484-54dc-5d1e-a3ac-65d60267a12c"",""f416cc8b-3bc2-5c4c-a91c-c56faf748684""]",891344,891344,787888,787888,736727,736727,tokens.input,735593,735593,0,3,3,UF3,89597.31826901963699197131610964057122491,89597.31826901963699197131610964057122491,prespecified_B_E,False,explicit in unit columns; exact fractions retained,tokens
M7-analysis-v5,E-BB,UF3:cell:E-BB,dbb63e68d4ed9e904fa985aa5b88d674205b6caab086a8d981ac8918a9c68fb5,"[""4afc763c-033e-501c-9c9c-453207d31e62"",""1fed9611-d0cc-51e5-86e7-4ba237c836a2"",""0e4d4039-5409-5be7-a300-ded85e9c22d7"",""1c4afc6f-6679-57b7-ab6b-cec3053e85a1"",""76216ff6-0dab-5f43-913f-741c2deb7596"",""fe7c5fea-171a-5d3e-b93c-b9d53dca7c67"",""784c942d-b222-5013-a2e4-de4aa477a143"",""2f2d84f4-6f41-5df7-a828-cc0a3d9cdddf"",""c68f6332-f200-5595-940d-e5bcad78f1fe"",""54c3aba8-cb42-5023-9591-5cdd68bdd7c5"",""b9ac296e-4c6c-5cdc-9e03-14868c124af2"",""022ddff9-4332-5ba5-b884-42537f220a0c"",""0d262496-18e1-5973-84a6-84fbda64d0ff"",""447860c8-1d56-518b-88ad-7e103990b756"",""616ecfda-7163-5a8d-ba60-01f623d8b124"",""656bacfc-b102-5379-8db2-2f9f127621e0"",""88f2e658-6155-5924-bc85-63fe2aabb08a"",""9f032fb3-90ca-5749-aff5-1065077ac10e"",""4d2e4005-a84b-525b-a492-d367c5e405d0"",""12b20e20-e117-5c00-83bc-e589b92b730e"",""e97a5398-37b9-5e89-91a9-9b3ae48d9534"",""7a8f92c5-5f85-593a-bf90-08e13c60a2e6"",""aa66f5e3-ac0e-57d6-9b69-aa54ea7c4fb9"",""d07b7490-853e-562b-b662-305e89e7718d"",""596c0800-372d-5056-8a35-9f8661656bf4"",""d08816e6-d4d6-5f35-9de3-d86528fa7a96"",""2e126757-f17e-5ee2-93db-94d31ed944b2"",""5e1af4e2-330f-563f-b639-2d3cd8d276c8"",""49cd1889-2a56-5913-8723-929335f68874"",""82b898ba-3b6d-567f-8996-4f259b74547e"",""d38eb7d2-e78b-5c2f-93e4-2e34846e80e6"",""33effc64-dcfe-5ced-badf-c4df49f68dc1"",""a3a03b99-34c0-504b-b529-32b798db318a"",""8b3ec7b0-123f-5597-95f7-1fafc5810d01"",""035c5442-19b8-5a84-8a59-b352a9660279"",""d6d45010-72fa-5741-b733-88958a8795d2"",""ab8215e5-b753-5a6a-a4e7-ad9caf42eeac"",""1b20061c-b208-551a-b06c-81ffeff623fc"",""9b6d0913-2ae6-5dab-ab36-d05e1c51b208"",""a27c1fb2-edc1-57e6-9d74-adb5a13fed3b"",""4696448b-8c21-591b-80cc-7344ea0b95ec"",""c1d75a33-928c-5636-b99c-def1fb29e0f5"",""61eebfb6-2555-5bce-ba71-7a750427392a"",""aba074a1-d451-595d-bc12-e257adbe7383"",""1ca34094-ee4d-5962-a78a-174d361a9cd3"",""7edb0577-da07-5c6f-8391-bb90e9822165"",""d7c5d484-54dc-5d1e-a3ac-65d60267a12c"",""f416cc8b-3bc2-5c4c-a91c-c56faf748684""]",91124,91124,87071.33333333333333333333333333333333333,261214/3,85494,85494,tokens.output,84596,84596,0,3,3,UF3,3538.316172041912555989015312759308863421,3538.316172041912555989015312759308863421,prespecified_B_E,False,explicit in unit columns; exact fractions retained,tokens
M7-analysis-v5,E-BB,UF3:cell:E-BB,dbb63e68d4ed9e904fa985aa5b88d674205b6caab086a8d981ac8918a9c68fb5,"[""4afc763c-033e-501c-9c9c-453207d31e62"",""1fed9611-d0cc-51e5-86e7-4ba237c836a2"",""0e4d4039-5409-5be7-a300-ded85e9c22d7"",""1c4afc6f-6679-57b7-ab6b-cec3053e85a1"",""76216ff6-0dab-5f43-913f-741c2deb7596"",""fe7c5fea-171a-5d3e-b93c-b9d53dca7c67"",""784c942d-b222-5013-a2e4-de4aa477a143"",""2f2d84f4-6f41-5df7-a828-cc0a3d9cdddf"",""c68f6332-f200-5595-940d-e5bcad78f1fe"",""54c3aba8-cb42-5023-9591-5cdd68bdd7c5"",""b9ac296e-4c6c-5cdc-9e03-14868c124af2"",""022ddff9-4332-5ba5-b884-42537f220a0c"",""0d262496-18e1-5973-84a6-84fbda64d0ff"",""447860c8-1d56-518b-88ad-7e103990b756"",""616ecfda-7163-5a8d-ba60-01f623d8b124"",""656bacfc-b102-5379-8db2-2f9f127621e0"",""88f2e658-6155-5924-bc85-63fe2aabb08a"",""9f032fb3-90ca-5749-aff5-1065077ac10e"",""4d2e4005-a84b-525b-a492-d367c5e405d0"",""12b20e20-e117-5c00-83bc-e589b92b730e"",""e97a5398-37b9-5e89-91a9-9b3ae48d9534"",""7a8f92c5-5f85-593a-bf90-08e13c60a2e6"",""aa66f5e3-ac0e-57d6-9b69-aa54ea7c4fb9"",""d07b7490-853e-562b-b662-305e89e7718d"",""596c0800-372d-5056-8a35-9f8661656bf4"",""d08816e6-d4d6-5f35-9de3-d86528fa7a96"",""2e126757-f17e-5ee2-93db-94d31ed944b2"",""5e1af4e2-330f-563f-b639-2d3cd8d276c8"",""49cd1889-2a56-5913-8723-929335f68874"",""82b898ba-3b6d-567f-8996-4f259b74547e"",""d38eb7d2-e78b-5c2f-93e4-2e34846e80e6"",""33effc64-dcfe-5ced-badf-c4df49f68dc1"",""a3a03b99-34c0-504b-b529-32b798db318a"",""8b3ec7b0-123f-5597-95f7-1fafc5810d01"",""035c5442-19b8-5a84-8a59-b352a9660279"",""d6d45010-72fa-5741-b733-88958a8795d2"",""ab8215e5-b753-5a6a-a4e7-ad9caf42eeac"",""1b20061c-b208-551a-b06c-81ffeff623fc"",""9b6d0913-2ae6-5dab-ab36-d05e1c51b208"",""a27c1fb2-edc1-57e6-9d74-adb5a13fed3b"",""4696448b-8c21-591b-80cc-7344ea0b95ec"",""c1d75a33-928c-5636-b99c-def1fb29e0f5"",""61eebfb6-2555-5bce-ba71-7a750427392a"",""aba074a1-d451-595d-bc12-e257adbe7383"",""1ca34094-ee4d-5962-a78a-174d361a9cd3"",""7edb0577-da07-5c6f-8391-bb90e9822165"",""d7c5d484-54dc-5d1e-a3ac-65d60267a12c"",""f416cc8b-3bc2-5c4c-a91c-c56faf748684""]",975940,975940,874959.3333333333333333333333333333333333,2624878/3,827851,827851,tokens.total,821087,821087,0,3,3,UF3,87517.19376404463606122015041896386144458,87517.19376404463606122015041896386144458,prespecified_B_E,False,explicit in unit columns; exact fractions retained,tokens
M7-analysis-v5,E-BB,UF3:cell:E-BB,dbb63e68d4ed9e904fa985aa5b88d674205b6caab086a8d981ac8918a9c68fb5,"[""4afc763c-033e-501c-9c9c-453207d31e62"",""1fed9611-d0cc-51e5-86e7-4ba237c836a2"",""0e4d4039-5409-5be7-a300-ded85e9c22d7"",""1c4afc6f-6679-57b7-ab6b-cec3053e85a1"",""76216ff6-0dab-5f43-913f-741c2deb7596"",""fe7c5fea-171a-5d3e-b93c-b9d53dca7c67"",""784c942d-b222-5013-a2e4-de4aa477a143"",""2f2d84f4-6f41-5df7-a828-cc0a3d9cdddf"",""c68f6332-f200-5595-940d-e5bcad78f1fe"",""54c3aba8-cb42-5023-9591-5cdd68bdd7c5"",""b9ac296e-4c6c-5cdc-9e03-14868c124af2"",""022ddff9-4332-5ba5-b884-42537f220a0c"",""0d262496-18e1-5973-84a6-84fbda64d0ff"",""447860c8-1d56-518b-88ad-7e103990b756"",""616ecfda-7163-5a8d-ba60-01f623d8b124"",""656bacfc-b102-5379-8db2-2f9f127621e0"",""88f2e658-6155-5924-bc85-63fe2aabb08a"",""9f032fb3-90ca-5749-aff5-1065077ac10e"",""4d2e4005-a84b-525b-a492-d367c5e405d0"",""12b20e20-e117-5c00-83bc-e589b92b730e"",""e97a5398-37b9-5e89-91a9-9b3ae48d9534"",""7a8f92c5-5f85-593a-bf90-08e13c60a2e6"",""aa66f5e3-ac0e-57d6-9b69-aa54ea7c4fb9"",""d07b7490-853e-562b-b662-305e89e7718d"",""596c0800-372d-5056-8a35-9f8661656bf4"",""d08816e6-d4d6-5f35-9de3-d86528fa7a96"",""2e126757-f17e-5ee2-93db-94d31ed944b2"",""5e1af4e2-330f-563f-b639-2d3cd8d276c8"",""49cd1889-2a56-5913-8723-929335f68874"",""82b898ba-3b6d-567f-8996-4f259b74547e"",""d38eb7d2-e78b-5c2f-93e4-2e34846e80e6"",""33effc64-dcfe-5ced-badf-c4df49f68dc1"",""a3a03b99-34c0-504b-b529-32b798db318a"",""8b3ec7b0-123f-5597-95f7-1fafc5810d01"",""035c5442-19b8-5a84-8a59-b352a9660279"",""d6d45010-72fa-5741-b733-88958a8795d2"",""ab8215e5-b753-5a6a-a4e7-ad9caf42eeac"",""1b20061c-b208-551a-b06c-81ffeff623fc"",""9b6d0913-2ae6-5dab-ab36-d05e1c51b208"",""a27c1fb2-edc1-57e6-9d74-adb5a13fed3b"",""4696448b-8c21-591b-80cc-7344ea0b95ec"",""c1d75a33-928c-5636-b99c-def1fb29e0f5"",""61eebfb6-2555-5bce-ba71-7a750427392a"",""aba074a1-d451-595d-bc12-e257adbe7383"",""1ca34094-ee4d-5962-a78a-174d361a9cd3"",""7edb0577-da07-5c6f-8391-bb90e9822165"",""d7c5d484-54dc-5d1e-a3ac-65d60267a12c"",""f416cc8b-3bc2-5c4c-a91c-c56faf748684""]",,,,,,,abort_seconds,,,3,0,3,UF3,,,prespecified_B_E,False,explicit in unit columns; exact fractions retained,s
M7-analysis-v5,E-BB,UF3:cell:E-BB,dbb63e68d4ed9e904fa985aa5b88d674205b6caab086a8d981ac8918a9c68fb5,"[""4afc763c-033e-501c-9c9c-453207d31e62"",""1fed9611-d0cc-51e5-86e7-4ba237c836a2"",""0e4d4039-5409-5be7-a300-ded85e9c22d7"",""1c4afc6f-6679-57b7-ab6b-cec3053e85a1"",""76216ff6-0dab-5f43-913f-741c2deb7596"",""fe7c5fea-171a-5d3e-b93c-b9d53dca7c67"",""784c942d-b222-5013-a2e4-de4aa477a143"",""2f2d84f4-6f41-5df7-a828-cc0a3d9cdddf"",""c68f6332-f200-5595-940d-e5bcad78f1fe"",""54c3aba8-cb42-5023-9591-5cdd68bdd7c5"",""b9ac296e-4c6c-5cdc-9e03-14868c124af2"",""022ddff9-4332-5ba5-b884-42537f220a0c"",""0d262496-18e1-5973-84a6-84fbda64d0ff"",""447860c8-1d56-518b-88ad-7e103990b756"",""616ecfda-7163-5a8d-ba60-01f623d8b124"",""656bacfc-b102-5379-8db2-2f9f127621e0"",""88f2e658-6155-5924-bc85-63fe2aabb08a"",""9f032fb3-90ca-5749-aff5-1065077ac10e"",""4d2e4005-a84b-525b-a492-d367c5e405d0"",""12b20e20-e117-5c00-83bc-e589b92b730e"",""e97a5398-37b9-5e89-91a9-9b3ae48d9534"",""7a8f92c5-5f85-593a-bf90-08e13c60a2e6"",""aa66f5e3-ac0e-57d6-9b69-aa54ea7c4fb9"",""d07b7490-853e-562b-b662-305e89e7718d"",""596c0800-372d-5056-8a35-9f8661656bf4"",""d08816e6-d4d6-5f35-9de3-d86528fa7a96"",""2e126757-f17e-5ee2-93db-94d31ed944b2"",""5e1af4e2-330f-563f-b639-2d3cd8d276c8"",""49cd1889-2a56-5913-8723-929335f68874"",""82b898ba-3b6d-567f-8996-4f259b74547e"",""d38eb7d2-e78b-5c2f-93e4-2e34846e80e6"",""33effc64-dcfe-5ced-badf-c4df49f68dc1"",""a3a03b99-34c0-504b-b529-32b798db318a"",""8b3ec7b0-123f-5597-95f7-1fafc5810d01"",""035c5442-19b8-5a84-8a59-b352a9660279"",""d6d45010-72fa-5741-b733-88958a8795d2"",""ab8215e5-b753-5a6a-a4e7-ad9caf42eeac"",""1b20061c-b208-551a-b06c-81ffeff623fc"",""9b6d0913-2ae6-5dab-ab36-d05e1c51b208"",""a27c1fb2-edc1-57e6-9d74-adb5a13fed3b"",""4696448b-8c21-591b-80cc-7344ea0b95ec"",""c1d75a33-928c-5636-b99c-def1fb29e0f5"",""61eebfb6-2555-5bce-ba71-7a750427392a"",""aba074a1-d451-595d-bc12-e257adbe7383"",""1ca34094-ee4d-5962-a78a-174d361a9cd3"",""7edb0577-da07-5c6f-8391-bb90e9822165"",""d7c5d484-54dc-5d1e-a3ac-65d60267a12c"",""f416cc8b-3bc2-5c4c-a91c-c56faf748684""]",,,,,,,context_preparation_seconds,,,3,0,3,UF3,,,prespecified_B_E,False,explicit in unit columns; exact fractions retained,s
M7-analysis-v5,E-BB,UF3:cell:E-BB,dbb63e68d4ed9e904fa985aa5b88d674205b6caab086a8d981ac8918a9c68fb5,"[""4afc763c-033e-501c-9c9c-453207d31e62"",""1fed9611-d0cc-51e5-86e7-4ba237c836a2"",""0e4d4039-5409-5be7-a300-ded85e9c22d7"",""1c4afc6f-6679-57b7-ab6b-cec3053e85a1"",""76216ff6-0dab-5f43-913f-741c2deb7596"",""fe7c5fea-171a-5d3e-b93c-b9d53dca7c67"",""784c942d-b222-5013-a2e4-de4aa477a143"",""2f2d84f4-6f41-5df7-a828-cc0a3d9cdddf"",""c68f6332-f200-5595-940d-e5bcad78f1fe"",""54c3aba8-cb42-5023-9591-5cdd68bdd7c5"",""b9ac296e-4c6c-5cdc-9e03-14868c124af2"",""022ddff9-4332-5ba5-b884-42537f220a0c"",""0d262496-18e1-5973-84a6-84fbda64d0ff"",""447860c8-1d56-518b-88ad-7e103990b756"",""616ecfda-7163-5a8d-ba60-01f623d8b124"",""656bacfc-b102-5379-8db2-2f9f127621e0"",""88f2e658-6155-5924-bc85-63fe2aabb08a"",""9f032fb3-90ca-5749-aff5-1065077ac10e"",""4d2e4005-a84b-525b-a492-d367c5e405d0"",""12b20e20-e117-5c00-83bc-e589b92b730e"",""e97a5398-37b9-5e89-91a9-9b3ae48d9534"",""7a8f92c5-5f85-593a-bf90-08e13c60a2e6"",""aa66f5e3-ac0e-57d6-9b69-aa54ea7c4fb9"",""d07b7490-853e-562b-b662-305e89e7718d"",""596c0800-372d-5056-8a35-9f8661656bf4"",""d08816e6-d4d6-5f35-9de3-d86528fa7a96"",""2e126757-f17e-5ee2-93db-94d31ed944b2"",""5e1af4e2-330f-563f-b639-2d3cd8d276c8"",""49cd1889-2a56-5913-8723-929335f68874"",""82b898ba-3b6d-567f-8996-4f259b74547e"",""d38eb7d2-e78b-5c2f-93e4-2e34846e80e6"",""33effc64-dcfe-5ced-badf-c4df49f68dc1"",""a3a03b99-34c0-504b-b529-32b798db318a"",""8b3ec7b0-123f-5597-95f7-1fafc5810d01"",""035c5442-19b8-5a84-8a59-b352a9660279"",""d6d45010-72fa-5741-b733-88958a8795d2"",""ab8215e5-b753-5a6a-a4e7-ad9caf42eeac"",""1b20061c-b208-551a-b06c-81ffeff623fc"",""9b6d0913-2ae6-5dab-ab36-d05e1c51b208"",""a27c1fb2-edc1-57e6-9d74-adb5a13fed3b"",""4696448b-8c21-591b-80cc-7344ea0b95ec"",""c1d75a33-928c-5636-b99c-def1fb29e0f5"",""61eebfb6-2555-5bce-ba71-7a750427392a"",""aba074a1-d451-595d-bc12-e257adbe7383"",""1ca34094-ee4d-5962-a78a-174d361a9cd3"",""7edb0577-da07-5c6f-8391-bb90e9822165"",""d7c5d484-54dc-5d1e-a3ac-65d60267a12c"",""f416cc8b-3bc2-5c4c-a91c-c56faf748684""]",,,,,,,evaluation_seconds,,,3,0,3,UF3,,,prespecified_B_E,False,explicit in unit columns; exact fractions retained,s
M7-analysis-v5,E-BB,UF3:cell:E-BB,dbb63e68d4ed9e904fa985aa5b88d674205b6caab086a8d981ac8918a9c68fb5,"[""4afc763c-033e-501c-9c9c-453207d31e62"",""1fed9611-d0cc-51e5-86e7-4ba237c836a2"",""0e4d4039-5409-5be7-a300-ded85e9c22d7"",""1c4afc6f-6679-57b7-ab6b-cec3053e85a1"",""76216ff6-0dab-5f43-913f-741c2deb7596"",""fe7c5fea-171a-5d3e-b93c-b9d53dca7c67"",""784c942d-b222-5013-a2e4-de4aa477a143"",""2f2d84f4-6f41-5df7-a828-cc0a3d9cdddf"",""c68f6332-f200-5595-940d-e5bcad78f1fe"",""54c3aba8-cb42-5023-9591-5cdd68bdd7c5"",""b9ac296e-4c6c-5cdc-9e03-14868c124af2"",""022ddff9-4332-5ba5-b884-42537f220a0c"",""0d262496-18e1-5973-84a6-84fbda64d0ff"",""447860c8-1d56-518b-88ad-7e103990b756"",""616ecfda-7163-5a8d-ba60-01f623d8b124"",""656bacfc-b102-5379-8db2-2f9f127621e0"",""88f2e658-6155-5924-bc85-63fe2aabb08a"",""9f032fb3-90ca-5749-aff5-1065077ac10e"",""4d2e4005-a84b-525b-a492-d367c5e405d0"",""12b20e20-e117-5c00-83bc-e589b92b730e"",""e97a5398-37b9-5e89-91a9-9b3ae48d9534"",""7a8f92c5-5f85-593a-bf90-08e13c60a2e6"",""aa66f5e3-ac0e-57d6-9b69-aa54ea7c4fb9"",""d07b7490-853e-562b-b662-305e89e7718d"",""596c0800-372d-5056-8a35-9f8661656bf4"",""d08816e6-d4d6-5f35-9de3-d86528fa7a96"",""2e126757-f17e-5ee2-93db-94d31ed944b2"",""5e1af4e2-330f-563f-b639-2d3cd8d276c8"",""49cd1889-2a56-5913-8723-929335f68874"",""82b898ba-3b6d-567f-8996-4f259b74547e"",""d38eb7d2-e78b-5c2f-93e4-2e34846e80e6"",""33effc64-dcfe-5ced-badf-c4df49f68dc1"",""a3a03b99-34c0-504b-b529-32b798db318a"",""8b3ec7b0-123f-5597-95f7-1fafc5810d01"",""035c5442-19b8-5a84-8a59-b352a9660279"",""d6d45010-72fa-5741-b733-88958a8795d2"",""ab8215e5-b753-5a6a-a4e7-ad9caf42eeac"",""1b20061c-b208-551a-b06c-81ffeff623fc"",""9b6d0913-2ae6-5dab-ab36-d05e1c51b208"",""a27c1fb2-edc1-57e6-9d74-adb5a13fed3b"",""4696448b-8c21-591b-80cc-7344ea0b95ec"",""c1d75a33-928c-5636-b99c-def1fb29e0f5"",""61eebfb6-2555-5bce-ba71-7a750427392a"",""aba074a1-d451-595d-bc12-e257adbe7383"",""1ca34094-ee4d-5962-a78a-174d361a9cd3"",""7edb0577-da07-5c6f-8391-bb90e9822165"",""d7c5d484-54dc-5d1e-a3ac-65d60267a12c"",""f416cc8b-3bc2-5c4c-a91c-c56faf748684""]",,,,,,,inference_seconds,,,3,0,3,UF3,,,prespecified_B_E,False,explicit in unit columns; exact fractions retained,s
M7-analysis-v5,E-BB,UF3:cell:E-BB,dbb63e68d4ed9e904fa985aa5b88d674205b6caab086a8d981ac8918a9c68fb5,"[""4afc763c-033e-501c-9c9c-453207d31e62"",""1fed9611-d0cc-51e5-86e7-4ba237c836a2"",""0e4d4039-5409-5be7-a300-ded85e9c22d7"",""1c4afc6f-6679-57b7-ab6b-cec3053e85a1"",""76216ff6-0dab-5f43-913f-741c2deb7596"",""fe7c5fea-171a-5d3e-b93c-b9d53dca7c67"",""784c942d-b222-5013-a2e4-de4aa477a143"",""2f2d84f4-6f41-5df7-a828-cc0a3d9cdddf"",""c68f6332-f200-5595-940d-e5bcad78f1fe"",""54c3aba8-cb42-5023-9591-5cdd68bdd7c5"",""b9ac296e-4c6c-5cdc-9e03-14868c124af2"",""022ddff9-4332-5ba5-b884-42537f220a0c"",""0d262496-18e1-5973-84a6-84fbda64d0ff"",""447860c8-1d56-518b-88ad-7e103990b756"",""616ecfda-7163-5a8d-ba60-01f623d8b124"",""656bacfc-b102-5379-8db2-2f9f127621e0"",""88f2e658-6155-5924-bc85-63fe2aabb08a"",""9f032fb3-90ca-5749-aff5-1065077ac10e"",""4d2e4005-a84b-525b-a492-d367c5e405d0"",""12b20e20-e117-5c00-83bc-e589b92b730e"",""e97a5398-37b9-5e89-91a9-9b3ae48d9534"",""7a8f92c5-5f85-593a-bf90-08e13c60a2e6"",""aa66f5e3-ac0e-57d6-9b69-aa54ea7c4fb9"",""d07b7490-853e-562b-b662-305e89e7718d"",""596c0800-372d-5056-8a35-9f8661656bf4"",""d08816e6-d4d6-5f35-9de3-d86528fa7a96"",""2e126757-f17e-5ee2-93db-94d31ed944b2"",""5e1af4e2-330f-563f-b639-2d3cd8d276c8"",""49cd1889-2a56-5913-8723-929335f68874"",""82b898ba-3b6d-567f-8996-4f259b74547e"",""d38eb7d2-e78b-5c2f-93e4-2e34846e80e6"",""33effc64-dcfe-5ced-badf-c4df49f68dc1"",""a3a03b99-34c0-504b-b529-32b798db318a"",""8b3ec7b0-123f-5597-95f7-1fafc5810d01"",""035c5442-19b8-5a84-8a59-b352a9660279"",""d6d45010-72fa-5741-b733-88958a8795d2"",""ab8215e5-b753-5a6a-a4e7-ad9caf42eeac"",""1b20061c-b208-551a-b06c-81ffeff623fc"",""9b6d0913-2ae6-5dab-ab36-d05e1c51b208"",""a27c1fb2-edc1-57e6-9d74-adb5a13fed3b"",""4696448b-8c21-591b-80cc-7344ea0b95ec"",""c1d75a33-928c-5636-b99c-def1fb29e0f5"",""61eebfb6-2555-5bce-ba71-7a750427392a"",""aba074a1-d451-595d-bc12-e257adbe7383"",""1ca34094-ee4d-5962-a78a-174d361a9cd3"",""7edb0577-da07-5c6f-8391-bb90e9822165"",""d7c5d484-54dc-5d1e-a3ac-65d60267a12c"",""f416cc8b-3bc2-5c4c-a91c-c56faf748684""]",,,,,,,load_seconds,,,3,0,3,UF3,,,prespecified_B_E,False,explicit in unit columns; exact fractions retained,s
M7-analysis-v5,E-BB,UF3:cell:E-BB,dbb63e68d4ed9e904fa985aa5b88d674205b6caab086a8d981ac8918a9c68fb5,"[""4afc763c-033e-501c-9c9c-453207d31e62"",""1fed9611-d0cc-51e5-86e7-4ba237c836a2"",""0e4d4039-5409-5be7-a300-ded85e9c22d7"",""1c4afc6f-6679-57b7-ab6b-cec3053e85a1"",""76216ff6-0dab-5f43-913f-741c2deb7596"",""fe7c5fea-171a-5d3e-b93c-b9d53dca7c67"",""784c942d-b222-5013-a2e4-de4aa477a143"",""2f2d84f4-6f41-5df7-a828-cc0a3d9cdddf"",""c68f6332-f200-5595-940d-e5bcad78f1fe"",""54c3aba8-cb42-5023-9591-5cdd68bdd7c5"",""b9ac296e-4c6c-5cdc-9e03-14868c124af2"",""022ddff9-4332-5ba5-b884-42537f220a0c"",""0d262496-18e1-5973-84a6-84fbda64d0ff"",""447860c8-1d56-518b-88ad-7e103990b756"",""616ecfda-7163-5a8d-ba60-01f623d8b124"",""656bacfc-b102-5379-8db2-2f9f127621e0"",""88f2e658-6155-5924-bc85-63fe2aabb08a"",""9f032fb3-90ca-5749-aff5-1065077ac10e"",""4d2e4005-a84b-525b-a492-d367c5e405d0"",""12b20e20-e117-5c00-83bc-e589b92b730e"",""e97a5398-37b9-5e89-91a9-9b3ae48d9534"",""7a8f92c5-5f85-593a-bf90-08e13c60a2e6"",""aa66f5e3-ac0e-57d6-9b69-aa54ea7c4fb9"",""d07b7490-853e-562b-b662-305e89e7718d"",""596c0800-372d-5056-8a35-9f8661656bf4"",""d08816e6-d4d6-5f35-9de3-d86528fa7a96"",""2e126757-f17e-5ee2-93db-94d31ed944b2"",""5e1af4e2-330f-563f-b639-2d3cd8d276c8"",""49cd1889-2a56-5913-8723-929335f68874"",""82b898ba-3b6d-567f-8996-4f259b74547e"",""d38eb7d2-e78b-5c2f-93e4-2e34846e80e6"",""33effc64-dcfe-5ced-badf-c4df49f68dc1"",""a3a03b99-34c0-504b-b529-32b798db318a"",""8b3ec7b0-123f-5597-95f7-1fafc5810d01"",""035c5442-19b8-5a84-8a59-b352a9660279"",""d6d45010-72fa-5741-b733-88958a8795d2"",""ab8215e5-b753-5a6a-a4e7-ad9caf42eeac"",""1b20061c-b208-551a-b06c-81ffeff623fc"",""9b6d0913-2ae6-5dab-ab36-d05e1c51b208"",""a27c1fb2-edc1-57e6-9d74-adb5a13fed3b"",""4696448b-8c21-591b-80cc-7344ea0b95ec"",""c1d75a33-928c-5636-b99c-def1fb29e0f5"",""61eebfb6-2555-5bce-ba71-7a750427392a"",""aba074a1-d451-595d-bc12-e257adbe7383"",""1ca34094-ee4d-5962-a78a-174d361a9cd3"",""7edb0577-da07-5c6f-8391-bb90e9822165"",""d7c5d484-54dc-5d1e-a3ac-65d60267a12c"",""f416cc8b-3bc2-5c4c-a91c-c56faf748684""]",,,,,,,manual_review_seconds,,,3,0,3,UF3,,,prespecified_B_E,False,explicit in unit columns; exact fractions retained,s
M7-analysis-v5,E-BB,UF3:cell:E-BB,dbb63e68d4ed9e904fa985aa5b88d674205b6caab086a8d981ac8918a9c68fb5,"[""4afc763c-033e-501c-9c9c-453207d31e62"",""1fed9611-d0cc-51e5-86e7-4ba237c836a2"",""0e4d4039-5409-5be7-a300-ded85e9c22d7"",""1c4afc6f-6679-57b7-ab6b-cec3053e85a1"",""76216ff6-0dab-5f43-913f-741c2deb7596"",""fe7c5fea-171a-5d3e-b93c-b9d53dca7c67"",""784c942d-b222-5013-a2e4-de4aa477a143"",""2f2d84f4-6f41-5df7-a828-cc0a3d9cdddf"",""c68f6332-f200-5595-940d-e5bcad78f1fe"",""54c3aba8-cb42-5023-9591-5cdd68bdd7c5"",""b9ac296e-4c6c-5cdc-9e03-14868c124af2"",""022ddff9-4332-5ba5-b884-42537f220a0c"",""0d262496-18e1-5973-84a6-84fbda64d0ff"",""447860c8-1d56-518b-88ad-7e103990b756"",""616ecfda-7163-5a8d-ba60-01f623d8b124"",""656bacfc-b102-5379-8db2-2f9f127621e0"",""88f2e658-6155-5924-bc85-63fe2aabb08a"",""9f032fb3-90ca-5749-aff5-1065077ac10e"",""4d2e4005-a84b-525b-a492-d367c5e405d0"",""12b20e20-e117-5c00-83bc-e589b92b730e"",""e97a5398-37b9-5e89-91a9-9b3ae48d9534"",""7a8f92c5-5f85-593a-bf90-08e13c60a2e6"",""aa66f5e3-ac0e-57d6-9b69-aa54ea7c4fb9"",""d07b7490-853e-562b-b662-305e89e7718d"",""596c0800-372d-5056-8a35-9f8661656bf4"",""d08816e6-d4d6-5f35-9de3-d86528fa7a96"",""2e126757-f17e-5ee2-93db-94d31ed944b2"",""5e1af4e2-330f-563f-b639-2d3cd8d276c8"",""49cd1889-2a56-5913-8723-929335f68874"",""82b898ba-3b6d-567f-8996-4f259b74547e"",""d38eb7d2-e78b-5c2f-93e4-2e34846e80e6"",""33effc64-dcfe-5ced-badf-c4df49f68dc1"",""a3a03b99-34c0-504b-b529-32b798db318a"",""8b3ec7b0-123f-5597-95f7-1fafc5810d01"",""035c5442-19b8-5a84-8a59-b352a9660279"",""d6d45010-72fa-5741-b733-88958a8795d2"",""ab8215e5-b753-5a6a-a4e7-ad9caf42eeac"",""1b20061c-b208-551a-b06c-81ffeff623fc"",""9b6d0913-2ae6-5dab-ab36-d05e1c51b208"",""a27c1fb2-edc1-57e6-9d74-adb5a13fed3b"",""4696448b-8c21-591b-80cc-7344ea0b95ec"",""c1d75a33-928c-5636-b99c-def1fb29e0f5"",""61eebfb6-2555-5bce-ba71-7a750427392a"",""aba074a1-d451-595d-bc12-e257adbe7383"",""1ca34094-ee4d-5962-a78a-174d361a9cd3"",""7edb0577-da07-5c6f-8391-bb90e9822165"",""d7c5d484-54dc-5d1e-a3ac-65d60267a12c"",""f416cc8b-3bc2-5c4c-a91c-c56faf748684""]",,,,,,,retry_seconds,,,3,0,3,UF3,,,prespecified_B_E,False,explicit in unit columns; exact fractions retained,s
M7-analysis-v5,E-BB,UF3:cell:E-BB,dbb63e68d4ed9e904fa985aa5b88d674205b6caab086a8d981ac8918a9c68fb5,"[""4afc763c-033e-501c-9c9c-453207d31e62"",""1fed9611-d0cc-51e5-86e7-4ba237c836a2"",""0e4d4039-5409-5be7-a300-ded85e9c22d7"",""1c4afc6f-6679-57b7-ab6b-cec3053e85a1"",""76216ff6-0dab-5f43-913f-741c2deb7596"",""fe7c5fea-171a-5d3e-b93c-b9d53dca7c67"",""784c942d-b222-5013-a2e4-de4aa477a143"",""2f2d84f4-6f41-5df7-a828-cc0a3d9cdddf"",""c68f6332-f200-5595-940d-e5bcad78f1fe"",""54c3aba8-cb42-5023-9591-5cdd68bdd7c5"",""b9ac296e-4c6c-5cdc-9e03-14868c124af2"",""022ddff9-4332-5ba5-b884-42537f220a0c"",""0d262496-18e1-5973-84a6-84fbda64d0ff"",""447860c8-1d56-518b-88ad-7e103990b756"",""616ecfda-7163-5a8d-ba60-01f623d8b124"",""656bacfc-b102-5379-8db2-2f9f127621e0"",""88f2e658-6155-5924-bc85-63fe2aabb08a"",""9f032fb3-90ca-5749-aff5-1065077ac10e"",""4d2e4005-a84b-525b-a492-d367c5e405d0"",""12b20e20-e117-5c00-83bc-e589b92b730e"",""e97a5398-37b9-5e89-91a9-9b3ae48d9534"",""7a8f92c5-5f85-593a-bf90-08e13c60a2e6"",""aa66f5e3-ac0e-57d6-9b69-aa54ea7c4fb9"",""d07b7490-853e-562b-b662-305e89e7718d"",""596c0800-372d-5056-8a35-9f8661656bf4"",""d08816e6-d4d6-5f35-9de3-d86528fa7a96"",""2e126757-f17e-5ee2-93db-94d31ed944b2"",""5e1af4e2-330f-563f-b639-2d3cd8d276c8"",""49cd1889-2a56-5913-8723-929335f68874"",""82b898ba-3b6d-567f-8996-4f259b74547e"",""d38eb7d2-e78b-5c2f-93e4-2e34846e80e6"",""33effc64-dcfe-5ced-badf-c4df49f68dc1"",""a3a03b99-34c0-504b-b529-32b798db318a"",""8b3ec7b0-123f-5597-95f7-1fafc5810d01"",""035c5442-19b8-5a84-8a59-b352a9660279"",""d6d45010-72fa-5741-b733-88958a8795d2"",""ab8215e5-b753-5a6a-a4e7-ad9caf42eeac"",""1b20061c-b208-551a-b06c-81ffeff623fc"",""9b6d0913-2ae6-5dab-ab36-d05e1c51b208"",""a27c1fb2-edc1-57e6-9d74-adb5a13fed3b"",""4696448b-8c21-591b-80cc-7344ea0b95ec"",""c1d75a33-928c-5636-b99c-def1fb29e0f5"",""61eebfb6-2555-5bce-ba71-7a750427392a"",""aba074a1-d451-595d-bc12-e257adbe7383"",""1ca34094-ee4d-5962-a78a-174d361a9cd3"",""7edb0577-da07-5c6f-8391-bb90e9822165"",""d7c5d484-54dc-5d1e-a3ac-65d60267a12c"",""f416cc8b-3bc2-5c4c-a91c-c56faf748684""]",,,,,,,setup_seconds,,,3,0,3,UF3,,,prespecified_B_E,False,explicit in unit columns; exact fractions retained,s
M7-analysis-v5,E-BB,UF3:cell:E-BB,dbb63e68d4ed9e904fa985aa5b88d674205b6caab086a8d981ac8918a9c68fb5,"[""4afc763c-033e-501c-9c9c-453207d31e62"",""1fed9611-d0cc-51e5-86e7-4ba237c836a2"",""0e4d4039-5409-5be7-a300-ded85e9c22d7"",""1c4afc6f-6679-57b7-ab6b-cec3053e85a1"",""76216ff6-0dab-5f43-913f-741c2deb7596"",""fe7c5fea-171a-5d3e-b93c-b9d53dca7c67"",""784c942d-b222-5013-a2e4-de4aa477a143"",""2f2d84f4-6f41-5df7-a828-cc0a3d9cdddf"",""c68f6332-f200-5595-940d-e5bcad78f1fe"",""54c3aba8-cb42-5023-9591-5cdd68bdd7c5"",""b9ac296e-4c6c-5cdc-9e03-14868c124af2"",""022ddff9-4332-5ba5-b884-42537f220a0c"",""0d262496-18e1-5973-84a6-84fbda64d0ff"",""447860c8-1d56-518b-88ad-7e103990b756"",""616ecfda-7163-5a8d-ba60-01f623d8b124"",""656bacfc-b102-5379-8db2-2f9f127621e0"",""88f2e658-6155-5924-bc85-63fe2aabb08a"",""9f032fb3-90ca-5749-aff5-1065077ac10e"",""4d2e4005-a84b-525b-a492-d367c5e405d0"",""12b20e20-e117-5c00-83bc-e589b92b730e"",""e97a5398-37b9-5e89-91a9-9b3ae48d9534"",""7a8f92c5-5f85-593a-bf90-08e13c60a2e6"",""aa66f5e3-ac0e-57d6-9b69-aa54ea7c4fb9"",""d07b7490-853e-562b-b662-305e89e7718d"",""596c0800-372d-5056-8a35-9f8661656bf4"",""d08816e6-d4d6-5f35-9de3-d86528fa7a96"",""2e126757-f17e-5ee2-93db-94d31ed944b2"",""5e1af4e2-330f-563f-b639-2d3cd8d276c8"",""49cd1889-2a56-5913-8723-929335f68874"",""82b898ba-3b6d-567f-8996-4f259b74547e"",""d38eb7d2-e78b-5c2f-93e4-2e34846e80e6"",""33effc64-dcfe-5ced-badf-c4df49f68dc1"",""a3a03b99-34c0-504b-b529-32b798db318a"",""8b3ec7b0-123f-5597-95f7-1fafc5810d01"",""035c5442-19b8-5a84-8a59-b352a9660279"",""d6d45010-72fa-5741-b733-88958a8795d2"",""ab8215e5-b753-5a6a-a4e7-ad9caf42eeac"",""1b20061c-b208-551a-b06c-81ffeff623fc"",""9b6d0913-2ae6-5dab-ab36-d05e1c51b208"",""a27c1fb2-edc1-57e6-9d74-adb5a13fed3b"",""4696448b-8c21-591b-80cc-7344ea0b95ec"",""c1d75a33-928c-5636-b99c-def1fb29e0f5"",""61eebfb6-2555-5bce-ba71-7a750427392a"",""aba074a1-d451-595d-bc12-e257adbe7383"",""1ca34094-ee4d-5962-a78a-174d361a9cd3"",""7edb0577-da07-5c6f-8391-bb90e9822165"",""d7c5d484-54dc-5d1e-a3ac-65d60267a12c"",""f416cc8b-3bc2-5c4c-a91c-c56faf748684""]",,,,,,,tokens.other,,,3,0,3,UF3,,,prespecified_B_E,False,explicit in unit columns; exact fractions retained,tokens
M7-analysis-v5,E-P0R0,UF4:cell:E-P0R0,dbb63e68d4ed9e904fa985aa5b88d674205b6caab086a8d981ac8918a9c68fb5,"[""4afc763c-033e-501c-9c9c-453207d31e62"",""1fed9611-d0cc-51e5-86e7-4ba237c836a2"",""0e4d4039-5409-5be7-a300-ded85e9c22d7"",""1c4afc6f-6679-57b7-ab6b-cec3053e85a1"",""76216ff6-0dab-5f43-913f-741c2deb7596"",""fe7c5fea-171a-5d3e-b93c-b9d53dca7c67"",""784c942d-b222-5013-a2e4-de4aa477a143"",""2f2d84f4-6f41-5df7-a828-cc0a3d9cdddf"",""c68f6332-f200-5595-940d-e5bcad78f1fe"",""54c3aba8-cb42-5023-9591-5cdd68bdd7c5"",""b9ac296e-4c6c-5cdc-9e03-14868c124af2"",""022ddff9-4332-5ba5-b884-42537f220a0c"",""0d262496-18e1-5973-84a6-84fbda64d0ff"",""447860c8-1d56-518b-88ad-7e103990b756"",""616ecfda-7163-5a8d-ba60-01f623d8b124"",""656bacfc-b102-5379-8db2-2f9f127621e0"",""88f2e658-6155-5924-bc85-63fe2aabb08a"",""9f032fb3-90ca-5749-aff5-1065077ac10e"",""4d2e4005-a84b-525b-a492-d367c5e405d0"",""12b20e20-e117-5c00-83bc-e589b92b730e"",""e97a5398-37b9-5e89-91a9-9b3ae48d9534"",""7a8f92c5-5f85-593a-bf90-08e13c60a2e6"",""aa66f5e3-ac0e-57d6-9b69-aa54ea7c4fb9"",""d07b7490-853e-562b-b662-305e89e7718d"",""596c0800-372d-5056-8a35-9f8661656bf4"",""d08816e6-d4d6-5f35-9de3-d86528fa7a96"",""2e126757-f17e-5ee2-93db-94d31ed944b2"",""5e1af4e2-330f-563f-b639-2d3cd8d276c8"",""49cd1889-2a56-5913-8723-929335f68874"",""82b898ba-3b6d-567f-8996-4f259b74547e"",""d38eb7d2-e78b-5c2f-93e4-2e34846e80e6"",""33effc64-dcfe-5ced-badf-c4df49f68dc1"",""a3a03b99-34c0-504b-b529-32b798db318a"",""8b3ec7b0-123f-5597-95f7-1fafc5810d01"",""035c5442-19b8-5a84-8a59-b352a9660279"",""d6d45010-72fa-5741-b733-88958a8795d2"",""ab8215e5-b753-5a6a-a4e7-ad9caf42eeac"",""1b20061c-b208-551a-b06c-81ffeff623fc"",""9b6d0913-2ae6-5dab-ab36-d05e1c51b208"",""a27c1fb2-edc1-57e6-9d74-adb5a13fed3b"",""4696448b-8c21-591b-80cc-7344ea0b95ec"",""c1d75a33-928c-5636-b99c-def1fb29e0f5"",""61eebfb6-2555-5bce-ba71-7a750427392a"",""aba074a1-d451-595d-bc12-e257adbe7383"",""1ca34094-ee4d-5962-a78a-174d361a9cd3"",""7edb0577-da07-5c6f-8391-bb90e9822165"",""d7c5d484-54dc-5d1e-a3ac-65d60267a12c"",""f416cc8b-3bc2-5c4c-a91c-c56faf748684""]",0,0,0,0,0,0,D,0,0,0,3,3,UF4,0,0,prespecified_B_E,False,explicit in unit columns; exact fractions retained,diagnoses
M7-analysis-v5,E-P0R0,UF4:cell:E-P0R0,dbb63e68d4ed9e904fa985aa5b88d674205b6caab086a8d981ac8918a9c68fb5,"[""4afc763c-033e-501c-9c9c-453207d31e62"",""1fed9611-d0cc-51e5-86e7-4ba237c836a2"",""0e4d4039-5409-5be7-a300-ded85e9c22d7"",""1c4afc6f-6679-57b7-ab6b-cec3053e85a1"",""76216ff6-0dab-5f43-913f-741c2deb7596"",""fe7c5fea-171a-5d3e-b93c-b9d53dca7c67"",""784c942d-b222-5013-a2e4-de4aa477a143"",""2f2d84f4-6f41-5df7-a828-cc0a3d9cdddf"",""c68f6332-f200-5595-940d-e5bcad78f1fe"",""54c3aba8-cb42-5023-9591-5cdd68bdd7c5"",""b9ac296e-4c6c-5cdc-9e03-14868c124af2"",""022ddff9-4332-5ba5-b884-42537f220a0c"",""0d262496-18e1-5973-84a6-84fbda64d0ff"",""447860c8-1d56-518b-88ad-7e103990b756"",""616ecfda-7163-5a8d-ba60-01f623d8b124"",""656bacfc-b102-5379-8db2-2f9f127621e0"",""88f2e658-6155-5924-bc85-63fe2aabb08a"",""9f032fb3-90ca-5749-aff5-1065077ac10e"",""4d2e4005-a84b-525b-a492-d367c5e405d0"",""12b20e20-e117-5c00-83bc-e589b92b730e"",""e97a5398-37b9-5e89-91a9-9b3ae48d9534"",""7a8f92c5-5f85-593a-bf90-08e13c60a2e6"",""aa66f5e3-ac0e-57d6-9b69-aa54ea7c4fb9"",""d07b7490-853e-562b-b662-305e89e7718d"",""596c0800-372d-5056-8a35-9f8661656bf4"",""d08816e6-d4d6-5f35-9de3-d86528fa7a96"",""2e126757-f17e-5ee2-93db-94d31ed944b2"",""5e1af4e2-330f-563f-b639-2d3cd8d276c8"",""49cd1889-2a56-5913-8723-929335f68874"",""82b898ba-3b6d-567f-8996-4f259b74547e"",""d38eb7d2-e78b-5c2f-93e4-2e34846e80e6"",""33effc64-dcfe-5ced-badf-c4df49f68dc1"",""a3a03b99-34c0-504b-b529-32b798db318a"",""8b3ec7b0-123f-5597-95f7-1fafc5810d01"",""035c5442-19b8-5a84-8a59-b352a9660279"",""d6d45010-72fa-5741-b733-88958a8795d2"",""ab8215e5-b753-5a6a-a4e7-ad9caf42eeac"",""1b20061c-b208-551a-b06c-81ffeff623fc"",""9b6d0913-2ae6-5dab-ab36-d05e1c51b208"",""a27c1fb2-edc1-57e6-9d74-adb5a13fed3b"",""4696448b-8c21-591b-80cc-7344ea0b95ec"",""c1d75a33-928c-5636-b99c-def1fb29e0f5"",""61eebfb6-2555-5bce-ba71-7a750427392a"",""aba074a1-d451-595d-bc12-e257adbe7383"",""1ca34094-ee4d-5962-a78a-174d361a9cd3"",""7edb0577-da07-5c6f-8391-bb90e9822165"",""d7c5d484-54dc-5d1e-a3ac-65d60267a12c"",""f416cc8b-3bc2-5c4c-a91c-c56faf748684""]",0,0,0,0,0,0,S,0,0,0,3,3,UF4,0,0,prespecified_B_E,False,explicit in unit columns; exact fractions retained,diagnoses_per_100_lines
M7-analysis-v5,E-P0R0,UF4:cell:E-P0R0,dbb63e68d4ed9e904fa985aa5b88d674205b6caab086a8d981ac8918a9c68fb5,"[""4afc763c-033e-501c-9c9c-453207d31e62"",""1fed9611-d0cc-51e5-86e7-4ba237c836a2"",""0e4d4039-5409-5be7-a300-ded85e9c22d7"",""1c4afc6f-6679-57b7-ab6b-cec3053e85a1"",""76216ff6-0dab-5f43-913f-741c2deb7596"",""fe7c5fea-171a-5d3e-b93c-b9d53dca7c67"",""784c942d-b222-5013-a2e4-de4aa477a143"",""2f2d84f4-6f41-5df7-a828-cc0a3d9cdddf"",""c68f6332-f200-5595-940d-e5bcad78f1fe"",""54c3aba8-cb42-5023-9591-5cdd68bdd7c5"",""b9ac296e-4c6c-5cdc-9e03-14868c124af2"",""022ddff9-4332-5ba5-b884-42537f220a0c"",""0d262496-18e1-5973-84a6-84fbda64d0ff"",""447860c8-1d56-518b-88ad-7e103990b756"",""616ecfda-7163-5a8d-ba60-01f623d8b124"",""656bacfc-b102-5379-8db2-2f9f127621e0"",""88f2e658-6155-5924-bc85-63fe2aabb08a"",""9f032fb3-90ca-5749-aff5-1065077ac10e"",""4d2e4005-a84b-525b-a492-d367c5e405d0"",""12b20e20-e117-5c00-83bc-e589b92b730e"",""e97a5398-37b9-5e89-91a9-9b3ae48d9534"",""7a8f92c5-5f85-593a-bf90-08e13c60a2e6"",""aa66f5e3-ac0e-57d6-9b69-aa54ea7c4fb9"",""d07b7490-853e-562b-b662-305e89e7718d"",""596c0800-372d-5056-8a35-9f8661656bf4"",""d08816e6-d4d6-5f35-9de3-d86528fa7a96"",""2e126757-f17e-5ee2-93db-94d31ed944b2"",""5e1af4e2-330f-563f-b639-2d3cd8d276c8"",""49cd1889-2a56-5913-8723-929335f68874"",""82b898ba-3b6d-567f-8996-4f259b74547e"",""d38eb7d2-e78b-5c2f-93e4-2e34846e80e6"",""33effc64-dcfe-5ced-badf-c4df49f68dc1"",""a3a03b99-34c0-504b-b529-32b798db318a"",""8b3ec7b0-123f-5597-95f7-1fafc5810d01"",""035c5442-19b8-5a84-8a59-b352a9660279"",""d6d45010-72fa-5741-b733-88958a8795d2"",""ab8215e5-b753-5a6a-a4e7-ad9caf42eeac"",""1b20061c-b208-551a-b06c-81ffeff623fc"",""9b6d0913-2ae6-5dab-ab36-d05e1c51b208"",""a27c1fb2-edc1-57e6-9d74-adb5a13fed3b"",""4696448b-8c21-591b-80cc-7344ea0b95ec"",""c1d75a33-928c-5636-b99c-def1fb29e0f5"",""61eebfb6-2555-5bce-ba71-7a750427392a"",""aba074a1-d451-595d-bc12-e257adbe7383"",""1ca34094-ee4d-5962-a78a-174d361a9cd3"",""7edb0577-da07-5c6f-8391-bb90e9822165"",""d7c5d484-54dc-5d1e-a3ac-65d60267a12c"",""f416cc8b-3bc2-5c4c-a91c-c56faf748684""]",0,0,0,0,0,0,outage_seconds,0,0,0,3,3,UF4,0,0,prespecified_B_E,False,explicit in unit columns; exact fractions retained,s
M7-analysis-v5,E-P0R0,UF4:cell:E-P0R0,dbb63e68d4ed9e904fa985aa5b88d674205b6caab086a8d981ac8918a9c68fb5,"[""4afc763c-033e-501c-9c9c-453207d31e62"",""1fed9611-d0cc-51e5-86e7-4ba237c836a2"",""0e4d4039-5409-5be7-a300-ded85e9c22d7"",""1c4afc6f-6679-57b7-ab6b-cec3053e85a1"",""76216ff6-0dab-5f43-913f-741c2deb7596"",""fe7c5fea-171a-5d3e-b93c-b9d53dca7c67"",""784c942d-b222-5013-a2e4-de4aa477a143"",""2f2d84f4-6f41-5df7-a828-cc0a3d9cdddf"",""c68f6332-f200-5595-940d-e5bcad78f1fe"",""54c3aba8-cb42-5023-9591-5cdd68bdd7c5"",""b9ac296e-4c6c-5cdc-9e03-14868c124af2"",""022ddff9-4332-5ba5-b884-42537f220a0c"",""0d262496-18e1-5973-84a6-84fbda64d0ff"",""447860c8-1d56-518b-88ad-7e103990b756"",""616ecfda-7163-5a8d-ba60-01f623d8b124"",""656bacfc-b102-5379-8db2-2f9f127621e0"",""88f2e658-6155-5924-bc85-63fe2aabb08a"",""9f032fb3-90ca-5749-aff5-1065077ac10e"",""4d2e4005-a84b-525b-a492-d367c5e405d0"",""12b20e20-e117-5c00-83bc-e589b92b730e"",""e97a5398-37b9-5e89-91a9-9b3ae48d9534"",""7a8f92c5-5f85-593a-bf90-08e13c60a2e6"",""aa66f5e3-ac0e-57d6-9b69-aa54ea7c4fb9"",""d07b7490-853e-562b-b662-305e89e7718d"",""596c0800-372d-5056-8a35-9f8661656bf4"",""d08816e6-d4d6-5f35-9de3-d86528fa7a96"",""2e126757-f17e-5ee2-93db-94d31ed944b2"",""5e1af4e2-330f-563f-b639-2d3cd8d276c8"",""49cd1889-2a56-5913-8723-929335f68874"",""82b898ba-3b6d-567f-8996-4f259b74547e"",""d38eb7d2-e78b-5c2f-93e4-2e34846e80e6"",""33effc64-dcfe-5ced-badf-c4df49f68dc1"",""a3a03b99-34c0-504b-b529-32b798db318a"",""8b3ec7b0-123f-5597-95f7-1fafc5810d01"",""035c5442-19b8-5a84-8a59-b352a9660279"",""d6d45010-72fa-5741-b733-88958a8795d2"",""ab8215e5-b753-5a6a-a4e7-ad9caf42eeac"",""1b20061c-b208-551a-b06c-81ffeff623fc"",""9b6d0913-2ae6-5dab-ab36-d05e1c51b208"",""a27c1fb2-edc1-57e6-9d74-adb5a13fed3b"",""4696448b-8c21-591b-80cc-7344ea0b95ec"",""c1d75a33-928c-5636-b99c-def1fb29e0f5"",""61eebfb6-2555-5bce-ba71-7a750427392a"",""aba074a1-d451-595d-bc12-e257adbe7383"",""1ca34094-ee4d-5962-a78a-174d361a9cd3"",""7edb0577-da07-5c6f-8391-bb90e9822165"",""d7c5d484-54dc-5d1e-a3ac-65d60267a12c"",""f416cc8b-3bc2-5c4c-a91c-c56faf748684""]",0,0,0,0,0,0,pause_seconds,0,0,0,3,3,UF4,0,0,prespecified_B_E,False,explicit in unit columns; exact fractions retained,s
M7-analysis-v5,E-P0R0,UF4:cell:E-P0R0,dbb63e68d4ed9e904fa985aa5b88d674205b6caab086a8d981ac8918a9c68fb5,"[""4afc763c-033e-501c-9c9c-453207d31e62"",""1fed9611-d0cc-51e5-86e7-4ba237c836a2"",""0e4d4039-5409-5be7-a300-ded85e9c22d7"",""1c4afc6f-6679-57b7-ab6b-cec3053e85a1"",""76216ff6-0dab-5f43-913f-741c2deb7596"",""fe7c5fea-171a-5d3e-b93c-b9d53dca7c67"",""784c942d-b222-5013-a2e4-de4aa477a143"",""2f2d84f4-6f41-5df7-a828-cc0a3d9cdddf"",""c68f6332-f200-5595-940d-e5bcad78f1fe"",""54c3aba8-cb42-5023-9591-5cdd68bdd7c5"",""b9ac296e-4c6c-5cdc-9e03-14868c124af2"",""022ddff9-4332-5ba5-b884-42537f220a0c"",""0d262496-18e1-5973-84a6-84fbda64d0ff"",""447860c8-1d56-518b-88ad-7e103990b756"",""616ecfda-7163-5a8d-ba60-01f623d8b124"",""656bacfc-b102-5379-8db2-2f9f127621e0"",""88f2e658-6155-5924-bc85-63fe2aabb08a"",""9f032fb3-90ca-5749-aff5-1065077ac10e"",""4d2e4005-a84b-525b-a492-d367c5e405d0"",""12b20e20-e117-5c00-83bc-e589b92b730e"",""e97a5398-37b9-5e89-91a9-9b3ae48d9534"",""7a8f92c5-5f85-593a-bf90-08e13c60a2e6"",""aa66f5e3-ac0e-57d6-9b69-aa54ea7c4fb9"",""d07b7490-853e-562b-b662-305e89e7718d"",""596c0800-372d-5056-8a35-9f8661656bf4"",""d08816e6-d4d6-5f35-9de3-d86528fa7a96"",""2e126757-f17e-5ee2-93db-94d31ed944b2"",""5e1af4e2-330f-563f-b639-2d3cd8d276c8"",""49cd1889-2a56-5913-8723-929335f68874"",""82b898ba-3b6d-567f-8996-4f259b74547e"",""d38eb7d2-e78b-5c2f-93e4-2e34846e80e6"",""33effc64-dcfe-5ced-badf-c4df49f68dc1"",""a3a03b99-34c0-504b-b529-32b798db318a"",""8b3ec7b0-123f-5597-95f7-1fafc5810d01"",""035c5442-19b8-5a84-8a59-b352a9660279"",""d6d45010-72fa-5741-b733-88958a8795d2"",""ab8215e5-b753-5a6a-a4e7-ad9caf42eeac"",""1b20061c-b208-551a-b06c-81ffeff623fc"",""9b6d0913-2ae6-5dab-ab36-d05e1c51b208"",""a27c1fb2-edc1-57e6-9d74-adb5a13fed3b"",""4696448b-8c21-591b-80cc-7344ea0b95ec"",""c1d75a33-928c-5636-b99c-def1fb29e0f5"",""61eebfb6-2555-5bce-ba71-7a750427392a"",""aba074a1-d451-595d-bc12-e257adbe7383"",""1ca34094-ee4d-5962-a78a-174d361a9cd3"",""7edb0577-da07-5c6f-8391-bb90e9822165"",""d7c5d484-54dc-5d1e-a3ac-65d60267a12c"",""f416cc8b-3bc2-5c4c-a91c-c56faf748684""]",0,0,0,0,0,0,tokens.cache_read,0,0,0,3,3,UF4,0,0,prespecified_B_E,False,explicit in unit columns; exact fractions retained,tokens
M7-analysis-v5,E-P0R0,UF4:cell:E-P0R0,dbb63e68d4ed9e904fa985aa5b88d674205b6caab086a8d981ac8918a9c68fb5,"[""4afc763c-033e-501c-9c9c-453207d31e62"",""1fed9611-d0cc-51e5-86e7-4ba237c836a2"",""0e4d4039-5409-5be7-a300-ded85e9c22d7"",""1c4afc6f-6679-57b7-ab6b-cec3053e85a1"",""76216ff6-0dab-5f43-913f-741c2deb7596"",""fe7c5fea-171a-5d3e-b93c-b9d53dca7c67"",""784c942d-b222-5013-a2e4-de4aa477a143"",""2f2d84f4-6f41-5df7-a828-cc0a3d9cdddf"",""c68f6332-f200-5595-940d-e5bcad78f1fe"",""54c3aba8-cb42-5023-9591-5cdd68bdd7c5"",""b9ac296e-4c6c-5cdc-9e03-14868c124af2"",""022ddff9-4332-5ba5-b884-42537f220a0c"",""0d262496-18e1-5973-84a6-84fbda64d0ff"",""447860c8-1d56-518b-88ad-7e103990b756"",""616ecfda-7163-5a8d-ba60-01f623d8b124"",""656bacfc-b102-5379-8db2-2f9f127621e0"",""88f2e658-6155-5924-bc85-63fe2aabb08a"",""9f032fb3-90ca-5749-aff5-1065077ac10e"",""4d2e4005-a84b-525b-a492-d367c5e405d0"",""12b20e20-e117-5c00-83bc-e589b92b730e"",""e97a5398-37b9-5e89-91a9-9b3ae48d9534"",""7a8f92c5-5f85-593a-bf90-08e13c60a2e6"",""aa66f5e3-ac0e-57d6-9b69-aa54ea7c4fb9"",""d07b7490-853e-562b-b662-305e89e7718d"",""596c0800-372d-5056-8a35-9f8661656bf4"",""d08816e6-d4d6-5f35-9de3-d86528fa7a96"",""2e126757-f17e-5ee2-93db-94d31ed944b2"",""5e1af4e2-330f-563f-b639-2d3cd8d276c8"",""49cd1889-2a56-5913-8723-929335f68874"",""82b898ba-3b6d-567f-8996-4f259b74547e"",""d38eb7d2-e78b-5c2f-93e4-2e34846e80e6"",""33effc64-dcfe-5ced-badf-c4df49f68dc1"",""a3a03b99-34c0-504b-b529-32b798db318a"",""8b3ec7b0-123f-5597-95f7-1fafc5810d01"",""035c5442-19b8-5a84-8a59-b352a9660279"",""d6d45010-72fa-5741-b733-88958a8795d2"",""ab8215e5-b753-5a6a-a4e7-ad9caf42eeac"",""1b20061c-b208-551a-b06c-81ffeff623fc"",""9b6d0913-2ae6-5dab-ab36-d05e1c51b208"",""a27c1fb2-edc1-57e6-9d74-adb5a13fed3b"",""4696448b-8c21-591b-80cc-7344ea0b95ec"",""c1d75a33-928c-5636-b99c-def1fb29e0f5"",""61eebfb6-2555-5bce-ba71-7a750427392a"",""aba074a1-d451-595d-bc12-e257adbe7383"",""1ca34094-ee4d-5962-a78a-174d361a9cd3"",""7edb0577-da07-5c6f-8391-bb90e9822165"",""d7c5d484-54dc-5d1e-a3ac-65d60267a12c"",""f416cc8b-3bc2-5c4c-a91c-c56faf748684""]",0.076705325,0.076705325,0.0639285,0.063928500,0.057887025,0.057887025,cost,0.05719315,0.057193150,0,3,3,UF4,0.01107049269180802991419214910431354658827,0.01107049269180802991419214910431354658827,prespecified_B_E,False,explicit in unit columns; exact fractions retained,USD
M7-analysis-v5,E-P0R0,UF4:cell:E-P0R0,dbb63e68d4ed9e904fa985aa5b88d674205b6caab086a8d981ac8918a9c68fb5,"[""4afc763c-033e-501c-9c9c-453207d31e62"",""1fed9611-d0cc-51e5-86e7-4ba237c836a2"",""0e4d4039-5409-5be7-a300-ded85e9c22d7"",""1c4afc6f-6679-57b7-ab6b-cec3053e85a1"",""76216ff6-0dab-5f43-913f-741c2deb7596"",""fe7c5fea-171a-5d3e-b93c-b9d53dca7c67"",""784c942d-b222-5013-a2e4-de4aa477a143"",""2f2d84f4-6f41-5df7-a828-cc0a3d9cdddf"",""c68f6332-f200-5595-940d-e5bcad78f1fe"",""54c3aba8-cb42-5023-9591-5cdd68bdd7c5"",""b9ac296e-4c6c-5cdc-9e03-14868c124af2"",""022ddff9-4332-5ba5-b884-42537f220a0c"",""0d262496-18e1-5973-84a6-84fbda64d0ff"",""447860c8-1d56-518b-88ad-7e103990b756"",""616ecfda-7163-5a8d-ba60-01f623d8b124"",""656bacfc-b102-5379-8db2-2f9f127621e0"",""88f2e658-6155-5924-bc85-63fe2aabb08a"",""9f032fb3-90ca-5749-aff5-1065077ac10e"",""4d2e4005-a84b-525b-a492-d367c5e405d0"",""12b20e20-e117-5c00-83bc-e589b92b730e"",""e97a5398-37b9-5e89-91a9-9b3ae48d9534"",""7a8f92c5-5f85-593a-bf90-08e13c60a2e6"",""aa66f5e3-ac0e-57d6-9b69-aa54ea7c4fb9"",""d07b7490-853e-562b-b662-305e89e7718d"",""596c0800-372d-5056-8a35-9f8661656bf4"",""d08816e6-d4d6-5f35-9de3-d86528fa7a96"",""2e126757-f17e-5ee2-93db-94d31ed944b2"",""5e1af4e2-330f-563f-b639-2d3cd8d276c8"",""49cd1889-2a56-5913-8723-929335f68874"",""82b898ba-3b6d-567f-8996-4f259b74547e"",""d38eb7d2-e78b-5c2f-93e4-2e34846e80e6"",""33effc64-dcfe-5ced-badf-c4df49f68dc1"",""a3a03b99-34c0-504b-b529-32b798db318a"",""8b3ec7b0-123f-5597-95f7-1fafc5810d01"",""035c5442-19b8-5a84-8a59-b352a9660279"",""d6d45010-72fa-5741-b733-88958a8795d2"",""ab8215e5-b753-5a6a-a4e7-ad9caf42eeac"",""1b20061c-b208-551a-b06c-81ffeff623fc"",""9b6d0913-2ae6-5dab-ab36-d05e1c51b208"",""a27c1fb2-edc1-57e6-9d74-adb5a13fed3b"",""4696448b-8c21-591b-80cc-7344ea0b95ec"",""c1d75a33-928c-5636-b99c-def1fb29e0f5"",""61eebfb6-2555-5bce-ba71-7a750427392a"",""aba074a1-d451-595d-bc12-e257adbe7383"",""1ca34094-ee4d-5962-a78a-174d361a9cd3"",""7edb0577-da07-5c6f-8391-bb90e9822165"",""d7c5d484-54dc-5d1e-a3ac-65d60267a12c"",""f416cc8b-3bc2-5c4c-a91c-c56faf748684""]",1,1,0.3333333333333333333333333333333333333333,1/3,0,0,repair_count,0,0,0,3,3,UF4,0.5773502691896257645091487805019574556476,0.5773502691896257645091487805019574556476,prespecified_B_E,False,explicit in unit columns; exact fractions retained,count
M7-analysis-v5,E-P0R0,UF4:cell:E-P0R0,dbb63e68d4ed9e904fa985aa5b88d674205b6caab086a8d981ac8918a9c68fb5,"[""4afc763c-033e-501c-9c9c-453207d31e62"",""1fed9611-d0cc-51e5-86e7-4ba237c836a2"",""0e4d4039-5409-5be7-a300-ded85e9c22d7"",""1c4afc6f-6679-57b7-ab6b-cec3053e85a1"",""76216ff6-0dab-5f43-913f-741c2deb7596"",""fe7c5fea-171a-5d3e-b93c-b9d53dca7c67"",""784c942d-b222-5013-a2e4-de4aa477a143"",""2f2d84f4-6f41-5df7-a828-cc0a3d9cdddf"",""c68f6332-f200-5595-940d-e5bcad78f1fe"",""54c3aba8-cb42-5023-9591-5cdd68bdd7c5"",""b9ac296e-4c6c-5cdc-9e03-14868c124af2"",""022ddff9-4332-5ba5-b884-42537f220a0c"",""0d262496-18e1-5973-84a6-84fbda64d0ff"",""447860c8-1d56-518b-88ad-7e103990b756"",""616ecfda-7163-5a8d-ba60-01f623d8b124"",""656bacfc-b102-5379-8db2-2f9f127621e0"",""88f2e658-6155-5924-bc85-63fe2aabb08a"",""9f032fb3-90ca-5749-aff5-1065077ac10e"",""4d2e4005-a84b-525b-a492-d367c5e405d0"",""12b20e20-e117-5c00-83bc-e589b92b730e"",""e97a5398-37b9-5e89-91a9-9b3ae48d9534"",""7a8f92c5-5f85-593a-bf90-08e13c60a2e6"",""aa66f5e3-ac0e-57d6-9b69-aa54ea7c4fb9"",""d07b7490-853e-562b-b662-305e89e7718d"",""596c0800-372d-5056-8a35-9f8661656bf4"",""d08816e6-d4d6-5f35-9de3-d86528fa7a96"",""2e126757-f17e-5ee2-93db-94d31ed944b2"",""5e1af4e2-330f-563f-b639-2d3cd8d276c8"",""49cd1889-2a56-5913-8723-929335f68874"",""82b898ba-3b6d-567f-8996-4f259b74547e"",""d38eb7d2-e78b-5c2f-93e4-2e34846e80e6"",""33effc64-dcfe-5ced-badf-c4df49f68dc1"",""a3a03b99-34c0-504b-b529-32b798db318a"",""8b3ec7b0-123f-5597-95f7-1fafc5810d01"",""035c5442-19b8-5a84-8a59-b352a9660279"",""d6d45010-72fa-5741-b733-88958a8795d2"",""ab8215e5-b753-5a6a-a4e7-ad9caf42eeac"",""1b20061c-b208-551a-b06c-81ffeff623fc"",""9b6d0913-2ae6-5dab-ab36-d05e1c51b208"",""a27c1fb2-edc1-57e6-9d74-adb5a13fed3b"",""4696448b-8c21-591b-80cc-7344ea0b95ec"",""c1d75a33-928c-5636-b99c-def1fb29e0f5"",""61eebfb6-2555-5bce-ba71-7a750427392a"",""aba074a1-d451-595d-bc12-e257adbe7383"",""1ca34094-ee4d-5962-a78a-174d361a9cd3"",""7edb0577-da07-5c6f-8391-bb90e9822165"",""d7c5d484-54dc-5d1e-a3ac-65d60267a12c"",""f416cc8b-3bc2-5c4c-a91c-c56faf748684""]",1,1,1,1,1,1,F,1,1,0,3,3,UF4,0,0,prespecified_B_E,False,explicit in unit columns; exact fractions retained,ratio
M7-analysis-v5,E-P0R0,UF4:cell:E-P0R0,dbb63e68d4ed9e904fa985aa5b88d674205b6caab086a8d981ac8918a9c68fb5,"[""4afc763c-033e-501c-9c9c-453207d31e62"",""1fed9611-d0cc-51e5-86e7-4ba237c836a2"",""0e4d4039-5409-5be7-a300-ded85e9c22d7"",""1c4afc6f-6679-57b7-ab6b-cec3053e85a1"",""76216ff6-0dab-5f43-913f-741c2deb7596"",""fe7c5fea-171a-5d3e-b93c-b9d53dca7c67"",""784c942d-b222-5013-a2e4-de4aa477a143"",""2f2d84f4-6f41-5df7-a828-cc0a3d9cdddf"",""c68f6332-f200-5595-940d-e5bcad78f1fe"",""54c3aba8-cb42-5023-9591-5cdd68bdd7c5"",""b9ac296e-4c6c-5cdc-9e03-14868c124af2"",""022ddff9-4332-5ba5-b884-42537f220a0c"",""0d262496-18e1-5973-84a6-84fbda64d0ff"",""447860c8-1d56-518b-88ad-7e103990b756"",""616ecfda-7163-5a8d-ba60-01f623d8b124"",""656bacfc-b102-5379-8db2-2f9f127621e0"",""88f2e658-6155-5924-bc85-63fe2aabb08a"",""9f032fb3-90ca-5749-aff5-1065077ac10e"",""4d2e4005-a84b-525b-a492-d367c5e405d0"",""12b20e20-e117-5c00-83bc-e589b92b730e"",""e97a5398-37b9-5e89-91a9-9b3ae48d9534"",""7a8f92c5-5f85-593a-bf90-08e13c60a2e6"",""aa66f5e3-ac0e-57d6-9b69-aa54ea7c4fb9"",""d07b7490-853e-562b-b662-305e89e7718d"",""596c0800-372d-5056-8a35-9f8661656bf4"",""d08816e6-d4d6-5f35-9de3-d86528fa7a96"",""2e126757-f17e-5ee2-93db-94d31ed944b2"",""5e1af4e2-330f-563f-b639-2d3cd8d276c8"",""49cd1889-2a56-5913-8723-929335f68874"",""82b898ba-3b6d-567f-8996-4f259b74547e"",""d38eb7d2-e78b-5c2f-93e4-2e34846e80e6"",""33effc64-dcfe-5ced-badf-c4df49f68dc1"",""a3a03b99-34c0-504b-b529-32b798db318a"",""8b3ec7b0-123f-5597-95f7-1fafc5810d01"",""035c5442-19b8-5a84-8a59-b352a9660279"",""d6d45010-72fa-5741-b733-88958a8795d2"",""ab8215e5-b753-5a6a-a4e7-ad9caf42eeac"",""1b20061c-b208-551a-b06c-81ffeff623fc"",""9b6d0913-2ae6-5dab-ab36-d05e1c51b208"",""a27c1fb2-edc1-57e6-9d74-adb5a13fed3b"",""4696448b-8c21-591b-80cc-7344ea0b95ec"",""c1d75a33-928c-5636-b99c-def1fb29e0f5"",""61eebfb6-2555-5bce-ba71-7a750427392a"",""aba074a1-d451-595d-bc12-e257adbe7383"",""1ca34094-ee4d-5962-a78a-174d361a9cd3"",""7edb0577-da07-5c6f-8391-bb90e9822165"",""d7c5d484-54dc-5d1e-a3ac-65d60267a12c"",""f416cc8b-3bc2-5c4c-a91c-c56faf748684""]",1,1,1,1,1,1,R1,1,1,0,3,3,UF4,0,0,prespecified_B_E,False,explicit in unit columns; exact fractions retained,binary
M7-analysis-v5,E-P0R0,UF4:cell:E-P0R0,dbb63e68d4ed9e904fa985aa5b88d674205b6caab086a8d981ac8918a9c68fb5,"[""4afc763c-033e-501c-9c9c-453207d31e62"",""1fed9611-d0cc-51e5-86e7-4ba237c836a2"",""0e4d4039-5409-5be7-a300-ded85e9c22d7"",""1c4afc6f-6679-57b7-ab6b-cec3053e85a1"",""76216ff6-0dab-5f43-913f-741c2deb7596"",""fe7c5fea-171a-5d3e-b93c-b9d53dca7c67"",""784c942d-b222-5013-a2e4-de4aa477a143"",""2f2d84f4-6f41-5df7-a828-cc0a3d9cdddf"",""c68f6332-f200-5595-940d-e5bcad78f1fe"",""54c3aba8-cb42-5023-9591-5cdd68bdd7c5"",""b9ac296e-4c6c-5cdc-9e03-14868c124af2"",""022ddff9-4332-5ba5-b884-42537f220a0c"",""0d262496-18e1-5973-84a6-84fbda64d0ff"",""447860c8-1d56-518b-88ad-7e103990b756"",""616ecfda-7163-5a8d-ba60-01f623d8b124"",""656bacfc-b102-5379-8db2-2f9f127621e0"",""88f2e658-6155-5924-bc85-63fe2aabb08a"",""9f032fb3-90ca-5749-aff5-1065077ac10e"",""4d2e4005-a84b-525b-a492-d367c5e405d0"",""12b20e20-e117-5c00-83bc-e589b92b730e"",""e97a5398-37b9-5e89-91a9-9b3ae48d9534"",""7a8f92c5-5f85-593a-bf90-08e13c60a2e6"",""aa66f5e3-ac0e-57d6-9b69-aa54ea7c4fb9"",""d07b7490-853e-562b-b662-305e89e7718d"",""596c0800-372d-5056-8a35-9f8661656bf4"",""d08816e6-d4d6-5f35-9de3-d86528fa7a96"",""2e126757-f17e-5ee2-93db-94d31ed944b2"",""5e1af4e2-330f-563f-b639-2d3cd8d276c8"",""49cd1889-2a56-5913-8723-929335f68874"",""82b898ba-3b6d-567f-8996-4f259b74547e"",""d38eb7d2-e78b-5c2f-93e4-2e34846e80e6"",""33effc64-dcfe-5ced-badf-c4df49f68dc1"",""a3a03b99-34c0-504b-b529-32b798db318a"",""8b3ec7b0-123f-5597-95f7-1fafc5810d01"",""035c5442-19b8-5a84-8a59-b352a9660279"",""d6d45010-72fa-5741-b733-88958a8795d2"",""ab8215e5-b753-5a6a-a4e7-ad9caf42eeac"",""1b20061c-b208-551a-b06c-81ffeff623fc"",""9b6d0913-2ae6-5dab-ab36-d05e1c51b208"",""a27c1fb2-edc1-57e6-9d74-adb5a13fed3b"",""4696448b-8c21-591b-80cc-7344ea0b95ec"",""c1d75a33-928c-5636-b99c-def1fb29e0f5"",""61eebfb6-2555-5bce-ba71-7a750427392a"",""aba074a1-d451-595d-bc12-e257adbe7383"",""1ca34094-ee4d-5962-a78a-174d361a9cd3"",""7edb0577-da07-5c6f-8391-bb90e9822165"",""d7c5d484-54dc-5d1e-a3ac-65d60267a12c"",""f416cc8b-3bc2-5c4c-a91c-c56faf748684""]",1,1,1,1,1,1,R2,1,1,0,3,3,UF4,0,0,prespecified_B_E,False,explicit in unit columns; exact fractions retained,binary
M7-analysis-v5,E-P0R0,UF4:cell:E-P0R0,dbb63e68d4ed9e904fa985aa5b88d674205b6caab086a8d981ac8918a9c68fb5,"[""4afc763c-033e-501c-9c9c-453207d31e62"",""1fed9611-d0cc-51e5-86e7-4ba237c836a2"",""0e4d4039-5409-5be7-a300-ded85e9c22d7"",""1c4afc6f-6679-57b7-ab6b-cec3053e85a1"",""76216ff6-0dab-5f43-913f-741c2deb7596"",""fe7c5fea-171a-5d3e-b93c-b9d53dca7c67"",""784c942d-b222-5013-a2e4-de4aa477a143"",""2f2d84f4-6f41-5df7-a828-cc0a3d9cdddf"",""c68f6332-f200-5595-940d-e5bcad78f1fe"",""54c3aba8-cb42-5023-9591-5cdd68bdd7c5"",""b9ac296e-4c6c-5cdc-9e03-14868c124af2"",""022ddff9-4332-5ba5-b884-42537f220a0c"",""0d262496-18e1-5973-84a6-84fbda64d0ff"",""447860c8-1d56-518b-88ad-7e103990b756"",""616ecfda-7163-5a8d-ba60-01f623d8b124"",""656bacfc-b102-5379-8db2-2f9f127621e0"",""88f2e658-6155-5924-bc85-63fe2aabb08a"",""9f032fb3-90ca-5749-aff5-1065077ac10e"",""4d2e4005-a84b-525b-a492-d367c5e405d0"",""12b20e20-e117-5c00-83bc-e589b92b730e"",""e97a5398-37b9-5e89-91a9-9b3ae48d9534"",""7a8f92c5-5f85-593a-bf90-08e13c60a2e6"",""aa66f5e3-ac0e-57d6-9b69-aa54ea7c4fb9"",""d07b7490-853e-562b-b662-305e89e7718d"",""596c0800-372d-5056-8a35-9f8661656bf4"",""d08816e6-d4d6-5f35-9de3-d86528fa7a96"",""2e126757-f17e-5ee2-93db-94d31ed944b2"",""5e1af4e2-330f-563f-b639-2d3cd8d276c8"",""49cd1889-2a56-5913-8723-929335f68874"",""82b898ba-3b6d-567f-8996-4f259b74547e"",""d38eb7d2-e78b-5c2f-93e4-2e34846e80e6"",""33effc64-dcfe-5ced-badf-c4df49f68dc1"",""a3a03b99-34c0-504b-b529-32b798db318a"",""8b3ec7b0-123f-5597-95f7-1fafc5810d01"",""035c5442-19b8-5a84-8a59-b352a9660279"",""d6d45010-72fa-5741-b733-88958a8795d2"",""ab8215e5-b753-5a6a-a4e7-ad9caf42eeac"",""1b20061c-b208-551a-b06c-81ffeff623fc"",""9b6d0913-2ae6-5dab-ab36-d05e1c51b208"",""a27c1fb2-edc1-57e6-9d74-adb5a13fed3b"",""4696448b-8c21-591b-80cc-7344ea0b95ec"",""c1d75a33-928c-5636-b99c-def1fb29e0f5"",""61eebfb6-2555-5bce-ba71-7a750427392a"",""aba074a1-d451-595d-bc12-e257adbe7383"",""1ca34094-ee4d-5962-a78a-174d361a9cd3"",""7edb0577-da07-5c6f-8391-bb90e9822165"",""d7c5d484-54dc-5d1e-a3ac-65d60267a12c"",""f416cc8b-3bc2-5c4c-a91c-c56faf748684""]",1,1,1,1,1,1,R3,1,1,0,3,3,UF4,0,0,prespecified_B_E,False,explicit in unit columns; exact fractions retained,binary
M7-analysis-v5,E-P0R0,UF4:cell:E-P0R0,dbb63e68d4ed9e904fa985aa5b88d674205b6caab086a8d981ac8918a9c68fb5,"[""4afc763c-033e-501c-9c9c-453207d31e62"",""1fed9611-d0cc-51e5-86e7-4ba237c836a2"",""0e4d4039-5409-5be7-a300-ded85e9c22d7"",""1c4afc6f-6679-57b7-ab6b-cec3053e85a1"",""76216ff6-0dab-5f43-913f-741c2deb7596"",""fe7c5fea-171a-5d3e-b93c-b9d53dca7c67"",""784c942d-b222-5013-a2e4-de4aa477a143"",""2f2d84f4-6f41-5df7-a828-cc0a3d9cdddf"",""c68f6332-f200-5595-940d-e5bcad78f1fe"",""54c3aba8-cb42-5023-9591-5cdd68bdd7c5"",""b9ac296e-4c6c-5cdc-9e03-14868c124af2"",""022ddff9-4332-5ba5-b884-42537f220a0c"",""0d262496-18e1-5973-84a6-84fbda64d0ff"",""447860c8-1d56-518b-88ad-7e103990b756"",""616ecfda-7163-5a8d-ba60-01f623d8b124"",""656bacfc-b102-5379-8db2-2f9f127621e0"",""88f2e658-6155-5924-bc85-63fe2aabb08a"",""9f032fb3-90ca-5749-aff5-1065077ac10e"",""4d2e4005-a84b-525b-a492-d367c5e405d0"",""12b20e20-e117-5c00-83bc-e589b92b730e"",""e97a5398-37b9-5e89-91a9-9b3ae48d9534"",""7a8f92c5-5f85-593a-bf90-08e13c60a2e6"",""aa66f5e3-ac0e-57d6-9b69-aa54ea7c4fb9"",""d07b7490-853e-562b-b662-305e89e7718d"",""596c0800-372d-5056-8a35-9f8661656bf4"",""d08816e6-d4d6-5f35-9de3-d86528fa7a96"",""2e126757-f17e-5ee2-93db-94d31ed944b2"",""5e1af4e2-330f-563f-b639-2d3cd8d276c8"",""49cd1889-2a56-5913-8723-929335f68874"",""82b898ba-3b6d-567f-8996-4f259b74547e"",""d38eb7d2-e78b-5c2f-93e4-2e34846e80e6"",""33effc64-dcfe-5ced-badf-c4df49f68dc1"",""a3a03b99-34c0-504b-b529-32b798db318a"",""8b3ec7b0-123f-5597-95f7-1fafc5810d01"",""035c5442-19b8-5a84-8a59-b352a9660279"",""d6d45010-72fa-5741-b733-88958a8795d2"",""ab8215e5-b753-5a6a-a4e7-ad9caf42eeac"",""1b20061c-b208-551a-b06c-81ffeff623fc"",""9b6d0913-2ae6-5dab-ab36-d05e1c51b208"",""a27c1fb2-edc1-57e6-9d74-adb5a13fed3b"",""4696448b-8c21-591b-80cc-7344ea0b95ec"",""c1d75a33-928c-5636-b99c-def1fb29e0f5"",""61eebfb6-2555-5bce-ba71-7a750427392a"",""aba074a1-d451-595d-bc12-e257adbe7383"",""1ca34094-ee4d-5962-a78a-174d361a9cd3"",""7edb0577-da07-5c6f-8391-bb90e9822165"",""d7c5d484-54dc-5d1e-a3ac-65d60267a12c"",""f416cc8b-3bc2-5c4c-a91c-c56faf748684""]",1,1,1,1,1,1,R4,1,1,0,3,3,UF4,0,0,prespecified_B_E,False,explicit in unit columns; exact fractions retained,binary
M7-analysis-v5,E-P0R0,UF4:cell:E-P0R0,dbb63e68d4ed9e904fa985aa5b88d674205b6caab086a8d981ac8918a9c68fb5,"[""4afc763c-033e-501c-9c9c-453207d31e62"",""1fed9611-d0cc-51e5-86e7-4ba237c836a2"",""0e4d4039-5409-5be7-a300-ded85e9c22d7"",""1c4afc6f-6679-57b7-ab6b-cec3053e85a1"",""76216ff6-0dab-5f43-913f-741c2deb7596"",""fe7c5fea-171a-5d3e-b93c-b9d53dca7c67"",""784c942d-b222-5013-a2e4-de4aa477a143"",""2f2d84f4-6f41-5df7-a828-cc0a3d9cdddf"",""c68f6332-f200-5595-940d-e5bcad78f1fe"",""54c3aba8-cb42-5023-9591-5cdd68bdd7c5"",""b9ac296e-4c6c-5cdc-9e03-14868c124af2"",""022ddff9-4332-5ba5-b884-42537f220a0c"",""0d262496-18e1-5973-84a6-84fbda64d0ff"",""447860c8-1d56-518b-88ad-7e103990b756"",""616ecfda-7163-5a8d-ba60-01f623d8b124"",""656bacfc-b102-5379-8db2-2f9f127621e0"",""88f2e658-6155-5924-bc85-63fe2aabb08a"",""9f032fb3-90ca-5749-aff5-1065077ac10e"",""4d2e4005-a84b-525b-a492-d367c5e405d0"",""12b20e20-e117-5c00-83bc-e589b92b730e"",""e97a5398-37b9-5e89-91a9-9b3ae48d9534"",""7a8f92c5-5f85-593a-bf90-08e13c60a2e6"",""aa66f5e3-ac0e-57d6-9b69-aa54ea7c4fb9"",""d07b7490-853e-562b-b662-305e89e7718d"",""596c0800-372d-5056-8a35-9f8661656bf4"",""d08816e6-d4d6-5f35-9de3-d86528fa7a96"",""2e126757-f17e-5ee2-93db-94d31ed944b2"",""5e1af4e2-330f-563f-b639-2d3cd8d276c8"",""49cd1889-2a56-5913-8723-929335f68874"",""82b898ba-3b6d-567f-8996-4f259b74547e"",""d38eb7d2-e78b-5c2f-93e4-2e34846e80e6"",""33effc64-dcfe-5ced-badf-c4df49f68dc1"",""a3a03b99-34c0-504b-b529-32b798db318a"",""8b3ec7b0-123f-5597-95f7-1fafc5810d01"",""035c5442-19b8-5a84-8a59-b352a9660279"",""d6d45010-72fa-5741-b733-88958a8795d2"",""ab8215e5-b753-5a6a-a4e7-ad9caf42eeac"",""1b20061c-b208-551a-b06c-81ffeff623fc"",""9b6d0913-2ae6-5dab-ab36-d05e1c51b208"",""a27c1fb2-edc1-57e6-9d74-adb5a13fed3b"",""4696448b-8c21-591b-80cc-7344ea0b95ec"",""c1d75a33-928c-5636-b99c-def1fb29e0f5"",""61eebfb6-2555-5bce-ba71-7a750427392a"",""aba074a1-d451-595d-bc12-e257adbe7383"",""1ca34094-ee4d-5962-a78a-174d361a9cd3"",""7edb0577-da07-5c6f-8391-bb90e9822165"",""d7c5d484-54dc-5d1e-a3ac-65d60267a12c"",""f416cc8b-3bc2-5c4c-a91c-c56faf748684""]",1,1,1,1,1,1,R5,1,1,0,3,3,UF4,0,0,prespecified_B_E,False,explicit in unit columns; exact fractions retained,binary
M7-analysis-v5,E-P0R0,UF4:cell:E-P0R0,dbb63e68d4ed9e904fa985aa5b88d674205b6caab086a8d981ac8918a9c68fb5,"[""4afc763c-033e-501c-9c9c-453207d31e62"",""1fed9611-d0cc-51e5-86e7-4ba237c836a2"",""0e4d4039-5409-5be7-a300-ded85e9c22d7"",""1c4afc6f-6679-57b7-ab6b-cec3053e85a1"",""76216ff6-0dab-5f43-913f-741c2deb7596"",""fe7c5fea-171a-5d3e-b93c-b9d53dca7c67"",""784c942d-b222-5013-a2e4-de4aa477a143"",""2f2d84f4-6f41-5df7-a828-cc0a3d9cdddf"",""c68f6332-f200-5595-940d-e5bcad78f1fe"",""54c3aba8-cb42-5023-9591-5cdd68bdd7c5"",""b9ac296e-4c6c-5cdc-9e03-14868c124af2"",""022ddff9-4332-5ba5-b884-42537f220a0c"",""0d262496-18e1-5973-84a6-84fbda64d0ff"",""447860c8-1d56-518b-88ad-7e103990b756"",""616ecfda-7163-5a8d-ba60-01f623d8b124"",""656bacfc-b102-5379-8db2-2f9f127621e0"",""88f2e658-6155-5924-bc85-63fe2aabb08a"",""9f032fb3-90ca-5749-aff5-1065077ac10e"",""4d2e4005-a84b-525b-a492-d367c5e405d0"",""12b20e20-e117-5c00-83bc-e589b92b730e"",""e97a5398-37b9-5e89-91a9-9b3ae48d9534"",""7a8f92c5-5f85-593a-bf90-08e13c60a2e6"",""aa66f5e3-ac0e-57d6-9b69-aa54ea7c4fb9"",""d07b7490-853e-562b-b662-305e89e7718d"",""596c0800-372d-5056-8a35-9f8661656bf4"",""d08816e6-d4d6-5f35-9de3-d86528fa7a96"",""2e126757-f17e-5ee2-93db-94d31ed944b2"",""5e1af4e2-330f-563f-b639-2d3cd8d276c8"",""49cd1889-2a56-5913-8723-929335f68874"",""82b898ba-3b6d-567f-8996-4f259b74547e"",""d38eb7d2-e78b-5c2f-93e4-2e34846e80e6"",""33effc64-dcfe-5ced-badf-c4df49f68dc1"",""a3a03b99-34c0-504b-b529-32b798db318a"",""8b3ec7b0-123f-5597-95f7-1fafc5810d01"",""035c5442-19b8-5a84-8a59-b352a9660279"",""d6d45010-72fa-5741-b733-88958a8795d2"",""ab8215e5-b753-5a6a-a4e7-ad9caf42eeac"",""1b20061c-b208-551a-b06c-81ffeff623fc"",""9b6d0913-2ae6-5dab-ab36-d05e1c51b208"",""a27c1fb2-edc1-57e6-9d74-adb5a13fed3b"",""4696448b-8c21-591b-80cc-7344ea0b95ec"",""c1d75a33-928c-5636-b99c-def1fb29e0f5"",""61eebfb6-2555-5bce-ba71-7a750427392a"",""aba074a1-d451-595d-bc12-e257adbe7383"",""1ca34094-ee4d-5962-a78a-174d361a9cd3"",""7edb0577-da07-5c6f-8391-bb90e9822165"",""d7c5d484-54dc-5d1e-a3ac-65d60267a12c"",""f416cc8b-3bc2-5c4c-a91c-c56faf748684""]",1,1,1,1,1,1,R6,1,1,0,3,3,UF4,0,0,prespecified_B_E,False,explicit in unit columns; exact fractions retained,binary
M7-analysis-v5,E-P0R0,UF4:cell:E-P0R0,dbb63e68d4ed9e904fa985aa5b88d674205b6caab086a8d981ac8918a9c68fb5,"[""4afc763c-033e-501c-9c9c-453207d31e62"",""1fed9611-d0cc-51e5-86e7-4ba237c836a2"",""0e4d4039-5409-5be7-a300-ded85e9c22d7"",""1c4afc6f-6679-57b7-ab6b-cec3053e85a1"",""76216ff6-0dab-5f43-913f-741c2deb7596"",""fe7c5fea-171a-5d3e-b93c-b9d53dca7c67"",""784c942d-b222-5013-a2e4-de4aa477a143"",""2f2d84f4-6f41-5df7-a828-cc0a3d9cdddf"",""c68f6332-f200-5595-940d-e5bcad78f1fe"",""54c3aba8-cb42-5023-9591-5cdd68bdd7c5"",""b9ac296e-4c6c-5cdc-9e03-14868c124af2"",""022ddff9-4332-5ba5-b884-42537f220a0c"",""0d262496-18e1-5973-84a6-84fbda64d0ff"",""447860c8-1d56-518b-88ad-7e103990b756"",""616ecfda-7163-5a8d-ba60-01f623d8b124"",""656bacfc-b102-5379-8db2-2f9f127621e0"",""88f2e658-6155-5924-bc85-63fe2aabb08a"",""9f032fb3-90ca-5749-aff5-1065077ac10e"",""4d2e4005-a84b-525b-a492-d367c5e405d0"",""12b20e20-e117-5c00-83bc-e589b92b730e"",""e97a5398-37b9-5e89-91a9-9b3ae48d9534"",""7a8f92c5-5f85-593a-bf90-08e13c60a2e6"",""aa66f5e3-ac0e-57d6-9b69-aa54ea7c4fb9"",""d07b7490-853e-562b-b662-305e89e7718d"",""596c0800-372d-5056-8a35-9f8661656bf4"",""d08816e6-d4d6-5f35-9de3-d86528fa7a96"",""2e126757-f17e-5ee2-93db-94d31ed944b2"",""5e1af4e2-330f-563f-b639-2d3cd8d276c8"",""49cd1889-2a56-5913-8723-929335f68874"",""82b898ba-3b6d-567f-8996-4f259b74547e"",""d38eb7d2-e78b-5c2f-93e4-2e34846e80e6"",""33effc64-dcfe-5ced-badf-c4df49f68dc1"",""a3a03b99-34c0-504b-b529-32b798db318a"",""8b3ec7b0-123f-5597-95f7-1fafc5810d01"",""035c5442-19b8-5a84-8a59-b352a9660279"",""d6d45010-72fa-5741-b733-88958a8795d2"",""ab8215e5-b753-5a6a-a4e7-ad9caf42eeac"",""1b20061c-b208-551a-b06c-81ffeff623fc"",""9b6d0913-2ae6-5dab-ab36-d05e1c51b208"",""a27c1fb2-edc1-57e6-9d74-adb5a13fed3b"",""4696448b-8c21-591b-80cc-7344ea0b95ec"",""c1d75a33-928c-5636-b99c-def1fb29e0f5"",""61eebfb6-2555-5bce-ba71-7a750427392a"",""aba074a1-d451-595d-bc12-e257adbe7383"",""1ca34094-ee4d-5962-a78a-174d361a9cd3"",""7edb0577-da07-5c6f-8391-bb90e9822165"",""d7c5d484-54dc-5d1e-a3ac-65d60267a12c"",""f416cc8b-3bc2-5c4c-a91c-c56faf748684""]",1,1,1,1,1,1,T,1,1,0,3,3,UF4,0,0,prespecified_B_E,False,explicit in unit columns; exact fractions retained,binary
M7-analysis-v5,E-P0R0,UF4:cell:E-P0R0,dbb63e68d4ed9e904fa985aa5b88d674205b6caab086a8d981ac8918a9c68fb5,"[""4afc763c-033e-501c-9c9c-453207d31e62"",""1fed9611-d0cc-51e5-86e7-4ba237c836a2"",""0e4d4039-5409-5be7-a300-ded85e9c22d7"",""1c4afc6f-6679-57b7-ab6b-cec3053e85a1"",""76216ff6-0dab-5f43-913f-741c2deb7596"",""fe7c5fea-171a-5d3e-b93c-b9d53dca7c67"",""784c942d-b222-5013-a2e4-de4aa477a143"",""2f2d84f4-6f41-5df7-a828-cc0a3d9cdddf"",""c68f6332-f200-5595-940d-e5bcad78f1fe"",""54c3aba8-cb42-5023-9591-5cdd68bdd7c5"",""b9ac296e-4c6c-5cdc-9e03-14868c124af2"",""022ddff9-4332-5ba5-b884-42537f220a0c"",""0d262496-18e1-5973-84a6-84fbda64d0ff"",""447860c8-1d56-518b-88ad-7e103990b756"",""616ecfda-7163-5a8d-ba60-01f623d8b124"",""656bacfc-b102-5379-8db2-2f9f127621e0"",""88f2e658-6155-5924-bc85-63fe2aabb08a"",""9f032fb3-90ca-5749-aff5-1065077ac10e"",""4d2e4005-a84b-525b-a492-d367c5e405d0"",""12b20e20-e117-5c00-83bc-e589b92b730e"",""e97a5398-37b9-5e89-91a9-9b3ae48d9534"",""7a8f92c5-5f85-593a-bf90-08e13c60a2e6"",""aa66f5e3-ac0e-57d6-9b69-aa54ea7c4fb9"",""d07b7490-853e-562b-b662-305e89e7718d"",""596c0800-372d-5056-8a35-9f8661656bf4"",""d08816e6-d4d6-5f35-9de3-d86528fa7a96"",""2e126757-f17e-5ee2-93db-94d31ed944b2"",""5e1af4e2-330f-563f-b639-2d3cd8d276c8"",""49cd1889-2a56-5913-8723-929335f68874"",""82b898ba-3b6d-567f-8996-4f259b74547e"",""d38eb7d2-e78b-5c2f-93e4-2e34846e80e6"",""33effc64-dcfe-5ced-badf-c4df49f68dc1"",""a3a03b99-34c0-504b-b529-32b798db318a"",""8b3ec7b0-123f-5597-95f7-1fafc5810d01"",""035c5442-19b8-5a84-8a59-b352a9660279"",""d6d45010-72fa-5741-b733-88958a8795d2"",""ab8215e5-b753-5a6a-a4e7-ad9caf42eeac"",""1b20061c-b208-551a-b06c-81ffeff623fc"",""9b6d0913-2ae6-5dab-ab36-d05e1c51b208"",""a27c1fb2-edc1-57e6-9d74-adb5a13fed3b"",""4696448b-8c21-591b-80cc-7344ea0b95ec"",""c1d75a33-928c-5636-b99c-def1fb29e0f5"",""61eebfb6-2555-5bce-ba71-7a750427392a"",""aba074a1-d451-595d-bc12-e257adbe7383"",""1ca34094-ee4d-5962-a78a-174d361a9cd3"",""7edb0577-da07-5c6f-8391-bb90e9822165"",""d7c5d484-54dc-5d1e-a3ac-65d60267a12c"",""f416cc8b-3bc2-5c4c-a91c-c56faf748684""]",1,1,1,1,1,1,T1,1,1,0,3,3,UF4,0,0,prespecified_B_E,False,explicit in unit columns; exact fractions retained,binary
M7-analysis-v5,E-P0R0,UF4:cell:E-P0R0,dbb63e68d4ed9e904fa985aa5b88d674205b6caab086a8d981ac8918a9c68fb5,"[""4afc763c-033e-501c-9c9c-453207d31e62"",""1fed9611-d0cc-51e5-86e7-4ba237c836a2"",""0e4d4039-5409-5be7-a300-ded85e9c22d7"",""1c4afc6f-6679-57b7-ab6b-cec3053e85a1"",""76216ff6-0dab-5f43-913f-741c2deb7596"",""fe7c5fea-171a-5d3e-b93c-b9d53dca7c67"",""784c942d-b222-5013-a2e4-de4aa477a143"",""2f2d84f4-6f41-5df7-a828-cc0a3d9cdddf"",""c68f6332-f200-5595-940d-e5bcad78f1fe"",""54c3aba8-cb42-5023-9591-5cdd68bdd7c5"",""b9ac296e-4c6c-5cdc-9e03-14868c124af2"",""022ddff9-4332-5ba5-b884-42537f220a0c"",""0d262496-18e1-5973-84a6-84fbda64d0ff"",""447860c8-1d56-518b-88ad-7e103990b756"",""616ecfda-7163-5a8d-ba60-01f623d8b124"",""656bacfc-b102-5379-8db2-2f9f127621e0"",""88f2e658-6155-5924-bc85-63fe2aabb08a"",""9f032fb3-90ca-5749-aff5-1065077ac10e"",""4d2e4005-a84b-525b-a492-d367c5e405d0"",""12b20e20-e117-5c00-83bc-e589b92b730e"",""e97a5398-37b9-5e89-91a9-9b3ae48d9534"",""7a8f92c5-5f85-593a-bf90-08e13c60a2e6"",""aa66f5e3-ac0e-57d6-9b69-aa54ea7c4fb9"",""d07b7490-853e-562b-b662-305e89e7718d"",""596c0800-372d-5056-8a35-9f8661656bf4"",""d08816e6-d4d6-5f35-9de3-d86528fa7a96"",""2e126757-f17e-5ee2-93db-94d31ed944b2"",""5e1af4e2-330f-563f-b639-2d3cd8d276c8"",""49cd1889-2a56-5913-8723-929335f68874"",""82b898ba-3b6d-567f-8996-4f259b74547e"",""d38eb7d2-e78b-5c2f-93e4-2e34846e80e6"",""33effc64-dcfe-5ced-badf-c4df49f68dc1"",""a3a03b99-34c0-504b-b529-32b798db318a"",""8b3ec7b0-123f-5597-95f7-1fafc5810d01"",""035c5442-19b8-5a84-8a59-b352a9660279"",""d6d45010-72fa-5741-b733-88958a8795d2"",""ab8215e5-b753-5a6a-a4e7-ad9caf42eeac"",""1b20061c-b208-551a-b06c-81ffeff623fc"",""9b6d0913-2ae6-5dab-ab36-d05e1c51b208"",""a27c1fb2-edc1-57e6-9d74-adb5a13fed3b"",""4696448b-8c21-591b-80cc-7344ea0b95ec"",""c1d75a33-928c-5636-b99c-def1fb29e0f5"",""61eebfb6-2555-5bce-ba71-7a750427392a"",""aba074a1-d451-595d-bc12-e257adbe7383"",""1ca34094-ee4d-5962-a78a-174d361a9cd3"",""7edb0577-da07-5c6f-8391-bb90e9822165"",""d7c5d484-54dc-5d1e-a3ac-65d60267a12c"",""f416cc8b-3bc2-5c4c-a91c-c56faf748684""]",1,1,1,1,1,1,T2,1,1,0,3,3,UF4,0,0,prespecified_B_E,False,explicit in unit columns; exact fractions retained,binary
M7-analysis-v5,E-P0R0,UF4:cell:E-P0R0,dbb63e68d4ed9e904fa985aa5b88d674205b6caab086a8d981ac8918a9c68fb5,"[""4afc763c-033e-501c-9c9c-453207d31e62"",""1fed9611-d0cc-51e5-86e7-4ba237c836a2"",""0e4d4039-5409-5be7-a300-ded85e9c22d7"",""1c4afc6f-6679-57b7-ab6b-cec3053e85a1"",""76216ff6-0dab-5f43-913f-741c2deb7596"",""fe7c5fea-171a-5d3e-b93c-b9d53dca7c67"",""784c942d-b222-5013-a2e4-de4aa477a143"",""2f2d84f4-6f41-5df7-a828-cc0a3d9cdddf"",""c68f6332-f200-5595-940d-e5bcad78f1fe"",""54c3aba8-cb42-5023-9591-5cdd68bdd7c5"",""b9ac296e-4c6c-5cdc-9e03-14868c124af2"",""022ddff9-4332-5ba5-b884-42537f220a0c"",""0d262496-18e1-5973-84a6-84fbda64d0ff"",""447860c8-1d56-518b-88ad-7e103990b756"",""616ecfda-7163-5a8d-ba60-01f623d8b124"",""656bacfc-b102-5379-8db2-2f9f127621e0"",""88f2e658-6155-5924-bc85-63fe2aabb08a"",""9f032fb3-90ca-5749-aff5-1065077ac10e"",""4d2e4005-a84b-525b-a492-d367c5e405d0"",""12b20e20-e117-5c00-83bc-e589b92b730e"",""e97a5398-37b9-5e89-91a9-9b3ae48d9534"",""7a8f92c5-5f85-593a-bf90-08e13c60a2e6"",""aa66f5e3-ac0e-57d6-9b69-aa54ea7c4fb9"",""d07b7490-853e-562b-b662-305e89e7718d"",""596c0800-372d-5056-8a35-9f8661656bf4"",""d08816e6-d4d6-5f35-9de3-d86528fa7a96"",""2e126757-f17e-5ee2-93db-94d31ed944b2"",""5e1af4e2-330f-563f-b639-2d3cd8d276c8"",""49cd1889-2a56-5913-8723-929335f68874"",""82b898ba-3b6d-567f-8996-4f259b74547e"",""d38eb7d2-e78b-5c2f-93e4-2e34846e80e6"",""33effc64-dcfe-5ced-badf-c4df49f68dc1"",""a3a03b99-34c0-504b-b529-32b798db318a"",""8b3ec7b0-123f-5597-95f7-1fafc5810d01"",""035c5442-19b8-5a84-8a59-b352a9660279"",""d6d45010-72fa-5741-b733-88958a8795d2"",""ab8215e5-b753-5a6a-a4e7-ad9caf42eeac"",""1b20061c-b208-551a-b06c-81ffeff623fc"",""9b6d0913-2ae6-5dab-ab36-d05e1c51b208"",""a27c1fb2-edc1-57e6-9d74-adb5a13fed3b"",""4696448b-8c21-591b-80cc-7344ea0b95ec"",""c1d75a33-928c-5636-b99c-def1fb29e0f5"",""61eebfb6-2555-5bce-ba71-7a750427392a"",""aba074a1-d451-595d-bc12-e257adbe7383"",""1ca34094-ee4d-5962-a78a-174d361a9cd3"",""7edb0577-da07-5c6f-8391-bb90e9822165"",""d7c5d484-54dc-5d1e-a3ac-65d60267a12c"",""f416cc8b-3bc2-5c4c-a91c-c56faf748684""]",1,1,1,1,1,1,T3,1,1,0,3,3,UF4,0,0,prespecified_B_E,False,explicit in unit columns; exact fractions retained,binary
M7-analysis-v5,E-P0R0,UF4:cell:E-P0R0,dbb63e68d4ed9e904fa985aa5b88d674205b6caab086a8d981ac8918a9c68fb5,"[""4afc763c-033e-501c-9c9c-453207d31e62"",""1fed9611-d0cc-51e5-86e7-4ba237c836a2"",""0e4d4039-5409-5be7-a300-ded85e9c22d7"",""1c4afc6f-6679-57b7-ab6b-cec3053e85a1"",""76216ff6-0dab-5f43-913f-741c2deb7596"",""fe7c5fea-171a-5d3e-b93c-b9d53dca7c67"",""784c942d-b222-5013-a2e4-de4aa477a143"",""2f2d84f4-6f41-5df7-a828-cc0a3d9cdddf"",""c68f6332-f200-5595-940d-e5bcad78f1fe"",""54c3aba8-cb42-5023-9591-5cdd68bdd7c5"",""b9ac296e-4c6c-5cdc-9e03-14868c124af2"",""022ddff9-4332-5ba5-b884-42537f220a0c"",""0d262496-18e1-5973-84a6-84fbda64d0ff"",""447860c8-1d56-518b-88ad-7e103990b756"",""616ecfda-7163-5a8d-ba60-01f623d8b124"",""656bacfc-b102-5379-8db2-2f9f127621e0"",""88f2e658-6155-5924-bc85-63fe2aabb08a"",""9f032fb3-90ca-5749-aff5-1065077ac10e"",""4d2e4005-a84b-525b-a492-d367c5e405d0"",""12b20e20-e117-5c00-83bc-e589b92b730e"",""e97a5398-37b9-5e89-91a9-9b3ae48d9534"",""7a8f92c5-5f85-593a-bf90-08e13c60a2e6"",""aa66f5e3-ac0e-57d6-9b69-aa54ea7c4fb9"",""d07b7490-853e-562b-b662-305e89e7718d"",""596c0800-372d-5056-8a35-9f8661656bf4"",""d08816e6-d4d6-5f35-9de3-d86528fa7a96"",""2e126757-f17e-5ee2-93db-94d31ed944b2"",""5e1af4e2-330f-563f-b639-2d3cd8d276c8"",""49cd1889-2a56-5913-8723-929335f68874"",""82b898ba-3b6d-567f-8996-4f259b74547e"",""d38eb7d2-e78b-5c2f-93e4-2e34846e80e6"",""33effc64-dcfe-5ced-badf-c4df49f68dc1"",""a3a03b99-34c0-504b-b529-32b798db318a"",""8b3ec7b0-123f-5597-95f7-1fafc5810d01"",""035c5442-19b8-5a84-8a59-b352a9660279"",""d6d45010-72fa-5741-b733-88958a8795d2"",""ab8215e5-b753-5a6a-a4e7-ad9caf42eeac"",""1b20061c-b208-551a-b06c-81ffeff623fc"",""9b6d0913-2ae6-5dab-ab36-d05e1c51b208"",""a27c1fb2-edc1-57e6-9d74-adb5a13fed3b"",""4696448b-8c21-591b-80cc-7344ea0b95ec"",""c1d75a33-928c-5636-b99c-def1fb29e0f5"",""61eebfb6-2555-5bce-ba71-7a750427392a"",""aba074a1-d451-595d-bc12-e257adbe7383"",""1ca34094-ee4d-5962-a78a-174d361a9cd3"",""7edb0577-da07-5c6f-8391-bb90e9822165"",""d7c5d484-54dc-5d1e-a3ac-65d60267a12c"",""f416cc8b-3bc2-5c4c-a91c-c56faf748684""]",1,1,1,1,1,1,T4,1,1,0,3,3,UF4,0,0,prespecified_B_E,False,explicit in unit columns; exact fractions retained,binary
M7-analysis-v5,E-P0R0,UF4:cell:E-P0R0,dbb63e68d4ed9e904fa985aa5b88d674205b6caab086a8d981ac8918a9c68fb5,"[""4afc763c-033e-501c-9c9c-453207d31e62"",""1fed9611-d0cc-51e5-86e7-4ba237c836a2"",""0e4d4039-5409-5be7-a300-ded85e9c22d7"",""1c4afc6f-6679-57b7-ab6b-cec3053e85a1"",""76216ff6-0dab-5f43-913f-741c2deb7596"",""fe7c5fea-171a-5d3e-b93c-b9d53dca7c67"",""784c942d-b222-5013-a2e4-de4aa477a143"",""2f2d84f4-6f41-5df7-a828-cc0a3d9cdddf"",""c68f6332-f200-5595-940d-e5bcad78f1fe"",""54c3aba8-cb42-5023-9591-5cdd68bdd7c5"",""b9ac296e-4c6c-5cdc-9e03-14868c124af2"",""022ddff9-4332-5ba5-b884-42537f220a0c"",""0d262496-18e1-5973-84a6-84fbda64d0ff"",""447860c8-1d56-518b-88ad-7e103990b756"",""616ecfda-7163-5a8d-ba60-01f623d8b124"",""656bacfc-b102-5379-8db2-2f9f127621e0"",""88f2e658-6155-5924-bc85-63fe2aabb08a"",""9f032fb3-90ca-5749-aff5-1065077ac10e"",""4d2e4005-a84b-525b-a492-d367c5e405d0"",""12b20e20-e117-5c00-83bc-e589b92b730e"",""e97a5398-37b9-5e89-91a9-9b3ae48d9534"",""7a8f92c5-5f85-593a-bf90-08e13c60a2e6"",""aa66f5e3-ac0e-57d6-9b69-aa54ea7c4fb9"",""d07b7490-853e-562b-b662-305e89e7718d"",""596c0800-372d-5056-8a35-9f8661656bf4"",""d08816e6-d4d6-5f35-9de3-d86528fa7a96"",""2e126757-f17e-5ee2-93db-94d31ed944b2"",""5e1af4e2-330f-563f-b639-2d3cd8d276c8"",""49cd1889-2a56-5913-8723-929335f68874"",""82b898ba-3b6d-567f-8996-4f259b74547e"",""d38eb7d2-e78b-5c2f-93e4-2e34846e80e6"",""33effc64-dcfe-5ced-badf-c4df49f68dc1"",""a3a03b99-34c0-504b-b529-32b798db318a"",""8b3ec7b0-123f-5597-95f7-1fafc5810d01"",""035c5442-19b8-5a84-8a59-b352a9660279"",""d6d45010-72fa-5741-b733-88958a8795d2"",""ab8215e5-b753-5a6a-a4e7-ad9caf42eeac"",""1b20061c-b208-551a-b06c-81ffeff623fc"",""9b6d0913-2ae6-5dab-ab36-d05e1c51b208"",""a27c1fb2-edc1-57e6-9d74-adb5a13fed3b"",""4696448b-8c21-591b-80cc-7344ea0b95ec"",""c1d75a33-928c-5636-b99c-def1fb29e0f5"",""61eebfb6-2555-5bce-ba71-7a750427392a"",""aba074a1-d451-595d-bc12-e257adbe7383"",""1ca34094-ee4d-5962-a78a-174d361a9cd3"",""7edb0577-da07-5c6f-8391-bb90e9822165"",""d7c5d484-54dc-5d1e-a3ac-65d60267a12c"",""f416cc8b-3bc2-5c4c-a91c-c56faf748684""]",1,1,1,1,1,1,T5,1,1,0,3,3,UF4,0,0,prespecified_B_E,False,explicit in unit columns; exact fractions retained,binary
M7-analysis-v5,E-P0R0,UF4:cell:E-P0R0,dbb63e68d4ed9e904fa985aa5b88d674205b6caab086a8d981ac8918a9c68fb5,"[""4afc763c-033e-501c-9c9c-453207d31e62"",""1fed9611-d0cc-51e5-86e7-4ba237c836a2"",""0e4d4039-5409-5be7-a300-ded85e9c22d7"",""1c4afc6f-6679-57b7-ab6b-cec3053e85a1"",""76216ff6-0dab-5f43-913f-741c2deb7596"",""fe7c5fea-171a-5d3e-b93c-b9d53dca7c67"",""784c942d-b222-5013-a2e4-de4aa477a143"",""2f2d84f4-6f41-5df7-a828-cc0a3d9cdddf"",""c68f6332-f200-5595-940d-e5bcad78f1fe"",""54c3aba8-cb42-5023-9591-5cdd68bdd7c5"",""b9ac296e-4c6c-5cdc-9e03-14868c124af2"",""022ddff9-4332-5ba5-b884-42537f220a0c"",""0d262496-18e1-5973-84a6-84fbda64d0ff"",""447860c8-1d56-518b-88ad-7e103990b756"",""616ecfda-7163-5a8d-ba60-01f623d8b124"",""656bacfc-b102-5379-8db2-2f9f127621e0"",""88f2e658-6155-5924-bc85-63fe2aabb08a"",""9f032fb3-90ca-5749-aff5-1065077ac10e"",""4d2e4005-a84b-525b-a492-d367c5e405d0"",""12b20e20-e117-5c00-83bc-e589b92b730e"",""e97a5398-37b9-5e89-91a9-9b3ae48d9534"",""7a8f92c5-5f85-593a-bf90-08e13c60a2e6"",""aa66f5e3-ac0e-57d6-9b69-aa54ea7c4fb9"",""d07b7490-853e-562b-b662-305e89e7718d"",""596c0800-372d-5056-8a35-9f8661656bf4"",""d08816e6-d4d6-5f35-9de3-d86528fa7a96"",""2e126757-f17e-5ee2-93db-94d31ed944b2"",""5e1af4e2-330f-563f-b639-2d3cd8d276c8"",""49cd1889-2a56-5913-8723-929335f68874"",""82b898ba-3b6d-567f-8996-4f259b74547e"",""d38eb7d2-e78b-5c2f-93e4-2e34846e80e6"",""33effc64-dcfe-5ced-badf-c4df49f68dc1"",""a3a03b99-34c0-504b-b529-32b798db318a"",""8b3ec7b0-123f-5597-95f7-1fafc5810d01"",""035c5442-19b8-5a84-8a59-b352a9660279"",""d6d45010-72fa-5741-b733-88958a8795d2"",""ab8215e5-b753-5a6a-a4e7-ad9caf42eeac"",""1b20061c-b208-551a-b06c-81ffeff623fc"",""9b6d0913-2ae6-5dab-ab36-d05e1c51b208"",""a27c1fb2-edc1-57e6-9d74-adb5a13fed3b"",""4696448b-8c21-591b-80cc-7344ea0b95ec"",""c1d75a33-928c-5636-b99c-def1fb29e0f5"",""61eebfb6-2555-5bce-ba71-7a750427392a"",""aba074a1-d451-595d-bc12-e257adbe7383"",""1ca34094-ee4d-5962-a78a-174d361a9cd3"",""7edb0577-da07-5c6f-8391-bb90e9822165"",""d7c5d484-54dc-5d1e-a3ac-65d60267a12c"",""f416cc8b-3bc2-5c4c-a91c-c56faf748684""]",1,1,1,1,1,1,full_success,1,1,0,3,3,UF4,0,0,prespecified_B_E,False,explicit in unit columns; exact fractions retained,binary
M7-analysis-v5,E-P0R0,UF4:cell:E-P0R0,dbb63e68d4ed9e904fa985aa5b88d674205b6caab086a8d981ac8918a9c68fb5,"[""4afc763c-033e-501c-9c9c-453207d31e62"",""1fed9611-d0cc-51e5-86e7-4ba237c836a2"",""0e4d4039-5409-5be7-a300-ded85e9c22d7"",""1c4afc6f-6679-57b7-ab6b-cec3053e85a1"",""76216ff6-0dab-5f43-913f-741c2deb7596"",""fe7c5fea-171a-5d3e-b93c-b9d53dca7c67"",""784c942d-b222-5013-a2e4-de4aa477a143"",""2f2d84f4-6f41-5df7-a828-cc0a3d9cdddf"",""c68f6332-f200-5595-940d-e5bcad78f1fe"",""54c3aba8-cb42-5023-9591-5cdd68bdd7c5"",""b9ac296e-4c6c-5cdc-9e03-14868c124af2"",""022ddff9-4332-5ba5-b884-42537f220a0c"",""0d262496-18e1-5973-84a6-84fbda64d0ff"",""447860c8-1d56-518b-88ad-7e103990b756"",""616ecfda-7163-5a8d-ba60-01f623d8b124"",""656bacfc-b102-5379-8db2-2f9f127621e0"",""88f2e658-6155-5924-bc85-63fe2aabb08a"",""9f032fb3-90ca-5749-aff5-1065077ac10e"",""4d2e4005-a84b-525b-a492-d367c5e405d0"",""12b20e20-e117-5c00-83bc-e589b92b730e"",""e97a5398-37b9-5e89-91a9-9b3ae48d9534"",""7a8f92c5-5f85-593a-bf90-08e13c60a2e6"",""aa66f5e3-ac0e-57d6-9b69-aa54ea7c4fb9"",""d07b7490-853e-562b-b662-305e89e7718d"",""596c0800-372d-5056-8a35-9f8661656bf4"",""d08816e6-d4d6-5f35-9de3-d86528fa7a96"",""2e126757-f17e-5ee2-93db-94d31ed944b2"",""5e1af4e2-330f-563f-b639-2d3cd8d276c8"",""49cd1889-2a56-5913-8723-929335f68874"",""82b898ba-3b6d-567f-8996-4f259b74547e"",""d38eb7d2-e78b-5c2f-93e4-2e34846e80e6"",""33effc64-dcfe-5ced-badf-c4df49f68dc1"",""a3a03b99-34c0-504b-b529-32b798db318a"",""8b3ec7b0-123f-5597-95f7-1fafc5810d01"",""035c5442-19b8-5a84-8a59-b352a9660279"",""d6d45010-72fa-5741-b733-88958a8795d2"",""ab8215e5-b753-5a6a-a4e7-ad9caf42eeac"",""1b20061c-b208-551a-b06c-81ffeff623fc"",""9b6d0913-2ae6-5dab-ab36-d05e1c51b208"",""a27c1fb2-edc1-57e6-9d74-adb5a13fed3b"",""4696448b-8c21-591b-80cc-7344ea0b95ec"",""c1d75a33-928c-5636-b99c-def1fb29e0f5"",""61eebfb6-2555-5bce-ba71-7a750427392a"",""aba074a1-d451-595d-bc12-e257adbe7383"",""1ca34094-ee4d-5962-a78a-174d361a9cd3"",""7edb0577-da07-5c6f-8391-bb90e9822165"",""d7c5d484-54dc-5d1e-a3ac-65d60267a12c"",""f416cc8b-3bc2-5c4c-a91c-c56faf748684""]",1,1,1,1,1,1,raw_pass_ratio,1,1,0,3,3,UF4,0,0,prespecified_B_E,False,explicit in unit columns; exact fractions retained,ratio
M7-analysis-v5,E-P0R0,UF4:cell:E-P0R0,dbb63e68d4ed9e904fa985aa5b88d674205b6caab086a8d981ac8918a9c68fb5,"[""4afc763c-033e-501c-9c9c-453207d31e62"",""1fed9611-d0cc-51e5-86e7-4ba237c836a2"",""0e4d4039-5409-5be7-a300-ded85e9c22d7"",""1c4afc6f-6679-57b7-ab6b-cec3053e85a1"",""76216ff6-0dab-5f43-913f-741c2deb7596"",""fe7c5fea-171a-5d3e-b93c-b9d53dca7c67"",""784c942d-b222-5013-a2e4-de4aa477a143"",""2f2d84f4-6f41-5df7-a828-cc0a3d9cdddf"",""c68f6332-f200-5595-940d-e5bcad78f1fe"",""54c3aba8-cb42-5023-9591-5cdd68bdd7c5"",""b9ac296e-4c6c-5cdc-9e03-14868c124af2"",""022ddff9-4332-5ba5-b884-42537f220a0c"",""0d262496-18e1-5973-84a6-84fbda64d0ff"",""447860c8-1d56-518b-88ad-7e103990b756"",""616ecfda-7163-5a8d-ba60-01f623d8b124"",""656bacfc-b102-5379-8db2-2f9f127621e0"",""88f2e658-6155-5924-bc85-63fe2aabb08a"",""9f032fb3-90ca-5749-aff5-1065077ac10e"",""4d2e4005-a84b-525b-a492-d367c5e405d0"",""12b20e20-e117-5c00-83bc-e589b92b730e"",""e97a5398-37b9-5e89-91a9-9b3ae48d9534"",""7a8f92c5-5f85-593a-bf90-08e13c60a2e6"",""aa66f5e3-ac0e-57d6-9b69-aa54ea7c4fb9"",""d07b7490-853e-562b-b662-305e89e7718d"",""596c0800-372d-5056-8a35-9f8661656bf4"",""d08816e6-d4d6-5f35-9de3-d86528fa7a96"",""2e126757-f17e-5ee2-93db-94d31ed944b2"",""5e1af4e2-330f-563f-b639-2d3cd8d276c8"",""49cd1889-2a56-5913-8723-929335f68874"",""82b898ba-3b6d-567f-8996-4f259b74547e"",""d38eb7d2-e78b-5c2f-93e4-2e34846e80e6"",""33effc64-dcfe-5ced-badf-c4df49f68dc1"",""a3a03b99-34c0-504b-b529-32b798db318a"",""8b3ec7b0-123f-5597-95f7-1fafc5810d01"",""035c5442-19b8-5a84-8a59-b352a9660279"",""d6d45010-72fa-5741-b733-88958a8795d2"",""ab8215e5-b753-5a6a-a4e7-ad9caf42eeac"",""1b20061c-b208-551a-b06c-81ffeff623fc"",""9b6d0913-2ae6-5dab-ab36-d05e1c51b208"",""a27c1fb2-edc1-57e6-9d74-adb5a13fed3b"",""4696448b-8c21-591b-80cc-7344ea0b95ec"",""c1d75a33-928c-5636-b99c-def1fb29e0f5"",""61eebfb6-2555-5bce-ba71-7a750427392a"",""aba074a1-d451-595d-bc12-e257adbe7383"",""1ca34094-ee4d-5962-a78a-174d361a9cd3"",""7edb0577-da07-5c6f-8391-bb90e9822165"",""d7c5d484-54dc-5d1e-a3ac-65d60267a12c"",""f416cc8b-3bc2-5c4c-a91c-c56faf748684""]",11816,11816,11092,11092,11448,11448,tokens.output,10012,10012,0,3,3,UF4,953.2344937107553075583191746596181543705,953.2344937107553075583191746596181543705,prespecified_B_E,False,explicit in unit columns; exact fractions retained,tokens
M7-analysis-v5,E-P0R0,UF4:cell:E-P0R0,dbb63e68d4ed9e904fa985aa5b88d674205b6caab086a8d981ac8918a9c68fb5,"[""4afc763c-033e-501c-9c9c-453207d31e62"",""1fed9611-d0cc-51e5-86e7-4ba237c836a2"",""0e4d4039-5409-5be7-a300-ded85e9c22d7"",""1c4afc6f-6679-57b7-ab6b-cec3053e85a1"",""76216ff6-0dab-5f43-913f-741c2deb7596"",""fe7c5fea-171a-5d3e-b93c-b9d53dca7c67"",""784c942d-b222-5013-a2e4-de4aa477a143"",""2f2d84f4-6f41-5df7-a828-cc0a3d9cdddf"",""c68f6332-f200-5595-940d-e5bcad78f1fe"",""54c3aba8-cb42-5023-9591-5cdd68bdd7c5"",""b9ac296e-4c6c-5cdc-9e03-14868c124af2"",""022ddff9-4332-5ba5-b884-42537f220a0c"",""0d262496-18e1-5973-84a6-84fbda64d0ff"",""447860c8-1d56-518b-88ad-7e103990b756"",""616ecfda-7163-5a8d-ba60-01f623d8b124"",""656bacfc-b102-5379-8db2-2f9f127621e0"",""88f2e658-6155-5924-bc85-63fe2aabb08a"",""9f032fb3-90ca-5749-aff5-1065077ac10e"",""4d2e4005-a84b-525b-a492-d367c5e405d0"",""12b20e20-e117-5c00-83bc-e589b92b730e"",""e97a5398-37b9-5e89-91a9-9b3ae48d9534"",""7a8f92c5-5f85-593a-bf90-08e13c60a2e6"",""aa66f5e3-ac0e-57d6-9b69-aa54ea7c4fb9"",""d07b7490-853e-562b-b662-305e89e7718d"",""596c0800-372d-5056-8a35-9f8661656bf4"",""d08816e6-d4d6-5f35-9de3-d86528fa7a96"",""2e126757-f17e-5ee2-93db-94d31ed944b2"",""5e1af4e2-330f-563f-b639-2d3cd8d276c8"",""49cd1889-2a56-5913-8723-929335f68874"",""82b898ba-3b6d-567f-8996-4f259b74547e"",""d38eb7d2-e78b-5c2f-93e4-2e34846e80e6"",""33effc64-dcfe-5ced-badf-c4df49f68dc1"",""a3a03b99-34c0-504b-b529-32b798db318a"",""8b3ec7b0-123f-5597-95f7-1fafc5810d01"",""035c5442-19b8-5a84-8a59-b352a9660279"",""d6d45010-72fa-5741-b733-88958a8795d2"",""ab8215e5-b753-5a6a-a4e7-ad9caf42eeac"",""1b20061c-b208-551a-b06c-81ffeff623fc"",""9b6d0913-2ae6-5dab-ab36-d05e1c51b208"",""a27c1fb2-edc1-57e6-9d74-adb5a13fed3b"",""4696448b-8c21-591b-80cc-7344ea0b95ec"",""c1d75a33-928c-5636-b99c-def1fb29e0f5"",""61eebfb6-2555-5bce-ba71-7a750427392a"",""aba074a1-d451-595d-bc12-e257adbe7383"",""1ca34094-ee4d-5962-a78a-174d361a9cd3"",""7edb0577-da07-5c6f-8391-bb90e9822165"",""d7c5d484-54dc-5d1e-a3ac-65d60267a12c"",""f416cc8b-3bc2-5c4c-a91c-c56faf748684""]",392.020497262,196010248631/500000000,267.0840376493333333333333333333333333333,200313028237/750000000,216.725332474,108362666237/500000000,pipeline_seconds,192.506283212,48126570803/250000000,0,3,3,UF4,108.8736873271012739363097436140680407917,108.8736873271012739363097436140680407917,prespecified_B_E,False,explicit in unit columns; exact fractions retained,s
M7-analysis-v5,E-P0R0,UF4:cell:E-P0R0,dbb63e68d4ed9e904fa985aa5b88d674205b6caab086a8d981ac8918a9c68fb5,"[""4afc763c-033e-501c-9c9c-453207d31e62"",""1fed9611-d0cc-51e5-86e7-4ba237c836a2"",""0e4d4039-5409-5be7-a300-ded85e9c22d7"",""1c4afc6f-6679-57b7-ab6b-cec3053e85a1"",""76216ff6-0dab-5f43-913f-741c2deb7596"",""fe7c5fea-171a-5d3e-b93c-b9d53dca7c67"",""784c942d-b222-5013-a2e4-de4aa477a143"",""2f2d84f4-6f41-5df7-a828-cc0a3d9cdddf"",""c68f6332-f200-5595-940d-e5bcad78f1fe"",""54c3aba8-cb42-5023-9591-5cdd68bdd7c5"",""b9ac296e-4c6c-5cdc-9e03-14868c124af2"",""022ddff9-4332-5ba5-b884-42537f220a0c"",""0d262496-18e1-5973-84a6-84fbda64d0ff"",""447860c8-1d56-518b-88ad-7e103990b756"",""616ecfda-7163-5a8d-ba60-01f623d8b124"",""656bacfc-b102-5379-8db2-2f9f127621e0"",""88f2e658-6155-5924-bc85-63fe2aabb08a"",""9f032fb3-90ca-5749-aff5-1065077ac10e"",""4d2e4005-a84b-525b-a492-d367c5e405d0"",""12b20e20-e117-5c00-83bc-e589b92b730e"",""e97a5398-37b9-5e89-91a9-9b3ae48d9534"",""7a8f92c5-5f85-593a-bf90-08e13c60a2e6"",""aa66f5e3-ac0e-57d6-9b69-aa54ea7c4fb9"",""d07b7490-853e-562b-b662-305e89e7718d"",""596c0800-372d-5056-8a35-9f8661656bf4"",""d08816e6-d4d6-5f35-9de3-d86528fa7a96"",""2e126757-f17e-5ee2-93db-94d31ed944b2"",""5e1af4e2-330f-563f-b639-2d3cd8d276c8"",""49cd1889-2a56-5913-8723-929335f68874"",""82b898ba-3b6d-567f-8996-4f259b74547e"",""d38eb7d2-e78b-5c2f-93e4-2e34846e80e6"",""33effc64-dcfe-5ced-badf-c4df49f68dc1"",""a3a03b99-34c0-504b-b529-32b798db318a"",""8b3ec7b0-123f-5597-95f7-1fafc5810d01"",""035c5442-19b8-5a84-8a59-b352a9660279"",""d6d45010-72fa-5741-b733-88958a8795d2"",""ab8215e5-b753-5a6a-a4e7-ad9caf42eeac"",""1b20061c-b208-551a-b06c-81ffeff623fc"",""9b6d0913-2ae6-5dab-ab36-d05e1c51b208"",""a27c1fb2-edc1-57e6-9d74-adb5a13fed3b"",""4696448b-8c21-591b-80cc-7344ea0b95ec"",""c1d75a33-928c-5636-b99c-def1fb29e0f5"",""61eebfb6-2555-5bce-ba71-7a750427392a"",""aba074a1-d451-595d-bc12-e257adbe7383"",""1ca34094-ee4d-5962-a78a-174d361a9cd3"",""7edb0577-da07-5c6f-8391-bb90e9822165"",""d7c5d484-54dc-5d1e-a3ac-65d60267a12c"",""f416cc8b-3bc2-5c4c-a91c-c56faf748684""]",392.020497262,196010248631/500000000,267.0840376493333333333333333333333333333,200313028237/750000000,216.725332474,108362666237/500000000,total_seconds,192.506283212,48126570803/250000000,0,3,3,UF4,108.8736873271012739363097436140680407917,108.8736873271012739363097436140680407917,prespecified_B_E,False,explicit in unit columns; exact fractions retained,s
M7-analysis-v5,E-P0R0,UF4:cell:E-P0R0,dbb63e68d4ed9e904fa985aa5b88d674205b6caab086a8d981ac8918a9c68fb5,"[""4afc763c-033e-501c-9c9c-453207d31e62"",""1fed9611-d0cc-51e5-86e7-4ba237c836a2"",""0e4d4039-5409-5be7-a300-ded85e9c22d7"",""1c4afc6f-6679-57b7-ab6b-cec3053e85a1"",""76216ff6-0dab-5f43-913f-741c2deb7596"",""fe7c5fea-171a-5d3e-b93c-b9d53dca7c67"",""784c942d-b222-5013-a2e4-de4aa477a143"",""2f2d84f4-6f41-5df7-a828-cc0a3d9cdddf"",""c68f6332-f200-5595-940d-e5bcad78f1fe"",""54c3aba8-cb42-5023-9591-5cdd68bdd7c5"",""b9ac296e-4c6c-5cdc-9e03-14868c124af2"",""022ddff9-4332-5ba5-b884-42537f220a0c"",""0d262496-18e1-5973-84a6-84fbda64d0ff"",""447860c8-1d56-518b-88ad-7e103990b756"",""616ecfda-7163-5a8d-ba60-01f623d8b124"",""656bacfc-b102-5379-8db2-2f9f127621e0"",""88f2e658-6155-5924-bc85-63fe2aabb08a"",""9f032fb3-90ca-5749-aff5-1065077ac10e"",""4d2e4005-a84b-525b-a492-d367c5e405d0"",""12b20e20-e117-5c00-83bc-e589b92b730e"",""e97a5398-37b9-5e89-91a9-9b3ae48d9534"",""7a8f92c5-5f85-593a-bf90-08e13c60a2e6"",""aa66f5e3-ac0e-57d6-9b69-aa54ea7c4fb9"",""d07b7490-853e-562b-b662-305e89e7718d"",""596c0800-372d-5056-8a35-9f8661656bf4"",""d08816e6-d4d6-5f35-9de3-d86528fa7a96"",""2e126757-f17e-5ee2-93db-94d31ed944b2"",""5e1af4e2-330f-563f-b639-2d3cd8d276c8"",""49cd1889-2a56-5913-8723-929335f68874"",""82b898ba-3b6d-567f-8996-4f259b74547e"",""d38eb7d2-e78b-5c2f-93e4-2e34846e80e6"",""33effc64-dcfe-5ced-badf-c4df49f68dc1"",""a3a03b99-34c0-504b-b529-32b798db318a"",""8b3ec7b0-123f-5597-95f7-1fafc5810d01"",""035c5442-19b8-5a84-8a59-b352a9660279"",""d6d45010-72fa-5741-b733-88958a8795d2"",""ab8215e5-b753-5a6a-a4e7-ad9caf42eeac"",""1b20061c-b208-551a-b06c-81ffeff623fc"",""9b6d0913-2ae6-5dab-ab36-d05e1c51b208"",""a27c1fb2-edc1-57e6-9d74-adb5a13fed3b"",""4696448b-8c21-591b-80cc-7344ea0b95ec"",""c1d75a33-928c-5636-b99c-def1fb29e0f5"",""61eebfb6-2555-5bce-ba71-7a750427392a"",""aba074a1-d451-595d-bc12-e257adbe7383"",""1ca34094-ee4d-5962-a78a-174d361a9cd3"",""7edb0577-da07-5c6f-8391-bb90e9822165"",""d7c5d484-54dc-5d1e-a3ac-65d60267a12c"",""f416cc8b-3bc2-5c4c-a91c-c56faf748684""]",4,4,3.333333333333333333333333333333333333333,10/3,3,3,call_count,3,3,0,3,3,UF4,0.5773502691896257645091487805019574556476,0.5773502691896257645091487805019574556476,prespecified_B_E,False,explicit in unit columns; exact fractions retained,count
M7-analysis-v5,E-P0R0,UF4:cell:E-P0R0,dbb63e68d4ed9e904fa985aa5b88d674205b6caab086a8d981ac8918a9c68fb5,"[""4afc763c-033e-501c-9c9c-453207d31e62"",""1fed9611-d0cc-51e5-86e7-4ba237c836a2"",""0e4d4039-5409-5be7-a300-ded85e9c22d7"",""1c4afc6f-6679-57b7-ab6b-cec3053e85a1"",""76216ff6-0dab-5f43-913f-741c2deb7596"",""fe7c5fea-171a-5d3e-b93c-b9d53dca7c67"",""784c942d-b222-5013-a2e4-de4aa477a143"",""2f2d84f4-6f41-5df7-a828-cc0a3d9cdddf"",""c68f6332-f200-5595-940d-e5bcad78f1fe"",""54c3aba8-cb42-5023-9591-5cdd68bdd7c5"",""b9ac296e-4c6c-5cdc-9e03-14868c124af2"",""022ddff9-4332-5ba5-b884-42537f220a0c"",""0d262496-18e1-5973-84a6-84fbda64d0ff"",""447860c8-1d56-518b-88ad-7e103990b756"",""616ecfda-7163-5a8d-ba60-01f623d8b124"",""656bacfc-b102-5379-8db2-2f9f127621e0"",""88f2e658-6155-5924-bc85-63fe2aabb08a"",""9f032fb3-90ca-5749-aff5-1065077ac10e"",""4d2e4005-a84b-525b-a492-d367c5e405d0"",""12b20e20-e117-5c00-83bc-e589b92b730e"",""e97a5398-37b9-5e89-91a9-9b3ae48d9534"",""7a8f92c5-5f85-593a-bf90-08e13c60a2e6"",""aa66f5e3-ac0e-57d6-9b69-aa54ea7c4fb9"",""d07b7490-853e-562b-b662-305e89e7718d"",""596c0800-372d-5056-8a35-9f8661656bf4"",""d08816e6-d4d6-5f35-9de3-d86528fa7a96"",""2e126757-f17e-5ee2-93db-94d31ed944b2"",""5e1af4e2-330f-563f-b639-2d3cd8d276c8"",""49cd1889-2a56-5913-8723-929335f68874"",""82b898ba-3b6d-567f-8996-4f259b74547e"",""d38eb7d2-e78b-5c2f-93e4-2e34846e80e6"",""33effc64-dcfe-5ced-badf-c4df49f68dc1"",""a3a03b99-34c0-504b-b529-32b798db318a"",""8b3ec7b0-123f-5597-95f7-1fafc5810d01"",""035c5442-19b8-5a84-8a59-b352a9660279"",""d6d45010-72fa-5741-b733-88958a8795d2"",""ab8215e5-b753-5a6a-a4e7-ad9caf42eeac"",""1b20061c-b208-551a-b06c-81ffeff623fc"",""9b6d0913-2ae6-5dab-ab36-d05e1c51b208"",""a27c1fb2-edc1-57e6-9d74-adb5a13fed3b"",""4696448b-8c21-591b-80cc-7344ea0b95ec"",""c1d75a33-928c-5636-b99c-def1fb29e0f5"",""61eebfb6-2555-5bce-ba71-7a750427392a"",""aba074a1-d451-595d-bc12-e257adbe7383"",""1ca34094-ee4d-5962-a78a-174d361a9cd3"",""7edb0577-da07-5c6f-8391-bb90e9822165"",""d7c5d484-54dc-5d1e-a3ac-65d60267a12c"",""f416cc8b-3bc2-5c4c-a91c-c56faf748684""]",4,4,3.333333333333333333333333333333333333333,10/3,3,3,transport_count,3,3,0,3,3,UF4,0.5773502691896257645091487805019574556476,0.5773502691896257645091487805019574556476,prespecified_B_E,False,explicit in unit columns; exact fractions retained,count
M7-analysis-v5,E-P0R0,UF4:cell:E-P0R0,dbb63e68d4ed9e904fa985aa5b88d674205b6caab086a8d981ac8918a9c68fb5,"[""4afc763c-033e-501c-9c9c-453207d31e62"",""1fed9611-d0cc-51e5-86e7-4ba237c836a2"",""0e4d4039-5409-5be7-a300-ded85e9c22d7"",""1c4afc6f-6679-57b7-ab6b-cec3053e85a1"",""76216ff6-0dab-5f43-913f-741c2deb7596"",""fe7c5fea-171a-5d3e-b93c-b9d53dca7c67"",""784c942d-b222-5013-a2e4-de4aa477a143"",""2f2d84f4-6f41-5df7-a828-cc0a3d9cdddf"",""c68f6332-f200-5595-940d-e5bcad78f1fe"",""54c3aba8-cb42-5023-9591-5cdd68bdd7c5"",""b9ac296e-4c6c-5cdc-9e03-14868c124af2"",""022ddff9-4332-5ba5-b884-42537f220a0c"",""0d262496-18e1-5973-84a6-84fbda64d0ff"",""447860c8-1d56-518b-88ad-7e103990b756"",""616ecfda-7163-5a8d-ba60-01f623d8b124"",""656bacfc-b102-5379-8db2-2f9f127621e0"",""88f2e658-6155-5924-bc85-63fe2aabb08a"",""9f032fb3-90ca-5749-aff5-1065077ac10e"",""4d2e4005-a84b-525b-a492-d367c5e405d0"",""12b20e20-e117-5c00-83bc-e589b92b730e"",""e97a5398-37b9-5e89-91a9-9b3ae48d9534"",""7a8f92c5-5f85-593a-bf90-08e13c60a2e6"",""aa66f5e3-ac0e-57d6-9b69-aa54ea7c4fb9"",""d07b7490-853e-562b-b662-305e89e7718d"",""596c0800-372d-5056-8a35-9f8661656bf4"",""d08816e6-d4d6-5f35-9de3-d86528fa7a96"",""2e126757-f17e-5ee2-93db-94d31ed944b2"",""5e1af4e2-330f-563f-b639-2d3cd8d276c8"",""49cd1889-2a56-5913-8723-929335f68874"",""82b898ba-3b6d-567f-8996-4f259b74547e"",""d38eb7d2-e78b-5c2f-93e4-2e34846e80e6"",""33effc64-dcfe-5ced-badf-c4df49f68dc1"",""a3a03b99-34c0-504b-b529-32b798db318a"",""8b3ec7b0-123f-5597-95f7-1fafc5810d01"",""035c5442-19b8-5a84-8a59-b352a9660279"",""d6d45010-72fa-5741-b733-88958a8795d2"",""ab8215e5-b753-5a6a-a4e7-ad9caf42eeac"",""1b20061c-b208-551a-b06c-81ffeff623fc"",""9b6d0913-2ae6-5dab-ab36-d05e1c51b208"",""a27c1fb2-edc1-57e6-9d74-adb5a13fed3b"",""4696448b-8c21-591b-80cc-7344ea0b95ec"",""c1d75a33-928c-5636-b99c-def1fb29e0f5"",""61eebfb6-2555-5bce-ba71-7a750427392a"",""aba074a1-d451-595d-bc12-e257adbe7383"",""1ca34094-ee4d-5962-a78a-174d361a9cd3"",""7edb0577-da07-5c6f-8391-bb90e9822165"",""d7c5d484-54dc-5d1e-a3ac-65d60267a12c"",""f416cc8b-3bc2-5c4c-a91c-c56faf748684""]",49,49,43.66666666666666666666666666666666666667,131/3,42,42,L,40,40,0,3,3,UF4,4.725815626252608400985206180902859308704,4.725815626252608400985206180902859308704,prespecified_B_E,False,explicit in unit columns; exact fractions retained,lines
M7-analysis-v5,E-P0R0,UF4:cell:E-P0R0,dbb63e68d4ed9e904fa985aa5b88d674205b6caab086a8d981ac8918a9c68fb5,"[""4afc763c-033e-501c-9c9c-453207d31e62"",""1fed9611-d0cc-51e5-86e7-4ba237c836a2"",""0e4d4039-5409-5be7-a300-ded85e9c22d7"",""1c4afc6f-6679-57b7-ab6b-cec3053e85a1"",""76216ff6-0dab-5f43-913f-741c2deb7596"",""fe7c5fea-171a-5d3e-b93c-b9d53dca7c67"",""784c942d-b222-5013-a2e4-de4aa477a143"",""2f2d84f4-6f41-5df7-a828-cc0a3d9cdddf"",""c68f6332-f200-5595-940d-e5bcad78f1fe"",""54c3aba8-cb42-5023-9591-5cdd68bdd7c5"",""b9ac296e-4c6c-5cdc-9e03-14868c124af2"",""022ddff9-4332-5ba5-b884-42537f220a0c"",""0d262496-18e1-5973-84a6-84fbda64d0ff"",""447860c8-1d56-518b-88ad-7e103990b756"",""616ecfda-7163-5a8d-ba60-01f623d8b124"",""656bacfc-b102-5379-8db2-2f9f127621e0"",""88f2e658-6155-5924-bc85-63fe2aabb08a"",""9f032fb3-90ca-5749-aff5-1065077ac10e"",""4d2e4005-a84b-525b-a492-d367c5e405d0"",""12b20e20-e117-5c00-83bc-e589b92b730e"",""e97a5398-37b9-5e89-91a9-9b3ae48d9534"",""7a8f92c5-5f85-593a-bf90-08e13c60a2e6"",""aa66f5e3-ac0e-57d6-9b69-aa54ea7c4fb9"",""d07b7490-853e-562b-b662-305e89e7718d"",""596c0800-372d-5056-8a35-9f8661656bf4"",""d08816e6-d4d6-5f35-9de3-d86528fa7a96"",""2e126757-f17e-5ee2-93db-94d31ed944b2"",""5e1af4e2-330f-563f-b639-2d3cd8d276c8"",""49cd1889-2a56-5913-8723-929335f68874"",""82b898ba-3b6d-567f-8996-4f259b74547e"",""d38eb7d2-e78b-5c2f-93e4-2e34846e80e6"",""33effc64-dcfe-5ced-badf-c4df49f68dc1"",""a3a03b99-34c0-504b-b529-32b798db318a"",""8b3ec7b0-123f-5597-95f7-1fafc5810d01"",""035c5442-19b8-5a84-8a59-b352a9660279"",""d6d45010-72fa-5741-b733-88958a8795d2"",""ab8215e5-b753-5a6a-a4e7-ad9caf42eeac"",""1b20061c-b208-551a-b06c-81ffeff623fc"",""9b6d0913-2ae6-5dab-ab36-d05e1c51b208"",""a27c1fb2-edc1-57e6-9d74-adb5a13fed3b"",""4696448b-8c21-591b-80cc-7344ea0b95ec"",""c1d75a33-928c-5636-b99c-def1fb29e0f5"",""61eebfb6-2555-5bce-ba71-7a750427392a"",""aba074a1-d451-595d-bc12-e257adbe7383"",""1ca34094-ee4d-5962-a78a-174d361a9cd3"",""7edb0577-da07-5c6f-8391-bb90e9822165"",""d7c5d484-54dc-5d1e-a3ac-65d60267a12c"",""f416cc8b-3bc2-5c4c-a91c-c56faf748684""]",5616,5616,5153,5153,5556,5556,tokens.reasoning,4287,4287,0,3,3,UF4,750.5777774488130953539854174491329186357,750.5777774488130953539854174491329186357,prespecified_B_E,False,explicit in unit columns; exact fractions retained,tokens
M7-analysis-v5,E-P0R0,UF4:cell:E-P0R0,dbb63e68d4ed9e904fa985aa5b88d674205b6caab086a8d981ac8918a9c68fb5,"[""4afc763c-033e-501c-9c9c-453207d31e62"",""1fed9611-d0cc-51e5-86e7-4ba237c836a2"",""0e4d4039-5409-5be7-a300-ded85e9c22d7"",""1c4afc6f-6679-57b7-ab6b-cec3053e85a1"",""76216ff6-0dab-5f43-913f-741c2deb7596"",""fe7c5fea-171a-5d3e-b93c-b9d53dca7c67"",""784c942d-b222-5013-a2e4-de4aa477a143"",""2f2d84f4-6f41-5df7-a828-cc0a3d9cdddf"",""c68f6332-f200-5595-940d-e5bcad78f1fe"",""54c3aba8-cb42-5023-9591-5cdd68bdd7c5"",""b9ac296e-4c6c-5cdc-9e03-14868c124af2"",""022ddff9-4332-5ba5-b884-42537f220a0c"",""0d262496-18e1-5973-84a6-84fbda64d0ff"",""447860c8-1d56-518b-88ad-7e103990b756"",""616ecfda-7163-5a8d-ba60-01f623d8b124"",""656bacfc-b102-5379-8db2-2f9f127621e0"",""88f2e658-6155-5924-bc85-63fe2aabb08a"",""9f032fb3-90ca-5749-aff5-1065077ac10e"",""4d2e4005-a84b-525b-a492-d367c5e405d0"",""12b20e20-e117-5c00-83bc-e589b92b730e"",""e97a5398-37b9-5e89-91a9-9b3ae48d9534"",""7a8f92c5-5f85-593a-bf90-08e13c60a2e6"",""aa66f5e3-ac0e-57d6-9b69-aa54ea7c4fb9"",""d07b7490-853e-562b-b662-305e89e7718d"",""596c0800-372d-5056-8a35-9f8661656bf4"",""d08816e6-d4d6-5f35-9de3-d86528fa7a96"",""2e126757-f17e-5ee2-93db-94d31ed944b2"",""5e1af4e2-330f-563f-b639-2d3cd8d276c8"",""49cd1889-2a56-5913-8723-929335f68874"",""82b898ba-3b6d-567f-8996-4f259b74547e"",""d38eb7d2-e78b-5c2f-93e4-2e34846e80e6"",""33effc64-dcfe-5ced-badf-c4df49f68dc1"",""a3a03b99-34c0-504b-b529-32b798db318a"",""8b3ec7b0-123f-5597-95f7-1fafc5810d01"",""035c5442-19b8-5a84-8a59-b352a9660279"",""d6d45010-72fa-5741-b733-88958a8795d2"",""ab8215e5-b753-5a6a-a4e7-ad9caf42eeac"",""1b20061c-b208-551a-b06c-81ffeff623fc"",""9b6d0913-2ae6-5dab-ab36-d05e1c51b208"",""a27c1fb2-edc1-57e6-9d74-adb5a13fed3b"",""4696448b-8c21-591b-80cc-7344ea0b95ec"",""c1d75a33-928c-5636-b99c-def1fb29e0f5"",""61eebfb6-2555-5bce-ba71-7a750427392a"",""aba074a1-d451-595d-bc12-e257adbe7383"",""1ca34094-ee4d-5962-a78a-174d361a9cd3"",""7edb0577-da07-5c6f-8391-bb90e9822165"",""d7c5d484-54dc-5d1e-a3ac-65d60267a12c"",""f416cc8b-3bc2-5c4c-a91c-c56faf748684""]",566369,566369,467052,467052,417490,417490,tokens.cache_write,417297,417297,0,3,3,UF4,86011.09916167796538595696532523844038033,86011.09916167796538595696532523844038033,prespecified_B_E,False,explicit in unit columns; exact fractions retained,tokens
M7-analysis-v5,E-P0R0,UF4:cell:E-P0R0,dbb63e68d4ed9e904fa985aa5b88d674205b6caab086a8d981ac8918a9c68fb5,"[""4afc763c-033e-501c-9c9c-453207d31e62"",""1fed9611-d0cc-51e5-86e7-4ba237c836a2"",""0e4d4039-5409-5be7-a300-ded85e9c22d7"",""1c4afc6f-6679-57b7-ab6b-cec3053e85a1"",""76216ff6-0dab-5f43-913f-741c2deb7596"",""fe7c5fea-171a-5d3e-b93c-b9d53dca7c67"",""784c942d-b222-5013-a2e4-de4aa477a143"",""2f2d84f4-6f41-5df7-a828-cc0a3d9cdddf"",""c68f6332-f200-5595-940d-e5bcad78f1fe"",""54c3aba8-cb42-5023-9591-5cdd68bdd7c5"",""b9ac296e-4c6c-5cdc-9e03-14868c124af2"",""022ddff9-4332-5ba5-b884-42537f220a0c"",""0d262496-18e1-5973-84a6-84fbda64d0ff"",""447860c8-1d56-518b-88ad-7e103990b756"",""616ecfda-7163-5a8d-ba60-01f623d8b124"",""656bacfc-b102-5379-8db2-2f9f127621e0"",""88f2e658-6155-5924-bc85-63fe2aabb08a"",""9f032fb3-90ca-5749-aff5-1065077ac10e"",""4d2e4005-a84b-525b-a492-d367c5e405d0"",""12b20e20-e117-5c00-83bc-e589b92b730e"",""e97a5398-37b9-5e89-91a9-9b3ae48d9534"",""7a8f92c5-5f85-593a-bf90-08e13c60a2e6"",""aa66f5e3-ac0e-57d6-9b69-aa54ea7c4fb9"",""d07b7490-853e-562b-b662-305e89e7718d"",""596c0800-372d-5056-8a35-9f8661656bf4"",""d08816e6-d4d6-5f35-9de3-d86528fa7a96"",""2e126757-f17e-5ee2-93db-94d31ed944b2"",""5e1af4e2-330f-563f-b639-2d3cd8d276c8"",""49cd1889-2a56-5913-8723-929335f68874"",""82b898ba-3b6d-567f-8996-4f259b74547e"",""d38eb7d2-e78b-5c2f-93e4-2e34846e80e6"",""33effc64-dcfe-5ced-badf-c4df49f68dc1"",""a3a03b99-34c0-504b-b529-32b798db318a"",""8b3ec7b0-123f-5597-95f7-1fafc5810d01"",""035c5442-19b8-5a84-8a59-b352a9660279"",""d6d45010-72fa-5741-b733-88958a8795d2"",""ab8215e5-b753-5a6a-a4e7-ad9caf42eeac"",""1b20061c-b208-551a-b06c-81ffeff623fc"",""9b6d0913-2ae6-5dab-ab36-d05e1c51b208"",""a27c1fb2-edc1-57e6-9d74-adb5a13fed3b"",""4696448b-8c21-591b-80cc-7344ea0b95ec"",""c1d75a33-928c-5636-b99c-def1fb29e0f5"",""61eebfb6-2555-5bce-ba71-7a750427392a"",""aba074a1-d451-595d-bc12-e257adbe7383"",""1ca34094-ee4d-5962-a78a-174d361a9cd3"",""7edb0577-da07-5c6f-8391-bb90e9822165"",""d7c5d484-54dc-5d1e-a3ac-65d60267a12c"",""f416cc8b-3bc2-5c4c-a91c-c56faf748684""]",566381,566381,467062,467062,417499,417499,tokens.input,417306,417306,0,3,3,UF4,86012.83121139543096373593241952677613099,86012.83121139543096373593241952677613099,prespecified_B_E,False,explicit in unit columns; exact fractions retained,tokens
M7-analysis-v5,E-P0R0,UF4:cell:E-P0R0,dbb63e68d4ed9e904fa985aa5b88d674205b6caab086a8d981ac8918a9c68fb5,"[""4afc763c-033e-501c-9c9c-453207d31e62"",""1fed9611-d0cc-51e5-86e7-4ba237c836a2"",""0e4d4039-5409-5be7-a300-ded85e9c22d7"",""1c4afc6f-6679-57b7-ab6b-cec3053e85a1"",""76216ff6-0dab-5f43-913f-741c2deb7596"",""fe7c5fea-171a-5d3e-b93c-b9d53dca7c67"",""784c942d-b222-5013-a2e4-de4aa477a143"",""2f2d84f4-6f41-5df7-a828-cc0a3d9cdddf"",""c68f6332-f200-5595-940d-e5bcad78f1fe"",""54c3aba8-cb42-5023-9591-5cdd68bdd7c5"",""b9ac296e-4c6c-5cdc-9e03-14868c124af2"",""022ddff9-4332-5ba5-b884-42537f220a0c"",""0d262496-18e1-5973-84a6-84fbda64d0ff"",""447860c8-1d56-518b-88ad-7e103990b756"",""616ecfda-7163-5a8d-ba60-01f623d8b124"",""656bacfc-b102-5379-8db2-2f9f127621e0"",""88f2e658-6155-5924-bc85-63fe2aabb08a"",""9f032fb3-90ca-5749-aff5-1065077ac10e"",""4d2e4005-a84b-525b-a492-d367c5e405d0"",""12b20e20-e117-5c00-83bc-e589b92b730e"",""e97a5398-37b9-5e89-91a9-9b3ae48d9534"",""7a8f92c5-5f85-593a-bf90-08e13c60a2e6"",""aa66f5e3-ac0e-57d6-9b69-aa54ea7c4fb9"",""d07b7490-853e-562b-b662-305e89e7718d"",""596c0800-372d-5056-8a35-9f8661656bf4"",""d08816e6-d4d6-5f35-9de3-d86528fa7a96"",""2e126757-f17e-5ee2-93db-94d31ed944b2"",""5e1af4e2-330f-563f-b639-2d3cd8d276c8"",""49cd1889-2a56-5913-8723-929335f68874"",""82b898ba-3b6d-567f-8996-4f259b74547e"",""d38eb7d2-e78b-5c2f-93e4-2e34846e80e6"",""33effc64-dcfe-5ced-badf-c4df49f68dc1"",""a3a03b99-34c0-504b-b529-32b798db318a"",""8b3ec7b0-123f-5597-95f7-1fafc5810d01"",""035c5442-19b8-5a84-8a59-b352a9660279"",""d6d45010-72fa-5741-b733-88958a8795d2"",""ab8215e5-b753-5a6a-a4e7-ad9caf42eeac"",""1b20061c-b208-551a-b06c-81ffeff623fc"",""9b6d0913-2ae6-5dab-ab36-d05e1c51b208"",""a27c1fb2-edc1-57e6-9d74-adb5a13fed3b"",""4696448b-8c21-591b-80cc-7344ea0b95ec"",""c1d75a33-928c-5636-b99c-def1fb29e0f5"",""61eebfb6-2555-5bce-ba71-7a750427392a"",""aba074a1-d451-595d-bc12-e257adbe7383"",""1ca34094-ee4d-5962-a78a-174d361a9cd3"",""7edb0577-da07-5c6f-8391-bb90e9822165"",""d7c5d484-54dc-5d1e-a3ac-65d60267a12c"",""f416cc8b-3bc2-5c4c-a91c-c56faf748684""]",578197,578197,478154,478154,428754,428754,tokens.total,427511,427511,0,3,3,UF4,86642.00856974635026573424036337704047251,86642.00856974635026573424036337704047251,prespecified_B_E,False,explicit in unit columns; exact fractions retained,tokens
M7-analysis-v5,E-P0R0,UF4:cell:E-P0R0,dbb63e68d4ed9e904fa985aa5b88d674205b6caab086a8d981ac8918a9c68fb5,"[""4afc763c-033e-501c-9c9c-453207d31e62"",""1fed9611-d0cc-51e5-86e7-4ba237c836a2"",""0e4d4039-5409-5be7-a300-ded85e9c22d7"",""1c4afc6f-6679-57b7-ab6b-cec3053e85a1"",""76216ff6-0dab-5f43-913f-741c2deb7596"",""fe7c5fea-171a-5d3e-b93c-b9d53dca7c67"",""784c942d-b222-5013-a2e4-de4aa477a143"",""2f2d84f4-6f41-5df7-a828-cc0a3d9cdddf"",""c68f6332-f200-5595-940d-e5bcad78f1fe"",""54c3aba8-cb42-5023-9591-5cdd68bdd7c5"",""b9ac296e-4c6c-5cdc-9e03-14868c124af2"",""022ddff9-4332-5ba5-b884-42537f220a0c"",""0d262496-18e1-5973-84a6-84fbda64d0ff"",""447860c8-1d56-518b-88ad-7e103990b756"",""616ecfda-7163-5a8d-ba60-01f623d8b124"",""656bacfc-b102-5379-8db2-2f9f127621e0"",""88f2e658-6155-5924-bc85-63fe2aabb08a"",""9f032fb3-90ca-5749-aff5-1065077ac10e"",""4d2e4005-a84b-525b-a492-d367c5e405d0"",""12b20e20-e117-5c00-83bc-e589b92b730e"",""e97a5398-37b9-5e89-91a9-9b3ae48d9534"",""7a8f92c5-5f85-593a-bf90-08e13c60a2e6"",""aa66f5e3-ac0e-57d6-9b69-aa54ea7c4fb9"",""d07b7490-853e-562b-b662-305e89e7718d"",""596c0800-372d-5056-8a35-9f8661656bf4"",""d08816e6-d4d6-5f35-9de3-d86528fa7a96"",""2e126757-f17e-5ee2-93db-94d31ed944b2"",""5e1af4e2-330f-563f-b639-2d3cd8d276c8"",""49cd1889-2a56-5913-8723-929335f68874"",""82b898ba-3b6d-567f-8996-4f259b74547e"",""d38eb7d2-e78b-5c2f-93e4-2e34846e80e6"",""33effc64-dcfe-5ced-badf-c4df49f68dc1"",""a3a03b99-34c0-504b-b529-32b798db318a"",""8b3ec7b0-123f-5597-95f7-1fafc5810d01"",""035c5442-19b8-5a84-8a59-b352a9660279"",""d6d45010-72fa-5741-b733-88958a8795d2"",""ab8215e5-b753-5a6a-a4e7-ad9caf42eeac"",""1b20061c-b208-551a-b06c-81ffeff623fc"",""9b6d0913-2ae6-5dab-ab36-d05e1c51b208"",""a27c1fb2-edc1-57e6-9d74-adb5a13fed3b"",""4696448b-8c21-591b-80cc-7344ea0b95ec"",""c1d75a33-928c-5636-b99c-def1fb29e0f5"",""61eebfb6-2555-5bce-ba71-7a750427392a"",""aba074a1-d451-595d-bc12-e257adbe7383"",""1ca34094-ee4d-5962-a78a-174d361a9cd3"",""7edb0577-da07-5c6f-8391-bb90e9822165"",""d7c5d484-54dc-5d1e-a3ac-65d60267a12c"",""f416cc8b-3bc2-5c4c-a91c-c56faf748684""]",,,,,,,abort_seconds,,,3,0,3,UF4,,,prespecified_B_E,False,explicit in unit columns; exact fractions retained,s
M7-analysis-v5,E-P0R0,UF4:cell:E-P0R0,dbb63e68d4ed9e904fa985aa5b88d674205b6caab086a8d981ac8918a9c68fb5,"[""4afc763c-033e-501c-9c9c-453207d31e62"",""1fed9611-d0cc-51e5-86e7-4ba237c836a2"",""0e4d4039-5409-5be7-a300-ded85e9c22d7"",""1c4afc6f-6679-57b7-ab6b-cec3053e85a1"",""76216ff6-0dab-5f43-913f-741c2deb7596"",""fe7c5fea-171a-5d3e-b93c-b9d53dca7c67"",""784c942d-b222-5013-a2e4-de4aa477a143"",""2f2d84f4-6f41-5df7-a828-cc0a3d9cdddf"",""c68f6332-f200-5595-940d-e5bcad78f1fe"",""54c3aba8-cb42-5023-9591-5cdd68bdd7c5"",""b9ac296e-4c6c-5cdc-9e03-14868c124af2"",""022ddff9-4332-5ba5-b884-42537f220a0c"",""0d262496-18e1-5973-84a6-84fbda64d0ff"",""447860c8-1d56-518b-88ad-7e103990b756"",""616ecfda-7163-5a8d-ba60-01f623d8b124"",""656bacfc-b102-5379-8db2-2f9f127621e0"",""88f2e658-6155-5924-bc85-63fe2aabb08a"",""9f032fb3-90ca-5749-aff5-1065077ac10e"",""4d2e4005-a84b-525b-a492-d367c5e405d0"",""12b20e20-e117-5c00-83bc-e589b92b730e"",""e97a5398-37b9-5e89-91a9-9b3ae48d9534"",""7a8f92c5-5f85-593a-bf90-08e13c60a2e6"",""aa66f5e3-ac0e-57d6-9b69-aa54ea7c4fb9"",""d07b7490-853e-562b-b662-305e89e7718d"",""596c0800-372d-5056-8a35-9f8661656bf4"",""d08816e6-d4d6-5f35-9de3-d86528fa7a96"",""2e126757-f17e-5ee2-93db-94d31ed944b2"",""5e1af4e2-330f-563f-b639-2d3cd8d276c8"",""49cd1889-2a56-5913-8723-929335f68874"",""82b898ba-3b6d-567f-8996-4f259b74547e"",""d38eb7d2-e78b-5c2f-93e4-2e34846e80e6"",""33effc64-dcfe-5ced-badf-c4df49f68dc1"",""a3a03b99-34c0-504b-b529-32b798db318a"",""8b3ec7b0-123f-5597-95f7-1fafc5810d01"",""035c5442-19b8-5a84-8a59-b352a9660279"",""d6d45010-72fa-5741-b733-88958a8795d2"",""ab8215e5-b753-5a6a-a4e7-ad9caf42eeac"",""1b20061c-b208-551a-b06c-81ffeff623fc"",""9b6d0913-2ae6-5dab-ab36-d05e1c51b208"",""a27c1fb2-edc1-57e6-9d74-adb5a13fed3b"",""4696448b-8c21-591b-80cc-7344ea0b95ec"",""c1d75a33-928c-5636-b99c-def1fb29e0f5"",""61eebfb6-2555-5bce-ba71-7a750427392a"",""aba074a1-d451-595d-bc12-e257adbe7383"",""1ca34094-ee4d-5962-a78a-174d361a9cd3"",""7edb0577-da07-5c6f-8391-bb90e9822165"",""d7c5d484-54dc-5d1e-a3ac-65d60267a12c"",""f416cc8b-3bc2-5c4c-a91c-c56faf748684""]",,,,,,,context_preparation_seconds,,,3,0,3,UF4,,,prespecified_B_E,False,explicit in unit columns; exact fractions retained,s
M7-analysis-v5,E-P0R0,UF4:cell:E-P0R0,dbb63e68d4ed9e904fa985aa5b88d674205b6caab086a8d981ac8918a9c68fb5,"[""4afc763c-033e-501c-9c9c-453207d31e62"",""1fed9611-d0cc-51e5-86e7-4ba237c836a2"",""0e4d4039-5409-5be7-a300-ded85e9c22d7"",""1c4afc6f-6679-57b7-ab6b-cec3053e85a1"",""76216ff6-0dab-5f43-913f-741c2deb7596"",""fe7c5fea-171a-5d3e-b93c-b9d53dca7c67"",""784c942d-b222-5013-a2e4-de4aa477a143"",""2f2d84f4-6f41-5df7-a828-cc0a3d9cdddf"",""c68f6332-f200-5595-940d-e5bcad78f1fe"",""54c3aba8-cb42-5023-9591-5cdd68bdd7c5"",""b9ac296e-4c6c-5cdc-9e03-14868c124af2"",""022ddff9-4332-5ba5-b884-42537f220a0c"",""0d262496-18e1-5973-84a6-84fbda64d0ff"",""447860c8-1d56-518b-88ad-7e103990b756"",""616ecfda-7163-5a8d-ba60-01f623d8b124"",""656bacfc-b102-5379-8db2-2f9f127621e0"",""88f2e658-6155-5924-bc85-63fe2aabb08a"",""9f032fb3-90ca-5749-aff5-1065077ac10e"",""4d2e4005-a84b-525b-a492-d367c5e405d0"",""12b20e20-e117-5c00-83bc-e589b92b730e"",""e97a5398-37b9-5e89-91a9-9b3ae48d9534"",""7a8f92c5-5f85-593a-bf90-08e13c60a2e6"",""aa66f5e3-ac0e-57d6-9b69-aa54ea7c4fb9"",""d07b7490-853e-562b-b662-305e89e7718d"",""596c0800-372d-5056-8a35-9f8661656bf4"",""d08816e6-d4d6-5f35-9de3-d86528fa7a96"",""2e126757-f17e-5ee2-93db-94d31ed944b2"",""5e1af4e2-330f-563f-b639-2d3cd8d276c8"",""49cd1889-2a56-5913-8723-929335f68874"",""82b898ba-3b6d-567f-8996-4f259b74547e"",""d38eb7d2-e78b-5c2f-93e4-2e34846e80e6"",""33effc64-dcfe-5ced-badf-c4df49f68dc1"",""a3a03b99-34c0-504b-b529-32b798db318a"",""8b3ec7b0-123f-5597-95f7-1fafc5810d01"",""035c5442-19b8-5a84-8a59-b352a9660279"",""d6d45010-72fa-5741-b733-88958a8795d2"",""ab8215e5-b753-5a6a-a4e7-ad9caf42eeac"",""1b20061c-b208-551a-b06c-81ffeff623fc"",""9b6d0913-2ae6-5dab-ab36-d05e1c51b208"",""a27c1fb2-edc1-57e6-9d74-adb5a13fed3b"",""4696448b-8c21-591b-80cc-7344ea0b95ec"",""c1d75a33-928c-5636-b99c-def1fb29e0f5"",""61eebfb6-2555-5bce-ba71-7a750427392a"",""aba074a1-d451-595d-bc12-e257adbe7383"",""1ca34094-ee4d-5962-a78a-174d361a9cd3"",""7edb0577-da07-5c6f-8391-bb90e9822165"",""d7c5d484-54dc-5d1e-a3ac-65d60267a12c"",""f416cc8b-3bc2-5c4c-a91c-c56faf748684""]",,,,,,,evaluation_seconds,,,3,0,3,UF4,,,prespecified_B_E,False,explicit in unit columns; exact fractions retained,s
M7-analysis-v5,E-P0R0,UF4:cell:E-P0R0,dbb63e68d4ed9e904fa985aa5b88d674205b6caab086a8d981ac8918a9c68fb5,"[""4afc763c-033e-501c-9c9c-453207d31e62"",""1fed9611-d0cc-51e5-86e7-4ba237c836a2"",""0e4d4039-5409-5be7-a300-ded85e9c22d7"",""1c4afc6f-6679-57b7-ab6b-cec3053e85a1"",""76216ff6-0dab-5f43-913f-741c2deb7596"",""fe7c5fea-171a-5d3e-b93c-b9d53dca7c67"",""784c942d-b222-5013-a2e4-de4aa477a143"",""2f2d84f4-6f41-5df7-a828-cc0a3d9cdddf"",""c68f6332-f200-5595-940d-e5bcad78f1fe"",""54c3aba8-cb42-5023-9591-5cdd68bdd7c5"",""b9ac296e-4c6c-5cdc-9e03-14868c124af2"",""022ddff9-4332-5ba5-b884-42537f220a0c"",""0d262496-18e1-5973-84a6-84fbda64d0ff"",""447860c8-1d56-518b-88ad-7e103990b756"",""616ecfda-7163-5a8d-ba60-01f623d8b124"",""656bacfc-b102-5379-8db2-2f9f127621e0"",""88f2e658-6155-5924-bc85-63fe2aabb08a"",""9f032fb3-90ca-5749-aff5-1065077ac10e"",""4d2e4005-a84b-525b-a492-d367c5e405d0"",""12b20e20-e117-5c00-83bc-e589b92b730e"",""e97a5398-37b9-5e89-91a9-9b3ae48d9534"",""7a8f92c5-5f85-593a-bf90-08e13c60a2e6"",""aa66f5e3-ac0e-57d6-9b69-aa54ea7c4fb9"",""d07b7490-853e-562b-b662-305e89e7718d"",""596c0800-372d-5056-8a35-9f8661656bf4"",""d08816e6-d4d6-5f35-9de3-d86528fa7a96"",""2e126757-f17e-5ee2-93db-94d31ed944b2"",""5e1af4e2-330f-563f-b639-2d3cd8d276c8"",""49cd1889-2a56-5913-8723-929335f68874"",""82b898ba-3b6d-567f-8996-4f259b74547e"",""d38eb7d2-e78b-5c2f-93e4-2e34846e80e6"",""33effc64-dcfe-5ced-badf-c4df49f68dc1"",""a3a03b99-34c0-504b-b529-32b798db318a"",""8b3ec7b0-123f-5597-95f7-1fafc5810d01"",""035c5442-19b8-5a84-8a59-b352a9660279"",""d6d45010-72fa-5741-b733-88958a8795d2"",""ab8215e5-b753-5a6a-a4e7-ad9caf42eeac"",""1b20061c-b208-551a-b06c-81ffeff623fc"",""9b6d0913-2ae6-5dab-ab36-d05e1c51b208"",""a27c1fb2-edc1-57e6-9d74-adb5a13fed3b"",""4696448b-8c21-591b-80cc-7344ea0b95ec"",""c1d75a33-928c-5636-b99c-def1fb29e0f5"",""61eebfb6-2555-5bce-ba71-7a750427392a"",""aba074a1-d451-595d-bc12-e257adbe7383"",""1ca34094-ee4d-5962-a78a-174d361a9cd3"",""7edb0577-da07-5c6f-8391-bb90e9822165"",""d7c5d484-54dc-5d1e-a3ac-65d60267a12c"",""f416cc8b-3bc2-5c4c-a91c-c56faf748684""]",,,,,,,inference_seconds,,,3,0,3,UF4,,,prespecified_B_E,False,explicit in unit columns; exact fractions retained,s
M7-analysis-v5,E-P0R0,UF4:cell:E-P0R0,dbb63e68d4ed9e904fa985aa5b88d674205b6caab086a8d981ac8918a9c68fb5,"[""4afc763c-033e-501c-9c9c-453207d31e62"",""1fed9611-d0cc-51e5-86e7-4ba237c836a2"",""0e4d4039-5409-5be7-a300-ded85e9c22d7"",""1c4afc6f-6679-57b7-ab6b-cec3053e85a1"",""76216ff6-0dab-5f43-913f-741c2deb7596"",""fe7c5fea-171a-5d3e-b93c-b9d53dca7c67"",""784c942d-b222-5013-a2e4-de4aa477a143"",""2f2d84f4-6f41-5df7-a828-cc0a3d9cdddf"",""c68f6332-f200-5595-940d-e5bcad78f1fe"",""54c3aba8-cb42-5023-9591-5cdd68bdd7c5"",""b9ac296e-4c6c-5cdc-9e03-14868c124af2"",""022ddff9-4332-5ba5-b884-42537f220a0c"",""0d262496-18e1-5973-84a6-84fbda64d0ff"",""447860c8-1d56-518b-88ad-7e103990b756"",""616ecfda-7163-5a8d-ba60-01f623d8b124"",""656bacfc-b102-5379-8db2-2f9f127621e0"",""88f2e658-6155-5924-bc85-63fe2aabb08a"",""9f032fb3-90ca-5749-aff5-1065077ac10e"",""4d2e4005-a84b-525b-a492-d367c5e405d0"",""12b20e20-e117-5c00-83bc-e589b92b730e"",""e97a5398-37b9-5e89-91a9-9b3ae48d9534"",""7a8f92c5-5f85-593a-bf90-08e13c60a2e6"",""aa66f5e3-ac0e-57d6-9b69-aa54ea7c4fb9"",""d07b7490-853e-562b-b662-305e89e7718d"",""596c0800-372d-5056-8a35-9f8661656bf4"",""d08816e6-d4d6-5f35-9de3-d86528fa7a96"",""2e126757-f17e-5ee2-93db-94d31ed944b2"",""5e1af4e2-330f-563f-b639-2d3cd8d276c8"",""49cd1889-2a56-5913-8723-929335f68874"",""82b898ba-3b6d-567f-8996-4f259b74547e"",""d38eb7d2-e78b-5c2f-93e4-2e34846e80e6"",""33effc64-dcfe-5ced-badf-c4df49f68dc1"",""a3a03b99-34c0-504b-b529-32b798db318a"",""8b3ec7b0-123f-5597-95f7-1fafc5810d01"",""035c5442-19b8-5a84-8a59-b352a9660279"",""d6d45010-72fa-5741-b733-88958a8795d2"",""ab8215e5-b753-5a6a-a4e7-ad9caf42eeac"",""1b20061c-b208-551a-b06c-81ffeff623fc"",""9b6d0913-2ae6-5dab-ab36-d05e1c51b208"",""a27c1fb2-edc1-57e6-9d74-adb5a13fed3b"",""4696448b-8c21-591b-80cc-7344ea0b95ec"",""c1d75a33-928c-5636-b99c-def1fb29e0f5"",""61eebfb6-2555-5bce-ba71-7a750427392a"",""aba074a1-d451-595d-bc12-e257adbe7383"",""1ca34094-ee4d-5962-a78a-174d361a9cd3"",""7edb0577-da07-5c6f-8391-bb90e9822165"",""d7c5d484-54dc-5d1e-a3ac-65d60267a12c"",""f416cc8b-3bc2-5c4c-a91c-c56faf748684""]",,,,,,,load_seconds,,,3,0,3,UF4,,,prespecified_B_E,False,explicit in unit columns; exact fractions retained,s
M7-analysis-v5,E-P0R0,UF4:cell:E-P0R0,dbb63e68d4ed9e904fa985aa5b88d674205b6caab086a8d981ac8918a9c68fb5,"[""4afc763c-033e-501c-9c9c-453207d31e62"",""1fed9611-d0cc-51e5-86e7-4ba237c836a2"",""0e4d4039-5409-5be7-a300-ded85e9c22d7"",""1c4afc6f-6679-57b7-ab6b-cec3053e85a1"",""76216ff6-0dab-5f43-913f-741c2deb7596"",""fe7c5fea-171a-5d3e-b93c-b9d53dca7c67"",""784c942d-b222-5013-a2e4-de4aa477a143"",""2f2d84f4-6f41-5df7-a828-cc0a3d9cdddf"",""c68f6332-f200-5595-940d-e5bcad78f1fe"",""54c3aba8-cb42-5023-9591-5cdd68bdd7c5"",""b9ac296e-4c6c-5cdc-9e03-14868c124af2"",""022ddff9-4332-5ba5-b884-42537f220a0c"",""0d262496-18e1-5973-84a6-84fbda64d0ff"",""447860c8-1d56-518b-88ad-7e103990b756"",""616ecfda-7163-5a8d-ba60-01f623d8b124"",""656bacfc-b102-5379-8db2-2f9f127621e0"",""88f2e658-6155-5924-bc85-63fe2aabb08a"",""9f032fb3-90ca-5749-aff5-1065077ac10e"",""4d2e4005-a84b-525b-a492-d367c5e405d0"",""12b20e20-e117-5c00-83bc-e589b92b730e"",""e97a5398-37b9-5e89-91a9-9b3ae48d9534"",""7a8f92c5-5f85-593a-bf90-08e13c60a2e6"",""aa66f5e3-ac0e-57d6-9b69-aa54ea7c4fb9"",""d07b7490-853e-562b-b662-305e89e7718d"",""596c0800-372d-5056-8a35-9f8661656bf4"",""d08816e6-d4d6-5f35-9de3-d86528fa7a96"",""2e126757-f17e-5ee2-93db-94d31ed944b2"",""5e1af4e2-330f-563f-b639-2d3cd8d276c8"",""49cd1889-2a56-5913-8723-929335f68874"",""82b898ba-3b6d-567f-8996-4f259b74547e"",""d38eb7d2-e78b-5c2f-93e4-2e34846e80e6"",""33effc64-dcfe-5ced-badf-c4df49f68dc1"",""a3a03b99-34c0-504b-b529-32b798db318a"",""8b3ec7b0-123f-5597-95f7-1fafc5810d01"",""035c5442-19b8-5a84-8a59-b352a9660279"",""d6d45010-72fa-5741-b733-88958a8795d2"",""ab8215e5-b753-5a6a-a4e7-ad9caf42eeac"",""1b20061c-b208-551a-b06c-81ffeff623fc"",""9b6d0913-2ae6-5dab-ab36-d05e1c51b208"",""a27c1fb2-edc1-57e6-9d74-adb5a13fed3b"",""4696448b-8c21-591b-80cc-7344ea0b95ec"",""c1d75a33-928c-5636-b99c-def1fb29e0f5"",""61eebfb6-2555-5bce-ba71-7a750427392a"",""aba074a1-d451-595d-bc12-e257adbe7383"",""1ca34094-ee4d-5962-a78a-174d361a9cd3"",""7edb0577-da07-5c6f-8391-bb90e9822165"",""d7c5d484-54dc-5d1e-a3ac-65d60267a12c"",""f416cc8b-3bc2-5c4c-a91c-c56faf748684""]",,,,,,,manual_review_seconds,,,3,0,3,UF4,,,prespecified_B_E,False,explicit in unit columns; exact fractions retained,s
M7-analysis-v5,E-P0R0,UF4:cell:E-P0R0,dbb63e68d4ed9e904fa985aa5b88d674205b6caab086a8d981ac8918a9c68fb5,"[""4afc763c-033e-501c-9c9c-453207d31e62"",""1fed9611-d0cc-51e5-86e7-4ba237c836a2"",""0e4d4039-5409-5be7-a300-ded85e9c22d7"",""1c4afc6f-6679-57b7-ab6b-cec3053e85a1"",""76216ff6-0dab-5f43-913f-741c2deb7596"",""fe7c5fea-171a-5d3e-b93c-b9d53dca7c67"",""784c942d-b222-5013-a2e4-de4aa477a143"",""2f2d84f4-6f41-5df7-a828-cc0a3d9cdddf"",""c68f6332-f200-5595-940d-e5bcad78f1fe"",""54c3aba8-cb42-5023-9591-5cdd68bdd7c5"",""b9ac296e-4c6c-5cdc-9e03-14868c124af2"",""022ddff9-4332-5ba5-b884-42537f220a0c"",""0d262496-18e1-5973-84a6-84fbda64d0ff"",""447860c8-1d56-518b-88ad-7e103990b756"",""616ecfda-7163-5a8d-ba60-01f623d8b124"",""656bacfc-b102-5379-8db2-2f9f127621e0"",""88f2e658-6155-5924-bc85-63fe2aabb08a"",""9f032fb3-90ca-5749-aff5-1065077ac10e"",""4d2e4005-a84b-525b-a492-d367c5e405d0"",""12b20e20-e117-5c00-83bc-e589b92b730e"",""e97a5398-37b9-5e89-91a9-9b3ae48d9534"",""7a8f92c5-5f85-593a-bf90-08e13c60a2e6"",""aa66f5e3-ac0e-57d6-9b69-aa54ea7c4fb9"",""d07b7490-853e-562b-b662-305e89e7718d"",""596c0800-372d-5056-8a35-9f8661656bf4"",""d08816e6-d4d6-5f35-9de3-d86528fa7a96"",""2e126757-f17e-5ee2-93db-94d31ed944b2"",""5e1af4e2-330f-563f-b639-2d3cd8d276c8"",""49cd1889-2a56-5913-8723-929335f68874"",""82b898ba-3b6d-567f-8996-4f259b74547e"",""d38eb7d2-e78b-5c2f-93e4-2e34846e80e6"",""33effc64-dcfe-5ced-badf-c4df49f68dc1"",""a3a03b99-34c0-504b-b529-32b798db318a"",""8b3ec7b0-123f-5597-95f7-1fafc5810d01"",""035c5442-19b8-5a84-8a59-b352a9660279"",""d6d45010-72fa-5741-b733-88958a8795d2"",""ab8215e5-b753-5a6a-a4e7-ad9caf42eeac"",""1b20061c-b208-551a-b06c-81ffeff623fc"",""9b6d0913-2ae6-5dab-ab36-d05e1c51b208"",""a27c1fb2-edc1-57e6-9d74-adb5a13fed3b"",""4696448b-8c21-591b-80cc-7344ea0b95ec"",""c1d75a33-928c-5636-b99c-def1fb29e0f5"",""61eebfb6-2555-5bce-ba71-7a750427392a"",""aba074a1-d451-595d-bc12-e257adbe7383"",""1ca34094-ee4d-5962-a78a-174d361a9cd3"",""7edb0577-da07-5c6f-8391-bb90e9822165"",""d7c5d484-54dc-5d1e-a3ac-65d60267a12c"",""f416cc8b-3bc2-5c4c-a91c-c56faf748684""]",,,,,,,retry_seconds,,,3,0,3,UF4,,,prespecified_B_E,False,explicit in unit columns; exact fractions retained,s
M7-analysis-v5,E-P0R0,UF4:cell:E-P0R0,dbb63e68d4ed9e904fa985aa5b88d674205b6caab086a8d981ac8918a9c68fb5,"[""4afc763c-033e-501c-9c9c-453207d31e62"",""1fed9611-d0cc-51e5-86e7-4ba237c836a2"",""0e4d4039-5409-5be7-a300-ded85e9c22d7"",""1c4afc6f-6679-57b7-ab6b-cec3053e85a1"",""76216ff6-0dab-5f43-913f-741c2deb7596"",""fe7c5fea-171a-5d3e-b93c-b9d53dca7c67"",""784c942d-b222-5013-a2e4-de4aa477a143"",""2f2d84f4-6f41-5df7-a828-cc0a3d9cdddf"",""c68f6332-f200-5595-940d-e5bcad78f1fe"",""54c3aba8-cb42-5023-9591-5cdd68bdd7c5"",""b9ac296e-4c6c-5cdc-9e03-14868c124af2"",""022ddff9-4332-5ba5-b884-42537f220a0c"",""0d262496-18e1-5973-84a6-84fbda64d0ff"",""447860c8-1d56-518b-88ad-7e103990b756"",""616ecfda-7163-5a8d-ba60-01f623d8b124"",""656bacfc-b102-5379-8db2-2f9f127621e0"",""88f2e658-6155-5924-bc85-63fe2aabb08a"",""9f032fb3-90ca-5749-aff5-1065077ac10e"",""4d2e4005-a84b-525b-a492-d367c5e405d0"",""12b20e20-e117-5c00-83bc-e589b92b730e"",""e97a5398-37b9-5e89-91a9-9b3ae48d9534"",""7a8f92c5-5f85-593a-bf90-08e13c60a2e6"",""aa66f5e3-ac0e-57d6-9b69-aa54ea7c4fb9"",""d07b7490-853e-562b-b662-305e89e7718d"",""596c0800-372d-5056-8a35-9f8661656bf4"",""d08816e6-d4d6-5f35-9de3-d86528fa7a96"",""2e126757-f17e-5ee2-93db-94d31ed944b2"",""5e1af4e2-330f-563f-b639-2d3cd8d276c8"",""49cd1889-2a56-5913-8723-929335f68874"",""82b898ba-3b6d-567f-8996-4f259b74547e"",""d38eb7d2-e78b-5c2f-93e4-2e34846e80e6"",""33effc64-dcfe-5ced-badf-c4df49f68dc1"",""a3a03b99-34c0-504b-b529-32b798db318a"",""8b3ec7b0-123f-5597-95f7-1fafc5810d01"",""035c5442-19b8-5a84-8a59-b352a9660279"",""d6d45010-72fa-5741-b733-88958a8795d2"",""ab8215e5-b753-5a6a-a4e7-ad9caf42eeac"",""1b20061c-b208-551a-b06c-81ffeff623fc"",""9b6d0913-2ae6-5dab-ab36-d05e1c51b208"",""a27c1fb2-edc1-57e6-9d74-adb5a13fed3b"",""4696448b-8c21-591b-80cc-7344ea0b95ec"",""c1d75a33-928c-5636-b99c-def1fb29e0f5"",""61eebfb6-2555-5bce-ba71-7a750427392a"",""aba074a1-d451-595d-bc12-e257adbe7383"",""1ca34094-ee4d-5962-a78a-174d361a9cd3"",""7edb0577-da07-5c6f-8391-bb90e9822165"",""d7c5d484-54dc-5d1e-a3ac-65d60267a12c"",""f416cc8b-3bc2-5c4c-a91c-c56faf748684""]",,,,,,,setup_seconds,,,3,0,3,UF4,,,prespecified_B_E,False,explicit in unit columns; exact fractions retained,s
M7-analysis-v5,E-P0R0,UF4:cell:E-P0R0,dbb63e68d4ed9e904fa985aa5b88d674205b6caab086a8d981ac8918a9c68fb5,"[""4afc763c-033e-501c-9c9c-453207d31e62"",""1fed9611-d0cc-51e5-86e7-4ba237c836a2"",""0e4d4039-5409-5be7-a300-ded85e9c22d7"",""1c4afc6f-6679-57b7-ab6b-cec3053e85a1"",""76216ff6-0dab-5f43-913f-741c2deb7596"",""fe7c5fea-171a-5d3e-b93c-b9d53dca7c67"",""784c942d-b222-5013-a2e4-de4aa477a143"",""2f2d84f4-6f41-5df7-a828-cc0a3d9cdddf"",""c68f6332-f200-5595-940d-e5bcad78f1fe"",""54c3aba8-cb42-5023-9591-5cdd68bdd7c5"",""b9ac296e-4c6c-5cdc-9e03-14868c124af2"",""022ddff9-4332-5ba5-b884-42537f220a0c"",""0d262496-18e1-5973-84a6-84fbda64d0ff"",""447860c8-1d56-518b-88ad-7e103990b756"",""616ecfda-7163-5a8d-ba60-01f623d8b124"",""656bacfc-b102-5379-8db2-2f9f127621e0"",""88f2e658-6155-5924-bc85-63fe2aabb08a"",""9f032fb3-90ca-5749-aff5-1065077ac10e"",""4d2e4005-a84b-525b-a492-d367c5e405d0"",""12b20e20-e117-5c00-83bc-e589b92b730e"",""e97a5398-37b9-5e89-91a9-9b3ae48d9534"",""7a8f92c5-5f85-593a-bf90-08e13c60a2e6"",""aa66f5e3-ac0e-57d6-9b69-aa54ea7c4fb9"",""d07b7490-853e-562b-b662-305e89e7718d"",""596c0800-372d-5056-8a35-9f8661656bf4"",""d08816e6-d4d6-5f35-9de3-d86528fa7a96"",""2e126757-f17e-5ee2-93db-94d31ed944b2"",""5e1af4e2-330f-563f-b639-2d3cd8d276c8"",""49cd1889-2a56-5913-8723-929335f68874"",""82b898ba-3b6d-567f-8996-4f259b74547e"",""d38eb7d2-e78b-5c2f-93e4-2e34846e80e6"",""33effc64-dcfe-5ced-badf-c4df49f68dc1"",""a3a03b99-34c0-504b-b529-32b798db318a"",""8b3ec7b0-123f-5597-95f7-1fafc5810d01"",""035c5442-19b8-5a84-8a59-b352a9660279"",""d6d45010-72fa-5741-b733-88958a8795d2"",""ab8215e5-b753-5a6a-a4e7-ad9caf42eeac"",""1b20061c-b208-551a-b06c-81ffeff623fc"",""9b6d0913-2ae6-5dab-ab36-d05e1c51b208"",""a27c1fb2-edc1-57e6-9d74-adb5a13fed3b"",""4696448b-8c21-591b-80cc-7344ea0b95ec"",""c1d75a33-928c-5636-b99c-def1fb29e0f5"",""61eebfb6-2555-5bce-ba71-7a750427392a"",""aba074a1-d451-595d-bc12-e257adbe7383"",""1ca34094-ee4d-5962-a78a-174d361a9cd3"",""7edb0577-da07-5c6f-8391-bb90e9822165"",""d7c5d484-54dc-5d1e-a3ac-65d60267a12c"",""f416cc8b-3bc2-5c4c-a91c-c56faf748684""]",,,,,,,tokens.other,,,3,0,3,UF4,,,prespecified_B_E,False,explicit in unit columns; exact fractions retained,tokens
M7-analysis-v5,E-P0R1,UF4:cell:E-P0R1,dbb63e68d4ed9e904fa985aa5b88d674205b6caab086a8d981ac8918a9c68fb5,"[""4afc763c-033e-501c-9c9c-453207d31e62"",""1fed9611-d0cc-51e5-86e7-4ba237c836a2"",""0e4d4039-5409-5be7-a300-ded85e9c22d7"",""1c4afc6f-6679-57b7-ab6b-cec3053e85a1"",""76216ff6-0dab-5f43-913f-741c2deb7596"",""fe7c5fea-171a-5d3e-b93c-b9d53dca7c67"",""784c942d-b222-5013-a2e4-de4aa477a143"",""2f2d84f4-6f41-5df7-a828-cc0a3d9cdddf"",""c68f6332-f200-5595-940d-e5bcad78f1fe"",""54c3aba8-cb42-5023-9591-5cdd68bdd7c5"",""b9ac296e-4c6c-5cdc-9e03-14868c124af2"",""022ddff9-4332-5ba5-b884-42537f220a0c"",""0d262496-18e1-5973-84a6-84fbda64d0ff"",""447860c8-1d56-518b-88ad-7e103990b756"",""616ecfda-7163-5a8d-ba60-01f623d8b124"",""656bacfc-b102-5379-8db2-2f9f127621e0"",""88f2e658-6155-5924-bc85-63fe2aabb08a"",""9f032fb3-90ca-5749-aff5-1065077ac10e"",""4d2e4005-a84b-525b-a492-d367c5e405d0"",""12b20e20-e117-5c00-83bc-e589b92b730e"",""e97a5398-37b9-5e89-91a9-9b3ae48d9534"",""7a8f92c5-5f85-593a-bf90-08e13c60a2e6"",""aa66f5e3-ac0e-57d6-9b69-aa54ea7c4fb9"",""d07b7490-853e-562b-b662-305e89e7718d"",""596c0800-372d-5056-8a35-9f8661656bf4"",""d08816e6-d4d6-5f35-9de3-d86528fa7a96"",""2e126757-f17e-5ee2-93db-94d31ed944b2"",""5e1af4e2-330f-563f-b639-2d3cd8d276c8"",""49cd1889-2a56-5913-8723-929335f68874"",""82b898ba-3b6d-567f-8996-4f259b74547e"",""d38eb7d2-e78b-5c2f-93e4-2e34846e80e6"",""33effc64-dcfe-5ced-badf-c4df49f68dc1"",""a3a03b99-34c0-504b-b529-32b798db318a"",""8b3ec7b0-123f-5597-95f7-1fafc5810d01"",""035c5442-19b8-5a84-8a59-b352a9660279"",""d6d45010-72fa-5741-b733-88958a8795d2"",""ab8215e5-b753-5a6a-a4e7-ad9caf42eeac"",""1b20061c-b208-551a-b06c-81ffeff623fc"",""9b6d0913-2ae6-5dab-ab36-d05e1c51b208"",""a27c1fb2-edc1-57e6-9d74-adb5a13fed3b"",""4696448b-8c21-591b-80cc-7344ea0b95ec"",""c1d75a33-928c-5636-b99c-def1fb29e0f5"",""61eebfb6-2555-5bce-ba71-7a750427392a"",""aba074a1-d451-595d-bc12-e257adbe7383"",""1ca34094-ee4d-5962-a78a-174d361a9cd3"",""7edb0577-da07-5c6f-8391-bb90e9822165"",""d7c5d484-54dc-5d1e-a3ac-65d60267a12c"",""f416cc8b-3bc2-5c4c-a91c-c56faf748684""]",0,0,0,0,0,0,D,0,0,0,3,3,UF4,0,0,prespecified_B_E,False,explicit in unit columns; exact fractions retained,diagnoses
M7-analysis-v5,E-P0R1,UF4:cell:E-P0R1,dbb63e68d4ed9e904fa985aa5b88d674205b6caab086a8d981ac8918a9c68fb5,"[""4afc763c-033e-501c-9c9c-453207d31e62"",""1fed9611-d0cc-51e5-86e7-4ba237c836a2"",""0e4d4039-5409-5be7-a300-ded85e9c22d7"",""1c4afc6f-6679-57b7-ab6b-cec3053e85a1"",""76216ff6-0dab-5f43-913f-741c2deb7596"",""fe7c5fea-171a-5d3e-b93c-b9d53dca7c67"",""784c942d-b222-5013-a2e4-de4aa477a143"",""2f2d84f4-6f41-5df7-a828-cc0a3d9cdddf"",""c68f6332-f200-5595-940d-e5bcad78f1fe"",""54c3aba8-cb42-5023-9591-5cdd68bdd7c5"",""b9ac296e-4c6c-5cdc-9e03-14868c124af2"",""022ddff9-4332-5ba5-b884-42537f220a0c"",""0d262496-18e1-5973-84a6-84fbda64d0ff"",""447860c8-1d56-518b-88ad-7e103990b756"",""616ecfda-7163-5a8d-ba60-01f623d8b124"",""656bacfc-b102-5379-8db2-2f9f127621e0"",""88f2e658-6155-5924-bc85-63fe2aabb08a"",""9f032fb3-90ca-5749-aff5-1065077ac10e"",""4d2e4005-a84b-525b-a492-d367c5e405d0"",""12b20e20-e117-5c00-83bc-e589b92b730e"",""e97a5398-37b9-5e89-91a9-9b3ae48d9534"",""7a8f92c5-5f85-593a-bf90-08e13c60a2e6"",""aa66f5e3-ac0e-57d6-9b69-aa54ea7c4fb9"",""d07b7490-853e-562b-b662-305e89e7718d"",""596c0800-372d-5056-8a35-9f8661656bf4"",""d08816e6-d4d6-5f35-9de3-d86528fa7a96"",""2e126757-f17e-5ee2-93db-94d31ed944b2"",""5e1af4e2-330f-563f-b639-2d3cd8d276c8"",""49cd1889-2a56-5913-8723-929335f68874"",""82b898ba-3b6d-567f-8996-4f259b74547e"",""d38eb7d2-e78b-5c2f-93e4-2e34846e80e6"",""33effc64-dcfe-5ced-badf-c4df49f68dc1"",""a3a03b99-34c0-504b-b529-32b798db318a"",""8b3ec7b0-123f-5597-95f7-1fafc5810d01"",""035c5442-19b8-5a84-8a59-b352a9660279"",""d6d45010-72fa-5741-b733-88958a8795d2"",""ab8215e5-b753-5a6a-a4e7-ad9caf42eeac"",""1b20061c-b208-551a-b06c-81ffeff623fc"",""9b6d0913-2ae6-5dab-ab36-d05e1c51b208"",""a27c1fb2-edc1-57e6-9d74-adb5a13fed3b"",""4696448b-8c21-591b-80cc-7344ea0b95ec"",""c1d75a33-928c-5636-b99c-def1fb29e0f5"",""61eebfb6-2555-5bce-ba71-7a750427392a"",""aba074a1-d451-595d-bc12-e257adbe7383"",""1ca34094-ee4d-5962-a78a-174d361a9cd3"",""7edb0577-da07-5c6f-8391-bb90e9822165"",""d7c5d484-54dc-5d1e-a3ac-65d60267a12c"",""f416cc8b-3bc2-5c4c-a91c-c56faf748684""]",0,0,0,0,0,0,S,0,0,0,3,3,UF4,0,0,prespecified_B_E,False,explicit in unit columns; exact fractions retained,diagnoses_per_100_lines
M7-analysis-v5,E-P0R1,UF4:cell:E-P0R1,dbb63e68d4ed9e904fa985aa5b88d674205b6caab086a8d981ac8918a9c68fb5,"[""4afc763c-033e-501c-9c9c-453207d31e62"",""1fed9611-d0cc-51e5-86e7-4ba237c836a2"",""0e4d4039-5409-5be7-a300-ded85e9c22d7"",""1c4afc6f-6679-57b7-ab6b-cec3053e85a1"",""76216ff6-0dab-5f43-913f-741c2deb7596"",""fe7c5fea-171a-5d3e-b93c-b9d53dca7c67"",""784c942d-b222-5013-a2e4-de4aa477a143"",""2f2d84f4-6f41-5df7-a828-cc0a3d9cdddf"",""c68f6332-f200-5595-940d-e5bcad78f1fe"",""54c3aba8-cb42-5023-9591-5cdd68bdd7c5"",""b9ac296e-4c6c-5cdc-9e03-14868c124af2"",""022ddff9-4332-5ba5-b884-42537f220a0c"",""0d262496-18e1-5973-84a6-84fbda64d0ff"",""447860c8-1d56-518b-88ad-7e103990b756"",""616ecfda-7163-5a8d-ba60-01f623d8b124"",""656bacfc-b102-5379-8db2-2f9f127621e0"",""88f2e658-6155-5924-bc85-63fe2aabb08a"",""9f032fb3-90ca-5749-aff5-1065077ac10e"",""4d2e4005-a84b-525b-a492-d367c5e405d0"",""12b20e20-e117-5c00-83bc-e589b92b730e"",""e97a5398-37b9-5e89-91a9-9b3ae48d9534"",""7a8f92c5-5f85-593a-bf90-08e13c60a2e6"",""aa66f5e3-ac0e-57d6-9b69-aa54ea7c4fb9"",""d07b7490-853e-562b-b662-305e89e7718d"",""596c0800-372d-5056-8a35-9f8661656bf4"",""d08816e6-d4d6-5f35-9de3-d86528fa7a96"",""2e126757-f17e-5ee2-93db-94d31ed944b2"",""5e1af4e2-330f-563f-b639-2d3cd8d276c8"",""49cd1889-2a56-5913-8723-929335f68874"",""82b898ba-3b6d-567f-8996-4f259b74547e"",""d38eb7d2-e78b-5c2f-93e4-2e34846e80e6"",""33effc64-dcfe-5ced-badf-c4df49f68dc1"",""a3a03b99-34c0-504b-b529-32b798db318a"",""8b3ec7b0-123f-5597-95f7-1fafc5810d01"",""035c5442-19b8-5a84-8a59-b352a9660279"",""d6d45010-72fa-5741-b733-88958a8795d2"",""ab8215e5-b753-5a6a-a4e7-ad9caf42eeac"",""1b20061c-b208-551a-b06c-81ffeff623fc"",""9b6d0913-2ae6-5dab-ab36-d05e1c51b208"",""a27c1fb2-edc1-57e6-9d74-adb5a13fed3b"",""4696448b-8c21-591b-80cc-7344ea0b95ec"",""c1d75a33-928c-5636-b99c-def1fb29e0f5"",""61eebfb6-2555-5bce-ba71-7a750427392a"",""aba074a1-d451-595d-bc12-e257adbe7383"",""1ca34094-ee4d-5962-a78a-174d361a9cd3"",""7edb0577-da07-5c6f-8391-bb90e9822165"",""d7c5d484-54dc-5d1e-a3ac-65d60267a12c"",""f416cc8b-3bc2-5c4c-a91c-c56faf748684""]",0,0,0,0,0,0,outage_seconds,0,0,0,3,3,UF4,0,0,prespecified_B_E,False,explicit in unit columns; exact fractions retained,s
M7-analysis-v5,E-P0R1,UF4:cell:E-P0R1,dbb63e68d4ed9e904fa985aa5b88d674205b6caab086a8d981ac8918a9c68fb5,"[""4afc763c-033e-501c-9c9c-453207d31e62"",""1fed9611-d0cc-51e5-86e7-4ba237c836a2"",""0e4d4039-5409-5be7-a300-ded85e9c22d7"",""1c4afc6f-6679-57b7-ab6b-cec3053e85a1"",""76216ff6-0dab-5f43-913f-741c2deb7596"",""fe7c5fea-171a-5d3e-b93c-b9d53dca7c67"",""784c942d-b222-5013-a2e4-de4aa477a143"",""2f2d84f4-6f41-5df7-a828-cc0a3d9cdddf"",""c68f6332-f200-5595-940d-e5bcad78f1fe"",""54c3aba8-cb42-5023-9591-5cdd68bdd7c5"",""b9ac296e-4c6c-5cdc-9e03-14868c124af2"",""022ddff9-4332-5ba5-b884-42537f220a0c"",""0d262496-18e1-5973-84a6-84fbda64d0ff"",""447860c8-1d56-518b-88ad-7e103990b756"",""616ecfda-7163-5a8d-ba60-01f623d8b124"",""656bacfc-b102-5379-8db2-2f9f127621e0"",""88f2e658-6155-5924-bc85-63fe2aabb08a"",""9f032fb3-90ca-5749-aff5-1065077ac10e"",""4d2e4005-a84b-525b-a492-d367c5e405d0"",""12b20e20-e117-5c00-83bc-e589b92b730e"",""e97a5398-37b9-5e89-91a9-9b3ae48d9534"",""7a8f92c5-5f85-593a-bf90-08e13c60a2e6"",""aa66f5e3-ac0e-57d6-9b69-aa54ea7c4fb9"",""d07b7490-853e-562b-b662-305e89e7718d"",""596c0800-372d-5056-8a35-9f8661656bf4"",""d08816e6-d4d6-5f35-9de3-d86528fa7a96"",""2e126757-f17e-5ee2-93db-94d31ed944b2"",""5e1af4e2-330f-563f-b639-2d3cd8d276c8"",""49cd1889-2a56-5913-8723-929335f68874"",""82b898ba-3b6d-567f-8996-4f259b74547e"",""d38eb7d2-e78b-5c2f-93e4-2e34846e80e6"",""33effc64-dcfe-5ced-badf-c4df49f68dc1"",""a3a03b99-34c0-504b-b529-32b798db318a"",""8b3ec7b0-123f-5597-95f7-1fafc5810d01"",""035c5442-19b8-5a84-8a59-b352a9660279"",""d6d45010-72fa-5741-b733-88958a8795d2"",""ab8215e5-b753-5a6a-a4e7-ad9caf42eeac"",""1b20061c-b208-551a-b06c-81ffeff623fc"",""9b6d0913-2ae6-5dab-ab36-d05e1c51b208"",""a27c1fb2-edc1-57e6-9d74-adb5a13fed3b"",""4696448b-8c21-591b-80cc-7344ea0b95ec"",""c1d75a33-928c-5636-b99c-def1fb29e0f5"",""61eebfb6-2555-5bce-ba71-7a750427392a"",""aba074a1-d451-595d-bc12-e257adbe7383"",""1ca34094-ee4d-5962-a78a-174d361a9cd3"",""7edb0577-da07-5c6f-8391-bb90e9822165"",""d7c5d484-54dc-5d1e-a3ac-65d60267a12c"",""f416cc8b-3bc2-5c4c-a91c-c56faf748684""]",0,0,0,0,0,0,pause_seconds,0,0,0,3,3,UF4,0,0,prespecified_B_E,False,explicit in unit columns; exact fractions retained,s
M7-analysis-v5,E-P0R1,UF4:cell:E-P0R1,dbb63e68d4ed9e904fa985aa5b88d674205b6caab086a8d981ac8918a9c68fb5,"[""4afc763c-033e-501c-9c9c-453207d31e62"",""1fed9611-d0cc-51e5-86e7-4ba237c836a2"",""0e4d4039-5409-5be7-a300-ded85e9c22d7"",""1c4afc6f-6679-57b7-ab6b-cec3053e85a1"",""76216ff6-0dab-5f43-913f-741c2deb7596"",""fe7c5fea-171a-5d3e-b93c-b9d53dca7c67"",""784c942d-b222-5013-a2e4-de4aa477a143"",""2f2d84f4-6f41-5df7-a828-cc0a3d9cdddf"",""c68f6332-f200-5595-940d-e5bcad78f1fe"",""54c3aba8-cb42-5023-9591-5cdd68bdd7c5"",""b9ac296e-4c6c-5cdc-9e03-14868c124af2"",""022ddff9-4332-5ba5-b884-42537f220a0c"",""0d262496-18e1-5973-84a6-84fbda64d0ff"",""447860c8-1d56-518b-88ad-7e103990b756"",""616ecfda-7163-5a8d-ba60-01f623d8b124"",""656bacfc-b102-5379-8db2-2f9f127621e0"",""88f2e658-6155-5924-bc85-63fe2aabb08a"",""9f032fb3-90ca-5749-aff5-1065077ac10e"",""4d2e4005-a84b-525b-a492-d367c5e405d0"",""12b20e20-e117-5c00-83bc-e589b92b730e"",""e97a5398-37b9-5e89-91a9-9b3ae48d9534"",""7a8f92c5-5f85-593a-bf90-08e13c60a2e6"",""aa66f5e3-ac0e-57d6-9b69-aa54ea7c4fb9"",""d07b7490-853e-562b-b662-305e89e7718d"",""596c0800-372d-5056-8a35-9f8661656bf4"",""d08816e6-d4d6-5f35-9de3-d86528fa7a96"",""2e126757-f17e-5ee2-93db-94d31ed944b2"",""5e1af4e2-330f-563f-b639-2d3cd8d276c8"",""49cd1889-2a56-5913-8723-929335f68874"",""82b898ba-3b6d-567f-8996-4f259b74547e"",""d38eb7d2-e78b-5c2f-93e4-2e34846e80e6"",""33effc64-dcfe-5ced-badf-c4df49f68dc1"",""a3a03b99-34c0-504b-b529-32b798db318a"",""8b3ec7b0-123f-5597-95f7-1fafc5810d01"",""035c5442-19b8-5a84-8a59-b352a9660279"",""d6d45010-72fa-5741-b733-88958a8795d2"",""ab8215e5-b753-5a6a-a4e7-ad9caf42eeac"",""1b20061c-b208-551a-b06c-81ffeff623fc"",""9b6d0913-2ae6-5dab-ab36-d05e1c51b208"",""a27c1fb2-edc1-57e6-9d74-adb5a13fed3b"",""4696448b-8c21-591b-80cc-7344ea0b95ec"",""c1d75a33-928c-5636-b99c-def1fb29e0f5"",""61eebfb6-2555-5bce-ba71-7a750427392a"",""aba074a1-d451-595d-bc12-e257adbe7383"",""1ca34094-ee4d-5962-a78a-174d361a9cd3"",""7edb0577-da07-5c6f-8391-bb90e9822165"",""d7c5d484-54dc-5d1e-a3ac-65d60267a12c"",""f416cc8b-3bc2-5c4c-a91c-c56faf748684""]",0,0,0,0,0,0,tokens.cache_read,0,0,0,3,3,UF4,0,0,prespecified_B_E,False,explicit in unit columns; exact fractions retained,tokens
M7-analysis-v5,E-P0R1,UF4:cell:E-P0R1,dbb63e68d4ed9e904fa985aa5b88d674205b6caab086a8d981ac8918a9c68fb5,"[""4afc763c-033e-501c-9c9c-453207d31e62"",""1fed9611-d0cc-51e5-86e7-4ba237c836a2"",""0e4d4039-5409-5be7-a300-ded85e9c22d7"",""1c4afc6f-6679-57b7-ab6b-cec3053e85a1"",""76216ff6-0dab-5f43-913f-741c2deb7596"",""fe7c5fea-171a-5d3e-b93c-b9d53dca7c67"",""784c942d-b222-5013-a2e4-de4aa477a143"",""2f2d84f4-6f41-5df7-a828-cc0a3d9cdddf"",""c68f6332-f200-5595-940d-e5bcad78f1fe"",""54c3aba8-cb42-5023-9591-5cdd68bdd7c5"",""b9ac296e-4c6c-5cdc-9e03-14868c124af2"",""022ddff9-4332-5ba5-b884-42537f220a0c"",""0d262496-18e1-5973-84a6-84fbda64d0ff"",""447860c8-1d56-518b-88ad-7e103990b756"",""616ecfda-7163-5a8d-ba60-01f623d8b124"",""656bacfc-b102-5379-8db2-2f9f127621e0"",""88f2e658-6155-5924-bc85-63fe2aabb08a"",""9f032fb3-90ca-5749-aff5-1065077ac10e"",""4d2e4005-a84b-525b-a492-d367c5e405d0"",""12b20e20-e117-5c00-83bc-e589b92b730e"",""e97a5398-37b9-5e89-91a9-9b3ae48d9534"",""7a8f92c5-5f85-593a-bf90-08e13c60a2e6"",""aa66f5e3-ac0e-57d6-9b69-aa54ea7c4fb9"",""d07b7490-853e-562b-b662-305e89e7718d"",""596c0800-372d-5056-8a35-9f8661656bf4"",""d08816e6-d4d6-5f35-9de3-d86528fa7a96"",""2e126757-f17e-5ee2-93db-94d31ed944b2"",""5e1af4e2-330f-563f-b639-2d3cd8d276c8"",""49cd1889-2a56-5913-8723-929335f68874"",""82b898ba-3b6d-567f-8996-4f259b74547e"",""d38eb7d2-e78b-5c2f-93e4-2e34846e80e6"",""33effc64-dcfe-5ced-badf-c4df49f68dc1"",""a3a03b99-34c0-504b-b529-32b798db318a"",""8b3ec7b0-123f-5597-95f7-1fafc5810d01"",""035c5442-19b8-5a84-8a59-b352a9660279"",""d6d45010-72fa-5741-b733-88958a8795d2"",""ab8215e5-b753-5a6a-a4e7-ad9caf42eeac"",""1b20061c-b208-551a-b06c-81ffeff623fc"",""9b6d0913-2ae6-5dab-ab36-d05e1c51b208"",""a27c1fb2-edc1-57e6-9d74-adb5a13fed3b"",""4696448b-8c21-591b-80cc-7344ea0b95ec"",""c1d75a33-928c-5636-b99c-def1fb29e0f5"",""61eebfb6-2555-5bce-ba71-7a750427392a"",""aba074a1-d451-595d-bc12-e257adbe7383"",""1ca34094-ee4d-5962-a78a-174d361a9cd3"",""7edb0577-da07-5c6f-8391-bb90e9822165"",""d7c5d484-54dc-5d1e-a3ac-65d60267a12c"",""f416cc8b-3bc2-5c4c-a91c-c56faf748684""]",0.09552775,0.095527750,0.09495441666666666666666666666666666666667,0.09495441666666666666666666666666666666667,0.09472825,0.094728250,cost,0.09460725,0.094607250,0,3,3,UF4,0.0005001935458733282509379755185034922793921,0.0005001935458733282509379755185034922793921,prespecified_B_E,False,explicit in unit columns; exact fractions retained,USD
M7-analysis-v5,E-P0R1,UF4:cell:E-P0R1,dbb63e68d4ed9e904fa985aa5b88d674205b6caab086a8d981ac8918a9c68fb5,"[""4afc763c-033e-501c-9c9c-453207d31e62"",""1fed9611-d0cc-51e5-86e7-4ba237c836a2"",""0e4d4039-5409-5be7-a300-ded85e9c22d7"",""1c4afc6f-6679-57b7-ab6b-cec3053e85a1"",""76216ff6-0dab-5f43-913f-741c2deb7596"",""fe7c5fea-171a-5d3e-b93c-b9d53dca7c67"",""784c942d-b222-5013-a2e4-de4aa477a143"",""2f2d84f4-6f41-5df7-a828-cc0a3d9cdddf"",""c68f6332-f200-5595-940d-e5bcad78f1fe"",""54c3aba8-cb42-5023-9591-5cdd68bdd7c5"",""b9ac296e-4c6c-5cdc-9e03-14868c124af2"",""022ddff9-4332-5ba5-b884-42537f220a0c"",""0d262496-18e1-5973-84a6-84fbda64d0ff"",""447860c8-1d56-518b-88ad-7e103990b756"",""616ecfda-7163-5a8d-ba60-01f623d8b124"",""656bacfc-b102-5379-8db2-2f9f127621e0"",""88f2e658-6155-5924-bc85-63fe2aabb08a"",""9f032fb3-90ca-5749-aff5-1065077ac10e"",""4d2e4005-a84b-525b-a492-d367c5e405d0"",""12b20e20-e117-5c00-83bc-e589b92b730e"",""e97a5398-37b9-5e89-91a9-9b3ae48d9534"",""7a8f92c5-5f85-593a-bf90-08e13c60a2e6"",""aa66f5e3-ac0e-57d6-9b69-aa54ea7c4fb9"",""d07b7490-853e-562b-b662-305e89e7718d"",""596c0800-372d-5056-8a35-9f8661656bf4"",""d08816e6-d4d6-5f35-9de3-d86528fa7a96"",""2e126757-f17e-5ee2-93db-94d31ed944b2"",""5e1af4e2-330f-563f-b639-2d3cd8d276c8"",""49cd1889-2a56-5913-8723-929335f68874"",""82b898ba-3b6d-567f-8996-4f259b74547e"",""d38eb7d2-e78b-5c2f-93e4-2e34846e80e6"",""33effc64-dcfe-5ced-badf-c4df49f68dc1"",""a3a03b99-34c0-504b-b529-32b798db318a"",""8b3ec7b0-123f-5597-95f7-1fafc5810d01"",""035c5442-19b8-5a84-8a59-b352a9660279"",""d6d45010-72fa-5741-b733-88958a8795d2"",""ab8215e5-b753-5a6a-a4e7-ad9caf42eeac"",""1b20061c-b208-551a-b06c-81ffeff623fc"",""9b6d0913-2ae6-5dab-ab36-d05e1c51b208"",""a27c1fb2-edc1-57e6-9d74-adb5a13fed3b"",""4696448b-8c21-591b-80cc-7344ea0b95ec"",""c1d75a33-928c-5636-b99c-def1fb29e0f5"",""61eebfb6-2555-5bce-ba71-7a750427392a"",""aba074a1-d451-595d-bc12-e257adbe7383"",""1ca34094-ee4d-5962-a78a-174d361a9cd3"",""7edb0577-da07-5c6f-8391-bb90e9822165"",""d7c5d484-54dc-5d1e-a3ac-65d60267a12c"",""f416cc8b-3bc2-5c4c-a91c-c56faf748684""]",1,1,1,1,1,1,F,1,1,0,3,3,UF4,0,0,prespecified_B_E,False,explicit in unit columns; exact fractions retained,ratio
M7-analysis-v5,E-P0R1,UF4:cell:E-P0R1,dbb63e68d4ed9e904fa985aa5b88d674205b6caab086a8d981ac8918a9c68fb5,"[""4afc763c-033e-501c-9c9c-453207d31e62"",""1fed9611-d0cc-51e5-86e7-4ba237c836a2"",""0e4d4039-5409-5be7-a300-ded85e9c22d7"",""1c4afc6f-6679-57b7-ab6b-cec3053e85a1"",""76216ff6-0dab-5f43-913f-741c2deb7596"",""fe7c5fea-171a-5d3e-b93c-b9d53dca7c67"",""784c942d-b222-5013-a2e4-de4aa477a143"",""2f2d84f4-6f41-5df7-a828-cc0a3d9cdddf"",""c68f6332-f200-5595-940d-e5bcad78f1fe"",""54c3aba8-cb42-5023-9591-5cdd68bdd7c5"",""b9ac296e-4c6c-5cdc-9e03-14868c124af2"",""022ddff9-4332-5ba5-b884-42537f220a0c"",""0d262496-18e1-5973-84a6-84fbda64d0ff"",""447860c8-1d56-518b-88ad-7e103990b756"",""616ecfda-7163-5a8d-ba60-01f623d8b124"",""656bacfc-b102-5379-8db2-2f9f127621e0"",""88f2e658-6155-5924-bc85-63fe2aabb08a"",""9f032fb3-90ca-5749-aff5-1065077ac10e"",""4d2e4005-a84b-525b-a492-d367c5e405d0"",""12b20e20-e117-5c00-83bc-e589b92b730e"",""e97a5398-37b9-5e89-91a9-9b3ae48d9534"",""7a8f92c5-5f85-593a-bf90-08e13c60a2e6"",""aa66f5e3-ac0e-57d6-9b69-aa54ea7c4fb9"",""d07b7490-853e-562b-b662-305e89e7718d"",""596c0800-372d-5056-8a35-9f8661656bf4"",""d08816e6-d4d6-5f35-9de3-d86528fa7a96"",""2e126757-f17e-5ee2-93db-94d31ed944b2"",""5e1af4e2-330f-563f-b639-2d3cd8d276c8"",""49cd1889-2a56-5913-8723-929335f68874"",""82b898ba-3b6d-567f-8996-4f259b74547e"",""d38eb7d2-e78b-5c2f-93e4-2e34846e80e6"",""33effc64-dcfe-5ced-badf-c4df49f68dc1"",""a3a03b99-34c0-504b-b529-32b798db318a"",""8b3ec7b0-123f-5597-95f7-1fafc5810d01"",""035c5442-19b8-5a84-8a59-b352a9660279"",""d6d45010-72fa-5741-b733-88958a8795d2"",""ab8215e5-b753-5a6a-a4e7-ad9caf42eeac"",""1b20061c-b208-551a-b06c-81ffeff623fc"",""9b6d0913-2ae6-5dab-ab36-d05e1c51b208"",""a27c1fb2-edc1-57e6-9d74-adb5a13fed3b"",""4696448b-8c21-591b-80cc-7344ea0b95ec"",""c1d75a33-928c-5636-b99c-def1fb29e0f5"",""61eebfb6-2555-5bce-ba71-7a750427392a"",""aba074a1-d451-595d-bc12-e257adbe7383"",""1ca34094-ee4d-5962-a78a-174d361a9cd3"",""7edb0577-da07-5c6f-8391-bb90e9822165"",""d7c5d484-54dc-5d1e-a3ac-65d60267a12c"",""f416cc8b-3bc2-5c4c-a91c-c56faf748684""]",1,1,1,1,1,1,R1,1,1,0,3,3,UF4,0,0,prespecified_B_E,False,explicit in unit columns; exact fractions retained,binary
M7-analysis-v5,E-P0R1,UF4:cell:E-P0R1,dbb63e68d4ed9e904fa985aa5b88d674205b6caab086a8d981ac8918a9c68fb5,"[""4afc763c-033e-501c-9c9c-453207d31e62"",""1fed9611-d0cc-51e5-86e7-4ba237c836a2"",""0e4d4039-5409-5be7-a300-ded85e9c22d7"",""1c4afc6f-6679-57b7-ab6b-cec3053e85a1"",""76216ff6-0dab-5f43-913f-741c2deb7596"",""fe7c5fea-171a-5d3e-b93c-b9d53dca7c67"",""784c942d-b222-5013-a2e4-de4aa477a143"",""2f2d84f4-6f41-5df7-a828-cc0a3d9cdddf"",""c68f6332-f200-5595-940d-e5bcad78f1fe"",""54c3aba8-cb42-5023-9591-5cdd68bdd7c5"",""b9ac296e-4c6c-5cdc-9e03-14868c124af2"",""022ddff9-4332-5ba5-b884-42537f220a0c"",""0d262496-18e1-5973-84a6-84fbda64d0ff"",""447860c8-1d56-518b-88ad-7e103990b756"",""616ecfda-7163-5a8d-ba60-01f623d8b124"",""656bacfc-b102-5379-8db2-2f9f127621e0"",""88f2e658-6155-5924-bc85-63fe2aabb08a"",""9f032fb3-90ca-5749-aff5-1065077ac10e"",""4d2e4005-a84b-525b-a492-d367c5e405d0"",""12b20e20-e117-5c00-83bc-e589b92b730e"",""e97a5398-37b9-5e89-91a9-9b3ae48d9534"",""7a8f92c5-5f85-593a-bf90-08e13c60a2e6"",""aa66f5e3-ac0e-57d6-9b69-aa54ea7c4fb9"",""d07b7490-853e-562b-b662-305e89e7718d"",""596c0800-372d-5056-8a35-9f8661656bf4"",""d08816e6-d4d6-5f35-9de3-d86528fa7a96"",""2e126757-f17e-5ee2-93db-94d31ed944b2"",""5e1af4e2-330f-563f-b639-2d3cd8d276c8"",""49cd1889-2a56-5913-8723-929335f68874"",""82b898ba-3b6d-567f-8996-4f259b74547e"",""d38eb7d2-e78b-5c2f-93e4-2e34846e80e6"",""33effc64-dcfe-5ced-badf-c4df49f68dc1"",""a3a03b99-34c0-504b-b529-32b798db318a"",""8b3ec7b0-123f-5597-95f7-1fafc5810d01"",""035c5442-19b8-5a84-8a59-b352a9660279"",""d6d45010-72fa-5741-b733-88958a8795d2"",""ab8215e5-b753-5a6a-a4e7-ad9caf42eeac"",""1b20061c-b208-551a-b06c-81ffeff623fc"",""9b6d0913-2ae6-5dab-ab36-d05e1c51b208"",""a27c1fb2-edc1-57e6-9d74-adb5a13fed3b"",""4696448b-8c21-591b-80cc-7344ea0b95ec"",""c1d75a33-928c-5636-b99c-def1fb29e0f5"",""61eebfb6-2555-5bce-ba71-7a750427392a"",""aba074a1-d451-595d-bc12-e257adbe7383"",""1ca34094-ee4d-5962-a78a-174d361a9cd3"",""7edb0577-da07-5c6f-8391-bb90e9822165"",""d7c5d484-54dc-5d1e-a3ac-65d60267a12c"",""f416cc8b-3bc2-5c4c-a91c-c56faf748684""]",1,1,1,1,1,1,R2,1,1,0,3,3,UF4,0,0,prespecified_B_E,False,explicit in unit columns; exact fractions retained,binary
M7-analysis-v5,E-P0R1,UF4:cell:E-P0R1,dbb63e68d4ed9e904fa985aa5b88d674205b6caab086a8d981ac8918a9c68fb5,"[""4afc763c-033e-501c-9c9c-453207d31e62"",""1fed9611-d0cc-51e5-86e7-4ba237c836a2"",""0e4d4039-5409-5be7-a300-ded85e9c22d7"",""1c4afc6f-6679-57b7-ab6b-cec3053e85a1"",""76216ff6-0dab-5f43-913f-741c2deb7596"",""fe7c5fea-171a-5d3e-b93c-b9d53dca7c67"",""784c942d-b222-5013-a2e4-de4aa477a143"",""2f2d84f4-6f41-5df7-a828-cc0a3d9cdddf"",""c68f6332-f200-5595-940d-e5bcad78f1fe"",""54c3aba8-cb42-5023-9591-5cdd68bdd7c5"",""b9ac296e-4c6c-5cdc-9e03-14868c124af2"",""022ddff9-4332-5ba5-b884-42537f220a0c"",""0d262496-18e1-5973-84a6-84fbda64d0ff"",""447860c8-1d56-518b-88ad-7e103990b756"",""616ecfda-7163-5a8d-ba60-01f623d8b124"",""656bacfc-b102-5379-8db2-2f9f127621e0"",""88f2e658-6155-5924-bc85-63fe2aabb08a"",""9f032fb3-90ca-5749-aff5-1065077ac10e"",""4d2e4005-a84b-525b-a492-d367c5e405d0"",""12b20e20-e117-5c00-83bc-e589b92b730e"",""e97a5398-37b9-5e89-91a9-9b3ae48d9534"",""7a8f92c5-5f85-593a-bf90-08e13c60a2e6"",""aa66f5e3-ac0e-57d6-9b69-aa54ea7c4fb9"",""d07b7490-853e-562b-b662-305e89e7718d"",""596c0800-372d-5056-8a35-9f8661656bf4"",""d08816e6-d4d6-5f35-9de3-d86528fa7a96"",""2e126757-f17e-5ee2-93db-94d31ed944b2"",""5e1af4e2-330f-563f-b639-2d3cd8d276c8"",""49cd1889-2a56-5913-8723-929335f68874"",""82b898ba-3b6d-567f-8996-4f259b74547e"",""d38eb7d2-e78b-5c2f-93e4-2e34846e80e6"",""33effc64-dcfe-5ced-badf-c4df49f68dc1"",""a3a03b99-34c0-504b-b529-32b798db318a"",""8b3ec7b0-123f-5597-95f7-1fafc5810d01"",""035c5442-19b8-5a84-8a59-b352a9660279"",""d6d45010-72fa-5741-b733-88958a8795d2"",""ab8215e5-b753-5a6a-a4e7-ad9caf42eeac"",""1b20061c-b208-551a-b06c-81ffeff623fc"",""9b6d0913-2ae6-5dab-ab36-d05e1c51b208"",""a27c1fb2-edc1-57e6-9d74-adb5a13fed3b"",""4696448b-8c21-591b-80cc-7344ea0b95ec"",""c1d75a33-928c-5636-b99c-def1fb29e0f5"",""61eebfb6-2555-5bce-ba71-7a750427392a"",""aba074a1-d451-595d-bc12-e257adbe7383"",""1ca34094-ee4d-5962-a78a-174d361a9cd3"",""7edb0577-da07-5c6f-8391-bb90e9822165"",""d7c5d484-54dc-5d1e-a3ac-65d60267a12c"",""f416cc8b-3bc2-5c4c-a91c-c56faf748684""]",1,1,1,1,1,1,R3,1,1,0,3,3,UF4,0,0,prespecified_B_E,False,explicit in unit columns; exact fractions retained,binary
M7-analysis-v5,E-P0R1,UF4:cell:E-P0R1,dbb63e68d4ed9e904fa985aa5b88d674205b6caab086a8d981ac8918a9c68fb5,"[""4afc763c-033e-501c-9c9c-453207d31e62"",""1fed9611-d0cc-51e5-86e7-4ba237c836a2"",""0e4d4039-5409-5be7-a300-ded85e9c22d7"",""1c4afc6f-6679-57b7-ab6b-cec3053e85a1"",""76216ff6-0dab-5f43-913f-741c2deb7596"",""fe7c5fea-171a-5d3e-b93c-b9d53dca7c67"",""784c942d-b222-5013-a2e4-de4aa477a143"",""2f2d84f4-6f41-5df7-a828-cc0a3d9cdddf"",""c68f6332-f200-5595-940d-e5bcad78f1fe"",""54c3aba8-cb42-5023-9591-5cdd68bdd7c5"",""b9ac296e-4c6c-5cdc-9e03-14868c124af2"",""022ddff9-4332-5ba5-b884-42537f220a0c"",""0d262496-18e1-5973-84a6-84fbda64d0ff"",""447860c8-1d56-518b-88ad-7e103990b756"",""616ecfda-7163-5a8d-ba60-01f623d8b124"",""656bacfc-b102-5379-8db2-2f9f127621e0"",""88f2e658-6155-5924-bc85-63fe2aabb08a"",""9f032fb3-90ca-5749-aff5-1065077ac10e"",""4d2e4005-a84b-525b-a492-d367c5e405d0"",""12b20e20-e117-5c00-83bc-e589b92b730e"",""e97a5398-37b9-5e89-91a9-9b3ae48d9534"",""7a8f92c5-5f85-593a-bf90-08e13c60a2e6"",""aa66f5e3-ac0e-57d6-9b69-aa54ea7c4fb9"",""d07b7490-853e-562b-b662-305e89e7718d"",""596c0800-372d-5056-8a35-9f8661656bf4"",""d08816e6-d4d6-5f35-9de3-d86528fa7a96"",""2e126757-f17e-5ee2-93db-94d31ed944b2"",""5e1af4e2-330f-563f-b639-2d3cd8d276c8"",""49cd1889-2a56-5913-8723-929335f68874"",""82b898ba-3b6d-567f-8996-4f259b74547e"",""d38eb7d2-e78b-5c2f-93e4-2e34846e80e6"",""33effc64-dcfe-5ced-badf-c4df49f68dc1"",""a3a03b99-34c0-504b-b529-32b798db318a"",""8b3ec7b0-123f-5597-95f7-1fafc5810d01"",""035c5442-19b8-5a84-8a59-b352a9660279"",""d6d45010-72fa-5741-b733-88958a8795d2"",""ab8215e5-b753-5a6a-a4e7-ad9caf42eeac"",""1b20061c-b208-551a-b06c-81ffeff623fc"",""9b6d0913-2ae6-5dab-ab36-d05e1c51b208"",""a27c1fb2-edc1-57e6-9d74-adb5a13fed3b"",""4696448b-8c21-591b-80cc-7344ea0b95ec"",""c1d75a33-928c-5636-b99c-def1fb29e0f5"",""61eebfb6-2555-5bce-ba71-7a750427392a"",""aba074a1-d451-595d-bc12-e257adbe7383"",""1ca34094-ee4d-5962-a78a-174d361a9cd3"",""7edb0577-da07-5c6f-8391-bb90e9822165"",""d7c5d484-54dc-5d1e-a3ac-65d60267a12c"",""f416cc8b-3bc2-5c4c-a91c-c56faf748684""]",1,1,1,1,1,1,R4,1,1,0,3,3,UF4,0,0,prespecified_B_E,False,explicit in unit columns; exact fractions retained,binary
M7-analysis-v5,E-P0R1,UF4:cell:E-P0R1,dbb63e68d4ed9e904fa985aa5b88d674205b6caab086a8d981ac8918a9c68fb5,"[""4afc763c-033e-501c-9c9c-453207d31e62"",""1fed9611-d0cc-51e5-86e7-4ba237c836a2"",""0e4d4039-5409-5be7-a300-ded85e9c22d7"",""1c4afc6f-6679-57b7-ab6b-cec3053e85a1"",""76216ff6-0dab-5f43-913f-741c2deb7596"",""fe7c5fea-171a-5d3e-b93c-b9d53dca7c67"",""784c942d-b222-5013-a2e4-de4aa477a143"",""2f2d84f4-6f41-5df7-a828-cc0a3d9cdddf"",""c68f6332-f200-5595-940d-e5bcad78f1fe"",""54c3aba8-cb42-5023-9591-5cdd68bdd7c5"",""b9ac296e-4c6c-5cdc-9e03-14868c124af2"",""022ddff9-4332-5ba5-b884-42537f220a0c"",""0d262496-18e1-5973-84a6-84fbda64d0ff"",""447860c8-1d56-518b-88ad-7e103990b756"",""616ecfda-7163-5a8d-ba60-01f623d8b124"",""656bacfc-b102-5379-8db2-2f9f127621e0"",""88f2e658-6155-5924-bc85-63fe2aabb08a"",""9f032fb3-90ca-5749-aff5-1065077ac10e"",""4d2e4005-a84b-525b-a492-d367c5e405d0"",""12b20e20-e117-5c00-83bc-e589b92b730e"",""e97a5398-37b9-5e89-91a9-9b3ae48d9534"",""7a8f92c5-5f85-593a-bf90-08e13c60a2e6"",""aa66f5e3-ac0e-57d6-9b69-aa54ea7c4fb9"",""d07b7490-853e-562b-b662-305e89e7718d"",""596c0800-372d-5056-8a35-9f8661656bf4"",""d08816e6-d4d6-5f35-9de3-d86528fa7a96"",""2e126757-f17e-5ee2-93db-94d31ed944b2"",""5e1af4e2-330f-563f-b639-2d3cd8d276c8"",""49cd1889-2a56-5913-8723-929335f68874"",""82b898ba-3b6d-567f-8996-4f259b74547e"",""d38eb7d2-e78b-5c2f-93e4-2e34846e80e6"",""33effc64-dcfe-5ced-badf-c4df49f68dc1"",""a3a03b99-34c0-504b-b529-32b798db318a"",""8b3ec7b0-123f-5597-95f7-1fafc5810d01"",""035c5442-19b8-5a84-8a59-b352a9660279"",""d6d45010-72fa-5741-b733-88958a8795d2"",""ab8215e5-b753-5a6a-a4e7-ad9caf42eeac"",""1b20061c-b208-551a-b06c-81ffeff623fc"",""9b6d0913-2ae6-5dab-ab36-d05e1c51b208"",""a27c1fb2-edc1-57e6-9d74-adb5a13fed3b"",""4696448b-8c21-591b-80cc-7344ea0b95ec"",""c1d75a33-928c-5636-b99c-def1fb29e0f5"",""61eebfb6-2555-5bce-ba71-7a750427392a"",""aba074a1-d451-595d-bc12-e257adbe7383"",""1ca34094-ee4d-5962-a78a-174d361a9cd3"",""7edb0577-da07-5c6f-8391-bb90e9822165"",""d7c5d484-54dc-5d1e-a3ac-65d60267a12c"",""f416cc8b-3bc2-5c4c-a91c-c56faf748684""]",1,1,1,1,1,1,R5,1,1,0,3,3,UF4,0,0,prespecified_B_E,False,explicit in unit columns; exact fractions retained,binary
M7-analysis-v5,E-P0R1,UF4:cell:E-P0R1,dbb63e68d4ed9e904fa985aa5b88d674205b6caab086a8d981ac8918a9c68fb5,"[""4afc763c-033e-501c-9c9c-453207d31e62"",""1fed9611-d0cc-51e5-86e7-4ba237c836a2"",""0e4d4039-5409-5be7-a300-ded85e9c22d7"",""1c4afc6f-6679-57b7-ab6b-cec3053e85a1"",""76216ff6-0dab-5f43-913f-741c2deb7596"",""fe7c5fea-171a-5d3e-b93c-b9d53dca7c67"",""784c942d-b222-5013-a2e4-de4aa477a143"",""2f2d84f4-6f41-5df7-a828-cc0a3d9cdddf"",""c68f6332-f200-5595-940d-e5bcad78f1fe"",""54c3aba8-cb42-5023-9591-5cdd68bdd7c5"",""b9ac296e-4c6c-5cdc-9e03-14868c124af2"",""022ddff9-4332-5ba5-b884-42537f220a0c"",""0d262496-18e1-5973-84a6-84fbda64d0ff"",""447860c8-1d56-518b-88ad-7e103990b756"",""616ecfda-7163-5a8d-ba60-01f623d8b124"",""656bacfc-b102-5379-8db2-2f9f127621e0"",""88f2e658-6155-5924-bc85-63fe2aabb08a"",""9f032fb3-90ca-5749-aff5-1065077ac10e"",""4d2e4005-a84b-525b-a492-d367c5e405d0"",""12b20e20-e117-5c00-83bc-e589b92b730e"",""e97a5398-37b9-5e89-91a9-9b3ae48d9534"",""7a8f92c5-5f85-593a-bf90-08e13c60a2e6"",""aa66f5e3-ac0e-57d6-9b69-aa54ea7c4fb9"",""d07b7490-853e-562b-b662-305e89e7718d"",""596c0800-372d-5056-8a35-9f8661656bf4"",""d08816e6-d4d6-5f35-9de3-d86528fa7a96"",""2e126757-f17e-5ee2-93db-94d31ed944b2"",""5e1af4e2-330f-563f-b639-2d3cd8d276c8"",""49cd1889-2a56-5913-8723-929335f68874"",""82b898ba-3b6d-567f-8996-4f259b74547e"",""d38eb7d2-e78b-5c2f-93e4-2e34846e80e6"",""33effc64-dcfe-5ced-badf-c4df49f68dc1"",""a3a03b99-34c0-504b-b529-32b798db318a"",""8b3ec7b0-123f-5597-95f7-1fafc5810d01"",""035c5442-19b8-5a84-8a59-b352a9660279"",""d6d45010-72fa-5741-b733-88958a8795d2"",""ab8215e5-b753-5a6a-a4e7-ad9caf42eeac"",""1b20061c-b208-551a-b06c-81ffeff623fc"",""9b6d0913-2ae6-5dab-ab36-d05e1c51b208"",""a27c1fb2-edc1-57e6-9d74-adb5a13fed3b"",""4696448b-8c21-591b-80cc-7344ea0b95ec"",""c1d75a33-928c-5636-b99c-def1fb29e0f5"",""61eebfb6-2555-5bce-ba71-7a750427392a"",""aba074a1-d451-595d-bc12-e257adbe7383"",""1ca34094-ee4d-5962-a78a-174d361a9cd3"",""7edb0577-da07-5c6f-8391-bb90e9822165"",""d7c5d484-54dc-5d1e-a3ac-65d60267a12c"",""f416cc8b-3bc2-5c4c-a91c-c56faf748684""]",1,1,1,1,1,1,R6,1,1,0,3,3,UF4,0,0,prespecified_B_E,False,explicit in unit columns; exact fractions retained,binary
M7-analysis-v5,E-P0R1,UF4:cell:E-P0R1,dbb63e68d4ed9e904fa985aa5b88d674205b6caab086a8d981ac8918a9c68fb5,"[""4afc763c-033e-501c-9c9c-453207d31e62"",""1fed9611-d0cc-51e5-86e7-4ba237c836a2"",""0e4d4039-5409-5be7-a300-ded85e9c22d7"",""1c4afc6f-6679-57b7-ab6b-cec3053e85a1"",""76216ff6-0dab-5f43-913f-741c2deb7596"",""fe7c5fea-171a-5d3e-b93c-b9d53dca7c67"",""784c942d-b222-5013-a2e4-de4aa477a143"",""2f2d84f4-6f41-5df7-a828-cc0a3d9cdddf"",""c68f6332-f200-5595-940d-e5bcad78f1fe"",""54c3aba8-cb42-5023-9591-5cdd68bdd7c5"",""b9ac296e-4c6c-5cdc-9e03-14868c124af2"",""022ddff9-4332-5ba5-b884-42537f220a0c"",""0d262496-18e1-5973-84a6-84fbda64d0ff"",""447860c8-1d56-518b-88ad-7e103990b756"",""616ecfda-7163-5a8d-ba60-01f623d8b124"",""656bacfc-b102-5379-8db2-2f9f127621e0"",""88f2e658-6155-5924-bc85-63fe2aabb08a"",""9f032fb3-90ca-5749-aff5-1065077ac10e"",""4d2e4005-a84b-525b-a492-d367c5e405d0"",""12b20e20-e117-5c00-83bc-e589b92b730e"",""e97a5398-37b9-5e89-91a9-9b3ae48d9534"",""7a8f92c5-5f85-593a-bf90-08e13c60a2e6"",""aa66f5e3-ac0e-57d6-9b69-aa54ea7c4fb9"",""d07b7490-853e-562b-b662-305e89e7718d"",""596c0800-372d-5056-8a35-9f8661656bf4"",""d08816e6-d4d6-5f35-9de3-d86528fa7a96"",""2e126757-f17e-5ee2-93db-94d31ed944b2"",""5e1af4e2-330f-563f-b639-2d3cd8d276c8"",""49cd1889-2a56-5913-8723-929335f68874"",""82b898ba-3b6d-567f-8996-4f259b74547e"",""d38eb7d2-e78b-5c2f-93e4-2e34846e80e6"",""33effc64-dcfe-5ced-badf-c4df49f68dc1"",""a3a03b99-34c0-504b-b529-32b798db318a"",""8b3ec7b0-123f-5597-95f7-1fafc5810d01"",""035c5442-19b8-5a84-8a59-b352a9660279"",""d6d45010-72fa-5741-b733-88958a8795d2"",""ab8215e5-b753-5a6a-a4e7-ad9caf42eeac"",""1b20061c-b208-551a-b06c-81ffeff623fc"",""9b6d0913-2ae6-5dab-ab36-d05e1c51b208"",""a27c1fb2-edc1-57e6-9d74-adb5a13fed3b"",""4696448b-8c21-591b-80cc-7344ea0b95ec"",""c1d75a33-928c-5636-b99c-def1fb29e0f5"",""61eebfb6-2555-5bce-ba71-7a750427392a"",""aba074a1-d451-595d-bc12-e257adbe7383"",""1ca34094-ee4d-5962-a78a-174d361a9cd3"",""7edb0577-da07-5c6f-8391-bb90e9822165"",""d7c5d484-54dc-5d1e-a3ac-65d60267a12c"",""f416cc8b-3bc2-5c4c-a91c-c56faf748684""]",1,1,1,1,1,1,T,1,1,0,3,3,UF4,0,0,prespecified_B_E,False,explicit in unit columns; exact fractions retained,binary
M7-analysis-v5,E-P0R1,UF4:cell:E-P0R1,dbb63e68d4ed9e904fa985aa5b88d674205b6caab086a8d981ac8918a9c68fb5,"[""4afc763c-033e-501c-9c9c-453207d31e62"",""1fed9611-d0cc-51e5-86e7-4ba237c836a2"",""0e4d4039-5409-5be7-a300-ded85e9c22d7"",""1c4afc6f-6679-57b7-ab6b-cec3053e85a1"",""76216ff6-0dab-5f43-913f-741c2deb7596"",""fe7c5fea-171a-5d3e-b93c-b9d53dca7c67"",""784c942d-b222-5013-a2e4-de4aa477a143"",""2f2d84f4-6f41-5df7-a828-cc0a3d9cdddf"",""c68f6332-f200-5595-940d-e5bcad78f1fe"",""54c3aba8-cb42-5023-9591-5cdd68bdd7c5"",""b9ac296e-4c6c-5cdc-9e03-14868c124af2"",""022ddff9-4332-5ba5-b884-42537f220a0c"",""0d262496-18e1-5973-84a6-84fbda64d0ff"",""447860c8-1d56-518b-88ad-7e103990b756"",""616ecfda-7163-5a8d-ba60-01f623d8b124"",""656bacfc-b102-5379-8db2-2f9f127621e0"",""88f2e658-6155-5924-bc85-63fe2aabb08a"",""9f032fb3-90ca-5749-aff5-1065077ac10e"",""4d2e4005-a84b-525b-a492-d367c5e405d0"",""12b20e20-e117-5c00-83bc-e589b92b730e"",""e97a5398-37b9-5e89-91a9-9b3ae48d9534"",""7a8f92c5-5f85-593a-bf90-08e13c60a2e6"",""aa66f5e3-ac0e-57d6-9b69-aa54ea7c4fb9"",""d07b7490-853e-562b-b662-305e89e7718d"",""596c0800-372d-5056-8a35-9f8661656bf4"",""d08816e6-d4d6-5f35-9de3-d86528fa7a96"",""2e126757-f17e-5ee2-93db-94d31ed944b2"",""5e1af4e2-330f-563f-b639-2d3cd8d276c8"",""49cd1889-2a56-5913-8723-929335f68874"",""82b898ba-3b6d-567f-8996-4f259b74547e"",""d38eb7d2-e78b-5c2f-93e4-2e34846e80e6"",""33effc64-dcfe-5ced-badf-c4df49f68dc1"",""a3a03b99-34c0-504b-b529-32b798db318a"",""8b3ec7b0-123f-5597-95f7-1fafc5810d01"",""035c5442-19b8-5a84-8a59-b352a9660279"",""d6d45010-72fa-5741-b733-88958a8795d2"",""ab8215e5-b753-5a6a-a4e7-ad9caf42eeac"",""1b20061c-b208-551a-b06c-81ffeff623fc"",""9b6d0913-2ae6-5dab-ab36-d05e1c51b208"",""a27c1fb2-edc1-57e6-9d74-adb5a13fed3b"",""4696448b-8c21-591b-80cc-7344ea0b95ec"",""c1d75a33-928c-5636-b99c-def1fb29e0f5"",""61eebfb6-2555-5bce-ba71-7a750427392a"",""aba074a1-d451-595d-bc12-e257adbe7383"",""1ca34094-ee4d-5962-a78a-174d361a9cd3"",""7edb0577-da07-5c6f-8391-bb90e9822165"",""d7c5d484-54dc-5d1e-a3ac-65d60267a12c"",""f416cc8b-3bc2-5c4c-a91c-c56faf748684""]",1,1,1,1,1,1,T1,1,1,0,3,3,UF4,0,0,prespecified_B_E,False,explicit in unit columns; exact fractions retained,binary
M7-analysis-v5,E-P0R1,UF4:cell:E-P0R1,dbb63e68d4ed9e904fa985aa5b88d674205b6caab086a8d981ac8918a9c68fb5,"[""4afc763c-033e-501c-9c9c-453207d31e62"",""1fed9611-d0cc-51e5-86e7-4ba237c836a2"",""0e4d4039-5409-5be7-a300-ded85e9c22d7"",""1c4afc6f-6679-57b7-ab6b-cec3053e85a1"",""76216ff6-0dab-5f43-913f-741c2deb7596"",""fe7c5fea-171a-5d3e-b93c-b9d53dca7c67"",""784c942d-b222-5013-a2e4-de4aa477a143"",""2f2d84f4-6f41-5df7-a828-cc0a3d9cdddf"",""c68f6332-f200-5595-940d-e5bcad78f1fe"",""54c3aba8-cb42-5023-9591-5cdd68bdd7c5"",""b9ac296e-4c6c-5cdc-9e03-14868c124af2"",""022ddff9-4332-5ba5-b884-42537f220a0c"",""0d262496-18e1-5973-84a6-84fbda64d0ff"",""447860c8-1d56-518b-88ad-7e103990b756"",""616ecfda-7163-5a8d-ba60-01f623d8b124"",""656bacfc-b102-5379-8db2-2f9f127621e0"",""88f2e658-6155-5924-bc85-63fe2aabb08a"",""9f032fb3-90ca-5749-aff5-1065077ac10e"",""4d2e4005-a84b-525b-a492-d367c5e405d0"",""12b20e20-e117-5c00-83bc-e589b92b730e"",""e97a5398-37b9-5e89-91a9-9b3ae48d9534"",""7a8f92c5-5f85-593a-bf90-08e13c60a2e6"",""aa66f5e3-ac0e-57d6-9b69-aa54ea7c4fb9"",""d07b7490-853e-562b-b662-305e89e7718d"",""596c0800-372d-5056-8a35-9f8661656bf4"",""d08816e6-d4d6-5f35-9de3-d86528fa7a96"",""2e126757-f17e-5ee2-93db-94d31ed944b2"",""5e1af4e2-330f-563f-b639-2d3cd8d276c8"",""49cd1889-2a56-5913-8723-929335f68874"",""82b898ba-3b6d-567f-8996-4f259b74547e"",""d38eb7d2-e78b-5c2f-93e4-2e34846e80e6"",""33effc64-dcfe-5ced-badf-c4df49f68dc1"",""a3a03b99-34c0-504b-b529-32b798db318a"",""8b3ec7b0-123f-5597-95f7-1fafc5810d01"",""035c5442-19b8-5a84-8a59-b352a9660279"",""d6d45010-72fa-5741-b733-88958a8795d2"",""ab8215e5-b753-5a6a-a4e7-ad9caf42eeac"",""1b20061c-b208-551a-b06c-81ffeff623fc"",""9b6d0913-2ae6-5dab-ab36-d05e1c51b208"",""a27c1fb2-edc1-57e6-9d74-adb5a13fed3b"",""4696448b-8c21-591b-80cc-7344ea0b95ec"",""c1d75a33-928c-5636-b99c-def1fb29e0f5"",""61eebfb6-2555-5bce-ba71-7a750427392a"",""aba074a1-d451-595d-bc12-e257adbe7383"",""1ca34094-ee4d-5962-a78a-174d361a9cd3"",""7edb0577-da07-5c6f-8391-bb90e9822165"",""d7c5d484-54dc-5d1e-a3ac-65d60267a12c"",""f416cc8b-3bc2-5c4c-a91c-c56faf748684""]",1,1,1,1,1,1,T2,1,1,0,3,3,UF4,0,0,prespecified_B_E,False,explicit in unit columns; exact fractions retained,binary
M7-analysis-v5,E-P0R1,UF4:cell:E-P0R1,dbb63e68d4ed9e904fa985aa5b88d674205b6caab086a8d981ac8918a9c68fb5,"[""4afc763c-033e-501c-9c9c-453207d31e62"",""1fed9611-d0cc-51e5-86e7-4ba237c836a2"",""0e4d4039-5409-5be7-a300-ded85e9c22d7"",""1c4afc6f-6679-57b7-ab6b-cec3053e85a1"",""76216ff6-0dab-5f43-913f-741c2deb7596"",""fe7c5fea-171a-5d3e-b93c-b9d53dca7c67"",""784c942d-b222-5013-a2e4-de4aa477a143"",""2f2d84f4-6f41-5df7-a828-cc0a3d9cdddf"",""c68f6332-f200-5595-940d-e5bcad78f1fe"",""54c3aba8-cb42-5023-9591-5cdd68bdd7c5"",""b9ac296e-4c6c-5cdc-9e03-14868c124af2"",""022ddff9-4332-5ba5-b884-42537f220a0c"",""0d262496-18e1-5973-84a6-84fbda64d0ff"",""447860c8-1d56-518b-88ad-7e103990b756"",""616ecfda-7163-5a8d-ba60-01f623d8b124"",""656bacfc-b102-5379-8db2-2f9f127621e0"",""88f2e658-6155-5924-bc85-63fe2aabb08a"",""9f032fb3-90ca-5749-aff5-1065077ac10e"",""4d2e4005-a84b-525b-a492-d367c5e405d0"",""12b20e20-e117-5c00-83bc-e589b92b730e"",""e97a5398-37b9-5e89-91a9-9b3ae48d9534"",""7a8f92c5-5f85-593a-bf90-08e13c60a2e6"",""aa66f5e3-ac0e-57d6-9b69-aa54ea7c4fb9"",""d07b7490-853e-562b-b662-305e89e7718d"",""596c0800-372d-5056-8a35-9f8661656bf4"",""d08816e6-d4d6-5f35-9de3-d86528fa7a96"",""2e126757-f17e-5ee2-93db-94d31ed944b2"",""5e1af4e2-330f-563f-b639-2d3cd8d276c8"",""49cd1889-2a56-5913-8723-929335f68874"",""82b898ba-3b6d-567f-8996-4f259b74547e"",""d38eb7d2-e78b-5c2f-93e4-2e34846e80e6"",""33effc64-dcfe-5ced-badf-c4df49f68dc1"",""a3a03b99-34c0-504b-b529-32b798db318a"",""8b3ec7b0-123f-5597-95f7-1fafc5810d01"",""035c5442-19b8-5a84-8a59-b352a9660279"",""d6d45010-72fa-5741-b733-88958a8795d2"",""ab8215e5-b753-5a6a-a4e7-ad9caf42eeac"",""1b20061c-b208-551a-b06c-81ffeff623fc"",""9b6d0913-2ae6-5dab-ab36-d05e1c51b208"",""a27c1fb2-edc1-57e6-9d74-adb5a13fed3b"",""4696448b-8c21-591b-80cc-7344ea0b95ec"",""c1d75a33-928c-5636-b99c-def1fb29e0f5"",""61eebfb6-2555-5bce-ba71-7a750427392a"",""aba074a1-d451-595d-bc12-e257adbe7383"",""1ca34094-ee4d-5962-a78a-174d361a9cd3"",""7edb0577-da07-5c6f-8391-bb90e9822165"",""d7c5d484-54dc-5d1e-a3ac-65d60267a12c"",""f416cc8b-3bc2-5c4c-a91c-c56faf748684""]",1,1,1,1,1,1,T3,1,1,0,3,3,UF4,0,0,prespecified_B_E,False,explicit in unit columns; exact fractions retained,binary
M7-analysis-v5,E-P0R1,UF4:cell:E-P0R1,dbb63e68d4ed9e904fa985aa5b88d674205b6caab086a8d981ac8918a9c68fb5,"[""4afc763c-033e-501c-9c9c-453207d31e62"",""1fed9611-d0cc-51e5-86e7-4ba237c836a2"",""0e4d4039-5409-5be7-a300-ded85e9c22d7"",""1c4afc6f-6679-57b7-ab6b-cec3053e85a1"",""76216ff6-0dab-5f43-913f-741c2deb7596"",""fe7c5fea-171a-5d3e-b93c-b9d53dca7c67"",""784c942d-b222-5013-a2e4-de4aa477a143"",""2f2d84f4-6f41-5df7-a828-cc0a3d9cdddf"",""c68f6332-f200-5595-940d-e5bcad78f1fe"",""54c3aba8-cb42-5023-9591-5cdd68bdd7c5"",""b9ac296e-4c6c-5cdc-9e03-14868c124af2"",""022ddff9-4332-5ba5-b884-42537f220a0c"",""0d262496-18e1-5973-84a6-84fbda64d0ff"",""447860c8-1d56-518b-88ad-7e103990b756"",""616ecfda-7163-5a8d-ba60-01f623d8b124"",""656bacfc-b102-5379-8db2-2f9f127621e0"",""88f2e658-6155-5924-bc85-63fe2aabb08a"",""9f032fb3-90ca-5749-aff5-1065077ac10e"",""4d2e4005-a84b-525b-a492-d367c5e405d0"",""12b20e20-e117-5c00-83bc-e589b92b730e"",""e97a5398-37b9-5e89-91a9-9b3ae48d9534"",""7a8f92c5-5f85-593a-bf90-08e13c60a2e6"",""aa66f5e3-ac0e-57d6-9b69-aa54ea7c4fb9"",""d07b7490-853e-562b-b662-305e89e7718d"",""596c0800-372d-5056-8a35-9f8661656bf4"",""d08816e6-d4d6-5f35-9de3-d86528fa7a96"",""2e126757-f17e-5ee2-93db-94d31ed944b2"",""5e1af4e2-330f-563f-b639-2d3cd8d276c8"",""49cd1889-2a56-5913-8723-929335f68874"",""82b898ba-3b6d-567f-8996-4f259b74547e"",""d38eb7d2-e78b-5c2f-93e4-2e34846e80e6"",""33effc64-dcfe-5ced-badf-c4df49f68dc1"",""a3a03b99-34c0-504b-b529-32b798db318a"",""8b3ec7b0-123f-5597-95f7-1fafc5810d01"",""035c5442-19b8-5a84-8a59-b352a9660279"",""d6d45010-72fa-5741-b733-88958a8795d2"",""ab8215e5-b753-5a6a-a4e7-ad9caf42eeac"",""1b20061c-b208-551a-b06c-81ffeff623fc"",""9b6d0913-2ae6-5dab-ab36-d05e1c51b208"",""a27c1fb2-edc1-57e6-9d74-adb5a13fed3b"",""4696448b-8c21-591b-80cc-7344ea0b95ec"",""c1d75a33-928c-5636-b99c-def1fb29e0f5"",""61eebfb6-2555-5bce-ba71-7a750427392a"",""aba074a1-d451-595d-bc12-e257adbe7383"",""1ca34094-ee4d-5962-a78a-174d361a9cd3"",""7edb0577-da07-5c6f-8391-bb90e9822165"",""d7c5d484-54dc-5d1e-a3ac-65d60267a12c"",""f416cc8b-3bc2-5c4c-a91c-c56faf748684""]",1,1,1,1,1,1,T4,1,1,0,3,3,UF4,0,0,prespecified_B_E,False,explicit in unit columns; exact fractions retained,binary
M7-analysis-v5,E-P0R1,UF4:cell:E-P0R1,dbb63e68d4ed9e904fa985aa5b88d674205b6caab086a8d981ac8918a9c68fb5,"[""4afc763c-033e-501c-9c9c-453207d31e62"",""1fed9611-d0cc-51e5-86e7-4ba237c836a2"",""0e4d4039-5409-5be7-a300-ded85e9c22d7"",""1c4afc6f-6679-57b7-ab6b-cec3053e85a1"",""76216ff6-0dab-5f43-913f-741c2deb7596"",""fe7c5fea-171a-5d3e-b93c-b9d53dca7c67"",""784c942d-b222-5013-a2e4-de4aa477a143"",""2f2d84f4-6f41-5df7-a828-cc0a3d9cdddf"",""c68f6332-f200-5595-940d-e5bcad78f1fe"",""54c3aba8-cb42-5023-9591-5cdd68bdd7c5"",""b9ac296e-4c6c-5cdc-9e03-14868c124af2"",""022ddff9-4332-5ba5-b884-42537f220a0c"",""0d262496-18e1-5973-84a6-84fbda64d0ff"",""447860c8-1d56-518b-88ad-7e103990b756"",""616ecfda-7163-5a8d-ba60-01f623d8b124"",""656bacfc-b102-5379-8db2-2f9f127621e0"",""88f2e658-6155-5924-bc85-63fe2aabb08a"",""9f032fb3-90ca-5749-aff5-1065077ac10e"",""4d2e4005-a84b-525b-a492-d367c5e405d0"",""12b20e20-e117-5c00-83bc-e589b92b730e"",""e97a5398-37b9-5e89-91a9-9b3ae48d9534"",""7a8f92c5-5f85-593a-bf90-08e13c60a2e6"",""aa66f5e3-ac0e-57d6-9b69-aa54ea7c4fb9"",""d07b7490-853e-562b-b662-305e89e7718d"",""596c0800-372d-5056-8a35-9f8661656bf4"",""d08816e6-d4d6-5f35-9de3-d86528fa7a96"",""2e126757-f17e-5ee2-93db-94d31ed944b2"",""5e1af4e2-330f-563f-b639-2d3cd8d276c8"",""49cd1889-2a56-5913-8723-929335f68874"",""82b898ba-3b6d-567f-8996-4f259b74547e"",""d38eb7d2-e78b-5c2f-93e4-2e34846e80e6"",""33effc64-dcfe-5ced-badf-c4df49f68dc1"",""a3a03b99-34c0-504b-b529-32b798db318a"",""8b3ec7b0-123f-5597-95f7-1fafc5810d01"",""035c5442-19b8-5a84-8a59-b352a9660279"",""d6d45010-72fa-5741-b733-88958a8795d2"",""ab8215e5-b753-5a6a-a4e7-ad9caf42eeac"",""1b20061c-b208-551a-b06c-81ffeff623fc"",""9b6d0913-2ae6-5dab-ab36-d05e1c51b208"",""a27c1fb2-edc1-57e6-9d74-adb5a13fed3b"",""4696448b-8c21-591b-80cc-7344ea0b95ec"",""c1d75a33-928c-5636-b99c-def1fb29e0f5"",""61eebfb6-2555-5bce-ba71-7a750427392a"",""aba074a1-d451-595d-bc12-e257adbe7383"",""1ca34094-ee4d-5962-a78a-174d361a9cd3"",""7edb0577-da07-5c6f-8391-bb90e9822165"",""d7c5d484-54dc-5d1e-a3ac-65d60267a12c"",""f416cc8b-3bc2-5c4c-a91c-c56faf748684""]",1,1,1,1,1,1,T5,1,1,0,3,3,UF4,0,0,prespecified_B_E,False,explicit in unit columns; exact fractions retained,binary
M7-analysis-v5,E-P0R1,UF4:cell:E-P0R1,dbb63e68d4ed9e904fa985aa5b88d674205b6caab086a8d981ac8918a9c68fb5,"[""4afc763c-033e-501c-9c9c-453207d31e62"",""1fed9611-d0cc-51e5-86e7-4ba237c836a2"",""0e4d4039-5409-5be7-a300-ded85e9c22d7"",""1c4afc6f-6679-57b7-ab6b-cec3053e85a1"",""76216ff6-0dab-5f43-913f-741c2deb7596"",""fe7c5fea-171a-5d3e-b93c-b9d53dca7c67"",""784c942d-b222-5013-a2e4-de4aa477a143"",""2f2d84f4-6f41-5df7-a828-cc0a3d9cdddf"",""c68f6332-f200-5595-940d-e5bcad78f1fe"",""54c3aba8-cb42-5023-9591-5cdd68bdd7c5"",""b9ac296e-4c6c-5cdc-9e03-14868c124af2"",""022ddff9-4332-5ba5-b884-42537f220a0c"",""0d262496-18e1-5973-84a6-84fbda64d0ff"",""447860c8-1d56-518b-88ad-7e103990b756"",""616ecfda-7163-5a8d-ba60-01f623d8b124"",""656bacfc-b102-5379-8db2-2f9f127621e0"",""88f2e658-6155-5924-bc85-63fe2aabb08a"",""9f032fb3-90ca-5749-aff5-1065077ac10e"",""4d2e4005-a84b-525b-a492-d367c5e405d0"",""12b20e20-e117-5c00-83bc-e589b92b730e"",""e97a5398-37b9-5e89-91a9-9b3ae48d9534"",""7a8f92c5-5f85-593a-bf90-08e13c60a2e6"",""aa66f5e3-ac0e-57d6-9b69-aa54ea7c4fb9"",""d07b7490-853e-562b-b662-305e89e7718d"",""596c0800-372d-5056-8a35-9f8661656bf4"",""d08816e6-d4d6-5f35-9de3-d86528fa7a96"",""2e126757-f17e-5ee2-93db-94d31ed944b2"",""5e1af4e2-330f-563f-b639-2d3cd8d276c8"",""49cd1889-2a56-5913-8723-929335f68874"",""82b898ba-3b6d-567f-8996-4f259b74547e"",""d38eb7d2-e78b-5c2f-93e4-2e34846e80e6"",""33effc64-dcfe-5ced-badf-c4df49f68dc1"",""a3a03b99-34c0-504b-b529-32b798db318a"",""8b3ec7b0-123f-5597-95f7-1fafc5810d01"",""035c5442-19b8-5a84-8a59-b352a9660279"",""d6d45010-72fa-5741-b733-88958a8795d2"",""ab8215e5-b753-5a6a-a4e7-ad9caf42eeac"",""1b20061c-b208-551a-b06c-81ffeff623fc"",""9b6d0913-2ae6-5dab-ab36-d05e1c51b208"",""a27c1fb2-edc1-57e6-9d74-adb5a13fed3b"",""4696448b-8c21-591b-80cc-7344ea0b95ec"",""c1d75a33-928c-5636-b99c-def1fb29e0f5"",""61eebfb6-2555-5bce-ba71-7a750427392a"",""aba074a1-d451-595d-bc12-e257adbe7383"",""1ca34094-ee4d-5962-a78a-174d361a9cd3"",""7edb0577-da07-5c6f-8391-bb90e9822165"",""d7c5d484-54dc-5d1e-a3ac-65d60267a12c"",""f416cc8b-3bc2-5c4c-a91c-c56faf748684""]",1,1,1,1,1,1,full_success,1,1,0,3,3,UF4,0,0,prespecified_B_E,False,explicit in unit columns; exact fractions retained,binary
M7-analysis-v5,E-P0R1,UF4:cell:E-P0R1,dbb63e68d4ed9e904fa985aa5b88d674205b6caab086a8d981ac8918a9c68fb5,"[""4afc763c-033e-501c-9c9c-453207d31e62"",""1fed9611-d0cc-51e5-86e7-4ba237c836a2"",""0e4d4039-5409-5be7-a300-ded85e9c22d7"",""1c4afc6f-6679-57b7-ab6b-cec3053e85a1"",""76216ff6-0dab-5f43-913f-741c2deb7596"",""fe7c5fea-171a-5d3e-b93c-b9d53dca7c67"",""784c942d-b222-5013-a2e4-de4aa477a143"",""2f2d84f4-6f41-5df7-a828-cc0a3d9cdddf"",""c68f6332-f200-5595-940d-e5bcad78f1fe"",""54c3aba8-cb42-5023-9591-5cdd68bdd7c5"",""b9ac296e-4c6c-5cdc-9e03-14868c124af2"",""022ddff9-4332-5ba5-b884-42537f220a0c"",""0d262496-18e1-5973-84a6-84fbda64d0ff"",""447860c8-1d56-518b-88ad-7e103990b756"",""616ecfda-7163-5a8d-ba60-01f623d8b124"",""656bacfc-b102-5379-8db2-2f9f127621e0"",""88f2e658-6155-5924-bc85-63fe2aabb08a"",""9f032fb3-90ca-5749-aff5-1065077ac10e"",""4d2e4005-a84b-525b-a492-d367c5e405d0"",""12b20e20-e117-5c00-83bc-e589b92b730e"",""e97a5398-37b9-5e89-91a9-9b3ae48d9534"",""7a8f92c5-5f85-593a-bf90-08e13c60a2e6"",""aa66f5e3-ac0e-57d6-9b69-aa54ea7c4fb9"",""d07b7490-853e-562b-b662-305e89e7718d"",""596c0800-372d-5056-8a35-9f8661656bf4"",""d08816e6-d4d6-5f35-9de3-d86528fa7a96"",""2e126757-f17e-5ee2-93db-94d31ed944b2"",""5e1af4e2-330f-563f-b639-2d3cd8d276c8"",""49cd1889-2a56-5913-8723-929335f68874"",""82b898ba-3b6d-567f-8996-4f259b74547e"",""d38eb7d2-e78b-5c2f-93e4-2e34846e80e6"",""33effc64-dcfe-5ced-badf-c4df49f68dc1"",""a3a03b99-34c0-504b-b529-32b798db318a"",""8b3ec7b0-123f-5597-95f7-1fafc5810d01"",""035c5442-19b8-5a84-8a59-b352a9660279"",""d6d45010-72fa-5741-b733-88958a8795d2"",""ab8215e5-b753-5a6a-a4e7-ad9caf42eeac"",""1b20061c-b208-551a-b06c-81ffeff623fc"",""9b6d0913-2ae6-5dab-ab36-d05e1c51b208"",""a27c1fb2-edc1-57e6-9d74-adb5a13fed3b"",""4696448b-8c21-591b-80cc-7344ea0b95ec"",""c1d75a33-928c-5636-b99c-def1fb29e0f5"",""61eebfb6-2555-5bce-ba71-7a750427392a"",""aba074a1-d451-595d-bc12-e257adbe7383"",""1ca34094-ee4d-5962-a78a-174d361a9cd3"",""7edb0577-da07-5c6f-8391-bb90e9822165"",""d7c5d484-54dc-5d1e-a3ac-65d60267a12c"",""f416cc8b-3bc2-5c4c-a91c-c56faf748684""]",1,1,1,1,1,1,raw_pass_ratio,1,1,0,3,3,UF4,0,0,prespecified_B_E,False,explicit in unit columns; exact fractions retained,ratio
M7-analysis-v5,E-P0R1,UF4:cell:E-P0R1,dbb63e68d4ed9e904fa985aa5b88d674205b6caab086a8d981ac8918a9c68fb5,"[""4afc763c-033e-501c-9c9c-453207d31e62"",""1fed9611-d0cc-51e5-86e7-4ba237c836a2"",""0e4d4039-5409-5be7-a300-ded85e9c22d7"",""1c4afc6f-6679-57b7-ab6b-cec3053e85a1"",""76216ff6-0dab-5f43-913f-741c2deb7596"",""fe7c5fea-171a-5d3e-b93c-b9d53dca7c67"",""784c942d-b222-5013-a2e4-de4aa477a143"",""2f2d84f4-6f41-5df7-a828-cc0a3d9cdddf"",""c68f6332-f200-5595-940d-e5bcad78f1fe"",""54c3aba8-cb42-5023-9591-5cdd68bdd7c5"",""b9ac296e-4c6c-5cdc-9e03-14868c124af2"",""022ddff9-4332-5ba5-b884-42537f220a0c"",""0d262496-18e1-5973-84a6-84fbda64d0ff"",""447860c8-1d56-518b-88ad-7e103990b756"",""616ecfda-7163-5a8d-ba60-01f623d8b124"",""656bacfc-b102-5379-8db2-2f9f127621e0"",""88f2e658-6155-5924-bc85-63fe2aabb08a"",""9f032fb3-90ca-5749-aff5-1065077ac10e"",""4d2e4005-a84b-525b-a492-d367c5e405d0"",""12b20e20-e117-5c00-83bc-e589b92b730e"",""e97a5398-37b9-5e89-91a9-9b3ae48d9534"",""7a8f92c5-5f85-593a-bf90-08e13c60a2e6"",""aa66f5e3-ac0e-57d6-9b69-aa54ea7c4fb9"",""d07b7490-853e-562b-b662-305e89e7718d"",""596c0800-372d-5056-8a35-9f8661656bf4"",""d08816e6-d4d6-5f35-9de3-d86528fa7a96"",""2e126757-f17e-5ee2-93db-94d31ed944b2"",""5e1af4e2-330f-563f-b639-2d3cd8d276c8"",""49cd1889-2a56-5913-8723-929335f68874"",""82b898ba-3b6d-567f-8996-4f259b74547e"",""d38eb7d2-e78b-5c2f-93e4-2e34846e80e6"",""33effc64-dcfe-5ced-badf-c4df49f68dc1"",""a3a03b99-34c0-504b-b529-32b798db318a"",""8b3ec7b0-123f-5597-95f7-1fafc5810d01"",""035c5442-19b8-5a84-8a59-b352a9660279"",""d6d45010-72fa-5741-b733-88958a8795d2"",""ab8215e5-b753-5a6a-a4e7-ad9caf42eeac"",""1b20061c-b208-551a-b06c-81ffeff623fc"",""9b6d0913-2ae6-5dab-ab36-d05e1c51b208"",""a27c1fb2-edc1-57e6-9d74-adb5a13fed3b"",""4696448b-8c21-591b-80cc-7344ea0b95ec"",""c1d75a33-928c-5636-b99c-def1fb29e0f5"",""61eebfb6-2555-5bce-ba71-7a750427392a"",""aba074a1-d451-595d-bc12-e257adbe7383"",""1ca34094-ee4d-5962-a78a-174d361a9cd3"",""7edb0577-da07-5c6f-8391-bb90e9822165"",""d7c5d484-54dc-5d1e-a3ac-65d60267a12c"",""f416cc8b-3bc2-5c4c-a91c-c56faf748684""]",1,1,1,1,1,1,repair_count,1,1,0,3,3,UF4,0,0,prespecified_B_E,False,explicit in unit columns; exact fractions retained,count
M7-analysis-v5,E-P0R1,UF4:cell:E-P0R1,dbb63e68d4ed9e904fa985aa5b88d674205b6caab086a8d981ac8918a9c68fb5,"[""4afc763c-033e-501c-9c9c-453207d31e62"",""1fed9611-d0cc-51e5-86e7-4ba237c836a2"",""0e4d4039-5409-5be7-a300-ded85e9c22d7"",""1c4afc6f-6679-57b7-ab6b-cec3053e85a1"",""76216ff6-0dab-5f43-913f-741c2deb7596"",""fe7c5fea-171a-5d3e-b93c-b9d53dca7c67"",""784c942d-b222-5013-a2e4-de4aa477a143"",""2f2d84f4-6f41-5df7-a828-cc0a3d9cdddf"",""c68f6332-f200-5595-940d-e5bcad78f1fe"",""54c3aba8-cb42-5023-9591-5cdd68bdd7c5"",""b9ac296e-4c6c-5cdc-9e03-14868c124af2"",""022ddff9-4332-5ba5-b884-42537f220a0c"",""0d262496-18e1-5973-84a6-84fbda64d0ff"",""447860c8-1d56-518b-88ad-7e103990b756"",""616ecfda-7163-5a8d-ba60-01f623d8b124"",""656bacfc-b102-5379-8db2-2f9f127621e0"",""88f2e658-6155-5924-bc85-63fe2aabb08a"",""9f032fb3-90ca-5749-aff5-1065077ac10e"",""4d2e4005-a84b-525b-a492-d367c5e405d0"",""12b20e20-e117-5c00-83bc-e589b92b730e"",""e97a5398-37b9-5e89-91a9-9b3ae48d9534"",""7a8f92c5-5f85-593a-bf90-08e13c60a2e6"",""aa66f5e3-ac0e-57d6-9b69-aa54ea7c4fb9"",""d07b7490-853e-562b-b662-305e89e7718d"",""596c0800-372d-5056-8a35-9f8661656bf4"",""d08816e6-d4d6-5f35-9de3-d86528fa7a96"",""2e126757-f17e-5ee2-93db-94d31ed944b2"",""5e1af4e2-330f-563f-b639-2d3cd8d276c8"",""49cd1889-2a56-5913-8723-929335f68874"",""82b898ba-3b6d-567f-8996-4f259b74547e"",""d38eb7d2-e78b-5c2f-93e4-2e34846e80e6"",""33effc64-dcfe-5ced-badf-c4df49f68dc1"",""a3a03b99-34c0-504b-b529-32b798db318a"",""8b3ec7b0-123f-5597-95f7-1fafc5810d01"",""035c5442-19b8-5a84-8a59-b352a9660279"",""d6d45010-72fa-5741-b733-88958a8795d2"",""ab8215e5-b753-5a6a-a4e7-ad9caf42eeac"",""1b20061c-b208-551a-b06c-81ffeff623fc"",""9b6d0913-2ae6-5dab-ab36-d05e1c51b208"",""a27c1fb2-edc1-57e6-9d74-adb5a13fed3b"",""4696448b-8c21-591b-80cc-7344ea0b95ec"",""c1d75a33-928c-5636-b99c-def1fb29e0f5"",""61eebfb6-2555-5bce-ba71-7a750427392a"",""aba074a1-d451-595d-bc12-e257adbe7383"",""1ca34094-ee4d-5962-a78a-174d361a9cd3"",""7edb0577-da07-5c6f-8391-bb90e9822165"",""d7c5d484-54dc-5d1e-a3ac-65d60267a12c"",""f416cc8b-3bc2-5c4c-a91c-c56faf748684""]",12374,12374,11285.66666666666666666666666666666666667,33857/3,10746,10746,tokens.output,10737,10737,0,3,3,UF4,942.5350568192852811312860926920063786099,942.5350568192852811312860926920063786099,prespecified_B_E,False,explicit in unit columns; exact fractions retained,tokens
M7-analysis-v5,E-P0R1,UF4:cell:E-P0R1,dbb63e68d4ed9e904fa985aa5b88d674205b6caab086a8d981ac8918a9c68fb5,"[""4afc763c-033e-501c-9c9c-453207d31e62"",""1fed9611-d0cc-51e5-86e7-4ba237c836a2"",""0e4d4039-5409-5be7-a300-ded85e9c22d7"",""1c4afc6f-6679-57b7-ab6b-cec3053e85a1"",""76216ff6-0dab-5f43-913f-741c2deb7596"",""fe7c5fea-171a-5d3e-b93c-b9d53dca7c67"",""784c942d-b222-5013-a2e4-de4aa477a143"",""2f2d84f4-6f41-5df7-a828-cc0a3d9cdddf"",""c68f6332-f200-5595-940d-e5bcad78f1fe"",""54c3aba8-cb42-5023-9591-5cdd68bdd7c5"",""b9ac296e-4c6c-5cdc-9e03-14868c124af2"",""022ddff9-4332-5ba5-b884-42537f220a0c"",""0d262496-18e1-5973-84a6-84fbda64d0ff"",""447860c8-1d56-518b-88ad-7e103990b756"",""616ecfda-7163-5a8d-ba60-01f623d8b124"",""656bacfc-b102-5379-8db2-2f9f127621e0"",""88f2e658-6155-5924-bc85-63fe2aabb08a"",""9f032fb3-90ca-5749-aff5-1065077ac10e"",""4d2e4005-a84b-525b-a492-d367c5e405d0"",""12b20e20-e117-5c00-83bc-e589b92b730e"",""e97a5398-37b9-5e89-91a9-9b3ae48d9534"",""7a8f92c5-5f85-593a-bf90-08e13c60a2e6"",""aa66f5e3-ac0e-57d6-9b69-aa54ea7c4fb9"",""d07b7490-853e-562b-b662-305e89e7718d"",""596c0800-372d-5056-8a35-9f8661656bf4"",""d08816e6-d4d6-5f35-9de3-d86528fa7a96"",""2e126757-f17e-5ee2-93db-94d31ed944b2"",""5e1af4e2-330f-563f-b639-2d3cd8d276c8"",""49cd1889-2a56-5913-8723-929335f68874"",""82b898ba-3b6d-567f-8996-4f259b74547e"",""d38eb7d2-e78b-5c2f-93e4-2e34846e80e6"",""33effc64-dcfe-5ced-badf-c4df49f68dc1"",""a3a03b99-34c0-504b-b529-32b798db318a"",""8b3ec7b0-123f-5597-95f7-1fafc5810d01"",""035c5442-19b8-5a84-8a59-b352a9660279"",""d6d45010-72fa-5741-b733-88958a8795d2"",""ab8215e5-b753-5a6a-a4e7-ad9caf42eeac"",""1b20061c-b208-551a-b06c-81ffeff623fc"",""9b6d0913-2ae6-5dab-ab36-d05e1c51b208"",""a27c1fb2-edc1-57e6-9d74-adb5a13fed3b"",""4696448b-8c21-591b-80cc-7344ea0b95ec"",""c1d75a33-928c-5636-b99c-def1fb29e0f5"",""61eebfb6-2555-5bce-ba71-7a750427392a"",""aba074a1-d451-595d-bc12-e257adbe7383"",""1ca34094-ee4d-5962-a78a-174d361a9cd3"",""7edb0577-da07-5c6f-8391-bb90e9822165"",""d7c5d484-54dc-5d1e-a3ac-65d60267a12c"",""f416cc8b-3bc2-5c4c-a91c-c56faf748684""]",409.821058979,409821058979/1000000000,324.19618562,16209809281/50000000,294.720702051,294720702051/1000000000,pipeline_seconds,268.04679583,26804679583/100000000,0,3,3,UF4,75.34313851692313582135025788693506398312,75.34313851692313582135025788693506398312,prespecified_B_E,False,explicit in unit columns; exact fractions retained,s
M7-analysis-v5,E-P0R1,UF4:cell:E-P0R1,dbb63e68d4ed9e904fa985aa5b88d674205b6caab086a8d981ac8918a9c68fb5,"[""4afc763c-033e-501c-9c9c-453207d31e62"",""1fed9611-d0cc-51e5-86e7-4ba237c836a2"",""0e4d4039-5409-5be7-a300-ded85e9c22d7"",""1c4afc6f-6679-57b7-ab6b-cec3053e85a1"",""76216ff6-0dab-5f43-913f-741c2deb7596"",""fe7c5fea-171a-5d3e-b93c-b9d53dca7c67"",""784c942d-b222-5013-a2e4-de4aa477a143"",""2f2d84f4-6f41-5df7-a828-cc0a3d9cdddf"",""c68f6332-f200-5595-940d-e5bcad78f1fe"",""54c3aba8-cb42-5023-9591-5cdd68bdd7c5"",""b9ac296e-4c6c-5cdc-9e03-14868c124af2"",""022ddff9-4332-5ba5-b884-42537f220a0c"",""0d262496-18e1-5973-84a6-84fbda64d0ff"",""447860c8-1d56-518b-88ad-7e103990b756"",""616ecfda-7163-5a8d-ba60-01f623d8b124"",""656bacfc-b102-5379-8db2-2f9f127621e0"",""88f2e658-6155-5924-bc85-63fe2aabb08a"",""9f032fb3-90ca-5749-aff5-1065077ac10e"",""4d2e4005-a84b-525b-a492-d367c5e405d0"",""12b20e20-e117-5c00-83bc-e589b92b730e"",""e97a5398-37b9-5e89-91a9-9b3ae48d9534"",""7a8f92c5-5f85-593a-bf90-08e13c60a2e6"",""aa66f5e3-ac0e-57d6-9b69-aa54ea7c4fb9"",""d07b7490-853e-562b-b662-305e89e7718d"",""596c0800-372d-5056-8a35-9f8661656bf4"",""d08816e6-d4d6-5f35-9de3-d86528fa7a96"",""2e126757-f17e-5ee2-93db-94d31ed944b2"",""5e1af4e2-330f-563f-b639-2d3cd8d276c8"",""49cd1889-2a56-5913-8723-929335f68874"",""82b898ba-3b6d-567f-8996-4f259b74547e"",""d38eb7d2-e78b-5c2f-93e4-2e34846e80e6"",""33effc64-dcfe-5ced-badf-c4df49f68dc1"",""a3a03b99-34c0-504b-b529-32b798db318a"",""8b3ec7b0-123f-5597-95f7-1fafc5810d01"",""035c5442-19b8-5a84-8a59-b352a9660279"",""d6d45010-72fa-5741-b733-88958a8795d2"",""ab8215e5-b753-5a6a-a4e7-ad9caf42eeac"",""1b20061c-b208-551a-b06c-81ffeff623fc"",""9b6d0913-2ae6-5dab-ab36-d05e1c51b208"",""a27c1fb2-edc1-57e6-9d74-adb5a13fed3b"",""4696448b-8c21-591b-80cc-7344ea0b95ec"",""c1d75a33-928c-5636-b99c-def1fb29e0f5"",""61eebfb6-2555-5bce-ba71-7a750427392a"",""aba074a1-d451-595d-bc12-e257adbe7383"",""1ca34094-ee4d-5962-a78a-174d361a9cd3"",""7edb0577-da07-5c6f-8391-bb90e9822165"",""d7c5d484-54dc-5d1e-a3ac-65d60267a12c"",""f416cc8b-3bc2-5c4c-a91c-c56faf748684""]",409.821058979,409821058979/1000000000,324.19618562,16209809281/50000000,294.720702051,294720702051/1000000000,total_seconds,268.04679583,26804679583/100000000,0,3,3,UF4,75.34313851692313582135025788693506398312,75.34313851692313582135025788693506398312,prespecified_B_E,False,explicit in unit columns; exact fractions retained,s
M7-analysis-v5,E-P0R1,UF4:cell:E-P0R1,dbb63e68d4ed9e904fa985aa5b88d674205b6caab086a8d981ac8918a9c68fb5,"[""4afc763c-033e-501c-9c9c-453207d31e62"",""1fed9611-d0cc-51e5-86e7-4ba237c836a2"",""0e4d4039-5409-5be7-a300-ded85e9c22d7"",""1c4afc6f-6679-57b7-ab6b-cec3053e85a1"",""76216ff6-0dab-5f43-913f-741c2deb7596"",""fe7c5fea-171a-5d3e-b93c-b9d53dca7c67"",""784c942d-b222-5013-a2e4-de4aa477a143"",""2f2d84f4-6f41-5df7-a828-cc0a3d9cdddf"",""c68f6332-f200-5595-940d-e5bcad78f1fe"",""54c3aba8-cb42-5023-9591-5cdd68bdd7c5"",""b9ac296e-4c6c-5cdc-9e03-14868c124af2"",""022ddff9-4332-5ba5-b884-42537f220a0c"",""0d262496-18e1-5973-84a6-84fbda64d0ff"",""447860c8-1d56-518b-88ad-7e103990b756"",""616ecfda-7163-5a8d-ba60-01f623d8b124"",""656bacfc-b102-5379-8db2-2f9f127621e0"",""88f2e658-6155-5924-bc85-63fe2aabb08a"",""9f032fb3-90ca-5749-aff5-1065077ac10e"",""4d2e4005-a84b-525b-a492-d367c5e405d0"",""12b20e20-e117-5c00-83bc-e589b92b730e"",""e97a5398-37b9-5e89-91a9-9b3ae48d9534"",""7a8f92c5-5f85-593a-bf90-08e13c60a2e6"",""aa66f5e3-ac0e-57d6-9b69-aa54ea7c4fb9"",""d07b7490-853e-562b-b662-305e89e7718d"",""596c0800-372d-5056-8a35-9f8661656bf4"",""d08816e6-d4d6-5f35-9de3-d86528fa7a96"",""2e126757-f17e-5ee2-93db-94d31ed944b2"",""5e1af4e2-330f-563f-b639-2d3cd8d276c8"",""49cd1889-2a56-5913-8723-929335f68874"",""82b898ba-3b6d-567f-8996-4f259b74547e"",""d38eb7d2-e78b-5c2f-93e4-2e34846e80e6"",""33effc64-dcfe-5ced-badf-c4df49f68dc1"",""a3a03b99-34c0-504b-b529-32b798db318a"",""8b3ec7b0-123f-5597-95f7-1fafc5810d01"",""035c5442-19b8-5a84-8a59-b352a9660279"",""d6d45010-72fa-5741-b733-88958a8795d2"",""ab8215e5-b753-5a6a-a4e7-ad9caf42eeac"",""1b20061c-b208-551a-b06c-81ffeff623fc"",""9b6d0913-2ae6-5dab-ab36-d05e1c51b208"",""a27c1fb2-edc1-57e6-9d74-adb5a13fed3b"",""4696448b-8c21-591b-80cc-7344ea0b95ec"",""c1d75a33-928c-5636-b99c-def1fb29e0f5"",""61eebfb6-2555-5bce-ba71-7a750427392a"",""aba074a1-d451-595d-bc12-e257adbe7383"",""1ca34094-ee4d-5962-a78a-174d361a9cd3"",""7edb0577-da07-5c6f-8391-bb90e9822165"",""d7c5d484-54dc-5d1e-a3ac-65d60267a12c"",""f416cc8b-3bc2-5c4c-a91c-c56faf748684""]",43,43,40.33333333333333333333333333333333333333,121/3,42,42,L,36,36,0,3,3,UF4,3.785938897200182407261558655994904294094,3.785938897200182407261558655994904294094,prespecified_B_E,False,explicit in unit columns; exact fractions retained,lines
M7-analysis-v5,E-P0R1,UF4:cell:E-P0R1,dbb63e68d4ed9e904fa985aa5b88d674205b6caab086a8d981ac8918a9c68fb5,"[""4afc763c-033e-501c-9c9c-453207d31e62"",""1fed9611-d0cc-51e5-86e7-4ba237c836a2"",""0e4d4039-5409-5be7-a300-ded85e9c22d7"",""1c4afc6f-6679-57b7-ab6b-cec3053e85a1"",""76216ff6-0dab-5f43-913f-741c2deb7596"",""fe7c5fea-171a-5d3e-b93c-b9d53dca7c67"",""784c942d-b222-5013-a2e4-de4aa477a143"",""2f2d84f4-6f41-5df7-a828-cc0a3d9cdddf"",""c68f6332-f200-5595-940d-e5bcad78f1fe"",""54c3aba8-cb42-5023-9591-5cdd68bdd7c5"",""b9ac296e-4c6c-5cdc-9e03-14868c124af2"",""022ddff9-4332-5ba5-b884-42537f220a0c"",""0d262496-18e1-5973-84a6-84fbda64d0ff"",""447860c8-1d56-518b-88ad-7e103990b756"",""616ecfda-7163-5a8d-ba60-01f623d8b124"",""656bacfc-b102-5379-8db2-2f9f127621e0"",""88f2e658-6155-5924-bc85-63fe2aabb08a"",""9f032fb3-90ca-5749-aff5-1065077ac10e"",""4d2e4005-a84b-525b-a492-d367c5e405d0"",""12b20e20-e117-5c00-83bc-e589b92b730e"",""e97a5398-37b9-5e89-91a9-9b3ae48d9534"",""7a8f92c5-5f85-593a-bf90-08e13c60a2e6"",""aa66f5e3-ac0e-57d6-9b69-aa54ea7c4fb9"",""d07b7490-853e-562b-b662-305e89e7718d"",""596c0800-372d-5056-8a35-9f8661656bf4"",""d08816e6-d4d6-5f35-9de3-d86528fa7a96"",""2e126757-f17e-5ee2-93db-94d31ed944b2"",""5e1af4e2-330f-563f-b639-2d3cd8d276c8"",""49cd1889-2a56-5913-8723-929335f68874"",""82b898ba-3b6d-567f-8996-4f259b74547e"",""d38eb7d2-e78b-5c2f-93e4-2e34846e80e6"",""33effc64-dcfe-5ced-badf-c4df49f68dc1"",""a3a03b99-34c0-504b-b529-32b798db318a"",""8b3ec7b0-123f-5597-95f7-1fafc5810d01"",""035c5442-19b8-5a84-8a59-b352a9660279"",""d6d45010-72fa-5741-b733-88958a8795d2"",""ab8215e5-b753-5a6a-a4e7-ad9caf42eeac"",""1b20061c-b208-551a-b06c-81ffeff623fc"",""9b6d0913-2ae6-5dab-ab36-d05e1c51b208"",""a27c1fb2-edc1-57e6-9d74-adb5a13fed3b"",""4696448b-8c21-591b-80cc-7344ea0b95ec"",""c1d75a33-928c-5636-b99c-def1fb29e0f5"",""61eebfb6-2555-5bce-ba71-7a750427392a"",""aba074a1-d451-595d-bc12-e257adbe7383"",""1ca34094-ee4d-5962-a78a-174d361a9cd3"",""7edb0577-da07-5c6f-8391-bb90e9822165"",""d7c5d484-54dc-5d1e-a3ac-65d60267a12c"",""f416cc8b-3bc2-5c4c-a91c-c56faf748684""]",5,5,5,5,5,5,call_count,5,5,0,3,3,UF4,0,0,prespecified_B_E,False,explicit in unit columns; exact fractions retained,count
M7-analysis-v5,E-P0R1,UF4:cell:E-P0R1,dbb63e68d4ed9e904fa985aa5b88d674205b6caab086a8d981ac8918a9c68fb5,"[""4afc763c-033e-501c-9c9c-453207d31e62"",""1fed9611-d0cc-51e5-86e7-4ba237c836a2"",""0e4d4039-5409-5be7-a300-ded85e9c22d7"",""1c4afc6f-6679-57b7-ab6b-cec3053e85a1"",""76216ff6-0dab-5f43-913f-741c2deb7596"",""fe7c5fea-171a-5d3e-b93c-b9d53dca7c67"",""784c942d-b222-5013-a2e4-de4aa477a143"",""2f2d84f4-6f41-5df7-a828-cc0a3d9cdddf"",""c68f6332-f200-5595-940d-e5bcad78f1fe"",""54c3aba8-cb42-5023-9591-5cdd68bdd7c5"",""b9ac296e-4c6c-5cdc-9e03-14868c124af2"",""022ddff9-4332-5ba5-b884-42537f220a0c"",""0d262496-18e1-5973-84a6-84fbda64d0ff"",""447860c8-1d56-518b-88ad-7e103990b756"",""616ecfda-7163-5a8d-ba60-01f623d8b124"",""656bacfc-b102-5379-8db2-2f9f127621e0"",""88f2e658-6155-5924-bc85-63fe2aabb08a"",""9f032fb3-90ca-5749-aff5-1065077ac10e"",""4d2e4005-a84b-525b-a492-d367c5e405d0"",""12b20e20-e117-5c00-83bc-e589b92b730e"",""e97a5398-37b9-5e89-91a9-9b3ae48d9534"",""7a8f92c5-5f85-593a-bf90-08e13c60a2e6"",""aa66f5e3-ac0e-57d6-9b69-aa54ea7c4fb9"",""d07b7490-853e-562b-b662-305e89e7718d"",""596c0800-372d-5056-8a35-9f8661656bf4"",""d08816e6-d4d6-5f35-9de3-d86528fa7a96"",""2e126757-f17e-5ee2-93db-94d31ed944b2"",""5e1af4e2-330f-563f-b639-2d3cd8d276c8"",""49cd1889-2a56-5913-8723-929335f68874"",""82b898ba-3b6d-567f-8996-4f259b74547e"",""d38eb7d2-e78b-5c2f-93e4-2e34846e80e6"",""33effc64-dcfe-5ced-badf-c4df49f68dc1"",""a3a03b99-34c0-504b-b529-32b798db318a"",""8b3ec7b0-123f-5597-95f7-1fafc5810d01"",""035c5442-19b8-5a84-8a59-b352a9660279"",""d6d45010-72fa-5741-b733-88958a8795d2"",""ab8215e5-b753-5a6a-a4e7-ad9caf42eeac"",""1b20061c-b208-551a-b06c-81ffeff623fc"",""9b6d0913-2ae6-5dab-ab36-d05e1c51b208"",""a27c1fb2-edc1-57e6-9d74-adb5a13fed3b"",""4696448b-8c21-591b-80cc-7344ea0b95ec"",""c1d75a33-928c-5636-b99c-def1fb29e0f5"",""61eebfb6-2555-5bce-ba71-7a750427392a"",""aba074a1-d451-595d-bc12-e257adbe7383"",""1ca34094-ee4d-5962-a78a-174d361a9cd3"",""7edb0577-da07-5c6f-8391-bb90e9822165"",""d7c5d484-54dc-5d1e-a3ac-65d60267a12c"",""f416cc8b-3bc2-5c4c-a91c-c56faf748684""]",5,5,5,5,5,5,transport_count,5,5,0,3,3,UF4,0,0,prespecified_B_E,False,explicit in unit columns; exact fractions retained,count
M7-analysis-v5,E-P0R1,UF4:cell:E-P0R1,dbb63e68d4ed9e904fa985aa5b88d674205b6caab086a8d981ac8918a9c68fb5,"[""4afc763c-033e-501c-9c9c-453207d31e62"",""1fed9611-d0cc-51e5-86e7-4ba237c836a2"",""0e4d4039-5409-5be7-a300-ded85e9c22d7"",""1c4afc6f-6679-57b7-ab6b-cec3053e85a1"",""76216ff6-0dab-5f43-913f-741c2deb7596"",""fe7c5fea-171a-5d3e-b93c-b9d53dca7c67"",""784c942d-b222-5013-a2e4-de4aa477a143"",""2f2d84f4-6f41-5df7-a828-cc0a3d9cdddf"",""c68f6332-f200-5595-940d-e5bcad78f1fe"",""54c3aba8-cb42-5023-9591-5cdd68bdd7c5"",""b9ac296e-4c6c-5cdc-9e03-14868c124af2"",""022ddff9-4332-5ba5-b884-42537f220a0c"",""0d262496-18e1-5973-84a6-84fbda64d0ff"",""447860c8-1d56-518b-88ad-7e103990b756"",""616ecfda-7163-5a8d-ba60-01f623d8b124"",""656bacfc-b102-5379-8db2-2f9f127621e0"",""88f2e658-6155-5924-bc85-63fe2aabb08a"",""9f032fb3-90ca-5749-aff5-1065077ac10e"",""4d2e4005-a84b-525b-a492-d367c5e405d0"",""12b20e20-e117-5c00-83bc-e589b92b730e"",""e97a5398-37b9-5e89-91a9-9b3ae48d9534"",""7a8f92c5-5f85-593a-bf90-08e13c60a2e6"",""aa66f5e3-ac0e-57d6-9b69-aa54ea7c4fb9"",""d07b7490-853e-562b-b662-305e89e7718d"",""596c0800-372d-5056-8a35-9f8661656bf4"",""d08816e6-d4d6-5f35-9de3-d86528fa7a96"",""2e126757-f17e-5ee2-93db-94d31ed944b2"",""5e1af4e2-330f-563f-b639-2d3cd8d276c8"",""49cd1889-2a56-5913-8723-929335f68874"",""82b898ba-3b6d-567f-8996-4f259b74547e"",""d38eb7d2-e78b-5c2f-93e4-2e34846e80e6"",""33effc64-dcfe-5ced-badf-c4df49f68dc1"",""a3a03b99-34c0-504b-b529-32b798db318a"",""8b3ec7b0-123f-5597-95f7-1fafc5810d01"",""035c5442-19b8-5a84-8a59-b352a9660279"",""d6d45010-72fa-5741-b733-88958a8795d2"",""ab8215e5-b753-5a6a-a4e7-ad9caf42eeac"",""1b20061c-b208-551a-b06c-81ffeff623fc"",""9b6d0913-2ae6-5dab-ab36-d05e1c51b208"",""a27c1fb2-edc1-57e6-9d74-adb5a13fed3b"",""4696448b-8c21-591b-80cc-7344ea0b95ec"",""c1d75a33-928c-5636-b99c-def1fb29e0f5"",""61eebfb6-2555-5bce-ba71-7a750427392a"",""aba074a1-d451-595d-bc12-e257adbe7383"",""1ca34094-ee4d-5962-a78a-174d361a9cd3"",""7edb0577-da07-5c6f-8391-bb90e9822165"",""d7c5d484-54dc-5d1e-a3ac-65d60267a12c"",""f416cc8b-3bc2-5c4c-a91c-c56faf748684""]",6117,6117,5183.666666666666666666666666666666666667,15551/3,5052,5052,tokens.reasoning,4382,4382,0,3,3,UF4,874.9619039325845604637824847774583415859,874.9619039325845604637824847774583415859,prespecified_B_E,False,explicit in unit columns; exact fractions retained,tokens
M7-analysis-v5,E-P0R1,UF4:cell:E-P0R1,dbb63e68d4ed9e904fa985aa5b88d674205b6caab086a8d981ac8918a9c68fb5,"[""4afc763c-033e-501c-9c9c-453207d31e62"",""1fed9611-d0cc-51e5-86e7-4ba237c836a2"",""0e4d4039-5409-5be7-a300-ded85e9c22d7"",""1c4afc6f-6679-57b7-ab6b-cec3053e85a1"",""76216ff6-0dab-5f43-913f-741c2deb7596"",""fe7c5fea-171a-5d3e-b93c-b9d53dca7c67"",""784c942d-b222-5013-a2e4-de4aa477a143"",""2f2d84f4-6f41-5df7-a828-cc0a3d9cdddf"",""c68f6332-f200-5595-940d-e5bcad78f1fe"",""54c3aba8-cb42-5023-9591-5cdd68bdd7c5"",""b9ac296e-4c6c-5cdc-9e03-14868c124af2"",""022ddff9-4332-5ba5-b884-42537f220a0c"",""0d262496-18e1-5973-84a6-84fbda64d0ff"",""447860c8-1d56-518b-88ad-7e103990b756"",""616ecfda-7163-5a8d-ba60-01f623d8b124"",""656bacfc-b102-5379-8db2-2f9f127621e0"",""88f2e658-6155-5924-bc85-63fe2aabb08a"",""9f032fb3-90ca-5749-aff5-1065077ac10e"",""4d2e4005-a84b-525b-a492-d367c5e405d0"",""12b20e20-e117-5c00-83bc-e589b92b730e"",""e97a5398-37b9-5e89-91a9-9b3ae48d9534"",""7a8f92c5-5f85-593a-bf90-08e13c60a2e6"",""aa66f5e3-ac0e-57d6-9b69-aa54ea7c4fb9"",""d07b7490-853e-562b-b662-305e89e7718d"",""596c0800-372d-5056-8a35-9f8661656bf4"",""d08816e6-d4d6-5f35-9de3-d86528fa7a96"",""2e126757-f17e-5ee2-93db-94d31ed944b2"",""5e1af4e2-330f-563f-b639-2d3cd8d276c8"",""49cd1889-2a56-5913-8723-929335f68874"",""82b898ba-3b6d-567f-8996-4f259b74547e"",""d38eb7d2-e78b-5c2f-93e4-2e34846e80e6"",""33effc64-dcfe-5ced-badf-c4df49f68dc1"",""a3a03b99-34c0-504b-b529-32b798db318a"",""8b3ec7b0-123f-5597-95f7-1fafc5810d01"",""035c5442-19b8-5a84-8a59-b352a9660279"",""d6d45010-72fa-5741-b733-88958a8795d2"",""ab8215e5-b753-5a6a-a4e7-ad9caf42eeac"",""1b20061c-b208-551a-b06c-81ffeff623fc"",""9b6d0913-2ae6-5dab-ab36-d05e1c51b208"",""a27c1fb2-edc1-57e6-9d74-adb5a13fed3b"",""4696448b-8c21-591b-80cc-7344ea0b95ec"",""c1d75a33-928c-5636-b99c-def1fb29e0f5"",""61eebfb6-2555-5bce-ba71-7a750427392a"",""aba074a1-d451-595d-bc12-e257adbe7383"",""1ca34094-ee4d-5962-a78a-174d361a9cd3"",""7edb0577-da07-5c6f-8391-bb90e9822165"",""d7c5d484-54dc-5d1e-a3ac-65d60267a12c"",""f416cc8b-3bc2-5c4c-a91c-c56faf748684""]",714830,714830,714480.6666666666666666666666666666666667,2143442/3,714714,714714,tokens.cache_write,713898,713898,0,3,3,UF4,507.9265038697363874088806405031032828339,507.9265038697363874088806405031032828339,prespecified_B_E,False,explicit in unit columns; exact fractions retained,tokens
M7-analysis-v5,E-P0R1,UF4:cell:E-P0R1,dbb63e68d4ed9e904fa985aa5b88d674205b6caab086a8d981ac8918a9c68fb5,"[""4afc763c-033e-501c-9c9c-453207d31e62"",""1fed9611-d0cc-51e5-86e7-4ba237c836a2"",""0e4d4039-5409-5be7-a300-ded85e9c22d7"",""1c4afc6f-6679-57b7-ab6b-cec3053e85a1"",""76216ff6-0dab-5f43-913f-741c2deb7596"",""fe7c5fea-171a-5d3e-b93c-b9d53dca7c67"",""784c942d-b222-5013-a2e4-de4aa477a143"",""2f2d84f4-6f41-5df7-a828-cc0a3d9cdddf"",""c68f6332-f200-5595-940d-e5bcad78f1fe"",""54c3aba8-cb42-5023-9591-5cdd68bdd7c5"",""b9ac296e-4c6c-5cdc-9e03-14868c124af2"",""022ddff9-4332-5ba5-b884-42537f220a0c"",""0d262496-18e1-5973-84a6-84fbda64d0ff"",""447860c8-1d56-518b-88ad-7e103990b756"",""616ecfda-7163-5a8d-ba60-01f623d8b124"",""656bacfc-b102-5379-8db2-2f9f127621e0"",""88f2e658-6155-5924-bc85-63fe2aabb08a"",""9f032fb3-90ca-5749-aff5-1065077ac10e"",""4d2e4005-a84b-525b-a492-d367c5e405d0"",""12b20e20-e117-5c00-83bc-e589b92b730e"",""e97a5398-37b9-5e89-91a9-9b3ae48d9534"",""7a8f92c5-5f85-593a-bf90-08e13c60a2e6"",""aa66f5e3-ac0e-57d6-9b69-aa54ea7c4fb9"",""d07b7490-853e-562b-b662-305e89e7718d"",""596c0800-372d-5056-8a35-9f8661656bf4"",""d08816e6-d4d6-5f35-9de3-d86528fa7a96"",""2e126757-f17e-5ee2-93db-94d31ed944b2"",""5e1af4e2-330f-563f-b639-2d3cd8d276c8"",""49cd1889-2a56-5913-8723-929335f68874"",""82b898ba-3b6d-567f-8996-4f259b74547e"",""d38eb7d2-e78b-5c2f-93e4-2e34846e80e6"",""33effc64-dcfe-5ced-badf-c4df49f68dc1"",""a3a03b99-34c0-504b-b529-32b798db318a"",""8b3ec7b0-123f-5597-95f7-1fafc5810d01"",""035c5442-19b8-5a84-8a59-b352a9660279"",""d6d45010-72fa-5741-b733-88958a8795d2"",""ab8215e5-b753-5a6a-a4e7-ad9caf42eeac"",""1b20061c-b208-551a-b06c-81ffeff623fc"",""9b6d0913-2ae6-5dab-ab36-d05e1c51b208"",""a27c1fb2-edc1-57e6-9d74-adb5a13fed3b"",""4696448b-8c21-591b-80cc-7344ea0b95ec"",""c1d75a33-928c-5636-b99c-def1fb29e0f5"",""61eebfb6-2555-5bce-ba71-7a750427392a"",""aba074a1-d451-595d-bc12-e257adbe7383"",""1ca34094-ee4d-5962-a78a-174d361a9cd3"",""7edb0577-da07-5c6f-8391-bb90e9822165"",""d7c5d484-54dc-5d1e-a3ac-65d60267a12c"",""f416cc8b-3bc2-5c4c-a91c-c56faf748684""]",714845,714845,714495.6666666666666666666666666666666667,2143487/3,714729,714729,tokens.input,713913,713913,0,3,3,UF4,507.9265038697363874088806405031032828339,507.9265038697363874088806405031032828339,prespecified_B_E,False,explicit in unit columns; exact fractions retained,tokens
M7-analysis-v5,E-P0R1,UF4:cell:E-P0R1,dbb63e68d4ed9e904fa985aa5b88d674205b6caab086a8d981ac8918a9c68fb5,"[""4afc763c-033e-501c-9c9c-453207d31e62"",""1fed9611-d0cc-51e5-86e7-4ba237c836a2"",""0e4d4039-5409-5be7-a300-ded85e9c22d7"",""1c4afc6f-6679-57b7-ab6b-cec3053e85a1"",""76216ff6-0dab-5f43-913f-741c2deb7596"",""fe7c5fea-171a-5d3e-b93c-b9d53dca7c67"",""784c942d-b222-5013-a2e4-de4aa477a143"",""2f2d84f4-6f41-5df7-a828-cc0a3d9cdddf"",""c68f6332-f200-5595-940d-e5bcad78f1fe"",""54c3aba8-cb42-5023-9591-5cdd68bdd7c5"",""b9ac296e-4c6c-5cdc-9e03-14868c124af2"",""022ddff9-4332-5ba5-b884-42537f220a0c"",""0d262496-18e1-5973-84a6-84fbda64d0ff"",""447860c8-1d56-518b-88ad-7e103990b756"",""616ecfda-7163-5a8d-ba60-01f623d8b124"",""656bacfc-b102-5379-8db2-2f9f127621e0"",""88f2e658-6155-5924-bc85-63fe2aabb08a"",""9f032fb3-90ca-5749-aff5-1065077ac10e"",""4d2e4005-a84b-525b-a492-d367c5e405d0"",""12b20e20-e117-5c00-83bc-e589b92b730e"",""e97a5398-37b9-5e89-91a9-9b3ae48d9534"",""7a8f92c5-5f85-593a-bf90-08e13c60a2e6"",""aa66f5e3-ac0e-57d6-9b69-aa54ea7c4fb9"",""d07b7490-853e-562b-b662-305e89e7718d"",""596c0800-372d-5056-8a35-9f8661656bf4"",""d08816e6-d4d6-5f35-9de3-d86528fa7a96"",""2e126757-f17e-5ee2-93db-94d31ed944b2"",""5e1af4e2-330f-563f-b639-2d3cd8d276c8"",""49cd1889-2a56-5913-8723-929335f68874"",""82b898ba-3b6d-567f-8996-4f259b74547e"",""d38eb7d2-e78b-5c2f-93e4-2e34846e80e6"",""33effc64-dcfe-5ced-badf-c4df49f68dc1"",""a3a03b99-34c0-504b-b529-32b798db318a"",""8b3ec7b0-123f-5597-95f7-1fafc5810d01"",""035c5442-19b8-5a84-8a59-b352a9660279"",""d6d45010-72fa-5741-b733-88958a8795d2"",""ab8215e5-b753-5a6a-a4e7-ad9caf42eeac"",""1b20061c-b208-551a-b06c-81ffeff623fc"",""9b6d0913-2ae6-5dab-ab36-d05e1c51b208"",""a27c1fb2-edc1-57e6-9d74-adb5a13fed3b"",""4696448b-8c21-591b-80cc-7344ea0b95ec"",""c1d75a33-928c-5636-b99c-def1fb29e0f5"",""61eebfb6-2555-5bce-ba71-7a750427392a"",""aba074a1-d451-595d-bc12-e257adbe7383"",""1ca34094-ee4d-5962-a78a-174d361a9cd3"",""7edb0577-da07-5c6f-8391-bb90e9822165"",""d7c5d484-54dc-5d1e-a3ac-65d60267a12c"",""f416cc8b-3bc2-5c4c-a91c-c56faf748684""]",727103,727103,725781.3333333333333333333333333333333333,2177344/3,725591,725591,tokens.total,724650,724650,0,3,3,UF4,1237.526700048662923123584021761470473667,1237.526700048662923123584021761470473667,prespecified_B_E,False,explicit in unit columns; exact fractions retained,tokens
M7-analysis-v5,E-P0R1,UF4:cell:E-P0R1,dbb63e68d4ed9e904fa985aa5b88d674205b6caab086a8d981ac8918a9c68fb5,"[""4afc763c-033e-501c-9c9c-453207d31e62"",""1fed9611-d0cc-51e5-86e7-4ba237c836a2"",""0e4d4039-5409-5be7-a300-ded85e9c22d7"",""1c4afc6f-6679-57b7-ab6b-cec3053e85a1"",""76216ff6-0dab-5f43-913f-741c2deb7596"",""fe7c5fea-171a-5d3e-b93c-b9d53dca7c67"",""784c942d-b222-5013-a2e4-de4aa477a143"",""2f2d84f4-6f41-5df7-a828-cc0a3d9cdddf"",""c68f6332-f200-5595-940d-e5bcad78f1fe"",""54c3aba8-cb42-5023-9591-5cdd68bdd7c5"",""b9ac296e-4c6c-5cdc-9e03-14868c124af2"",""022ddff9-4332-5ba5-b884-42537f220a0c"",""0d262496-18e1-5973-84a6-84fbda64d0ff"",""447860c8-1d56-518b-88ad-7e103990b756"",""616ecfda-7163-5a8d-ba60-01f623d8b124"",""656bacfc-b102-5379-8db2-2f9f127621e0"",""88f2e658-6155-5924-bc85-63fe2aabb08a"",""9f032fb3-90ca-5749-aff5-1065077ac10e"",""4d2e4005-a84b-525b-a492-d367c5e405d0"",""12b20e20-e117-5c00-83bc-e589b92b730e"",""e97a5398-37b9-5e89-91a9-9b3ae48d9534"",""7a8f92c5-5f85-593a-bf90-08e13c60a2e6"",""aa66f5e3-ac0e-57d6-9b69-aa54ea7c4fb9"",""d07b7490-853e-562b-b662-305e89e7718d"",""596c0800-372d-5056-8a35-9f8661656bf4"",""d08816e6-d4d6-5f35-9de3-d86528fa7a96"",""2e126757-f17e-5ee2-93db-94d31ed944b2"",""5e1af4e2-330f-563f-b639-2d3cd8d276c8"",""49cd1889-2a56-5913-8723-929335f68874"",""82b898ba-3b6d-567f-8996-4f259b74547e"",""d38eb7d2-e78b-5c2f-93e4-2e34846e80e6"",""33effc64-dcfe-5ced-badf-c4df49f68dc1"",""a3a03b99-34c0-504b-b529-32b798db318a"",""8b3ec7b0-123f-5597-95f7-1fafc5810d01"",""035c5442-19b8-5a84-8a59-b352a9660279"",""d6d45010-72fa-5741-b733-88958a8795d2"",""ab8215e5-b753-5a6a-a4e7-ad9caf42eeac"",""1b20061c-b208-551a-b06c-81ffeff623fc"",""9b6d0913-2ae6-5dab-ab36-d05e1c51b208"",""a27c1fb2-edc1-57e6-9d74-adb5a13fed3b"",""4696448b-8c21-591b-80cc-7344ea0b95ec"",""c1d75a33-928c-5636-b99c-def1fb29e0f5"",""61eebfb6-2555-5bce-ba71-7a750427392a"",""aba074a1-d451-595d-bc12-e257adbe7383"",""1ca34094-ee4d-5962-a78a-174d361a9cd3"",""7edb0577-da07-5c6f-8391-bb90e9822165"",""d7c5d484-54dc-5d1e-a3ac-65d60267a12c"",""f416cc8b-3bc2-5c4c-a91c-c56faf748684""]",,,,,,,abort_seconds,,,3,0,3,UF4,,,prespecified_B_E,False,explicit in unit columns; exact fractions retained,s
M7-analysis-v5,E-P0R1,UF4:cell:E-P0R1,dbb63e68d4ed9e904fa985aa5b88d674205b6caab086a8d981ac8918a9c68fb5,"[""4afc763c-033e-501c-9c9c-453207d31e62"",""1fed9611-d0cc-51e5-86e7-4ba237c836a2"",""0e4d4039-5409-5be7-a300-ded85e9c22d7"",""1c4afc6f-6679-57b7-ab6b-cec3053e85a1"",""76216ff6-0dab-5f43-913f-741c2deb7596"",""fe7c5fea-171a-5d3e-b93c-b9d53dca7c67"",""784c942d-b222-5013-a2e4-de4aa477a143"",""2f2d84f4-6f41-5df7-a828-cc0a3d9cdddf"",""c68f6332-f200-5595-940d-e5bcad78f1fe"",""54c3aba8-cb42-5023-9591-5cdd68bdd7c5"",""b9ac296e-4c6c-5cdc-9e03-14868c124af2"",""022ddff9-4332-5ba5-b884-42537f220a0c"",""0d262496-18e1-5973-84a6-84fbda64d0ff"",""447860c8-1d56-518b-88ad-7e103990b756"",""616ecfda-7163-5a8d-ba60-01f623d8b124"",""656bacfc-b102-5379-8db2-2f9f127621e0"",""88f2e658-6155-5924-bc85-63fe2aabb08a"",""9f032fb3-90ca-5749-aff5-1065077ac10e"",""4d2e4005-a84b-525b-a492-d367c5e405d0"",""12b20e20-e117-5c00-83bc-e589b92b730e"",""e97a5398-37b9-5e89-91a9-9b3ae48d9534"",""7a8f92c5-5f85-593a-bf90-08e13c60a2e6"",""aa66f5e3-ac0e-57d6-9b69-aa54ea7c4fb9"",""d07b7490-853e-562b-b662-305e89e7718d"",""596c0800-372d-5056-8a35-9f8661656bf4"",""d08816e6-d4d6-5f35-9de3-d86528fa7a96"",""2e126757-f17e-5ee2-93db-94d31ed944b2"",""5e1af4e2-330f-563f-b639-2d3cd8d276c8"",""49cd1889-2a56-5913-8723-929335f68874"",""82b898ba-3b6d-567f-8996-4f259b74547e"",""d38eb7d2-e78b-5c2f-93e4-2e34846e80e6"",""33effc64-dcfe-5ced-badf-c4df49f68dc1"",""a3a03b99-34c0-504b-b529-32b798db318a"",""8b3ec7b0-123f-5597-95f7-1fafc5810d01"",""035c5442-19b8-5a84-8a59-b352a9660279"",""d6d45010-72fa-5741-b733-88958a8795d2"",""ab8215e5-b753-5a6a-a4e7-ad9caf42eeac"",""1b20061c-b208-551a-b06c-81ffeff623fc"",""9b6d0913-2ae6-5dab-ab36-d05e1c51b208"",""a27c1fb2-edc1-57e6-9d74-adb5a13fed3b"",""4696448b-8c21-591b-80cc-7344ea0b95ec"",""c1d75a33-928c-5636-b99c-def1fb29e0f5"",""61eebfb6-2555-5bce-ba71-7a750427392a"",""aba074a1-d451-595d-bc12-e257adbe7383"",""1ca34094-ee4d-5962-a78a-174d361a9cd3"",""7edb0577-da07-5c6f-8391-bb90e9822165"",""d7c5d484-54dc-5d1e-a3ac-65d60267a12c"",""f416cc8b-3bc2-5c4c-a91c-c56faf748684""]",,,,,,,context_preparation_seconds,,,3,0,3,UF4,,,prespecified_B_E,False,explicit in unit columns; exact fractions retained,s
M7-analysis-v5,E-P0R1,UF4:cell:E-P0R1,dbb63e68d4ed9e904fa985aa5b88d674205b6caab086a8d981ac8918a9c68fb5,"[""4afc763c-033e-501c-9c9c-453207d31e62"",""1fed9611-d0cc-51e5-86e7-4ba237c836a2"",""0e4d4039-5409-5be7-a300-ded85e9c22d7"",""1c4afc6f-6679-57b7-ab6b-cec3053e85a1"",""76216ff6-0dab-5f43-913f-741c2deb7596"",""fe7c5fea-171a-5d3e-b93c-b9d53dca7c67"",""784c942d-b222-5013-a2e4-de4aa477a143"",""2f2d84f4-6f41-5df7-a828-cc0a3d9cdddf"",""c68f6332-f200-5595-940d-e5bcad78f1fe"",""54c3aba8-cb42-5023-9591-5cdd68bdd7c5"",""b9ac296e-4c6c-5cdc-9e03-14868c124af2"",""022ddff9-4332-5ba5-b884-42537f220a0c"",""0d262496-18e1-5973-84a6-84fbda64d0ff"",""447860c8-1d56-518b-88ad-7e103990b756"",""616ecfda-7163-5a8d-ba60-01f623d8b124"",""656bacfc-b102-5379-8db2-2f9f127621e0"",""88f2e658-6155-5924-bc85-63fe2aabb08a"",""9f032fb3-90ca-5749-aff5-1065077ac10e"",""4d2e4005-a84b-525b-a492-d367c5e405d0"",""12b20e20-e117-5c00-83bc-e589b92b730e"",""e97a5398-37b9-5e89-91a9-9b3ae48d9534"",""7a8f92c5-5f85-593a-bf90-08e13c60a2e6"",""aa66f5e3-ac0e-57d6-9b69-aa54ea7c4fb9"",""d07b7490-853e-562b-b662-305e89e7718d"",""596c0800-372d-5056-8a35-9f8661656bf4"",""d08816e6-d4d6-5f35-9de3-d86528fa7a96"",""2e126757-f17e-5ee2-93db-94d31ed944b2"",""5e1af4e2-330f-563f-b639-2d3cd8d276c8"",""49cd1889-2a56-5913-8723-929335f68874"",""82b898ba-3b6d-567f-8996-4f259b74547e"",""d38eb7d2-e78b-5c2f-93e4-2e34846e80e6"",""33effc64-dcfe-5ced-badf-c4df49f68dc1"",""a3a03b99-34c0-504b-b529-32b798db318a"",""8b3ec7b0-123f-5597-95f7-1fafc5810d01"",""035c5442-19b8-5a84-8a59-b352a9660279"",""d6d45010-72fa-5741-b733-88958a8795d2"",""ab8215e5-b753-5a6a-a4e7-ad9caf42eeac"",""1b20061c-b208-551a-b06c-81ffeff623fc"",""9b6d0913-2ae6-5dab-ab36-d05e1c51b208"",""a27c1fb2-edc1-57e6-9d74-adb5a13fed3b"",""4696448b-8c21-591b-80cc-7344ea0b95ec"",""c1d75a33-928c-5636-b99c-def1fb29e0f5"",""61eebfb6-2555-5bce-ba71-7a750427392a"",""aba074a1-d451-595d-bc12-e257adbe7383"",""1ca34094-ee4d-5962-a78a-174d361a9cd3"",""7edb0577-da07-5c6f-8391-bb90e9822165"",""d7c5d484-54dc-5d1e-a3ac-65d60267a12c"",""f416cc8b-3bc2-5c4c-a91c-c56faf748684""]",,,,,,,evaluation_seconds,,,3,0,3,UF4,,,prespecified_B_E,False,explicit in unit columns; exact fractions retained,s
M7-analysis-v5,E-P0R1,UF4:cell:E-P0R1,dbb63e68d4ed9e904fa985aa5b88d674205b6caab086a8d981ac8918a9c68fb5,"[""4afc763c-033e-501c-9c9c-453207d31e62"",""1fed9611-d0cc-51e5-86e7-4ba237c836a2"",""0e4d4039-5409-5be7-a300-ded85e9c22d7"",""1c4afc6f-6679-57b7-ab6b-cec3053e85a1"",""76216ff6-0dab-5f43-913f-741c2deb7596"",""fe7c5fea-171a-5d3e-b93c-b9d53dca7c67"",""784c942d-b222-5013-a2e4-de4aa477a143"",""2f2d84f4-6f41-5df7-a828-cc0a3d9cdddf"",""c68f6332-f200-5595-940d-e5bcad78f1fe"",""54c3aba8-cb42-5023-9591-5cdd68bdd7c5"",""b9ac296e-4c6c-5cdc-9e03-14868c124af2"",""022ddff9-4332-5ba5-b884-42537f220a0c"",""0d262496-18e1-5973-84a6-84fbda64d0ff"",""447860c8-1d56-518b-88ad-7e103990b756"",""616ecfda-7163-5a8d-ba60-01f623d8b124"",""656bacfc-b102-5379-8db2-2f9f127621e0"",""88f2e658-6155-5924-bc85-63fe2aabb08a"",""9f032fb3-90ca-5749-aff5-1065077ac10e"",""4d2e4005-a84b-525b-a492-d367c5e405d0"",""12b20e20-e117-5c00-83bc-e589b92b730e"",""e97a5398-37b9-5e89-91a9-9b3ae48d9534"",""7a8f92c5-5f85-593a-bf90-08e13c60a2e6"",""aa66f5e3-ac0e-57d6-9b69-aa54ea7c4fb9"",""d07b7490-853e-562b-b662-305e89e7718d"",""596c0800-372d-5056-8a35-9f8661656bf4"",""d08816e6-d4d6-5f35-9de3-d86528fa7a96"",""2e126757-f17e-5ee2-93db-94d31ed944b2"",""5e1af4e2-330f-563f-b639-2d3cd8d276c8"",""49cd1889-2a56-5913-8723-929335f68874"",""82b898ba-3b6d-567f-8996-4f259b74547e"",""d38eb7d2-e78b-5c2f-93e4-2e34846e80e6"",""33effc64-dcfe-5ced-badf-c4df49f68dc1"",""a3a03b99-34c0-504b-b529-32b798db318a"",""8b3ec7b0-123f-5597-95f7-1fafc5810d01"",""035c5442-19b8-5a84-8a59-b352a9660279"",""d6d45010-72fa-5741-b733-88958a8795d2"",""ab8215e5-b753-5a6a-a4e7-ad9caf42eeac"",""1b20061c-b208-551a-b06c-81ffeff623fc"",""9b6d0913-2ae6-5dab-ab36-d05e1c51b208"",""a27c1fb2-edc1-57e6-9d74-adb5a13fed3b"",""4696448b-8c21-591b-80cc-7344ea0b95ec"",""c1d75a33-928c-5636-b99c-def1fb29e0f5"",""61eebfb6-2555-5bce-ba71-7a750427392a"",""aba074a1-d451-595d-bc12-e257adbe7383"",""1ca34094-ee4d-5962-a78a-174d361a9cd3"",""7edb0577-da07-5c6f-8391-bb90e9822165"",""d7c5d484-54dc-5d1e-a3ac-65d60267a12c"",""f416cc8b-3bc2-5c4c-a91c-c56faf748684""]",,,,,,,inference_seconds,,,3,0,3,UF4,,,prespecified_B_E,False,explicit in unit columns; exact fractions retained,s
M7-analysis-v5,E-P0R1,UF4:cell:E-P0R1,dbb63e68d4ed9e904fa985aa5b88d674205b6caab086a8d981ac8918a9c68fb5,"[""4afc763c-033e-501c-9c9c-453207d31e62"",""1fed9611-d0cc-51e5-86e7-4ba237c836a2"",""0e4d4039-5409-5be7-a300-ded85e9c22d7"",""1c4afc6f-6679-57b7-ab6b-cec3053e85a1"",""76216ff6-0dab-5f43-913f-741c2deb7596"",""fe7c5fea-171a-5d3e-b93c-b9d53dca7c67"",""784c942d-b222-5013-a2e4-de4aa477a143"",""2f2d84f4-6f41-5df7-a828-cc0a3d9cdddf"",""c68f6332-f200-5595-940d-e5bcad78f1fe"",""54c3aba8-cb42-5023-9591-5cdd68bdd7c5"",""b9ac296e-4c6c-5cdc-9e03-14868c124af2"",""022ddff9-4332-5ba5-b884-42537f220a0c"",""0d262496-18e1-5973-84a6-84fbda64d0ff"",""447860c8-1d56-518b-88ad-7e103990b756"",""616ecfda-7163-5a8d-ba60-01f623d8b124"",""656bacfc-b102-5379-8db2-2f9f127621e0"",""88f2e658-6155-5924-bc85-63fe2aabb08a"",""9f032fb3-90ca-5749-aff5-1065077ac10e"",""4d2e4005-a84b-525b-a492-d367c5e405d0"",""12b20e20-e117-5c00-83bc-e589b92b730e"",""e97a5398-37b9-5e89-91a9-9b3ae48d9534"",""7a8f92c5-5f85-593a-bf90-08e13c60a2e6"",""aa66f5e3-ac0e-57d6-9b69-aa54ea7c4fb9"",""d07b7490-853e-562b-b662-305e89e7718d"",""596c0800-372d-5056-8a35-9f8661656bf4"",""d08816e6-d4d6-5f35-9de3-d86528fa7a96"",""2e126757-f17e-5ee2-93db-94d31ed944b2"",""5e1af4e2-330f-563f-b639-2d3cd8d276c8"",""49cd1889-2a56-5913-8723-929335f68874"",""82b898ba-3b6d-567f-8996-4f259b74547e"",""d38eb7d2-e78b-5c2f-93e4-2e34846e80e6"",""33effc64-dcfe-5ced-badf-c4df49f68dc1"",""a3a03b99-34c0-504b-b529-32b798db318a"",""8b3ec7b0-123f-5597-95f7-1fafc5810d01"",""035c5442-19b8-5a84-8a59-b352a9660279"",""d6d45010-72fa-5741-b733-88958a8795d2"",""ab8215e5-b753-5a6a-a4e7-ad9caf42eeac"",""1b20061c-b208-551a-b06c-81ffeff623fc"",""9b6d0913-2ae6-5dab-ab36-d05e1c51b208"",""a27c1fb2-edc1-57e6-9d74-adb5a13fed3b"",""4696448b-8c21-591b-80cc-7344ea0b95ec"",""c1d75a33-928c-5636-b99c-def1fb29e0f5"",""61eebfb6-2555-5bce-ba71-7a750427392a"",""aba074a1-d451-595d-bc12-e257adbe7383"",""1ca34094-ee4d-5962-a78a-174d361a9cd3"",""7edb0577-da07-5c6f-8391-bb90e9822165"",""d7c5d484-54dc-5d1e-a3ac-65d60267a12c"",""f416cc8b-3bc2-5c4c-a91c-c56faf748684""]",,,,,,,load_seconds,,,3,0,3,UF4,,,prespecified_B_E,False,explicit in unit columns; exact fractions retained,s
M7-analysis-v5,E-P0R1,UF4:cell:E-P0R1,dbb63e68d4ed9e904fa985aa5b88d674205b6caab086a8d981ac8918a9c68fb5,"[""4afc763c-033e-501c-9c9c-453207d31e62"",""1fed9611-d0cc-51e5-86e7-4ba237c836a2"",""0e4d4039-5409-5be7-a300-ded85e9c22d7"",""1c4afc6f-6679-57b7-ab6b-cec3053e85a1"",""76216ff6-0dab-5f43-913f-741c2deb7596"",""fe7c5fea-171a-5d3e-b93c-b9d53dca7c67"",""784c942d-b222-5013-a2e4-de4aa477a143"",""2f2d84f4-6f41-5df7-a828-cc0a3d9cdddf"",""c68f6332-f200-5595-940d-e5bcad78f1fe"",""54c3aba8-cb42-5023-9591-5cdd68bdd7c5"",""b9ac296e-4c6c-5cdc-9e03-14868c124af2"",""022ddff9-4332-5ba5-b884-42537f220a0c"",""0d262496-18e1-5973-84a6-84fbda64d0ff"",""447860c8-1d56-518b-88ad-7e103990b756"",""616ecfda-7163-5a8d-ba60-01f623d8b124"",""656bacfc-b102-5379-8db2-2f9f127621e0"",""88f2e658-6155-5924-bc85-63fe2aabb08a"",""9f032fb3-90ca-5749-aff5-1065077ac10e"",""4d2e4005-a84b-525b-a492-d367c5e405d0"",""12b20e20-e117-5c00-83bc-e589b92b730e"",""e97a5398-37b9-5e89-91a9-9b3ae48d9534"",""7a8f92c5-5f85-593a-bf90-08e13c60a2e6"",""aa66f5e3-ac0e-57d6-9b69-aa54ea7c4fb9"",""d07b7490-853e-562b-b662-305e89e7718d"",""596c0800-372d-5056-8a35-9f8661656bf4"",""d08816e6-d4d6-5f35-9de3-d86528fa7a96"",""2e126757-f17e-5ee2-93db-94d31ed944b2"",""5e1af4e2-330f-563f-b639-2d3cd8d276c8"",""49cd1889-2a56-5913-8723-929335f68874"",""82b898ba-3b6d-567f-8996-4f259b74547e"",""d38eb7d2-e78b-5c2f-93e4-2e34846e80e6"",""33effc64-dcfe-5ced-badf-c4df49f68dc1"",""a3a03b99-34c0-504b-b529-32b798db318a"",""8b3ec7b0-123f-5597-95f7-1fafc5810d01"",""035c5442-19b8-5a84-8a59-b352a9660279"",""d6d45010-72fa-5741-b733-88958a8795d2"",""ab8215e5-b753-5a6a-a4e7-ad9caf42eeac"",""1b20061c-b208-551a-b06c-81ffeff623fc"",""9b6d0913-2ae6-5dab-ab36-d05e1c51b208"",""a27c1fb2-edc1-57e6-9d74-adb5a13fed3b"",""4696448b-8c21-591b-80cc-7344ea0b95ec"",""c1d75a33-928c-5636-b99c-def1fb29e0f5"",""61eebfb6-2555-5bce-ba71-7a750427392a"",""aba074a1-d451-595d-bc12-e257adbe7383"",""1ca34094-ee4d-5962-a78a-174d361a9cd3"",""7edb0577-da07-5c6f-8391-bb90e9822165"",""d7c5d484-54dc-5d1e-a3ac-65d60267a12c"",""f416cc8b-3bc2-5c4c-a91c-c56faf748684""]",,,,,,,manual_review_seconds,,,3,0,3,UF4,,,prespecified_B_E,False,explicit in unit columns; exact fractions retained,s
M7-analysis-v5,E-P0R1,UF4:cell:E-P0R1,dbb63e68d4ed9e904fa985aa5b88d674205b6caab086a8d981ac8918a9c68fb5,"[""4afc763c-033e-501c-9c9c-453207d31e62"",""1fed9611-d0cc-51e5-86e7-4ba237c836a2"",""0e4d4039-5409-5be7-a300-ded85e9c22d7"",""1c4afc6f-6679-57b7-ab6b-cec3053e85a1"",""76216ff6-0dab-5f43-913f-741c2deb7596"",""fe7c5fea-171a-5d3e-b93c-b9d53dca7c67"",""784c942d-b222-5013-a2e4-de4aa477a143"",""2f2d84f4-6f41-5df7-a828-cc0a3d9cdddf"",""c68f6332-f200-5595-940d-e5bcad78f1fe"",""54c3aba8-cb42-5023-9591-5cdd68bdd7c5"",""b9ac296e-4c6c-5cdc-9e03-14868c124af2"",""022ddff9-4332-5ba5-b884-42537f220a0c"",""0d262496-18e1-5973-84a6-84fbda64d0ff"",""447860c8-1d56-518b-88ad-7e103990b756"",""616ecfda-7163-5a8d-ba60-01f623d8b124"",""656bacfc-b102-5379-8db2-2f9f127621e0"",""88f2e658-6155-5924-bc85-63fe2aabb08a"",""9f032fb3-90ca-5749-aff5-1065077ac10e"",""4d2e4005-a84b-525b-a492-d367c5e405d0"",""12b20e20-e117-5c00-83bc-e589b92b730e"",""e97a5398-37b9-5e89-91a9-9b3ae48d9534"",""7a8f92c5-5f85-593a-bf90-08e13c60a2e6"",""aa66f5e3-ac0e-57d6-9b69-aa54ea7c4fb9"",""d07b7490-853e-562b-b662-305e89e7718d"",""596c0800-372d-5056-8a35-9f8661656bf4"",""d08816e6-d4d6-5f35-9de3-d86528fa7a96"",""2e126757-f17e-5ee2-93db-94d31ed944b2"",""5e1af4e2-330f-563f-b639-2d3cd8d276c8"",""49cd1889-2a56-5913-8723-929335f68874"",""82b898ba-3b6d-567f-8996-4f259b74547e"",""d38eb7d2-e78b-5c2f-93e4-2e34846e80e6"",""33effc64-dcfe-5ced-badf-c4df49f68dc1"",""a3a03b99-34c0-504b-b529-32b798db318a"",""8b3ec7b0-123f-5597-95f7-1fafc5810d01"",""035c5442-19b8-5a84-8a59-b352a9660279"",""d6d45010-72fa-5741-b733-88958a8795d2"",""ab8215e5-b753-5a6a-a4e7-ad9caf42eeac"",""1b20061c-b208-551a-b06c-81ffeff623fc"",""9b6d0913-2ae6-5dab-ab36-d05e1c51b208"",""a27c1fb2-edc1-57e6-9d74-adb5a13fed3b"",""4696448b-8c21-591b-80cc-7344ea0b95ec"",""c1d75a33-928c-5636-b99c-def1fb29e0f5"",""61eebfb6-2555-5bce-ba71-7a750427392a"",""aba074a1-d451-595d-bc12-e257adbe7383"",""1ca34094-ee4d-5962-a78a-174d361a9cd3"",""7edb0577-da07-5c6f-8391-bb90e9822165"",""d7c5d484-54dc-5d1e-a3ac-65d60267a12c"",""f416cc8b-3bc2-5c4c-a91c-c56faf748684""]",,,,,,,retry_seconds,,,3,0,3,UF4,,,prespecified_B_E,False,explicit in unit columns; exact fractions retained,s
M7-analysis-v5,E-P0R1,UF4:cell:E-P0R1,dbb63e68d4ed9e904fa985aa5b88d674205b6caab086a8d981ac8918a9c68fb5,"[""4afc763c-033e-501c-9c9c-453207d31e62"",""1fed9611-d0cc-51e5-86e7-4ba237c836a2"",""0e4d4039-5409-5be7-a300-ded85e9c22d7"",""1c4afc6f-6679-57b7-ab6b-cec3053e85a1"",""76216ff6-0dab-5f43-913f-741c2deb7596"",""fe7c5fea-171a-5d3e-b93c-b9d53dca7c67"",""784c942d-b222-5013-a2e4-de4aa477a143"",""2f2d84f4-6f41-5df7-a828-cc0a3d9cdddf"",""c68f6332-f200-5595-940d-e5bcad78f1fe"",""54c3aba8-cb42-5023-9591-5cdd68bdd7c5"",""b9ac296e-4c6c-5cdc-9e03-14868c124af2"",""022ddff9-4332-5ba5-b884-42537f220a0c"",""0d262496-18e1-5973-84a6-84fbda64d0ff"",""447860c8-1d56-518b-88ad-7e103990b756"",""616ecfda-7163-5a8d-ba60-01f623d8b124"",""656bacfc-b102-5379-8db2-2f9f127621e0"",""88f2e658-6155-5924-bc85-63fe2aabb08a"",""9f032fb3-90ca-5749-aff5-1065077ac10e"",""4d2e4005-a84b-525b-a492-d367c5e405d0"",""12b20e20-e117-5c00-83bc-e589b92b730e"",""e97a5398-37b9-5e89-91a9-9b3ae48d9534"",""7a8f92c5-5f85-593a-bf90-08e13c60a2e6"",""aa66f5e3-ac0e-57d6-9b69-aa54ea7c4fb9"",""d07b7490-853e-562b-b662-305e89e7718d"",""596c0800-372d-5056-8a35-9f8661656bf4"",""d08816e6-d4d6-5f35-9de3-d86528fa7a96"",""2e126757-f17e-5ee2-93db-94d31ed944b2"",""5e1af4e2-330f-563f-b639-2d3cd8d276c8"",""49cd1889-2a56-5913-8723-929335f68874"",""82b898ba-3b6d-567f-8996-4f259b74547e"",""d38eb7d2-e78b-5c2f-93e4-2e34846e80e6"",""33effc64-dcfe-5ced-badf-c4df49f68dc1"",""a3a03b99-34c0-504b-b529-32b798db318a"",""8b3ec7b0-123f-5597-95f7-1fafc5810d01"",""035c5442-19b8-5a84-8a59-b352a9660279"",""d6d45010-72fa-5741-b733-88958a8795d2"",""ab8215e5-b753-5a6a-a4e7-ad9caf42eeac"",""1b20061c-b208-551a-b06c-81ffeff623fc"",""9b6d0913-2ae6-5dab-ab36-d05e1c51b208"",""a27c1fb2-edc1-57e6-9d74-adb5a13fed3b"",""4696448b-8c21-591b-80cc-7344ea0b95ec"",""c1d75a33-928c-5636-b99c-def1fb29e0f5"",""61eebfb6-2555-5bce-ba71-7a750427392a"",""aba074a1-d451-595d-bc12-e257adbe7383"",""1ca34094-ee4d-5962-a78a-174d361a9cd3"",""7edb0577-da07-5c6f-8391-bb90e9822165"",""d7c5d484-54dc-5d1e-a3ac-65d60267a12c"",""f416cc8b-3bc2-5c4c-a91c-c56faf748684""]",,,,,,,setup_seconds,,,3,0,3,UF4,,,prespecified_B_E,False,explicit in unit columns; exact fractions retained,s
M7-analysis-v5,E-P0R1,UF4:cell:E-P0R1,dbb63e68d4ed9e904fa985aa5b88d674205b6caab086a8d981ac8918a9c68fb5,"[""4afc763c-033e-501c-9c9c-453207d31e62"",""1fed9611-d0cc-51e5-86e7-4ba237c836a2"",""0e4d4039-5409-5be7-a300-ded85e9c22d7"",""1c4afc6f-6679-57b7-ab6b-cec3053e85a1"",""76216ff6-0dab-5f43-913f-741c2deb7596"",""fe7c5fea-171a-5d3e-b93c-b9d53dca7c67"",""784c942d-b222-5013-a2e4-de4aa477a143"",""2f2d84f4-6f41-5df7-a828-cc0a3d9cdddf"",""c68f6332-f200-5595-940d-e5bcad78f1fe"",""54c3aba8-cb42-5023-9591-5cdd68bdd7c5"",""b9ac296e-4c6c-5cdc-9e03-14868c124af2"",""022ddff9-4332-5ba5-b884-42537f220a0c"",""0d262496-18e1-5973-84a6-84fbda64d0ff"",""447860c8-1d56-518b-88ad-7e103990b756"",""616ecfda-7163-5a8d-ba60-01f623d8b124"",""656bacfc-b102-5379-8db2-2f9f127621e0"",""88f2e658-6155-5924-bc85-63fe2aabb08a"",""9f032fb3-90ca-5749-aff5-1065077ac10e"",""4d2e4005-a84b-525b-a492-d367c5e405d0"",""12b20e20-e117-5c00-83bc-e589b92b730e"",""e97a5398-37b9-5e89-91a9-9b3ae48d9534"",""7a8f92c5-5f85-593a-bf90-08e13c60a2e6"",""aa66f5e3-ac0e-57d6-9b69-aa54ea7c4fb9"",""d07b7490-853e-562b-b662-305e89e7718d"",""596c0800-372d-5056-8a35-9f8661656bf4"",""d08816e6-d4d6-5f35-9de3-d86528fa7a96"",""2e126757-f17e-5ee2-93db-94d31ed944b2"",""5e1af4e2-330f-563f-b639-2d3cd8d276c8"",""49cd1889-2a56-5913-8723-929335f68874"",""82b898ba-3b6d-567f-8996-4f259b74547e"",""d38eb7d2-e78b-5c2f-93e4-2e34846e80e6"",""33effc64-dcfe-5ced-badf-c4df49f68dc1"",""a3a03b99-34c0-504b-b529-32b798db318a"",""8b3ec7b0-123f-5597-95f7-1fafc5810d01"",""035c5442-19b8-5a84-8a59-b352a9660279"",""d6d45010-72fa-5741-b733-88958a8795d2"",""ab8215e5-b753-5a6a-a4e7-ad9caf42eeac"",""1b20061c-b208-551a-b06c-81ffeff623fc"",""9b6d0913-2ae6-5dab-ab36-d05e1c51b208"",""a27c1fb2-edc1-57e6-9d74-adb5a13fed3b"",""4696448b-8c21-591b-80cc-7344ea0b95ec"",""c1d75a33-928c-5636-b99c-def1fb29e0f5"",""61eebfb6-2555-5bce-ba71-7a750427392a"",""aba074a1-d451-595d-bc12-e257adbe7383"",""1ca34094-ee4d-5962-a78a-174d361a9cd3"",""7edb0577-da07-5c6f-8391-bb90e9822165"",""d7c5d484-54dc-5d1e-a3ac-65d60267a12c"",""f416cc8b-3bc2-5c4c-a91c-c56faf748684""]",,,,,,,tokens.other,,,3,0,3,UF4,,,prespecified_B_E,False,explicit in unit columns; exact fractions retained,tokens
M7-analysis-v5,E-P1R0,UF4:cell:E-P1R0,dbb63e68d4ed9e904fa985aa5b88d674205b6caab086a8d981ac8918a9c68fb5,"[""4afc763c-033e-501c-9c9c-453207d31e62"",""1fed9611-d0cc-51e5-86e7-4ba237c836a2"",""0e4d4039-5409-5be7-a300-ded85e9c22d7"",""1c4afc6f-6679-57b7-ab6b-cec3053e85a1"",""76216ff6-0dab-5f43-913f-741c2deb7596"",""fe7c5fea-171a-5d3e-b93c-b9d53dca7c67"",""784c942d-b222-5013-a2e4-de4aa477a143"",""2f2d84f4-6f41-5df7-a828-cc0a3d9cdddf"",""c68f6332-f200-5595-940d-e5bcad78f1fe"",""54c3aba8-cb42-5023-9591-5cdd68bdd7c5"",""b9ac296e-4c6c-5cdc-9e03-14868c124af2"",""022ddff9-4332-5ba5-b884-42537f220a0c"",""0d262496-18e1-5973-84a6-84fbda64d0ff"",""447860c8-1d56-518b-88ad-7e103990b756"",""616ecfda-7163-5a8d-ba60-01f623d8b124"",""656bacfc-b102-5379-8db2-2f9f127621e0"",""88f2e658-6155-5924-bc85-63fe2aabb08a"",""9f032fb3-90ca-5749-aff5-1065077ac10e"",""4d2e4005-a84b-525b-a492-d367c5e405d0"",""12b20e20-e117-5c00-83bc-e589b92b730e"",""e97a5398-37b9-5e89-91a9-9b3ae48d9534"",""7a8f92c5-5f85-593a-bf90-08e13c60a2e6"",""aa66f5e3-ac0e-57d6-9b69-aa54ea7c4fb9"",""d07b7490-853e-562b-b662-305e89e7718d"",""596c0800-372d-5056-8a35-9f8661656bf4"",""d08816e6-d4d6-5f35-9de3-d86528fa7a96"",""2e126757-f17e-5ee2-93db-94d31ed944b2"",""5e1af4e2-330f-563f-b639-2d3cd8d276c8"",""49cd1889-2a56-5913-8723-929335f68874"",""82b898ba-3b6d-567f-8996-4f259b74547e"",""d38eb7d2-e78b-5c2f-93e4-2e34846e80e6"",""33effc64-dcfe-5ced-badf-c4df49f68dc1"",""a3a03b99-34c0-504b-b529-32b798db318a"",""8b3ec7b0-123f-5597-95f7-1fafc5810d01"",""035c5442-19b8-5a84-8a59-b352a9660279"",""d6d45010-72fa-5741-b733-88958a8795d2"",""ab8215e5-b753-5a6a-a4e7-ad9caf42eeac"",""1b20061c-b208-551a-b06c-81ffeff623fc"",""9b6d0913-2ae6-5dab-ab36-d05e1c51b208"",""a27c1fb2-edc1-57e6-9d74-adb5a13fed3b"",""4696448b-8c21-591b-80cc-7344ea0b95ec"",""c1d75a33-928c-5636-b99c-def1fb29e0f5"",""61eebfb6-2555-5bce-ba71-7a750427392a"",""aba074a1-d451-595d-bc12-e257adbe7383"",""1ca34094-ee4d-5962-a78a-174d361a9cd3"",""7edb0577-da07-5c6f-8391-bb90e9822165"",""d7c5d484-54dc-5d1e-a3ac-65d60267a12c"",""f416cc8b-3bc2-5c4c-a91c-c56faf748684""]",0,0,0,0,0,0,D,0,0,0,3,3,UF4,0,0,prespecified_B_E,False,explicit in unit columns; exact fractions retained,diagnoses
M7-analysis-v5,E-P1R0,UF4:cell:E-P1R0,dbb63e68d4ed9e904fa985aa5b88d674205b6caab086a8d981ac8918a9c68fb5,"[""4afc763c-033e-501c-9c9c-453207d31e62"",""1fed9611-d0cc-51e5-86e7-4ba237c836a2"",""0e4d4039-5409-5be7-a300-ded85e9c22d7"",""1c4afc6f-6679-57b7-ab6b-cec3053e85a1"",""76216ff6-0dab-5f43-913f-741c2deb7596"",""fe7c5fea-171a-5d3e-b93c-b9d53dca7c67"",""784c942d-b222-5013-a2e4-de4aa477a143"",""2f2d84f4-6f41-5df7-a828-cc0a3d9cdddf"",""c68f6332-f200-5595-940d-e5bcad78f1fe"",""54c3aba8-cb42-5023-9591-5cdd68bdd7c5"",""b9ac296e-4c6c-5cdc-9e03-14868c124af2"",""022ddff9-4332-5ba5-b884-42537f220a0c"",""0d262496-18e1-5973-84a6-84fbda64d0ff"",""447860c8-1d56-518b-88ad-7e103990b756"",""616ecfda-7163-5a8d-ba60-01f623d8b124"",""656bacfc-b102-5379-8db2-2f9f127621e0"",""88f2e658-6155-5924-bc85-63fe2aabb08a"",""9f032fb3-90ca-5749-aff5-1065077ac10e"",""4d2e4005-a84b-525b-a492-d367c5e405d0"",""12b20e20-e117-5c00-83bc-e589b92b730e"",""e97a5398-37b9-5e89-91a9-9b3ae48d9534"",""7a8f92c5-5f85-593a-bf90-08e13c60a2e6"",""aa66f5e3-ac0e-57d6-9b69-aa54ea7c4fb9"",""d07b7490-853e-562b-b662-305e89e7718d"",""596c0800-372d-5056-8a35-9f8661656bf4"",""d08816e6-d4d6-5f35-9de3-d86528fa7a96"",""2e126757-f17e-5ee2-93db-94d31ed944b2"",""5e1af4e2-330f-563f-b639-2d3cd8d276c8"",""49cd1889-2a56-5913-8723-929335f68874"",""82b898ba-3b6d-567f-8996-4f259b74547e"",""d38eb7d2-e78b-5c2f-93e4-2e34846e80e6"",""33effc64-dcfe-5ced-badf-c4df49f68dc1"",""a3a03b99-34c0-504b-b529-32b798db318a"",""8b3ec7b0-123f-5597-95f7-1fafc5810d01"",""035c5442-19b8-5a84-8a59-b352a9660279"",""d6d45010-72fa-5741-b733-88958a8795d2"",""ab8215e5-b753-5a6a-a4e7-ad9caf42eeac"",""1b20061c-b208-551a-b06c-81ffeff623fc"",""9b6d0913-2ae6-5dab-ab36-d05e1c51b208"",""a27c1fb2-edc1-57e6-9d74-adb5a13fed3b"",""4696448b-8c21-591b-80cc-7344ea0b95ec"",""c1d75a33-928c-5636-b99c-def1fb29e0f5"",""61eebfb6-2555-5bce-ba71-7a750427392a"",""aba074a1-d451-595d-bc12-e257adbe7383"",""1ca34094-ee4d-5962-a78a-174d361a9cd3"",""7edb0577-da07-5c6f-8391-bb90e9822165"",""d7c5d484-54dc-5d1e-a3ac-65d60267a12c"",""f416cc8b-3bc2-5c4c-a91c-c56faf748684""]",0,0,0,0,0,0,S,0,0,0,3,3,UF4,0,0,prespecified_B_E,False,explicit in unit columns; exact fractions retained,diagnoses_per_100_lines
M7-analysis-v5,E-P1R0,UF4:cell:E-P1R0,dbb63e68d4ed9e904fa985aa5b88d674205b6caab086a8d981ac8918a9c68fb5,"[""4afc763c-033e-501c-9c9c-453207d31e62"",""1fed9611-d0cc-51e5-86e7-4ba237c836a2"",""0e4d4039-5409-5be7-a300-ded85e9c22d7"",""1c4afc6f-6679-57b7-ab6b-cec3053e85a1"",""76216ff6-0dab-5f43-913f-741c2deb7596"",""fe7c5fea-171a-5d3e-b93c-b9d53dca7c67"",""784c942d-b222-5013-a2e4-de4aa477a143"",""2f2d84f4-6f41-5df7-a828-cc0a3d9cdddf"",""c68f6332-f200-5595-940d-e5bcad78f1fe"",""54c3aba8-cb42-5023-9591-5cdd68bdd7c5"",""b9ac296e-4c6c-5cdc-9e03-14868c124af2"",""022ddff9-4332-5ba5-b884-42537f220a0c"",""0d262496-18e1-5973-84a6-84fbda64d0ff"",""447860c8-1d56-518b-88ad-7e103990b756"",""616ecfda-7163-5a8d-ba60-01f623d8b124"",""656bacfc-b102-5379-8db2-2f9f127621e0"",""88f2e658-6155-5924-bc85-63fe2aabb08a"",""9f032fb3-90ca-5749-aff5-1065077ac10e"",""4d2e4005-a84b-525b-a492-d367c5e405d0"",""12b20e20-e117-5c00-83bc-e589b92b730e"",""e97a5398-37b9-5e89-91a9-9b3ae48d9534"",""7a8f92c5-5f85-593a-bf90-08e13c60a2e6"",""aa66f5e3-ac0e-57d6-9b69-aa54ea7c4fb9"",""d07b7490-853e-562b-b662-305e89e7718d"",""596c0800-372d-5056-8a35-9f8661656bf4"",""d08816e6-d4d6-5f35-9de3-d86528fa7a96"",""2e126757-f17e-5ee2-93db-94d31ed944b2"",""5e1af4e2-330f-563f-b639-2d3cd8d276c8"",""49cd1889-2a56-5913-8723-929335f68874"",""82b898ba-3b6d-567f-8996-4f259b74547e"",""d38eb7d2-e78b-5c2f-93e4-2e34846e80e6"",""33effc64-dcfe-5ced-badf-c4df49f68dc1"",""a3a03b99-34c0-504b-b529-32b798db318a"",""8b3ec7b0-123f-5597-95f7-1fafc5810d01"",""035c5442-19b8-5a84-8a59-b352a9660279"",""d6d45010-72fa-5741-b733-88958a8795d2"",""ab8215e5-b753-5a6a-a4e7-ad9caf42eeac"",""1b20061c-b208-551a-b06c-81ffeff623fc"",""9b6d0913-2ae6-5dab-ab36-d05e1c51b208"",""a27c1fb2-edc1-57e6-9d74-adb5a13fed3b"",""4696448b-8c21-591b-80cc-7344ea0b95ec"",""c1d75a33-928c-5636-b99c-def1fb29e0f5"",""61eebfb6-2555-5bce-ba71-7a750427392a"",""aba074a1-d451-595d-bc12-e257adbe7383"",""1ca34094-ee4d-5962-a78a-174d361a9cd3"",""7edb0577-da07-5c6f-8391-bb90e9822165"",""d7c5d484-54dc-5d1e-a3ac-65d60267a12c"",""f416cc8b-3bc2-5c4c-a91c-c56faf748684""]",0,0,0,0,0,0,outage_seconds,0,0,0,3,3,UF4,0,0,prespecified_B_E,False,explicit in unit columns; exact fractions retained,s
M7-analysis-v5,E-P1R0,UF4:cell:E-P1R0,dbb63e68d4ed9e904fa985aa5b88d674205b6caab086a8d981ac8918a9c68fb5,"[""4afc763c-033e-501c-9c9c-453207d31e62"",""1fed9611-d0cc-51e5-86e7-4ba237c836a2"",""0e4d4039-5409-5be7-a300-ded85e9c22d7"",""1c4afc6f-6679-57b7-ab6b-cec3053e85a1"",""76216ff6-0dab-5f43-913f-741c2deb7596"",""fe7c5fea-171a-5d3e-b93c-b9d53dca7c67"",""784c942d-b222-5013-a2e4-de4aa477a143"",""2f2d84f4-6f41-5df7-a828-cc0a3d9cdddf"",""c68f6332-f200-5595-940d-e5bcad78f1fe"",""54c3aba8-cb42-5023-9591-5cdd68bdd7c5"",""b9ac296e-4c6c-5cdc-9e03-14868c124af2"",""022ddff9-4332-5ba5-b884-42537f220a0c"",""0d262496-18e1-5973-84a6-84fbda64d0ff"",""447860c8-1d56-518b-88ad-7e103990b756"",""616ecfda-7163-5a8d-ba60-01f623d8b124"",""656bacfc-b102-5379-8db2-2f9f127621e0"",""88f2e658-6155-5924-bc85-63fe2aabb08a"",""9f032fb3-90ca-5749-aff5-1065077ac10e"",""4d2e4005-a84b-525b-a492-d367c5e405d0"",""12b20e20-e117-5c00-83bc-e589b92b730e"",""e97a5398-37b9-5e89-91a9-9b3ae48d9534"",""7a8f92c5-5f85-593a-bf90-08e13c60a2e6"",""aa66f5e3-ac0e-57d6-9b69-aa54ea7c4fb9"",""d07b7490-853e-562b-b662-305e89e7718d"",""596c0800-372d-5056-8a35-9f8661656bf4"",""d08816e6-d4d6-5f35-9de3-d86528fa7a96"",""2e126757-f17e-5ee2-93db-94d31ed944b2"",""5e1af4e2-330f-563f-b639-2d3cd8d276c8"",""49cd1889-2a56-5913-8723-929335f68874"",""82b898ba-3b6d-567f-8996-4f259b74547e"",""d38eb7d2-e78b-5c2f-93e4-2e34846e80e6"",""33effc64-dcfe-5ced-badf-c4df49f68dc1"",""a3a03b99-34c0-504b-b529-32b798db318a"",""8b3ec7b0-123f-5597-95f7-1fafc5810d01"",""035c5442-19b8-5a84-8a59-b352a9660279"",""d6d45010-72fa-5741-b733-88958a8795d2"",""ab8215e5-b753-5a6a-a4e7-ad9caf42eeac"",""1b20061c-b208-551a-b06c-81ffeff623fc"",""9b6d0913-2ae6-5dab-ab36-d05e1c51b208"",""a27c1fb2-edc1-57e6-9d74-adb5a13fed3b"",""4696448b-8c21-591b-80cc-7344ea0b95ec"",""c1d75a33-928c-5636-b99c-def1fb29e0f5"",""61eebfb6-2555-5bce-ba71-7a750427392a"",""aba074a1-d451-595d-bc12-e257adbe7383"",""1ca34094-ee4d-5962-a78a-174d361a9cd3"",""7edb0577-da07-5c6f-8391-bb90e9822165"",""d7c5d484-54dc-5d1e-a3ac-65d60267a12c"",""f416cc8b-3bc2-5c4c-a91c-c56faf748684""]",0,0,0,0,0,0,pause_seconds,0,0,0,3,3,UF4,0,0,prespecified_B_E,False,explicit in unit columns; exact fractions retained,s
M7-analysis-v5,E-P1R0,UF4:cell:E-P1R0,dbb63e68d4ed9e904fa985aa5b88d674205b6caab086a8d981ac8918a9c68fb5,"[""4afc763c-033e-501c-9c9c-453207d31e62"",""1fed9611-d0cc-51e5-86e7-4ba237c836a2"",""0e4d4039-5409-5be7-a300-ded85e9c22d7"",""1c4afc6f-6679-57b7-ab6b-cec3053e85a1"",""76216ff6-0dab-5f43-913f-741c2deb7596"",""fe7c5fea-171a-5d3e-b93c-b9d53dca7c67"",""784c942d-b222-5013-a2e4-de4aa477a143"",""2f2d84f4-6f41-5df7-a828-cc0a3d9cdddf"",""c68f6332-f200-5595-940d-e5bcad78f1fe"",""54c3aba8-cb42-5023-9591-5cdd68bdd7c5"",""b9ac296e-4c6c-5cdc-9e03-14868c124af2"",""022ddff9-4332-5ba5-b884-42537f220a0c"",""0d262496-18e1-5973-84a6-84fbda64d0ff"",""447860c8-1d56-518b-88ad-7e103990b756"",""616ecfda-7163-5a8d-ba60-01f623d8b124"",""656bacfc-b102-5379-8db2-2f9f127621e0"",""88f2e658-6155-5924-bc85-63fe2aabb08a"",""9f032fb3-90ca-5749-aff5-1065077ac10e"",""4d2e4005-a84b-525b-a492-d367c5e405d0"",""12b20e20-e117-5c00-83bc-e589b92b730e"",""e97a5398-37b9-5e89-91a9-9b3ae48d9534"",""7a8f92c5-5f85-593a-bf90-08e13c60a2e6"",""aa66f5e3-ac0e-57d6-9b69-aa54ea7c4fb9"",""d07b7490-853e-562b-b662-305e89e7718d"",""596c0800-372d-5056-8a35-9f8661656bf4"",""d08816e6-d4d6-5f35-9de3-d86528fa7a96"",""2e126757-f17e-5ee2-93db-94d31ed944b2"",""5e1af4e2-330f-563f-b639-2d3cd8d276c8"",""49cd1889-2a56-5913-8723-929335f68874"",""82b898ba-3b6d-567f-8996-4f259b74547e"",""d38eb7d2-e78b-5c2f-93e4-2e34846e80e6"",""33effc64-dcfe-5ced-badf-c4df49f68dc1"",""a3a03b99-34c0-504b-b529-32b798db318a"",""8b3ec7b0-123f-5597-95f7-1fafc5810d01"",""035c5442-19b8-5a84-8a59-b352a9660279"",""d6d45010-72fa-5741-b733-88958a8795d2"",""ab8215e5-b753-5a6a-a4e7-ad9caf42eeac"",""1b20061c-b208-551a-b06c-81ffeff623fc"",""9b6d0913-2ae6-5dab-ab36-d05e1c51b208"",""a27c1fb2-edc1-57e6-9d74-adb5a13fed3b"",""4696448b-8c21-591b-80cc-7344ea0b95ec"",""c1d75a33-928c-5636-b99c-def1fb29e0f5"",""61eebfb6-2555-5bce-ba71-7a750427392a"",""aba074a1-d451-595d-bc12-e257adbe7383"",""1ca34094-ee4d-5962-a78a-174d361a9cd3"",""7edb0577-da07-5c6f-8391-bb90e9822165"",""d7c5d484-54dc-5d1e-a3ac-65d60267a12c"",""f416cc8b-3bc2-5c4c-a91c-c56faf748684""]",0,0,0,0,0,0,tokens.cache_read,0,0,0,3,3,UF4,0,0,prespecified_B_E,False,explicit in unit columns; exact fractions retained,tokens
M7-analysis-v5,E-P1R0,UF4:cell:E-P1R0,dbb63e68d4ed9e904fa985aa5b88d674205b6caab086a8d981ac8918a9c68fb5,"[""4afc763c-033e-501c-9c9c-453207d31e62"",""1fed9611-d0cc-51e5-86e7-4ba237c836a2"",""0e4d4039-5409-5be7-a300-ded85e9c22d7"",""1c4afc6f-6679-57b7-ab6b-cec3053e85a1"",""76216ff6-0dab-5f43-913f-741c2deb7596"",""fe7c5fea-171a-5d3e-b93c-b9d53dca7c67"",""784c942d-b222-5013-a2e4-de4aa477a143"",""2f2d84f4-6f41-5df7-a828-cc0a3d9cdddf"",""c68f6332-f200-5595-940d-e5bcad78f1fe"",""54c3aba8-cb42-5023-9591-5cdd68bdd7c5"",""b9ac296e-4c6c-5cdc-9e03-14868c124af2"",""022ddff9-4332-5ba5-b884-42537f220a0c"",""0d262496-18e1-5973-84a6-84fbda64d0ff"",""447860c8-1d56-518b-88ad-7e103990b756"",""616ecfda-7163-5a8d-ba60-01f623d8b124"",""656bacfc-b102-5379-8db2-2f9f127621e0"",""88f2e658-6155-5924-bc85-63fe2aabb08a"",""9f032fb3-90ca-5749-aff5-1065077ac10e"",""4d2e4005-a84b-525b-a492-d367c5e405d0"",""12b20e20-e117-5c00-83bc-e589b92b730e"",""e97a5398-37b9-5e89-91a9-9b3ae48d9534"",""7a8f92c5-5f85-593a-bf90-08e13c60a2e6"",""aa66f5e3-ac0e-57d6-9b69-aa54ea7c4fb9"",""d07b7490-853e-562b-b662-305e89e7718d"",""596c0800-372d-5056-8a35-9f8661656bf4"",""d08816e6-d4d6-5f35-9de3-d86528fa7a96"",""2e126757-f17e-5ee2-93db-94d31ed944b2"",""5e1af4e2-330f-563f-b639-2d3cd8d276c8"",""49cd1889-2a56-5913-8723-929335f68874"",""82b898ba-3b6d-567f-8996-4f259b74547e"",""d38eb7d2-e78b-5c2f-93e4-2e34846e80e6"",""33effc64-dcfe-5ced-badf-c4df49f68dc1"",""a3a03b99-34c0-504b-b529-32b798db318a"",""8b3ec7b0-123f-5597-95f7-1fafc5810d01"",""035c5442-19b8-5a84-8a59-b352a9660279"",""d6d45010-72fa-5741-b733-88958a8795d2"",""ab8215e5-b753-5a6a-a4e7-ad9caf42eeac"",""1b20061c-b208-551a-b06c-81ffeff623fc"",""9b6d0913-2ae6-5dab-ab36-d05e1c51b208"",""a27c1fb2-edc1-57e6-9d74-adb5a13fed3b"",""4696448b-8c21-591b-80cc-7344ea0b95ec"",""c1d75a33-928c-5636-b99c-def1fb29e0f5"",""61eebfb6-2555-5bce-ba71-7a750427392a"",""aba074a1-d451-595d-bc12-e257adbe7383"",""1ca34094-ee4d-5962-a78a-174d361a9cd3"",""7edb0577-da07-5c6f-8391-bb90e9822165"",""d7c5d484-54dc-5d1e-a3ac-65d60267a12c"",""f416cc8b-3bc2-5c4c-a91c-c56faf748684""]",0.094045,0.094045000,0.08765015,0.087650150,0.094016375,0.094016375,cost,0.074889075,0.074889075,0,3,3,UF4,0.01105142439753242848921407320305053431634,0.01105142439753242848921407320305053431634,prespecified_B_E,False,explicit in unit columns; exact fractions retained,USD
M7-analysis-v5,E-P1R0,UF4:cell:E-P1R0,dbb63e68d4ed9e904fa985aa5b88d674205b6caab086a8d981ac8918a9c68fb5,"[""4afc763c-033e-501c-9c9c-453207d31e62"",""1fed9611-d0cc-51e5-86e7-4ba237c836a2"",""0e4d4039-5409-5be7-a300-ded85e9c22d7"",""1c4afc6f-6679-57b7-ab6b-cec3053e85a1"",""76216ff6-0dab-5f43-913f-741c2deb7596"",""fe7c5fea-171a-5d3e-b93c-b9d53dca7c67"",""784c942d-b222-5013-a2e4-de4aa477a143"",""2f2d84f4-6f41-5df7-a828-cc0a3d9cdddf"",""c68f6332-f200-5595-940d-e5bcad78f1fe"",""54c3aba8-cb42-5023-9591-5cdd68bdd7c5"",""b9ac296e-4c6c-5cdc-9e03-14868c124af2"",""022ddff9-4332-5ba5-b884-42537f220a0c"",""0d262496-18e1-5973-84a6-84fbda64d0ff"",""447860c8-1d56-518b-88ad-7e103990b756"",""616ecfda-7163-5a8d-ba60-01f623d8b124"",""656bacfc-b102-5379-8db2-2f9f127621e0"",""88f2e658-6155-5924-bc85-63fe2aabb08a"",""9f032fb3-90ca-5749-aff5-1065077ac10e"",""4d2e4005-a84b-525b-a492-d367c5e405d0"",""12b20e20-e117-5c00-83bc-e589b92b730e"",""e97a5398-37b9-5e89-91a9-9b3ae48d9534"",""7a8f92c5-5f85-593a-bf90-08e13c60a2e6"",""aa66f5e3-ac0e-57d6-9b69-aa54ea7c4fb9"",""d07b7490-853e-562b-b662-305e89e7718d"",""596c0800-372d-5056-8a35-9f8661656bf4"",""d08816e6-d4d6-5f35-9de3-d86528fa7a96"",""2e126757-f17e-5ee2-93db-94d31ed944b2"",""5e1af4e2-330f-563f-b639-2d3cd8d276c8"",""49cd1889-2a56-5913-8723-929335f68874"",""82b898ba-3b6d-567f-8996-4f259b74547e"",""d38eb7d2-e78b-5c2f-93e4-2e34846e80e6"",""33effc64-dcfe-5ced-badf-c4df49f68dc1"",""a3a03b99-34c0-504b-b529-32b798db318a"",""8b3ec7b0-123f-5597-95f7-1fafc5810d01"",""035c5442-19b8-5a84-8a59-b352a9660279"",""d6d45010-72fa-5741-b733-88958a8795d2"",""ab8215e5-b753-5a6a-a4e7-ad9caf42eeac"",""1b20061c-b208-551a-b06c-81ffeff623fc"",""9b6d0913-2ae6-5dab-ab36-d05e1c51b208"",""a27c1fb2-edc1-57e6-9d74-adb5a13fed3b"",""4696448b-8c21-591b-80cc-7344ea0b95ec"",""c1d75a33-928c-5636-b99c-def1fb29e0f5"",""61eebfb6-2555-5bce-ba71-7a750427392a"",""aba074a1-d451-595d-bc12-e257adbe7383"",""1ca34094-ee4d-5962-a78a-174d361a9cd3"",""7edb0577-da07-5c6f-8391-bb90e9822165"",""d7c5d484-54dc-5d1e-a3ac-65d60267a12c"",""f416cc8b-3bc2-5c4c-a91c-c56faf748684""]",1,1,0.6666666666666666666666666666666666666667,2/3,1,1,repair_count,0,0,0,3,3,UF4,0.5773502691896257645091487805019574556476,0.5773502691896257645091487805019574556476,prespecified_B_E,False,explicit in unit columns; exact fractions retained,count
M7-analysis-v5,E-P1R0,UF4:cell:E-P1R0,dbb63e68d4ed9e904fa985aa5b88d674205b6caab086a8d981ac8918a9c68fb5,"[""4afc763c-033e-501c-9c9c-453207d31e62"",""1fed9611-d0cc-51e5-86e7-4ba237c836a2"",""0e4d4039-5409-5be7-a300-ded85e9c22d7"",""1c4afc6f-6679-57b7-ab6b-cec3053e85a1"",""76216ff6-0dab-5f43-913f-741c2deb7596"",""fe7c5fea-171a-5d3e-b93c-b9d53dca7c67"",""784c942d-b222-5013-a2e4-de4aa477a143"",""2f2d84f4-6f41-5df7-a828-cc0a3d9cdddf"",""c68f6332-f200-5595-940d-e5bcad78f1fe"",""54c3aba8-cb42-5023-9591-5cdd68bdd7c5"",""b9ac296e-4c6c-5cdc-9e03-14868c124af2"",""022ddff9-4332-5ba5-b884-42537f220a0c"",""0d262496-18e1-5973-84a6-84fbda64d0ff"",""447860c8-1d56-518b-88ad-7e103990b756"",""616ecfda-7163-5a8d-ba60-01f623d8b124"",""656bacfc-b102-5379-8db2-2f9f127621e0"",""88f2e658-6155-5924-bc85-63fe2aabb08a"",""9f032fb3-90ca-5749-aff5-1065077ac10e"",""4d2e4005-a84b-525b-a492-d367c5e405d0"",""12b20e20-e117-5c00-83bc-e589b92b730e"",""e97a5398-37b9-5e89-91a9-9b3ae48d9534"",""7a8f92c5-5f85-593a-bf90-08e13c60a2e6"",""aa66f5e3-ac0e-57d6-9b69-aa54ea7c4fb9"",""d07b7490-853e-562b-b662-305e89e7718d"",""596c0800-372d-5056-8a35-9f8661656bf4"",""d08816e6-d4d6-5f35-9de3-d86528fa7a96"",""2e126757-f17e-5ee2-93db-94d31ed944b2"",""5e1af4e2-330f-563f-b639-2d3cd8d276c8"",""49cd1889-2a56-5913-8723-929335f68874"",""82b898ba-3b6d-567f-8996-4f259b74547e"",""d38eb7d2-e78b-5c2f-93e4-2e34846e80e6"",""33effc64-dcfe-5ced-badf-c4df49f68dc1"",""a3a03b99-34c0-504b-b529-32b798db318a"",""8b3ec7b0-123f-5597-95f7-1fafc5810d01"",""035c5442-19b8-5a84-8a59-b352a9660279"",""d6d45010-72fa-5741-b733-88958a8795d2"",""ab8215e5-b753-5a6a-a4e7-ad9caf42eeac"",""1b20061c-b208-551a-b06c-81ffeff623fc"",""9b6d0913-2ae6-5dab-ab36-d05e1c51b208"",""a27c1fb2-edc1-57e6-9d74-adb5a13fed3b"",""4696448b-8c21-591b-80cc-7344ea0b95ec"",""c1d75a33-928c-5636-b99c-def1fb29e0f5"",""61eebfb6-2555-5bce-ba71-7a750427392a"",""aba074a1-d451-595d-bc12-e257adbe7383"",""1ca34094-ee4d-5962-a78a-174d361a9cd3"",""7edb0577-da07-5c6f-8391-bb90e9822165"",""d7c5d484-54dc-5d1e-a3ac-65d60267a12c"",""f416cc8b-3bc2-5c4c-a91c-c56faf748684""]",1,1,1,1,1,1,F,1,1,0,3,3,UF4,0,0,prespecified_B_E,False,explicit in unit columns; exact fractions retained,ratio
M7-analysis-v5,E-P1R0,UF4:cell:E-P1R0,dbb63e68d4ed9e904fa985aa5b88d674205b6caab086a8d981ac8918a9c68fb5,"[""4afc763c-033e-501c-9c9c-453207d31e62"",""1fed9611-d0cc-51e5-86e7-4ba237c836a2"",""0e4d4039-5409-5be7-a300-ded85e9c22d7"",""1c4afc6f-6679-57b7-ab6b-cec3053e85a1"",""76216ff6-0dab-5f43-913f-741c2deb7596"",""fe7c5fea-171a-5d3e-b93c-b9d53dca7c67"",""784c942d-b222-5013-a2e4-de4aa477a143"",""2f2d84f4-6f41-5df7-a828-cc0a3d9cdddf"",""c68f6332-f200-5595-940d-e5bcad78f1fe"",""54c3aba8-cb42-5023-9591-5cdd68bdd7c5"",""b9ac296e-4c6c-5cdc-9e03-14868c124af2"",""022ddff9-4332-5ba5-b884-42537f220a0c"",""0d262496-18e1-5973-84a6-84fbda64d0ff"",""447860c8-1d56-518b-88ad-7e103990b756"",""616ecfda-7163-5a8d-ba60-01f623d8b124"",""656bacfc-b102-5379-8db2-2f9f127621e0"",""88f2e658-6155-5924-bc85-63fe2aabb08a"",""9f032fb3-90ca-5749-aff5-1065077ac10e"",""4d2e4005-a84b-525b-a492-d367c5e405d0"",""12b20e20-e117-5c00-83bc-e589b92b730e"",""e97a5398-37b9-5e89-91a9-9b3ae48d9534"",""7a8f92c5-5f85-593a-bf90-08e13c60a2e6"",""aa66f5e3-ac0e-57d6-9b69-aa54ea7c4fb9"",""d07b7490-853e-562b-b662-305e89e7718d"",""596c0800-372d-5056-8a35-9f8661656bf4"",""d08816e6-d4d6-5f35-9de3-d86528fa7a96"",""2e126757-f17e-5ee2-93db-94d31ed944b2"",""5e1af4e2-330f-563f-b639-2d3cd8d276c8"",""49cd1889-2a56-5913-8723-929335f68874"",""82b898ba-3b6d-567f-8996-4f259b74547e"",""d38eb7d2-e78b-5c2f-93e4-2e34846e80e6"",""33effc64-dcfe-5ced-badf-c4df49f68dc1"",""a3a03b99-34c0-504b-b529-32b798db318a"",""8b3ec7b0-123f-5597-95f7-1fafc5810d01"",""035c5442-19b8-5a84-8a59-b352a9660279"",""d6d45010-72fa-5741-b733-88958a8795d2"",""ab8215e5-b753-5a6a-a4e7-ad9caf42eeac"",""1b20061c-b208-551a-b06c-81ffeff623fc"",""9b6d0913-2ae6-5dab-ab36-d05e1c51b208"",""a27c1fb2-edc1-57e6-9d74-adb5a13fed3b"",""4696448b-8c21-591b-80cc-7344ea0b95ec"",""c1d75a33-928c-5636-b99c-def1fb29e0f5"",""61eebfb6-2555-5bce-ba71-7a750427392a"",""aba074a1-d451-595d-bc12-e257adbe7383"",""1ca34094-ee4d-5962-a78a-174d361a9cd3"",""7edb0577-da07-5c6f-8391-bb90e9822165"",""d7c5d484-54dc-5d1e-a3ac-65d60267a12c"",""f416cc8b-3bc2-5c4c-a91c-c56faf748684""]",1,1,1,1,1,1,R1,1,1,0,3,3,UF4,0,0,prespecified_B_E,False,explicit in unit columns; exact fractions retained,binary
M7-analysis-v5,E-P1R0,UF4:cell:E-P1R0,dbb63e68d4ed9e904fa985aa5b88d674205b6caab086a8d981ac8918a9c68fb5,"[""4afc763c-033e-501c-9c9c-453207d31e62"",""1fed9611-d0cc-51e5-86e7-4ba237c836a2"",""0e4d4039-5409-5be7-a300-ded85e9c22d7"",""1c4afc6f-6679-57b7-ab6b-cec3053e85a1"",""76216ff6-0dab-5f43-913f-741c2deb7596"",""fe7c5fea-171a-5d3e-b93c-b9d53dca7c67"",""784c942d-b222-5013-a2e4-de4aa477a143"",""2f2d84f4-6f41-5df7-a828-cc0a3d9cdddf"",""c68f6332-f200-5595-940d-e5bcad78f1fe"",""54c3aba8-cb42-5023-9591-5cdd68bdd7c5"",""b9ac296e-4c6c-5cdc-9e03-14868c124af2"",""022ddff9-4332-5ba5-b884-42537f220a0c"",""0d262496-18e1-5973-84a6-84fbda64d0ff"",""447860c8-1d56-518b-88ad-7e103990b756"",""616ecfda-7163-5a8d-ba60-01f623d8b124"",""656bacfc-b102-5379-8db2-2f9f127621e0"",""88f2e658-6155-5924-bc85-63fe2aabb08a"",""9f032fb3-90ca-5749-aff5-1065077ac10e"",""4d2e4005-a84b-525b-a492-d367c5e405d0"",""12b20e20-e117-5c00-83bc-e589b92b730e"",""e97a5398-37b9-5e89-91a9-9b3ae48d9534"",""7a8f92c5-5f85-593a-bf90-08e13c60a2e6"",""aa66f5e3-ac0e-57d6-9b69-aa54ea7c4fb9"",""d07b7490-853e-562b-b662-305e89e7718d"",""596c0800-372d-5056-8a35-9f8661656bf4"",""d08816e6-d4d6-5f35-9de3-d86528fa7a96"",""2e126757-f17e-5ee2-93db-94d31ed944b2"",""5e1af4e2-330f-563f-b639-2d3cd8d276c8"",""49cd1889-2a56-5913-8723-929335f68874"",""82b898ba-3b6d-567f-8996-4f259b74547e"",""d38eb7d2-e78b-5c2f-93e4-2e34846e80e6"",""33effc64-dcfe-5ced-badf-c4df49f68dc1"",""a3a03b99-34c0-504b-b529-32b798db318a"",""8b3ec7b0-123f-5597-95f7-1fafc5810d01"",""035c5442-19b8-5a84-8a59-b352a9660279"",""d6d45010-72fa-5741-b733-88958a8795d2"",""ab8215e5-b753-5a6a-a4e7-ad9caf42eeac"",""1b20061c-b208-551a-b06c-81ffeff623fc"",""9b6d0913-2ae6-5dab-ab36-d05e1c51b208"",""a27c1fb2-edc1-57e6-9d74-adb5a13fed3b"",""4696448b-8c21-591b-80cc-7344ea0b95ec"",""c1d75a33-928c-5636-b99c-def1fb29e0f5"",""61eebfb6-2555-5bce-ba71-7a750427392a"",""aba074a1-d451-595d-bc12-e257adbe7383"",""1ca34094-ee4d-5962-a78a-174d361a9cd3"",""7edb0577-da07-5c6f-8391-bb90e9822165"",""d7c5d484-54dc-5d1e-a3ac-65d60267a12c"",""f416cc8b-3bc2-5c4c-a91c-c56faf748684""]",1,1,1,1,1,1,R2,1,1,0,3,3,UF4,0,0,prespecified_B_E,False,explicit in unit columns; exact fractions retained,binary
M7-analysis-v5,E-P1R0,UF4:cell:E-P1R0,dbb63e68d4ed9e904fa985aa5b88d674205b6caab086a8d981ac8918a9c68fb5,"[""4afc763c-033e-501c-9c9c-453207d31e62"",""1fed9611-d0cc-51e5-86e7-4ba237c836a2"",""0e4d4039-5409-5be7-a300-ded85e9c22d7"",""1c4afc6f-6679-57b7-ab6b-cec3053e85a1"",""76216ff6-0dab-5f43-913f-741c2deb7596"",""fe7c5fea-171a-5d3e-b93c-b9d53dca7c67"",""784c942d-b222-5013-a2e4-de4aa477a143"",""2f2d84f4-6f41-5df7-a828-cc0a3d9cdddf"",""c68f6332-f200-5595-940d-e5bcad78f1fe"",""54c3aba8-cb42-5023-9591-5cdd68bdd7c5"",""b9ac296e-4c6c-5cdc-9e03-14868c124af2"",""022ddff9-4332-5ba5-b884-42537f220a0c"",""0d262496-18e1-5973-84a6-84fbda64d0ff"",""447860c8-1d56-518b-88ad-7e103990b756"",""616ecfda-7163-5a8d-ba60-01f623d8b124"",""656bacfc-b102-5379-8db2-2f9f127621e0"",""88f2e658-6155-5924-bc85-63fe2aabb08a"",""9f032fb3-90ca-5749-aff5-1065077ac10e"",""4d2e4005-a84b-525b-a492-d367c5e405d0"",""12b20e20-e117-5c00-83bc-e589b92b730e"",""e97a5398-37b9-5e89-91a9-9b3ae48d9534"",""7a8f92c5-5f85-593a-bf90-08e13c60a2e6"",""aa66f5e3-ac0e-57d6-9b69-aa54ea7c4fb9"",""d07b7490-853e-562b-b662-305e89e7718d"",""596c0800-372d-5056-8a35-9f8661656bf4"",""d08816e6-d4d6-5f35-9de3-d86528fa7a96"",""2e126757-f17e-5ee2-93db-94d31ed944b2"",""5e1af4e2-330f-563f-b639-2d3cd8d276c8"",""49cd1889-2a56-5913-8723-929335f68874"",""82b898ba-3b6d-567f-8996-4f259b74547e"",""d38eb7d2-e78b-5c2f-93e4-2e34846e80e6"",""33effc64-dcfe-5ced-badf-c4df49f68dc1"",""a3a03b99-34c0-504b-b529-32b798db318a"",""8b3ec7b0-123f-5597-95f7-1fafc5810d01"",""035c5442-19b8-5a84-8a59-b352a9660279"",""d6d45010-72fa-5741-b733-88958a8795d2"",""ab8215e5-b753-5a6a-a4e7-ad9caf42eeac"",""1b20061c-b208-551a-b06c-81ffeff623fc"",""9b6d0913-2ae6-5dab-ab36-d05e1c51b208"",""a27c1fb2-edc1-57e6-9d74-adb5a13fed3b"",""4696448b-8c21-591b-80cc-7344ea0b95ec"",""c1d75a33-928c-5636-b99c-def1fb29e0f5"",""61eebfb6-2555-5bce-ba71-7a750427392a"",""aba074a1-d451-595d-bc12-e257adbe7383"",""1ca34094-ee4d-5962-a78a-174d361a9cd3"",""7edb0577-da07-5c6f-8391-bb90e9822165"",""d7c5d484-54dc-5d1e-a3ac-65d60267a12c"",""f416cc8b-3bc2-5c4c-a91c-c56faf748684""]",1,1,1,1,1,1,R3,1,1,0,3,3,UF4,0,0,prespecified_B_E,False,explicit in unit columns; exact fractions retained,binary
M7-analysis-v5,E-P1R0,UF4:cell:E-P1R0,dbb63e68d4ed9e904fa985aa5b88d674205b6caab086a8d981ac8918a9c68fb5,"[""4afc763c-033e-501c-9c9c-453207d31e62"",""1fed9611-d0cc-51e5-86e7-4ba237c836a2"",""0e4d4039-5409-5be7-a300-ded85e9c22d7"",""1c4afc6f-6679-57b7-ab6b-cec3053e85a1"",""76216ff6-0dab-5f43-913f-741c2deb7596"",""fe7c5fea-171a-5d3e-b93c-b9d53dca7c67"",""784c942d-b222-5013-a2e4-de4aa477a143"",""2f2d84f4-6f41-5df7-a828-cc0a3d9cdddf"",""c68f6332-f200-5595-940d-e5bcad78f1fe"",""54c3aba8-cb42-5023-9591-5cdd68bdd7c5"",""b9ac296e-4c6c-5cdc-9e03-14868c124af2"",""022ddff9-4332-5ba5-b884-42537f220a0c"",""0d262496-18e1-5973-84a6-84fbda64d0ff"",""447860c8-1d56-518b-88ad-7e103990b756"",""616ecfda-7163-5a8d-ba60-01f623d8b124"",""656bacfc-b102-5379-8db2-2f9f127621e0"",""88f2e658-6155-5924-bc85-63fe2aabb08a"",""9f032fb3-90ca-5749-aff5-1065077ac10e"",""4d2e4005-a84b-525b-a492-d367c5e405d0"",""12b20e20-e117-5c00-83bc-e589b92b730e"",""e97a5398-37b9-5e89-91a9-9b3ae48d9534"",""7a8f92c5-5f85-593a-bf90-08e13c60a2e6"",""aa66f5e3-ac0e-57d6-9b69-aa54ea7c4fb9"",""d07b7490-853e-562b-b662-305e89e7718d"",""596c0800-372d-5056-8a35-9f8661656bf4"",""d08816e6-d4d6-5f35-9de3-d86528fa7a96"",""2e126757-f17e-5ee2-93db-94d31ed944b2"",""5e1af4e2-330f-563f-b639-2d3cd8d276c8"",""49cd1889-2a56-5913-8723-929335f68874"",""82b898ba-3b6d-567f-8996-4f259b74547e"",""d38eb7d2-e78b-5c2f-93e4-2e34846e80e6"",""33effc64-dcfe-5ced-badf-c4df49f68dc1"",""a3a03b99-34c0-504b-b529-32b798db318a"",""8b3ec7b0-123f-5597-95f7-1fafc5810d01"",""035c5442-19b8-5a84-8a59-b352a9660279"",""d6d45010-72fa-5741-b733-88958a8795d2"",""ab8215e5-b753-5a6a-a4e7-ad9caf42eeac"",""1b20061c-b208-551a-b06c-81ffeff623fc"",""9b6d0913-2ae6-5dab-ab36-d05e1c51b208"",""a27c1fb2-edc1-57e6-9d74-adb5a13fed3b"",""4696448b-8c21-591b-80cc-7344ea0b95ec"",""c1d75a33-928c-5636-b99c-def1fb29e0f5"",""61eebfb6-2555-5bce-ba71-7a750427392a"",""aba074a1-d451-595d-bc12-e257adbe7383"",""1ca34094-ee4d-5962-a78a-174d361a9cd3"",""7edb0577-da07-5c6f-8391-bb90e9822165"",""d7c5d484-54dc-5d1e-a3ac-65d60267a12c"",""f416cc8b-3bc2-5c4c-a91c-c56faf748684""]",1,1,1,1,1,1,R4,1,1,0,3,3,UF4,0,0,prespecified_B_E,False,explicit in unit columns; exact fractions retained,binary
M7-analysis-v5,E-P1R0,UF4:cell:E-P1R0,dbb63e68d4ed9e904fa985aa5b88d674205b6caab086a8d981ac8918a9c68fb5,"[""4afc763c-033e-501c-9c9c-453207d31e62"",""1fed9611-d0cc-51e5-86e7-4ba237c836a2"",""0e4d4039-5409-5be7-a300-ded85e9c22d7"",""1c4afc6f-6679-57b7-ab6b-cec3053e85a1"",""76216ff6-0dab-5f43-913f-741c2deb7596"",""fe7c5fea-171a-5d3e-b93c-b9d53dca7c67"",""784c942d-b222-5013-a2e4-de4aa477a143"",""2f2d84f4-6f41-5df7-a828-cc0a3d9cdddf"",""c68f6332-f200-5595-940d-e5bcad78f1fe"",""54c3aba8-cb42-5023-9591-5cdd68bdd7c5"",""b9ac296e-4c6c-5cdc-9e03-14868c124af2"",""022ddff9-4332-5ba5-b884-42537f220a0c"",""0d262496-18e1-5973-84a6-84fbda64d0ff"",""447860c8-1d56-518b-88ad-7e103990b756"",""616ecfda-7163-5a8d-ba60-01f623d8b124"",""656bacfc-b102-5379-8db2-2f9f127621e0"",""88f2e658-6155-5924-bc85-63fe2aabb08a"",""9f032fb3-90ca-5749-aff5-1065077ac10e"",""4d2e4005-a84b-525b-a492-d367c5e405d0"",""12b20e20-e117-5c00-83bc-e589b92b730e"",""e97a5398-37b9-5e89-91a9-9b3ae48d9534"",""7a8f92c5-5f85-593a-bf90-08e13c60a2e6"",""aa66f5e3-ac0e-57d6-9b69-aa54ea7c4fb9"",""d07b7490-853e-562b-b662-305e89e7718d"",""596c0800-372d-5056-8a35-9f8661656bf4"",""d08816e6-d4d6-5f35-9de3-d86528fa7a96"",""2e126757-f17e-5ee2-93db-94d31ed944b2"",""5e1af4e2-330f-563f-b639-2d3cd8d276c8"",""49cd1889-2a56-5913-8723-929335f68874"",""82b898ba-3b6d-567f-8996-4f259b74547e"",""d38eb7d2-e78b-5c2f-93e4-2e34846e80e6"",""33effc64-dcfe-5ced-badf-c4df49f68dc1"",""a3a03b99-34c0-504b-b529-32b798db318a"",""8b3ec7b0-123f-5597-95f7-1fafc5810d01"",""035c5442-19b8-5a84-8a59-b352a9660279"",""d6d45010-72fa-5741-b733-88958a8795d2"",""ab8215e5-b753-5a6a-a4e7-ad9caf42eeac"",""1b20061c-b208-551a-b06c-81ffeff623fc"",""9b6d0913-2ae6-5dab-ab36-d05e1c51b208"",""a27c1fb2-edc1-57e6-9d74-adb5a13fed3b"",""4696448b-8c21-591b-80cc-7344ea0b95ec"",""c1d75a33-928c-5636-b99c-def1fb29e0f5"",""61eebfb6-2555-5bce-ba71-7a750427392a"",""aba074a1-d451-595d-bc12-e257adbe7383"",""1ca34094-ee4d-5962-a78a-174d361a9cd3"",""7edb0577-da07-5c6f-8391-bb90e9822165"",""d7c5d484-54dc-5d1e-a3ac-65d60267a12c"",""f416cc8b-3bc2-5c4c-a91c-c56faf748684""]",1,1,1,1,1,1,R5,1,1,0,3,3,UF4,0,0,prespecified_B_E,False,explicit in unit columns; exact fractions retained,binary
M7-analysis-v5,E-P1R0,UF4:cell:E-P1R0,dbb63e68d4ed9e904fa985aa5b88d674205b6caab086a8d981ac8918a9c68fb5,"[""4afc763c-033e-501c-9c9c-453207d31e62"",""1fed9611-d0cc-51e5-86e7-4ba237c836a2"",""0e4d4039-5409-5be7-a300-ded85e9c22d7"",""1c4afc6f-6679-57b7-ab6b-cec3053e85a1"",""76216ff6-0dab-5f43-913f-741c2deb7596"",""fe7c5fea-171a-5d3e-b93c-b9d53dca7c67"",""784c942d-b222-5013-a2e4-de4aa477a143"",""2f2d84f4-6f41-5df7-a828-cc0a3d9cdddf"",""c68f6332-f200-5595-940d-e5bcad78f1fe"",""54c3aba8-cb42-5023-9591-5cdd68bdd7c5"",""b9ac296e-4c6c-5cdc-9e03-14868c124af2"",""022ddff9-4332-5ba5-b884-42537f220a0c"",""0d262496-18e1-5973-84a6-84fbda64d0ff"",""447860c8-1d56-518b-88ad-7e103990b756"",""616ecfda-7163-5a8d-ba60-01f623d8b124"",""656bacfc-b102-5379-8db2-2f9f127621e0"",""88f2e658-6155-5924-bc85-63fe2aabb08a"",""9f032fb3-90ca-5749-aff5-1065077ac10e"",""4d2e4005-a84b-525b-a492-d367c5e405d0"",""12b20e20-e117-5c00-83bc-e589b92b730e"",""e97a5398-37b9-5e89-91a9-9b3ae48d9534"",""7a8f92c5-5f85-593a-bf90-08e13c60a2e6"",""aa66f5e3-ac0e-57d6-9b69-aa54ea7c4fb9"",""d07b7490-853e-562b-b662-305e89e7718d"",""596c0800-372d-5056-8a35-9f8661656bf4"",""d08816e6-d4d6-5f35-9de3-d86528fa7a96"",""2e126757-f17e-5ee2-93db-94d31ed944b2"",""5e1af4e2-330f-563f-b639-2d3cd8d276c8"",""49cd1889-2a56-5913-8723-929335f68874"",""82b898ba-3b6d-567f-8996-4f259b74547e"",""d38eb7d2-e78b-5c2f-93e4-2e34846e80e6"",""33effc64-dcfe-5ced-badf-c4df49f68dc1"",""a3a03b99-34c0-504b-b529-32b798db318a"",""8b3ec7b0-123f-5597-95f7-1fafc5810d01"",""035c5442-19b8-5a84-8a59-b352a9660279"",""d6d45010-72fa-5741-b733-88958a8795d2"",""ab8215e5-b753-5a6a-a4e7-ad9caf42eeac"",""1b20061c-b208-551a-b06c-81ffeff623fc"",""9b6d0913-2ae6-5dab-ab36-d05e1c51b208"",""a27c1fb2-edc1-57e6-9d74-adb5a13fed3b"",""4696448b-8c21-591b-80cc-7344ea0b95ec"",""c1d75a33-928c-5636-b99c-def1fb29e0f5"",""61eebfb6-2555-5bce-ba71-7a750427392a"",""aba074a1-d451-595d-bc12-e257adbe7383"",""1ca34094-ee4d-5962-a78a-174d361a9cd3"",""7edb0577-da07-5c6f-8391-bb90e9822165"",""d7c5d484-54dc-5d1e-a3ac-65d60267a12c"",""f416cc8b-3bc2-5c4c-a91c-c56faf748684""]",1,1,1,1,1,1,R6,1,1,0,3,3,UF4,0,0,prespecified_B_E,False,explicit in unit columns; exact fractions retained,binary
M7-analysis-v5,E-P1R0,UF4:cell:E-P1R0,dbb63e68d4ed9e904fa985aa5b88d674205b6caab086a8d981ac8918a9c68fb5,"[""4afc763c-033e-501c-9c9c-453207d31e62"",""1fed9611-d0cc-51e5-86e7-4ba237c836a2"",""0e4d4039-5409-5be7-a300-ded85e9c22d7"",""1c4afc6f-6679-57b7-ab6b-cec3053e85a1"",""76216ff6-0dab-5f43-913f-741c2deb7596"",""fe7c5fea-171a-5d3e-b93c-b9d53dca7c67"",""784c942d-b222-5013-a2e4-de4aa477a143"",""2f2d84f4-6f41-5df7-a828-cc0a3d9cdddf"",""c68f6332-f200-5595-940d-e5bcad78f1fe"",""54c3aba8-cb42-5023-9591-5cdd68bdd7c5"",""b9ac296e-4c6c-5cdc-9e03-14868c124af2"",""022ddff9-4332-5ba5-b884-42537f220a0c"",""0d262496-18e1-5973-84a6-84fbda64d0ff"",""447860c8-1d56-518b-88ad-7e103990b756"",""616ecfda-7163-5a8d-ba60-01f623d8b124"",""656bacfc-b102-5379-8db2-2f9f127621e0"",""88f2e658-6155-5924-bc85-63fe2aabb08a"",""9f032fb3-90ca-5749-aff5-1065077ac10e"",""4d2e4005-a84b-525b-a492-d367c5e405d0"",""12b20e20-e117-5c00-83bc-e589b92b730e"",""e97a5398-37b9-5e89-91a9-9b3ae48d9534"",""7a8f92c5-5f85-593a-bf90-08e13c60a2e6"",""aa66f5e3-ac0e-57d6-9b69-aa54ea7c4fb9"",""d07b7490-853e-562b-b662-305e89e7718d"",""596c0800-372d-5056-8a35-9f8661656bf4"",""d08816e6-d4d6-5f35-9de3-d86528fa7a96"",""2e126757-f17e-5ee2-93db-94d31ed944b2"",""5e1af4e2-330f-563f-b639-2d3cd8d276c8"",""49cd1889-2a56-5913-8723-929335f68874"",""82b898ba-3b6d-567f-8996-4f259b74547e"",""d38eb7d2-e78b-5c2f-93e4-2e34846e80e6"",""33effc64-dcfe-5ced-badf-c4df49f68dc1"",""a3a03b99-34c0-504b-b529-32b798db318a"",""8b3ec7b0-123f-5597-95f7-1fafc5810d01"",""035c5442-19b8-5a84-8a59-b352a9660279"",""d6d45010-72fa-5741-b733-88958a8795d2"",""ab8215e5-b753-5a6a-a4e7-ad9caf42eeac"",""1b20061c-b208-551a-b06c-81ffeff623fc"",""9b6d0913-2ae6-5dab-ab36-d05e1c51b208"",""a27c1fb2-edc1-57e6-9d74-adb5a13fed3b"",""4696448b-8c21-591b-80cc-7344ea0b95ec"",""c1d75a33-928c-5636-b99c-def1fb29e0f5"",""61eebfb6-2555-5bce-ba71-7a750427392a"",""aba074a1-d451-595d-bc12-e257adbe7383"",""1ca34094-ee4d-5962-a78a-174d361a9cd3"",""7edb0577-da07-5c6f-8391-bb90e9822165"",""d7c5d484-54dc-5d1e-a3ac-65d60267a12c"",""f416cc8b-3bc2-5c4c-a91c-c56faf748684""]",1,1,1,1,1,1,T,1,1,0,3,3,UF4,0,0,prespecified_B_E,False,explicit in unit columns; exact fractions retained,binary
M7-analysis-v5,E-P1R0,UF4:cell:E-P1R0,dbb63e68d4ed9e904fa985aa5b88d674205b6caab086a8d981ac8918a9c68fb5,"[""4afc763c-033e-501c-9c9c-453207d31e62"",""1fed9611-d0cc-51e5-86e7-4ba237c836a2"",""0e4d4039-5409-5be7-a300-ded85e9c22d7"",""1c4afc6f-6679-57b7-ab6b-cec3053e85a1"",""76216ff6-0dab-5f43-913f-741c2deb7596"",""fe7c5fea-171a-5d3e-b93c-b9d53dca7c67"",""784c942d-b222-5013-a2e4-de4aa477a143"",""2f2d84f4-6f41-5df7-a828-cc0a3d9cdddf"",""c68f6332-f200-5595-940d-e5bcad78f1fe"",""54c3aba8-cb42-5023-9591-5cdd68bdd7c5"",""b9ac296e-4c6c-5cdc-9e03-14868c124af2"",""022ddff9-4332-5ba5-b884-42537f220a0c"",""0d262496-18e1-5973-84a6-84fbda64d0ff"",""447860c8-1d56-518b-88ad-7e103990b756"",""616ecfda-7163-5a8d-ba60-01f623d8b124"",""656bacfc-b102-5379-8db2-2f9f127621e0"",""88f2e658-6155-5924-bc85-63fe2aabb08a"",""9f032fb3-90ca-5749-aff5-1065077ac10e"",""4d2e4005-a84b-525b-a492-d367c5e405d0"",""12b20e20-e117-5c00-83bc-e589b92b730e"",""e97a5398-37b9-5e89-91a9-9b3ae48d9534"",""7a8f92c5-5f85-593a-bf90-08e13c60a2e6"",""aa66f5e3-ac0e-57d6-9b69-aa54ea7c4fb9"",""d07b7490-853e-562b-b662-305e89e7718d"",""596c0800-372d-5056-8a35-9f8661656bf4"",""d08816e6-d4d6-5f35-9de3-d86528fa7a96"",""2e126757-f17e-5ee2-93db-94d31ed944b2"",""5e1af4e2-330f-563f-b639-2d3cd8d276c8"",""49cd1889-2a56-5913-8723-929335f68874"",""82b898ba-3b6d-567f-8996-4f259b74547e"",""d38eb7d2-e78b-5c2f-93e4-2e34846e80e6"",""33effc64-dcfe-5ced-badf-c4df49f68dc1"",""a3a03b99-34c0-504b-b529-32b798db318a"",""8b3ec7b0-123f-5597-95f7-1fafc5810d01"",""035c5442-19b8-5a84-8a59-b352a9660279"",""d6d45010-72fa-5741-b733-88958a8795d2"",""ab8215e5-b753-5a6a-a4e7-ad9caf42eeac"",""1b20061c-b208-551a-b06c-81ffeff623fc"",""9b6d0913-2ae6-5dab-ab36-d05e1c51b208"",""a27c1fb2-edc1-57e6-9d74-adb5a13fed3b"",""4696448b-8c21-591b-80cc-7344ea0b95ec"",""c1d75a33-928c-5636-b99c-def1fb29e0f5"",""61eebfb6-2555-5bce-ba71-7a750427392a"",""aba074a1-d451-595d-bc12-e257adbe7383"",""1ca34094-ee4d-5962-a78a-174d361a9cd3"",""7edb0577-da07-5c6f-8391-bb90e9822165"",""d7c5d484-54dc-5d1e-a3ac-65d60267a12c"",""f416cc8b-3bc2-5c4c-a91c-c56faf748684""]",1,1,1,1,1,1,T1,1,1,0,3,3,UF4,0,0,prespecified_B_E,False,explicit in unit columns; exact fractions retained,binary
M7-analysis-v5,E-P1R0,UF4:cell:E-P1R0,dbb63e68d4ed9e904fa985aa5b88d674205b6caab086a8d981ac8918a9c68fb5,"[""4afc763c-033e-501c-9c9c-453207d31e62"",""1fed9611-d0cc-51e5-86e7-4ba237c836a2"",""0e4d4039-5409-5be7-a300-ded85e9c22d7"",""1c4afc6f-6679-57b7-ab6b-cec3053e85a1"",""76216ff6-0dab-5f43-913f-741c2deb7596"",""fe7c5fea-171a-5d3e-b93c-b9d53dca7c67"",""784c942d-b222-5013-a2e4-de4aa477a143"",""2f2d84f4-6f41-5df7-a828-cc0a3d9cdddf"",""c68f6332-f200-5595-940d-e5bcad78f1fe"",""54c3aba8-cb42-5023-9591-5cdd68bdd7c5"",""b9ac296e-4c6c-5cdc-9e03-14868c124af2"",""022ddff9-4332-5ba5-b884-42537f220a0c"",""0d262496-18e1-5973-84a6-84fbda64d0ff"",""447860c8-1d56-518b-88ad-7e103990b756"",""616ecfda-7163-5a8d-ba60-01f623d8b124"",""656bacfc-b102-5379-8db2-2f9f127621e0"",""88f2e658-6155-5924-bc85-63fe2aabb08a"",""9f032fb3-90ca-5749-aff5-1065077ac10e"",""4d2e4005-a84b-525b-a492-d367c5e405d0"",""12b20e20-e117-5c00-83bc-e589b92b730e"",""e97a5398-37b9-5e89-91a9-9b3ae48d9534"",""7a8f92c5-5f85-593a-bf90-08e13c60a2e6"",""aa66f5e3-ac0e-57d6-9b69-aa54ea7c4fb9"",""d07b7490-853e-562b-b662-305e89e7718d"",""596c0800-372d-5056-8a35-9f8661656bf4"",""d08816e6-d4d6-5f35-9de3-d86528fa7a96"",""2e126757-f17e-5ee2-93db-94d31ed944b2"",""5e1af4e2-330f-563f-b639-2d3cd8d276c8"",""49cd1889-2a56-5913-8723-929335f68874"",""82b898ba-3b6d-567f-8996-4f259b74547e"",""d38eb7d2-e78b-5c2f-93e4-2e34846e80e6"",""33effc64-dcfe-5ced-badf-c4df49f68dc1"",""a3a03b99-34c0-504b-b529-32b798db318a"",""8b3ec7b0-123f-5597-95f7-1fafc5810d01"",""035c5442-19b8-5a84-8a59-b352a9660279"",""d6d45010-72fa-5741-b733-88958a8795d2"",""ab8215e5-b753-5a6a-a4e7-ad9caf42eeac"",""1b20061c-b208-551a-b06c-81ffeff623fc"",""9b6d0913-2ae6-5dab-ab36-d05e1c51b208"",""a27c1fb2-edc1-57e6-9d74-adb5a13fed3b"",""4696448b-8c21-591b-80cc-7344ea0b95ec"",""c1d75a33-928c-5636-b99c-def1fb29e0f5"",""61eebfb6-2555-5bce-ba71-7a750427392a"",""aba074a1-d451-595d-bc12-e257adbe7383"",""1ca34094-ee4d-5962-a78a-174d361a9cd3"",""7edb0577-da07-5c6f-8391-bb90e9822165"",""d7c5d484-54dc-5d1e-a3ac-65d60267a12c"",""f416cc8b-3bc2-5c4c-a91c-c56faf748684""]",1,1,1,1,1,1,T2,1,1,0,3,3,UF4,0,0,prespecified_B_E,False,explicit in unit columns; exact fractions retained,binary
M7-analysis-v5,E-P1R0,UF4:cell:E-P1R0,dbb63e68d4ed9e904fa985aa5b88d674205b6caab086a8d981ac8918a9c68fb5,"[""4afc763c-033e-501c-9c9c-453207d31e62"",""1fed9611-d0cc-51e5-86e7-4ba237c836a2"",""0e4d4039-5409-5be7-a300-ded85e9c22d7"",""1c4afc6f-6679-57b7-ab6b-cec3053e85a1"",""76216ff6-0dab-5f43-913f-741c2deb7596"",""fe7c5fea-171a-5d3e-b93c-b9d53dca7c67"",""784c942d-b222-5013-a2e4-de4aa477a143"",""2f2d84f4-6f41-5df7-a828-cc0a3d9cdddf"",""c68f6332-f200-5595-940d-e5bcad78f1fe"",""54c3aba8-cb42-5023-9591-5cdd68bdd7c5"",""b9ac296e-4c6c-5cdc-9e03-14868c124af2"",""022ddff9-4332-5ba5-b884-42537f220a0c"",""0d262496-18e1-5973-84a6-84fbda64d0ff"",""447860c8-1d56-518b-88ad-7e103990b756"",""616ecfda-7163-5a8d-ba60-01f623d8b124"",""656bacfc-b102-5379-8db2-2f9f127621e0"",""88f2e658-6155-5924-bc85-63fe2aabb08a"",""9f032fb3-90ca-5749-aff5-1065077ac10e"",""4d2e4005-a84b-525b-a492-d367c5e405d0"",""12b20e20-e117-5c00-83bc-e589b92b730e"",""e97a5398-37b9-5e89-91a9-9b3ae48d9534"",""7a8f92c5-5f85-593a-bf90-08e13c60a2e6"",""aa66f5e3-ac0e-57d6-9b69-aa54ea7c4fb9"",""d07b7490-853e-562b-b662-305e89e7718d"",""596c0800-372d-5056-8a35-9f8661656bf4"",""d08816e6-d4d6-5f35-9de3-d86528fa7a96"",""2e126757-f17e-5ee2-93db-94d31ed944b2"",""5e1af4e2-330f-563f-b639-2d3cd8d276c8"",""49cd1889-2a56-5913-8723-929335f68874"",""82b898ba-3b6d-567f-8996-4f259b74547e"",""d38eb7d2-e78b-5c2f-93e4-2e34846e80e6"",""33effc64-dcfe-5ced-badf-c4df49f68dc1"",""a3a03b99-34c0-504b-b529-32b798db318a"",""8b3ec7b0-123f-5597-95f7-1fafc5810d01"",""035c5442-19b8-5a84-8a59-b352a9660279"",""d6d45010-72fa-5741-b733-88958a8795d2"",""ab8215e5-b753-5a6a-a4e7-ad9caf42eeac"",""1b20061c-b208-551a-b06c-81ffeff623fc"",""9b6d0913-2ae6-5dab-ab36-d05e1c51b208"",""a27c1fb2-edc1-57e6-9d74-adb5a13fed3b"",""4696448b-8c21-591b-80cc-7344ea0b95ec"",""c1d75a33-928c-5636-b99c-def1fb29e0f5"",""61eebfb6-2555-5bce-ba71-7a750427392a"",""aba074a1-d451-595d-bc12-e257adbe7383"",""1ca34094-ee4d-5962-a78a-174d361a9cd3"",""7edb0577-da07-5c6f-8391-bb90e9822165"",""d7c5d484-54dc-5d1e-a3ac-65d60267a12c"",""f416cc8b-3bc2-5c4c-a91c-c56faf748684""]",1,1,1,1,1,1,T3,1,1,0,3,3,UF4,0,0,prespecified_B_E,False,explicit in unit columns; exact fractions retained,binary
M7-analysis-v5,E-P1R0,UF4:cell:E-P1R0,dbb63e68d4ed9e904fa985aa5b88d674205b6caab086a8d981ac8918a9c68fb5,"[""4afc763c-033e-501c-9c9c-453207d31e62"",""1fed9611-d0cc-51e5-86e7-4ba237c836a2"",""0e4d4039-5409-5be7-a300-ded85e9c22d7"",""1c4afc6f-6679-57b7-ab6b-cec3053e85a1"",""76216ff6-0dab-5f43-913f-741c2deb7596"",""fe7c5fea-171a-5d3e-b93c-b9d53dca7c67"",""784c942d-b222-5013-a2e4-de4aa477a143"",""2f2d84f4-6f41-5df7-a828-cc0a3d9cdddf"",""c68f6332-f200-5595-940d-e5bcad78f1fe"",""54c3aba8-cb42-5023-9591-5cdd68bdd7c5"",""b9ac296e-4c6c-5cdc-9e03-14868c124af2"",""022ddff9-4332-5ba5-b884-42537f220a0c"",""0d262496-18e1-5973-84a6-84fbda64d0ff"",""447860c8-1d56-518b-88ad-7e103990b756"",""616ecfda-7163-5a8d-ba60-01f623d8b124"",""656bacfc-b102-5379-8db2-2f9f127621e0"",""88f2e658-6155-5924-bc85-63fe2aabb08a"",""9f032fb3-90ca-5749-aff5-1065077ac10e"",""4d2e4005-a84b-525b-a492-d367c5e405d0"",""12b20e20-e117-5c00-83bc-e589b92b730e"",""e97a5398-37b9-5e89-91a9-9b3ae48d9534"",""7a8f92c5-5f85-593a-bf90-08e13c60a2e6"",""aa66f5e3-ac0e-57d6-9b69-aa54ea7c4fb9"",""d07b7490-853e-562b-b662-305e89e7718d"",""596c0800-372d-5056-8a35-9f8661656bf4"",""d08816e6-d4d6-5f35-9de3-d86528fa7a96"",""2e126757-f17e-5ee2-93db-94d31ed944b2"",""5e1af4e2-330f-563f-b639-2d3cd8d276c8"",""49cd1889-2a56-5913-8723-929335f68874"",""82b898ba-3b6d-567f-8996-4f259b74547e"",""d38eb7d2-e78b-5c2f-93e4-2e34846e80e6"",""33effc64-dcfe-5ced-badf-c4df49f68dc1"",""a3a03b99-34c0-504b-b529-32b798db318a"",""8b3ec7b0-123f-5597-95f7-1fafc5810d01"",""035c5442-19b8-5a84-8a59-b352a9660279"",""d6d45010-72fa-5741-b733-88958a8795d2"",""ab8215e5-b753-5a6a-a4e7-ad9caf42eeac"",""1b20061c-b208-551a-b06c-81ffeff623fc"",""9b6d0913-2ae6-5dab-ab36-d05e1c51b208"",""a27c1fb2-edc1-57e6-9d74-adb5a13fed3b"",""4696448b-8c21-591b-80cc-7344ea0b95ec"",""c1d75a33-928c-5636-b99c-def1fb29e0f5"",""61eebfb6-2555-5bce-ba71-7a750427392a"",""aba074a1-d451-595d-bc12-e257adbe7383"",""1ca34094-ee4d-5962-a78a-174d361a9cd3"",""7edb0577-da07-5c6f-8391-bb90e9822165"",""d7c5d484-54dc-5d1e-a3ac-65d60267a12c"",""f416cc8b-3bc2-5c4c-a91c-c56faf748684""]",1,1,1,1,1,1,T4,1,1,0,3,3,UF4,0,0,prespecified_B_E,False,explicit in unit columns; exact fractions retained,binary
M7-analysis-v5,E-P1R0,UF4:cell:E-P1R0,dbb63e68d4ed9e904fa985aa5b88d674205b6caab086a8d981ac8918a9c68fb5,"[""4afc763c-033e-501c-9c9c-453207d31e62"",""1fed9611-d0cc-51e5-86e7-4ba237c836a2"",""0e4d4039-5409-5be7-a300-ded85e9c22d7"",""1c4afc6f-6679-57b7-ab6b-cec3053e85a1"",""76216ff6-0dab-5f43-913f-741c2deb7596"",""fe7c5fea-171a-5d3e-b93c-b9d53dca7c67"",""784c942d-b222-5013-a2e4-de4aa477a143"",""2f2d84f4-6f41-5df7-a828-cc0a3d9cdddf"",""c68f6332-f200-5595-940d-e5bcad78f1fe"",""54c3aba8-cb42-5023-9591-5cdd68bdd7c5"",""b9ac296e-4c6c-5cdc-9e03-14868c124af2"",""022ddff9-4332-5ba5-b884-42537f220a0c"",""0d262496-18e1-5973-84a6-84fbda64d0ff"",""447860c8-1d56-518b-88ad-7e103990b756"",""616ecfda-7163-5a8d-ba60-01f623d8b124"",""656bacfc-b102-5379-8db2-2f9f127621e0"",""88f2e658-6155-5924-bc85-63fe2aabb08a"",""9f032fb3-90ca-5749-aff5-1065077ac10e"",""4d2e4005-a84b-525b-a492-d367c5e405d0"",""12b20e20-e117-5c00-83bc-e589b92b730e"",""e97a5398-37b9-5e89-91a9-9b3ae48d9534"",""7a8f92c5-5f85-593a-bf90-08e13c60a2e6"",""aa66f5e3-ac0e-57d6-9b69-aa54ea7c4fb9"",""d07b7490-853e-562b-b662-305e89e7718d"",""596c0800-372d-5056-8a35-9f8661656bf4"",""d08816e6-d4d6-5f35-9de3-d86528fa7a96"",""2e126757-f17e-5ee2-93db-94d31ed944b2"",""5e1af4e2-330f-563f-b639-2d3cd8d276c8"",""49cd1889-2a56-5913-8723-929335f68874"",""82b898ba-3b6d-567f-8996-4f259b74547e"",""d38eb7d2-e78b-5c2f-93e4-2e34846e80e6"",""33effc64-dcfe-5ced-badf-c4df49f68dc1"",""a3a03b99-34c0-504b-b529-32b798db318a"",""8b3ec7b0-123f-5597-95f7-1fafc5810d01"",""035c5442-19b8-5a84-8a59-b352a9660279"",""d6d45010-72fa-5741-b733-88958a8795d2"",""ab8215e5-b753-5a6a-a4e7-ad9caf42eeac"",""1b20061c-b208-551a-b06c-81ffeff623fc"",""9b6d0913-2ae6-5dab-ab36-d05e1c51b208"",""a27c1fb2-edc1-57e6-9d74-adb5a13fed3b"",""4696448b-8c21-591b-80cc-7344ea0b95ec"",""c1d75a33-928c-5636-b99c-def1fb29e0f5"",""61eebfb6-2555-5bce-ba71-7a750427392a"",""aba074a1-d451-595d-bc12-e257adbe7383"",""1ca34094-ee4d-5962-a78a-174d361a9cd3"",""7edb0577-da07-5c6f-8391-bb90e9822165"",""d7c5d484-54dc-5d1e-a3ac-65d60267a12c"",""f416cc8b-3bc2-5c4c-a91c-c56faf748684""]",1,1,1,1,1,1,T5,1,1,0,3,3,UF4,0,0,prespecified_B_E,False,explicit in unit columns; exact fractions retained,binary
M7-analysis-v5,E-P1R0,UF4:cell:E-P1R0,dbb63e68d4ed9e904fa985aa5b88d674205b6caab086a8d981ac8918a9c68fb5,"[""4afc763c-033e-501c-9c9c-453207d31e62"",""1fed9611-d0cc-51e5-86e7-4ba237c836a2"",""0e4d4039-5409-5be7-a300-ded85e9c22d7"",""1c4afc6f-6679-57b7-ab6b-cec3053e85a1"",""76216ff6-0dab-5f43-913f-741c2deb7596"",""fe7c5fea-171a-5d3e-b93c-b9d53dca7c67"",""784c942d-b222-5013-a2e4-de4aa477a143"",""2f2d84f4-6f41-5df7-a828-cc0a3d9cdddf"",""c68f6332-f200-5595-940d-e5bcad78f1fe"",""54c3aba8-cb42-5023-9591-5cdd68bdd7c5"",""b9ac296e-4c6c-5cdc-9e03-14868c124af2"",""022ddff9-4332-5ba5-b884-42537f220a0c"",""0d262496-18e1-5973-84a6-84fbda64d0ff"",""447860c8-1d56-518b-88ad-7e103990b756"",""616ecfda-7163-5a8d-ba60-01f623d8b124"",""656bacfc-b102-5379-8db2-2f9f127621e0"",""88f2e658-6155-5924-bc85-63fe2aabb08a"",""9f032fb3-90ca-5749-aff5-1065077ac10e"",""4d2e4005-a84b-525b-a492-d367c5e405d0"",""12b20e20-e117-5c00-83bc-e589b92b730e"",""e97a5398-37b9-5e89-91a9-9b3ae48d9534"",""7a8f92c5-5f85-593a-bf90-08e13c60a2e6"",""aa66f5e3-ac0e-57d6-9b69-aa54ea7c4fb9"",""d07b7490-853e-562b-b662-305e89e7718d"",""596c0800-372d-5056-8a35-9f8661656bf4"",""d08816e6-d4d6-5f35-9de3-d86528fa7a96"",""2e126757-f17e-5ee2-93db-94d31ed944b2"",""5e1af4e2-330f-563f-b639-2d3cd8d276c8"",""49cd1889-2a56-5913-8723-929335f68874"",""82b898ba-3b6d-567f-8996-4f259b74547e"",""d38eb7d2-e78b-5c2f-93e4-2e34846e80e6"",""33effc64-dcfe-5ced-badf-c4df49f68dc1"",""a3a03b99-34c0-504b-b529-32b798db318a"",""8b3ec7b0-123f-5597-95f7-1fafc5810d01"",""035c5442-19b8-5a84-8a59-b352a9660279"",""d6d45010-72fa-5741-b733-88958a8795d2"",""ab8215e5-b753-5a6a-a4e7-ad9caf42eeac"",""1b20061c-b208-551a-b06c-81ffeff623fc"",""9b6d0913-2ae6-5dab-ab36-d05e1c51b208"",""a27c1fb2-edc1-57e6-9d74-adb5a13fed3b"",""4696448b-8c21-591b-80cc-7344ea0b95ec"",""c1d75a33-928c-5636-b99c-def1fb29e0f5"",""61eebfb6-2555-5bce-ba71-7a750427392a"",""aba074a1-d451-595d-bc12-e257adbe7383"",""1ca34094-ee4d-5962-a78a-174d361a9cd3"",""7edb0577-da07-5c6f-8391-bb90e9822165"",""d7c5d484-54dc-5d1e-a3ac-65d60267a12c"",""f416cc8b-3bc2-5c4c-a91c-c56faf748684""]",1,1,1,1,1,1,full_success,1,1,0,3,3,UF4,0,0,prespecified_B_E,False,explicit in unit columns; exact fractions retained,binary
M7-analysis-v5,E-P1R0,UF4:cell:E-P1R0,dbb63e68d4ed9e904fa985aa5b88d674205b6caab086a8d981ac8918a9c68fb5,"[""4afc763c-033e-501c-9c9c-453207d31e62"",""1fed9611-d0cc-51e5-86e7-4ba237c836a2"",""0e4d4039-5409-5be7-a300-ded85e9c22d7"",""1c4afc6f-6679-57b7-ab6b-cec3053e85a1"",""76216ff6-0dab-5f43-913f-741c2deb7596"",""fe7c5fea-171a-5d3e-b93c-b9d53dca7c67"",""784c942d-b222-5013-a2e4-de4aa477a143"",""2f2d84f4-6f41-5df7-a828-cc0a3d9cdddf"",""c68f6332-f200-5595-940d-e5bcad78f1fe"",""54c3aba8-cb42-5023-9591-5cdd68bdd7c5"",""b9ac296e-4c6c-5cdc-9e03-14868c124af2"",""022ddff9-4332-5ba5-b884-42537f220a0c"",""0d262496-18e1-5973-84a6-84fbda64d0ff"",""447860c8-1d56-518b-88ad-7e103990b756"",""616ecfda-7163-5a8d-ba60-01f623d8b124"",""656bacfc-b102-5379-8db2-2f9f127621e0"",""88f2e658-6155-5924-bc85-63fe2aabb08a"",""9f032fb3-90ca-5749-aff5-1065077ac10e"",""4d2e4005-a84b-525b-a492-d367c5e405d0"",""12b20e20-e117-5c00-83bc-e589b92b730e"",""e97a5398-37b9-5e89-91a9-9b3ae48d9534"",""7a8f92c5-5f85-593a-bf90-08e13c60a2e6"",""aa66f5e3-ac0e-57d6-9b69-aa54ea7c4fb9"",""d07b7490-853e-562b-b662-305e89e7718d"",""596c0800-372d-5056-8a35-9f8661656bf4"",""d08816e6-d4d6-5f35-9de3-d86528fa7a96"",""2e126757-f17e-5ee2-93db-94d31ed944b2"",""5e1af4e2-330f-563f-b639-2d3cd8d276c8"",""49cd1889-2a56-5913-8723-929335f68874"",""82b898ba-3b6d-567f-8996-4f259b74547e"",""d38eb7d2-e78b-5c2f-93e4-2e34846e80e6"",""33effc64-dcfe-5ced-badf-c4df49f68dc1"",""a3a03b99-34c0-504b-b529-32b798db318a"",""8b3ec7b0-123f-5597-95f7-1fafc5810d01"",""035c5442-19b8-5a84-8a59-b352a9660279"",""d6d45010-72fa-5741-b733-88958a8795d2"",""ab8215e5-b753-5a6a-a4e7-ad9caf42eeac"",""1b20061c-b208-551a-b06c-81ffeff623fc"",""9b6d0913-2ae6-5dab-ab36-d05e1c51b208"",""a27c1fb2-edc1-57e6-9d74-adb5a13fed3b"",""4696448b-8c21-591b-80cc-7344ea0b95ec"",""c1d75a33-928c-5636-b99c-def1fb29e0f5"",""61eebfb6-2555-5bce-ba71-7a750427392a"",""aba074a1-d451-595d-bc12-e257adbe7383"",""1ca34094-ee4d-5962-a78a-174d361a9cd3"",""7edb0577-da07-5c6f-8391-bb90e9822165"",""d7c5d484-54dc-5d1e-a3ac-65d60267a12c"",""f416cc8b-3bc2-5c4c-a91c-c56faf748684""]",1,1,1,1,1,1,raw_pass_ratio,1,1,0,3,3,UF4,0,0,prespecified_B_E,False,explicit in unit columns; exact fractions retained,ratio
M7-analysis-v5,E-P1R0,UF4:cell:E-P1R0,dbb63e68d4ed9e904fa985aa5b88d674205b6caab086a8d981ac8918a9c68fb5,"[""4afc763c-033e-501c-9c9c-453207d31e62"",""1fed9611-d0cc-51e5-86e7-4ba237c836a2"",""0e4d4039-5409-5be7-a300-ded85e9c22d7"",""1c4afc6f-6679-57b7-ab6b-cec3053e85a1"",""76216ff6-0dab-5f43-913f-741c2deb7596"",""fe7c5fea-171a-5d3e-b93c-b9d53dca7c67"",""784c942d-b222-5013-a2e4-de4aa477a143"",""2f2d84f4-6f41-5df7-a828-cc0a3d9cdddf"",""c68f6332-f200-5595-940d-e5bcad78f1fe"",""54c3aba8-cb42-5023-9591-5cdd68bdd7c5"",""b9ac296e-4c6c-5cdc-9e03-14868c124af2"",""022ddff9-4332-5ba5-b884-42537f220a0c"",""0d262496-18e1-5973-84a6-84fbda64d0ff"",""447860c8-1d56-518b-88ad-7e103990b756"",""616ecfda-7163-5a8d-ba60-01f623d8b124"",""656bacfc-b102-5379-8db2-2f9f127621e0"",""88f2e658-6155-5924-bc85-63fe2aabb08a"",""9f032fb3-90ca-5749-aff5-1065077ac10e"",""4d2e4005-a84b-525b-a492-d367c5e405d0"",""12b20e20-e117-5c00-83bc-e589b92b730e"",""e97a5398-37b9-5e89-91a9-9b3ae48d9534"",""7a8f92c5-5f85-593a-bf90-08e13c60a2e6"",""aa66f5e3-ac0e-57d6-9b69-aa54ea7c4fb9"",""d07b7490-853e-562b-b662-305e89e7718d"",""596c0800-372d-5056-8a35-9f8661656bf4"",""d08816e6-d4d6-5f35-9de3-d86528fa7a96"",""2e126757-f17e-5ee2-93db-94d31ed944b2"",""5e1af4e2-330f-563f-b639-2d3cd8d276c8"",""49cd1889-2a56-5913-8723-929335f68874"",""82b898ba-3b6d-567f-8996-4f259b74547e"",""d38eb7d2-e78b-5c2f-93e4-2e34846e80e6"",""33effc64-dcfe-5ced-badf-c4df49f68dc1"",""a3a03b99-34c0-504b-b529-32b798db318a"",""8b3ec7b0-123f-5597-95f7-1fafc5810d01"",""035c5442-19b8-5a84-8a59-b352a9660279"",""d6d45010-72fa-5741-b733-88958a8795d2"",""ab8215e5-b753-5a6a-a4e7-ad9caf42eeac"",""1b20061c-b208-551a-b06c-81ffeff623fc"",""9b6d0913-2ae6-5dab-ab36-d05e1c51b208"",""a27c1fb2-edc1-57e6-9d74-adb5a13fed3b"",""4696448b-8c21-591b-80cc-7344ea0b95ec"",""c1d75a33-928c-5636-b99c-def1fb29e0f5"",""61eebfb6-2555-5bce-ba71-7a750427392a"",""aba074a1-d451-595d-bc12-e257adbe7383"",""1ca34094-ee4d-5962-a78a-174d361a9cd3"",""7edb0577-da07-5c6f-8391-bb90e9822165"",""d7c5d484-54dc-5d1e-a3ac-65d60267a12c"",""f416cc8b-3bc2-5c4c-a91c-c56faf748684""]",11426,11426,10979.66666666666666666666666666666666667,32939/3,11254,11254,tokens.output,10259,10259,0,3,3,UF4,630.0129628296018905124479300725130877873,630.0129628296018905124479300725130877873,prespecified_B_E,False,explicit in unit columns; exact fractions retained,tokens
M7-analysis-v5,E-P1R0,UF4:cell:E-P1R0,dbb63e68d4ed9e904fa985aa5b88d674205b6caab086a8d981ac8918a9c68fb5,"[""4afc763c-033e-501c-9c9c-453207d31e62"",""1fed9611-d0cc-51e5-86e7-4ba237c836a2"",""0e4d4039-5409-5be7-a300-ded85e9c22d7"",""1c4afc6f-6679-57b7-ab6b-cec3053e85a1"",""76216ff6-0dab-5f43-913f-741c2deb7596"",""fe7c5fea-171a-5d3e-b93c-b9d53dca7c67"",""784c942d-b222-5013-a2e4-de4aa477a143"",""2f2d84f4-6f41-5df7-a828-cc0a3d9cdddf"",""c68f6332-f200-5595-940d-e5bcad78f1fe"",""54c3aba8-cb42-5023-9591-5cdd68bdd7c5"",""b9ac296e-4c6c-5cdc-9e03-14868c124af2"",""022ddff9-4332-5ba5-b884-42537f220a0c"",""0d262496-18e1-5973-84a6-84fbda64d0ff"",""447860c8-1d56-518b-88ad-7e103990b756"",""616ecfda-7163-5a8d-ba60-01f623d8b124"",""656bacfc-b102-5379-8db2-2f9f127621e0"",""88f2e658-6155-5924-bc85-63fe2aabb08a"",""9f032fb3-90ca-5749-aff5-1065077ac10e"",""4d2e4005-a84b-525b-a492-d367c5e405d0"",""12b20e20-e117-5c00-83bc-e589b92b730e"",""e97a5398-37b9-5e89-91a9-9b3ae48d9534"",""7a8f92c5-5f85-593a-bf90-08e13c60a2e6"",""aa66f5e3-ac0e-57d6-9b69-aa54ea7c4fb9"",""d07b7490-853e-562b-b662-305e89e7718d"",""596c0800-372d-5056-8a35-9f8661656bf4"",""d08816e6-d4d6-5f35-9de3-d86528fa7a96"",""2e126757-f17e-5ee2-93db-94d31ed944b2"",""5e1af4e2-330f-563f-b639-2d3cd8d276c8"",""49cd1889-2a56-5913-8723-929335f68874"",""82b898ba-3b6d-567f-8996-4f259b74547e"",""d38eb7d2-e78b-5c2f-93e4-2e34846e80e6"",""33effc64-dcfe-5ced-badf-c4df49f68dc1"",""a3a03b99-34c0-504b-b529-32b798db318a"",""8b3ec7b0-123f-5597-95f7-1fafc5810d01"",""035c5442-19b8-5a84-8a59-b352a9660279"",""d6d45010-72fa-5741-b733-88958a8795d2"",""ab8215e5-b753-5a6a-a4e7-ad9caf42eeac"",""1b20061c-b208-551a-b06c-81ffeff623fc"",""9b6d0913-2ae6-5dab-ab36-d05e1c51b208"",""a27c1fb2-edc1-57e6-9d74-adb5a13fed3b"",""4696448b-8c21-591b-80cc-7344ea0b95ec"",""c1d75a33-928c-5636-b99c-def1fb29e0f5"",""61eebfb6-2555-5bce-ba71-7a750427392a"",""aba074a1-d451-595d-bc12-e257adbe7383"",""1ca34094-ee4d-5962-a78a-174d361a9cd3"",""7edb0577-da07-5c6f-8391-bb90e9822165"",""d7c5d484-54dc-5d1e-a3ac-65d60267a12c"",""f416cc8b-3bc2-5c4c-a91c-c56faf748684""]",385.90604651,38590604651/100000000,284.4117040326666666666666666666666666667,426617556049/1500000000,262.897698662,131448849331/500000000,pipeline_seconds,204.431366926,102215683463/500000000,0,3,3,UF4,92.63047097389536773286989713963153226,92.63047097389536773286989713963153226000,prespecified_B_E,False,explicit in unit columns; exact fractions retained,s
M7-analysis-v5,E-P1R0,UF4:cell:E-P1R0,dbb63e68d4ed9e904fa985aa5b88d674205b6caab086a8d981ac8918a9c68fb5,"[""4afc763c-033e-501c-9c9c-453207d31e62"",""1fed9611-d0cc-51e5-86e7-4ba237c836a2"",""0e4d4039-5409-5be7-a300-ded85e9c22d7"",""1c4afc6f-6679-57b7-ab6b-cec3053e85a1"",""76216ff6-0dab-5f43-913f-741c2deb7596"",""fe7c5fea-171a-5d3e-b93c-b9d53dca7c67"",""784c942d-b222-5013-a2e4-de4aa477a143"",""2f2d84f4-6f41-5df7-a828-cc0a3d9cdddf"",""c68f6332-f200-5595-940d-e5bcad78f1fe"",""54c3aba8-cb42-5023-9591-5cdd68bdd7c5"",""b9ac296e-4c6c-5cdc-9e03-14868c124af2"",""022ddff9-4332-5ba5-b884-42537f220a0c"",""0d262496-18e1-5973-84a6-84fbda64d0ff"",""447860c8-1d56-518b-88ad-7e103990b756"",""616ecfda-7163-5a8d-ba60-01f623d8b124"",""656bacfc-b102-5379-8db2-2f9f127621e0"",""88f2e658-6155-5924-bc85-63fe2aabb08a"",""9f032fb3-90ca-5749-aff5-1065077ac10e"",""4d2e4005-a84b-525b-a492-d367c5e405d0"",""12b20e20-e117-5c00-83bc-e589b92b730e"",""e97a5398-37b9-5e89-91a9-9b3ae48d9534"",""7a8f92c5-5f85-593a-bf90-08e13c60a2e6"",""aa66f5e3-ac0e-57d6-9b69-aa54ea7c4fb9"",""d07b7490-853e-562b-b662-305e89e7718d"",""596c0800-372d-5056-8a35-9f8661656bf4"",""d08816e6-d4d6-5f35-9de3-d86528fa7a96"",""2e126757-f17e-5ee2-93db-94d31ed944b2"",""5e1af4e2-330f-563f-b639-2d3cd8d276c8"",""49cd1889-2a56-5913-8723-929335f68874"",""82b898ba-3b6d-567f-8996-4f259b74547e"",""d38eb7d2-e78b-5c2f-93e4-2e34846e80e6"",""33effc64-dcfe-5ced-badf-c4df49f68dc1"",""a3a03b99-34c0-504b-b529-32b798db318a"",""8b3ec7b0-123f-5597-95f7-1fafc5810d01"",""035c5442-19b8-5a84-8a59-b352a9660279"",""d6d45010-72fa-5741-b733-88958a8795d2"",""ab8215e5-b753-5a6a-a4e7-ad9caf42eeac"",""1b20061c-b208-551a-b06c-81ffeff623fc"",""9b6d0913-2ae6-5dab-ab36-d05e1c51b208"",""a27c1fb2-edc1-57e6-9d74-adb5a13fed3b"",""4696448b-8c21-591b-80cc-7344ea0b95ec"",""c1d75a33-928c-5636-b99c-def1fb29e0f5"",""61eebfb6-2555-5bce-ba71-7a750427392a"",""aba074a1-d451-595d-bc12-e257adbe7383"",""1ca34094-ee4d-5962-a78a-174d361a9cd3"",""7edb0577-da07-5c6f-8391-bb90e9822165"",""d7c5d484-54dc-5d1e-a3ac-65d60267a12c"",""f416cc8b-3bc2-5c4c-a91c-c56faf748684""]",385.90604651,38590604651/100000000,284.4117040326666666666666666666666666667,426617556049/1500000000,262.897698662,131448849331/500000000,total_seconds,204.431366926,102215683463/500000000,0,3,3,UF4,92.63047097389536773286989713963153226,92.63047097389536773286989713963153226000,prespecified_B_E,False,explicit in unit columns; exact fractions retained,s
M7-analysis-v5,E-P1R0,UF4:cell:E-P1R0,dbb63e68d4ed9e904fa985aa5b88d674205b6caab086a8d981ac8918a9c68fb5,"[""4afc763c-033e-501c-9c9c-453207d31e62"",""1fed9611-d0cc-51e5-86e7-4ba237c836a2"",""0e4d4039-5409-5be7-a300-ded85e9c22d7"",""1c4afc6f-6679-57b7-ab6b-cec3053e85a1"",""76216ff6-0dab-5f43-913f-741c2deb7596"",""fe7c5fea-171a-5d3e-b93c-b9d53dca7c67"",""784c942d-b222-5013-a2e4-de4aa477a143"",""2f2d84f4-6f41-5df7-a828-cc0a3d9cdddf"",""c68f6332-f200-5595-940d-e5bcad78f1fe"",""54c3aba8-cb42-5023-9591-5cdd68bdd7c5"",""b9ac296e-4c6c-5cdc-9e03-14868c124af2"",""022ddff9-4332-5ba5-b884-42537f220a0c"",""0d262496-18e1-5973-84a6-84fbda64d0ff"",""447860c8-1d56-518b-88ad-7e103990b756"",""616ecfda-7163-5a8d-ba60-01f623d8b124"",""656bacfc-b102-5379-8db2-2f9f127621e0"",""88f2e658-6155-5924-bc85-63fe2aabb08a"",""9f032fb3-90ca-5749-aff5-1065077ac10e"",""4d2e4005-a84b-525b-a492-d367c5e405d0"",""12b20e20-e117-5c00-83bc-e589b92b730e"",""e97a5398-37b9-5e89-91a9-9b3ae48d9534"",""7a8f92c5-5f85-593a-bf90-08e13c60a2e6"",""aa66f5e3-ac0e-57d6-9b69-aa54ea7c4fb9"",""d07b7490-853e-562b-b662-305e89e7718d"",""596c0800-372d-5056-8a35-9f8661656bf4"",""d08816e6-d4d6-5f35-9de3-d86528fa7a96"",""2e126757-f17e-5ee2-93db-94d31ed944b2"",""5e1af4e2-330f-563f-b639-2d3cd8d276c8"",""49cd1889-2a56-5913-8723-929335f68874"",""82b898ba-3b6d-567f-8996-4f259b74547e"",""d38eb7d2-e78b-5c2f-93e4-2e34846e80e6"",""33effc64-dcfe-5ced-badf-c4df49f68dc1"",""a3a03b99-34c0-504b-b529-32b798db318a"",""8b3ec7b0-123f-5597-95f7-1fafc5810d01"",""035c5442-19b8-5a84-8a59-b352a9660279"",""d6d45010-72fa-5741-b733-88958a8795d2"",""ab8215e5-b753-5a6a-a4e7-ad9caf42eeac"",""1b20061c-b208-551a-b06c-81ffeff623fc"",""9b6d0913-2ae6-5dab-ab36-d05e1c51b208"",""a27c1fb2-edc1-57e6-9d74-adb5a13fed3b"",""4696448b-8c21-591b-80cc-7344ea0b95ec"",""c1d75a33-928c-5636-b99c-def1fb29e0f5"",""61eebfb6-2555-5bce-ba71-7a750427392a"",""aba074a1-d451-595d-bc12-e257adbe7383"",""1ca34094-ee4d-5962-a78a-174d361a9cd3"",""7edb0577-da07-5c6f-8391-bb90e9822165"",""d7c5d484-54dc-5d1e-a3ac-65d60267a12c"",""f416cc8b-3bc2-5c4c-a91c-c56faf748684""]",48,48,40,40,36,36,L,36,36,0,3,3,UF4,6.928203230275509174109785366023489467771,6.928203230275509174109785366023489467771,prespecified_B_E,False,explicit in unit columns; exact fractions retained,lines
M7-analysis-v5,E-P1R0,UF4:cell:E-P1R0,dbb63e68d4ed9e904fa985aa5b88d674205b6caab086a8d981ac8918a9c68fb5,"[""4afc763c-033e-501c-9c9c-453207d31e62"",""1fed9611-d0cc-51e5-86e7-4ba237c836a2"",""0e4d4039-5409-5be7-a300-ded85e9c22d7"",""1c4afc6f-6679-57b7-ab6b-cec3053e85a1"",""76216ff6-0dab-5f43-913f-741c2deb7596"",""fe7c5fea-171a-5d3e-b93c-b9d53dca7c67"",""784c942d-b222-5013-a2e4-de4aa477a143"",""2f2d84f4-6f41-5df7-a828-cc0a3d9cdddf"",""c68f6332-f200-5595-940d-e5bcad78f1fe"",""54c3aba8-cb42-5023-9591-5cdd68bdd7c5"",""b9ac296e-4c6c-5cdc-9e03-14868c124af2"",""022ddff9-4332-5ba5-b884-42537f220a0c"",""0d262496-18e1-5973-84a6-84fbda64d0ff"",""447860c8-1d56-518b-88ad-7e103990b756"",""616ecfda-7163-5a8d-ba60-01f623d8b124"",""656bacfc-b102-5379-8db2-2f9f127621e0"",""88f2e658-6155-5924-bc85-63fe2aabb08a"",""9f032fb3-90ca-5749-aff5-1065077ac10e"",""4d2e4005-a84b-525b-a492-d367c5e405d0"",""12b20e20-e117-5c00-83bc-e589b92b730e"",""e97a5398-37b9-5e89-91a9-9b3ae48d9534"",""7a8f92c5-5f85-593a-bf90-08e13c60a2e6"",""aa66f5e3-ac0e-57d6-9b69-aa54ea7c4fb9"",""d07b7490-853e-562b-b662-305e89e7718d"",""596c0800-372d-5056-8a35-9f8661656bf4"",""d08816e6-d4d6-5f35-9de3-d86528fa7a96"",""2e126757-f17e-5ee2-93db-94d31ed944b2"",""5e1af4e2-330f-563f-b639-2d3cd8d276c8"",""49cd1889-2a56-5913-8723-929335f68874"",""82b898ba-3b6d-567f-8996-4f259b74547e"",""d38eb7d2-e78b-5c2f-93e4-2e34846e80e6"",""33effc64-dcfe-5ced-badf-c4df49f68dc1"",""a3a03b99-34c0-504b-b529-32b798db318a"",""8b3ec7b0-123f-5597-95f7-1fafc5810d01"",""035c5442-19b8-5a84-8a59-b352a9660279"",""d6d45010-72fa-5741-b733-88958a8795d2"",""ab8215e5-b753-5a6a-a4e7-ad9caf42eeac"",""1b20061c-b208-551a-b06c-81ffeff623fc"",""9b6d0913-2ae6-5dab-ab36-d05e1c51b208"",""a27c1fb2-edc1-57e6-9d74-adb5a13fed3b"",""4696448b-8c21-591b-80cc-7344ea0b95ec"",""c1d75a33-928c-5636-b99c-def1fb29e0f5"",""61eebfb6-2555-5bce-ba71-7a750427392a"",""aba074a1-d451-595d-bc12-e257adbe7383"",""1ca34094-ee4d-5962-a78a-174d361a9cd3"",""7edb0577-da07-5c6f-8391-bb90e9822165"",""d7c5d484-54dc-5d1e-a3ac-65d60267a12c"",""f416cc8b-3bc2-5c4c-a91c-c56faf748684""]",4984,4984,4265.333333333333333333333333333333333333,12796/3,4030,4030,tokens.reasoning,3782,3782,0,3,3,UF4,634.615894327689631758539629777446157846,634.6158943276896317585396297774461578460,prespecified_B_E,False,explicit in unit columns; exact fractions retained,tokens
M7-analysis-v5,E-P1R0,UF4:cell:E-P1R0,dbb63e68d4ed9e904fa985aa5b88d674205b6caab086a8d981ac8918a9c68fb5,"[""4afc763c-033e-501c-9c9c-453207d31e62"",""1fed9611-d0cc-51e5-86e7-4ba237c836a2"",""0e4d4039-5409-5be7-a300-ded85e9c22d7"",""1c4afc6f-6679-57b7-ab6b-cec3053e85a1"",""76216ff6-0dab-5f43-913f-741c2deb7596"",""fe7c5fea-171a-5d3e-b93c-b9d53dca7c67"",""784c942d-b222-5013-a2e4-de4aa477a143"",""2f2d84f4-6f41-5df7-a828-cc0a3d9cdddf"",""c68f6332-f200-5595-940d-e5bcad78f1fe"",""54c3aba8-cb42-5023-9591-5cdd68bdd7c5"",""b9ac296e-4c6c-5cdc-9e03-14868c124af2"",""022ddff9-4332-5ba5-b884-42537f220a0c"",""0d262496-18e1-5973-84a6-84fbda64d0ff"",""447860c8-1d56-518b-88ad-7e103990b756"",""616ecfda-7163-5a8d-ba60-01f623d8b124"",""656bacfc-b102-5379-8db2-2f9f127621e0"",""88f2e658-6155-5924-bc85-63fe2aabb08a"",""9f032fb3-90ca-5749-aff5-1065077ac10e"",""4d2e4005-a84b-525b-a492-d367c5e405d0"",""12b20e20-e117-5c00-83bc-e589b92b730e"",""e97a5398-37b9-5e89-91a9-9b3ae48d9534"",""7a8f92c5-5f85-593a-bf90-08e13c60a2e6"",""aa66f5e3-ac0e-57d6-9b69-aa54ea7c4fb9"",""d07b7490-853e-562b-b662-305e89e7718d"",""596c0800-372d-5056-8a35-9f8661656bf4"",""d08816e6-d4d6-5f35-9de3-d86528fa7a96"",""2e126757-f17e-5ee2-93db-94d31ed944b2"",""5e1af4e2-330f-563f-b639-2d3cd8d276c8"",""49cd1889-2a56-5913-8723-929335f68874"",""82b898ba-3b6d-567f-8996-4f259b74547e"",""d38eb7d2-e78b-5c2f-93e4-2e34846e80e6"",""33effc64-dcfe-5ced-badf-c4df49f68dc1"",""a3a03b99-34c0-504b-b529-32b798db318a"",""8b3ec7b0-123f-5597-95f7-1fafc5810d01"",""035c5442-19b8-5a84-8a59-b352a9660279"",""d6d45010-72fa-5741-b733-88958a8795d2"",""ab8215e5-b753-5a6a-a4e7-ad9caf42eeac"",""1b20061c-b208-551a-b06c-81ffeff623fc"",""9b6d0913-2ae6-5dab-ab36-d05e1c51b208"",""a27c1fb2-edc1-57e6-9d74-adb5a13fed3b"",""4696448b-8c21-591b-80cc-7344ea0b95ec"",""c1d75a33-928c-5636-b99c-def1fb29e0f5"",""61eebfb6-2555-5bce-ba71-7a750427392a"",""aba074a1-d451-595d-bc12-e257adbe7383"",""1ca34094-ee4d-5962-a78a-174d361a9cd3"",""7edb0577-da07-5c6f-8391-bb90e9822165"",""d7c5d484-54dc-5d1e-a3ac-65d60267a12c"",""f416cc8b-3bc2-5c4c-a91c-c56faf748684""]",5,5,4.666666666666666666666666666666666666667,14/3,5,5,call_count,4,4,0,3,3,UF4,0.5773502691896257645091487805019574556476,0.5773502691896257645091487805019574556476,prespecified_B_E,False,explicit in unit columns; exact fractions retained,count
M7-analysis-v5,E-P1R0,UF4:cell:E-P1R0,dbb63e68d4ed9e904fa985aa5b88d674205b6caab086a8d981ac8918a9c68fb5,"[""4afc763c-033e-501c-9c9c-453207d31e62"",""1fed9611-d0cc-51e5-86e7-4ba237c836a2"",""0e4d4039-5409-5be7-a300-ded85e9c22d7"",""1c4afc6f-6679-57b7-ab6b-cec3053e85a1"",""76216ff6-0dab-5f43-913f-741c2deb7596"",""fe7c5fea-171a-5d3e-b93c-b9d53dca7c67"",""784c942d-b222-5013-a2e4-de4aa477a143"",""2f2d84f4-6f41-5df7-a828-cc0a3d9cdddf"",""c68f6332-f200-5595-940d-e5bcad78f1fe"",""54c3aba8-cb42-5023-9591-5cdd68bdd7c5"",""b9ac296e-4c6c-5cdc-9e03-14868c124af2"",""022ddff9-4332-5ba5-b884-42537f220a0c"",""0d262496-18e1-5973-84a6-84fbda64d0ff"",""447860c8-1d56-518b-88ad-7e103990b756"",""616ecfda-7163-5a8d-ba60-01f623d8b124"",""656bacfc-b102-5379-8db2-2f9f127621e0"",""88f2e658-6155-5924-bc85-63fe2aabb08a"",""9f032fb3-90ca-5749-aff5-1065077ac10e"",""4d2e4005-a84b-525b-a492-d367c5e405d0"",""12b20e20-e117-5c00-83bc-e589b92b730e"",""e97a5398-37b9-5e89-91a9-9b3ae48d9534"",""7a8f92c5-5f85-593a-bf90-08e13c60a2e6"",""aa66f5e3-ac0e-57d6-9b69-aa54ea7c4fb9"",""d07b7490-853e-562b-b662-305e89e7718d"",""596c0800-372d-5056-8a35-9f8661656bf4"",""d08816e6-d4d6-5f35-9de3-d86528fa7a96"",""2e126757-f17e-5ee2-93db-94d31ed944b2"",""5e1af4e2-330f-563f-b639-2d3cd8d276c8"",""49cd1889-2a56-5913-8723-929335f68874"",""82b898ba-3b6d-567f-8996-4f259b74547e"",""d38eb7d2-e78b-5c2f-93e4-2e34846e80e6"",""33effc64-dcfe-5ced-badf-c4df49f68dc1"",""a3a03b99-34c0-504b-b529-32b798db318a"",""8b3ec7b0-123f-5597-95f7-1fafc5810d01"",""035c5442-19b8-5a84-8a59-b352a9660279"",""d6d45010-72fa-5741-b733-88958a8795d2"",""ab8215e5-b753-5a6a-a4e7-ad9caf42eeac"",""1b20061c-b208-551a-b06c-81ffeff623fc"",""9b6d0913-2ae6-5dab-ab36-d05e1c51b208"",""a27c1fb2-edc1-57e6-9d74-adb5a13fed3b"",""4696448b-8c21-591b-80cc-7344ea0b95ec"",""c1d75a33-928c-5636-b99c-def1fb29e0f5"",""61eebfb6-2555-5bce-ba71-7a750427392a"",""aba074a1-d451-595d-bc12-e257adbe7383"",""1ca34094-ee4d-5962-a78a-174d361a9cd3"",""7edb0577-da07-5c6f-8391-bb90e9822165"",""d7c5d484-54dc-5d1e-a3ac-65d60267a12c"",""f416cc8b-3bc2-5c4c-a91c-c56faf748684""]",5,5,4.666666666666666666666666666666666666667,14/3,5,5,transport_count,4,4,0,3,3,UF4,0.5773502691896257645091487805019574556476,0.5773502691896257645091487805019574556476,prespecified_B_E,False,explicit in unit columns; exact fractions retained,count
M7-analysis-v5,E-P1R0,UF4:cell:E-P1R0,dbb63e68d4ed9e904fa985aa5b88d674205b6caab086a8d981ac8918a9c68fb5,"[""4afc763c-033e-501c-9c9c-453207d31e62"",""1fed9611-d0cc-51e5-86e7-4ba237c836a2"",""0e4d4039-5409-5be7-a300-ded85e9c22d7"",""1c4afc6f-6679-57b7-ab6b-cec3053e85a1"",""76216ff6-0dab-5f43-913f-741c2deb7596"",""fe7c5fea-171a-5d3e-b93c-b9d53dca7c67"",""784c942d-b222-5013-a2e4-de4aa477a143"",""2f2d84f4-6f41-5df7-a828-cc0a3d9cdddf"",""c68f6332-f200-5595-940d-e5bcad78f1fe"",""54c3aba8-cb42-5023-9591-5cdd68bdd7c5"",""b9ac296e-4c6c-5cdc-9e03-14868c124af2"",""022ddff9-4332-5ba5-b884-42537f220a0c"",""0d262496-18e1-5973-84a6-84fbda64d0ff"",""447860c8-1d56-518b-88ad-7e103990b756"",""616ecfda-7163-5a8d-ba60-01f623d8b124"",""656bacfc-b102-5379-8db2-2f9f127621e0"",""88f2e658-6155-5924-bc85-63fe2aabb08a"",""9f032fb3-90ca-5749-aff5-1065077ac10e"",""4d2e4005-a84b-525b-a492-d367c5e405d0"",""12b20e20-e117-5c00-83bc-e589b92b730e"",""e97a5398-37b9-5e89-91a9-9b3ae48d9534"",""7a8f92c5-5f85-593a-bf90-08e13c60a2e6"",""aa66f5e3-ac0e-57d6-9b69-aa54ea7c4fb9"",""d07b7490-853e-562b-b662-305e89e7718d"",""596c0800-372d-5056-8a35-9f8661656bf4"",""d08816e6-d4d6-5f35-9de3-d86528fa7a96"",""2e126757-f17e-5ee2-93db-94d31ed944b2"",""5e1af4e2-330f-563f-b639-2d3cd8d276c8"",""49cd1889-2a56-5913-8723-929335f68874"",""82b898ba-3b6d-567f-8996-4f259b74547e"",""d38eb7d2-e78b-5c2f-93e4-2e34846e80e6"",""33effc64-dcfe-5ced-badf-c4df49f68dc1"",""a3a03b99-34c0-504b-b529-32b798db318a"",""8b3ec7b0-123f-5597-95f7-1fafc5810d01"",""035c5442-19b8-5a84-8a59-b352a9660279"",""d6d45010-72fa-5741-b733-88958a8795d2"",""ab8215e5-b753-5a6a-a4e7-ad9caf42eeac"",""1b20061c-b208-551a-b06c-81ffeff623fc"",""9b6d0913-2ae6-5dab-ab36-d05e1c51b208"",""a27c1fb2-edc1-57e6-9d74-adb5a13fed3b"",""4696448b-8c21-591b-80cc-7344ea0b95ec"",""c1d75a33-928c-5636-b99c-def1fb29e0f5"",""61eebfb6-2555-5bce-ba71-7a750427392a"",""aba074a1-d451-595d-bc12-e257adbe7383"",""1ca34094-ee4d-5962-a78a-174d361a9cd3"",""7edb0577-da07-5c6f-8391-bb90e9822165"",""d7c5d484-54dc-5d1e-a3ac-65d60267a12c"",""f416cc8b-3bc2-5c4c-a91c-c56faf748684""]",707332,707332,657271.3333333333333333333333333333333333,1971814/3,706415,706415,tokens.cache_write,558067,558067,0,3,3,UF4,85914.69627679151222696401144481594561557,85914.69627679151222696401144481594561557,prespecified_B_E,False,explicit in unit columns; exact fractions retained,tokens
M7-analysis-v5,E-P1R0,UF4:cell:E-P1R0,dbb63e68d4ed9e904fa985aa5b88d674205b6caab086a8d981ac8918a9c68fb5,"[""4afc763c-033e-501c-9c9c-453207d31e62"",""1fed9611-d0cc-51e5-86e7-4ba237c836a2"",""0e4d4039-5409-5be7-a300-ded85e9c22d7"",""1c4afc6f-6679-57b7-ab6b-cec3053e85a1"",""76216ff6-0dab-5f43-913f-741c2deb7596"",""fe7c5fea-171a-5d3e-b93c-b9d53dca7c67"",""784c942d-b222-5013-a2e4-de4aa477a143"",""2f2d84f4-6f41-5df7-a828-cc0a3d9cdddf"",""c68f6332-f200-5595-940d-e5bcad78f1fe"",""54c3aba8-cb42-5023-9591-5cdd68bdd7c5"",""b9ac296e-4c6c-5cdc-9e03-14868c124af2"",""022ddff9-4332-5ba5-b884-42537f220a0c"",""0d262496-18e1-5973-84a6-84fbda64d0ff"",""447860c8-1d56-518b-88ad-7e103990b756"",""616ecfda-7163-5a8d-ba60-01f623d8b124"",""656bacfc-b102-5379-8db2-2f9f127621e0"",""88f2e658-6155-5924-bc85-63fe2aabb08a"",""9f032fb3-90ca-5749-aff5-1065077ac10e"",""4d2e4005-a84b-525b-a492-d367c5e405d0"",""12b20e20-e117-5c00-83bc-e589b92b730e"",""e97a5398-37b9-5e89-91a9-9b3ae48d9534"",""7a8f92c5-5f85-593a-bf90-08e13c60a2e6"",""aa66f5e3-ac0e-57d6-9b69-aa54ea7c4fb9"",""d07b7490-853e-562b-b662-305e89e7718d"",""596c0800-372d-5056-8a35-9f8661656bf4"",""d08816e6-d4d6-5f35-9de3-d86528fa7a96"",""2e126757-f17e-5ee2-93db-94d31ed944b2"",""5e1af4e2-330f-563f-b639-2d3cd8d276c8"",""49cd1889-2a56-5913-8723-929335f68874"",""82b898ba-3b6d-567f-8996-4f259b74547e"",""d38eb7d2-e78b-5c2f-93e4-2e34846e80e6"",""33effc64-dcfe-5ced-badf-c4df49f68dc1"",""a3a03b99-34c0-504b-b529-32b798db318a"",""8b3ec7b0-123f-5597-95f7-1fafc5810d01"",""035c5442-19b8-5a84-8a59-b352a9660279"",""d6d45010-72fa-5741-b733-88958a8795d2"",""ab8215e5-b753-5a6a-a4e7-ad9caf42eeac"",""1b20061c-b208-551a-b06c-81ffeff623fc"",""9b6d0913-2ae6-5dab-ab36-d05e1c51b208"",""a27c1fb2-edc1-57e6-9d74-adb5a13fed3b"",""4696448b-8c21-591b-80cc-7344ea0b95ec"",""c1d75a33-928c-5636-b99c-def1fb29e0f5"",""61eebfb6-2555-5bce-ba71-7a750427392a"",""aba074a1-d451-595d-bc12-e257adbe7383"",""1ca34094-ee4d-5962-a78a-174d361a9cd3"",""7edb0577-da07-5c6f-8391-bb90e9822165"",""d7c5d484-54dc-5d1e-a3ac-65d60267a12c"",""f416cc8b-3bc2-5c4c-a91c-c56faf748684""]",707347,707347,657285.3333333333333333333333333333333333,1971856/3,706430,706430,tokens.input,558079,558079,0,3,3,UF4,85916.42830293478472803739894255713481317,85916.42830293478472803739894255713481317,prespecified_B_E,False,explicit in unit columns; exact fractions retained,tokens
M7-analysis-v5,E-P1R0,UF4:cell:E-P1R0,dbb63e68d4ed9e904fa985aa5b88d674205b6caab086a8d981ac8918a9c68fb5,"[""4afc763c-033e-501c-9c9c-453207d31e62"",""1fed9611-d0cc-51e5-86e7-4ba237c836a2"",""0e4d4039-5409-5be7-a300-ded85e9c22d7"",""1c4afc6f-6679-57b7-ab6b-cec3053e85a1"",""76216ff6-0dab-5f43-913f-741c2deb7596"",""fe7c5fea-171a-5d3e-b93c-b9d53dca7c67"",""784c942d-b222-5013-a2e4-de4aa477a143"",""2f2d84f4-6f41-5df7-a828-cc0a3d9cdddf"",""c68f6332-f200-5595-940d-e5bcad78f1fe"",""54c3aba8-cb42-5023-9591-5cdd68bdd7c5"",""b9ac296e-4c6c-5cdc-9e03-14868c124af2"",""022ddff9-4332-5ba5-b884-42537f220a0c"",""0d262496-18e1-5973-84a6-84fbda64d0ff"",""447860c8-1d56-518b-88ad-7e103990b756"",""616ecfda-7163-5a8d-ba60-01f623d8b124"",""656bacfc-b102-5379-8db2-2f9f127621e0"",""88f2e658-6155-5924-bc85-63fe2aabb08a"",""9f032fb3-90ca-5749-aff5-1065077ac10e"",""4d2e4005-a84b-525b-a492-d367c5e405d0"",""12b20e20-e117-5c00-83bc-e589b92b730e"",""e97a5398-37b9-5e89-91a9-9b3ae48d9534"",""7a8f92c5-5f85-593a-bf90-08e13c60a2e6"",""aa66f5e3-ac0e-57d6-9b69-aa54ea7c4fb9"",""d07b7490-853e-562b-b662-305e89e7718d"",""596c0800-372d-5056-8a35-9f8661656bf4"",""d08816e6-d4d6-5f35-9de3-d86528fa7a96"",""2e126757-f17e-5ee2-93db-94d31ed944b2"",""5e1af4e2-330f-563f-b639-2d3cd8d276c8"",""49cd1889-2a56-5913-8723-929335f68874"",""82b898ba-3b6d-567f-8996-4f259b74547e"",""d38eb7d2-e78b-5c2f-93e4-2e34846e80e6"",""33effc64-dcfe-5ced-badf-c4df49f68dc1"",""a3a03b99-34c0-504b-b529-32b798db318a"",""8b3ec7b0-123f-5597-95f7-1fafc5810d01"",""035c5442-19b8-5a84-8a59-b352a9660279"",""d6d45010-72fa-5741-b733-88958a8795d2"",""ab8215e5-b753-5a6a-a4e7-ad9caf42eeac"",""1b20061c-b208-551a-b06c-81ffeff623fc"",""9b6d0913-2ae6-5dab-ab36-d05e1c51b208"",""a27c1fb2-edc1-57e6-9d74-adb5a13fed3b"",""4696448b-8c21-591b-80cc-7344ea0b95ec"",""c1d75a33-928c-5636-b99c-def1fb29e0f5"",""61eebfb6-2555-5bce-ba71-7a750427392a"",""aba074a1-d451-595d-bc12-e257adbe7383"",""1ca34094-ee4d-5962-a78a-174d361a9cd3"",""7edb0577-da07-5c6f-8391-bb90e9822165"",""d7c5d484-54dc-5d1e-a3ac-65d60267a12c"",""f416cc8b-3bc2-5c4c-a91c-c56faf748684""]",718601,718601,668265,668265,717856,717856,tokens.total,568338,568338,0,3,3,UF4,86540.12221507432098225512354848479129578,86540.12221507432098225512354848479129578,prespecified_B_E,False,explicit in unit columns; exact fractions retained,tokens
M7-analysis-v5,E-P1R0,UF4:cell:E-P1R0,dbb63e68d4ed9e904fa985aa5b88d674205b6caab086a8d981ac8918a9c68fb5,"[""4afc763c-033e-501c-9c9c-453207d31e62"",""1fed9611-d0cc-51e5-86e7-4ba237c836a2"",""0e4d4039-5409-5be7-a300-ded85e9c22d7"",""1c4afc6f-6679-57b7-ab6b-cec3053e85a1"",""76216ff6-0dab-5f43-913f-741c2deb7596"",""fe7c5fea-171a-5d3e-b93c-b9d53dca7c67"",""784c942d-b222-5013-a2e4-de4aa477a143"",""2f2d84f4-6f41-5df7-a828-cc0a3d9cdddf"",""c68f6332-f200-5595-940d-e5bcad78f1fe"",""54c3aba8-cb42-5023-9591-5cdd68bdd7c5"",""b9ac296e-4c6c-5cdc-9e03-14868c124af2"",""022ddff9-4332-5ba5-b884-42537f220a0c"",""0d262496-18e1-5973-84a6-84fbda64d0ff"",""447860c8-1d56-518b-88ad-7e103990b756"",""616ecfda-7163-5a8d-ba60-01f623d8b124"",""656bacfc-b102-5379-8db2-2f9f127621e0"",""88f2e658-6155-5924-bc85-63fe2aabb08a"",""9f032fb3-90ca-5749-aff5-1065077ac10e"",""4d2e4005-a84b-525b-a492-d367c5e405d0"",""12b20e20-e117-5c00-83bc-e589b92b730e"",""e97a5398-37b9-5e89-91a9-9b3ae48d9534"",""7a8f92c5-5f85-593a-bf90-08e13c60a2e6"",""aa66f5e3-ac0e-57d6-9b69-aa54ea7c4fb9"",""d07b7490-853e-562b-b662-305e89e7718d"",""596c0800-372d-5056-8a35-9f8661656bf4"",""d08816e6-d4d6-5f35-9de3-d86528fa7a96"",""2e126757-f17e-5ee2-93db-94d31ed944b2"",""5e1af4e2-330f-563f-b639-2d3cd8d276c8"",""49cd1889-2a56-5913-8723-929335f68874"",""82b898ba-3b6d-567f-8996-4f259b74547e"",""d38eb7d2-e78b-5c2f-93e4-2e34846e80e6"",""33effc64-dcfe-5ced-badf-c4df49f68dc1"",""a3a03b99-34c0-504b-b529-32b798db318a"",""8b3ec7b0-123f-5597-95f7-1fafc5810d01"",""035c5442-19b8-5a84-8a59-b352a9660279"",""d6d45010-72fa-5741-b733-88958a8795d2"",""ab8215e5-b753-5a6a-a4e7-ad9caf42eeac"",""1b20061c-b208-551a-b06c-81ffeff623fc"",""9b6d0913-2ae6-5dab-ab36-d05e1c51b208"",""a27c1fb2-edc1-57e6-9d74-adb5a13fed3b"",""4696448b-8c21-591b-80cc-7344ea0b95ec"",""c1d75a33-928c-5636-b99c-def1fb29e0f5"",""61eebfb6-2555-5bce-ba71-7a750427392a"",""aba074a1-d451-595d-bc12-e257adbe7383"",""1ca34094-ee4d-5962-a78a-174d361a9cd3"",""7edb0577-da07-5c6f-8391-bb90e9822165"",""d7c5d484-54dc-5d1e-a3ac-65d60267a12c"",""f416cc8b-3bc2-5c4c-a91c-c56faf748684""]",,,,,,,abort_seconds,,,3,0,3,UF4,,,prespecified_B_E,False,explicit in unit columns; exact fractions retained,s
M7-analysis-v5,E-P1R0,UF4:cell:E-P1R0,dbb63e68d4ed9e904fa985aa5b88d674205b6caab086a8d981ac8918a9c68fb5,"[""4afc763c-033e-501c-9c9c-453207d31e62"",""1fed9611-d0cc-51e5-86e7-4ba237c836a2"",""0e4d4039-5409-5be7-a300-ded85e9c22d7"",""1c4afc6f-6679-57b7-ab6b-cec3053e85a1"",""76216ff6-0dab-5f43-913f-741c2deb7596"",""fe7c5fea-171a-5d3e-b93c-b9d53dca7c67"",""784c942d-b222-5013-a2e4-de4aa477a143"",""2f2d84f4-6f41-5df7-a828-cc0a3d9cdddf"",""c68f6332-f200-5595-940d-e5bcad78f1fe"",""54c3aba8-cb42-5023-9591-5cdd68bdd7c5"",""b9ac296e-4c6c-5cdc-9e03-14868c124af2"",""022ddff9-4332-5ba5-b884-42537f220a0c"",""0d262496-18e1-5973-84a6-84fbda64d0ff"",""447860c8-1d56-518b-88ad-7e103990b756"",""616ecfda-7163-5a8d-ba60-01f623d8b124"",""656bacfc-b102-5379-8db2-2f9f127621e0"",""88f2e658-6155-5924-bc85-63fe2aabb08a"",""9f032fb3-90ca-5749-aff5-1065077ac10e"",""4d2e4005-a84b-525b-a492-d367c5e405d0"",""12b20e20-e117-5c00-83bc-e589b92b730e"",""e97a5398-37b9-5e89-91a9-9b3ae48d9534"",""7a8f92c5-5f85-593a-bf90-08e13c60a2e6"",""aa66f5e3-ac0e-57d6-9b69-aa54ea7c4fb9"",""d07b7490-853e-562b-b662-305e89e7718d"",""596c0800-372d-5056-8a35-9f8661656bf4"",""d08816e6-d4d6-5f35-9de3-d86528fa7a96"",""2e126757-f17e-5ee2-93db-94d31ed944b2"",""5e1af4e2-330f-563f-b639-2d3cd8d276c8"",""49cd1889-2a56-5913-8723-929335f68874"",""82b898ba-3b6d-567f-8996-4f259b74547e"",""d38eb7d2-e78b-5c2f-93e4-2e34846e80e6"",""33effc64-dcfe-5ced-badf-c4df49f68dc1"",""a3a03b99-34c0-504b-b529-32b798db318a"",""8b3ec7b0-123f-5597-95f7-1fafc5810d01"",""035c5442-19b8-5a84-8a59-b352a9660279"",""d6d45010-72fa-5741-b733-88958a8795d2"",""ab8215e5-b753-5a6a-a4e7-ad9caf42eeac"",""1b20061c-b208-551a-b06c-81ffeff623fc"",""9b6d0913-2ae6-5dab-ab36-d05e1c51b208"",""a27c1fb2-edc1-57e6-9d74-adb5a13fed3b"",""4696448b-8c21-591b-80cc-7344ea0b95ec"",""c1d75a33-928c-5636-b99c-def1fb29e0f5"",""61eebfb6-2555-5bce-ba71-7a750427392a"",""aba074a1-d451-595d-bc12-e257adbe7383"",""1ca34094-ee4d-5962-a78a-174d361a9cd3"",""7edb0577-da07-5c6f-8391-bb90e9822165"",""d7c5d484-54dc-5d1e-a3ac-65d60267a12c"",""f416cc8b-3bc2-5c4c-a91c-c56faf748684""]",,,,,,,context_preparation_seconds,,,3,0,3,UF4,,,prespecified_B_E,False,explicit in unit columns; exact fractions retained,s
M7-analysis-v5,E-P1R0,UF4:cell:E-P1R0,dbb63e68d4ed9e904fa985aa5b88d674205b6caab086a8d981ac8918a9c68fb5,"[""4afc763c-033e-501c-9c9c-453207d31e62"",""1fed9611-d0cc-51e5-86e7-4ba237c836a2"",""0e4d4039-5409-5be7-a300-ded85e9c22d7"",""1c4afc6f-6679-57b7-ab6b-cec3053e85a1"",""76216ff6-0dab-5f43-913f-741c2deb7596"",""fe7c5fea-171a-5d3e-b93c-b9d53dca7c67"",""784c942d-b222-5013-a2e4-de4aa477a143"",""2f2d84f4-6f41-5df7-a828-cc0a3d9cdddf"",""c68f6332-f200-5595-940d-e5bcad78f1fe"",""54c3aba8-cb42-5023-9591-5cdd68bdd7c5"",""b9ac296e-4c6c-5cdc-9e03-14868c124af2"",""022ddff9-4332-5ba5-b884-42537f220a0c"",""0d262496-18e1-5973-84a6-84fbda64d0ff"",""447860c8-1d56-518b-88ad-7e103990b756"",""616ecfda-7163-5a8d-ba60-01f623d8b124"",""656bacfc-b102-5379-8db2-2f9f127621e0"",""88f2e658-6155-5924-bc85-63fe2aabb08a"",""9f032fb3-90ca-5749-aff5-1065077ac10e"",""4d2e4005-a84b-525b-a492-d367c5e405d0"",""12b20e20-e117-5c00-83bc-e589b92b730e"",""e97a5398-37b9-5e89-91a9-9b3ae48d9534"",""7a8f92c5-5f85-593a-bf90-08e13c60a2e6"",""aa66f5e3-ac0e-57d6-9b69-aa54ea7c4fb9"",""d07b7490-853e-562b-b662-305e89e7718d"",""596c0800-372d-5056-8a35-9f8661656bf4"",""d08816e6-d4d6-5f35-9de3-d86528fa7a96"",""2e126757-f17e-5ee2-93db-94d31ed944b2"",""5e1af4e2-330f-563f-b639-2d3cd8d276c8"",""49cd1889-2a56-5913-8723-929335f68874"",""82b898ba-3b6d-567f-8996-4f259b74547e"",""d38eb7d2-e78b-5c2f-93e4-2e34846e80e6"",""33effc64-dcfe-5ced-badf-c4df49f68dc1"",""a3a03b99-34c0-504b-b529-32b798db318a"",""8b3ec7b0-123f-5597-95f7-1fafc5810d01"",""035c5442-19b8-5a84-8a59-b352a9660279"",""d6d45010-72fa-5741-b733-88958a8795d2"",""ab8215e5-b753-5a6a-a4e7-ad9caf42eeac"",""1b20061c-b208-551a-b06c-81ffeff623fc"",""9b6d0913-2ae6-5dab-ab36-d05e1c51b208"",""a27c1fb2-edc1-57e6-9d74-adb5a13fed3b"",""4696448b-8c21-591b-80cc-7344ea0b95ec"",""c1d75a33-928c-5636-b99c-def1fb29e0f5"",""61eebfb6-2555-5bce-ba71-7a750427392a"",""aba074a1-d451-595d-bc12-e257adbe7383"",""1ca34094-ee4d-5962-a78a-174d361a9cd3"",""7edb0577-da07-5c6f-8391-bb90e9822165"",""d7c5d484-54dc-5d1e-a3ac-65d60267a12c"",""f416cc8b-3bc2-5c4c-a91c-c56faf748684""]",,,,,,,evaluation_seconds,,,3,0,3,UF4,,,prespecified_B_E,False,explicit in unit columns; exact fractions retained,s
M7-analysis-v5,E-P1R0,UF4:cell:E-P1R0,dbb63e68d4ed9e904fa985aa5b88d674205b6caab086a8d981ac8918a9c68fb5,"[""4afc763c-033e-501c-9c9c-453207d31e62"",""1fed9611-d0cc-51e5-86e7-4ba237c836a2"",""0e4d4039-5409-5be7-a300-ded85e9c22d7"",""1c4afc6f-6679-57b7-ab6b-cec3053e85a1"",""76216ff6-0dab-5f43-913f-741c2deb7596"",""fe7c5fea-171a-5d3e-b93c-b9d53dca7c67"",""784c942d-b222-5013-a2e4-de4aa477a143"",""2f2d84f4-6f41-5df7-a828-cc0a3d9cdddf"",""c68f6332-f200-5595-940d-e5bcad78f1fe"",""54c3aba8-cb42-5023-9591-5cdd68bdd7c5"",""b9ac296e-4c6c-5cdc-9e03-14868c124af2"",""022ddff9-4332-5ba5-b884-42537f220a0c"",""0d262496-18e1-5973-84a6-84fbda64d0ff"",""447860c8-1d56-518b-88ad-7e103990b756"",""616ecfda-7163-5a8d-ba60-01f623d8b124"",""656bacfc-b102-5379-8db2-2f9f127621e0"",""88f2e658-6155-5924-bc85-63fe2aabb08a"",""9f032fb3-90ca-5749-aff5-1065077ac10e"",""4d2e4005-a84b-525b-a492-d367c5e405d0"",""12b20e20-e117-5c00-83bc-e589b92b730e"",""e97a5398-37b9-5e89-91a9-9b3ae48d9534"",""7a8f92c5-5f85-593a-bf90-08e13c60a2e6"",""aa66f5e3-ac0e-57d6-9b69-aa54ea7c4fb9"",""d07b7490-853e-562b-b662-305e89e7718d"",""596c0800-372d-5056-8a35-9f8661656bf4"",""d08816e6-d4d6-5f35-9de3-d86528fa7a96"",""2e126757-f17e-5ee2-93db-94d31ed944b2"",""5e1af4e2-330f-563f-b639-2d3cd8d276c8"",""49cd1889-2a56-5913-8723-929335f68874"",""82b898ba-3b6d-567f-8996-4f259b74547e"",""d38eb7d2-e78b-5c2f-93e4-2e34846e80e6"",""33effc64-dcfe-5ced-badf-c4df49f68dc1"",""a3a03b99-34c0-504b-b529-32b798db318a"",""8b3ec7b0-123f-5597-95f7-1fafc5810d01"",""035c5442-19b8-5a84-8a59-b352a9660279"",""d6d45010-72fa-5741-b733-88958a8795d2"",""ab8215e5-b753-5a6a-a4e7-ad9caf42eeac"",""1b20061c-b208-551a-b06c-81ffeff623fc"",""9b6d0913-2ae6-5dab-ab36-d05e1c51b208"",""a27c1fb2-edc1-57e6-9d74-adb5a13fed3b"",""4696448b-8c21-591b-80cc-7344ea0b95ec"",""c1d75a33-928c-5636-b99c-def1fb29e0f5"",""61eebfb6-2555-5bce-ba71-7a750427392a"",""aba074a1-d451-595d-bc12-e257adbe7383"",""1ca34094-ee4d-5962-a78a-174d361a9cd3"",""7edb0577-da07-5c6f-8391-bb90e9822165"",""d7c5d484-54dc-5d1e-a3ac-65d60267a12c"",""f416cc8b-3bc2-5c4c-a91c-c56faf748684""]",,,,,,,inference_seconds,,,3,0,3,UF4,,,prespecified_B_E,False,explicit in unit columns; exact fractions retained,s
M7-analysis-v5,E-P1R0,UF4:cell:E-P1R0,dbb63e68d4ed9e904fa985aa5b88d674205b6caab086a8d981ac8918a9c68fb5,"[""4afc763c-033e-501c-9c9c-453207d31e62"",""1fed9611-d0cc-51e5-86e7-4ba237c836a2"",""0e4d4039-5409-5be7-a300-ded85e9c22d7"",""1c4afc6f-6679-57b7-ab6b-cec3053e85a1"",""76216ff6-0dab-5f43-913f-741c2deb7596"",""fe7c5fea-171a-5d3e-b93c-b9d53dca7c67"",""784c942d-b222-5013-a2e4-de4aa477a143"",""2f2d84f4-6f41-5df7-a828-cc0a3d9cdddf"",""c68f6332-f200-5595-940d-e5bcad78f1fe"",""54c3aba8-cb42-5023-9591-5cdd68bdd7c5"",""b9ac296e-4c6c-5cdc-9e03-14868c124af2"",""022ddff9-4332-5ba5-b884-42537f220a0c"",""0d262496-18e1-5973-84a6-84fbda64d0ff"",""447860c8-1d56-518b-88ad-7e103990b756"",""616ecfda-7163-5a8d-ba60-01f623d8b124"",""656bacfc-b102-5379-8db2-2f9f127621e0"",""88f2e658-6155-5924-bc85-63fe2aabb08a"",""9f032fb3-90ca-5749-aff5-1065077ac10e"",""4d2e4005-a84b-525b-a492-d367c5e405d0"",""12b20e20-e117-5c00-83bc-e589b92b730e"",""e97a5398-37b9-5e89-91a9-9b3ae48d9534"",""7a8f92c5-5f85-593a-bf90-08e13c60a2e6"",""aa66f5e3-ac0e-57d6-9b69-aa54ea7c4fb9"",""d07b7490-853e-562b-b662-305e89e7718d"",""596c0800-372d-5056-8a35-9f8661656bf4"",""d08816e6-d4d6-5f35-9de3-d86528fa7a96"",""2e126757-f17e-5ee2-93db-94d31ed944b2"",""5e1af4e2-330f-563f-b639-2d3cd8d276c8"",""49cd1889-2a56-5913-8723-929335f68874"",""82b898ba-3b6d-567f-8996-4f259b74547e"",""d38eb7d2-e78b-5c2f-93e4-2e34846e80e6"",""33effc64-dcfe-5ced-badf-c4df49f68dc1"",""a3a03b99-34c0-504b-b529-32b798db318a"",""8b3ec7b0-123f-5597-95f7-1fafc5810d01"",""035c5442-19b8-5a84-8a59-b352a9660279"",""d6d45010-72fa-5741-b733-88958a8795d2"",""ab8215e5-b753-5a6a-a4e7-ad9caf42eeac"",""1b20061c-b208-551a-b06c-81ffeff623fc"",""9b6d0913-2ae6-5dab-ab36-d05e1c51b208"",""a27c1fb2-edc1-57e6-9d74-adb5a13fed3b"",""4696448b-8c21-591b-80cc-7344ea0b95ec"",""c1d75a33-928c-5636-b99c-def1fb29e0f5"",""61eebfb6-2555-5bce-ba71-7a750427392a"",""aba074a1-d451-595d-bc12-e257adbe7383"",""1ca34094-ee4d-5962-a78a-174d361a9cd3"",""7edb0577-da07-5c6f-8391-bb90e9822165"",""d7c5d484-54dc-5d1e-a3ac-65d60267a12c"",""f416cc8b-3bc2-5c4c-a91c-c56faf748684""]",,,,,,,load_seconds,,,3,0,3,UF4,,,prespecified_B_E,False,explicit in unit columns; exact fractions retained,s
M7-analysis-v5,E-P1R0,UF4:cell:E-P1R0,dbb63e68d4ed9e904fa985aa5b88d674205b6caab086a8d981ac8918a9c68fb5,"[""4afc763c-033e-501c-9c9c-453207d31e62"",""1fed9611-d0cc-51e5-86e7-4ba237c836a2"",""0e4d4039-5409-5be7-a300-ded85e9c22d7"",""1c4afc6f-6679-57b7-ab6b-cec3053e85a1"",""76216ff6-0dab-5f43-913f-741c2deb7596"",""fe7c5fea-171a-5d3e-b93c-b9d53dca7c67"",""784c942d-b222-5013-a2e4-de4aa477a143"",""2f2d84f4-6f41-5df7-a828-cc0a3d9cdddf"",""c68f6332-f200-5595-940d-e5bcad78f1fe"",""54c3aba8-cb42-5023-9591-5cdd68bdd7c5"",""b9ac296e-4c6c-5cdc-9e03-14868c124af2"",""022ddff9-4332-5ba5-b884-42537f220a0c"",""0d262496-18e1-5973-84a6-84fbda64d0ff"",""447860c8-1d56-518b-88ad-7e103990b756"",""616ecfda-7163-5a8d-ba60-01f623d8b124"",""656bacfc-b102-5379-8db2-2f9f127621e0"",""88f2e658-6155-5924-bc85-63fe2aabb08a"",""9f032fb3-90ca-5749-aff5-1065077ac10e"",""4d2e4005-a84b-525b-a492-d367c5e405d0"",""12b20e20-e117-5c00-83bc-e589b92b730e"",""e97a5398-37b9-5e89-91a9-9b3ae48d9534"",""7a8f92c5-5f85-593a-bf90-08e13c60a2e6"",""aa66f5e3-ac0e-57d6-9b69-aa54ea7c4fb9"",""d07b7490-853e-562b-b662-305e89e7718d"",""596c0800-372d-5056-8a35-9f8661656bf4"",""d08816e6-d4d6-5f35-9de3-d86528fa7a96"",""2e126757-f17e-5ee2-93db-94d31ed944b2"",""5e1af4e2-330f-563f-b639-2d3cd8d276c8"",""49cd1889-2a56-5913-8723-929335f68874"",""82b898ba-3b6d-567f-8996-4f259b74547e"",""d38eb7d2-e78b-5c2f-93e4-2e34846e80e6"",""33effc64-dcfe-5ced-badf-c4df49f68dc1"",""a3a03b99-34c0-504b-b529-32b798db318a"",""8b3ec7b0-123f-5597-95f7-1fafc5810d01"",""035c5442-19b8-5a84-8a59-b352a9660279"",""d6d45010-72fa-5741-b733-88958a8795d2"",""ab8215e5-b753-5a6a-a4e7-ad9caf42eeac"",""1b20061c-b208-551a-b06c-81ffeff623fc"",""9b6d0913-2ae6-5dab-ab36-d05e1c51b208"",""a27c1fb2-edc1-57e6-9d74-adb5a13fed3b"",""4696448b-8c21-591b-80cc-7344ea0b95ec"",""c1d75a33-928c-5636-b99c-def1fb29e0f5"",""61eebfb6-2555-5bce-ba71-7a750427392a"",""aba074a1-d451-595d-bc12-e257adbe7383"",""1ca34094-ee4d-5962-a78a-174d361a9cd3"",""7edb0577-da07-5c6f-8391-bb90e9822165"",""d7c5d484-54dc-5d1e-a3ac-65d60267a12c"",""f416cc8b-3bc2-5c4c-a91c-c56faf748684""]",,,,,,,manual_review_seconds,,,3,0,3,UF4,,,prespecified_B_E,False,explicit in unit columns; exact fractions retained,s
M7-analysis-v5,E-P1R0,UF4:cell:E-P1R0,dbb63e68d4ed9e904fa985aa5b88d674205b6caab086a8d981ac8918a9c68fb5,"[""4afc763c-033e-501c-9c9c-453207d31e62"",""1fed9611-d0cc-51e5-86e7-4ba237c836a2"",""0e4d4039-5409-5be7-a300-ded85e9c22d7"",""1c4afc6f-6679-57b7-ab6b-cec3053e85a1"",""76216ff6-0dab-5f43-913f-741c2deb7596"",""fe7c5fea-171a-5d3e-b93c-b9d53dca7c67"",""784c942d-b222-5013-a2e4-de4aa477a143"",""2f2d84f4-6f41-5df7-a828-cc0a3d9cdddf"",""c68f6332-f200-5595-940d-e5bcad78f1fe"",""54c3aba8-cb42-5023-9591-5cdd68bdd7c5"",""b9ac296e-4c6c-5cdc-9e03-14868c124af2"",""022ddff9-4332-5ba5-b884-42537f220a0c"",""0d262496-18e1-5973-84a6-84fbda64d0ff"",""447860c8-1d56-518b-88ad-7e103990b756"",""616ecfda-7163-5a8d-ba60-01f623d8b124"",""656bacfc-b102-5379-8db2-2f9f127621e0"",""88f2e658-6155-5924-bc85-63fe2aabb08a"",""9f032fb3-90ca-5749-aff5-1065077ac10e"",""4d2e4005-a84b-525b-a492-d367c5e405d0"",""12b20e20-e117-5c00-83bc-e589b92b730e"",""e97a5398-37b9-5e89-91a9-9b3ae48d9534"",""7a8f92c5-5f85-593a-bf90-08e13c60a2e6"",""aa66f5e3-ac0e-57d6-9b69-aa54ea7c4fb9"",""d07b7490-853e-562b-b662-305e89e7718d"",""596c0800-372d-5056-8a35-9f8661656bf4"",""d08816e6-d4d6-5f35-9de3-d86528fa7a96"",""2e126757-f17e-5ee2-93db-94d31ed944b2"",""5e1af4e2-330f-563f-b639-2d3cd8d276c8"",""49cd1889-2a56-5913-8723-929335f68874"",""82b898ba-3b6d-567f-8996-4f259b74547e"",""d38eb7d2-e78b-5c2f-93e4-2e34846e80e6"",""33effc64-dcfe-5ced-badf-c4df49f68dc1"",""a3a03b99-34c0-504b-b529-32b798db318a"",""8b3ec7b0-123f-5597-95f7-1fafc5810d01"",""035c5442-19b8-5a84-8a59-b352a9660279"",""d6d45010-72fa-5741-b733-88958a8795d2"",""ab8215e5-b753-5a6a-a4e7-ad9caf42eeac"",""1b20061c-b208-551a-b06c-81ffeff623fc"",""9b6d0913-2ae6-5dab-ab36-d05e1c51b208"",""a27c1fb2-edc1-57e6-9d74-adb5a13fed3b"",""4696448b-8c21-591b-80cc-7344ea0b95ec"",""c1d75a33-928c-5636-b99c-def1fb29e0f5"",""61eebfb6-2555-5bce-ba71-7a750427392a"",""aba074a1-d451-595d-bc12-e257adbe7383"",""1ca34094-ee4d-5962-a78a-174d361a9cd3"",""7edb0577-da07-5c6f-8391-bb90e9822165"",""d7c5d484-54dc-5d1e-a3ac-65d60267a12c"",""f416cc8b-3bc2-5c4c-a91c-c56faf748684""]",,,,,,,retry_seconds,,,3,0,3,UF4,,,prespecified_B_E,False,explicit in unit columns; exact fractions retained,s
M7-analysis-v5,E-P1R0,UF4:cell:E-P1R0,dbb63e68d4ed9e904fa985aa5b88d674205b6caab086a8d981ac8918a9c68fb5,"[""4afc763c-033e-501c-9c9c-453207d31e62"",""1fed9611-d0cc-51e5-86e7-4ba237c836a2"",""0e4d4039-5409-5be7-a300-ded85e9c22d7"",""1c4afc6f-6679-57b7-ab6b-cec3053e85a1"",""76216ff6-0dab-5f43-913f-741c2deb7596"",""fe7c5fea-171a-5d3e-b93c-b9d53dca7c67"",""784c942d-b222-5013-a2e4-de4aa477a143"",""2f2d84f4-6f41-5df7-a828-cc0a3d9cdddf"",""c68f6332-f200-5595-940d-e5bcad78f1fe"",""54c3aba8-cb42-5023-9591-5cdd68bdd7c5"",""b9ac296e-4c6c-5cdc-9e03-14868c124af2"",""022ddff9-4332-5ba5-b884-42537f220a0c"",""0d262496-18e1-5973-84a6-84fbda64d0ff"",""447860c8-1d56-518b-88ad-7e103990b756"",""616ecfda-7163-5a8d-ba60-01f623d8b124"",""656bacfc-b102-5379-8db2-2f9f127621e0"",""88f2e658-6155-5924-bc85-63fe2aabb08a"",""9f032fb3-90ca-5749-aff5-1065077ac10e"",""4d2e4005-a84b-525b-a492-d367c5e405d0"",""12b20e20-e117-5c00-83bc-e589b92b730e"",""e97a5398-37b9-5e89-91a9-9b3ae48d9534"",""7a8f92c5-5f85-593a-bf90-08e13c60a2e6"",""aa66f5e3-ac0e-57d6-9b69-aa54ea7c4fb9"",""d07b7490-853e-562b-b662-305e89e7718d"",""596c0800-372d-5056-8a35-9f8661656bf4"",""d08816e6-d4d6-5f35-9de3-d86528fa7a96"",""2e126757-f17e-5ee2-93db-94d31ed944b2"",""5e1af4e2-330f-563f-b639-2d3cd8d276c8"",""49cd1889-2a56-5913-8723-929335f68874"",""82b898ba-3b6d-567f-8996-4f259b74547e"",""d38eb7d2-e78b-5c2f-93e4-2e34846e80e6"",""33effc64-dcfe-5ced-badf-c4df49f68dc1"",""a3a03b99-34c0-504b-b529-32b798db318a"",""8b3ec7b0-123f-5597-95f7-1fafc5810d01"",""035c5442-19b8-5a84-8a59-b352a9660279"",""d6d45010-72fa-5741-b733-88958a8795d2"",""ab8215e5-b753-5a6a-a4e7-ad9caf42eeac"",""1b20061c-b208-551a-b06c-81ffeff623fc"",""9b6d0913-2ae6-5dab-ab36-d05e1c51b208"",""a27c1fb2-edc1-57e6-9d74-adb5a13fed3b"",""4696448b-8c21-591b-80cc-7344ea0b95ec"",""c1d75a33-928c-5636-b99c-def1fb29e0f5"",""61eebfb6-2555-5bce-ba71-7a750427392a"",""aba074a1-d451-595d-bc12-e257adbe7383"",""1ca34094-ee4d-5962-a78a-174d361a9cd3"",""7edb0577-da07-5c6f-8391-bb90e9822165"",""d7c5d484-54dc-5d1e-a3ac-65d60267a12c"",""f416cc8b-3bc2-5c4c-a91c-c56faf748684""]",,,,,,,setup_seconds,,,3,0,3,UF4,,,prespecified_B_E,False,explicit in unit columns; exact fractions retained,s
M7-analysis-v5,E-P1R0,UF4:cell:E-P1R0,dbb63e68d4ed9e904fa985aa5b88d674205b6caab086a8d981ac8918a9c68fb5,"[""4afc763c-033e-501c-9c9c-453207d31e62"",""1fed9611-d0cc-51e5-86e7-4ba237c836a2"",""0e4d4039-5409-5be7-a300-ded85e9c22d7"",""1c4afc6f-6679-57b7-ab6b-cec3053e85a1"",""76216ff6-0dab-5f43-913f-741c2deb7596"",""fe7c5fea-171a-5d3e-b93c-b9d53dca7c67"",""784c942d-b222-5013-a2e4-de4aa477a143"",""2f2d84f4-6f41-5df7-a828-cc0a3d9cdddf"",""c68f6332-f200-5595-940d-e5bcad78f1fe"",""54c3aba8-cb42-5023-9591-5cdd68bdd7c5"",""b9ac296e-4c6c-5cdc-9e03-14868c124af2"",""022ddff9-4332-5ba5-b884-42537f220a0c"",""0d262496-18e1-5973-84a6-84fbda64d0ff"",""447860c8-1d56-518b-88ad-7e103990b756"",""616ecfda-7163-5a8d-ba60-01f623d8b124"",""656bacfc-b102-5379-8db2-2f9f127621e0"",""88f2e658-6155-5924-bc85-63fe2aabb08a"",""9f032fb3-90ca-5749-aff5-1065077ac10e"",""4d2e4005-a84b-525b-a492-d367c5e405d0"",""12b20e20-e117-5c00-83bc-e589b92b730e"",""e97a5398-37b9-5e89-91a9-9b3ae48d9534"",""7a8f92c5-5f85-593a-bf90-08e13c60a2e6"",""aa66f5e3-ac0e-57d6-9b69-aa54ea7c4fb9"",""d07b7490-853e-562b-b662-305e89e7718d"",""596c0800-372d-5056-8a35-9f8661656bf4"",""d08816e6-d4d6-5f35-9de3-d86528fa7a96"",""2e126757-f17e-5ee2-93db-94d31ed944b2"",""5e1af4e2-330f-563f-b639-2d3cd8d276c8"",""49cd1889-2a56-5913-8723-929335f68874"",""82b898ba-3b6d-567f-8996-4f259b74547e"",""d38eb7d2-e78b-5c2f-93e4-2e34846e80e6"",""33effc64-dcfe-5ced-badf-c4df49f68dc1"",""a3a03b99-34c0-504b-b529-32b798db318a"",""8b3ec7b0-123f-5597-95f7-1fafc5810d01"",""035c5442-19b8-5a84-8a59-b352a9660279"",""d6d45010-72fa-5741-b733-88958a8795d2"",""ab8215e5-b753-5a6a-a4e7-ad9caf42eeac"",""1b20061c-b208-551a-b06c-81ffeff623fc"",""9b6d0913-2ae6-5dab-ab36-d05e1c51b208"",""a27c1fb2-edc1-57e6-9d74-adb5a13fed3b"",""4696448b-8c21-591b-80cc-7344ea0b95ec"",""c1d75a33-928c-5636-b99c-def1fb29e0f5"",""61eebfb6-2555-5bce-ba71-7a750427392a"",""aba074a1-d451-595d-bc12-e257adbe7383"",""1ca34094-ee4d-5962-a78a-174d361a9cd3"",""7edb0577-da07-5c6f-8391-bb90e9822165"",""d7c5d484-54dc-5d1e-a3ac-65d60267a12c"",""f416cc8b-3bc2-5c4c-a91c-c56faf748684""]",,,,,,,tokens.other,,,3,0,3,UF4,,,prespecified_B_E,False,explicit in unit columns; exact fractions retained,tokens
