analysis_version,block_id,block_index,candidate_hash,cell_key,code,configuration_hash,configuration_id,connection,connection.evidence_ids,connection.previous_interval_id,connection.relation,context,created_at,data_hash,data_origin,denominator_sets.planned_ids,end_process_id,ended_at,evidence_ids,id,in_b_e,kind,module,monotonic_end,monotonic_start,phase_id,planned_id,planner,position,process_id,producer,reason,review,run_id,schema_version,sequence,started_at,table_unit,verifier
M7-analysis-v5,2394b234-0bc9-5e4f-b3e2-b83fed46e68b,1,3f84b747bd1f85e0ca02784596b28635a58f099d2280c11d6a58a2a96314c85f,E-AB,PIPE-TIME-699b00ca-3015-4e49-95d1-252c70c5428a,e1ea2ccf80fbb81f94b29b70bdd06508e2b9419500b1ca0ecfd5317a4540e358,37d46947-813a-4296-a328-81c505b1dba7,,,,,K1,2026-10-07T00:50:25.212975Z,dbb63e68d4ed9e904fa985aa5b88d674205b6caab086a8d981ac8918a9c68fb5,empirical,"[""4afc763c-033e-501c-9c9c-453207d31e62"",""1fed9611-d0cc-51e5-86e7-4ba237c836a2"",""0e4d4039-5409-5be7-a300-ded85e9c22d7"",""1c4afc6f-6679-57b7-ab6b-cec3053e85a1"",""76216ff6-0dab-5f43-913f-741c2deb7596"",""fe7c5fea-171a-5d3e-b93c-b9d53dca7c67"",""784c942d-b222-5013-a2e4-de4aa477a143"",""2f2d84f4-6f41-5df7-a828-cc0a3d9cdddf"",""c68f6332-f200-5595-940d-e5bcad78f1fe"",""54c3aba8-cb42-5023-9591-5cdd68bdd7c5"",""b9ac296e-4c6c-5cdc-9e03-14868c124af2"",""022ddff9-4332-5ba5-b884-42537f220a0c"",""0d262496-18e1-5973-84a6-84fbda64d0ff"",""447860c8-1d56-518b-88ad-7e103990b756"",""616ecfda-7163-5a8d-ba60-01f623d8b124"",""656bacfc-b102-5379-8db2-2f9f127621e0"",""88f2e658-6155-5924-bc85-63fe2aabb08a"",""9f032fb3-90ca-5749-aff5-1065077ac10e"",""4d2e4005-a84b-525b-a492-d367c5e405d0"",""12b20e20-e117-5c00-83bc-e589b92b730e"",""e97a5398-37b9-5e89-91a9-9b3ae48d9534"",""7a8f92c5-5f85-593a-bf90-08e13c60a2e6"",""aa66f5e3-ac0e-57d6-9b69-aa54ea7c4fb9"",""d07b7490-853e-562b-b662-305e89e7718d"",""596c0800-372d-5056-8a35-9f8661656bf4"",""d08816e6-d4d6-5f35-9de3-d86528fa7a96"",""2e126757-f17e-5ee2-93db-94d31ed944b2"",""5e1af4e2-330f-563f-b639-2d3cd8d276c8"",""49cd1889-2a56-5913-8723-929335f68874"",""82b898ba-3b6d-567f-8996-4f259b74547e"",""d38eb7d2-e78b-5c2f-93e4-2e34846e80e6"",""33effc64-dcfe-5ced-badf-c4df49f68dc1"",""a3a03b99-34c0-504b-b529-32b798db318a"",""8b3ec7b0-123f-5597-95f7-1fafc5810d01"",""035c5442-19b8-5a84-8a59-b352a9660279"",""d6d45010-72fa-5741-b733-88958a8795d2"",""ab8215e5-b753-5a6a-a4e7-ad9caf42eeac"",""1b20061c-b208-551a-b06c-81ffeff623fc"",""9b6d0913-2ae6-5dab-ab36-d05e1c51b208"",""a27c1fb2-edc1-57e6-9d74-adb5a13fed3b"",""4696448b-8c21-591b-80cc-7344ea0b95ec"",""c1d75a33-928c-5636-b99c-def1fb29e0f5"",""61eebfb6-2555-5bce-ba71-7a750427392a"",""aba074a1-d451-595d-bc12-e257adbe7383"",""1ca34094-ee4d-5962-a78a-174d361a9cd3"",""7edb0577-da07-5c6f-8391-bb90e9822165"",""d7c5d484-54dc-5d1e-a3ac-65d60267a12c"",""f416cc8b-3bc2-5c4c-a91c-c56faf748684""]",939651dd-a06e-4f5a-bc13-ef02be22cee5,2026-10-07T00:50:25.210215Z,"[""607b336a-1b53-421f-8b6a-fab3abf10a32""]",385c4d33-8d38-49ac-b28f-19c63e8b5625,True,active,SQL,6460.441691815,5789.088229054,f8edaecf-8020-4564-bbf4-42b31ddc5d7a,4afc763c-033e-501c-9c9c-453207d31e62,True,1,939651dd-a06e-4f5a-bc13-ef02be22cee5,A,Gemessener Pipelineanteil; unbekannte Prozessgrenze separat,True,e10cc3d4-0100-4121-8706-3222fbbbac9d,1,1,2026-10-07T00:39:13.852215Z,explicit per metric; exact fractions and decimal display,B
M7-analysis-v5,2394b234-0bc9-5e4f-b3e2-b83fed46e68b,1,3f7b25cee4fd7476653c5b7444369736cf61ac4199da6648e3573f7618d555da,C-BF-1,PIPE-TIME-e6cc56d4-f484-4459-9e53-2d239b02f528,202e1e0a33d9d0d7b92585572740cd6b1ca70f7699cac883e8579e11bac45057,651e080b-10b7-40ff-9204-1dd148ce6638,,,,,K1,2026-10-07T01:16:53.207133Z,dbb63e68d4ed9e904fa985aa5b88d674205b6caab086a8d981ac8918a9c68fb5,empirical,"[""4afc763c-033e-501c-9c9c-453207d31e62"",""1fed9611-d0cc-51e5-86e7-4ba237c836a2"",""0e4d4039-5409-5be7-a300-ded85e9c22d7"",""1c4afc6f-6679-57b7-ab6b-cec3053e85a1"",""76216ff6-0dab-5f43-913f-741c2deb7596"",""fe7c5fea-171a-5d3e-b93c-b9d53dca7c67"",""784c942d-b222-5013-a2e4-de4aa477a143"",""2f2d84f4-6f41-5df7-a828-cc0a3d9cdddf"",""c68f6332-f200-5595-940d-e5bcad78f1fe"",""54c3aba8-cb42-5023-9591-5cdd68bdd7c5"",""b9ac296e-4c6c-5cdc-9e03-14868c124af2"",""022ddff9-4332-5ba5-b884-42537f220a0c"",""0d262496-18e1-5973-84a6-84fbda64d0ff"",""447860c8-1d56-518b-88ad-7e103990b756"",""616ecfda-7163-5a8d-ba60-01f623d8b124"",""656bacfc-b102-5379-8db2-2f9f127621e0"",""88f2e658-6155-5924-bc85-63fe2aabb08a"",""9f032fb3-90ca-5749-aff5-1065077ac10e"",""4d2e4005-a84b-525b-a492-d367c5e405d0"",""12b20e20-e117-5c00-83bc-e589b92b730e"",""e97a5398-37b9-5e89-91a9-9b3ae48d9534"",""7a8f92c5-5f85-593a-bf90-08e13c60a2e6"",""aa66f5e3-ac0e-57d6-9b69-aa54ea7c4fb9"",""d07b7490-853e-562b-b662-305e89e7718d"",""596c0800-372d-5056-8a35-9f8661656bf4"",""d08816e6-d4d6-5f35-9de3-d86528fa7a96"",""2e126757-f17e-5ee2-93db-94d31ed944b2"",""5e1af4e2-330f-563f-b639-2d3cd8d276c8"",""49cd1889-2a56-5913-8723-929335f68874"",""82b898ba-3b6d-567f-8996-4f259b74547e"",""d38eb7d2-e78b-5c2f-93e4-2e34846e80e6"",""33effc64-dcfe-5ced-badf-c4df49f68dc1"",""a3a03b99-34c0-504b-b529-32b798db318a"",""8b3ec7b0-123f-5597-95f7-1fafc5810d01"",""035c5442-19b8-5a84-8a59-b352a9660279"",""d6d45010-72fa-5741-b733-88958a8795d2"",""ab8215e5-b753-5a6a-a4e7-ad9caf42eeac"",""1b20061c-b208-551a-b06c-81ffeff623fc"",""9b6d0913-2ae6-5dab-ab36-d05e1c51b208"",""a27c1fb2-edc1-57e6-9d74-adb5a13fed3b"",""4696448b-8c21-591b-80cc-7344ea0b95ec"",""c1d75a33-928c-5636-b99c-def1fb29e0f5"",""61eebfb6-2555-5bce-ba71-7a750427392a"",""aba074a1-d451-595d-bc12-e257adbe7383"",""1ca34094-ee4d-5962-a78a-174d361a9cd3"",""7edb0577-da07-5c6f-8391-bb90e9822165"",""d7c5d484-54dc-5d1e-a3ac-65d60267a12c"",""f416cc8b-3bc2-5c4c-a91c-c56faf748684""]",9e06d14c-41ad-4335-9f6c-9286aa474be8,2026-10-07T01:16:53.203014Z,"[""86446004-10d0-4aa9-b9c6-d6a01f8ed5fb""]",8a75deac-7123-465e-8f1c-ab43e8595683,True,active,BF,8048.426895412,7742.746097107,f8edaecf-8020-4564-bbf4-42b31ddc5d7a,1fed9611-d0cc-51e5-86e7-4ba237c836a2,True,2,9e06d14c-41ad-4335-9f6c-9286aa474be8,A,Gemessener Pipelineanteil; unbekannte Prozessgrenze separat,True,adff56bd-3d96-437d-8ee8-4923e1b0b2b9,1,1,2026-10-07T01:11:47.520760Z,explicit per metric; exact fractions and decimal display,A
M7-analysis-v5,2394b234-0bc9-5e4f-b3e2-b83fed46e68b,1,53e2a903e48de7e2b5713ddbed13958a80d162ea9853e32461ca0c4dd524e630,E-P1R0,PIPE-TIME-84008afd-87ea-464a-9cd5-8508244f08f3,46fff238fb6d2caf7973ae538150ab3097c1fa1862c12a1b6c4ff163afb5f6c3,4eb1de1a-3682-4e43-9075-598dbaee7479,,,,,K1,2026-10-07T01:37:51.310796Z,dbb63e68d4ed9e904fa985aa5b88d674205b6caab086a8d981ac8918a9c68fb5,empirical,"[""4afc763c-033e-501c-9c9c-453207d31e62"",""1fed9611-d0cc-51e5-86e7-4ba237c836a2"",""0e4d4039-5409-5be7-a300-ded85e9c22d7"",""1c4afc6f-6679-57b7-ab6b-cec3053e85a1"",""76216ff6-0dab-5f43-913f-741c2deb7596"",""fe7c5fea-171a-5d3e-b93c-b9d53dca7c67"",""784c942d-b222-5013-a2e4-de4aa477a143"",""2f2d84f4-6f41-5df7-a828-cc0a3d9cdddf"",""c68f6332-f200-5595-940d-e5bcad78f1fe"",""54c3aba8-cb42-5023-9591-5cdd68bdd7c5"",""b9ac296e-4c6c-5cdc-9e03-14868c124af2"",""022ddff9-4332-5ba5-b884-42537f220a0c"",""0d262496-18e1-5973-84a6-84fbda64d0ff"",""447860c8-1d56-518b-88ad-7e103990b756"",""616ecfda-7163-5a8d-ba60-01f623d8b124"",""656bacfc-b102-5379-8db2-2f9f127621e0"",""88f2e658-6155-5924-bc85-63fe2aabb08a"",""9f032fb3-90ca-5749-aff5-1065077ac10e"",""4d2e4005-a84b-525b-a492-d367c5e405d0"",""12b20e20-e117-5c00-83bc-e589b92b730e"",""e97a5398-37b9-5e89-91a9-9b3ae48d9534"",""7a8f92c5-5f85-593a-bf90-08e13c60a2e6"",""aa66f5e3-ac0e-57d6-9b69-aa54ea7c4fb9"",""d07b7490-853e-562b-b662-305e89e7718d"",""596c0800-372d-5056-8a35-9f8661656bf4"",""d08816e6-d4d6-5f35-9de3-d86528fa7a96"",""2e126757-f17e-5ee2-93db-94d31ed944b2"",""5e1af4e2-330f-563f-b639-2d3cd8d276c8"",""49cd1889-2a56-5913-8723-929335f68874"",""82b898ba-3b6d-567f-8996-4f259b74547e"",""d38eb7d2-e78b-5c2f-93e4-2e34846e80e6"",""33effc64-dcfe-5ced-badf-c4df49f68dc1"",""a3a03b99-34c0-504b-b529-32b798db318a"",""8b3ec7b0-123f-5597-95f7-1fafc5810d01"",""035c5442-19b8-5a84-8a59-b352a9660279"",""d6d45010-72fa-5741-b733-88958a8795d2"",""ab8215e5-b753-5a6a-a4e7-ad9caf42eeac"",""1b20061c-b208-551a-b06c-81ffeff623fc"",""9b6d0913-2ae6-5dab-ab36-d05e1c51b208"",""a27c1fb2-edc1-57e6-9d74-adb5a13fed3b"",""4696448b-8c21-591b-80cc-7344ea0b95ec"",""c1d75a33-928c-5636-b99c-def1fb29e0f5"",""61eebfb6-2555-5bce-ba71-7a750427392a"",""aba074a1-d451-595d-bc12-e257adbe7383"",""1ca34094-ee4d-5962-a78a-174d361a9cd3"",""7edb0577-da07-5c6f-8391-bb90e9822165"",""d7c5d484-54dc-5d1e-a3ac-65d60267a12c"",""f416cc8b-3bc2-5c4c-a91c-c56faf748684""]",835dbdd2-7887-4465-a0f7-275da414d8b9,2026-10-07T01:37:51.308236Z,"[""839f6d2a-05ad-4aed-82ed-3870885e81dc""]",c96acfe6-ff5d-4a3b-95c0-45834d3c5b75,True,active,SQL,9306.526649445,9043.628950783,f8edaecf-8020-4564-bbf4-42b31ddc5d7a,0e4d4039-5409-5be7-a300-ded85e9c22d7,True,3,835dbdd2-7887-4465-a0f7-275da414d8b9,A,Gemessener Pipelineanteil; unbekannte Prozessgrenze separat,False,3a40d400-6b02-40af-bce6-b422ffb302d2,1,1,2026-10-07T01:33:28.408645Z,explicit per metric; exact fractions and decimal display,A
M7-analysis-v5,2394b234-0bc9-5e4f-b3e2-b83fed46e68b,1,f271356ffd8f5b943bef61c4d70ab406e48733c1d29b2b806edcf1d9e2d1263c,C-SQL-0,PIPE-TIME-df4159c4-914c-4302-854a-a0f9d21bab18,0294f6c032f413f4245e83b15db52ab8f50ccfa6163f315fda209ab5b27f96be,a132b12b-e7a2-4837-8603-2cfe9fd0228c,,,,,K0,2026-10-07T01:50:08.580926Z,dbb63e68d4ed9e904fa985aa5b88d674205b6caab086a8d981ac8918a9c68fb5,empirical,"[""4afc763c-033e-501c-9c9c-453207d31e62"",""1fed9611-d0cc-51e5-86e7-4ba237c836a2"",""0e4d4039-5409-5be7-a300-ded85e9c22d7"",""1c4afc6f-6679-57b7-ab6b-cec3053e85a1"",""76216ff6-0dab-5f43-913f-741c2deb7596"",""fe7c5fea-171a-5d3e-b93c-b9d53dca7c67"",""784c942d-b222-5013-a2e4-de4aa477a143"",""2f2d84f4-6f41-5df7-a828-cc0a3d9cdddf"",""c68f6332-f200-5595-940d-e5bcad78f1fe"",""54c3aba8-cb42-5023-9591-5cdd68bdd7c5"",""b9ac296e-4c6c-5cdc-9e03-14868c124af2"",""022ddff9-4332-5ba5-b884-42537f220a0c"",""0d262496-18e1-5973-84a6-84fbda64d0ff"",""447860c8-1d56-518b-88ad-7e103990b756"",""616ecfda-7163-5a8d-ba60-01f623d8b124"",""656bacfc-b102-5379-8db2-2f9f127621e0"",""88f2e658-6155-5924-bc85-63fe2aabb08a"",""9f032fb3-90ca-5749-aff5-1065077ac10e"",""4d2e4005-a84b-525b-a492-d367c5e405d0"",""12b20e20-e117-5c00-83bc-e589b92b730e"",""e97a5398-37b9-5e89-91a9-9b3ae48d9534"",""7a8f92c5-5f85-593a-bf90-08e13c60a2e6"",""aa66f5e3-ac0e-57d6-9b69-aa54ea7c4fb9"",""d07b7490-853e-562b-b662-305e89e7718d"",""596c0800-372d-5056-8a35-9f8661656bf4"",""d08816e6-d4d6-5f35-9de3-d86528fa7a96"",""2e126757-f17e-5ee2-93db-94d31ed944b2"",""5e1af4e2-330f-563f-b639-2d3cd8d276c8"",""49cd1889-2a56-5913-8723-929335f68874"",""82b898ba-3b6d-567f-8996-4f259b74547e"",""d38eb7d2-e78b-5c2f-93e4-2e34846e80e6"",""33effc64-dcfe-5ced-badf-c4df49f68dc1"",""a3a03b99-34c0-504b-b529-32b798db318a"",""8b3ec7b0-123f-5597-95f7-1fafc5810d01"",""035c5442-19b8-5a84-8a59-b352a9660279"",""d6d45010-72fa-5741-b733-88958a8795d2"",""ab8215e5-b753-5a6a-a4e7-ad9caf42eeac"",""1b20061c-b208-551a-b06c-81ffeff623fc"",""9b6d0913-2ae6-5dab-ab36-d05e1c51b208"",""a27c1fb2-edc1-57e6-9d74-adb5a13fed3b"",""4696448b-8c21-591b-80cc-7344ea0b95ec"",""c1d75a33-928c-5636-b99c-def1fb29e0f5"",""61eebfb6-2555-5bce-ba71-7a750427392a"",""aba074a1-d451-595d-bc12-e257adbe7383"",""1ca34094-ee4d-5962-a78a-174d361a9cd3"",""7edb0577-da07-5c6f-8391-bb90e9822165"",""d7c5d484-54dc-5d1e-a3ac-65d60267a12c"",""f416cc8b-3bc2-5c4c-a91c-c56faf748684""]",c35c4513-1eee-423d-bf10-4647604a5c26,2026-10-07T01:50:08.579272Z,"[""f77da1ce-665f-4557-8c42-bac9a4e02c41""]",5f89016f-db77-4a0e-b26f-0c5007595d15,True,active,SQL,10043.794220117,9756.398844152,f8edaecf-8020-4564-bbf4-42b31ddc5d7a,1c4afc6f-6679-57b7-ab6b-cec3053e85a1,True,4,c35c4513-1eee-423d-bf10-4647604a5c26,A,Gemessener Pipelineanteil; unbekannte Prozessgrenze separat,True,3b91cf74-bb6c-467f-ab64-f517331a4cfe,1,1,2026-10-07T01:45:21.181771Z,explicit per metric; exact fractions and decimal display,A
M7-analysis-v5,2394b234-0bc9-5e4f-b3e2-b83fed46e68b,1,41b0225438818b95d9f194005fa9c3dd9f10fce188f280bdfe6b26e06aa2975e,E-BA,PIPE-TIME-0f174699-1d08-456a-8894-db82383a86ff,c95570638786f34bdf300259908c703357f319349529bd0f72711c0b41f6d98a,bcba9767-41cd-49d9-aa5e-687d9d4d0032,,,,,K1,2026-10-07T02:14:46.291272Z,dbb63e68d4ed9e904fa985aa5b88d674205b6caab086a8d981ac8918a9c68fb5,empirical,"[""4afc763c-033e-501c-9c9c-453207d31e62"",""1fed9611-d0cc-51e5-86e7-4ba237c836a2"",""0e4d4039-5409-5be7-a300-ded85e9c22d7"",""1c4afc6f-6679-57b7-ab6b-cec3053e85a1"",""76216ff6-0dab-5f43-913f-741c2deb7596"",""fe7c5fea-171a-5d3e-b93c-b9d53dca7c67"",""784c942d-b222-5013-a2e4-de4aa477a143"",""2f2d84f4-6f41-5df7-a828-cc0a3d9cdddf"",""c68f6332-f200-5595-940d-e5bcad78f1fe"",""54c3aba8-cb42-5023-9591-5cdd68bdd7c5"",""b9ac296e-4c6c-5cdc-9e03-14868c124af2"",""022ddff9-4332-5ba5-b884-42537f220a0c"",""0d262496-18e1-5973-84a6-84fbda64d0ff"",""447860c8-1d56-518b-88ad-7e103990b756"",""616ecfda-7163-5a8d-ba60-01f623d8b124"",""656bacfc-b102-5379-8db2-2f9f127621e0"",""88f2e658-6155-5924-bc85-63fe2aabb08a"",""9f032fb3-90ca-5749-aff5-1065077ac10e"",""4d2e4005-a84b-525b-a492-d367c5e405d0"",""12b20e20-e117-5c00-83bc-e589b92b730e"",""e97a5398-37b9-5e89-91a9-9b3ae48d9534"",""7a8f92c5-5f85-593a-bf90-08e13c60a2e6"",""aa66f5e3-ac0e-57d6-9b69-aa54ea7c4fb9"",""d07b7490-853e-562b-b662-305e89e7718d"",""596c0800-372d-5056-8a35-9f8661656bf4"",""d08816e6-d4d6-5f35-9de3-d86528fa7a96"",""2e126757-f17e-5ee2-93db-94d31ed944b2"",""5e1af4e2-330f-563f-b639-2d3cd8d276c8"",""49cd1889-2a56-5913-8723-929335f68874"",""82b898ba-3b6d-567f-8996-4f259b74547e"",""d38eb7d2-e78b-5c2f-93e4-2e34846e80e6"",""33effc64-dcfe-5ced-badf-c4df49f68dc1"",""a3a03b99-34c0-504b-b529-32b798db318a"",""8b3ec7b0-123f-5597-95f7-1fafc5810d01"",""035c5442-19b8-5a84-8a59-b352a9660279"",""d6d45010-72fa-5741-b733-88958a8795d2"",""ab8215e5-b753-5a6a-a4e7-ad9caf42eeac"",""1b20061c-b208-551a-b06c-81ffeff623fc"",""9b6d0913-2ae6-5dab-ab36-d05e1c51b208"",""a27c1fb2-edc1-57e6-9d74-adb5a13fed3b"",""4696448b-8c21-591b-80cc-7344ea0b95ec"",""c1d75a33-928c-5636-b99c-def1fb29e0f5"",""61eebfb6-2555-5bce-ba71-7a750427392a"",""aba074a1-d451-595d-bc12-e257adbe7383"",""1ca34094-ee4d-5962-a78a-174d361a9cd3"",""7edb0577-da07-5c6f-8391-bb90e9822165"",""d7c5d484-54dc-5d1e-a3ac-65d60267a12c"",""f416cc8b-3bc2-5c4c-a91c-c56faf748684""]",32cce925-c4fc-48f5-b52d-8a4648eda6b0,2026-10-07T02:14:46.288908Z,"[""f9fcafc6-5344-4084-9e6e-fbce4b5f06f2""]",f8f6fd1a-a649-48d6-956f-5b5c66bce6fa,True,active,SQL,11521.497437001,10662.209379941,f8edaecf-8020-4564-bbf4-42b31ddc5d7a,76216ff6-0dab-5f43-913f-741c2deb7596,True,5,32cce925-c4fc-48f5-b52d-8a4648eda6b0,B,Gemessener Pipelineanteil; unbekannte Prozessgrenze separat,True,bc4d0829-3e3e-4e7a-8e68-8053af270847,1,1,2026-10-07T02:00:26.990222Z,explicit per metric; exact fractions and decimal display,A
M7-analysis-v5,2394b234-0bc9-5e4f-b3e2-b83fed46e68b,1,f4daa00795d8b8c066ed906a153a4662a3a929fd280a400a6a25b55f1e35f467,C-BF-0,PIPE-TIME-ab92be98-757f-492b-b292-588111a76e0a,19fa6fbf4f554673689996213945dcaed831a9bf0fbdc6988698abb77fd647ee,90318496-3af4-49cd-a20d-b85db76e5a0a,,,,,K0,2026-10-07T02:26:55.021030Z,dbb63e68d4ed9e904fa985aa5b88d674205b6caab086a8d981ac8918a9c68fb5,empirical,"[""4afc763c-033e-501c-9c9c-453207d31e62"",""1fed9611-d0cc-51e5-86e7-4ba237c836a2"",""0e4d4039-5409-5be7-a300-ded85e9c22d7"",""1c4afc6f-6679-57b7-ab6b-cec3053e85a1"",""76216ff6-0dab-5f43-913f-741c2deb7596"",""fe7c5fea-171a-5d3e-b93c-b9d53dca7c67"",""784c942d-b222-5013-a2e4-de4aa477a143"",""2f2d84f4-6f41-5df7-a828-cc0a3d9cdddf"",""c68f6332-f200-5595-940d-e5bcad78f1fe"",""54c3aba8-cb42-5023-9591-5cdd68bdd7c5"",""b9ac296e-4c6c-5cdc-9e03-14868c124af2"",""022ddff9-4332-5ba5-b884-42537f220a0c"",""0d262496-18e1-5973-84a6-84fbda64d0ff"",""447860c8-1d56-518b-88ad-7e103990b756"",""616ecfda-7163-5a8d-ba60-01f623d8b124"",""656bacfc-b102-5379-8db2-2f9f127621e0"",""88f2e658-6155-5924-bc85-63fe2aabb08a"",""9f032fb3-90ca-5749-aff5-1065077ac10e"",""4d2e4005-a84b-525b-a492-d367c5e405d0"",""12b20e20-e117-5c00-83bc-e589b92b730e"",""e97a5398-37b9-5e89-91a9-9b3ae48d9534"",""7a8f92c5-5f85-593a-bf90-08e13c60a2e6"",""aa66f5e3-ac0e-57d6-9b69-aa54ea7c4fb9"",""d07b7490-853e-562b-b662-305e89e7718d"",""596c0800-372d-5056-8a35-9f8661656bf4"",""d08816e6-d4d6-5f35-9de3-d86528fa7a96"",""2e126757-f17e-5ee2-93db-94d31ed944b2"",""5e1af4e2-330f-563f-b639-2d3cd8d276c8"",""49cd1889-2a56-5913-8723-929335f68874"",""82b898ba-3b6d-567f-8996-4f259b74547e"",""d38eb7d2-e78b-5c2f-93e4-2e34846e80e6"",""33effc64-dcfe-5ced-badf-c4df49f68dc1"",""a3a03b99-34c0-504b-b529-32b798db318a"",""8b3ec7b0-123f-5597-95f7-1fafc5810d01"",""035c5442-19b8-5a84-8a59-b352a9660279"",""d6d45010-72fa-5741-b733-88958a8795d2"",""ab8215e5-b753-5a6a-a4e7-ad9caf42eeac"",""1b20061c-b208-551a-b06c-81ffeff623fc"",""9b6d0913-2ae6-5dab-ab36-d05e1c51b208"",""a27c1fb2-edc1-57e6-9d74-adb5a13fed3b"",""4696448b-8c21-591b-80cc-7344ea0b95ec"",""c1d75a33-928c-5636-b99c-def1fb29e0f5"",""61eebfb6-2555-5bce-ba71-7a750427392a"",""aba074a1-d451-595d-bc12-e257adbe7383"",""1ca34094-ee4d-5962-a78a-174d361a9cd3"",""7edb0577-da07-5c6f-8391-bb90e9822165"",""d7c5d484-54dc-5d1e-a3ac-65d60267a12c"",""f416cc8b-3bc2-5c4c-a91c-c56faf748684""]",a8e0d3b7-12f8-4306-b712-dcbf254a9ee6,2026-10-07T02:26:55.017609Z,"[""d22883e1-48bb-4388-975e-76ba36ca95ed""]",6eebb52d-486a-4078-a076-2ea6b4f6be1c,True,active,BF,12250.224865043,11949.776634948,f8edaecf-8020-4564-bbf4-42b31ddc5d7a,fe7c5fea-171a-5d3e-b93c-b9d53dca7c67,True,6,a8e0d3b7-12f8-4306-b712-dcbf254a9ee6,A,Gemessener Pipelineanteil; unbekannte Prozessgrenze separat,True,322b5c28-24cc-4e55-b016-02ba95419407,1,1,2026-10-07T02:21:54.569968Z,explicit per metric; exact fractions and decimal display,A
M7-analysis-v5,2394b234-0bc9-5e4f-b3e2-b83fed46e68b,1,7088d640412b1590c758951e9cb83c9221bee137814f769998338b30d46716f1,E-P0R0,PIPE-TIME-b5a046e5-70c8-4bfa-a42c-f9b28f4539d9,9992b253f08c976bf150bcd89ccfc9db54f8a1fda58ea3f4fad386b27c7c4138,c06be457-9745-422d-9d69-c0fa9cd7e0d5,,,,,K1,2026-10-07T02:38:23.665646Z,dbb63e68d4ed9e904fa985aa5b88d674205b6caab086a8d981ac8918a9c68fb5,empirical,"[""4afc763c-033e-501c-9c9c-453207d31e62"",""1fed9611-d0cc-51e5-86e7-4ba237c836a2"",""0e4d4039-5409-5be7-a300-ded85e9c22d7"",""1c4afc6f-6679-57b7-ab6b-cec3053e85a1"",""76216ff6-0dab-5f43-913f-741c2deb7596"",""fe7c5fea-171a-5d3e-b93c-b9d53dca7c67"",""784c942d-b222-5013-a2e4-de4aa477a143"",""2f2d84f4-6f41-5df7-a828-cc0a3d9cdddf"",""c68f6332-f200-5595-940d-e5bcad78f1fe"",""54c3aba8-cb42-5023-9591-5cdd68bdd7c5"",""b9ac296e-4c6c-5cdc-9e03-14868c124af2"",""022ddff9-4332-5ba5-b884-42537f220a0c"",""0d262496-18e1-5973-84a6-84fbda64d0ff"",""447860c8-1d56-518b-88ad-7e103990b756"",""616ecfda-7163-5a8d-ba60-01f623d8b124"",""656bacfc-b102-5379-8db2-2f9f127621e0"",""88f2e658-6155-5924-bc85-63fe2aabb08a"",""9f032fb3-90ca-5749-aff5-1065077ac10e"",""4d2e4005-a84b-525b-a492-d367c5e405d0"",""12b20e20-e117-5c00-83bc-e589b92b730e"",""e97a5398-37b9-5e89-91a9-9b3ae48d9534"",""7a8f92c5-5f85-593a-bf90-08e13c60a2e6"",""aa66f5e3-ac0e-57d6-9b69-aa54ea7c4fb9"",""d07b7490-853e-562b-b662-305e89e7718d"",""596c0800-372d-5056-8a35-9f8661656bf4"",""d08816e6-d4d6-5f35-9de3-d86528fa7a96"",""2e126757-f17e-5ee2-93db-94d31ed944b2"",""5e1af4e2-330f-563f-b639-2d3cd8d276c8"",""49cd1889-2a56-5913-8723-929335f68874"",""82b898ba-3b6d-567f-8996-4f259b74547e"",""d38eb7d2-e78b-5c2f-93e4-2e34846e80e6"",""33effc64-dcfe-5ced-badf-c4df49f68dc1"",""a3a03b99-34c0-504b-b529-32b798db318a"",""8b3ec7b0-123f-5597-95f7-1fafc5810d01"",""035c5442-19b8-5a84-8a59-b352a9660279"",""d6d45010-72fa-5741-b733-88958a8795d2"",""ab8215e5-b753-5a6a-a4e7-ad9caf42eeac"",""1b20061c-b208-551a-b06c-81ffeff623fc"",""9b6d0913-2ae6-5dab-ab36-d05e1c51b208"",""a27c1fb2-edc1-57e6-9d74-adb5a13fed3b"",""4696448b-8c21-591b-80cc-7344ea0b95ec"",""c1d75a33-928c-5636-b99c-def1fb29e0f5"",""61eebfb6-2555-5bce-ba71-7a750427392a"",""aba074a1-d451-595d-bc12-e257adbe7383"",""1ca34094-ee4d-5962-a78a-174d361a9cd3"",""7edb0577-da07-5c6f-8391-bb90e9822165"",""d7c5d484-54dc-5d1e-a3ac-65d60267a12c"",""f416cc8b-3bc2-5c4c-a91c-c56faf748684""]",a80d0ba8-1968-462f-ab8f-1e6362d893e5,2026-10-07T02:38:23.664064Z,"[""c67aae13-1365-4a38-a0e8-a41337dd3bd0""]",71fec28e-3f68-4577-9fe6-23f8d7a1b1cf,True,active,SQL,12938.868669815,12746.362386603,f8edaecf-8020-4564-bbf4-42b31ddc5d7a,784c942d-b222-5013-a2e4-de4aa477a143,False,7,a80d0ba8-1968-462f-ab8f-1e6362d893e5,A,Gemessener Pipelineanteil; unbekannte Prozessgrenze separat,False,fa5f608b-1bc8-4691-9bd8-076d1cec2d1a,1,1,2026-10-07T02:35:11.155853Z,explicit per metric; exact fractions and decimal display,A
M7-analysis-v5,2394b234-0bc9-5e4f-b3e2-b83fed46e68b,1,7cc8ab71866a51b487247d3ffbda8bb7e4c78a71e4d8c67210ed2dfb4782b9bf,E-P0R1,PIPE-TIME-0060bcce-c6e8-4cc5-a826-0848f826fe79,672365878648f984edbe331765fbaca28450124b7e3695518e4c97c917409fb1,42edf356-9e72-44ce-9889-267b2eb71de0,,,,,K1,2026-10-07T02:50:44.761930Z,dbb63e68d4ed9e904fa985aa5b88d674205b6caab086a8d981ac8918a9c68fb5,empirical,"[""4afc763c-033e-501c-9c9c-453207d31e62"",""1fed9611-d0cc-51e5-86e7-4ba237c836a2"",""0e4d4039-5409-5be7-a300-ded85e9c22d7"",""1c4afc6f-6679-57b7-ab6b-cec3053e85a1"",""76216ff6-0dab-5f43-913f-741c2deb7596"",""fe7c5fea-171a-5d3e-b93c-b9d53dca7c67"",""784c942d-b222-5013-a2e4-de4aa477a143"",""2f2d84f4-6f41-5df7-a828-cc0a3d9cdddf"",""c68f6332-f200-5595-940d-e5bcad78f1fe"",""54c3aba8-cb42-5023-9591-5cdd68bdd7c5"",""b9ac296e-4c6c-5cdc-9e03-14868c124af2"",""022ddff9-4332-5ba5-b884-42537f220a0c"",""0d262496-18e1-5973-84a6-84fbda64d0ff"",""447860c8-1d56-518b-88ad-7e103990b756"",""616ecfda-7163-5a8d-ba60-01f623d8b124"",""656bacfc-b102-5379-8db2-2f9f127621e0"",""88f2e658-6155-5924-bc85-63fe2aabb08a"",""9f032fb3-90ca-5749-aff5-1065077ac10e"",""4d2e4005-a84b-525b-a492-d367c5e405d0"",""12b20e20-e117-5c00-83bc-e589b92b730e"",""e97a5398-37b9-5e89-91a9-9b3ae48d9534"",""7a8f92c5-5f85-593a-bf90-08e13c60a2e6"",""aa66f5e3-ac0e-57d6-9b69-aa54ea7c4fb9"",""d07b7490-853e-562b-b662-305e89e7718d"",""596c0800-372d-5056-8a35-9f8661656bf4"",""d08816e6-d4d6-5f35-9de3-d86528fa7a96"",""2e126757-f17e-5ee2-93db-94d31ed944b2"",""5e1af4e2-330f-563f-b639-2d3cd8d276c8"",""49cd1889-2a56-5913-8723-929335f68874"",""82b898ba-3b6d-567f-8996-4f259b74547e"",""d38eb7d2-e78b-5c2f-93e4-2e34846e80e6"",""33effc64-dcfe-5ced-badf-c4df49f68dc1"",""a3a03b99-34c0-504b-b529-32b798db318a"",""8b3ec7b0-123f-5597-95f7-1fafc5810d01"",""035c5442-19b8-5a84-8a59-b352a9660279"",""d6d45010-72fa-5741-b733-88958a8795d2"",""ab8215e5-b753-5a6a-a4e7-ad9caf42eeac"",""1b20061c-b208-551a-b06c-81ffeff623fc"",""9b6d0913-2ae6-5dab-ab36-d05e1c51b208"",""a27c1fb2-edc1-57e6-9d74-adb5a13fed3b"",""4696448b-8c21-591b-80cc-7344ea0b95ec"",""c1d75a33-928c-5636-b99c-def1fb29e0f5"",""61eebfb6-2555-5bce-ba71-7a750427392a"",""aba074a1-d451-595d-bc12-e257adbe7383"",""1ca34094-ee4d-5962-a78a-174d361a9cd3"",""7edb0577-da07-5c6f-8391-bb90e9822165"",""d7c5d484-54dc-5d1e-a3ac-65d60267a12c"",""f416cc8b-3bc2-5c4c-a91c-c56faf748684""]",92a3ba66-0856-4fa1-a3c5-6d266f0200ce,2026-10-07T02:50:44.759260Z,"[""09373246-f698-4bba-9a7f-f868301a855a""]",5637f031-5568-4f67-bfd9-d8089de7edaf,True,active,SQL,13679.961906903,13411.915111073,f8edaecf-8020-4564-bbf4-42b31ddc5d7a,2f2d84f4-6f41-5df7-a828-cc0a3d9cdddf,False,8,92a3ba66-0856-4fa1-a3c5-6d266f0200ce,A,Gemessener Pipelineanteil; unbekannte Prozessgrenze separat,True,9a086f43-e08c-467a-9796-c410d40cdfda,1,1,2026-10-07T02:46:16.712349Z,explicit per metric; exact fractions and decimal display,A
M7-analysis-v5,2394b234-0bc9-5e4f-b3e2-b83fed46e68b,1,ccba2ef5b0e0aacecff5dc4dda7a2f2396b2db7fbe4467b206a640c006dec3b1,C-UP-0,PIPE-TIME-108466f9-0413-4a9d-9dd5-01db7493eaf6,c9b1cb0ac1f796fd7d6ed58a0ff22c16832977bd6a97c5a7afbce6e1adc06824,bc62af86-8509-48fe-a3bb-42e1d77fa60f,,,,,K0,2026-10-07T03:05:47.938095Z,dbb63e68d4ed9e904fa985aa5b88d674205b6caab086a8d981ac8918a9c68fb5,empirical,"[""4afc763c-033e-501c-9c9c-453207d31e62"",""1fed9611-d0cc-51e5-86e7-4ba237c836a2"",""0e4d4039-5409-5be7-a300-ded85e9c22d7"",""1c4afc6f-6679-57b7-ab6b-cec3053e85a1"",""76216ff6-0dab-5f43-913f-741c2deb7596"",""fe7c5fea-171a-5d3e-b93c-b9d53dca7c67"",""784c942d-b222-5013-a2e4-de4aa477a143"",""2f2d84f4-6f41-5df7-a828-cc0a3d9cdddf"",""c68f6332-f200-5595-940d-e5bcad78f1fe"",""54c3aba8-cb42-5023-9591-5cdd68bdd7c5"",""b9ac296e-4c6c-5cdc-9e03-14868c124af2"",""022ddff9-4332-5ba5-b884-42537f220a0c"",""0d262496-18e1-5973-84a6-84fbda64d0ff"",""447860c8-1d56-518b-88ad-7e103990b756"",""616ecfda-7163-5a8d-ba60-01f623d8b124"",""656bacfc-b102-5379-8db2-2f9f127621e0"",""88f2e658-6155-5924-bc85-63fe2aabb08a"",""9f032fb3-90ca-5749-aff5-1065077ac10e"",""4d2e4005-a84b-525b-a492-d367c5e405d0"",""12b20e20-e117-5c00-83bc-e589b92b730e"",""e97a5398-37b9-5e89-91a9-9b3ae48d9534"",""7a8f92c5-5f85-593a-bf90-08e13c60a2e6"",""aa66f5e3-ac0e-57d6-9b69-aa54ea7c4fb9"",""d07b7490-853e-562b-b662-305e89e7718d"",""596c0800-372d-5056-8a35-9f8661656bf4"",""d08816e6-d4d6-5f35-9de3-d86528fa7a96"",""2e126757-f17e-5ee2-93db-94d31ed944b2"",""5e1af4e2-330f-563f-b639-2d3cd8d276c8"",""49cd1889-2a56-5913-8723-929335f68874"",""82b898ba-3b6d-567f-8996-4f259b74547e"",""d38eb7d2-e78b-5c2f-93e4-2e34846e80e6"",""33effc64-dcfe-5ced-badf-c4df49f68dc1"",""a3a03b99-34c0-504b-b529-32b798db318a"",""8b3ec7b0-123f-5597-95f7-1fafc5810d01"",""035c5442-19b8-5a84-8a59-b352a9660279"",""d6d45010-72fa-5741-b733-88958a8795d2"",""ab8215e5-b753-5a6a-a4e7-ad9caf42eeac"",""1b20061c-b208-551a-b06c-81ffeff623fc"",""9b6d0913-2ae6-5dab-ab36-d05e1c51b208"",""a27c1fb2-edc1-57e6-9d74-adb5a13fed3b"",""4696448b-8c21-591b-80cc-7344ea0b95ec"",""c1d75a33-928c-5636-b99c-def1fb29e0f5"",""61eebfb6-2555-5bce-ba71-7a750427392a"",""aba074a1-d451-595d-bc12-e257adbe7383"",""1ca34094-ee4d-5962-a78a-174d361a9cd3"",""7edb0577-da07-5c6f-8391-bb90e9822165"",""d7c5d484-54dc-5d1e-a3ac-65d60267a12c"",""f416cc8b-3bc2-5c4c-a91c-c56faf748684""]",26096b1b-c793-4e19-9c50-1d101b299c79,2026-10-07T03:05:47.934556Z,"[""7bba4d9c-935c-4e40-a0ea-38bdced31af2""]",92fe0e9e-bcbf-449e-865e-112d78adf6db,True,active,UP,14583.136150895,14161.407768455,f8edaecf-8020-4564-bbf4-42b31ddc5d7a,c68f6332-f200-5595-940d-e5bcad78f1fe,True,9,26096b1b-c793-4e19-9c50-1d101b299c79,A,Gemessener Pipelineanteil; unbekannte Prozessgrenze separat,True,7cd402ff-ad21-43c9-af63-6dd50d569082,1,1,2026-10-07T02:58:46.204151Z,explicit per metric; exact fractions and decimal display,A
M7-analysis-v5,2394b234-0bc9-5e4f-b3e2-b83fed46e68b,1,5e0fbfc05fae86466156411ca5406afbafd0bf52c6a8714a5a061a4369bcd6c8,C-UP-1,PIPE-TIME-a0a96606-6d8e-4731-b1ef-3b10a446bbad,697a8773c39d3aeb811def2802fdfd50db20dd75d55c50f4e8cf44982a79f651,8e15ece0-8ea4-4d53-b1a9-80d5a0796af7,,,,,K1,2026-10-07T03:20:51.546692Z,dbb63e68d4ed9e904fa985aa5b88d674205b6caab086a8d981ac8918a9c68fb5,empirical,"[""4afc763c-033e-501c-9c9c-453207d31e62"",""1fed9611-d0cc-51e5-86e7-4ba237c836a2"",""0e4d4039-5409-5be7-a300-ded85e9c22d7"",""1c4afc6f-6679-57b7-ab6b-cec3053e85a1"",""76216ff6-0dab-5f43-913f-741c2deb7596"",""fe7c5fea-171a-5d3e-b93c-b9d53dca7c67"",""784c942d-b222-5013-a2e4-de4aa477a143"",""2f2d84f4-6f41-5df7-a828-cc0a3d9cdddf"",""c68f6332-f200-5595-940d-e5bcad78f1fe"",""54c3aba8-cb42-5023-9591-5cdd68bdd7c5"",""b9ac296e-4c6c-5cdc-9e03-14868c124af2"",""022ddff9-4332-5ba5-b884-42537f220a0c"",""0d262496-18e1-5973-84a6-84fbda64d0ff"",""447860c8-1d56-518b-88ad-7e103990b756"",""616ecfda-7163-5a8d-ba60-01f623d8b124"",""656bacfc-b102-5379-8db2-2f9f127621e0"",""88f2e658-6155-5924-bc85-63fe2aabb08a"",""9f032fb3-90ca-5749-aff5-1065077ac10e"",""4d2e4005-a84b-525b-a492-d367c5e405d0"",""12b20e20-e117-5c00-83bc-e589b92b730e"",""e97a5398-37b9-5e89-91a9-9b3ae48d9534"",""7a8f92c5-5f85-593a-bf90-08e13c60a2e6"",""aa66f5e3-ac0e-57d6-9b69-aa54ea7c4fb9"",""d07b7490-853e-562b-b662-305e89e7718d"",""596c0800-372d-5056-8a35-9f8661656bf4"",""d08816e6-d4d6-5f35-9de3-d86528fa7a96"",""2e126757-f17e-5ee2-93db-94d31ed944b2"",""5e1af4e2-330f-563f-b639-2d3cd8d276c8"",""49cd1889-2a56-5913-8723-929335f68874"",""82b898ba-3b6d-567f-8996-4f259b74547e"",""d38eb7d2-e78b-5c2f-93e4-2e34846e80e6"",""33effc64-dcfe-5ced-badf-c4df49f68dc1"",""a3a03b99-34c0-504b-b529-32b798db318a"",""8b3ec7b0-123f-5597-95f7-1fafc5810d01"",""035c5442-19b8-5a84-8a59-b352a9660279"",""d6d45010-72fa-5741-b733-88958a8795d2"",""ab8215e5-b753-5a6a-a4e7-ad9caf42eeac"",""1b20061c-b208-551a-b06c-81ffeff623fc"",""9b6d0913-2ae6-5dab-ab36-d05e1c51b208"",""a27c1fb2-edc1-57e6-9d74-adb5a13fed3b"",""4696448b-8c21-591b-80cc-7344ea0b95ec"",""c1d75a33-928c-5636-b99c-def1fb29e0f5"",""61eebfb6-2555-5bce-ba71-7a750427392a"",""aba074a1-d451-595d-bc12-e257adbe7383"",""1ca34094-ee4d-5962-a78a-174d361a9cd3"",""7edb0577-da07-5c6f-8391-bb90e9822165"",""d7c5d484-54dc-5d1e-a3ac-65d60267a12c"",""f416cc8b-3bc2-5c4c-a91c-c56faf748684""]",684a907e-0f9c-4fb7-82c9-5caaa02d82a1,2026-10-07T03:20:51.544566Z,"[""8d110ab3-2a86-47c2-9872-ba95752efdaa""]",1c130179-bb40-4406-815a-542c444d769d,True,active,UP,15486.74333835,15115.968046388,f8edaecf-8020-4564-bbf4-42b31ddc5d7a,54c3aba8-cb42-5023-9591-5cdd68bdd7c5,True,10,684a907e-0f9c-4fb7-82c9-5caaa02d82a1,A,Gemessener Pipelineanteil; unbekannte Prozessgrenze separat,True,6852f6bd-ec09-4aa3-98a6-6aa6065e725e,1,1,2026-10-07T03:14:40.767830Z,explicit per metric; exact fractions and decimal display,A
M7-analysis-v5,2394b234-0bc9-5e4f-b3e2-b83fed46e68b,1,24d26c51c32d9d069e0f68dab3c127eac8f1396112f5cbbbbecc9384af7c0a0e,E-BB,PIPE-TIME-c41337e5-b5dd-4c07-bbaf-fc856906cc5c,b26081b6041d83b27d357511d1cbaa4be007a74fd351a784a31834412284db93,26c9e1ce-c552-46f9-9d50-4cc6179591a3,,,,,K1,2026-10-07T03:47:47.638233Z,dbb63e68d4ed9e904fa985aa5b88d674205b6caab086a8d981ac8918a9c68fb5,empirical,"[""4afc763c-033e-501c-9c9c-453207d31e62"",""1fed9611-d0cc-51e5-86e7-4ba237c836a2"",""0e4d4039-5409-5be7-a300-ded85e9c22d7"",""1c4afc6f-6679-57b7-ab6b-cec3053e85a1"",""76216ff6-0dab-5f43-913f-741c2deb7596"",""fe7c5fea-171a-5d3e-b93c-b9d53dca7c67"",""784c942d-b222-5013-a2e4-de4aa477a143"",""2f2d84f4-6f41-5df7-a828-cc0a3d9cdddf"",""c68f6332-f200-5595-940d-e5bcad78f1fe"",""54c3aba8-cb42-5023-9591-5cdd68bdd7c5"",""b9ac296e-4c6c-5cdc-9e03-14868c124af2"",""022ddff9-4332-5ba5-b884-42537f220a0c"",""0d262496-18e1-5973-84a6-84fbda64d0ff"",""447860c8-1d56-518b-88ad-7e103990b756"",""616ecfda-7163-5a8d-ba60-01f623d8b124"",""656bacfc-b102-5379-8db2-2f9f127621e0"",""88f2e658-6155-5924-bc85-63fe2aabb08a"",""9f032fb3-90ca-5749-aff5-1065077ac10e"",""4d2e4005-a84b-525b-a492-d367c5e405d0"",""12b20e20-e117-5c00-83bc-e589b92b730e"",""e97a5398-37b9-5e89-91a9-9b3ae48d9534"",""7a8f92c5-5f85-593a-bf90-08e13c60a2e6"",""aa66f5e3-ac0e-57d6-9b69-aa54ea7c4fb9"",""d07b7490-853e-562b-b662-305e89e7718d"",""596c0800-372d-5056-8a35-9f8661656bf4"",""d08816e6-d4d6-5f35-9de3-d86528fa7a96"",""2e126757-f17e-5ee2-93db-94d31ed944b2"",""5e1af4e2-330f-563f-b639-2d3cd8d276c8"",""49cd1889-2a56-5913-8723-929335f68874"",""82b898ba-3b6d-567f-8996-4f259b74547e"",""d38eb7d2-e78b-5c2f-93e4-2e34846e80e6"",""33effc64-dcfe-5ced-badf-c4df49f68dc1"",""a3a03b99-34c0-504b-b529-32b798db318a"",""8b3ec7b0-123f-5597-95f7-1fafc5810d01"",""035c5442-19b8-5a84-8a59-b352a9660279"",""d6d45010-72fa-5741-b733-88958a8795d2"",""ab8215e5-b753-5a6a-a4e7-ad9caf42eeac"",""1b20061c-b208-551a-b06c-81ffeff623fc"",""9b6d0913-2ae6-5dab-ab36-d05e1c51b208"",""a27c1fb2-edc1-57e6-9d74-adb5a13fed3b"",""4696448b-8c21-591b-80cc-7344ea0b95ec"",""c1d75a33-928c-5636-b99c-def1fb29e0f5"",""61eebfb6-2555-5bce-ba71-7a750427392a"",""aba074a1-d451-595d-bc12-e257adbe7383"",""1ca34094-ee4d-5962-a78a-174d361a9cd3"",""7edb0577-da07-5c6f-8391-bb90e9822165"",""d7c5d484-54dc-5d1e-a3ac-65d60267a12c"",""f416cc8b-3bc2-5c4c-a91c-c56faf748684""]",a317ec4e-cf87-4a0d-b5eb-472c41653b1a,2026-10-07T03:47:47.634989Z,"[""1968fa95-4f22-4df7-85f1-071ffcc5cb1b""]",4c332377-ae33-411e-a918-79c775a953ce,True,active,SQL,17102.83271979,15976.75677674,f8edaecf-8020-4564-bbf4-42b31ddc5d7a,b9ac296e-4c6c-5cdc-9e03-14868c124af2,True,11,a317ec4e-cf87-4a0d-b5eb-472c41653b1a,B,Gemessener Pipelineanteil; unbekannte Prozessgrenze separat,True,1a969ddc-bdb7-406c-b5e7-fcbe76d7ef77,1,1,2026-10-07T03:29:01.556812Z,explicit per metric; exact fractions and decimal display,B
M7-analysis-v5,2394b234-0bc9-5e4f-b3e2-b83fed46e68b,1,d209b611d531fdc1b61ed8a2e01309ae3145d8b93453a46e7586c90514390c53,C-SQL-1,PIPE-TIME-4a58eb15-13b8-4738-94c4-d5187cf18872,27b8151da86242809dca0369f6ae8205b3d9e19866f42442c95f91863350f15a,6f7f3a3c-8647-488b-b587-d1d430125ce9,,,,,K1,2026-10-07T04:00:52.253428Z,dbb63e68d4ed9e904fa985aa5b88d674205b6caab086a8d981ac8918a9c68fb5,empirical,"[""4afc763c-033e-501c-9c9c-453207d31e62"",""1fed9611-d0cc-51e5-86e7-4ba237c836a2"",""0e4d4039-5409-5be7-a300-ded85e9c22d7"",""1c4afc6f-6679-57b7-ab6b-cec3053e85a1"",""76216ff6-0dab-5f43-913f-741c2deb7596"",""fe7c5fea-171a-5d3e-b93c-b9d53dca7c67"",""784c942d-b222-5013-a2e4-de4aa477a143"",""2f2d84f4-6f41-5df7-a828-cc0a3d9cdddf"",""c68f6332-f200-5595-940d-e5bcad78f1fe"",""54c3aba8-cb42-5023-9591-5cdd68bdd7c5"",""b9ac296e-4c6c-5cdc-9e03-14868c124af2"",""022ddff9-4332-5ba5-b884-42537f220a0c"",""0d262496-18e1-5973-84a6-84fbda64d0ff"",""447860c8-1d56-518b-88ad-7e103990b756"",""616ecfda-7163-5a8d-ba60-01f623d8b124"",""656bacfc-b102-5379-8db2-2f9f127621e0"",""88f2e658-6155-5924-bc85-63fe2aabb08a"",""9f032fb3-90ca-5749-aff5-1065077ac10e"",""4d2e4005-a84b-525b-a492-d367c5e405d0"",""12b20e20-e117-5c00-83bc-e589b92b730e"",""e97a5398-37b9-5e89-91a9-9b3ae48d9534"",""7a8f92c5-5f85-593a-bf90-08e13c60a2e6"",""aa66f5e3-ac0e-57d6-9b69-aa54ea7c4fb9"",""d07b7490-853e-562b-b662-305e89e7718d"",""596c0800-372d-5056-8a35-9f8661656bf4"",""d08816e6-d4d6-5f35-9de3-d86528fa7a96"",""2e126757-f17e-5ee2-93db-94d31ed944b2"",""5e1af4e2-330f-563f-b639-2d3cd8d276c8"",""49cd1889-2a56-5913-8723-929335f68874"",""82b898ba-3b6d-567f-8996-4f259b74547e"",""d38eb7d2-e78b-5c2f-93e4-2e34846e80e6"",""33effc64-dcfe-5ced-badf-c4df49f68dc1"",""a3a03b99-34c0-504b-b529-32b798db318a"",""8b3ec7b0-123f-5597-95f7-1fafc5810d01"",""035c5442-19b8-5a84-8a59-b352a9660279"",""d6d45010-72fa-5741-b733-88958a8795d2"",""ab8215e5-b753-5a6a-a4e7-ad9caf42eeac"",""1b20061c-b208-551a-b06c-81ffeff623fc"",""9b6d0913-2ae6-5dab-ab36-d05e1c51b208"",""a27c1fb2-edc1-57e6-9d74-adb5a13fed3b"",""4696448b-8c21-591b-80cc-7344ea0b95ec"",""c1d75a33-928c-5636-b99c-def1fb29e0f5"",""61eebfb6-2555-5bce-ba71-7a750427392a"",""aba074a1-d451-595d-bc12-e257adbe7383"",""1ca34094-ee4d-5962-a78a-174d361a9cd3"",""7edb0577-da07-5c6f-8391-bb90e9822165"",""d7c5d484-54dc-5d1e-a3ac-65d60267a12c"",""f416cc8b-3bc2-5c4c-a91c-c56faf748684""]",88d2cb5c-f146-49fe-8360-5e24b6381246,2026-10-07T04:00:52.251272Z,"[""bc85c4d9-2487-4b90-b763-692c7d627c02""]",ecbac43c-66ea-41bf-a9fe-3f492146ff93,True,active,SQL,17887.44271269,17582.320889635,f8edaecf-8020-4564-bbf4-42b31ddc5d7a,022ddff9-4332-5ba5-b884-42537f220a0c,True,12,88d2cb5c-f146-49fe-8360-5e24b6381246,A,Gemessener Pipelineanteil; unbekannte Prozessgrenze separat,True,a2d1e4bd-ae41-4f2b-8b92-9416f7ffb783,1,1,2026-10-07T03:55:47.128039Z,explicit per metric; exact fractions and decimal display,A
M7-analysis-v5,f9faff59-3259-5804-8713-ca7f4006c343,2,5f359546bb2d8d2beef7b168cb3aa5fee35ca1bfb4149ef3a7f66b8fa5876661,C-BF-1,PIPE-TIME-8c8ab453-cc66-4b38-9a06-b77c81f33b27,202e1e0a33d9d0d7b92585572740cd6b1ca70f7699cac883e8579e11bac45057,651e080b-10b7-40ff-9204-1dd148ce6638,,,,,K1,2026-10-07T04:13:48.345106Z,dbb63e68d4ed9e904fa985aa5b88d674205b6caab086a8d981ac8918a9c68fb5,empirical,"[""4afc763c-033e-501c-9c9c-453207d31e62"",""1fed9611-d0cc-51e5-86e7-4ba237c836a2"",""0e4d4039-5409-5be7-a300-ded85e9c22d7"",""1c4afc6f-6679-57b7-ab6b-cec3053e85a1"",""76216ff6-0dab-5f43-913f-741c2deb7596"",""fe7c5fea-171a-5d3e-b93c-b9d53dca7c67"",""784c942d-b222-5013-a2e4-de4aa477a143"",""2f2d84f4-6f41-5df7-a828-cc0a3d9cdddf"",""c68f6332-f200-5595-940d-e5bcad78f1fe"",""54c3aba8-cb42-5023-9591-5cdd68bdd7c5"",""b9ac296e-4c6c-5cdc-9e03-14868c124af2"",""022ddff9-4332-5ba5-b884-42537f220a0c"",""0d262496-18e1-5973-84a6-84fbda64d0ff"",""447860c8-1d56-518b-88ad-7e103990b756"",""616ecfda-7163-5a8d-ba60-01f623d8b124"",""656bacfc-b102-5379-8db2-2f9f127621e0"",""88f2e658-6155-5924-bc85-63fe2aabb08a"",""9f032fb3-90ca-5749-aff5-1065077ac10e"",""4d2e4005-a84b-525b-a492-d367c5e405d0"",""12b20e20-e117-5c00-83bc-e589b92b730e"",""e97a5398-37b9-5e89-91a9-9b3ae48d9534"",""7a8f92c5-5f85-593a-bf90-08e13c60a2e6"",""aa66f5e3-ac0e-57d6-9b69-aa54ea7c4fb9"",""d07b7490-853e-562b-b662-305e89e7718d"",""596c0800-372d-5056-8a35-9f8661656bf4"",""d08816e6-d4d6-5f35-9de3-d86528fa7a96"",""2e126757-f17e-5ee2-93db-94d31ed944b2"",""5e1af4e2-330f-563f-b639-2d3cd8d276c8"",""49cd1889-2a56-5913-8723-929335f68874"",""82b898ba-3b6d-567f-8996-4f259b74547e"",""d38eb7d2-e78b-5c2f-93e4-2e34846e80e6"",""33effc64-dcfe-5ced-badf-c4df49f68dc1"",""a3a03b99-34c0-504b-b529-32b798db318a"",""8b3ec7b0-123f-5597-95f7-1fafc5810d01"",""035c5442-19b8-5a84-8a59-b352a9660279"",""d6d45010-72fa-5741-b733-88958a8795d2"",""ab8215e5-b753-5a6a-a4e7-ad9caf42eeac"",""1b20061c-b208-551a-b06c-81ffeff623fc"",""9b6d0913-2ae6-5dab-ab36-d05e1c51b208"",""a27c1fb2-edc1-57e6-9d74-adb5a13fed3b"",""4696448b-8c21-591b-80cc-7344ea0b95ec"",""c1d75a33-928c-5636-b99c-def1fb29e0f5"",""61eebfb6-2555-5bce-ba71-7a750427392a"",""aba074a1-d451-595d-bc12-e257adbe7383"",""1ca34094-ee4d-5962-a78a-174d361a9cd3"",""7edb0577-da07-5c6f-8391-bb90e9822165"",""d7c5d484-54dc-5d1e-a3ac-65d60267a12c"",""f416cc8b-3bc2-5c4c-a91c-c56faf748684""]",73e687aa-30d4-4196-964a-c6ceff4a9f6e,2026-10-07T04:13:48.342848Z,"[""eea7cb14-4fdc-4566-becc-36bebbf67daa""]",8e80d732-d70c-44cb-a860-13bd93a7e5af,True,active,BF,18663.531867626,18319.267523178,f8edaecf-8020-4564-bbf4-42b31ddc5d7a,0d262496-18e1-5973-84a6-84fbda64d0ff,True,13,73e687aa-30d4-4196-964a-c6ceff4a9f6e,A,Gemessener Pipelineanteil; unbekannte Prozessgrenze separat,True,c490b29c-6106-45b1-b975-fd9cb9950d81,1,1,2026-10-07T04:08:04.076757Z,explicit per metric; exact fractions and decimal display,A
M7-analysis-v5,f9faff59-3259-5804-8713-ca7f4006c343,2,e9cf9cb8af782dba885623dfbfd60980d42e42259e9654ecae36f604b6513896,C-UP-1,PIPE-TIME-58f829da-8ce0-43c2-93d3-10b343103016,697a8773c39d3aeb811def2802fdfd50db20dd75d55c50f4e8cf44982a79f651,8e15ece0-8ea4-4d53-b1a9-80d5a0796af7,,,,,K1,2026-10-07T04:30:30.370448Z,dbb63e68d4ed9e904fa985aa5b88d674205b6caab086a8d981ac8918a9c68fb5,empirical,"[""4afc763c-033e-501c-9c9c-453207d31e62"",""1fed9611-d0cc-51e5-86e7-4ba237c836a2"",""0e4d4039-5409-5be7-a300-ded85e9c22d7"",""1c4afc6f-6679-57b7-ab6b-cec3053e85a1"",""76216ff6-0dab-5f43-913f-741c2deb7596"",""fe7c5fea-171a-5d3e-b93c-b9d53dca7c67"",""784c942d-b222-5013-a2e4-de4aa477a143"",""2f2d84f4-6f41-5df7-a828-cc0a3d9cdddf"",""c68f6332-f200-5595-940d-e5bcad78f1fe"",""54c3aba8-cb42-5023-9591-5cdd68bdd7c5"",""b9ac296e-4c6c-5cdc-9e03-14868c124af2"",""022ddff9-4332-5ba5-b884-42537f220a0c"",""0d262496-18e1-5973-84a6-84fbda64d0ff"",""447860c8-1d56-518b-88ad-7e103990b756"",""616ecfda-7163-5a8d-ba60-01f623d8b124"",""656bacfc-b102-5379-8db2-2f9f127621e0"",""88f2e658-6155-5924-bc85-63fe2aabb08a"",""9f032fb3-90ca-5749-aff5-1065077ac10e"",""4d2e4005-a84b-525b-a492-d367c5e405d0"",""12b20e20-e117-5c00-83bc-e589b92b730e"",""e97a5398-37b9-5e89-91a9-9b3ae48d9534"",""7a8f92c5-5f85-593a-bf90-08e13c60a2e6"",""aa66f5e3-ac0e-57d6-9b69-aa54ea7c4fb9"",""d07b7490-853e-562b-b662-305e89e7718d"",""596c0800-372d-5056-8a35-9f8661656bf4"",""d08816e6-d4d6-5f35-9de3-d86528fa7a96"",""2e126757-f17e-5ee2-93db-94d31ed944b2"",""5e1af4e2-330f-563f-b639-2d3cd8d276c8"",""49cd1889-2a56-5913-8723-929335f68874"",""82b898ba-3b6d-567f-8996-4f259b74547e"",""d38eb7d2-e78b-5c2f-93e4-2e34846e80e6"",""33effc64-dcfe-5ced-badf-c4df49f68dc1"",""a3a03b99-34c0-504b-b529-32b798db318a"",""8b3ec7b0-123f-5597-95f7-1fafc5810d01"",""035c5442-19b8-5a84-8a59-b352a9660279"",""d6d45010-72fa-5741-b733-88958a8795d2"",""ab8215e5-b753-5a6a-a4e7-ad9caf42eeac"",""1b20061c-b208-551a-b06c-81ffeff623fc"",""9b6d0913-2ae6-5dab-ab36-d05e1c51b208"",""a27c1fb2-edc1-57e6-9d74-adb5a13fed3b"",""4696448b-8c21-591b-80cc-7344ea0b95ec"",""c1d75a33-928c-5636-b99c-def1fb29e0f5"",""61eebfb6-2555-5bce-ba71-7a750427392a"",""aba074a1-d451-595d-bc12-e257adbe7383"",""1ca34094-ee4d-5962-a78a-174d361a9cd3"",""7edb0577-da07-5c6f-8391-bb90e9822165"",""d7c5d484-54dc-5d1e-a3ac-65d60267a12c"",""f416cc8b-3bc2-5c4c-a91c-c56faf748684""]",89646e16-8a84-4eec-9f60-990c2c7f51c6,2026-10-07T04:30:30.366678Z,"[""443458d4-1c5c-4356-a083-d32bcccc282a""]",382c0afd-7f54-40d1-b339-ecc933d01ca9,True,active,UP,19665.553767665,19301.983545291,f8edaecf-8020-4564-bbf4-42b31ddc5d7a,447860c8-1d56-518b-88ad-7e103990b756,True,14,89646e16-8a84-4eec-9f60-990c2c7f51c6,A,Gemessener Pipelineanteil; unbekannte Prozessgrenze separat,True,cfeaa0aa-6dd8-4858-8882-fd4719f86af4,1,1,2026-10-07T04:24:26.796490Z,explicit per metric; exact fractions and decimal display,A
M7-analysis-v5,f9faff59-3259-5804-8713-ca7f4006c343,2,12a588a973e24157d490acab23e57ec685cde24dfc7dc6390638cd1317a9a8cc,C-SQL-1,PIPE-TIME-84682789-674b-46c0-9a10-84b62a4ff2af,27b8151da86242809dca0369f6ae8205b3d9e19866f42442c95f91863350f15a,6f7f3a3c-8647-488b-b587-d1d430125ce9,,,,,K1,2026-10-07T04:45:17.211357Z,dbb63e68d4ed9e904fa985aa5b88d674205b6caab086a8d981ac8918a9c68fb5,empirical,"[""4afc763c-033e-501c-9c9c-453207d31e62"",""1fed9611-d0cc-51e5-86e7-4ba237c836a2"",""0e4d4039-5409-5be7-a300-ded85e9c22d7"",""1c4afc6f-6679-57b7-ab6b-cec3053e85a1"",""76216ff6-0dab-5f43-913f-741c2deb7596"",""fe7c5fea-171a-5d3e-b93c-b9d53dca7c67"",""784c942d-b222-5013-a2e4-de4aa477a143"",""2f2d84f4-6f41-5df7-a828-cc0a3d9cdddf"",""c68f6332-f200-5595-940d-e5bcad78f1fe"",""54c3aba8-cb42-5023-9591-5cdd68bdd7c5"",""b9ac296e-4c6c-5cdc-9e03-14868c124af2"",""022ddff9-4332-5ba5-b884-42537f220a0c"",""0d262496-18e1-5973-84a6-84fbda64d0ff"",""447860c8-1d56-518b-88ad-7e103990b756"",""616ecfda-7163-5a8d-ba60-01f623d8b124"",""656bacfc-b102-5379-8db2-2f9f127621e0"",""88f2e658-6155-5924-bc85-63fe2aabb08a"",""9f032fb3-90ca-5749-aff5-1065077ac10e"",""4d2e4005-a84b-525b-a492-d367c5e405d0"",""12b20e20-e117-5c00-83bc-e589b92b730e"",""e97a5398-37b9-5e89-91a9-9b3ae48d9534"",""7a8f92c5-5f85-593a-bf90-08e13c60a2e6"",""aa66f5e3-ac0e-57d6-9b69-aa54ea7c4fb9"",""d07b7490-853e-562b-b662-305e89e7718d"",""596c0800-372d-5056-8a35-9f8661656bf4"",""d08816e6-d4d6-5f35-9de3-d86528fa7a96"",""2e126757-f17e-5ee2-93db-94d31ed944b2"",""5e1af4e2-330f-563f-b639-2d3cd8d276c8"",""49cd1889-2a56-5913-8723-929335f68874"",""82b898ba-3b6d-567f-8996-4f259b74547e"",""d38eb7d2-e78b-5c2f-93e4-2e34846e80e6"",""33effc64-dcfe-5ced-badf-c4df49f68dc1"",""a3a03b99-34c0-504b-b529-32b798db318a"",""8b3ec7b0-123f-5597-95f7-1fafc5810d01"",""035c5442-19b8-5a84-8a59-b352a9660279"",""d6d45010-72fa-5741-b733-88958a8795d2"",""ab8215e5-b753-5a6a-a4e7-ad9caf42eeac"",""1b20061c-b208-551a-b06c-81ffeff623fc"",""9b6d0913-2ae6-5dab-ab36-d05e1c51b208"",""a27c1fb2-edc1-57e6-9d74-adb5a13fed3b"",""4696448b-8c21-591b-80cc-7344ea0b95ec"",""c1d75a33-928c-5636-b99c-def1fb29e0f5"",""61eebfb6-2555-5bce-ba71-7a750427392a"",""aba074a1-d451-595d-bc12-e257adbe7383"",""1ca34094-ee4d-5962-a78a-174d361a9cd3"",""7edb0577-da07-5c6f-8391-bb90e9822165"",""d7c5d484-54dc-5d1e-a3ac-65d60267a12c"",""f416cc8b-3bc2-5c4c-a91c-c56faf748684""]",87469988-ee0d-45ef-b73a-f9c8f8fd7172,2026-10-07T04:45:17.207281Z,"[""deb0ec80-c593-4882-8581-cfbfb041c049""]",13f1c295-55d9-4550-b3df-ecd42561da13,True,active,SQL,20552.39015878,20223.256639964,f8edaecf-8020-4564-bbf4-42b31ddc5d7a,616ecfda-7163-5a8d-ba60-01f623d8b124,True,15,87469988-ee0d-45ef-b73a-f9c8f8fd7172,A,Gemessener Pipelineanteil; unbekannte Prozessgrenze separat,True,6c45fdb5-7960-4501-8cf4-04e09f4bcb87,1,1,2026-10-07T04:39:48.072501Z,explicit per metric; exact fractions and decimal display,A
M7-analysis-v5,f9faff59-3259-5804-8713-ca7f4006c343,2,ab3de02cd2dcb666e4e84e0e76df1f61b62c2df3fb548bf556f8f158f2bf18c7,C-UP-0,PIPE-TIME-bf5d0619-5d40-4516-81be-c516b2d4dbc2,c9b1cb0ac1f796fd7d6ed58a0ff22c16832977bd6a97c5a7afbce6e1adc06824,bc62af86-8509-48fe-a3bb-42e1d77fa60f,,,,,K0,2026-10-07T05:02:48.934143Z,dbb63e68d4ed9e904fa985aa5b88d674205b6caab086a8d981ac8918a9c68fb5,empirical,"[""4afc763c-033e-501c-9c9c-453207d31e62"",""1fed9611-d0cc-51e5-86e7-4ba237c836a2"",""0e4d4039-5409-5be7-a300-ded85e9c22d7"",""1c4afc6f-6679-57b7-ab6b-cec3053e85a1"",""76216ff6-0dab-5f43-913f-741c2deb7596"",""fe7c5fea-171a-5d3e-b93c-b9d53dca7c67"",""784c942d-b222-5013-a2e4-de4aa477a143"",""2f2d84f4-6f41-5df7-a828-cc0a3d9cdddf"",""c68f6332-f200-5595-940d-e5bcad78f1fe"",""54c3aba8-cb42-5023-9591-5cdd68bdd7c5"",""b9ac296e-4c6c-5cdc-9e03-14868c124af2"",""022ddff9-4332-5ba5-b884-42537f220a0c"",""0d262496-18e1-5973-84a6-84fbda64d0ff"",""447860c8-1d56-518b-88ad-7e103990b756"",""616ecfda-7163-5a8d-ba60-01f623d8b124"",""656bacfc-b102-5379-8db2-2f9f127621e0"",""88f2e658-6155-5924-bc85-63fe2aabb08a"",""9f032fb3-90ca-5749-aff5-1065077ac10e"",""4d2e4005-a84b-525b-a492-d367c5e405d0"",""12b20e20-e117-5c00-83bc-e589b92b730e"",""e97a5398-37b9-5e89-91a9-9b3ae48d9534"",""7a8f92c5-5f85-593a-bf90-08e13c60a2e6"",""aa66f5e3-ac0e-57d6-9b69-aa54ea7c4fb9"",""d07b7490-853e-562b-b662-305e89e7718d"",""596c0800-372d-5056-8a35-9f8661656bf4"",""d08816e6-d4d6-5f35-9de3-d86528fa7a96"",""2e126757-f17e-5ee2-93db-94d31ed944b2"",""5e1af4e2-330f-563f-b639-2d3cd8d276c8"",""49cd1889-2a56-5913-8723-929335f68874"",""82b898ba-3b6d-567f-8996-4f259b74547e"",""d38eb7d2-e78b-5c2f-93e4-2e34846e80e6"",""33effc64-dcfe-5ced-badf-c4df49f68dc1"",""a3a03b99-34c0-504b-b529-32b798db318a"",""8b3ec7b0-123f-5597-95f7-1fafc5810d01"",""035c5442-19b8-5a84-8a59-b352a9660279"",""d6d45010-72fa-5741-b733-88958a8795d2"",""ab8215e5-b753-5a6a-a4e7-ad9caf42eeac"",""1b20061c-b208-551a-b06c-81ffeff623fc"",""9b6d0913-2ae6-5dab-ab36-d05e1c51b208"",""a27c1fb2-edc1-57e6-9d74-adb5a13fed3b"",""4696448b-8c21-591b-80cc-7344ea0b95ec"",""c1d75a33-928c-5636-b99c-def1fb29e0f5"",""61eebfb6-2555-5bce-ba71-7a750427392a"",""aba074a1-d451-595d-bc12-e257adbe7383"",""1ca34094-ee4d-5962-a78a-174d361a9cd3"",""7edb0577-da07-5c6f-8391-bb90e9822165"",""d7c5d484-54dc-5d1e-a3ac-65d60267a12c"",""f416cc8b-3bc2-5c4c-a91c-c56faf748684""]",1fb467c6-3de6-4fbe-850b-e37fe663c2fa,2026-10-07T05:02:48.928571Z,"[""a1a0f026-9747-498f-8e58-37fe78b7b59e""]",97018083-d911-4b80-a591-84601d78377d,True,active,UP,21604.110764883,21105.953518656,f8edaecf-8020-4564-bbf4-42b31ddc5d7a,656bacfc-b102-5379-8db2-2f9f127621e0,True,16,1fb467c6-3de6-4fbe-850b-e37fe663c2fa,A,Gemessener Pipelineanteil; unbekannte Prozessgrenze separat,True,91d2cc0f-ca64-4f35-a998-b56d0438b753,1,1,2026-10-07T04:54:30.770041Z,explicit per metric; exact fractions and decimal display,A
M7-analysis-v5,f9faff59-3259-5804-8713-ca7f4006c343,2,d34b62b0247cfed84c639c1428d6133b9ccb95cbad7b52132414c2c4b1df51d2,C-BF-0,PIPE-TIME-11a9682a-45f3-49d2-8521-0d871558ea55,19fa6fbf4f554673689996213945dcaed831a9bf0fbdc6988698abb77fd647ee,90318496-3af4-49cd-a20d-b85db76e5a0a,,,,,K0,2026-10-07T05:17:58.058667Z,dbb63e68d4ed9e904fa985aa5b88d674205b6caab086a8d981ac8918a9c68fb5,empirical,"[""4afc763c-033e-501c-9c9c-453207d31e62"",""1fed9611-d0cc-51e5-86e7-4ba237c836a2"",""0e4d4039-5409-5be7-a300-ded85e9c22d7"",""1c4afc6f-6679-57b7-ab6b-cec3053e85a1"",""76216ff6-0dab-5f43-913f-741c2deb7596"",""fe7c5fea-171a-5d3e-b93c-b9d53dca7c67"",""784c942d-b222-5013-a2e4-de4aa477a143"",""2f2d84f4-6f41-5df7-a828-cc0a3d9cdddf"",""c68f6332-f200-5595-940d-e5bcad78f1fe"",""54c3aba8-cb42-5023-9591-5cdd68bdd7c5"",""b9ac296e-4c6c-5cdc-9e03-14868c124af2"",""022ddff9-4332-5ba5-b884-42537f220a0c"",""0d262496-18e1-5973-84a6-84fbda64d0ff"",""447860c8-1d56-518b-88ad-7e103990b756"",""616ecfda-7163-5a8d-ba60-01f623d8b124"",""656bacfc-b102-5379-8db2-2f9f127621e0"",""88f2e658-6155-5924-bc85-63fe2aabb08a"",""9f032fb3-90ca-5749-aff5-1065077ac10e"",""4d2e4005-a84b-525b-a492-d367c5e405d0"",""12b20e20-e117-5c00-83bc-e589b92b730e"",""e97a5398-37b9-5e89-91a9-9b3ae48d9534"",""7a8f92c5-5f85-593a-bf90-08e13c60a2e6"",""aa66f5e3-ac0e-57d6-9b69-aa54ea7c4fb9"",""d07b7490-853e-562b-b662-305e89e7718d"",""596c0800-372d-5056-8a35-9f8661656bf4"",""d08816e6-d4d6-5f35-9de3-d86528fa7a96"",""2e126757-f17e-5ee2-93db-94d31ed944b2"",""5e1af4e2-330f-563f-b639-2d3cd8d276c8"",""49cd1889-2a56-5913-8723-929335f68874"",""82b898ba-3b6d-567f-8996-4f259b74547e"",""d38eb7d2-e78b-5c2f-93e4-2e34846e80e6"",""33effc64-dcfe-5ced-badf-c4df49f68dc1"",""a3a03b99-34c0-504b-b529-32b798db318a"",""8b3ec7b0-123f-5597-95f7-1fafc5810d01"",""035c5442-19b8-5a84-8a59-b352a9660279"",""d6d45010-72fa-5741-b733-88958a8795d2"",""ab8215e5-b753-5a6a-a4e7-ad9caf42eeac"",""1b20061c-b208-551a-b06c-81ffeff623fc"",""9b6d0913-2ae6-5dab-ab36-d05e1c51b208"",""a27c1fb2-edc1-57e6-9d74-adb5a13fed3b"",""4696448b-8c21-591b-80cc-7344ea0b95ec"",""c1d75a33-928c-5636-b99c-def1fb29e0f5"",""61eebfb6-2555-5bce-ba71-7a750427392a"",""aba074a1-d451-595d-bc12-e257adbe7383"",""1ca34094-ee4d-5962-a78a-174d361a9cd3"",""7edb0577-da07-5c6f-8391-bb90e9822165"",""d7c5d484-54dc-5d1e-a3ac-65d60267a12c"",""f416cc8b-3bc2-5c4c-a91c-c56faf748684""]",6c36cffd-4d27-4b1f-a4b5-8a6f46d946e1,2026-10-07T05:17:58.053601Z,"[""2bc25561-dad6-4bf4-95e4-37af64c90cac""]",8029f929-a1c2-4d93-bdc3-2170ca23d89b,True,active,BF,22513.271074923,22175.480669684,f8edaecf-8020-4564-bbf4-42b31ddc5d7a,88f2e658-6155-5924-bc85-63fe2aabb08a,True,17,6c36cffd-4d27-4b1f-a4b5-8a6f46d946e1,A,Gemessener Pipelineanteil; unbekannte Prozessgrenze separat,True,9a92774e-b5f2-4bd4-9f9b-0a480a4316de,1,1,2026-10-07T05:12:20.300217Z,explicit per metric; exact fractions and decimal display,A
M7-analysis-v5,f9faff59-3259-5804-8713-ca7f4006c343,2,70a33e71cf64cb1bd0f149592270b9746071b252454a55bbfc3f9b46d3e0421c,C-SQL-0,PIPE-TIME-fab84448-d3de-47b5-bf8c-2c445658b365,0294f6c032f413f4245e83b15db52ab8f50ccfa6163f315fda209ab5b27f96be,a132b12b-e7a2-4837-8603-2cfe9fd0228c,,,,,K0,2026-10-07T05:42:37.043907Z,dbb63e68d4ed9e904fa985aa5b88d674205b6caab086a8d981ac8918a9c68fb5,empirical,"[""4afc763c-033e-501c-9c9c-453207d31e62"",""1fed9611-d0cc-51e5-86e7-4ba237c836a2"",""0e4d4039-5409-5be7-a300-ded85e9c22d7"",""1c4afc6f-6679-57b7-ab6b-cec3053e85a1"",""76216ff6-0dab-5f43-913f-741c2deb7596"",""fe7c5fea-171a-5d3e-b93c-b9d53dca7c67"",""784c942d-b222-5013-a2e4-de4aa477a143"",""2f2d84f4-6f41-5df7-a828-cc0a3d9cdddf"",""c68f6332-f200-5595-940d-e5bcad78f1fe"",""54c3aba8-cb42-5023-9591-5cdd68bdd7c5"",""b9ac296e-4c6c-5cdc-9e03-14868c124af2"",""022ddff9-4332-5ba5-b884-42537f220a0c"",""0d262496-18e1-5973-84a6-84fbda64d0ff"",""447860c8-1d56-518b-88ad-7e103990b756"",""616ecfda-7163-5a8d-ba60-01f623d8b124"",""656bacfc-b102-5379-8db2-2f9f127621e0"",""88f2e658-6155-5924-bc85-63fe2aabb08a"",""9f032fb3-90ca-5749-aff5-1065077ac10e"",""4d2e4005-a84b-525b-a492-d367c5e405d0"",""12b20e20-e117-5c00-83bc-e589b92b730e"",""e97a5398-37b9-5e89-91a9-9b3ae48d9534"",""7a8f92c5-5f85-593a-bf90-08e13c60a2e6"",""aa66f5e3-ac0e-57d6-9b69-aa54ea7c4fb9"",""d07b7490-853e-562b-b662-305e89e7718d"",""596c0800-372d-5056-8a35-9f8661656bf4"",""d08816e6-d4d6-5f35-9de3-d86528fa7a96"",""2e126757-f17e-5ee2-93db-94d31ed944b2"",""5e1af4e2-330f-563f-b639-2d3cd8d276c8"",""49cd1889-2a56-5913-8723-929335f68874"",""82b898ba-3b6d-567f-8996-4f259b74547e"",""d38eb7d2-e78b-5c2f-93e4-2e34846e80e6"",""33effc64-dcfe-5ced-badf-c4df49f68dc1"",""a3a03b99-34c0-504b-b529-32b798db318a"",""8b3ec7b0-123f-5597-95f7-1fafc5810d01"",""035c5442-19b8-5a84-8a59-b352a9660279"",""d6d45010-72fa-5741-b733-88958a8795d2"",""ab8215e5-b753-5a6a-a4e7-ad9caf42eeac"",""1b20061c-b208-551a-b06c-81ffeff623fc"",""9b6d0913-2ae6-5dab-ab36-d05e1c51b208"",""a27c1fb2-edc1-57e6-9d74-adb5a13fed3b"",""4696448b-8c21-591b-80cc-7344ea0b95ec"",""c1d75a33-928c-5636-b99c-def1fb29e0f5"",""61eebfb6-2555-5bce-ba71-7a750427392a"",""aba074a1-d451-595d-bc12-e257adbe7383"",""1ca34094-ee4d-5962-a78a-174d361a9cd3"",""7edb0577-da07-5c6f-8391-bb90e9822165"",""d7c5d484-54dc-5d1e-a3ac-65d60267a12c"",""f416cc8b-3bc2-5c4c-a91c-c56faf748684""]",3893a96d-cfaf-476d-acdc-cd6c3f6dfdcd,2026-10-07T05:42:37.034998Z,"[""c0abaa23-c633-4f82-82ad-9ea89f33f9d4""]",7512f7fd-7604-4d92-9430-2ce0aa0cf61d,True,active,SQL,543.197381495,211.293776469,f8edaecf-8020-4564-bbf4-42b31ddc5d7a,9f032fb3-90ca-5749-aff5-1065077ac10e,True,18,3893a96d-cfaf-476d-acdc-cd6c3f6dfdcd,A,Gemessener Pipelineanteil; unbekannte Prozessgrenze separat,True,d0716952-aac2-418b-b525-c9bff75b683c,1,1,2026-10-07T05:37:05.130110Z,explicit per metric; exact fractions and decimal display,A
M7-analysis-v5,f9faff59-3259-5804-8713-ca7f4006c343,2,62a469b9b8e0e28ce8d744f8537004f7b978bf2156fdf548664726eed2ae1343,E-P1R0,PIPE-TIME-f0814abc-6138-40fe-b17e-0e254dc70417,46fff238fb6d2caf7973ae538150ab3097c1fa1862c12a1b6c4ff163afb5f6c3,4eb1de1a-3682-4e43-9075-598dbaee7479,,,,,K1,2026-10-07T05:58:15.527232Z,dbb63e68d4ed9e904fa985aa5b88d674205b6caab086a8d981ac8918a9c68fb5,empirical,"[""4afc763c-033e-501c-9c9c-453207d31e62"",""1fed9611-d0cc-51e5-86e7-4ba237c836a2"",""0e4d4039-5409-5be7-a300-ded85e9c22d7"",""1c4afc6f-6679-57b7-ab6b-cec3053e85a1"",""76216ff6-0dab-5f43-913f-741c2deb7596"",""fe7c5fea-171a-5d3e-b93c-b9d53dca7c67"",""784c942d-b222-5013-a2e4-de4aa477a143"",""2f2d84f4-6f41-5df7-a828-cc0a3d9cdddf"",""c68f6332-f200-5595-940d-e5bcad78f1fe"",""54c3aba8-cb42-5023-9591-5cdd68bdd7c5"",""b9ac296e-4c6c-5cdc-9e03-14868c124af2"",""022ddff9-4332-5ba5-b884-42537f220a0c"",""0d262496-18e1-5973-84a6-84fbda64d0ff"",""447860c8-1d56-518b-88ad-7e103990b756"",""616ecfda-7163-5a8d-ba60-01f623d8b124"",""656bacfc-b102-5379-8db2-2f9f127621e0"",""88f2e658-6155-5924-bc85-63fe2aabb08a"",""9f032fb3-90ca-5749-aff5-1065077ac10e"",""4d2e4005-a84b-525b-a492-d367c5e405d0"",""12b20e20-e117-5c00-83bc-e589b92b730e"",""e97a5398-37b9-5e89-91a9-9b3ae48d9534"",""7a8f92c5-5f85-593a-bf90-08e13c60a2e6"",""aa66f5e3-ac0e-57d6-9b69-aa54ea7c4fb9"",""d07b7490-853e-562b-b662-305e89e7718d"",""596c0800-372d-5056-8a35-9f8661656bf4"",""d08816e6-d4d6-5f35-9de3-d86528fa7a96"",""2e126757-f17e-5ee2-93db-94d31ed944b2"",""5e1af4e2-330f-563f-b639-2d3cd8d276c8"",""49cd1889-2a56-5913-8723-929335f68874"",""82b898ba-3b6d-567f-8996-4f259b74547e"",""d38eb7d2-e78b-5c2f-93e4-2e34846e80e6"",""33effc64-dcfe-5ced-badf-c4df49f68dc1"",""a3a03b99-34c0-504b-b529-32b798db318a"",""8b3ec7b0-123f-5597-95f7-1fafc5810d01"",""035c5442-19b8-5a84-8a59-b352a9660279"",""d6d45010-72fa-5741-b733-88958a8795d2"",""ab8215e5-b753-5a6a-a4e7-ad9caf42eeac"",""1b20061c-b208-551a-b06c-81ffeff623fc"",""9b6d0913-2ae6-5dab-ab36-d05e1c51b208"",""a27c1fb2-edc1-57e6-9d74-adb5a13fed3b"",""4696448b-8c21-591b-80cc-7344ea0b95ec"",""c1d75a33-928c-5636-b99c-def1fb29e0f5"",""61eebfb6-2555-5bce-ba71-7a750427392a"",""aba074a1-d451-595d-bc12-e257adbe7383"",""1ca34094-ee4d-5962-a78a-174d361a9cd3"",""7edb0577-da07-5c6f-8391-bb90e9822165"",""d7c5d484-54dc-5d1e-a3ac-65d60267a12c"",""f416cc8b-3bc2-5c4c-a91c-c56faf748684""]",8fb7983b-50a5-4193-9388-383dbbab378e,2026-10-07T05:58:15.523417Z,"[""09c8325a-c1f2-421c-b3b5-d521632c0fc2""]",0f96d22f-a940-4e8e-9b6e-5fded771e0fc,True,active,SQL,1481.685837921,1277.254470995,f8edaecf-8020-4564-bbf4-42b31ddc5d7a,4d2e4005-a84b-525b-a492-d367c5e405d0,True,19,8fb7983b-50a5-4193-9388-383dbbab378e,A,Gemessener Pipelineanteil; unbekannte Prozessgrenze separat,False,d021c34b-07cb-4fcc-815b-168486587584,1,1,2026-10-07T05:54:51.095391Z,explicit per metric; exact fractions and decimal display,A
M7-analysis-v5,f9faff59-3259-5804-8713-ca7f4006c343,2,b95c5ae5c06c3b41a61878e005cec91f332ca88d67a8ea64b1ab14aea3f9bf43,E-P0R0,PIPE-TIME-0bfa8cdf-7447-4ca1-a539-718ae5c8885a,9992b253f08c976bf150bcd89ccfc9db54f8a1fda58ea3f4fad386b27c7c4138,c06be457-9745-422d-9d69-c0fa9cd7e0d5,,,,,K1,2026-10-07T06:15:23.142160Z,dbb63e68d4ed9e904fa985aa5b88d674205b6caab086a8d981ac8918a9c68fb5,empirical,"[""4afc763c-033e-501c-9c9c-453207d31e62"",""1fed9611-d0cc-51e5-86e7-4ba237c836a2"",""0e4d4039-5409-5be7-a300-ded85e9c22d7"",""1c4afc6f-6679-57b7-ab6b-cec3053e85a1"",""76216ff6-0dab-5f43-913f-741c2deb7596"",""fe7c5fea-171a-5d3e-b93c-b9d53dca7c67"",""784c942d-b222-5013-a2e4-de4aa477a143"",""2f2d84f4-6f41-5df7-a828-cc0a3d9cdddf"",""c68f6332-f200-5595-940d-e5bcad78f1fe"",""54c3aba8-cb42-5023-9591-5cdd68bdd7c5"",""b9ac296e-4c6c-5cdc-9e03-14868c124af2"",""022ddff9-4332-5ba5-b884-42537f220a0c"",""0d262496-18e1-5973-84a6-84fbda64d0ff"",""447860c8-1d56-518b-88ad-7e103990b756"",""616ecfda-7163-5a8d-ba60-01f623d8b124"",""656bacfc-b102-5379-8db2-2f9f127621e0"",""88f2e658-6155-5924-bc85-63fe2aabb08a"",""9f032fb3-90ca-5749-aff5-1065077ac10e"",""4d2e4005-a84b-525b-a492-d367c5e405d0"",""12b20e20-e117-5c00-83bc-e589b92b730e"",""e97a5398-37b9-5e89-91a9-9b3ae48d9534"",""7a8f92c5-5f85-593a-bf90-08e13c60a2e6"",""aa66f5e3-ac0e-57d6-9b69-aa54ea7c4fb9"",""d07b7490-853e-562b-b662-305e89e7718d"",""596c0800-372d-5056-8a35-9f8661656bf4"",""d08816e6-d4d6-5f35-9de3-d86528fa7a96"",""2e126757-f17e-5ee2-93db-94d31ed944b2"",""5e1af4e2-330f-563f-b639-2d3cd8d276c8"",""49cd1889-2a56-5913-8723-929335f68874"",""82b898ba-3b6d-567f-8996-4f259b74547e"",""d38eb7d2-e78b-5c2f-93e4-2e34846e80e6"",""33effc64-dcfe-5ced-badf-c4df49f68dc1"",""a3a03b99-34c0-504b-b529-32b798db318a"",""8b3ec7b0-123f-5597-95f7-1fafc5810d01"",""035c5442-19b8-5a84-8a59-b352a9660279"",""d6d45010-72fa-5741-b733-88958a8795d2"",""ab8215e5-b753-5a6a-a4e7-ad9caf42eeac"",""1b20061c-b208-551a-b06c-81ffeff623fc"",""9b6d0913-2ae6-5dab-ab36-d05e1c51b208"",""a27c1fb2-edc1-57e6-9d74-adb5a13fed3b"",""4696448b-8c21-591b-80cc-7344ea0b95ec"",""c1d75a33-928c-5636-b99c-def1fb29e0f5"",""61eebfb6-2555-5bce-ba71-7a750427392a"",""aba074a1-d451-595d-bc12-e257adbe7383"",""1ca34094-ee4d-5962-a78a-174d361a9cd3"",""7edb0577-da07-5c6f-8391-bb90e9822165"",""d7c5d484-54dc-5d1e-a3ac-65d60267a12c"",""f416cc8b-3bc2-5c4c-a91c-c56faf748684""]",e6c81958-ae77-44fe-b69c-83a992a38e4e,2026-10-07T06:15:23.139982Z,"[""dd13ab27-e3eb-4768-a139-7e92a0076254""]",75ab8864-f4d3-42df-9794-8386368c9509,True,active,SQL,2509.300140849,2292.574808375,f8edaecf-8020-4564-bbf4-42b31ddc5d7a,12b20e20-e117-5c00-83bc-e589b92b730e,False,20,e6c81958-ae77-44fe-b69c-83a992a38e4e,A,Gemessener Pipelineanteil; unbekannte Prozessgrenze separat,False,5170b1cc-8fc1-4873-9454-26daec9157db,1,1,2026-10-07T06:11:46.413381Z,explicit per metric; exact fractions and decimal display,A
M7-analysis-v5,f9faff59-3259-5804-8713-ca7f4006c343,2,30c1abb1b39a58430186f9d9c81a325dfe23c5d98a16b28399bbf49d47ccf324,E-BB,PIPE-TIME-1653de30-3029-40cd-8be8-9201be6dd146,b26081b6041d83b27d357511d1cbaa4be007a74fd351a784a31834412284db93,26c9e1ce-c552-46f9-9d50-4cc6179591a3,,,,,K1,2026-10-07T06:41:54.905030Z,dbb63e68d4ed9e904fa985aa5b88d674205b6caab086a8d981ac8918a9c68fb5,empirical,"[""4afc763c-033e-501c-9c9c-453207d31e62"",""1fed9611-d0cc-51e5-86e7-4ba237c836a2"",""0e4d4039-5409-5be7-a300-ded85e9c22d7"",""1c4afc6f-6679-57b7-ab6b-cec3053e85a1"",""76216ff6-0dab-5f43-913f-741c2deb7596"",""fe7c5fea-171a-5d3e-b93c-b9d53dca7c67"",""784c942d-b222-5013-a2e4-de4aa477a143"",""2f2d84f4-6f41-5df7-a828-cc0a3d9cdddf"",""c68f6332-f200-5595-940d-e5bcad78f1fe"",""54c3aba8-cb42-5023-9591-5cdd68bdd7c5"",""b9ac296e-4c6c-5cdc-9e03-14868c124af2"",""022ddff9-4332-5ba5-b884-42537f220a0c"",""0d262496-18e1-5973-84a6-84fbda64d0ff"",""447860c8-1d56-518b-88ad-7e103990b756"",""616ecfda-7163-5a8d-ba60-01f623d8b124"",""656bacfc-b102-5379-8db2-2f9f127621e0"",""88f2e658-6155-5924-bc85-63fe2aabb08a"",""9f032fb3-90ca-5749-aff5-1065077ac10e"",""4d2e4005-a84b-525b-a492-d367c5e405d0"",""12b20e20-e117-5c00-83bc-e589b92b730e"",""e97a5398-37b9-5e89-91a9-9b3ae48d9534"",""7a8f92c5-5f85-593a-bf90-08e13c60a2e6"",""aa66f5e3-ac0e-57d6-9b69-aa54ea7c4fb9"",""d07b7490-853e-562b-b662-305e89e7718d"",""596c0800-372d-5056-8a35-9f8661656bf4"",""d08816e6-d4d6-5f35-9de3-d86528fa7a96"",""2e126757-f17e-5ee2-93db-94d31ed944b2"",""5e1af4e2-330f-563f-b639-2d3cd8d276c8"",""49cd1889-2a56-5913-8723-929335f68874"",""82b898ba-3b6d-567f-8996-4f259b74547e"",""d38eb7d2-e78b-5c2f-93e4-2e34846e80e6"",""33effc64-dcfe-5ced-badf-c4df49f68dc1"",""a3a03b99-34c0-504b-b529-32b798db318a"",""8b3ec7b0-123f-5597-95f7-1fafc5810d01"",""035c5442-19b8-5a84-8a59-b352a9660279"",""d6d45010-72fa-5741-b733-88958a8795d2"",""ab8215e5-b753-5a6a-a4e7-ad9caf42eeac"",""1b20061c-b208-551a-b06c-81ffeff623fc"",""9b6d0913-2ae6-5dab-ab36-d05e1c51b208"",""a27c1fb2-edc1-57e6-9d74-adb5a13fed3b"",""4696448b-8c21-591b-80cc-7344ea0b95ec"",""c1d75a33-928c-5636-b99c-def1fb29e0f5"",""61eebfb6-2555-5bce-ba71-7a750427392a"",""aba074a1-d451-595d-bc12-e257adbe7383"",""1ca34094-ee4d-5962-a78a-174d361a9cd3"",""7edb0577-da07-5c6f-8391-bb90e9822165"",""d7c5d484-54dc-5d1e-a3ac-65d60267a12c"",""f416cc8b-3bc2-5c4c-a91c-c56faf748684""]",e9f06218-0922-42ba-8282-66b02a8be741,2026-10-07T06:41:54.899589Z,"[""4ce097b4-c834-47ac-acaf-4d41cf13a98d""]",0715f299-62c4-4c7a-b744-9e98170145ed,True,active,SQL,4101.056536327,3043.119739427,f8edaecf-8020-4564-bbf4-42b31ddc5d7a,e97a5398-37b9-5e89-91a9-9b3ae48d9534,True,21,e9f06218-0922-42ba-8282-66b02a8be741,B,Gemessener Pipelineanteil; unbekannte Prozessgrenze separat,True,153aa1fb-14af-4083-8e7d-bbf3a354f6c8,1,1,2026-10-07T06:24:16.960580Z,explicit per metric; exact fractions and decimal display,B
M7-analysis-v5,f9faff59-3259-5804-8713-ca7f4006c343,2,21ae5c3492ae2e2728ae4ac44bb70bc49228dd01286f72e2fe1633425edaffd6,E-P0R1,PIPE-TIME-a320b5da-1177-42ed-bcce-b9fc9ee4cd0a,672365878648f984edbe331765fbaca28450124b7e3695518e4c97c917409fb1,42edf356-9e72-44ce-9889-267b2eb71de0,,,,,K1,2026-10-07T06:56:25.332926Z,dbb63e68d4ed9e904fa985aa5b88d674205b6caab086a8d981ac8918a9c68fb5,empirical,"[""4afc763c-033e-501c-9c9c-453207d31e62"",""1fed9611-d0cc-51e5-86e7-4ba237c836a2"",""0e4d4039-5409-5be7-a300-ded85e9c22d7"",""1c4afc6f-6679-57b7-ab6b-cec3053e85a1"",""76216ff6-0dab-5f43-913f-741c2deb7596"",""fe7c5fea-171a-5d3e-b93c-b9d53dca7c67"",""784c942d-b222-5013-a2e4-de4aa477a143"",""2f2d84f4-6f41-5df7-a828-cc0a3d9cdddf"",""c68f6332-f200-5595-940d-e5bcad78f1fe"",""54c3aba8-cb42-5023-9591-5cdd68bdd7c5"",""b9ac296e-4c6c-5cdc-9e03-14868c124af2"",""022ddff9-4332-5ba5-b884-42537f220a0c"",""0d262496-18e1-5973-84a6-84fbda64d0ff"",""447860c8-1d56-518b-88ad-7e103990b756"",""616ecfda-7163-5a8d-ba60-01f623d8b124"",""656bacfc-b102-5379-8db2-2f9f127621e0"",""88f2e658-6155-5924-bc85-63fe2aabb08a"",""9f032fb3-90ca-5749-aff5-1065077ac10e"",""4d2e4005-a84b-525b-a492-d367c5e405d0"",""12b20e20-e117-5c00-83bc-e589b92b730e"",""e97a5398-37b9-5e89-91a9-9b3ae48d9534"",""7a8f92c5-5f85-593a-bf90-08e13c60a2e6"",""aa66f5e3-ac0e-57d6-9b69-aa54ea7c4fb9"",""d07b7490-853e-562b-b662-305e89e7718d"",""596c0800-372d-5056-8a35-9f8661656bf4"",""d08816e6-d4d6-5f35-9de3-d86528fa7a96"",""2e126757-f17e-5ee2-93db-94d31ed944b2"",""5e1af4e2-330f-563f-b639-2d3cd8d276c8"",""49cd1889-2a56-5913-8723-929335f68874"",""82b898ba-3b6d-567f-8996-4f259b74547e"",""d38eb7d2-e78b-5c2f-93e4-2e34846e80e6"",""33effc64-dcfe-5ced-badf-c4df49f68dc1"",""a3a03b99-34c0-504b-b529-32b798db318a"",""8b3ec7b0-123f-5597-95f7-1fafc5810d01"",""035c5442-19b8-5a84-8a59-b352a9660279"",""d6d45010-72fa-5741-b733-88958a8795d2"",""ab8215e5-b753-5a6a-a4e7-ad9caf42eeac"",""1b20061c-b208-551a-b06c-81ffeff623fc"",""9b6d0913-2ae6-5dab-ab36-d05e1c51b208"",""a27c1fb2-edc1-57e6-9d74-adb5a13fed3b"",""4696448b-8c21-591b-80cc-7344ea0b95ec"",""c1d75a33-928c-5636-b99c-def1fb29e0f5"",""61eebfb6-2555-5bce-ba71-7a750427392a"",""aba074a1-d451-595d-bc12-e257adbe7383"",""1ca34094-ee4d-5962-a78a-174d361a9cd3"",""7edb0577-da07-5c6f-8391-bb90e9822165"",""d7c5d484-54dc-5d1e-a3ac-65d60267a12c"",""f416cc8b-3bc2-5c4c-a91c-c56faf748684""]",d0e5b251-bfa5-4961-938a-83ee5b9ce793,2026-10-07T06:56:25.328624Z,"[""9ed5dbbd-e53a-4eb1-9a50-b48552a11fb2""]",65a9e180-6419-45b4-9f91-0a5c8e3451d5,True,active,SQL,4971.48389035,4676.763188299,f8edaecf-8020-4564-bbf4-42b31ddc5d7a,7a8f92c5-5f85-593a-bf90-08e13c60a2e6,False,22,d0e5b251-bfa5-4961-938a-83ee5b9ce793,A,Gemessener Pipelineanteil; unbekannte Prozessgrenze separat,True,4f854e4e-2f65-40b5-aee3-945c93c516df,1,1,2026-10-07T06:51:30.607224Z,explicit per metric; exact fractions and decimal display,A
M7-analysis-v5,f9faff59-3259-5804-8713-ca7f4006c343,2,689ba53542ae9dfc85b71c6f87b5b35519c0726d569ce67be8c8eadd4eb15b3b,E-AB,PIPE-TIME-434af015-b690-44fa-8476-3813ecc334da,e1ea2ccf80fbb81f94b29b70bdd06508e2b9419500b1ca0ecfd5317a4540e358,37d46947-813a-4296-a328-81c505b1dba7,,,,,K1,2026-10-07T07:15:57.062623Z,dbb63e68d4ed9e904fa985aa5b88d674205b6caab086a8d981ac8918a9c68fb5,empirical,"[""4afc763c-033e-501c-9c9c-453207d31e62"",""1fed9611-d0cc-51e5-86e7-4ba237c836a2"",""0e4d4039-5409-5be7-a300-ded85e9c22d7"",""1c4afc6f-6679-57b7-ab6b-cec3053e85a1"",""76216ff6-0dab-5f43-913f-741c2deb7596"",""fe7c5fea-171a-5d3e-b93c-b9d53dca7c67"",""784c942d-b222-5013-a2e4-de4aa477a143"",""2f2d84f4-6f41-5df7-a828-cc0a3d9cdddf"",""c68f6332-f200-5595-940d-e5bcad78f1fe"",""54c3aba8-cb42-5023-9591-5cdd68bdd7c5"",""b9ac296e-4c6c-5cdc-9e03-14868c124af2"",""022ddff9-4332-5ba5-b884-42537f220a0c"",""0d262496-18e1-5973-84a6-84fbda64d0ff"",""447860c8-1d56-518b-88ad-7e103990b756"",""616ecfda-7163-5a8d-ba60-01f623d8b124"",""656bacfc-b102-5379-8db2-2f9f127621e0"",""88f2e658-6155-5924-bc85-63fe2aabb08a"",""9f032fb3-90ca-5749-aff5-1065077ac10e"",""4d2e4005-a84b-525b-a492-d367c5e405d0"",""12b20e20-e117-5c00-83bc-e589b92b730e"",""e97a5398-37b9-5e89-91a9-9b3ae48d9534"",""7a8f92c5-5f85-593a-bf90-08e13c60a2e6"",""aa66f5e3-ac0e-57d6-9b69-aa54ea7c4fb9"",""d07b7490-853e-562b-b662-305e89e7718d"",""596c0800-372d-5056-8a35-9f8661656bf4"",""d08816e6-d4d6-5f35-9de3-d86528fa7a96"",""2e126757-f17e-5ee2-93db-94d31ed944b2"",""5e1af4e2-330f-563f-b639-2d3cd8d276c8"",""49cd1889-2a56-5913-8723-929335f68874"",""82b898ba-3b6d-567f-8996-4f259b74547e"",""d38eb7d2-e78b-5c2f-93e4-2e34846e80e6"",""33effc64-dcfe-5ced-badf-c4df49f68dc1"",""a3a03b99-34c0-504b-b529-32b798db318a"",""8b3ec7b0-123f-5597-95f7-1fafc5810d01"",""035c5442-19b8-5a84-8a59-b352a9660279"",""d6d45010-72fa-5741-b733-88958a8795d2"",""ab8215e5-b753-5a6a-a4e7-ad9caf42eeac"",""1b20061c-b208-551a-b06c-81ffeff623fc"",""9b6d0913-2ae6-5dab-ab36-d05e1c51b208"",""a27c1fb2-edc1-57e6-9d74-adb5a13fed3b"",""4696448b-8c21-591b-80cc-7344ea0b95ec"",""c1d75a33-928c-5636-b99c-def1fb29e0f5"",""61eebfb6-2555-5bce-ba71-7a750427392a"",""aba074a1-d451-595d-bc12-e257adbe7383"",""1ca34094-ee4d-5962-a78a-174d361a9cd3"",""7edb0577-da07-5c6f-8391-bb90e9822165"",""d7c5d484-54dc-5d1e-a3ac-65d60267a12c"",""f416cc8b-3bc2-5c4c-a91c-c56faf748684""]",d40b5e49-8c57-4551-b4b1-da0d4e2d28b8,2026-10-07T07:15:57.058789Z,"[""953e74a4-bf93-4acf-b589-5713a2660768""]",4079df00-4290-4036-9b2c-f23318d6a3a3,True,active,SQL,6143.211673466,5560.46443095,f8edaecf-8020-4564-bbf4-42b31ddc5d7a,aa66f5e3-ac0e-57d6-9b69-aa54ea7c4fb9,True,23,d40b5e49-8c57-4551-b4b1-da0d4e2d28b8,A,Gemessener Pipelineanteil; unbekannte Prozessgrenze separat,True,45b5c191-572f-41e1-9a62-6da4ab5295c7,1,1,2026-10-07T07:06:14.309551Z,explicit per metric; exact fractions and decimal display,B
M7-analysis-v5,f9faff59-3259-5804-8713-ca7f4006c343,2,c2ae86ee09cf1df8b2844bc92fba16af9688fb72d9e444914a158477a66877b8,E-BA,PIPE-TIME-709ac6b8-5364-4006-84f3-a159f6b324a8,c95570638786f34bdf300259908c703357f319349529bd0f72711c0b41f6d98a,bcba9767-41cd-49d9-aa5e-687d9d4d0032,,"[""10e3ea9e-26a8-415a-907b-d85920e7d2be""]",66e45602-dd58-43c6-b43a-13d107dbb7a0,unknown_active,K1,2026-10-07T08:04:44.722038Z,dbb63e68d4ed9e904fa985aa5b88d674205b6caab086a8d981ac8918a9c68fb5,empirical,"[""4afc763c-033e-501c-9c9c-453207d31e62"",""1fed9611-d0cc-51e5-86e7-4ba237c836a2"",""0e4d4039-5409-5be7-a300-ded85e9c22d7"",""1c4afc6f-6679-57b7-ab6b-cec3053e85a1"",""76216ff6-0dab-5f43-913f-741c2deb7596"",""fe7c5fea-171a-5d3e-b93c-b9d53dca7c67"",""784c942d-b222-5013-a2e4-de4aa477a143"",""2f2d84f4-6f41-5df7-a828-cc0a3d9cdddf"",""c68f6332-f200-5595-940d-e5bcad78f1fe"",""54c3aba8-cb42-5023-9591-5cdd68bdd7c5"",""b9ac296e-4c6c-5cdc-9e03-14868c124af2"",""022ddff9-4332-5ba5-b884-42537f220a0c"",""0d262496-18e1-5973-84a6-84fbda64d0ff"",""447860c8-1d56-518b-88ad-7e103990b756"",""616ecfda-7163-5a8d-ba60-01f623d8b124"",""656bacfc-b102-5379-8db2-2f9f127621e0"",""88f2e658-6155-5924-bc85-63fe2aabb08a"",""9f032fb3-90ca-5749-aff5-1065077ac10e"",""4d2e4005-a84b-525b-a492-d367c5e405d0"",""12b20e20-e117-5c00-83bc-e589b92b730e"",""e97a5398-37b9-5e89-91a9-9b3ae48d9534"",""7a8f92c5-5f85-593a-bf90-08e13c60a2e6"",""aa66f5e3-ac0e-57d6-9b69-aa54ea7c4fb9"",""d07b7490-853e-562b-b662-305e89e7718d"",""596c0800-372d-5056-8a35-9f8661656bf4"",""d08816e6-d4d6-5f35-9de3-d86528fa7a96"",""2e126757-f17e-5ee2-93db-94d31ed944b2"",""5e1af4e2-330f-563f-b639-2d3cd8d276c8"",""49cd1889-2a56-5913-8723-929335f68874"",""82b898ba-3b6d-567f-8996-4f259b74547e"",""d38eb7d2-e78b-5c2f-93e4-2e34846e80e6"",""33effc64-dcfe-5ced-badf-c4df49f68dc1"",""a3a03b99-34c0-504b-b529-32b798db318a"",""8b3ec7b0-123f-5597-95f7-1fafc5810d01"",""035c5442-19b8-5a84-8a59-b352a9660279"",""d6d45010-72fa-5741-b733-88958a8795d2"",""ab8215e5-b753-5a6a-a4e7-ad9caf42eeac"",""1b20061c-b208-551a-b06c-81ffeff623fc"",""9b6d0913-2ae6-5dab-ab36-d05e1c51b208"",""a27c1fb2-edc1-57e6-9d74-adb5a13fed3b"",""4696448b-8c21-591b-80cc-7344ea0b95ec"",""c1d75a33-928c-5636-b99c-def1fb29e0f5"",""61eebfb6-2555-5bce-ba71-7a750427392a"",""aba074a1-d451-595d-bc12-e257adbe7383"",""1ca34094-ee4d-5962-a78a-174d361a9cd3"",""7edb0577-da07-5c6f-8391-bb90e9822165"",""d7c5d484-54dc-5d1e-a3ac-65d60267a12c"",""f416cc8b-3bc2-5c4c-a91c-c56faf748684""]",102016bf-1418-4e23-8ec3-f6c349e03eae,2026-10-07T08:04:44.717414Z,"[""10e3ea9e-26a8-415a-907b-d85920e7d2be""]",6bb2be10-d850-41cf-b0ae-9ff747012ba2,True,active,SQL,203.85554701,83.28064812,f8edaecf-8020-4564-bbf4-42b31ddc5d7a,d07b7490-853e-562b-b662-305e89e7718d,True,24,102016bf-1418-4e23-8ec3-f6c349e03eae,B,Gemessener Pipelineanteil; unbekannte Prozessgrenze separat,True,9f907633-e873-4994-a488-fbac89398069,1,2,2026-10-07T08:02:44.142182Z,explicit per metric; exact fractions and decimal display,A
M7-analysis-v5,f9faff59-3259-5804-8713-ca7f4006c343,2,c2ae86ee09cf1df8b2844bc92fba16af9688fb72d9e444914a158477a66877b8,E-BA,PIPE-TIME-f8a339c1-765a-48eb-8ea0-6318d17b5413,c95570638786f34bdf300259908c703357f319349529bd0f72711c0b41f6d98a,bcba9767-41cd-49d9-aa5e-687d9d4d0032,,,,,K1,2026-10-07T08:02:44.146394Z,dbb63e68d4ed9e904fa985aa5b88d674205b6caab086a8d981ac8918a9c68fb5,empirical,"[""4afc763c-033e-501c-9c9c-453207d31e62"",""1fed9611-d0cc-51e5-86e7-4ba237c836a2"",""0e4d4039-5409-5be7-a300-ded85e9c22d7"",""1c4afc6f-6679-57b7-ab6b-cec3053e85a1"",""76216ff6-0dab-5f43-913f-741c2deb7596"",""fe7c5fea-171a-5d3e-b93c-b9d53dca7c67"",""784c942d-b222-5013-a2e4-de4aa477a143"",""2f2d84f4-6f41-5df7-a828-cc0a3d9cdddf"",""c68f6332-f200-5595-940d-e5bcad78f1fe"",""54c3aba8-cb42-5023-9591-5cdd68bdd7c5"",""b9ac296e-4c6c-5cdc-9e03-14868c124af2"",""022ddff9-4332-5ba5-b884-42537f220a0c"",""0d262496-18e1-5973-84a6-84fbda64d0ff"",""447860c8-1d56-518b-88ad-7e103990b756"",""616ecfda-7163-5a8d-ba60-01f623d8b124"",""656bacfc-b102-5379-8db2-2f9f127621e0"",""88f2e658-6155-5924-bc85-63fe2aabb08a"",""9f032fb3-90ca-5749-aff5-1065077ac10e"",""4d2e4005-a84b-525b-a492-d367c5e405d0"",""12b20e20-e117-5c00-83bc-e589b92b730e"",""e97a5398-37b9-5e89-91a9-9b3ae48d9534"",""7a8f92c5-5f85-593a-bf90-08e13c60a2e6"",""aa66f5e3-ac0e-57d6-9b69-aa54ea7c4fb9"",""d07b7490-853e-562b-b662-305e89e7718d"",""596c0800-372d-5056-8a35-9f8661656bf4"",""d08816e6-d4d6-5f35-9de3-d86528fa7a96"",""2e126757-f17e-5ee2-93db-94d31ed944b2"",""5e1af4e2-330f-563f-b639-2d3cd8d276c8"",""49cd1889-2a56-5913-8723-929335f68874"",""82b898ba-3b6d-567f-8996-4f259b74547e"",""d38eb7d2-e78b-5c2f-93e4-2e34846e80e6"",""33effc64-dcfe-5ced-badf-c4df49f68dc1"",""a3a03b99-34c0-504b-b529-32b798db318a"",""8b3ec7b0-123f-5597-95f7-1fafc5810d01"",""035c5442-19b8-5a84-8a59-b352a9660279"",""d6d45010-72fa-5741-b733-88958a8795d2"",""ab8215e5-b753-5a6a-a4e7-ad9caf42eeac"",""1b20061c-b208-551a-b06c-81ffeff623fc"",""9b6d0913-2ae6-5dab-ab36-d05e1c51b208"",""a27c1fb2-edc1-57e6-9d74-adb5a13fed3b"",""4696448b-8c21-591b-80cc-7344ea0b95ec"",""c1d75a33-928c-5636-b99c-def1fb29e0f5"",""61eebfb6-2555-5bce-ba71-7a750427392a"",""aba074a1-d451-595d-bc12-e257adbe7383"",""1ca34094-ee4d-5962-a78a-174d361a9cd3"",""7edb0577-da07-5c6f-8391-bb90e9822165"",""d7c5d484-54dc-5d1e-a3ac-65d60267a12c"",""f416cc8b-3bc2-5c4c-a91c-c56faf748684""]",,,"[""2c432a21-c16a-49dc-aa42-f1abf74a8d1c""]",66e45602-dd58-43c6-b43a-13d107dbb7a0,True,unknown_active,SQL,,,f8edaecf-8020-4564-bbf4-42b31ddc5d7a,d07b7490-853e-562b-b662-305e89e7718d,True,24,,B,Prozessgrenze ohne monotone Subtraktion,True,9f907633-e873-4994-a488-fbac89398069,1,1,,explicit per metric; exact fractions and decimal display,A
M7-analysis-v5,0c44d85c-d8d9-572f-b0cb-1e52983adc6c,3,2f39dc921e759f25a00ada18fb11a07038e6d909b1e250ac0cd5b547b90f39e0,C-BF-1,PIPE-TIME-20e996c7-b95c-4adc-92bb-65cf3f27bdd8,202e1e0a33d9d0d7b92585572740cd6b1ca70f7699cac883e8579e11bac45057,651e080b-10b7-40ff-9204-1dd148ce6638,,,,,K1,2026-10-07T14:22:25.860799Z,dbb63e68d4ed9e904fa985aa5b88d674205b6caab086a8d981ac8918a9c68fb5,empirical,"[""4afc763c-033e-501c-9c9c-453207d31e62"",""1fed9611-d0cc-51e5-86e7-4ba237c836a2"",""0e4d4039-5409-5be7-a300-ded85e9c22d7"",""1c4afc6f-6679-57b7-ab6b-cec3053e85a1"",""76216ff6-0dab-5f43-913f-741c2deb7596"",""fe7c5fea-171a-5d3e-b93c-b9d53dca7c67"",""784c942d-b222-5013-a2e4-de4aa477a143"",""2f2d84f4-6f41-5df7-a828-cc0a3d9cdddf"",""c68f6332-f200-5595-940d-e5bcad78f1fe"",""54c3aba8-cb42-5023-9591-5cdd68bdd7c5"",""b9ac296e-4c6c-5cdc-9e03-14868c124af2"",""022ddff9-4332-5ba5-b884-42537f220a0c"",""0d262496-18e1-5973-84a6-84fbda64d0ff"",""447860c8-1d56-518b-88ad-7e103990b756"",""616ecfda-7163-5a8d-ba60-01f623d8b124"",""656bacfc-b102-5379-8db2-2f9f127621e0"",""88f2e658-6155-5924-bc85-63fe2aabb08a"",""9f032fb3-90ca-5749-aff5-1065077ac10e"",""4d2e4005-a84b-525b-a492-d367c5e405d0"",""12b20e20-e117-5c00-83bc-e589b92b730e"",""e97a5398-37b9-5e89-91a9-9b3ae48d9534"",""7a8f92c5-5f85-593a-bf90-08e13c60a2e6"",""aa66f5e3-ac0e-57d6-9b69-aa54ea7c4fb9"",""d07b7490-853e-562b-b662-305e89e7718d"",""596c0800-372d-5056-8a35-9f8661656bf4"",""d08816e6-d4d6-5f35-9de3-d86528fa7a96"",""2e126757-f17e-5ee2-93db-94d31ed944b2"",""5e1af4e2-330f-563f-b639-2d3cd8d276c8"",""49cd1889-2a56-5913-8723-929335f68874"",""82b898ba-3b6d-567f-8996-4f259b74547e"",""d38eb7d2-e78b-5c2f-93e4-2e34846e80e6"",""33effc64-dcfe-5ced-badf-c4df49f68dc1"",""a3a03b99-34c0-504b-b529-32b798db318a"",""8b3ec7b0-123f-5597-95f7-1fafc5810d01"",""035c5442-19b8-5a84-8a59-b352a9660279"",""d6d45010-72fa-5741-b733-88958a8795d2"",""ab8215e5-b753-5a6a-a4e7-ad9caf42eeac"",""1b20061c-b208-551a-b06c-81ffeff623fc"",""9b6d0913-2ae6-5dab-ab36-d05e1c51b208"",""a27c1fb2-edc1-57e6-9d74-adb5a13fed3b"",""4696448b-8c21-591b-80cc-7344ea0b95ec"",""c1d75a33-928c-5636-b99c-def1fb29e0f5"",""61eebfb6-2555-5bce-ba71-7a750427392a"",""aba074a1-d451-595d-bc12-e257adbe7383"",""1ca34094-ee4d-5962-a78a-174d361a9cd3"",""7edb0577-da07-5c6f-8391-bb90e9822165"",""d7c5d484-54dc-5d1e-a3ac-65d60267a12c"",""f416cc8b-3bc2-5c4c-a91c-c56faf748684""]",b60b5144-3e79-4c65-9f77-d5a1144a2090,2026-10-07T14:22:25.855193Z,"[""ea195958-b2fe-414f-b3f0-657de221f4ff""]",4857bf75-6bb9-4962-8b9c-3947b94d88f0,True,active,BF,2090.954574659,1646.717469831,f8edaecf-8020-4564-bbf4-42b31ddc5d7a,596c0800-372d-5056-8a35-9f8661656bf4,True,25,b60b5144-3e79-4c65-9f77-d5a1144a2090,A,Gemessener Pipelineanteil; unbekannte Prozessgrenze separat,True,11197ac3-74e7-49be-b708-accc9dbbf5d0,1,1,2026-10-07T14:15:01.615965Z,explicit per metric; exact fractions and decimal display,A
M7-analysis-v5,0c44d85c-d8d9-572f-b0cb-1e52983adc6c,3,9c27f3d78fc59621cb82e18c166959e261aed1d7fbe46d64799a3887ce2865ff,E-P1R0,PIPE-TIME-5fd85ed8-802a-4bbb-9a41-e65e095f7f22,46fff238fb6d2caf7973ae538150ab3097c1fa1862c12a1b6c4ff163afb5f6c3,4eb1de1a-3682-4e43-9075-598dbaee7479,,,,,K1,2026-10-07T14:42:09.946746Z,dbb63e68d4ed9e904fa985aa5b88d674205b6caab086a8d981ac8918a9c68fb5,empirical,"[""4afc763c-033e-501c-9c9c-453207d31e62"",""1fed9611-d0cc-51e5-86e7-4ba237c836a2"",""0e4d4039-5409-5be7-a300-ded85e9c22d7"",""1c4afc6f-6679-57b7-ab6b-cec3053e85a1"",""76216ff6-0dab-5f43-913f-741c2deb7596"",""fe7c5fea-171a-5d3e-b93c-b9d53dca7c67"",""784c942d-b222-5013-a2e4-de4aa477a143"",""2f2d84f4-6f41-5df7-a828-cc0a3d9cdddf"",""c68f6332-f200-5595-940d-e5bcad78f1fe"",""54c3aba8-cb42-5023-9591-5cdd68bdd7c5"",""b9ac296e-4c6c-5cdc-9e03-14868c124af2"",""022ddff9-4332-5ba5-b884-42537f220a0c"",""0d262496-18e1-5973-84a6-84fbda64d0ff"",""447860c8-1d56-518b-88ad-7e103990b756"",""616ecfda-7163-5a8d-ba60-01f623d8b124"",""656bacfc-b102-5379-8db2-2f9f127621e0"",""88f2e658-6155-5924-bc85-63fe2aabb08a"",""9f032fb3-90ca-5749-aff5-1065077ac10e"",""4d2e4005-a84b-525b-a492-d367c5e405d0"",""12b20e20-e117-5c00-83bc-e589b92b730e"",""e97a5398-37b9-5e89-91a9-9b3ae48d9534"",""7a8f92c5-5f85-593a-bf90-08e13c60a2e6"",""aa66f5e3-ac0e-57d6-9b69-aa54ea7c4fb9"",""d07b7490-853e-562b-b662-305e89e7718d"",""596c0800-372d-5056-8a35-9f8661656bf4"",""d08816e6-d4d6-5f35-9de3-d86528fa7a96"",""2e126757-f17e-5ee2-93db-94d31ed944b2"",""5e1af4e2-330f-563f-b639-2d3cd8d276c8"",""49cd1889-2a56-5913-8723-929335f68874"",""82b898ba-3b6d-567f-8996-4f259b74547e"",""d38eb7d2-e78b-5c2f-93e4-2e34846e80e6"",""33effc64-dcfe-5ced-badf-c4df49f68dc1"",""a3a03b99-34c0-504b-b529-32b798db318a"",""8b3ec7b0-123f-5597-95f7-1fafc5810d01"",""035c5442-19b8-5a84-8a59-b352a9660279"",""d6d45010-72fa-5741-b733-88958a8795d2"",""ab8215e5-b753-5a6a-a4e7-ad9caf42eeac"",""1b20061c-b208-551a-b06c-81ffeff623fc"",""9b6d0913-2ae6-5dab-ab36-d05e1c51b208"",""a27c1fb2-edc1-57e6-9d74-adb5a13fed3b"",""4696448b-8c21-591b-80cc-7344ea0b95ec"",""c1d75a33-928c-5636-b99c-def1fb29e0f5"",""61eebfb6-2555-5bce-ba71-7a750427392a"",""aba074a1-d451-595d-bc12-e257adbe7383"",""1ca34094-ee4d-5962-a78a-174d361a9cd3"",""7edb0577-da07-5c6f-8391-bb90e9822165"",""d7c5d484-54dc-5d1e-a3ac-65d60267a12c"",""f416cc8b-3bc2-5c4c-a91c-c56faf748684""]",ae450234-0d7e-48ed-bf46-dae01b5030c8,2026-10-07T14:42:09.940162Z,"[""902ecb42-1834-423a-a72b-bcdd9d0121c2""]",0ac5e538-9bac-40d4-815b-30707681b3b4,True,active,SQL,3275.040434323,2889.134387813,f8edaecf-8020-4564-bbf4-42b31ddc5d7a,d08816e6-d4d6-5f35-9de3-d86528fa7a96,True,26,ae450234-0d7e-48ed-bf46-dae01b5030c8,A,Gemessener Pipelineanteil; unbekannte Prozessgrenze separat,False,351f4724-cd79-44e9-8ffd-b30433add7ec,1,1,2026-10-07T14:35:44.031972Z,explicit per metric; exact fractions and decimal display,A
M7-analysis-v5,0c44d85c-d8d9-572f-b0cb-1e52983adc6c,3,30ec3a4367a06009151d9059514c4757403bfd6edf6efc78c899b6a5e7e6e751,E-AB,PIPE-TIME-8d301f96-2f82-4453-ae38-ab458502a26a,e1ea2ccf80fbb81f94b29b70bdd06508e2b9419500b1ca0ecfd5317a4540e358,37d46947-813a-4296-a328-81c505b1dba7,,,,,K1,2026-10-07T15:04:05.682829Z,dbb63e68d4ed9e904fa985aa5b88d674205b6caab086a8d981ac8918a9c68fb5,empirical,"[""4afc763c-033e-501c-9c9c-453207d31e62"",""1fed9611-d0cc-51e5-86e7-4ba237c836a2"",""0e4d4039-5409-5be7-a300-ded85e9c22d7"",""1c4afc6f-6679-57b7-ab6b-cec3053e85a1"",""76216ff6-0dab-5f43-913f-741c2deb7596"",""fe7c5fea-171a-5d3e-b93c-b9d53dca7c67"",""784c942d-b222-5013-a2e4-de4aa477a143"",""2f2d84f4-6f41-5df7-a828-cc0a3d9cdddf"",""c68f6332-f200-5595-940d-e5bcad78f1fe"",""54c3aba8-cb42-5023-9591-5cdd68bdd7c5"",""b9ac296e-4c6c-5cdc-9e03-14868c124af2"",""022ddff9-4332-5ba5-b884-42537f220a0c"",""0d262496-18e1-5973-84a6-84fbda64d0ff"",""447860c8-1d56-518b-88ad-7e103990b756"",""616ecfda-7163-5a8d-ba60-01f623d8b124"",""656bacfc-b102-5379-8db2-2f9f127621e0"",""88f2e658-6155-5924-bc85-63fe2aabb08a"",""9f032fb3-90ca-5749-aff5-1065077ac10e"",""4d2e4005-a84b-525b-a492-d367c5e405d0"",""12b20e20-e117-5c00-83bc-e589b92b730e"",""e97a5398-37b9-5e89-91a9-9b3ae48d9534"",""7a8f92c5-5f85-593a-bf90-08e13c60a2e6"",""aa66f5e3-ac0e-57d6-9b69-aa54ea7c4fb9"",""d07b7490-853e-562b-b662-305e89e7718d"",""596c0800-372d-5056-8a35-9f8661656bf4"",""d08816e6-d4d6-5f35-9de3-d86528fa7a96"",""2e126757-f17e-5ee2-93db-94d31ed944b2"",""5e1af4e2-330f-563f-b639-2d3cd8d276c8"",""49cd1889-2a56-5913-8723-929335f68874"",""82b898ba-3b6d-567f-8996-4f259b74547e"",""d38eb7d2-e78b-5c2f-93e4-2e34846e80e6"",""33effc64-dcfe-5ced-badf-c4df49f68dc1"",""a3a03b99-34c0-504b-b529-32b798db318a"",""8b3ec7b0-123f-5597-95f7-1fafc5810d01"",""035c5442-19b8-5a84-8a59-b352a9660279"",""d6d45010-72fa-5741-b733-88958a8795d2"",""ab8215e5-b753-5a6a-a4e7-ad9caf42eeac"",""1b20061c-b208-551a-b06c-81ffeff623fc"",""9b6d0913-2ae6-5dab-ab36-d05e1c51b208"",""a27c1fb2-edc1-57e6-9d74-adb5a13fed3b"",""4696448b-8c21-591b-80cc-7344ea0b95ec"",""c1d75a33-928c-5636-b99c-def1fb29e0f5"",""61eebfb6-2555-5bce-ba71-7a750427392a"",""aba074a1-d451-595d-bc12-e257adbe7383"",""1ca34094-ee4d-5962-a78a-174d361a9cd3"",""7edb0577-da07-5c6f-8391-bb90e9822165"",""d7c5d484-54dc-5d1e-a3ac-65d60267a12c"",""f416cc8b-3bc2-5c4c-a91c-c56faf748684""]",aa97eb2f-6887-48de-8503-6faaab6d271c,2026-10-07T15:04:05.675976Z,"[""897c5f38-0fc5-40a9-858e-7e39643f7483""]",c2c78099-6d8a-45bb-857f-96c844e7a871,True,active,SQL,4590.77673042,3856.186578045,f8edaecf-8020-4564-bbf4-42b31ddc5d7a,2e126757-f17e-5ee2-93db-94d31ed944b2,True,27,aa97eb2f-6887-48de-8503-6faaab6d271c,A,Gemessener Pipelineanteil; unbekannte Prozessgrenze separat,True,0632a29b-5323-438e-b5d0-c2937d420d5d,1,1,2026-10-07T14:51:51.087851Z,explicit per metric; exact fractions and decimal display,B
M7-analysis-v5,0c44d85c-d8d9-572f-b0cb-1e52983adc6c,3,12be8f9c519e2ba6a01e3c8eeac872eaf9912c54286cc3624b027d50b2de078a,C-SQL-0,PIPE-TIME-92816987-2d39-4471-bd2b-390b73bbc77d,0294f6c032f413f4245e83b15db52ab8f50ccfa6163f315fda209ab5b27f96be,a132b12b-e7a2-4837-8603-2cfe9fd0228c,,,,,K0,2026-10-07T15:21:55.646084Z,dbb63e68d4ed9e904fa985aa5b88d674205b6caab086a8d981ac8918a9c68fb5,empirical,"[""4afc763c-033e-501c-9c9c-453207d31e62"",""1fed9611-d0cc-51e5-86e7-4ba237c836a2"",""0e4d4039-5409-5be7-a300-ded85e9c22d7"",""1c4afc6f-6679-57b7-ab6b-cec3053e85a1"",""76216ff6-0dab-5f43-913f-741c2deb7596"",""fe7c5fea-171a-5d3e-b93c-b9d53dca7c67"",""784c942d-b222-5013-a2e4-de4aa477a143"",""2f2d84f4-6f41-5df7-a828-cc0a3d9cdddf"",""c68f6332-f200-5595-940d-e5bcad78f1fe"",""54c3aba8-cb42-5023-9591-5cdd68bdd7c5"",""b9ac296e-4c6c-5cdc-9e03-14868c124af2"",""022ddff9-4332-5ba5-b884-42537f220a0c"",""0d262496-18e1-5973-84a6-84fbda64d0ff"",""447860c8-1d56-518b-88ad-7e103990b756"",""616ecfda-7163-5a8d-ba60-01f623d8b124"",""656bacfc-b102-5379-8db2-2f9f127621e0"",""88f2e658-6155-5924-bc85-63fe2aabb08a"",""9f032fb3-90ca-5749-aff5-1065077ac10e"",""4d2e4005-a84b-525b-a492-d367c5e405d0"",""12b20e20-e117-5c00-83bc-e589b92b730e"",""e97a5398-37b9-5e89-91a9-9b3ae48d9534"",""7a8f92c5-5f85-593a-bf90-08e13c60a2e6"",""aa66f5e3-ac0e-57d6-9b69-aa54ea7c4fb9"",""d07b7490-853e-562b-b662-305e89e7718d"",""596c0800-372d-5056-8a35-9f8661656bf4"",""d08816e6-d4d6-5f35-9de3-d86528fa7a96"",""2e126757-f17e-5ee2-93db-94d31ed944b2"",""5e1af4e2-330f-563f-b639-2d3cd8d276c8"",""49cd1889-2a56-5913-8723-929335f68874"",""82b898ba-3b6d-567f-8996-4f259b74547e"",""d38eb7d2-e78b-5c2f-93e4-2e34846e80e6"",""33effc64-dcfe-5ced-badf-c4df49f68dc1"",""a3a03b99-34c0-504b-b529-32b798db318a"",""8b3ec7b0-123f-5597-95f7-1fafc5810d01"",""035c5442-19b8-5a84-8a59-b352a9660279"",""d6d45010-72fa-5741-b733-88958a8795d2"",""ab8215e5-b753-5a6a-a4e7-ad9caf42eeac"",""1b20061c-b208-551a-b06c-81ffeff623fc"",""9b6d0913-2ae6-5dab-ab36-d05e1c51b208"",""a27c1fb2-edc1-57e6-9d74-adb5a13fed3b"",""4696448b-8c21-591b-80cc-7344ea0b95ec"",""c1d75a33-928c-5636-b99c-def1fb29e0f5"",""61eebfb6-2555-5bce-ba71-7a750427392a"",""aba074a1-d451-595d-bc12-e257adbe7383"",""1ca34094-ee4d-5962-a78a-174d361a9cd3"",""7edb0577-da07-5c6f-8391-bb90e9822165"",""d7c5d484-54dc-5d1e-a3ac-65d60267a12c"",""f416cc8b-3bc2-5c4c-a91c-c56faf748684""]",2468b7c4-d8bd-4e67-bb3d-e9cdabc248d0,2026-10-07T15:21:55.640815Z,"[""5c25392a-8de9-4cb6-8f56-ccb89a483c20""]",ef1b43fc-5106-4471-9e00-d9f7ae5a3bec,True,active,SQL,5660.739283114,5217.44946958,f8edaecf-8020-4564-bbf4-42b31ddc5d7a,5e1af4e2-330f-563f-b639-2d3cd8d276c8,True,28,2468b7c4-d8bd-4e67-bb3d-e9cdabc248d0,A,Gemessener Pipelineanteil; unbekannte Prozessgrenze separat,True,83921993-d57b-4192-9eac-70f2b859971e,1,1,2026-10-07T15:14:32.349866Z,explicit per metric; exact fractions and decimal display,A
M7-analysis-v5,0c44d85c-d8d9-572f-b0cb-1e52983adc6c,3,316abc7801e345a7bed7064176878bd4a1961ca560b3a2cd3b43313c78f9bd45,E-P0R0,PIPE-TIME-247c4f79-5579-45f6-93f0-1284693f654c,9992b253f08c976bf150bcd89ccfc9db54f8a1fda58ea3f4fad386b27c7c4138,c06be457-9745-422d-9d69-c0fa9cd7e0d5,,,,,K1,2026-10-07T15:38:05.099503Z,dbb63e68d4ed9e904fa985aa5b88d674205b6caab086a8d981ac8918a9c68fb5,empirical,"[""4afc763c-033e-501c-9c9c-453207d31e62"",""1fed9611-d0cc-51e5-86e7-4ba237c836a2"",""0e4d4039-5409-5be7-a300-ded85e9c22d7"",""1c4afc6f-6679-57b7-ab6b-cec3053e85a1"",""76216ff6-0dab-5f43-913f-741c2deb7596"",""fe7c5fea-171a-5d3e-b93c-b9d53dca7c67"",""784c942d-b222-5013-a2e4-de4aa477a143"",""2f2d84f4-6f41-5df7-a828-cc0a3d9cdddf"",""c68f6332-f200-5595-940d-e5bcad78f1fe"",""54c3aba8-cb42-5023-9591-5cdd68bdd7c5"",""b9ac296e-4c6c-5cdc-9e03-14868c124af2"",""022ddff9-4332-5ba5-b884-42537f220a0c"",""0d262496-18e1-5973-84a6-84fbda64d0ff"",""447860c8-1d56-518b-88ad-7e103990b756"",""616ecfda-7163-5a8d-ba60-01f623d8b124"",""656bacfc-b102-5379-8db2-2f9f127621e0"",""88f2e658-6155-5924-bc85-63fe2aabb08a"",""9f032fb3-90ca-5749-aff5-1065077ac10e"",""4d2e4005-a84b-525b-a492-d367c5e405d0"",""12b20e20-e117-5c00-83bc-e589b92b730e"",""e97a5398-37b9-5e89-91a9-9b3ae48d9534"",""7a8f92c5-5f85-593a-bf90-08e13c60a2e6"",""aa66f5e3-ac0e-57d6-9b69-aa54ea7c4fb9"",""d07b7490-853e-562b-b662-305e89e7718d"",""596c0800-372d-5056-8a35-9f8661656bf4"",""d08816e6-d4d6-5f35-9de3-d86528fa7a96"",""2e126757-f17e-5ee2-93db-94d31ed944b2"",""5e1af4e2-330f-563f-b639-2d3cd8d276c8"",""49cd1889-2a56-5913-8723-929335f68874"",""82b898ba-3b6d-567f-8996-4f259b74547e"",""d38eb7d2-e78b-5c2f-93e4-2e34846e80e6"",""33effc64-dcfe-5ced-badf-c4df49f68dc1"",""a3a03b99-34c0-504b-b529-32b798db318a"",""8b3ec7b0-123f-5597-95f7-1fafc5810d01"",""035c5442-19b8-5a84-8a59-b352a9660279"",""d6d45010-72fa-5741-b733-88958a8795d2"",""ab8215e5-b753-5a6a-a4e7-ad9caf42eeac"",""1b20061c-b208-551a-b06c-81ffeff623fc"",""9b6d0913-2ae6-5dab-ab36-d05e1c51b208"",""a27c1fb2-edc1-57e6-9d74-adb5a13fed3b"",""4696448b-8c21-591b-80cc-7344ea0b95ec"",""c1d75a33-928c-5636-b99c-def1fb29e0f5"",""61eebfb6-2555-5bce-ba71-7a750427392a"",""aba074a1-d451-595d-bc12-e257adbe7383"",""1ca34094-ee4d-5962-a78a-174d361a9cd3"",""7edb0577-da07-5c6f-8391-bb90e9822165"",""d7c5d484-54dc-5d1e-a3ac-65d60267a12c"",""f416cc8b-3bc2-5c4c-a91c-c56faf748684""]",d1d1e68d-b895-4301-9295-7c85f498790d,2026-10-07T15:38:05.092915Z,"[""26a1c7b0-2c10-4f3f-983d-346c5ac9e979""]",82a69edd-d22e-4ef5-bcde-975e35f17e6a,True,active,SQL,6630.188605848,6238.168108586,f8edaecf-8020-4564-bbf4-42b31ddc5d7a,49cd1889-2a56-5913-8723-929335f68874,False,29,d1d1e68d-b895-4301-9295-7c85f498790d,A,Gemessener Pipelineanteil; unbekannte Prozessgrenze separat,False,a3c586a7-dba2-4647-8473-c9ec4cdaf1e5,1,1,2026-10-07T15:31:33.071672Z,explicit per metric; exact fractions and decimal display,A
M7-analysis-v5,0c44d85c-d8d9-572f-b0cb-1e52983adc6c,3,aafe24517e0c42aa10d7d213c640f9c2eafe82ec719a9d17b9b7df300a79e751,C-UP-1,PIPE-TIME-67c7a789-1e23-463f-bc97-c03ff063de72,697a8773c39d3aeb811def2802fdfd50db20dd75d55c50f4e8cf44982a79f651,8e15ece0-8ea4-4d53-b1a9-80d5a0796af7,,,,,K1,2026-10-07T15:56:21.615215Z,dbb63e68d4ed9e904fa985aa5b88d674205b6caab086a8d981ac8918a9c68fb5,empirical,"[""4afc763c-033e-501c-9c9c-453207d31e62"",""1fed9611-d0cc-51e5-86e7-4ba237c836a2"",""0e4d4039-5409-5be7-a300-ded85e9c22d7"",""1c4afc6f-6679-57b7-ab6b-cec3053e85a1"",""76216ff6-0dab-5f43-913f-741c2deb7596"",""fe7c5fea-171a-5d3e-b93c-b9d53dca7c67"",""784c942d-b222-5013-a2e4-de4aa477a143"",""2f2d84f4-6f41-5df7-a828-cc0a3d9cdddf"",""c68f6332-f200-5595-940d-e5bcad78f1fe"",""54c3aba8-cb42-5023-9591-5cdd68bdd7c5"",""b9ac296e-4c6c-5cdc-9e03-14868c124af2"",""022ddff9-4332-5ba5-b884-42537f220a0c"",""0d262496-18e1-5973-84a6-84fbda64d0ff"",""447860c8-1d56-518b-88ad-7e103990b756"",""616ecfda-7163-5a8d-ba60-01f623d8b124"",""656bacfc-b102-5379-8db2-2f9f127621e0"",""88f2e658-6155-5924-bc85-63fe2aabb08a"",""9f032fb3-90ca-5749-aff5-1065077ac10e"",""4d2e4005-a84b-525b-a492-d367c5e405d0"",""12b20e20-e117-5c00-83bc-e589b92b730e"",""e97a5398-37b9-5e89-91a9-9b3ae48d9534"",""7a8f92c5-5f85-593a-bf90-08e13c60a2e6"",""aa66f5e3-ac0e-57d6-9b69-aa54ea7c4fb9"",""d07b7490-853e-562b-b662-305e89e7718d"",""596c0800-372d-5056-8a35-9f8661656bf4"",""d08816e6-d4d6-5f35-9de3-d86528fa7a96"",""2e126757-f17e-5ee2-93db-94d31ed944b2"",""5e1af4e2-330f-563f-b639-2d3cd8d276c8"",""49cd1889-2a56-5913-8723-929335f68874"",""82b898ba-3b6d-567f-8996-4f259b74547e"",""d38eb7d2-e78b-5c2f-93e4-2e34846e80e6"",""33effc64-dcfe-5ced-badf-c4df49f68dc1"",""a3a03b99-34c0-504b-b529-32b798db318a"",""8b3ec7b0-123f-5597-95f7-1fafc5810d01"",""035c5442-19b8-5a84-8a59-b352a9660279"",""d6d45010-72fa-5741-b733-88958a8795d2"",""ab8215e5-b753-5a6a-a4e7-ad9caf42eeac"",""1b20061c-b208-551a-b06c-81ffeff623fc"",""9b6d0913-2ae6-5dab-ab36-d05e1c51b208"",""a27c1fb2-edc1-57e6-9d74-adb5a13fed3b"",""4696448b-8c21-591b-80cc-7344ea0b95ec"",""c1d75a33-928c-5636-b99c-def1fb29e0f5"",""61eebfb6-2555-5bce-ba71-7a750427392a"",""aba074a1-d451-595d-bc12-e257adbe7383"",""1ca34094-ee4d-5962-a78a-174d361a9cd3"",""7edb0577-da07-5c6f-8391-bb90e9822165"",""d7c5d484-54dc-5d1e-a3ac-65d60267a12c"",""f416cc8b-3bc2-5c4c-a91c-c56faf748684""]",6799d44e-c2b9-4a8e-986f-4bfd65c3a541,2026-10-07T15:56:21.609858Z,"[""9839f3c3-e10f-46a5-b587-d3ad561feca6""]",a5a9c12a-25e2-4716-9ee3-21b9aaace38e,True,active,UP,7726.701469598,7244.405550503,f8edaecf-8020-4564-bbf4-42b31ddc5d7a,82b898ba-3b6d-567f-8996-4f259b74547e,True,30,6799d44e-c2b9-4a8e-986f-4bfd65c3a541,A,Gemessener Pipelineanteil; unbekannte Prozessgrenze separat,True,c0d5b7eb-7f69-4787-8e55-d41af4ffdcab,1,1,2026-10-07T15:48:19.311085Z,explicit per metric; exact fractions and decimal display,A
M7-analysis-v5,0c44d85c-d8d9-572f-b0cb-1e52983adc6c,3,16df8fd5c75e6555e176c2af2952b61e14007c9e5197ba7a07bde1664a3af864,E-P0R1,PIPE-TIME-5809ddfe-9caf-4134-ad00-ce69a464dc9a,672365878648f984edbe331765fbaca28450124b7e3695518e4c97c917409fb1,42edf356-9e72-44ce-9889-267b2eb71de0,,,,,K1,2026-10-07T16:13:51.480296Z,dbb63e68d4ed9e904fa985aa5b88d674205b6caab086a8d981ac8918a9c68fb5,empirical,"[""4afc763c-033e-501c-9c9c-453207d31e62"",""1fed9611-d0cc-51e5-86e7-4ba237c836a2"",""0e4d4039-5409-5be7-a300-ded85e9c22d7"",""1c4afc6f-6679-57b7-ab6b-cec3053e85a1"",""76216ff6-0dab-5f43-913f-741c2deb7596"",""fe7c5fea-171a-5d3e-b93c-b9d53dca7c67"",""784c942d-b222-5013-a2e4-de4aa477a143"",""2f2d84f4-6f41-5df7-a828-cc0a3d9cdddf"",""c68f6332-f200-5595-940d-e5bcad78f1fe"",""54c3aba8-cb42-5023-9591-5cdd68bdd7c5"",""b9ac296e-4c6c-5cdc-9e03-14868c124af2"",""022ddff9-4332-5ba5-b884-42537f220a0c"",""0d262496-18e1-5973-84a6-84fbda64d0ff"",""447860c8-1d56-518b-88ad-7e103990b756"",""616ecfda-7163-5a8d-ba60-01f623d8b124"",""656bacfc-b102-5379-8db2-2f9f127621e0"",""88f2e658-6155-5924-bc85-63fe2aabb08a"",""9f032fb3-90ca-5749-aff5-1065077ac10e"",""4d2e4005-a84b-525b-a492-d367c5e405d0"",""12b20e20-e117-5c00-83bc-e589b92b730e"",""e97a5398-37b9-5e89-91a9-9b3ae48d9534"",""7a8f92c5-5f85-593a-bf90-08e13c60a2e6"",""aa66f5e3-ac0e-57d6-9b69-aa54ea7c4fb9"",""d07b7490-853e-562b-b662-305e89e7718d"",""596c0800-372d-5056-8a35-9f8661656bf4"",""d08816e6-d4d6-5f35-9de3-d86528fa7a96"",""2e126757-f17e-5ee2-93db-94d31ed944b2"",""5e1af4e2-330f-563f-b639-2d3cd8d276c8"",""49cd1889-2a56-5913-8723-929335f68874"",""82b898ba-3b6d-567f-8996-4f259b74547e"",""d38eb7d2-e78b-5c2f-93e4-2e34846e80e6"",""33effc64-dcfe-5ced-badf-c4df49f68dc1"",""a3a03b99-34c0-504b-b529-32b798db318a"",""8b3ec7b0-123f-5597-95f7-1fafc5810d01"",""035c5442-19b8-5a84-8a59-b352a9660279"",""d6d45010-72fa-5741-b733-88958a8795d2"",""ab8215e5-b753-5a6a-a4e7-ad9caf42eeac"",""1b20061c-b208-551a-b06c-81ffeff623fc"",""9b6d0913-2ae6-5dab-ab36-d05e1c51b208"",""a27c1fb2-edc1-57e6-9d74-adb5a13fed3b"",""4696448b-8c21-591b-80cc-7344ea0b95ec"",""c1d75a33-928c-5636-b99c-def1fb29e0f5"",""61eebfb6-2555-5bce-ba71-7a750427392a"",""aba074a1-d451-595d-bc12-e257adbe7383"",""1ca34094-ee4d-5962-a78a-174d361a9cd3"",""7edb0577-da07-5c6f-8391-bb90e9822165"",""d7c5d484-54dc-5d1e-a3ac-65d60267a12c"",""f416cc8b-3bc2-5c4c-a91c-c56faf748684""]",58b91080-c7cd-46fb-9725-c5607f2dd3ee,2026-10-07T16:13:51.473386Z,"[""44468a62-d2c4-4d68-9386-22d471cc4b0c""]",97a9a6a9-af9b-41c5-8c3e-1d3b31182432,True,active,SQL,8776.561390576,8366.740331597,f8edaecf-8020-4564-bbf4-42b31ddc5d7a,d38eb7d2-e78b-5c2f-93e4-2e34846e80e6,False,31,58b91080-c7cd-46fb-9725-c5607f2dd3ee,A,Gemessener Pipelineanteil; unbekannte Prozessgrenze separat,True,a7c714ed-7f98-4b74-b481-8fc9add30268,1,1,2026-10-07T16:07:01.649741Z,explicit per metric; exact fractions and decimal display,A
M7-analysis-v5,0c44d85c-d8d9-572f-b0cb-1e52983adc6c,3,3364aaff15489d73e0f438972fb88f9fcc3ecc893f96ede62a2565a1fe2e5f5d,C-UP-0,PIPE-TIME-1209a689-de68-4b27-b82e-340713f3c32e,c9b1cb0ac1f796fd7d6ed58a0ff22c16832977bd6a97c5a7afbce6e1adc06824,bc62af86-8509-48fe-a3bb-42e1d77fa60f,,,,,K0,2026-10-07T16:36:17.306360Z,dbb63e68d4ed9e904fa985aa5b88d674205b6caab086a8d981ac8918a9c68fb5,empirical,"[""4afc763c-033e-501c-9c9c-453207d31e62"",""1fed9611-d0cc-51e5-86e7-4ba237c836a2"",""0e4d4039-5409-5be7-a300-ded85e9c22d7"",""1c4afc6f-6679-57b7-ab6b-cec3053e85a1"",""76216ff6-0dab-5f43-913f-741c2deb7596"",""fe7c5fea-171a-5d3e-b93c-b9d53dca7c67"",""784c942d-b222-5013-a2e4-de4aa477a143"",""2f2d84f4-6f41-5df7-a828-cc0a3d9cdddf"",""c68f6332-f200-5595-940d-e5bcad78f1fe"",""54c3aba8-cb42-5023-9591-5cdd68bdd7c5"",""b9ac296e-4c6c-5cdc-9e03-14868c124af2"",""022ddff9-4332-5ba5-b884-42537f220a0c"",""0d262496-18e1-5973-84a6-84fbda64d0ff"",""447860c8-1d56-518b-88ad-7e103990b756"",""616ecfda-7163-5a8d-ba60-01f623d8b124"",""656bacfc-b102-5379-8db2-2f9f127621e0"",""88f2e658-6155-5924-bc85-63fe2aabb08a"",""9f032fb3-90ca-5749-aff5-1065077ac10e"",""4d2e4005-a84b-525b-a492-d367c5e405d0"",""12b20e20-e117-5c00-83bc-e589b92b730e"",""e97a5398-37b9-5e89-91a9-9b3ae48d9534"",""7a8f92c5-5f85-593a-bf90-08e13c60a2e6"",""aa66f5e3-ac0e-57d6-9b69-aa54ea7c4fb9"",""d07b7490-853e-562b-b662-305e89e7718d"",""596c0800-372d-5056-8a35-9f8661656bf4"",""d08816e6-d4d6-5f35-9de3-d86528fa7a96"",""2e126757-f17e-5ee2-93db-94d31ed944b2"",""5e1af4e2-330f-563f-b639-2d3cd8d276c8"",""49cd1889-2a56-5913-8723-929335f68874"",""82b898ba-3b6d-567f-8996-4f259b74547e"",""d38eb7d2-e78b-5c2f-93e4-2e34846e80e6"",""33effc64-dcfe-5ced-badf-c4df49f68dc1"",""a3a03b99-34c0-504b-b529-32b798db318a"",""8b3ec7b0-123f-5597-95f7-1fafc5810d01"",""035c5442-19b8-5a84-8a59-b352a9660279"",""d6d45010-72fa-5741-b733-88958a8795d2"",""ab8215e5-b753-5a6a-a4e7-ad9caf42eeac"",""1b20061c-b208-551a-b06c-81ffeff623fc"",""9b6d0913-2ae6-5dab-ab36-d05e1c51b208"",""a27c1fb2-edc1-57e6-9d74-adb5a13fed3b"",""4696448b-8c21-591b-80cc-7344ea0b95ec"",""c1d75a33-928c-5636-b99c-def1fb29e0f5"",""61eebfb6-2555-5bce-ba71-7a750427392a"",""aba074a1-d451-595d-bc12-e257adbe7383"",""1ca34094-ee4d-5962-a78a-174d361a9cd3"",""7edb0577-da07-5c6f-8391-bb90e9822165"",""d7c5d484-54dc-5d1e-a3ac-65d60267a12c"",""f416cc8b-3bc2-5c4c-a91c-c56faf748684""]",0f86a5cd-9978-444a-b598-62cc5b7c5e4b,2026-10-07T16:36:17.294414Z,"[""e39a8c1e-4ef8-4357-a37b-ef2ba87df6dd""]",fb012ef2-30d5-4d24-a633-a5c81937ab4c,True,active,UP,10122.378719775,9470.09087031,f8edaecf-8020-4564-bbf4-42b31ddc5d7a,33effc64-dcfe-5ced-badf-c4df49f68dc1,True,32,0f86a5cd-9978-444a-b598-62cc5b7c5e4b,A,Gemessener Pipelineanteil; unbekannte Prozessgrenze separat,True,746f1cf0-3302-4166-8bee-925cadccb62c,1,1,2026-10-07T16:25:25.003573Z,explicit per metric; exact fractions and decimal display,A
M7-analysis-v5,0c44d85c-d8d9-572f-b0cb-1e52983adc6c,3,5f187b71962c8fc43f0c431196239ba2c422245270ebb8b46072e8c1312dd8ca,E-BA,PIPE-TIME-c068a193-7a48-4af5-9d30-743b54ec692f,c95570638786f34bdf300259908c703357f319349529bd0f72711c0b41f6d98a,bcba9767-41cd-49d9-aa5e-687d9d4d0032,,,,,K1,2026-10-07T17:01:32.920079Z,dbb63e68d4ed9e904fa985aa5b88d674205b6caab086a8d981ac8918a9c68fb5,empirical,"[""4afc763c-033e-501c-9c9c-453207d31e62"",""1fed9611-d0cc-51e5-86e7-4ba237c836a2"",""0e4d4039-5409-5be7-a300-ded85e9c22d7"",""1c4afc6f-6679-57b7-ab6b-cec3053e85a1"",""76216ff6-0dab-5f43-913f-741c2deb7596"",""fe7c5fea-171a-5d3e-b93c-b9d53dca7c67"",""784c942d-b222-5013-a2e4-de4aa477a143"",""2f2d84f4-6f41-5df7-a828-cc0a3d9cdddf"",""c68f6332-f200-5595-940d-e5bcad78f1fe"",""54c3aba8-cb42-5023-9591-5cdd68bdd7c5"",""b9ac296e-4c6c-5cdc-9e03-14868c124af2"",""022ddff9-4332-5ba5-b884-42537f220a0c"",""0d262496-18e1-5973-84a6-84fbda64d0ff"",""447860c8-1d56-518b-88ad-7e103990b756"",""616ecfda-7163-5a8d-ba60-01f623d8b124"",""656bacfc-b102-5379-8db2-2f9f127621e0"",""88f2e658-6155-5924-bc85-63fe2aabb08a"",""9f032fb3-90ca-5749-aff5-1065077ac10e"",""4d2e4005-a84b-525b-a492-d367c5e405d0"",""12b20e20-e117-5c00-83bc-e589b92b730e"",""e97a5398-37b9-5e89-91a9-9b3ae48d9534"",""7a8f92c5-5f85-593a-bf90-08e13c60a2e6"",""aa66f5e3-ac0e-57d6-9b69-aa54ea7c4fb9"",""d07b7490-853e-562b-b662-305e89e7718d"",""596c0800-372d-5056-8a35-9f8661656bf4"",""d08816e6-d4d6-5f35-9de3-d86528fa7a96"",""2e126757-f17e-5ee2-93db-94d31ed944b2"",""5e1af4e2-330f-563f-b639-2d3cd8d276c8"",""49cd1889-2a56-5913-8723-929335f68874"",""82b898ba-3b6d-567f-8996-4f259b74547e"",""d38eb7d2-e78b-5c2f-93e4-2e34846e80e6"",""33effc64-dcfe-5ced-badf-c4df49f68dc1"",""a3a03b99-34c0-504b-b529-32b798db318a"",""8b3ec7b0-123f-5597-95f7-1fafc5810d01"",""035c5442-19b8-5a84-8a59-b352a9660279"",""d6d45010-72fa-5741-b733-88958a8795d2"",""ab8215e5-b753-5a6a-a4e7-ad9caf42eeac"",""1b20061c-b208-551a-b06c-81ffeff623fc"",""9b6d0913-2ae6-5dab-ab36-d05e1c51b208"",""a27c1fb2-edc1-57e6-9d74-adb5a13fed3b"",""4696448b-8c21-591b-80cc-7344ea0b95ec"",""c1d75a33-928c-5636-b99c-def1fb29e0f5"",""61eebfb6-2555-5bce-ba71-7a750427392a"",""aba074a1-d451-595d-bc12-e257adbe7383"",""1ca34094-ee4d-5962-a78a-174d361a9cd3"",""7edb0577-da07-5c6f-8391-bb90e9822165"",""d7c5d484-54dc-5d1e-a3ac-65d60267a12c"",""f416cc8b-3bc2-5c4c-a91c-c56faf748684""]",defda01c-3486-4de4-af4a-3efbb4598141,2026-10-07T17:01:32.913392Z,"[""3ce5f739-9ec7-4f3f-9c35-11fa56dddf24""]",d025fe48-7228-45e3-9fc9-409d7871de65,True,active,SQL,11637.993229966,10802.367695751,f8edaecf-8020-4564-bbf4-42b31ddc5d7a,a3a03b99-34c0-504b-b529-32b798db318a,True,33,defda01c-3486-4de4-af4a-3efbb4598141,B,Gemessener Pipelineanteil; unbekannte Prozessgrenze separat,True,edc938ec-9bf1-48cf-8cef-6f6a5b20ad29,1,1,2026-10-07T16:47:37.285204Z,explicit per metric; exact fractions and decimal display,A
M7-analysis-v5,0c44d85c-d8d9-572f-b0cb-1e52983adc6c,3,5b543ea7abc08ec54717d24b23b424f4c9147a8e7c70489cdbcf04fdfbfdd696,C-SQL-1,PIPE-TIME-fb442f15-69ed-4283-88f6-d35ccab8e506,27b8151da86242809dca0369f6ae8205b3d9e19866f42442c95f91863350f15a,6f7f3a3c-8647-488b-b587-d1d430125ce9,,,,,K1,2026-10-07T17:22:57.431692Z,dbb63e68d4ed9e904fa985aa5b88d674205b6caab086a8d981ac8918a9c68fb5,empirical,"[""4afc763c-033e-501c-9c9c-453207d31e62"",""1fed9611-d0cc-51e5-86e7-4ba237c836a2"",""0e4d4039-5409-5be7-a300-ded85e9c22d7"",""1c4afc6f-6679-57b7-ab6b-cec3053e85a1"",""76216ff6-0dab-5f43-913f-741c2deb7596"",""fe7c5fea-171a-5d3e-b93c-b9d53dca7c67"",""784c942d-b222-5013-a2e4-de4aa477a143"",""2f2d84f4-6f41-5df7-a828-cc0a3d9cdddf"",""c68f6332-f200-5595-940d-e5bcad78f1fe"",""54c3aba8-cb42-5023-9591-5cdd68bdd7c5"",""b9ac296e-4c6c-5cdc-9e03-14868c124af2"",""022ddff9-4332-5ba5-b884-42537f220a0c"",""0d262496-18e1-5973-84a6-84fbda64d0ff"",""447860c8-1d56-518b-88ad-7e103990b756"",""616ecfda-7163-5a8d-ba60-01f623d8b124"",""656bacfc-b102-5379-8db2-2f9f127621e0"",""88f2e658-6155-5924-bc85-63fe2aabb08a"",""9f032fb3-90ca-5749-aff5-1065077ac10e"",""4d2e4005-a84b-525b-a492-d367c5e405d0"",""12b20e20-e117-5c00-83bc-e589b92b730e"",""e97a5398-37b9-5e89-91a9-9b3ae48d9534"",""7a8f92c5-5f85-593a-bf90-08e13c60a2e6"",""aa66f5e3-ac0e-57d6-9b69-aa54ea7c4fb9"",""d07b7490-853e-562b-b662-305e89e7718d"",""596c0800-372d-5056-8a35-9f8661656bf4"",""d08816e6-d4d6-5f35-9de3-d86528fa7a96"",""2e126757-f17e-5ee2-93db-94d31ed944b2"",""5e1af4e2-330f-563f-b639-2d3cd8d276c8"",""49cd1889-2a56-5913-8723-929335f68874"",""82b898ba-3b6d-567f-8996-4f259b74547e"",""d38eb7d2-e78b-5c2f-93e4-2e34846e80e6"",""33effc64-dcfe-5ced-badf-c4df49f68dc1"",""a3a03b99-34c0-504b-b529-32b798db318a"",""8b3ec7b0-123f-5597-95f7-1fafc5810d01"",""035c5442-19b8-5a84-8a59-b352a9660279"",""d6d45010-72fa-5741-b733-88958a8795d2"",""ab8215e5-b753-5a6a-a4e7-ad9caf42eeac"",""1b20061c-b208-551a-b06c-81ffeff623fc"",""9b6d0913-2ae6-5dab-ab36-d05e1c51b208"",""a27c1fb2-edc1-57e6-9d74-adb5a13fed3b"",""4696448b-8c21-591b-80cc-7344ea0b95ec"",""c1d75a33-928c-5636-b99c-def1fb29e0f5"",""61eebfb6-2555-5bce-ba71-7a750427392a"",""aba074a1-d451-595d-bc12-e257adbe7383"",""1ca34094-ee4d-5962-a78a-174d361a9cd3"",""7edb0577-da07-5c6f-8391-bb90e9822165"",""d7c5d484-54dc-5d1e-a3ac-65d60267a12c"",""f416cc8b-3bc2-5c4c-a91c-c56faf748684""]",ad7f0fc3-6fb5-4aa2-9567-1da584b36dbd,2026-10-07T17:22:57.426139Z,"[""48ac7c24-f0f7-4236-8549-6b82e63898b1""]",099fb2aa-65e0-441a-8238-82fca02eb283,True,active,SQL,12922.502836304,12488.06552023,f8edaecf-8020-4564-bbf4-42b31ddc5d7a,8b3ec7b0-123f-5597-95f7-1fafc5810d01,True,34,ad7f0fc3-6fb5-4aa2-9567-1da584b36dbd,A,Gemessener Pipelineanteil; unbekannte Prozessgrenze separat,True,0cc540ca-a9db-4a2a-982e-99e203d674e1,1,1,2026-10-07T17:15:42.987531Z,explicit per metric; exact fractions and decimal display,A
M7-analysis-v5,0c44d85c-d8d9-572f-b0cb-1e52983adc6c,3,6911cdc858aa79c2c07111aa648bb7962d234961be7ce229045171034d4c13b9,E-BB,PIPE-TIME-870c2615-f6c0-46df-8337-94451e967c99,b26081b6041d83b27d357511d1cbaa4be007a74fd351a784a31834412284db93,26c9e1ce-c552-46f9-9d50-4cc6179591a3,,,,,K1,2026-10-07T18:24:24.247796Z,dbb63e68d4ed9e904fa985aa5b88d674205b6caab086a8d981ac8918a9c68fb5,empirical,"[""4afc763c-033e-501c-9c9c-453207d31e62"",""1fed9611-d0cc-51e5-86e7-4ba237c836a2"",""0e4d4039-5409-5be7-a300-ded85e9c22d7"",""1c4afc6f-6679-57b7-ab6b-cec3053e85a1"",""76216ff6-0dab-5f43-913f-741c2deb7596"",""fe7c5fea-171a-5d3e-b93c-b9d53dca7c67"",""784c942d-b222-5013-a2e4-de4aa477a143"",""2f2d84f4-6f41-5df7-a828-cc0a3d9cdddf"",""c68f6332-f200-5595-940d-e5bcad78f1fe"",""54c3aba8-cb42-5023-9591-5cdd68bdd7c5"",""b9ac296e-4c6c-5cdc-9e03-14868c124af2"",""022ddff9-4332-5ba5-b884-42537f220a0c"",""0d262496-18e1-5973-84a6-84fbda64d0ff"",""447860c8-1d56-518b-88ad-7e103990b756"",""616ecfda-7163-5a8d-ba60-01f623d8b124"",""656bacfc-b102-5379-8db2-2f9f127621e0"",""88f2e658-6155-5924-bc85-63fe2aabb08a"",""9f032fb3-90ca-5749-aff5-1065077ac10e"",""4d2e4005-a84b-525b-a492-d367c5e405d0"",""12b20e20-e117-5c00-83bc-e589b92b730e"",""e97a5398-37b9-5e89-91a9-9b3ae48d9534"",""7a8f92c5-5f85-593a-bf90-08e13c60a2e6"",""aa66f5e3-ac0e-57d6-9b69-aa54ea7c4fb9"",""d07b7490-853e-562b-b662-305e89e7718d"",""596c0800-372d-5056-8a35-9f8661656bf4"",""d08816e6-d4d6-5f35-9de3-d86528fa7a96"",""2e126757-f17e-5ee2-93db-94d31ed944b2"",""5e1af4e2-330f-563f-b639-2d3cd8d276c8"",""49cd1889-2a56-5913-8723-929335f68874"",""82b898ba-3b6d-567f-8996-4f259b74547e"",""d38eb7d2-e78b-5c2f-93e4-2e34846e80e6"",""33effc64-dcfe-5ced-badf-c4df49f68dc1"",""a3a03b99-34c0-504b-b529-32b798db318a"",""8b3ec7b0-123f-5597-95f7-1fafc5810d01"",""035c5442-19b8-5a84-8a59-b352a9660279"",""d6d45010-72fa-5741-b733-88958a8795d2"",""ab8215e5-b753-5a6a-a4e7-ad9caf42eeac"",""1b20061c-b208-551a-b06c-81ffeff623fc"",""9b6d0913-2ae6-5dab-ab36-d05e1c51b208"",""a27c1fb2-edc1-57e6-9d74-adb5a13fed3b"",""4696448b-8c21-591b-80cc-7344ea0b95ec"",""c1d75a33-928c-5636-b99c-def1fb29e0f5"",""61eebfb6-2555-5bce-ba71-7a750427392a"",""aba074a1-d451-595d-bc12-e257adbe7383"",""1ca34094-ee4d-5962-a78a-174d361a9cd3"",""7edb0577-da07-5c6f-8391-bb90e9822165"",""d7c5d484-54dc-5d1e-a3ac-65d60267a12c"",""f416cc8b-3bc2-5c4c-a91c-c56faf748684""]",860fe280-1d74-467a-b8e1-c8571a5d9936,2026-10-07T18:24:24.240283Z,"[""9065afde-e0b6-40b2-9c9f-54f8925015e1""]",c8e50225-9298-4142-b9da-5ebfb7361d8a,True,active,SQL,16609.302734694,15326.850052484,f8edaecf-8020-4564-bbf4-42b31ddc5d7a,035c5442-19b8-5a84-8a59-b352a9660279,True,35,860fe280-1d74-467a-b8e1-c8571a5d9936,B,Gemessener Pipelineanteil; unbekannte Prozessgrenze separat,True,ce40a18c-aa8e-40fc-9d13-83adabe5993f,1,1,2026-10-07T18:03:01.783130Z,explicit per metric; exact fractions and decimal display,B
M7-analysis-v5,0c44d85c-d8d9-572f-b0cb-1e52983adc6c,3,951958a3600621e43a708a8a0db2baf850b4bfbdb25a57ca24f42805e2da6d5a,C-BF-0,PIPE-TIME-73636d72-1662-435a-8409-a6190cc90df3,19fa6fbf4f554673689996213945dcaed831a9bf0fbdc6988698abb77fd647ee,90318496-3af4-49cd-a20d-b85db76e5a0a,,,,,K0,2026-10-07T18:43:10.247588Z,dbb63e68d4ed9e904fa985aa5b88d674205b6caab086a8d981ac8918a9c68fb5,empirical,"[""4afc763c-033e-501c-9c9c-453207d31e62"",""1fed9611-d0cc-51e5-86e7-4ba237c836a2"",""0e4d4039-5409-5be7-a300-ded85e9c22d7"",""1c4afc6f-6679-57b7-ab6b-cec3053e85a1"",""76216ff6-0dab-5f43-913f-741c2deb7596"",""fe7c5fea-171a-5d3e-b93c-b9d53dca7c67"",""784c942d-b222-5013-a2e4-de4aa477a143"",""2f2d84f4-6f41-5df7-a828-cc0a3d9cdddf"",""c68f6332-f200-5595-940d-e5bcad78f1fe"",""54c3aba8-cb42-5023-9591-5cdd68bdd7c5"",""b9ac296e-4c6c-5cdc-9e03-14868c124af2"",""022ddff9-4332-5ba5-b884-42537f220a0c"",""0d262496-18e1-5973-84a6-84fbda64d0ff"",""447860c8-1d56-518b-88ad-7e103990b756"",""616ecfda-7163-5a8d-ba60-01f623d8b124"",""656bacfc-b102-5379-8db2-2f9f127621e0"",""88f2e658-6155-5924-bc85-63fe2aabb08a"",""9f032fb3-90ca-5749-aff5-1065077ac10e"",""4d2e4005-a84b-525b-a492-d367c5e405d0"",""12b20e20-e117-5c00-83bc-e589b92b730e"",""e97a5398-37b9-5e89-91a9-9b3ae48d9534"",""7a8f92c5-5f85-593a-bf90-08e13c60a2e6"",""aa66f5e3-ac0e-57d6-9b69-aa54ea7c4fb9"",""d07b7490-853e-562b-b662-305e89e7718d"",""596c0800-372d-5056-8a35-9f8661656bf4"",""d08816e6-d4d6-5f35-9de3-d86528fa7a96"",""2e126757-f17e-5ee2-93db-94d31ed944b2"",""5e1af4e2-330f-563f-b639-2d3cd8d276c8"",""49cd1889-2a56-5913-8723-929335f68874"",""82b898ba-3b6d-567f-8996-4f259b74547e"",""d38eb7d2-e78b-5c2f-93e4-2e34846e80e6"",""33effc64-dcfe-5ced-badf-c4df49f68dc1"",""a3a03b99-34c0-504b-b529-32b798db318a"",""8b3ec7b0-123f-5597-95f7-1fafc5810d01"",""035c5442-19b8-5a84-8a59-b352a9660279"",""d6d45010-72fa-5741-b733-88958a8795d2"",""ab8215e5-b753-5a6a-a4e7-ad9caf42eeac"",""1b20061c-b208-551a-b06c-81ffeff623fc"",""9b6d0913-2ae6-5dab-ab36-d05e1c51b208"",""a27c1fb2-edc1-57e6-9d74-adb5a13fed3b"",""4696448b-8c21-591b-80cc-7344ea0b95ec"",""c1d75a33-928c-5636-b99c-def1fb29e0f5"",""61eebfb6-2555-5bce-ba71-7a750427392a"",""aba074a1-d451-595d-bc12-e257adbe7383"",""1ca34094-ee4d-5962-a78a-174d361a9cd3"",""7edb0577-da07-5c6f-8391-bb90e9822165"",""d7c5d484-54dc-5d1e-a3ac-65d60267a12c"",""f416cc8b-3bc2-5c4c-a91c-c56faf748684""]",d5f52827-0b28-4dbd-8f97-aa1f05544e65,2026-10-07T18:43:10.239247Z,"[""d17796f3-5d2a-43d7-ae8c-7a4cd005dbdb""]",193f254f-7d66-416b-97d3-f7c0802fc55d,True,active,BF,17735.293811247,17302.925917091,f8edaecf-8020-4564-bbf4-42b31ddc5d7a,d6d45010-72fa-5741-b733-88958a8795d2,True,36,d5f52827-0b28-4dbd-8f97-aa1f05544e65,A,Gemessener Pipelineanteil; unbekannte Prozessgrenze separat,True,eb52c0d2-2314-4577-9c3c-7281d4db059e,1,1,2026-10-07T18:35:57.869414Z,explicit per metric; exact fractions and decimal display,A
M7-analysis-v5,184b05d2-2f8e-5d0c-89a1-eddf992ccdf9,4,da6ea9e9345987541cd7c36ae422262583816e19fb5a29b5cab23e44577d756a,C-BF-0,PIPE-TIME-d8590aab-c81e-443e-aeb7-5a2c0fa0ab95,19fa6fbf4f554673689996213945dcaed831a9bf0fbdc6988698abb77fd647ee,90318496-3af4-49cd-a20d-b85db76e5a0a,,,,,K0,2026-10-07T19:05:50.246895Z,dbb63e68d4ed9e904fa985aa5b88d674205b6caab086a8d981ac8918a9c68fb5,empirical,"[""4afc763c-033e-501c-9c9c-453207d31e62"",""1fed9611-d0cc-51e5-86e7-4ba237c836a2"",""0e4d4039-5409-5be7-a300-ded85e9c22d7"",""1c4afc6f-6679-57b7-ab6b-cec3053e85a1"",""76216ff6-0dab-5f43-913f-741c2deb7596"",""fe7c5fea-171a-5d3e-b93c-b9d53dca7c67"",""784c942d-b222-5013-a2e4-de4aa477a143"",""2f2d84f4-6f41-5df7-a828-cc0a3d9cdddf"",""c68f6332-f200-5595-940d-e5bcad78f1fe"",""54c3aba8-cb42-5023-9591-5cdd68bdd7c5"",""b9ac296e-4c6c-5cdc-9e03-14868c124af2"",""022ddff9-4332-5ba5-b884-42537f220a0c"",""0d262496-18e1-5973-84a6-84fbda64d0ff"",""447860c8-1d56-518b-88ad-7e103990b756"",""616ecfda-7163-5a8d-ba60-01f623d8b124"",""656bacfc-b102-5379-8db2-2f9f127621e0"",""88f2e658-6155-5924-bc85-63fe2aabb08a"",""9f032fb3-90ca-5749-aff5-1065077ac10e"",""4d2e4005-a84b-525b-a492-d367c5e405d0"",""12b20e20-e117-5c00-83bc-e589b92b730e"",""e97a5398-37b9-5e89-91a9-9b3ae48d9534"",""7a8f92c5-5f85-593a-bf90-08e13c60a2e6"",""aa66f5e3-ac0e-57d6-9b69-aa54ea7c4fb9"",""d07b7490-853e-562b-b662-305e89e7718d"",""596c0800-372d-5056-8a35-9f8661656bf4"",""d08816e6-d4d6-5f35-9de3-d86528fa7a96"",""2e126757-f17e-5ee2-93db-94d31ed944b2"",""5e1af4e2-330f-563f-b639-2d3cd8d276c8"",""49cd1889-2a56-5913-8723-929335f68874"",""82b898ba-3b6d-567f-8996-4f259b74547e"",""d38eb7d2-e78b-5c2f-93e4-2e34846e80e6"",""33effc64-dcfe-5ced-badf-c4df49f68dc1"",""a3a03b99-34c0-504b-b529-32b798db318a"",""8b3ec7b0-123f-5597-95f7-1fafc5810d01"",""035c5442-19b8-5a84-8a59-b352a9660279"",""d6d45010-72fa-5741-b733-88958a8795d2"",""ab8215e5-b753-5a6a-a4e7-ad9caf42eeac"",""1b20061c-b208-551a-b06c-81ffeff623fc"",""9b6d0913-2ae6-5dab-ab36-d05e1c51b208"",""a27c1fb2-edc1-57e6-9d74-adb5a13fed3b"",""4696448b-8c21-591b-80cc-7344ea0b95ec"",""c1d75a33-928c-5636-b99c-def1fb29e0f5"",""61eebfb6-2555-5bce-ba71-7a750427392a"",""aba074a1-d451-595d-bc12-e257adbe7383"",""1ca34094-ee4d-5962-a78a-174d361a9cd3"",""7edb0577-da07-5c6f-8391-bb90e9822165"",""d7c5d484-54dc-5d1e-a3ac-65d60267a12c"",""f416cc8b-3bc2-5c4c-a91c-c56faf748684""]",dc05d48b-d560-4f8f-ae19-cd0fa368eaee,2026-10-07T19:05:50.242081Z,"[""0071f022-a517-49e6-9428-bb948b24d7b5""]",c00fc1f6-f425-421b-81aa-bd2e3f042d46,False,active,BF,19095.292444324,18641.511361617,f8edaecf-8020-4564-bbf4-42b31ddc5d7a,ab8215e5-b753-5a6a-a4e7-ad9caf42eeac,True,37,dc05d48b-d560-4f8f-ae19-cd0fa368eaee,A,Gemessener Pipelineanteil; unbekannte Prozessgrenze separat,True,c9e2f4a7-a3de-4249-8e90-be53fda87bef,1,1,2026-10-07T18:58:16.459350Z,explicit per metric; exact fractions and decimal display,A
M7-analysis-v5,184b05d2-2f8e-5d0c-89a1-eddf992ccdf9,4,d020e075003de022dcc8cccdb5d8ecedd97130b1e85e33a119c5726f874860fc,C-BF-1,PIPE-TIME-3b419198-be60-4914-baff-bc083b63f84b,202e1e0a33d9d0d7b92585572740cd6b1ca70f7699cac883e8579e11bac45057,651e080b-10b7-40ff-9204-1dd148ce6638,,,,,K1,2026-10-07T19:25:24.794016Z,dbb63e68d4ed9e904fa985aa5b88d674205b6caab086a8d981ac8918a9c68fb5,empirical,"[""4afc763c-033e-501c-9c9c-453207d31e62"",""1fed9611-d0cc-51e5-86e7-4ba237c836a2"",""0e4d4039-5409-5be7-a300-ded85e9c22d7"",""1c4afc6f-6679-57b7-ab6b-cec3053e85a1"",""76216ff6-0dab-5f43-913f-741c2deb7596"",""fe7c5fea-171a-5d3e-b93c-b9d53dca7c67"",""784c942d-b222-5013-a2e4-de4aa477a143"",""2f2d84f4-6f41-5df7-a828-cc0a3d9cdddf"",""c68f6332-f200-5595-940d-e5bcad78f1fe"",""54c3aba8-cb42-5023-9591-5cdd68bdd7c5"",""b9ac296e-4c6c-5cdc-9e03-14868c124af2"",""022ddff9-4332-5ba5-b884-42537f220a0c"",""0d262496-18e1-5973-84a6-84fbda64d0ff"",""447860c8-1d56-518b-88ad-7e103990b756"",""616ecfda-7163-5a8d-ba60-01f623d8b124"",""656bacfc-b102-5379-8db2-2f9f127621e0"",""88f2e658-6155-5924-bc85-63fe2aabb08a"",""9f032fb3-90ca-5749-aff5-1065077ac10e"",""4d2e4005-a84b-525b-a492-d367c5e405d0"",""12b20e20-e117-5c00-83bc-e589b92b730e"",""e97a5398-37b9-5e89-91a9-9b3ae48d9534"",""7a8f92c5-5f85-593a-bf90-08e13c60a2e6"",""aa66f5e3-ac0e-57d6-9b69-aa54ea7c4fb9"",""d07b7490-853e-562b-b662-305e89e7718d"",""596c0800-372d-5056-8a35-9f8661656bf4"",""d08816e6-d4d6-5f35-9de3-d86528fa7a96"",""2e126757-f17e-5ee2-93db-94d31ed944b2"",""5e1af4e2-330f-563f-b639-2d3cd8d276c8"",""49cd1889-2a56-5913-8723-929335f68874"",""82b898ba-3b6d-567f-8996-4f259b74547e"",""d38eb7d2-e78b-5c2f-93e4-2e34846e80e6"",""33effc64-dcfe-5ced-badf-c4df49f68dc1"",""a3a03b99-34c0-504b-b529-32b798db318a"",""8b3ec7b0-123f-5597-95f7-1fafc5810d01"",""035c5442-19b8-5a84-8a59-b352a9660279"",""d6d45010-72fa-5741-b733-88958a8795d2"",""ab8215e5-b753-5a6a-a4e7-ad9caf42eeac"",""1b20061c-b208-551a-b06c-81ffeff623fc"",""9b6d0913-2ae6-5dab-ab36-d05e1c51b208"",""a27c1fb2-edc1-57e6-9d74-adb5a13fed3b"",""4696448b-8c21-591b-80cc-7344ea0b95ec"",""c1d75a33-928c-5636-b99c-def1fb29e0f5"",""61eebfb6-2555-5bce-ba71-7a750427392a"",""aba074a1-d451-595d-bc12-e257adbe7383"",""1ca34094-ee4d-5962-a78a-174d361a9cd3"",""7edb0577-da07-5c6f-8391-bb90e9822165"",""d7c5d484-54dc-5d1e-a3ac-65d60267a12c"",""f416cc8b-3bc2-5c4c-a91c-c56faf748684""]",524930a9-0eb8-4db8-a077-ae3a0bc2729c,2026-10-07T19:25:24.786984Z,"[""343fe9ac-f01e-4fcc-b331-a44e186383a5""]",59ead481-4abf-4915-b993-80cdc5e43575,False,active,BF,20269.832759857,19855.558525753,f8edaecf-8020-4564-bbf4-42b31ddc5d7a,1b20061c-b208-551a-b06c-81ffeff623fc,True,38,524930a9-0eb8-4db8-a077-ae3a0bc2729c,A,Gemessener Pipelineanteil; unbekannte Prozessgrenze separat,True,0dcdded8-ae9f-420c-af06-5e7a2dfc1af7,1,1,2026-10-07T19:18:30.510985Z,explicit per metric; exact fractions and decimal display,A
M7-analysis-v5,184b05d2-2f8e-5d0c-89a1-eddf992ccdf9,4,310fc93aaef35c7f963d2fd9a0f10aeab94aa92fc21a8664cf712aa51ef57de8,C-SQL-0,PIPE-TIME-ea992f86-3bf1-47df-8ecc-3fd03a41091c,0294f6c032f413f4245e83b15db52ab8f50ccfa6163f315fda209ab5b27f96be,a132b12b-e7a2-4837-8603-2cfe9fd0228c,,,,,K0,2026-10-07T19:46:37.264461Z,dbb63e68d4ed9e904fa985aa5b88d674205b6caab086a8d981ac8918a9c68fb5,empirical,"[""4afc763c-033e-501c-9c9c-453207d31e62"",""1fed9611-d0cc-51e5-86e7-4ba237c836a2"",""0e4d4039-5409-5be7-a300-ded85e9c22d7"",""1c4afc6f-6679-57b7-ab6b-cec3053e85a1"",""76216ff6-0dab-5f43-913f-741c2deb7596"",""fe7c5fea-171a-5d3e-b93c-b9d53dca7c67"",""784c942d-b222-5013-a2e4-de4aa477a143"",""2f2d84f4-6f41-5df7-a828-cc0a3d9cdddf"",""c68f6332-f200-5595-940d-e5bcad78f1fe"",""54c3aba8-cb42-5023-9591-5cdd68bdd7c5"",""b9ac296e-4c6c-5cdc-9e03-14868c124af2"",""022ddff9-4332-5ba5-b884-42537f220a0c"",""0d262496-18e1-5973-84a6-84fbda64d0ff"",""447860c8-1d56-518b-88ad-7e103990b756"",""616ecfda-7163-5a8d-ba60-01f623d8b124"",""656bacfc-b102-5379-8db2-2f9f127621e0"",""88f2e658-6155-5924-bc85-63fe2aabb08a"",""9f032fb3-90ca-5749-aff5-1065077ac10e"",""4d2e4005-a84b-525b-a492-d367c5e405d0"",""12b20e20-e117-5c00-83bc-e589b92b730e"",""e97a5398-37b9-5e89-91a9-9b3ae48d9534"",""7a8f92c5-5f85-593a-bf90-08e13c60a2e6"",""aa66f5e3-ac0e-57d6-9b69-aa54ea7c4fb9"",""d07b7490-853e-562b-b662-305e89e7718d"",""596c0800-372d-5056-8a35-9f8661656bf4"",""d08816e6-d4d6-5f35-9de3-d86528fa7a96"",""2e126757-f17e-5ee2-93db-94d31ed944b2"",""5e1af4e2-330f-563f-b639-2d3cd8d276c8"",""49cd1889-2a56-5913-8723-929335f68874"",""82b898ba-3b6d-567f-8996-4f259b74547e"",""d38eb7d2-e78b-5c2f-93e4-2e34846e80e6"",""33effc64-dcfe-5ced-badf-c4df49f68dc1"",""a3a03b99-34c0-504b-b529-32b798db318a"",""8b3ec7b0-123f-5597-95f7-1fafc5810d01"",""035c5442-19b8-5a84-8a59-b352a9660279"",""d6d45010-72fa-5741-b733-88958a8795d2"",""ab8215e5-b753-5a6a-a4e7-ad9caf42eeac"",""1b20061c-b208-551a-b06c-81ffeff623fc"",""9b6d0913-2ae6-5dab-ab36-d05e1c51b208"",""a27c1fb2-edc1-57e6-9d74-adb5a13fed3b"",""4696448b-8c21-591b-80cc-7344ea0b95ec"",""c1d75a33-928c-5636-b99c-def1fb29e0f5"",""61eebfb6-2555-5bce-ba71-7a750427392a"",""aba074a1-d451-595d-bc12-e257adbe7383"",""1ca34094-ee4d-5962-a78a-174d361a9cd3"",""7edb0577-da07-5c6f-8391-bb90e9822165"",""d7c5d484-54dc-5d1e-a3ac-65d60267a12c"",""f416cc8b-3bc2-5c4c-a91c-c56faf748684""]",598bb83d-6ef2-4a75-937b-a87df81ff0b9,2026-10-07T19:46:37.255257Z,"[""bae0059c-25d2-447a-8e42-de853c63fe77""]",fbf09b68-5279-4968-a9b4-d1c671c268a5,False,active,SQL,21542.298347229,21103.933197902,f8edaecf-8020-4564-bbf4-42b31ddc5d7a,9b6d0913-2ae6-5dab-ab36-d05e1c51b208,True,39,598bb83d-6ef2-4a75-937b-a87df81ff0b9,A,Gemessener Pipelineanteil; unbekannte Prozessgrenze separat,True,8b261693-0c10-46f4-a243-27fd45b5f4e8,1,1,2026-10-07T19:39:18.889445Z,explicit per metric; exact fractions and decimal display,A
M7-analysis-v5,184b05d2-2f8e-5d0c-89a1-eddf992ccdf9,4,e9c20ce72fe0849f7459bebf76f7d1d014a5da86287e828a2d5d8f5ace310e1a,C-UP-0,PIPE-TIME-c40dc9bd-7d69-4d29-9281-0d4fcba94644,c9b1cb0ac1f796fd7d6ed58a0ff22c16832977bd6a97c5a7afbce6e1adc06824,bc62af86-8509-48fe-a3bb-42e1d77fa60f,,,,,K0,2026-10-07T20:07:25.360120Z,dbb63e68d4ed9e904fa985aa5b88d674205b6caab086a8d981ac8918a9c68fb5,empirical,"[""4afc763c-033e-501c-9c9c-453207d31e62"",""1fed9611-d0cc-51e5-86e7-4ba237c836a2"",""0e4d4039-5409-5be7-a300-ded85e9c22d7"",""1c4afc6f-6679-57b7-ab6b-cec3053e85a1"",""76216ff6-0dab-5f43-913f-741c2deb7596"",""fe7c5fea-171a-5d3e-b93c-b9d53dca7c67"",""784c942d-b222-5013-a2e4-de4aa477a143"",""2f2d84f4-6f41-5df7-a828-cc0a3d9cdddf"",""c68f6332-f200-5595-940d-e5bcad78f1fe"",""54c3aba8-cb42-5023-9591-5cdd68bdd7c5"",""b9ac296e-4c6c-5cdc-9e03-14868c124af2"",""022ddff9-4332-5ba5-b884-42537f220a0c"",""0d262496-18e1-5973-84a6-84fbda64d0ff"",""447860c8-1d56-518b-88ad-7e103990b756"",""616ecfda-7163-5a8d-ba60-01f623d8b124"",""656bacfc-b102-5379-8db2-2f9f127621e0"",""88f2e658-6155-5924-bc85-63fe2aabb08a"",""9f032fb3-90ca-5749-aff5-1065077ac10e"",""4d2e4005-a84b-525b-a492-d367c5e405d0"",""12b20e20-e117-5c00-83bc-e589b92b730e"",""e97a5398-37b9-5e89-91a9-9b3ae48d9534"",""7a8f92c5-5f85-593a-bf90-08e13c60a2e6"",""aa66f5e3-ac0e-57d6-9b69-aa54ea7c4fb9"",""d07b7490-853e-562b-b662-305e89e7718d"",""596c0800-372d-5056-8a35-9f8661656bf4"",""d08816e6-d4d6-5f35-9de3-d86528fa7a96"",""2e126757-f17e-5ee2-93db-94d31ed944b2"",""5e1af4e2-330f-563f-b639-2d3cd8d276c8"",""49cd1889-2a56-5913-8723-929335f68874"",""82b898ba-3b6d-567f-8996-4f259b74547e"",""d38eb7d2-e78b-5c2f-93e4-2e34846e80e6"",""33effc64-dcfe-5ced-badf-c4df49f68dc1"",""a3a03b99-34c0-504b-b529-32b798db318a"",""8b3ec7b0-123f-5597-95f7-1fafc5810d01"",""035c5442-19b8-5a84-8a59-b352a9660279"",""d6d45010-72fa-5741-b733-88958a8795d2"",""ab8215e5-b753-5a6a-a4e7-ad9caf42eeac"",""1b20061c-b208-551a-b06c-81ffeff623fc"",""9b6d0913-2ae6-5dab-ab36-d05e1c51b208"",""a27c1fb2-edc1-57e6-9d74-adb5a13fed3b"",""4696448b-8c21-591b-80cc-7344ea0b95ec"",""c1d75a33-928c-5636-b99c-def1fb29e0f5"",""61eebfb6-2555-5bce-ba71-7a750427392a"",""aba074a1-d451-595d-bc12-e257adbe7383"",""1ca34094-ee4d-5962-a78a-174d361a9cd3"",""7edb0577-da07-5c6f-8391-bb90e9822165"",""d7c5d484-54dc-5d1e-a3ac-65d60267a12c"",""f416cc8b-3bc2-5c4c-a91c-c56faf748684""]",07b16054-0216-44e3-89d0-d4dff9f4700f,2026-10-07T20:07:25.349753Z,"[""654dd2c4-b24e-482e-83b2-9777b92c0cd8""]",ce41eaeb-b09c-4cd3-a227-2f982aae86ed,False,active,UP,22790.387918297,22289.097089318,f8edaecf-8020-4564-bbf4-42b31ddc5d7a,a27c1fb2-edc1-57e6-9d74-adb5a13fed3b,True,40,07b16054-0216-44e3-89d0-d4dff9f4700f,A,Gemessener Pipelineanteil; unbekannte Prozessgrenze separat,True,f421808e-bd73-46b2-9444-d7c6ebe0f163,1,1,2026-10-07T19:59:04.056799Z,explicit per metric; exact fractions and decimal display,A
M7-analysis-v5,184b05d2-2f8e-5d0c-89a1-eddf992ccdf9,4,c370c0a9ade6f3957aacd26a4ebc6af15cf43f82e4504b883b5bc1c985794671,C-UP-1,PIPE-TIME-a397e1dc-9d03-4dee-8eba-1cf88bbad896,697a8773c39d3aeb811def2802fdfd50db20dd75d55c50f4e8cf44982a79f651,8e15ece0-8ea4-4d53-b1a9-80d5a0796af7,,,,,K1,2026-10-07T20:33:47.536810Z,dbb63e68d4ed9e904fa985aa5b88d674205b6caab086a8d981ac8918a9c68fb5,empirical,"[""4afc763c-033e-501c-9c9c-453207d31e62"",""1fed9611-d0cc-51e5-86e7-4ba237c836a2"",""0e4d4039-5409-5be7-a300-ded85e9c22d7"",""1c4afc6f-6679-57b7-ab6b-cec3053e85a1"",""76216ff6-0dab-5f43-913f-741c2deb7596"",""fe7c5fea-171a-5d3e-b93c-b9d53dca7c67"",""784c942d-b222-5013-a2e4-de4aa477a143"",""2f2d84f4-6f41-5df7-a828-cc0a3d9cdddf"",""c68f6332-f200-5595-940d-e5bcad78f1fe"",""54c3aba8-cb42-5023-9591-5cdd68bdd7c5"",""b9ac296e-4c6c-5cdc-9e03-14868c124af2"",""022ddff9-4332-5ba5-b884-42537f220a0c"",""0d262496-18e1-5973-84a6-84fbda64d0ff"",""447860c8-1d56-518b-88ad-7e103990b756"",""616ecfda-7163-5a8d-ba60-01f623d8b124"",""656bacfc-b102-5379-8db2-2f9f127621e0"",""88f2e658-6155-5924-bc85-63fe2aabb08a"",""9f032fb3-90ca-5749-aff5-1065077ac10e"",""4d2e4005-a84b-525b-a492-d367c5e405d0"",""12b20e20-e117-5c00-83bc-e589b92b730e"",""e97a5398-37b9-5e89-91a9-9b3ae48d9534"",""7a8f92c5-5f85-593a-bf90-08e13c60a2e6"",""aa66f5e3-ac0e-57d6-9b69-aa54ea7c4fb9"",""d07b7490-853e-562b-b662-305e89e7718d"",""596c0800-372d-5056-8a35-9f8661656bf4"",""d08816e6-d4d6-5f35-9de3-d86528fa7a96"",""2e126757-f17e-5ee2-93db-94d31ed944b2"",""5e1af4e2-330f-563f-b639-2d3cd8d276c8"",""49cd1889-2a56-5913-8723-929335f68874"",""82b898ba-3b6d-567f-8996-4f259b74547e"",""d38eb7d2-e78b-5c2f-93e4-2e34846e80e6"",""33effc64-dcfe-5ced-badf-c4df49f68dc1"",""a3a03b99-34c0-504b-b529-32b798db318a"",""8b3ec7b0-123f-5597-95f7-1fafc5810d01"",""035c5442-19b8-5a84-8a59-b352a9660279"",""d6d45010-72fa-5741-b733-88958a8795d2"",""ab8215e5-b753-5a6a-a4e7-ad9caf42eeac"",""1b20061c-b208-551a-b06c-81ffeff623fc"",""9b6d0913-2ae6-5dab-ab36-d05e1c51b208"",""a27c1fb2-edc1-57e6-9d74-adb5a13fed3b"",""4696448b-8c21-591b-80cc-7344ea0b95ec"",""c1d75a33-928c-5636-b99c-def1fb29e0f5"",""61eebfb6-2555-5bce-ba71-7a750427392a"",""aba074a1-d451-595d-bc12-e257adbe7383"",""1ca34094-ee4d-5962-a78a-174d361a9cd3"",""7edb0577-da07-5c6f-8391-bb90e9822165"",""d7c5d484-54dc-5d1e-a3ac-65d60267a12c"",""f416cc8b-3bc2-5c4c-a91c-c56faf748684""]",3748fdea-9ed3-4027-997c-2beeb05e8f57,2026-10-07T20:33:47.530556Z,"[""91a3d8bf-14c4-41da-b8bf-faae173d4ea4""]",dbca6e1e-9a1b-49cd-b9b9-5bb3357f3bf3,False,active,UP,24372.565006354,23849.916903447,f8edaecf-8020-4564-bbf4-42b31ddc5d7a,4696448b-8c21-591b-80cc-7344ea0b95ec,True,41,3748fdea-9ed3-4027-997c-2beeb05e8f57,A,Gemessener Pipelineanteil; unbekannte Prozessgrenze separat,True,2bb545ed-5357-4270-9f47-acdedbeafbb5,1,1,2026-10-07T20:25:04.880824Z,explicit per metric; exact fractions and decimal display,A
M7-analysis-v5,184b05d2-2f8e-5d0c-89a1-eddf992ccdf9,4,e8255303f1e0cde7479952f03f3b344272c0261c44dbb56c3ba846d5849ccda2,C-SQL-1,PIPE-TIME-4e8a53db-55b1-40f3-ab55-3e10c6ecef8c,27b8151da86242809dca0369f6ae8205b3d9e19866f42442c95f91863350f15a,6f7f3a3c-8647-488b-b587-d1d430125ce9,,,,,K1,2026-10-07T20:55:23.724995Z,dbb63e68d4ed9e904fa985aa5b88d674205b6caab086a8d981ac8918a9c68fb5,empirical,"[""4afc763c-033e-501c-9c9c-453207d31e62"",""1fed9611-d0cc-51e5-86e7-4ba237c836a2"",""0e4d4039-5409-5be7-a300-ded85e9c22d7"",""1c4afc6f-6679-57b7-ab6b-cec3053e85a1"",""76216ff6-0dab-5f43-913f-741c2deb7596"",""fe7c5fea-171a-5d3e-b93c-b9d53dca7c67"",""784c942d-b222-5013-a2e4-de4aa477a143"",""2f2d84f4-6f41-5df7-a828-cc0a3d9cdddf"",""c68f6332-f200-5595-940d-e5bcad78f1fe"",""54c3aba8-cb42-5023-9591-5cdd68bdd7c5"",""b9ac296e-4c6c-5cdc-9e03-14868c124af2"",""022ddff9-4332-5ba5-b884-42537f220a0c"",""0d262496-18e1-5973-84a6-84fbda64d0ff"",""447860c8-1d56-518b-88ad-7e103990b756"",""616ecfda-7163-5a8d-ba60-01f623d8b124"",""656bacfc-b102-5379-8db2-2f9f127621e0"",""88f2e658-6155-5924-bc85-63fe2aabb08a"",""9f032fb3-90ca-5749-aff5-1065077ac10e"",""4d2e4005-a84b-525b-a492-d367c5e405d0"",""12b20e20-e117-5c00-83bc-e589b92b730e"",""e97a5398-37b9-5e89-91a9-9b3ae48d9534"",""7a8f92c5-5f85-593a-bf90-08e13c60a2e6"",""aa66f5e3-ac0e-57d6-9b69-aa54ea7c4fb9"",""d07b7490-853e-562b-b662-305e89e7718d"",""596c0800-372d-5056-8a35-9f8661656bf4"",""d08816e6-d4d6-5f35-9de3-d86528fa7a96"",""2e126757-f17e-5ee2-93db-94d31ed944b2"",""5e1af4e2-330f-563f-b639-2d3cd8d276c8"",""49cd1889-2a56-5913-8723-929335f68874"",""82b898ba-3b6d-567f-8996-4f259b74547e"",""d38eb7d2-e78b-5c2f-93e4-2e34846e80e6"",""33effc64-dcfe-5ced-badf-c4df49f68dc1"",""a3a03b99-34c0-504b-b529-32b798db318a"",""8b3ec7b0-123f-5597-95f7-1fafc5810d01"",""035c5442-19b8-5a84-8a59-b352a9660279"",""d6d45010-72fa-5741-b733-88958a8795d2"",""ab8215e5-b753-5a6a-a4e7-ad9caf42eeac"",""1b20061c-b208-551a-b06c-81ffeff623fc"",""9b6d0913-2ae6-5dab-ab36-d05e1c51b208"",""a27c1fb2-edc1-57e6-9d74-adb5a13fed3b"",""4696448b-8c21-591b-80cc-7344ea0b95ec"",""c1d75a33-928c-5636-b99c-def1fb29e0f5"",""61eebfb6-2555-5bce-ba71-7a750427392a"",""aba074a1-d451-595d-bc12-e257adbe7383"",""1ca34094-ee4d-5962-a78a-174d361a9cd3"",""7edb0577-da07-5c6f-8391-bb90e9822165"",""d7c5d484-54dc-5d1e-a3ac-65d60267a12c"",""f416cc8b-3bc2-5c4c-a91c-c56faf748684""]",5d46e5ef-f3bf-4cb0-b0b2-5f98b2c15ca4,2026-10-07T20:55:23.717345Z,"[""d555f46c-54ec-44db-b272-a323ce00d853""]",97ed75f4-ebc8-4ce7-be76-8ccdc797370e,False,active,SQL,25668.74928186,25223.093084574,f8edaecf-8020-4564-bbf4-42b31ddc5d7a,c1d75a33-928c-5636-b99c-def1fb29e0f5,True,42,5d46e5ef-f3bf-4cb0-b0b2-5f98b2c15ca4,A,Gemessener Pipelineanteil; unbekannte Prozessgrenze separat,True,bb5b4ed5-341c-433b-8930-be6390dd5308,1,1,2026-10-07T20:47:58.060895Z,explicit per metric; exact fractions and decimal display,A
M7-analysis-v5,7753dd3d-102a-5383-af77-d7047c6a615f,5,d1c7cfe739bde7675213666c36301ae75805470a0e7f4b564d95bbc90500c1e4,C-UP-1,PIPE-TIME-1421cbaf-ac04-484f-885f-674140a0c381,697a8773c39d3aeb811def2802fdfd50db20dd75d55c50f4e8cf44982a79f651,8e15ece0-8ea4-4d53-b1a9-80d5a0796af7,,,,,K1,2026-10-07T21:17:46.532009Z,dbb63e68d4ed9e904fa985aa5b88d674205b6caab086a8d981ac8918a9c68fb5,empirical,"[""4afc763c-033e-501c-9c9c-453207d31e62"",""1fed9611-d0cc-51e5-86e7-4ba237c836a2"",""0e4d4039-5409-5be7-a300-ded85e9c22d7"",""1c4afc6f-6679-57b7-ab6b-cec3053e85a1"",""76216ff6-0dab-5f43-913f-741c2deb7596"",""fe7c5fea-171a-5d3e-b93c-b9d53dca7c67"",""784c942d-b222-5013-a2e4-de4aa477a143"",""2f2d84f4-6f41-5df7-a828-cc0a3d9cdddf"",""c68f6332-f200-5595-940d-e5bcad78f1fe"",""54c3aba8-cb42-5023-9591-5cdd68bdd7c5"",""b9ac296e-4c6c-5cdc-9e03-14868c124af2"",""022ddff9-4332-5ba5-b884-42537f220a0c"",""0d262496-18e1-5973-84a6-84fbda64d0ff"",""447860c8-1d56-518b-88ad-7e103990b756"",""616ecfda-7163-5a8d-ba60-01f623d8b124"",""656bacfc-b102-5379-8db2-2f9f127621e0"",""88f2e658-6155-5924-bc85-63fe2aabb08a"",""9f032fb3-90ca-5749-aff5-1065077ac10e"",""4d2e4005-a84b-525b-a492-d367c5e405d0"",""12b20e20-e117-5c00-83bc-e589b92b730e"",""e97a5398-37b9-5e89-91a9-9b3ae48d9534"",""7a8f92c5-5f85-593a-bf90-08e13c60a2e6"",""aa66f5e3-ac0e-57d6-9b69-aa54ea7c4fb9"",""d07b7490-853e-562b-b662-305e89e7718d"",""596c0800-372d-5056-8a35-9f8661656bf4"",""d08816e6-d4d6-5f35-9de3-d86528fa7a96"",""2e126757-f17e-5ee2-93db-94d31ed944b2"",""5e1af4e2-330f-563f-b639-2d3cd8d276c8"",""49cd1889-2a56-5913-8723-929335f68874"",""82b898ba-3b6d-567f-8996-4f259b74547e"",""d38eb7d2-e78b-5c2f-93e4-2e34846e80e6"",""33effc64-dcfe-5ced-badf-c4df49f68dc1"",""a3a03b99-34c0-504b-b529-32b798db318a"",""8b3ec7b0-123f-5597-95f7-1fafc5810d01"",""035c5442-19b8-5a84-8a59-b352a9660279"",""d6d45010-72fa-5741-b733-88958a8795d2"",""ab8215e5-b753-5a6a-a4e7-ad9caf42eeac"",""1b20061c-b208-551a-b06c-81ffeff623fc"",""9b6d0913-2ae6-5dab-ab36-d05e1c51b208"",""a27c1fb2-edc1-57e6-9d74-adb5a13fed3b"",""4696448b-8c21-591b-80cc-7344ea0b95ec"",""c1d75a33-928c-5636-b99c-def1fb29e0f5"",""61eebfb6-2555-5bce-ba71-7a750427392a"",""aba074a1-d451-595d-bc12-e257adbe7383"",""1ca34094-ee4d-5962-a78a-174d361a9cd3"",""7edb0577-da07-5c6f-8391-bb90e9822165"",""d7c5d484-54dc-5d1e-a3ac-65d60267a12c"",""f416cc8b-3bc2-5c4c-a91c-c56faf748684""]",d044615b-ee30-4364-9f52-4d939bf6c1b1,2026-10-07T21:17:46.520162Z,"[""12f91b5a-85b3-4e59-879d-64020d68dd03""]",9a8a90db-c2d2-47d6-b752-711194d06d3a,False,active,UP,27011.547764724,26492.494947445,f8edaecf-8020-4564-bbf4-42b31ddc5d7a,61eebfb6-2555-5bce-ba71-7a750427392a,True,43,d044615b-ee30-4364-9f52-4d939bf6c1b1,A,Gemessener Pipelineanteil; unbekannte Prozessgrenze separat,True,f699e69a-7d8c-4120-aed3-1fc1c8856b68,1,1,2026-10-07T21:09:07.465811Z,explicit per metric; exact fractions and decimal display,A
M7-analysis-v5,7753dd3d-102a-5383-af77-d7047c6a615f,5,2075b7d081c7ee47cdf4c8dab1d605e31fa4eb2e37c5f948e6510da97ad5a115,C-BF-0,PIPE-TIME-75dda0d0-14c0-438e-bfdc-56a0f6778d08,19fa6fbf4f554673689996213945dcaed831a9bf0fbdc6988698abb77fd647ee,90318496-3af4-49cd-a20d-b85db76e5a0a,,,,,K0,2026-10-07T21:57:18.717524Z,dbb63e68d4ed9e904fa985aa5b88d674205b6caab086a8d981ac8918a9c68fb5,empirical,"[""4afc763c-033e-501c-9c9c-453207d31e62"",""1fed9611-d0cc-51e5-86e7-4ba237c836a2"",""0e4d4039-5409-5be7-a300-ded85e9c22d7"",""1c4afc6f-6679-57b7-ab6b-cec3053e85a1"",""76216ff6-0dab-5f43-913f-741c2deb7596"",""fe7c5fea-171a-5d3e-b93c-b9d53dca7c67"",""784c942d-b222-5013-a2e4-de4aa477a143"",""2f2d84f4-6f41-5df7-a828-cc0a3d9cdddf"",""c68f6332-f200-5595-940d-e5bcad78f1fe"",""54c3aba8-cb42-5023-9591-5cdd68bdd7c5"",""b9ac296e-4c6c-5cdc-9e03-14868c124af2"",""022ddff9-4332-5ba5-b884-42537f220a0c"",""0d262496-18e1-5973-84a6-84fbda64d0ff"",""447860c8-1d56-518b-88ad-7e103990b756"",""616ecfda-7163-5a8d-ba60-01f623d8b124"",""656bacfc-b102-5379-8db2-2f9f127621e0"",""88f2e658-6155-5924-bc85-63fe2aabb08a"",""9f032fb3-90ca-5749-aff5-1065077ac10e"",""4d2e4005-a84b-525b-a492-d367c5e405d0"",""12b20e20-e117-5c00-83bc-e589b92b730e"",""e97a5398-37b9-5e89-91a9-9b3ae48d9534"",""7a8f92c5-5f85-593a-bf90-08e13c60a2e6"",""aa66f5e3-ac0e-57d6-9b69-aa54ea7c4fb9"",""d07b7490-853e-562b-b662-305e89e7718d"",""596c0800-372d-5056-8a35-9f8661656bf4"",""d08816e6-d4d6-5f35-9de3-d86528fa7a96"",""2e126757-f17e-5ee2-93db-94d31ed944b2"",""5e1af4e2-330f-563f-b639-2d3cd8d276c8"",""49cd1889-2a56-5913-8723-929335f68874"",""82b898ba-3b6d-567f-8996-4f259b74547e"",""d38eb7d2-e78b-5c2f-93e4-2e34846e80e6"",""33effc64-dcfe-5ced-badf-c4df49f68dc1"",""a3a03b99-34c0-504b-b529-32b798db318a"",""8b3ec7b0-123f-5597-95f7-1fafc5810d01"",""035c5442-19b8-5a84-8a59-b352a9660279"",""d6d45010-72fa-5741-b733-88958a8795d2"",""ab8215e5-b753-5a6a-a4e7-ad9caf42eeac"",""1b20061c-b208-551a-b06c-81ffeff623fc"",""9b6d0913-2ae6-5dab-ab36-d05e1c51b208"",""a27c1fb2-edc1-57e6-9d74-adb5a13fed3b"",""4696448b-8c21-591b-80cc-7344ea0b95ec"",""c1d75a33-928c-5636-b99c-def1fb29e0f5"",""61eebfb6-2555-5bce-ba71-7a750427392a"",""aba074a1-d451-595d-bc12-e257adbe7383"",""1ca34094-ee4d-5962-a78a-174d361a9cd3"",""7edb0577-da07-5c6f-8391-bb90e9822165"",""d7c5d484-54dc-5d1e-a3ac-65d60267a12c"",""f416cc8b-3bc2-5c4c-a91c-c56faf748684""]",bcdcd200-b246-4b84-981b-ae286cb46baf,2026-10-07T21:57:18.712111Z,"[""3e919990-b59c-44c6-aaef-a4d87d3b5b87""]",1a2452f4-7610-4091-902e-587b5f033fd2,False,active,BF,29383.733490641,28978.42350304,f8edaecf-8020-4564-bbf4-42b31ddc5d7a,aba074a1-d451-595d-bc12-e257adbe7383,True,44,bcdcd200-b246-4b84-981b-ae286cb46baf,A,Gemessener Pipelineanteil; unbekannte Prozessgrenze separat,True,a4f1303d-2680-4974-820d-f01bb33855e2,1,1,2026-10-07T21:50:33.400849Z,explicit per metric; exact fractions and decimal display,A
M7-analysis-v5,7753dd3d-102a-5383-af77-d7047c6a615f,5,2d9681d9c609b4fa7b683579eeaccebb7a585916edbd34795f95dc2f16b47e4b,C-UP-0,PIPE-TIME-6e0cf851-9679-4101-b17a-23ad35f198fe,c9b1cb0ac1f796fd7d6ed58a0ff22c16832977bd6a97c5a7afbce6e1adc06824,bc62af86-8509-48fe-a3bb-42e1d77fa60f,,,,,K0,2026-10-07T22:19:57.410807Z,dbb63e68d4ed9e904fa985aa5b88d674205b6caab086a8d981ac8918a9c68fb5,empirical,"[""4afc763c-033e-501c-9c9c-453207d31e62"",""1fed9611-d0cc-51e5-86e7-4ba237c836a2"",""0e4d4039-5409-5be7-a300-ded85e9c22d7"",""1c4afc6f-6679-57b7-ab6b-cec3053e85a1"",""76216ff6-0dab-5f43-913f-741c2deb7596"",""fe7c5fea-171a-5d3e-b93c-b9d53dca7c67"",""784c942d-b222-5013-a2e4-de4aa477a143"",""2f2d84f4-6f41-5df7-a828-cc0a3d9cdddf"",""c68f6332-f200-5595-940d-e5bcad78f1fe"",""54c3aba8-cb42-5023-9591-5cdd68bdd7c5"",""b9ac296e-4c6c-5cdc-9e03-14868c124af2"",""022ddff9-4332-5ba5-b884-42537f220a0c"",""0d262496-18e1-5973-84a6-84fbda64d0ff"",""447860c8-1d56-518b-88ad-7e103990b756"",""616ecfda-7163-5a8d-ba60-01f623d8b124"",""656bacfc-b102-5379-8db2-2f9f127621e0"",""88f2e658-6155-5924-bc85-63fe2aabb08a"",""9f032fb3-90ca-5749-aff5-1065077ac10e"",""4d2e4005-a84b-525b-a492-d367c5e405d0"",""12b20e20-e117-5c00-83bc-e589b92b730e"",""e97a5398-37b9-5e89-91a9-9b3ae48d9534"",""7a8f92c5-5f85-593a-bf90-08e13c60a2e6"",""aa66f5e3-ac0e-57d6-9b69-aa54ea7c4fb9"",""d07b7490-853e-562b-b662-305e89e7718d"",""596c0800-372d-5056-8a35-9f8661656bf4"",""d08816e6-d4d6-5f35-9de3-d86528fa7a96"",""2e126757-f17e-5ee2-93db-94d31ed944b2"",""5e1af4e2-330f-563f-b639-2d3cd8d276c8"",""49cd1889-2a56-5913-8723-929335f68874"",""82b898ba-3b6d-567f-8996-4f259b74547e"",""d38eb7d2-e78b-5c2f-93e4-2e34846e80e6"",""33effc64-dcfe-5ced-badf-c4df49f68dc1"",""a3a03b99-34c0-504b-b529-32b798db318a"",""8b3ec7b0-123f-5597-95f7-1fafc5810d01"",""035c5442-19b8-5a84-8a59-b352a9660279"",""d6d45010-72fa-5741-b733-88958a8795d2"",""ab8215e5-b753-5a6a-a4e7-ad9caf42eeac"",""1b20061c-b208-551a-b06c-81ffeff623fc"",""9b6d0913-2ae6-5dab-ab36-d05e1c51b208"",""a27c1fb2-edc1-57e6-9d74-adb5a13fed3b"",""4696448b-8c21-591b-80cc-7344ea0b95ec"",""c1d75a33-928c-5636-b99c-def1fb29e0f5"",""61eebfb6-2555-5bce-ba71-7a750427392a"",""aba074a1-d451-595d-bc12-e257adbe7383"",""1ca34094-ee4d-5962-a78a-174d361a9cd3"",""7edb0577-da07-5c6f-8391-bb90e9822165"",""d7c5d484-54dc-5d1e-a3ac-65d60267a12c"",""f416cc8b-3bc2-5c4c-a91c-c56faf748684""]",d22c84d4-a719-4f4f-94ef-6c3fad891e35,2026-10-07T22:19:57.404324Z,"[""8302362c-be7b-4052-9119-c4fabdc2a0c0""]",19171de9-f464-4770-96ab-b20be9c027d8,False,active,UP,30742.418770471,30267.762498837,f8edaecf-8020-4564-bbf4-42b31ddc5d7a,1ca34094-ee4d-5962-a78a-174d361a9cd3,True,45,d22c84d4-a719-4f4f-94ef-6c3fad891e35,A,Gemessener Pipelineanteil; unbekannte Prozessgrenze separat,True,6bbe94d3-45b9-4203-be9d-d1c1c93b2869,1,1,2026-10-07T22:12:02.743587Z,explicit per metric; exact fractions and decimal display,A
M7-analysis-v5,7753dd3d-102a-5383-af77-d7047c6a615f,5,e69a389b85bb3f5d5e8e0358da9e10571b709538eded76ca43c8eb44718fff38,C-BF-1,PIPE-TIME-43893301-4aa6-4f69-bae2-2fe705e32bdc,202e1e0a33d9d0d7b92585572740cd6b1ca70f7699cac883e8579e11bac45057,651e080b-10b7-40ff-9204-1dd148ce6638,,,,,K1,2026-10-07T22:42:15.520280Z,dbb63e68d4ed9e904fa985aa5b88d674205b6caab086a8d981ac8918a9c68fb5,empirical,"[""4afc763c-033e-501c-9c9c-453207d31e62"",""1fed9611-d0cc-51e5-86e7-4ba237c836a2"",""0e4d4039-5409-5be7-a300-ded85e9c22d7"",""1c4afc6f-6679-57b7-ab6b-cec3053e85a1"",""76216ff6-0dab-5f43-913f-741c2deb7596"",""fe7c5fea-171a-5d3e-b93c-b9d53dca7c67"",""784c942d-b222-5013-a2e4-de4aa477a143"",""2f2d84f4-6f41-5df7-a828-cc0a3d9cdddf"",""c68f6332-f200-5595-940d-e5bcad78f1fe"",""54c3aba8-cb42-5023-9591-5cdd68bdd7c5"",""b9ac296e-4c6c-5cdc-9e03-14868c124af2"",""022ddff9-4332-5ba5-b884-42537f220a0c"",""0d262496-18e1-5973-84a6-84fbda64d0ff"",""447860c8-1d56-518b-88ad-7e103990b756"",""616ecfda-7163-5a8d-ba60-01f623d8b124"",""656bacfc-b102-5379-8db2-2f9f127621e0"",""88f2e658-6155-5924-bc85-63fe2aabb08a"",""9f032fb3-90ca-5749-aff5-1065077ac10e"",""4d2e4005-a84b-525b-a492-d367c5e405d0"",""12b20e20-e117-5c00-83bc-e589b92b730e"",""e97a5398-37b9-5e89-91a9-9b3ae48d9534"",""7a8f92c5-5f85-593a-bf90-08e13c60a2e6"",""aa66f5e3-ac0e-57d6-9b69-aa54ea7c4fb9"",""d07b7490-853e-562b-b662-305e89e7718d"",""596c0800-372d-5056-8a35-9f8661656bf4"",""d08816e6-d4d6-5f35-9de3-d86528fa7a96"",""2e126757-f17e-5ee2-93db-94d31ed944b2"",""5e1af4e2-330f-563f-b639-2d3cd8d276c8"",""49cd1889-2a56-5913-8723-929335f68874"",""82b898ba-3b6d-567f-8996-4f259b74547e"",""d38eb7d2-e78b-5c2f-93e4-2e34846e80e6"",""33effc64-dcfe-5ced-badf-c4df49f68dc1"",""a3a03b99-34c0-504b-b529-32b798db318a"",""8b3ec7b0-123f-5597-95f7-1fafc5810d01"",""035c5442-19b8-5a84-8a59-b352a9660279"",""d6d45010-72fa-5741-b733-88958a8795d2"",""ab8215e5-b753-5a6a-a4e7-ad9caf42eeac"",""1b20061c-b208-551a-b06c-81ffeff623fc"",""9b6d0913-2ae6-5dab-ab36-d05e1c51b208"",""a27c1fb2-edc1-57e6-9d74-adb5a13fed3b"",""4696448b-8c21-591b-80cc-7344ea0b95ec"",""c1d75a33-928c-5636-b99c-def1fb29e0f5"",""61eebfb6-2555-5bce-ba71-7a750427392a"",""aba074a1-d451-595d-bc12-e257adbe7383"",""1ca34094-ee4d-5962-a78a-174d361a9cd3"",""7edb0577-da07-5c6f-8391-bb90e9822165"",""d7c5d484-54dc-5d1e-a3ac-65d60267a12c"",""f416cc8b-3bc2-5c4c-a91c-c56faf748684""]",326c08f9-0a4e-439a-8039-f7b768b9e491,2026-10-07T22:42:15.513308Z,"[""4fcd6a04-49e9-4dc5-a55b-20af335e22d2""]",2365cbf7-945c-4cf0-b48a-d16d730ed425,False,active,BF,32080.522226748,31612.177301951,f8edaecf-8020-4564-bbf4-42b31ddc5d7a,7edb0577-da07-5c6f-8391-bb90e9822165,True,46,326c08f9-0a4e-439a-8039-f7b768b9e491,A,Gemessener Pipelineanteil; unbekannte Prozessgrenze separat,True,65ab8c0f-8e90-4b88-8520-97b2399c3ba2,1,1,2026-10-07T22:34:27.164934Z,explicit per metric; exact fractions and decimal display,A
M7-analysis-v5,7753dd3d-102a-5383-af77-d7047c6a615f,5,af64451f35d73e78d45599c56b254ad16f027493556fd397ad7b9cae48a9ba82,C-SQL-0,PIPE-TIME-237e38cd-51f3-46eb-a6a4-37590e078cd8,0294f6c032f413f4245e83b15db52ab8f50ccfa6163f315fda209ab5b27f96be,a132b12b-e7a2-4837-8603-2cfe9fd0228c,,,,,K0,2026-10-08T00:56:48.610212Z,dbb63e68d4ed9e904fa985aa5b88d674205b6caab086a8d981ac8918a9c68fb5,empirical,"[""4afc763c-033e-501c-9c9c-453207d31e62"",""1fed9611-d0cc-51e5-86e7-4ba237c836a2"",""0e4d4039-5409-5be7-a300-ded85e9c22d7"",""1c4afc6f-6679-57b7-ab6b-cec3053e85a1"",""76216ff6-0dab-5f43-913f-741c2deb7596"",""fe7c5fea-171a-5d3e-b93c-b9d53dca7c67"",""784c942d-b222-5013-a2e4-de4aa477a143"",""2f2d84f4-6f41-5df7-a828-cc0a3d9cdddf"",""c68f6332-f200-5595-940d-e5bcad78f1fe"",""54c3aba8-cb42-5023-9591-5cdd68bdd7c5"",""b9ac296e-4c6c-5cdc-9e03-14868c124af2"",""022ddff9-4332-5ba5-b884-42537f220a0c"",""0d262496-18e1-5973-84a6-84fbda64d0ff"",""447860c8-1d56-518b-88ad-7e103990b756"",""616ecfda-7163-5a8d-ba60-01f623d8b124"",""656bacfc-b102-5379-8db2-2f9f127621e0"",""88f2e658-6155-5924-bc85-63fe2aabb08a"",""9f032fb3-90ca-5749-aff5-1065077ac10e"",""4d2e4005-a84b-525b-a492-d367c5e405d0"",""12b20e20-e117-5c00-83bc-e589b92b730e"",""e97a5398-37b9-5e89-91a9-9b3ae48d9534"",""7a8f92c5-5f85-593a-bf90-08e13c60a2e6"",""aa66f5e3-ac0e-57d6-9b69-aa54ea7c4fb9"",""d07b7490-853e-562b-b662-305e89e7718d"",""596c0800-372d-5056-8a35-9f8661656bf4"",""d08816e6-d4d6-5f35-9de3-d86528fa7a96"",""2e126757-f17e-5ee2-93db-94d31ed944b2"",""5e1af4e2-330f-563f-b639-2d3cd8d276c8"",""49cd1889-2a56-5913-8723-929335f68874"",""82b898ba-3b6d-567f-8996-4f259b74547e"",""d38eb7d2-e78b-5c2f-93e4-2e34846e80e6"",""33effc64-dcfe-5ced-badf-c4df49f68dc1"",""a3a03b99-34c0-504b-b529-32b798db318a"",""8b3ec7b0-123f-5597-95f7-1fafc5810d01"",""035c5442-19b8-5a84-8a59-b352a9660279"",""d6d45010-72fa-5741-b733-88958a8795d2"",""ab8215e5-b753-5a6a-a4e7-ad9caf42eeac"",""1b20061c-b208-551a-b06c-81ffeff623fc"",""9b6d0913-2ae6-5dab-ab36-d05e1c51b208"",""a27c1fb2-edc1-57e6-9d74-adb5a13fed3b"",""4696448b-8c21-591b-80cc-7344ea0b95ec"",""c1d75a33-928c-5636-b99c-def1fb29e0f5"",""61eebfb6-2555-5bce-ba71-7a750427392a"",""aba074a1-d451-595d-bc12-e257adbe7383"",""1ca34094-ee4d-5962-a78a-174d361a9cd3"",""7edb0577-da07-5c6f-8391-bb90e9822165"",""d7c5d484-54dc-5d1e-a3ac-65d60267a12c"",""f416cc8b-3bc2-5c4c-a91c-c56faf748684""]",9f3fc94a-cc56-4e18-8393-a060d5dbb259,2026-10-08T00:56:48.603139Z,"[""3605ce94-5e18-4125-a18a-0eb2cb8fafbb""]",ed579eed-b321-4ad5-a78b-08a010244142,False,active,SQL,40153.558520673,39699.226396257,f8edaecf-8020-4564-bbf4-42b31ddc5d7a,d7c5d484-54dc-5d1e-a3ac-65d60267a12c,True,47,9f3fc94a-cc56-4e18-8393-a060d5dbb259,A,Gemessener Pipelineanteil; unbekannte Prozessgrenze separat,True,9d2a8092-df15-47cc-bd7a-a5f32ea63b35,1,1,2026-10-08T00:49:14.267925Z,explicit per metric; exact fractions and decimal display,A
M7-analysis-v5,7753dd3d-102a-5383-af77-d7047c6a615f,5,5e2cd784e68194e6618d1eb854a2f1d53c92faa75346b94870e0f79c1d33a8fc,C-SQL-1,PIPE-TIME-6c03ef44-4a03-49cf-8ee5-846df5dd7740,27b8151da86242809dca0369f6ae8205b3d9e19866f42442c95f91863350f15a,6f7f3a3c-8647-488b-b587-d1d430125ce9,,,,,K1,2026-10-08T01:32:49.812546Z,dbb63e68d4ed9e904fa985aa5b88d674205b6caab086a8d981ac8918a9c68fb5,empirical,"[""4afc763c-033e-501c-9c9c-453207d31e62"",""1fed9611-d0cc-51e5-86e7-4ba237c836a2"",""0e4d4039-5409-5be7-a300-ded85e9c22d7"",""1c4afc6f-6679-57b7-ab6b-cec3053e85a1"",""76216ff6-0dab-5f43-913f-741c2deb7596"",""fe7c5fea-171a-5d3e-b93c-b9d53dca7c67"",""784c942d-b222-5013-a2e4-de4aa477a143"",""2f2d84f4-6f41-5df7-a828-cc0a3d9cdddf"",""c68f6332-f200-5595-940d-e5bcad78f1fe"",""54c3aba8-cb42-5023-9591-5cdd68bdd7c5"",""b9ac296e-4c6c-5cdc-9e03-14868c124af2"",""022ddff9-4332-5ba5-b884-42537f220a0c"",""0d262496-18e1-5973-84a6-84fbda64d0ff"",""447860c8-1d56-518b-88ad-7e103990b756"",""616ecfda-7163-5a8d-ba60-01f623d8b124"",""656bacfc-b102-5379-8db2-2f9f127621e0"",""88f2e658-6155-5924-bc85-63fe2aabb08a"",""9f032fb3-90ca-5749-aff5-1065077ac10e"",""4d2e4005-a84b-525b-a492-d367c5e405d0"",""12b20e20-e117-5c00-83bc-e589b92b730e"",""e97a5398-37b9-5e89-91a9-9b3ae48d9534"",""7a8f92c5-5f85-593a-bf90-08e13c60a2e6"",""aa66f5e3-ac0e-57d6-9b69-aa54ea7c4fb9"",""d07b7490-853e-562b-b662-305e89e7718d"",""596c0800-372d-5056-8a35-9f8661656bf4"",""d08816e6-d4d6-5f35-9de3-d86528fa7a96"",""2e126757-f17e-5ee2-93db-94d31ed944b2"",""5e1af4e2-330f-563f-b639-2d3cd8d276c8"",""49cd1889-2a56-5913-8723-929335f68874"",""82b898ba-3b6d-567f-8996-4f259b74547e"",""d38eb7d2-e78b-5c2f-93e4-2e34846e80e6"",""33effc64-dcfe-5ced-badf-c4df49f68dc1"",""a3a03b99-34c0-504b-b529-32b798db318a"",""8b3ec7b0-123f-5597-95f7-1fafc5810d01"",""035c5442-19b8-5a84-8a59-b352a9660279"",""d6d45010-72fa-5741-b733-88958a8795d2"",""ab8215e5-b753-5a6a-a4e7-ad9caf42eeac"",""1b20061c-b208-551a-b06c-81ffeff623fc"",""9b6d0913-2ae6-5dab-ab36-d05e1c51b208"",""a27c1fb2-edc1-57e6-9d74-adb5a13fed3b"",""4696448b-8c21-591b-80cc-7344ea0b95ec"",""c1d75a33-928c-5636-b99c-def1fb29e0f5"",""61eebfb6-2555-5bce-ba71-7a750427392a"",""aba074a1-d451-595d-bc12-e257adbe7383"",""1ca34094-ee4d-5962-a78a-174d361a9cd3"",""7edb0577-da07-5c6f-8391-bb90e9822165"",""d7c5d484-54dc-5d1e-a3ac-65d60267a12c"",""f416cc8b-3bc2-5c4c-a91c-c56faf748684""]",2292cd27-d303-4294-9a98-d3cb52b08685,2026-10-08T01:32:49.805748Z,"[""e553d737-a627-474e-bfe1-87c0d889d253""]",d449c9d0-96ec-4707-b0e2-33ed426aacd7,False,active,SQL,42314.754049491,41909.577317224,f8edaecf-8020-4564-bbf4-42b31ddc5d7a,f416cc8b-3bc2-5c4c-a91c-c56faf748684,True,48,2292cd27-d303-4294-9a98-d3cb52b08685,A,Gemessener Pipelineanteil; unbekannte Prozessgrenze separat,True,ca01d777-1bf3-4bae-96d4-974ae4f9359d,1,1,2026-10-08T01:26:04.629632Z,explicit per metric; exact fractions and decimal display,A
