analysis_version,block_id,block_index,candidate_hash,cell_key,code,code_artifact_id,compatibility.candidate_hash,compatibility.candidate_id,compatibility.contract_id,compatibility.phase_id,compatibility.suite_id,compatibility.tool_id,completion,configuration_hash,configuration_id,context,created_at,criterion,data_hash,data_origin,denominator_sets.planned_ids,file_path,id,in_b_e,lines,measurement_ids,module,person,phase_id,planned_id,planner,position,predecessor_id,producer,reason,review,reviewed_at,reviewer_origin,revision,rubric_id,run_id,schema_version,table_unit,verdict.reason,verdict.source,verdict.status,verdict.unit,verdict.value,verdict.value_kind,verifier
M7-analysis-v5,2394b234-0bc9-5e4f-b3e2-b83fed46e68b,1,3f84b747bd1f85e0ca02784596b28635a58f099d2280c11d6a58a2a96314c85f,E-AB,HUMAN-REVIEW-71cd9950-6614-428a-86af-6fcb0daf67c3,ca21eac9-df11-4db0-a511-f88bcddbb966,3f84b747bd1f85e0ca02784596b28635a58f099d2280c11d6a58a2a96314c85f,5eccb44e-dd7d-46eb-9274-f1b0f759430f,8c6cccdc-37a3-46ac-82a5-a22d1d69000f,f8edaecf-8020-4564-bbf4-42b31ddc5d7a,2d9849af-4973-4fd8-a822-d8a60e17e5f5,81de6e6f-7d67-40af-b2be-f629e89085ed,completed,e1ea2ccf80fbb81f94b29b70bdd06508e2b9419500b1ca0ecfd5317a4540e358,37d46947-813a-4296-a328-81c505b1dba7,K1,2026-10-07T01:09:56.869704Z,T4,dbb63e68d4ed9e904fa985aa5b88d674205b6caab086a8d981ac8918a9c68fb5,empirical,"[""4afc763c-033e-501c-9c9c-453207d31e62"",""1fed9611-d0cc-51e5-86e7-4ba237c836a2"",""0e4d4039-5409-5be7-a300-ded85e9c22d7"",""1c4afc6f-6679-57b7-ab6b-cec3053e85a1"",""76216ff6-0dab-5f43-913f-741c2deb7596"",""fe7c5fea-171a-5d3e-b93c-b9d53dca7c67"",""784c942d-b222-5013-a2e4-de4aa477a143"",""2f2d84f4-6f41-5df7-a828-cc0a3d9cdddf"",""c68f6332-f200-5595-940d-e5bcad78f1fe"",""54c3aba8-cb42-5023-9591-5cdd68bdd7c5"",""b9ac296e-4c6c-5cdc-9e03-14868c124af2"",""022ddff9-4332-5ba5-b884-42537f220a0c"",""0d262496-18e1-5973-84a6-84fbda64d0ff"",""447860c8-1d56-518b-88ad-7e103990b756"",""616ecfda-7163-5a8d-ba60-01f623d8b124"",""656bacfc-b102-5379-8db2-2f9f127621e0"",""88f2e658-6155-5924-bc85-63fe2aabb08a"",""9f032fb3-90ca-5749-aff5-1065077ac10e"",""4d2e4005-a84b-525b-a492-d367c5e405d0"",""12b20e20-e117-5c00-83bc-e589b92b730e"",""e97a5398-37b9-5e89-91a9-9b3ae48d9534"",""7a8f92c5-5f85-593a-bf90-08e13c60a2e6"",""aa66f5e3-ac0e-57d6-9b69-aa54ea7c4fb9"",""d07b7490-853e-562b-b662-305e89e7718d"",""596c0800-372d-5056-8a35-9f8661656bf4"",""d08816e6-d4d6-5f35-9de3-d86528fa7a96"",""2e126757-f17e-5ee2-93db-94d31ed944b2"",""5e1af4e2-330f-563f-b639-2d3cd8d276c8"",""49cd1889-2a56-5913-8723-929335f68874"",""82b898ba-3b6d-567f-8996-4f259b74547e"",""d38eb7d2-e78b-5c2f-93e4-2e34846e80e6"",""33effc64-dcfe-5ced-badf-c4df49f68dc1"",""a3a03b99-34c0-504b-b529-32b798db318a"",""8b3ec7b0-123f-5597-95f7-1fafc5810d01"",""035c5442-19b8-5a84-8a59-b352a9660279"",""d6d45010-72fa-5741-b733-88958a8795d2"",""ab8215e5-b753-5a6a-a4e7-ad9caf42eeac"",""1b20061c-b208-551a-b06c-81ffeff623fc"",""9b6d0913-2ae6-5dab-ab36-d05e1c51b208"",""a27c1fb2-edc1-57e6-9d74-adb5a13fed3b"",""4696448b-8c21-591b-80cc-7344ea0b95ec"",""c1d75a33-928c-5636-b99c-def1fb29e0f5"",""61eebfb6-2555-5bce-ba71-7a750427392a"",""aba074a1-d451-595d-bc12-e257adbe7383"",""1ca34094-ee4d-5962-a78a-174d361a9cd3"",""7edb0577-da07-5c6f-8391-bb90e9822165"",""d7c5d484-54dc-5d1e-a3ac-65d60267a12c"",""f416cc8b-3bc2-5c4c-a91c-c56faf748684""]",app/Http/Controllers/Study/SqlInjectionController.php,8d66d0a5-cc4a-473c-bb7c-b00c6230fdb0,True,34-38,"[""06a34b6f-24b2-4821-8174-df389bb8eff0""]",SQL,Noah Fiedler,f8edaecf-8020-4564-bbf4-42b31ddc5d7a,4afc763c-033e-501c-9c9c-453207d31e62,True,1,94bacace-ab95-479b-8ca0-77473fc6243b,A,"SqlInjectionController.php Z. 34–38 benutzt DB::connection('mysql')->table('users')->select(['first_name','last_name'])->where('user_id','=',$id)->first(). Das ist ein parametrisierter Laravel-Query-Builder. Das Ergebnis geht in Z. 40–43 ungefiltert in die View. Die Verbindung mysql ist in config/database.php Z. 47–55 per env() konfiguriert. Ich habe keine Ersatzquelle gefunden (keine mysqli/SQLite-Verbindung, kein switch, keine feste Liste). Offen ist nur der Abgleich mit den unabhängigen R5-Integrationsbefunden aus der Forschungsumgebung (Revision, Fall-/Befund-IDs mit Ein- und Ausgabe). Die Anleitung verlangt ihn für T4.",True,2026-10-07T01:09:56.869699Z,human,2,972066a9-40db-412d-b51a-dd1bcb10681b,e10cc3d4-0100-4121-8706-3222fbbbac9d,1,explicit per metric; exact fractions and decimal display,,Menschliche lokale Selbstauskunft,observed,binary,1,decimal,B
M7-analysis-v5,2394b234-0bc9-5e4f-b3e2-b83fed46e68b,1,3f84b747bd1f85e0ca02784596b28635a58f099d2280c11d6a58a2a96314c85f,E-AB,HUMAN-REVIEW-85f6eab0-800a-4d8a-b348-3aafe36ac988,d8b014d9-aaae-46ef-9ed2-a1a826a4148a,3f84b747bd1f85e0ca02784596b28635a58f099d2280c11d6a58a2a96314c85f,5eccb44e-dd7d-46eb-9274-f1b0f759430f,8c6cccdc-37a3-46ac-82a5-a22d1d69000f,f8edaecf-8020-4564-bbf4-42b31ddc5d7a,2d9849af-4973-4fd8-a822-d8a60e17e5f5,81de6e6f-7d67-40af-b2be-f629e89085ed,completed,e1ea2ccf80fbb81f94b29b70bdd06508e2b9419500b1ca0ecfd5317a4540e358,37d46947-813a-4296-a328-81c505b1dba7,K1,2026-10-07T01:06:50.756091Z,T2,dbb63e68d4ed9e904fa985aa5b88d674205b6caab086a8d981ac8918a9c68fb5,empirical,"[""4afc763c-033e-501c-9c9c-453207d31e62"",""1fed9611-d0cc-51e5-86e7-4ba237c836a2"",""0e4d4039-5409-5be7-a300-ded85e9c22d7"",""1c4afc6f-6679-57b7-ab6b-cec3053e85a1"",""76216ff6-0dab-5f43-913f-741c2deb7596"",""fe7c5fea-171a-5d3e-b93c-b9d53dca7c67"",""784c942d-b222-5013-a2e4-de4aa477a143"",""2f2d84f4-6f41-5df7-a828-cc0a3d9cdddf"",""c68f6332-f200-5595-940d-e5bcad78f1fe"",""54c3aba8-cb42-5023-9591-5cdd68bdd7c5"",""b9ac296e-4c6c-5cdc-9e03-14868c124af2"",""022ddff9-4332-5ba5-b884-42537f220a0c"",""0d262496-18e1-5973-84a6-84fbda64d0ff"",""447860c8-1d56-518b-88ad-7e103990b756"",""616ecfda-7163-5a8d-ba60-01f623d8b124"",""656bacfc-b102-5379-8db2-2f9f127621e0"",""88f2e658-6155-5924-bc85-63fe2aabb08a"",""9f032fb3-90ca-5749-aff5-1065077ac10e"",""4d2e4005-a84b-525b-a492-d367c5e405d0"",""12b20e20-e117-5c00-83bc-e589b92b730e"",""e97a5398-37b9-5e89-91a9-9b3ae48d9534"",""7a8f92c5-5f85-593a-bf90-08e13c60a2e6"",""aa66f5e3-ac0e-57d6-9b69-aa54ea7c4fb9"",""d07b7490-853e-562b-b662-305e89e7718d"",""596c0800-372d-5056-8a35-9f8661656bf4"",""d08816e6-d4d6-5f35-9de3-d86528fa7a96"",""2e126757-f17e-5ee2-93db-94d31ed944b2"",""5e1af4e2-330f-563f-b639-2d3cd8d276c8"",""49cd1889-2a56-5913-8723-929335f68874"",""82b898ba-3b6d-567f-8996-4f259b74547e"",""d38eb7d2-e78b-5c2f-93e4-2e34846e80e6"",""33effc64-dcfe-5ced-badf-c4df49f68dc1"",""a3a03b99-34c0-504b-b529-32b798db318a"",""8b3ec7b0-123f-5597-95f7-1fafc5810d01"",""035c5442-19b8-5a84-8a59-b352a9660279"",""d6d45010-72fa-5741-b733-88958a8795d2"",""ab8215e5-b753-5a6a-a4e7-ad9caf42eeac"",""1b20061c-b208-551a-b06c-81ffeff623fc"",""9b6d0913-2ae6-5dab-ab36-d05e1c51b208"",""a27c1fb2-edc1-57e6-9d74-adb5a13fed3b"",""4696448b-8c21-591b-80cc-7344ea0b95ec"",""c1d75a33-928c-5636-b99c-def1fb29e0f5"",""61eebfb6-2555-5bce-ba71-7a750427392a"",""aba074a1-d451-595d-bc12-e257adbe7383"",""1ca34094-ee4d-5962-a78a-174d361a9cd3"",""7edb0577-da07-5c6f-8391-bb90e9822165"",""d7c5d484-54dc-5d1e-a3ac-65d60267a12c"",""f416cc8b-3bc2-5c4c-a91c-c56faf748684""]",routes/study.php,c0178323-9821-44f1-ac44-9d5f94e62837,True,6,[],SQL,Noah Fiedler,f8edaecf-8020-4564-bbf4-42b31ddc5d7a,4afc763c-033e-501c-9c9c-453207d31e62,True,1,9939cc99-e031-4ff2-b05f-85c624896b9b,A,"routes/study.php Z. 6 ordnet /study/sqli per GET SqlInjectionController::show zu. routes/web.php Z. 8 lädt die Datei in der auth-Gruppe. app/Http/Controllers/Study/SqlInjectionController.php Z. 14–44 verarbeitet alles selbst. Das gilt für die Formularanzeige ohne Submit (Z. 18–23), die ID-Validierung (Z. 25–32) und die Abfrage (Z. 34–43). Es gibt keinen Legacy-Skript-Aufruf und keinen Helfer.",True,2026-10-07T01:06:50.756083Z,human,2,972066a9-40db-412d-b51a-dd1bcb10681b,e10cc3d4-0100-4121-8706-3222fbbbac9d,1,explicit per metric; exact fractions and decimal display,,Menschliche lokale Selbstauskunft,observed,binary,1,decimal,B
M7-analysis-v5,2394b234-0bc9-5e4f-b3e2-b83fed46e68b,1,3f84b747bd1f85e0ca02784596b28635a58f099d2280c11d6a58a2a96314c85f,E-AB,HUMAN-REVIEW-f91275f0-5870-4db6-8ba0-ca20e0d4c9fa,ca21eac9-df11-4db0-a511-f88bcddbb966,3f84b747bd1f85e0ca02784596b28635a58f099d2280c11d6a58a2a96314c85f,5eccb44e-dd7d-46eb-9274-f1b0f759430f,8c6cccdc-37a3-46ac-82a5-a22d1d69000f,f8edaecf-8020-4564-bbf4-42b31ddc5d7a,2d9849af-4973-4fd8-a822-d8a60e17e5f5,81de6e6f-7d67-40af-b2be-f629e89085ed,completed,e1ea2ccf80fbb81f94b29b70bdd06508e2b9419500b1ca0ecfd5317a4540e358,37d46947-813a-4296-a328-81c505b1dba7,K1,2026-10-07T01:08:58.704581Z,T3,dbb63e68d4ed9e904fa985aa5b88d674205b6caab086a8d981ac8918a9c68fb5,empirical,"[""4afc763c-033e-501c-9c9c-453207d31e62"",""1fed9611-d0cc-51e5-86e7-4ba237c836a2"",""0e4d4039-5409-5be7-a300-ded85e9c22d7"",""1c4afc6f-6679-57b7-ab6b-cec3053e85a1"",""76216ff6-0dab-5f43-913f-741c2deb7596"",""fe7c5fea-171a-5d3e-b93c-b9d53dca7c67"",""784c942d-b222-5013-a2e4-de4aa477a143"",""2f2d84f4-6f41-5df7-a828-cc0a3d9cdddf"",""c68f6332-f200-5595-940d-e5bcad78f1fe"",""54c3aba8-cb42-5023-9591-5cdd68bdd7c5"",""b9ac296e-4c6c-5cdc-9e03-14868c124af2"",""022ddff9-4332-5ba5-b884-42537f220a0c"",""0d262496-18e1-5973-84a6-84fbda64d0ff"",""447860c8-1d56-518b-88ad-7e103990b756"",""616ecfda-7163-5a8d-ba60-01f623d8b124"",""656bacfc-b102-5379-8db2-2f9f127621e0"",""88f2e658-6155-5924-bc85-63fe2aabb08a"",""9f032fb3-90ca-5749-aff5-1065077ac10e"",""4d2e4005-a84b-525b-a492-d367c5e405d0"",""12b20e20-e117-5c00-83bc-e589b92b730e"",""e97a5398-37b9-5e89-91a9-9b3ae48d9534"",""7a8f92c5-5f85-593a-bf90-08e13c60a2e6"",""aa66f5e3-ac0e-57d6-9b69-aa54ea7c4fb9"",""d07b7490-853e-562b-b662-305e89e7718d"",""596c0800-372d-5056-8a35-9f8661656bf4"",""d08816e6-d4d6-5f35-9de3-d86528fa7a96"",""2e126757-f17e-5ee2-93db-94d31ed944b2"",""5e1af4e2-330f-563f-b639-2d3cd8d276c8"",""49cd1889-2a56-5913-8723-929335f68874"",""82b898ba-3b6d-567f-8996-4f259b74547e"",""d38eb7d2-e78b-5c2f-93e4-2e34846e80e6"",""33effc64-dcfe-5ced-badf-c4df49f68dc1"",""a3a03b99-34c0-504b-b529-32b798db318a"",""8b3ec7b0-123f-5597-95f7-1fafc5810d01"",""035c5442-19b8-5a84-8a59-b352a9660279"",""d6d45010-72fa-5741-b733-88958a8795d2"",""ab8215e5-b753-5a6a-a4e7-ad9caf42eeac"",""1b20061c-b208-551a-b06c-81ffeff623fc"",""9b6d0913-2ae6-5dab-ab36-d05e1c51b208"",""a27c1fb2-edc1-57e6-9d74-adb5a13fed3b"",""4696448b-8c21-591b-80cc-7344ea0b95ec"",""c1d75a33-928c-5636-b99c-def1fb29e0f5"",""61eebfb6-2555-5bce-ba71-7a750427392a"",""aba074a1-d451-595d-bc12-e257adbe7383"",""1ca34094-ee4d-5962-a78a-174d361a9cd3"",""7edb0577-da07-5c6f-8391-bb90e9822165"",""d7c5d484-54dc-5d1e-a3ac-65d60267a12c"",""f416cc8b-3bc2-5c4c-a91c-c56faf748684""]",app/Http/Controllers/Study/SqlInjectionController.php,8b7d1597-0d83-43f4-984e-b41a6c3b1d11,True,19-40,[],SQL,Noah Fiedler,f8edaecf-8020-4564-bbf4-42b31ddc5d7a,4afc763c-033e-501c-9c9c-453207d31e62,True,1,d7f396bf-dd70-4e51-aff3-fc11c9d8ca47,A,"Alle drei Rückgaben im Controller nutzen response()->view('study.sqli', …) (Z. 19, 28, 40). resources/views/study/sqli.blade.php Z. 10–14 enthält das Formular mit id und Submit. Z. 16–22 zeigen den Status ({{ $status }}) und bei SUCCESS Vor- und Nachname. Die Zweige NEGATIVE und INPUT_ERROR (leere oder ungültige ID, HTTP 422) laufen über dieselbe View. Es wird kein HTML direkt zurückgegeben.",True,2026-10-07T01:08:58.704575Z,human,2,972066a9-40db-412d-b51a-dd1bcb10681b,e10cc3d4-0100-4121-8706-3222fbbbac9d,1,explicit per metric; exact fractions and decimal display,,Menschliche lokale Selbstauskunft,observed,binary,1,decimal,B
M7-analysis-v5,2394b234-0bc9-5e4f-b3e2-b83fed46e68b,1,3f84b747bd1f85e0ca02784596b28635a58f099d2280c11d6a58a2a96314c85f,E-AB,M6-T1-7166db81-890b-4c7f-811b-c2cec7002f92,bb476b09-bcb6-48e8-a1f1-255393d35845,3f84b747bd1f85e0ca02784596b28635a58f099d2280c11d6a58a2a96314c85f,5eccb44e-dd7d-46eb-9274-f1b0f759430f,8c6cccdc-37a3-46ac-82a5-a22d1d69000f,f8edaecf-8020-4564-bbf4-42b31ddc5d7a,2d9849af-4973-4fd8-a822-d8a60e17e5f5,81de6e6f-7d67-40af-b2be-f629e89085ed,completed,e1ea2ccf80fbb81f94b29b70bdd06508e2b9419500b1ca0ecfd5317a4540e358,37d46947-813a-4296-a328-81c505b1dba7,K1,2026-10-07T00:52:39.020134Z,T1,dbb63e68d4ed9e904fa985aa5b88d674205b6caab086a8d981ac8918a9c68fb5,empirical,"[""4afc763c-033e-501c-9c9c-453207d31e62"",""1fed9611-d0cc-51e5-86e7-4ba237c836a2"",""0e4d4039-5409-5be7-a300-ded85e9c22d7"",""1c4afc6f-6679-57b7-ab6b-cec3053e85a1"",""76216ff6-0dab-5f43-913f-741c2deb7596"",""fe7c5fea-171a-5d3e-b93c-b9d53dca7c67"",""784c942d-b222-5013-a2e4-de4aa477a143"",""2f2d84f4-6f41-5df7-a828-cc0a3d9cdddf"",""c68f6332-f200-5595-940d-e5bcad78f1fe"",""54c3aba8-cb42-5023-9591-5cdd68bdd7c5"",""b9ac296e-4c6c-5cdc-9e03-14868c124af2"",""022ddff9-4332-5ba5-b884-42537f220a0c"",""0d262496-18e1-5973-84a6-84fbda64d0ff"",""447860c8-1d56-518b-88ad-7e103990b756"",""616ecfda-7163-5a8d-ba60-01f623d8b124"",""656bacfc-b102-5379-8db2-2f9f127621e0"",""88f2e658-6155-5924-bc85-63fe2aabb08a"",""9f032fb3-90ca-5749-aff5-1065077ac10e"",""4d2e4005-a84b-525b-a492-d367c5e405d0"",""12b20e20-e117-5c00-83bc-e589b92b730e"",""e97a5398-37b9-5e89-91a9-9b3ae48d9534"",""7a8f92c5-5f85-593a-bf90-08e13c60a2e6"",""aa66f5e3-ac0e-57d6-9b69-aa54ea7c4fb9"",""d07b7490-853e-562b-b662-305e89e7718d"",""596c0800-372d-5056-8a35-9f8661656bf4"",""d08816e6-d4d6-5f35-9de3-d86528fa7a96"",""2e126757-f17e-5ee2-93db-94d31ed944b2"",""5e1af4e2-330f-563f-b639-2d3cd8d276c8"",""49cd1889-2a56-5913-8723-929335f68874"",""82b898ba-3b6d-567f-8996-4f259b74547e"",""d38eb7d2-e78b-5c2f-93e4-2e34846e80e6"",""33effc64-dcfe-5ced-badf-c4df49f68dc1"",""a3a03b99-34c0-504b-b529-32b798db318a"",""8b3ec7b0-123f-5597-95f7-1fafc5810d01"",""035c5442-19b8-5a84-8a59-b352a9660279"",""d6d45010-72fa-5741-b733-88958a8795d2"",""ab8215e5-b753-5a6a-a4e7-ad9caf42eeac"",""1b20061c-b208-551a-b06c-81ffeff623fc"",""9b6d0913-2ae6-5dab-ab36-d05e1c51b208"",""a27c1fb2-edc1-57e6-9d74-adb5a13fed3b"",""4696448b-8c21-591b-80cc-7344ea0b95ec"",""c1d75a33-928c-5636-b99c-def1fb29e0f5"",""61eebfb6-2555-5bce-ba71-7a750427392a"",""aba074a1-d451-595d-bc12-e257adbe7383"",""1ca34094-ee4d-5962-a78a-174d361a9cd3"",""7edb0577-da07-5c6f-8391-bb90e9822165"",""d7c5d484-54dc-5d1e-a3ac-65d60267a12c"",""f416cc8b-3bc2-5c4c-a91c-c56faf748684""]",,3cfe5c2e-cc94-48a9-adba-bce25613cda7,True,,[],SQL,M6-evaluator-v1,f8edaecf-8020-4564-bbf4-42b31ddc5d7a,4afc763c-033e-501c-9c9c-453207d31e62,True,1,,A,Native syntax/boot plus independent intact scaffold control,True,2026-10-07T00:52:39.020115Z,automatic,1,972066a9-40db-412d-b51a-dd1bcb10681b,e10cc3d4-0100-4121-8706-3222fbbbac9d,1,explicit per metric; exact fractions and decimal display,,M6-evaluator-v1,observed,binary,1,decimal,B
M7-analysis-v5,2394b234-0bc9-5e4f-b3e2-b83fed46e68b,1,3f84b747bd1f85e0ca02784596b28635a58f099d2280c11d6a58a2a96314c85f,E-AB,M6-T5-951a78c7-da59-4348-bcbe-94ea2378cff9,49a57181-5970-489e-93e0-2241c88037ec,3f84b747bd1f85e0ca02784596b28635a58f099d2280c11d6a58a2a96314c85f,5eccb44e-dd7d-46eb-9274-f1b0f759430f,8c6cccdc-37a3-46ac-82a5-a22d1d69000f,f8edaecf-8020-4564-bbf4-42b31ddc5d7a,2d9849af-4973-4fd8-a822-d8a60e17e5f5,81de6e6f-7d67-40af-b2be-f629e89085ed,completed,e1ea2ccf80fbb81f94b29b70bdd06508e2b9419500b1ca0ecfd5317a4540e358,37d46947-813a-4296-a328-81c505b1dba7,K1,2026-10-07T00:52:39.023640Z,T5,dbb63e68d4ed9e904fa985aa5b88d674205b6caab086a8d981ac8918a9c68fb5,empirical,"[""4afc763c-033e-501c-9c9c-453207d31e62"",""1fed9611-d0cc-51e5-86e7-4ba237c836a2"",""0e4d4039-5409-5be7-a300-ded85e9c22d7"",""1c4afc6f-6679-57b7-ab6b-cec3053e85a1"",""76216ff6-0dab-5f43-913f-741c2deb7596"",""fe7c5fea-171a-5d3e-b93c-b9d53dca7c67"",""784c942d-b222-5013-a2e4-de4aa477a143"",""2f2d84f4-6f41-5df7-a828-cc0a3d9cdddf"",""c68f6332-f200-5595-940d-e5bcad78f1fe"",""54c3aba8-cb42-5023-9591-5cdd68bdd7c5"",""b9ac296e-4c6c-5cdc-9e03-14868c124af2"",""022ddff9-4332-5ba5-b884-42537f220a0c"",""0d262496-18e1-5973-84a6-84fbda64d0ff"",""447860c8-1d56-518b-88ad-7e103990b756"",""616ecfda-7163-5a8d-ba60-01f623d8b124"",""656bacfc-b102-5379-8db2-2f9f127621e0"",""88f2e658-6155-5924-bc85-63fe2aabb08a"",""9f032fb3-90ca-5749-aff5-1065077ac10e"",""4d2e4005-a84b-525b-a492-d367c5e405d0"",""12b20e20-e117-5c00-83bc-e589b92b730e"",""e97a5398-37b9-5e89-91a9-9b3ae48d9534"",""7a8f92c5-5f85-593a-bf90-08e13c60a2e6"",""aa66f5e3-ac0e-57d6-9b69-aa54ea7c4fb9"",""d07b7490-853e-562b-b662-305e89e7718d"",""596c0800-372d-5056-8a35-9f8661656bf4"",""d08816e6-d4d6-5f35-9de3-d86528fa7a96"",""2e126757-f17e-5ee2-93db-94d31ed944b2"",""5e1af4e2-330f-563f-b639-2d3cd8d276c8"",""49cd1889-2a56-5913-8723-929335f68874"",""82b898ba-3b6d-567f-8996-4f259b74547e"",""d38eb7d2-e78b-5c2f-93e4-2e34846e80e6"",""33effc64-dcfe-5ced-badf-c4df49f68dc1"",""a3a03b99-34c0-504b-b529-32b798db318a"",""8b3ec7b0-123f-5597-95f7-1fafc5810d01"",""035c5442-19b8-5a84-8a59-b352a9660279"",""d6d45010-72fa-5741-b733-88958a8795d2"",""ab8215e5-b753-5a6a-a4e7-ad9caf42eeac"",""1b20061c-b208-551a-b06c-81ffeff623fc"",""9b6d0913-2ae6-5dab-ab36-d05e1c51b208"",""a27c1fb2-edc1-57e6-9d74-adb5a13fed3b"",""4696448b-8c21-591b-80cc-7344ea0b95ec"",""c1d75a33-928c-5636-b99c-def1fb29e0f5"",""61eebfb6-2555-5bce-ba71-7a750427392a"",""aba074a1-d451-595d-bc12-e257adbe7383"",""1ca34094-ee4d-5962-a78a-174d361a9cd3"",""7edb0577-da07-5c6f-8391-bb90e9822165"",""d7c5d484-54dc-5d1e-a3ac-65d60267a12c"",""f416cc8b-3bc2-5c4c-a91c-c56faf748684""]",,a74540df-ae1b-4598-8519-c5861e716b59,True,,[],SQL,M6-evaluator-v1,f8edaecf-8020-4564-bbf4-42b31ddc5d7a,4afc763c-033e-501c-9c9c-453207d31e62,True,1,,A,Protected scaffold/allowlist and effective access routes against intact control; other semantic doubt stays open,True,2026-10-07T00:52:39.023635Z,automatic,1,972066a9-40db-412d-b51a-dd1bcb10681b,e10cc3d4-0100-4121-8706-3222fbbbac9d,1,explicit per metric; exact fractions and decimal display,,M6-evaluator-v1,observed,binary,1,decimal,B
M7-analysis-v5,2394b234-0bc9-5e4f-b3e2-b83fed46e68b,1,3f7b25cee4fd7476653c5b7444369736cf61ac4199da6648e3573f7618d555da,C-BF-1,HUMAN-REVIEW-221fe277-b7b0-494c-9a62-b2929d67976d,69a11903-8a6d-4693-b53d-0457b3e40511,3f7b25cee4fd7476653c5b7444369736cf61ac4199da6648e3573f7618d555da,aa56c172-2980-4374-aa9e-1e56901858d9,8c6cccdc-37a3-46ac-82a5-a22d1d69000f,f8edaecf-8020-4564-bbf4-42b31ddc5d7a,2d9849af-4973-4fd8-a822-d8a60e17e5f5,81de6e6f-7d67-40af-b2be-f629e89085ed,completed,202e1e0a33d9d0d7b92585572740cd6b1ca70f7699cac883e8579e11bac45057,651e080b-10b7-40ff-9204-1dd148ce6638,K1,2026-10-07T01:31:06.577791Z,T4,dbb63e68d4ed9e904fa985aa5b88d674205b6caab086a8d981ac8918a9c68fb5,empirical,"[""4afc763c-033e-501c-9c9c-453207d31e62"",""1fed9611-d0cc-51e5-86e7-4ba237c836a2"",""0e4d4039-5409-5be7-a300-ded85e9c22d7"",""1c4afc6f-6679-57b7-ab6b-cec3053e85a1"",""76216ff6-0dab-5f43-913f-741c2deb7596"",""fe7c5fea-171a-5d3e-b93c-b9d53dca7c67"",""784c942d-b222-5013-a2e4-de4aa477a143"",""2f2d84f4-6f41-5df7-a828-cc0a3d9cdddf"",""c68f6332-f200-5595-940d-e5bcad78f1fe"",""54c3aba8-cb42-5023-9591-5cdd68bdd7c5"",""b9ac296e-4c6c-5cdc-9e03-14868c124af2"",""022ddff9-4332-5ba5-b884-42537f220a0c"",""0d262496-18e1-5973-84a6-84fbda64d0ff"",""447860c8-1d56-518b-88ad-7e103990b756"",""616ecfda-7163-5a8d-ba60-01f623d8b124"",""656bacfc-b102-5379-8db2-2f9f127621e0"",""88f2e658-6155-5924-bc85-63fe2aabb08a"",""9f032fb3-90ca-5749-aff5-1065077ac10e"",""4d2e4005-a84b-525b-a492-d367c5e405d0"",""12b20e20-e117-5c00-83bc-e589b92b730e"",""e97a5398-37b9-5e89-91a9-9b3ae48d9534"",""7a8f92c5-5f85-593a-bf90-08e13c60a2e6"",""aa66f5e3-ac0e-57d6-9b69-aa54ea7c4fb9"",""d07b7490-853e-562b-b662-305e89e7718d"",""596c0800-372d-5056-8a35-9f8661656bf4"",""d08816e6-d4d6-5f35-9de3-d86528fa7a96"",""2e126757-f17e-5ee2-93db-94d31ed944b2"",""5e1af4e2-330f-563f-b639-2d3cd8d276c8"",""49cd1889-2a56-5913-8723-929335f68874"",""82b898ba-3b6d-567f-8996-4f259b74547e"",""d38eb7d2-e78b-5c2f-93e4-2e34846e80e6"",""33effc64-dcfe-5ced-badf-c4df49f68dc1"",""a3a03b99-34c0-504b-b529-32b798db318a"",""8b3ec7b0-123f-5597-95f7-1fafc5810d01"",""035c5442-19b8-5a84-8a59-b352a9660279"",""d6d45010-72fa-5741-b733-88958a8795d2"",""ab8215e5-b753-5a6a-a4e7-ad9caf42eeac"",""1b20061c-b208-551a-b06c-81ffeff623fc"",""9b6d0913-2ae6-5dab-ab36-d05e1c51b208"",""a27c1fb2-edc1-57e6-9d74-adb5a13fed3b"",""4696448b-8c21-591b-80cc-7344ea0b95ec"",""c1d75a33-928c-5636-b99c-def1fb29e0f5"",""61eebfb6-2555-5bce-ba71-7a750427392a"",""aba074a1-d451-595d-bc12-e257adbe7383"",""1ca34094-ee4d-5962-a78a-174d361a9cd3"",""7edb0577-da07-5c6f-8391-bb90e9822165"",""d7c5d484-54dc-5d1e-a3ac-65d60267a12c"",""f416cc8b-3bc2-5c4c-a91c-c56faf748684""]",app/Http/Controllers/Study/BruteForceController.php,076a8c4c-380f-47d8-a4a4-dbd3496278a3,True,42-51,"[""93ccf42f-353f-4bf4-a0cc-4ec3ed4fb61b""]",BF,Noah Fiedler,f8edaecf-8020-4564-bbf4-42b31ddc5d7a,1fed9611-d0cc-51e5-86e7-4ba237c836a2,True,2,8755ec82-7155-4507-a1ff-56501f9ec9f1,A,"Der Quellcode spricht deutlich für die korrekte Laravel-Anbindung: DB::connection('mysql') verwendet den Laravel Query Builder, liest password und avatar aus users und bindet username über where('user', $username) ein (42–46). Bei erfolgreichem Passwortvergleich wird genau das gelesene Avatar-Feld an die Blade-View übergeben (48–51). Die vorhandenen Entwicklungsdaten enthalten unterschiedliche Benutzer-/Avatarwerte (development-users.sql: 1–2).",True,2026-10-07T01:31:06.577784Z,human,2,972066a9-40db-412d-b51a-dd1bcb10681b,adff56bd-3d96-437d-8ee8-4923e1b0b2b9,1,explicit per metric; exact fractions and decimal display,,Menschliche lokale Selbstauskunft,observed,binary,1,decimal,A
M7-analysis-v5,2394b234-0bc9-5e4f-b3e2-b83fed46e68b,1,3f7b25cee4fd7476653c5b7444369736cf61ac4199da6648e3573f7618d555da,C-BF-1,HUMAN-REVIEW-2a2154bb-d2c1-4696-9e38-93c58079bc76,b38d41a5-c585-420a-9137-2029db239095,3f7b25cee4fd7476653c5b7444369736cf61ac4199da6648e3573f7618d555da,aa56c172-2980-4374-aa9e-1e56901858d9,8c6cccdc-37a3-46ac-82a5-a22d1d69000f,f8edaecf-8020-4564-bbf4-42b31ddc5d7a,2d9849af-4973-4fd8-a822-d8a60e17e5f5,81de6e6f-7d67-40af-b2be-f629e89085ed,completed,202e1e0a33d9d0d7b92585572740cd6b1ca70f7699cac883e8579e11bac45057,651e080b-10b7-40ff-9204-1dd148ce6638,K1,2026-10-07T01:29:16.671063Z,T3,dbb63e68d4ed9e904fa985aa5b88d674205b6caab086a8d981ac8918a9c68fb5,empirical,"[""4afc763c-033e-501c-9c9c-453207d31e62"",""1fed9611-d0cc-51e5-86e7-4ba237c836a2"",""0e4d4039-5409-5be7-a300-ded85e9c22d7"",""1c4afc6f-6679-57b7-ab6b-cec3053e85a1"",""76216ff6-0dab-5f43-913f-741c2deb7596"",""fe7c5fea-171a-5d3e-b93c-b9d53dca7c67"",""784c942d-b222-5013-a2e4-de4aa477a143"",""2f2d84f4-6f41-5df7-a828-cc0a3d9cdddf"",""c68f6332-f200-5595-940d-e5bcad78f1fe"",""54c3aba8-cb42-5023-9591-5cdd68bdd7c5"",""b9ac296e-4c6c-5cdc-9e03-14868c124af2"",""022ddff9-4332-5ba5-b884-42537f220a0c"",""0d262496-18e1-5973-84a6-84fbda64d0ff"",""447860c8-1d56-518b-88ad-7e103990b756"",""616ecfda-7163-5a8d-ba60-01f623d8b124"",""656bacfc-b102-5379-8db2-2f9f127621e0"",""88f2e658-6155-5924-bc85-63fe2aabb08a"",""9f032fb3-90ca-5749-aff5-1065077ac10e"",""4d2e4005-a84b-525b-a492-d367c5e405d0"",""12b20e20-e117-5c00-83bc-e589b92b730e"",""e97a5398-37b9-5e89-91a9-9b3ae48d9534"",""7a8f92c5-5f85-593a-bf90-08e13c60a2e6"",""aa66f5e3-ac0e-57d6-9b69-aa54ea7c4fb9"",""d07b7490-853e-562b-b662-305e89e7718d"",""596c0800-372d-5056-8a35-9f8661656bf4"",""d08816e6-d4d6-5f35-9de3-d86528fa7a96"",""2e126757-f17e-5ee2-93db-94d31ed944b2"",""5e1af4e2-330f-563f-b639-2d3cd8d276c8"",""49cd1889-2a56-5913-8723-929335f68874"",""82b898ba-3b6d-567f-8996-4f259b74547e"",""d38eb7d2-e78b-5c2f-93e4-2e34846e80e6"",""33effc64-dcfe-5ced-badf-c4df49f68dc1"",""a3a03b99-34c0-504b-b529-32b798db318a"",""8b3ec7b0-123f-5597-95f7-1fafc5810d01"",""035c5442-19b8-5a84-8a59-b352a9660279"",""d6d45010-72fa-5741-b733-88958a8795d2"",""ab8215e5-b753-5a6a-a4e7-ad9caf42eeac"",""1b20061c-b208-551a-b06c-81ffeff623fc"",""9b6d0913-2ae6-5dab-ab36-d05e1c51b208"",""a27c1fb2-edc1-57e6-9d74-adb5a13fed3b"",""4696448b-8c21-591b-80cc-7344ea0b95ec"",""c1d75a33-928c-5636-b99c-def1fb29e0f5"",""61eebfb6-2555-5bce-ba71-7a750427392a"",""aba074a1-d451-595d-bc12-e257adbe7383"",""1ca34094-ee4d-5962-a78a-174d361a9cd3"",""7edb0577-da07-5c6f-8391-bb90e9822165"",""d7c5d484-54dc-5d1e-a3ac-65d60267a12c"",""f416cc8b-3bc2-5c4c-a91c-c56faf748684""]",resources/views/study/brute.blade.php,772aa8f9-33cc-4cbe-8638-1376469008ce,True,10-20,[],BF,Noah Fiedler,f8edaecf-8020-4564-bbf4-42b31ddc5d7a,1fed9611-d0cc-51e5-86e7-4ba237c836a2,True,2,1149a4e3-0554-4deb-b8f4-0d7f626193f1,A,"Das Formular entsteht in Blade mit GET-Aktion, den Feldern username und password sowie dem Aktionsfeld Login (10–18). Die View gibt den Status aus und stellt bei SUCCESS den vom Controller übergebenen Avatar dar (20). Alle Controller-Zweige verwenden response()->view('study.brute', ...), einschließlich Formular, Eingabefehler, negativer Antwort und Erfolg (BruteForceController.php: 16–58).",True,2026-10-07T01:29:16.671057Z,human,2,972066a9-40db-412d-b51a-dd1bcb10681b,adff56bd-3d96-437d-8ee8-4923e1b0b2b9,1,explicit per metric; exact fractions and decimal display,,Menschliche lokale Selbstauskunft,observed,binary,1,decimal,A
M7-analysis-v5,2394b234-0bc9-5e4f-b3e2-b83fed46e68b,1,3f7b25cee4fd7476653c5b7444369736cf61ac4199da6648e3573f7618d555da,C-BF-1,HUMAN-REVIEW-63cb7f0c-3393-4985-86f9-218e4fa17c35,69a11903-8a6d-4693-b53d-0457b3e40511,3f7b25cee4fd7476653c5b7444369736cf61ac4199da6648e3573f7618d555da,aa56c172-2980-4374-aa9e-1e56901858d9,8c6cccdc-37a3-46ac-82a5-a22d1d69000f,f8edaecf-8020-4564-bbf4-42b31ddc5d7a,2d9849af-4973-4fd8-a822-d8a60e17e5f5,81de6e6f-7d67-40af-b2be-f629e89085ed,completed,202e1e0a33d9d0d7b92585572740cd6b1ca70f7699cac883e8579e11bac45057,651e080b-10b7-40ff-9204-1dd148ce6638,K1,2026-10-07T01:28:58.074268Z,T2,dbb63e68d4ed9e904fa985aa5b88d674205b6caab086a8d981ac8918a9c68fb5,empirical,"[""4afc763c-033e-501c-9c9c-453207d31e62"",""1fed9611-d0cc-51e5-86e7-4ba237c836a2"",""0e4d4039-5409-5be7-a300-ded85e9c22d7"",""1c4afc6f-6679-57b7-ab6b-cec3053e85a1"",""76216ff6-0dab-5f43-913f-741c2deb7596"",""fe7c5fea-171a-5d3e-b93c-b9d53dca7c67"",""784c942d-b222-5013-a2e4-de4aa477a143"",""2f2d84f4-6f41-5df7-a828-cc0a3d9cdddf"",""c68f6332-f200-5595-940d-e5bcad78f1fe"",""54c3aba8-cb42-5023-9591-5cdd68bdd7c5"",""b9ac296e-4c6c-5cdc-9e03-14868c124af2"",""022ddff9-4332-5ba5-b884-42537f220a0c"",""0d262496-18e1-5973-84a6-84fbda64d0ff"",""447860c8-1d56-518b-88ad-7e103990b756"",""616ecfda-7163-5a8d-ba60-01f623d8b124"",""656bacfc-b102-5379-8db2-2f9f127621e0"",""88f2e658-6155-5924-bc85-63fe2aabb08a"",""9f032fb3-90ca-5749-aff5-1065077ac10e"",""4d2e4005-a84b-525b-a492-d367c5e405d0"",""12b20e20-e117-5c00-83bc-e589b92b730e"",""e97a5398-37b9-5e89-91a9-9b3ae48d9534"",""7a8f92c5-5f85-593a-bf90-08e13c60a2e6"",""aa66f5e3-ac0e-57d6-9b69-aa54ea7c4fb9"",""d07b7490-853e-562b-b662-305e89e7718d"",""596c0800-372d-5056-8a35-9f8661656bf4"",""d08816e6-d4d6-5f35-9de3-d86528fa7a96"",""2e126757-f17e-5ee2-93db-94d31ed944b2"",""5e1af4e2-330f-563f-b639-2d3cd8d276c8"",""49cd1889-2a56-5913-8723-929335f68874"",""82b898ba-3b6d-567f-8996-4f259b74547e"",""d38eb7d2-e78b-5c2f-93e4-2e34846e80e6"",""33effc64-dcfe-5ced-badf-c4df49f68dc1"",""a3a03b99-34c0-504b-b529-32b798db318a"",""8b3ec7b0-123f-5597-95f7-1fafc5810d01"",""035c5442-19b8-5a84-8a59-b352a9660279"",""d6d45010-72fa-5741-b733-88958a8795d2"",""ab8215e5-b753-5a6a-a4e7-ad9caf42eeac"",""1b20061c-b208-551a-b06c-81ffeff623fc"",""9b6d0913-2ae6-5dab-ab36-d05e1c51b208"",""a27c1fb2-edc1-57e6-9d74-adb5a13fed3b"",""4696448b-8c21-591b-80cc-7344ea0b95ec"",""c1d75a33-928c-5636-b99c-def1fb29e0f5"",""61eebfb6-2555-5bce-ba71-7a750427392a"",""aba074a1-d451-595d-bc12-e257adbe7383"",""1ca34094-ee4d-5962-a78a-174d361a9cd3"",""7edb0577-da07-5c6f-8391-bb90e9822165"",""d7c5d484-54dc-5d1e-a3ac-65d60267a12c"",""f416cc8b-3bc2-5c4c-a91c-c56faf748684""]",app/Http/Controllers/Study/BruteForceController.php,c27bf0c0-b687-42b1-a02b-1a3ac622387c,True,12-58,[],BF,Noah Fiedler,f8edaecf-8020-4564-bbf4-42b31ddc5d7a,1fed9611-d0cc-51e5-86e7-4ba237c836a2,True,2,2aae6f7d-55d7-4b5b-ad09-edec49b9b265,A,"Die GET-Route verweist auf BruteForceController@show (study.php: 6). Die Methode behandelt sowohl die Formularanzeige ohne Login (16–21) als auch die Login-Verarbeitung mit Eingabevalidierung, Datenbankabfrage und Ergebniszweigen (23–58). Es gibt auf diesem Pfad keine Legacy-include-/require-Ausführung. Die Route wurde außerdem mit php artisan route:list --path=study/brute als `GET",True,2026-10-07T01:28:58.074261Z,human,2,972066a9-40db-412d-b51a-dd1bcb10681b,adff56bd-3d96-437d-8ee8-4923e1b0b2b9,1,explicit per metric; exact fractions and decimal display,,Menschliche lokale Selbstauskunft,observed,binary,1,decimal,A
M7-analysis-v5,2394b234-0bc9-5e4f-b3e2-b83fed46e68b,1,3f7b25cee4fd7476653c5b7444369736cf61ac4199da6648e3573f7618d555da,C-BF-1,M6-T1-30ba1bda-1cd0-424d-990c-3c197c5cd46d,3b90c42e-ad84-401d-b4d9-d2f1a3840327,3f7b25cee4fd7476653c5b7444369736cf61ac4199da6648e3573f7618d555da,aa56c172-2980-4374-aa9e-1e56901858d9,8c6cccdc-37a3-46ac-82a5-a22d1d69000f,f8edaecf-8020-4564-bbf4-42b31ddc5d7a,2d9849af-4973-4fd8-a822-d8a60e17e5f5,81de6e6f-7d67-40af-b2be-f629e89085ed,completed,202e1e0a33d9d0d7b92585572740cd6b1ca70f7699cac883e8579e11bac45057,651e080b-10b7-40ff-9204-1dd148ce6638,K1,2026-10-07T01:19:48.639886Z,T1,dbb63e68d4ed9e904fa985aa5b88d674205b6caab086a8d981ac8918a9c68fb5,empirical,"[""4afc763c-033e-501c-9c9c-453207d31e62"",""1fed9611-d0cc-51e5-86e7-4ba237c836a2"",""0e4d4039-5409-5be7-a300-ded85e9c22d7"",""1c4afc6f-6679-57b7-ab6b-cec3053e85a1"",""76216ff6-0dab-5f43-913f-741c2deb7596"",""fe7c5fea-171a-5d3e-b93c-b9d53dca7c67"",""784c942d-b222-5013-a2e4-de4aa477a143"",""2f2d84f4-6f41-5df7-a828-cc0a3d9cdddf"",""c68f6332-f200-5595-940d-e5bcad78f1fe"",""54c3aba8-cb42-5023-9591-5cdd68bdd7c5"",""b9ac296e-4c6c-5cdc-9e03-14868c124af2"",""022ddff9-4332-5ba5-b884-42537f220a0c"",""0d262496-18e1-5973-84a6-84fbda64d0ff"",""447860c8-1d56-518b-88ad-7e103990b756"",""616ecfda-7163-5a8d-ba60-01f623d8b124"",""656bacfc-b102-5379-8db2-2f9f127621e0"",""88f2e658-6155-5924-bc85-63fe2aabb08a"",""9f032fb3-90ca-5749-aff5-1065077ac10e"",""4d2e4005-a84b-525b-a492-d367c5e405d0"",""12b20e20-e117-5c00-83bc-e589b92b730e"",""e97a5398-37b9-5e89-91a9-9b3ae48d9534"",""7a8f92c5-5f85-593a-bf90-08e13c60a2e6"",""aa66f5e3-ac0e-57d6-9b69-aa54ea7c4fb9"",""d07b7490-853e-562b-b662-305e89e7718d"",""596c0800-372d-5056-8a35-9f8661656bf4"",""d08816e6-d4d6-5f35-9de3-d86528fa7a96"",""2e126757-f17e-5ee2-93db-94d31ed944b2"",""5e1af4e2-330f-563f-b639-2d3cd8d276c8"",""49cd1889-2a56-5913-8723-929335f68874"",""82b898ba-3b6d-567f-8996-4f259b74547e"",""d38eb7d2-e78b-5c2f-93e4-2e34846e80e6"",""33effc64-dcfe-5ced-badf-c4df49f68dc1"",""a3a03b99-34c0-504b-b529-32b798db318a"",""8b3ec7b0-123f-5597-95f7-1fafc5810d01"",""035c5442-19b8-5a84-8a59-b352a9660279"",""d6d45010-72fa-5741-b733-88958a8795d2"",""ab8215e5-b753-5a6a-a4e7-ad9caf42eeac"",""1b20061c-b208-551a-b06c-81ffeff623fc"",""9b6d0913-2ae6-5dab-ab36-d05e1c51b208"",""a27c1fb2-edc1-57e6-9d74-adb5a13fed3b"",""4696448b-8c21-591b-80cc-7344ea0b95ec"",""c1d75a33-928c-5636-b99c-def1fb29e0f5"",""61eebfb6-2555-5bce-ba71-7a750427392a"",""aba074a1-d451-595d-bc12-e257adbe7383"",""1ca34094-ee4d-5962-a78a-174d361a9cd3"",""7edb0577-da07-5c6f-8391-bb90e9822165"",""d7c5d484-54dc-5d1e-a3ac-65d60267a12c"",""f416cc8b-3bc2-5c4c-a91c-c56faf748684""]",,74417aed-696a-44d9-b008-2f4ff51d1a6c,True,,[],BF,M6-evaluator-v1,f8edaecf-8020-4564-bbf4-42b31ddc5d7a,1fed9611-d0cc-51e5-86e7-4ba237c836a2,True,2,,A,Native syntax/boot plus independent intact scaffold control,True,2026-10-07T01:19:48.639875Z,automatic,1,972066a9-40db-412d-b51a-dd1bcb10681b,adff56bd-3d96-437d-8ee8-4923e1b0b2b9,1,explicit per metric; exact fractions and decimal display,,M6-evaluator-v1,observed,binary,1,decimal,A
M7-analysis-v5,2394b234-0bc9-5e4f-b3e2-b83fed46e68b,1,3f7b25cee4fd7476653c5b7444369736cf61ac4199da6648e3573f7618d555da,C-BF-1,M6-T5-6a052705-1fde-474a-a527-d0b2dfab98c5,54cc61c5-1afb-4a8b-996c-58482458b400,3f7b25cee4fd7476653c5b7444369736cf61ac4199da6648e3573f7618d555da,aa56c172-2980-4374-aa9e-1e56901858d9,8c6cccdc-37a3-46ac-82a5-a22d1d69000f,f8edaecf-8020-4564-bbf4-42b31ddc5d7a,2d9849af-4973-4fd8-a822-d8a60e17e5f5,81de6e6f-7d67-40af-b2be-f629e89085ed,completed,202e1e0a33d9d0d7b92585572740cd6b1ca70f7699cac883e8579e11bac45057,651e080b-10b7-40ff-9204-1dd148ce6638,K1,2026-10-07T01:19:48.643650Z,T5,dbb63e68d4ed9e904fa985aa5b88d674205b6caab086a8d981ac8918a9c68fb5,empirical,"[""4afc763c-033e-501c-9c9c-453207d31e62"",""1fed9611-d0cc-51e5-86e7-4ba237c836a2"",""0e4d4039-5409-5be7-a300-ded85e9c22d7"",""1c4afc6f-6679-57b7-ab6b-cec3053e85a1"",""76216ff6-0dab-5f43-913f-741c2deb7596"",""fe7c5fea-171a-5d3e-b93c-b9d53dca7c67"",""784c942d-b222-5013-a2e4-de4aa477a143"",""2f2d84f4-6f41-5df7-a828-cc0a3d9cdddf"",""c68f6332-f200-5595-940d-e5bcad78f1fe"",""54c3aba8-cb42-5023-9591-5cdd68bdd7c5"",""b9ac296e-4c6c-5cdc-9e03-14868c124af2"",""022ddff9-4332-5ba5-b884-42537f220a0c"",""0d262496-18e1-5973-84a6-84fbda64d0ff"",""447860c8-1d56-518b-88ad-7e103990b756"",""616ecfda-7163-5a8d-ba60-01f623d8b124"",""656bacfc-b102-5379-8db2-2f9f127621e0"",""88f2e658-6155-5924-bc85-63fe2aabb08a"",""9f032fb3-90ca-5749-aff5-1065077ac10e"",""4d2e4005-a84b-525b-a492-d367c5e405d0"",""12b20e20-e117-5c00-83bc-e589b92b730e"",""e97a5398-37b9-5e89-91a9-9b3ae48d9534"",""7a8f92c5-5f85-593a-bf90-08e13c60a2e6"",""aa66f5e3-ac0e-57d6-9b69-aa54ea7c4fb9"",""d07b7490-853e-562b-b662-305e89e7718d"",""596c0800-372d-5056-8a35-9f8661656bf4"",""d08816e6-d4d6-5f35-9de3-d86528fa7a96"",""2e126757-f17e-5ee2-93db-94d31ed944b2"",""5e1af4e2-330f-563f-b639-2d3cd8d276c8"",""49cd1889-2a56-5913-8723-929335f68874"",""82b898ba-3b6d-567f-8996-4f259b74547e"",""d38eb7d2-e78b-5c2f-93e4-2e34846e80e6"",""33effc64-dcfe-5ced-badf-c4df49f68dc1"",""a3a03b99-34c0-504b-b529-32b798db318a"",""8b3ec7b0-123f-5597-95f7-1fafc5810d01"",""035c5442-19b8-5a84-8a59-b352a9660279"",""d6d45010-72fa-5741-b733-88958a8795d2"",""ab8215e5-b753-5a6a-a4e7-ad9caf42eeac"",""1b20061c-b208-551a-b06c-81ffeff623fc"",""9b6d0913-2ae6-5dab-ab36-d05e1c51b208"",""a27c1fb2-edc1-57e6-9d74-adb5a13fed3b"",""4696448b-8c21-591b-80cc-7344ea0b95ec"",""c1d75a33-928c-5636-b99c-def1fb29e0f5"",""61eebfb6-2555-5bce-ba71-7a750427392a"",""aba074a1-d451-595d-bc12-e257adbe7383"",""1ca34094-ee4d-5962-a78a-174d361a9cd3"",""7edb0577-da07-5c6f-8391-bb90e9822165"",""d7c5d484-54dc-5d1e-a3ac-65d60267a12c"",""f416cc8b-3bc2-5c4c-a91c-c56faf748684""]",,6870b6c1-347a-4ca4-a3b4-b0a7ae237b9f,True,,[],BF,M6-evaluator-v1,f8edaecf-8020-4564-bbf4-42b31ddc5d7a,1fed9611-d0cc-51e5-86e7-4ba237c836a2,True,2,,A,Protected scaffold/allowlist and effective access routes against intact control; other semantic doubt stays open,True,2026-10-07T01:19:48.643645Z,automatic,1,972066a9-40db-412d-b51a-dd1bcb10681b,adff56bd-3d96-437d-8ee8-4923e1b0b2b9,1,explicit per metric; exact fractions and decimal display,,M6-evaluator-v1,observed,binary,1,decimal,A
M7-analysis-v5,2394b234-0bc9-5e4f-b3e2-b83fed46e68b,1,53e2a903e48de7e2b5713ddbed13958a80d162ea9853e32461ca0c4dd524e630,E-P1R0,HUMAN-REVIEW-32dfb655-7887-40eb-b73d-f06ae068b289,0381d3ee-9aa4-438f-a185-dd11cc52e76e,53e2a903e48de7e2b5713ddbed13958a80d162ea9853e32461ca0c4dd524e630,a6ad258b-ce6a-4465-ae50-7f77f4b9c206,8c6cccdc-37a3-46ac-82a5-a22d1d69000f,f8edaecf-8020-4564-bbf4-42b31ddc5d7a,2d9849af-4973-4fd8-a822-d8a60e17e5f5,81de6e6f-7d67-40af-b2be-f629e89085ed,completed,46fff238fb6d2caf7973ae538150ab3097c1fa1862c12a1b6c4ff163afb5f6c3,4eb1de1a-3682-4e43-9075-598dbaee7479,K1,2026-10-07T01:43:33.638624Z,T3,dbb63e68d4ed9e904fa985aa5b88d674205b6caab086a8d981ac8918a9c68fb5,empirical,"[""4afc763c-033e-501c-9c9c-453207d31e62"",""1fed9611-d0cc-51e5-86e7-4ba237c836a2"",""0e4d4039-5409-5be7-a300-ded85e9c22d7"",""1c4afc6f-6679-57b7-ab6b-cec3053e85a1"",""76216ff6-0dab-5f43-913f-741c2deb7596"",""fe7c5fea-171a-5d3e-b93c-b9d53dca7c67"",""784c942d-b222-5013-a2e4-de4aa477a143"",""2f2d84f4-6f41-5df7-a828-cc0a3d9cdddf"",""c68f6332-f200-5595-940d-e5bcad78f1fe"",""54c3aba8-cb42-5023-9591-5cdd68bdd7c5"",""b9ac296e-4c6c-5cdc-9e03-14868c124af2"",""022ddff9-4332-5ba5-b884-42537f220a0c"",""0d262496-18e1-5973-84a6-84fbda64d0ff"",""447860c8-1d56-518b-88ad-7e103990b756"",""616ecfda-7163-5a8d-ba60-01f623d8b124"",""656bacfc-b102-5379-8db2-2f9f127621e0"",""88f2e658-6155-5924-bc85-63fe2aabb08a"",""9f032fb3-90ca-5749-aff5-1065077ac10e"",""4d2e4005-a84b-525b-a492-d367c5e405d0"",""12b20e20-e117-5c00-83bc-e589b92b730e"",""e97a5398-37b9-5e89-91a9-9b3ae48d9534"",""7a8f92c5-5f85-593a-bf90-08e13c60a2e6"",""aa66f5e3-ac0e-57d6-9b69-aa54ea7c4fb9"",""d07b7490-853e-562b-b662-305e89e7718d"",""596c0800-372d-5056-8a35-9f8661656bf4"",""d08816e6-d4d6-5f35-9de3-d86528fa7a96"",""2e126757-f17e-5ee2-93db-94d31ed944b2"",""5e1af4e2-330f-563f-b639-2d3cd8d276c8"",""49cd1889-2a56-5913-8723-929335f68874"",""82b898ba-3b6d-567f-8996-4f259b74547e"",""d38eb7d2-e78b-5c2f-93e4-2e34846e80e6"",""33effc64-dcfe-5ced-badf-c4df49f68dc1"",""a3a03b99-34c0-504b-b529-32b798db318a"",""8b3ec7b0-123f-5597-95f7-1fafc5810d01"",""035c5442-19b8-5a84-8a59-b352a9660279"",""d6d45010-72fa-5741-b733-88958a8795d2"",""ab8215e5-b753-5a6a-a4e7-ad9caf42eeac"",""1b20061c-b208-551a-b06c-81ffeff623fc"",""9b6d0913-2ae6-5dab-ab36-d05e1c51b208"",""a27c1fb2-edc1-57e6-9d74-adb5a13fed3b"",""4696448b-8c21-591b-80cc-7344ea0b95ec"",""c1d75a33-928c-5636-b99c-def1fb29e0f5"",""61eebfb6-2555-5bce-ba71-7a750427392a"",""aba074a1-d451-595d-bc12-e257adbe7383"",""1ca34094-ee4d-5962-a78a-174d361a9cd3"",""7edb0577-da07-5c6f-8391-bb90e9822165"",""d7c5d484-54dc-5d1e-a3ac-65d60267a12c"",""f416cc8b-3bc2-5c4c-a91c-c56faf748684""]",resources/views/study/sqli.blade.php,3db699a4-f746-499e-a0d1-00495cf4fbe6,True,10-16,[],SQL,Noah Fiedler,f8edaecf-8020-4564-bbf4-42b31ddc5d7a,0e4d4039-5409-5be7-a300-ded85e9c22d7,True,3,13333165-cf57-4894-9a49-7a4b8c468541,A,"Das Blade enthält das GET-Formular einschließlich id und Submit sowie die Ergebnisdarstellung. Es gibt Statusausgaben und – falls ein Benutzer gefunden wurde – first_name und last_name. Alle Controllerzweige rendern dieselbe View: Formular (Controller, Z. 15–18), ungültige Eingabe (Z. 23–26) und Abfrageergebnis (Z. 35–40).",False,2026-10-07T01:43:33.638618Z,human,2,972066a9-40db-412d-b51a-dd1bcb10681b,3a40d400-6b02-40af-bce6-b422ffb302d2,1,explicit per metric; exact fractions and decimal display,,Menschliche lokale Selbstauskunft,observed,binary,1,decimal,A
M7-analysis-v5,2394b234-0bc9-5e4f-b3e2-b83fed46e68b,1,53e2a903e48de7e2b5713ddbed13958a80d162ea9853e32461ca0c4dd524e630,E-P1R0,HUMAN-REVIEW-77a80fbd-fc5a-45c2-8ea2-a08e64ba3d5c,8c88130a-8ff4-4b50-8ada-6254cf0414b5,53e2a903e48de7e2b5713ddbed13958a80d162ea9853e32461ca0c4dd524e630,a6ad258b-ce6a-4465-ae50-7f77f4b9c206,8c6cccdc-37a3-46ac-82a5-a22d1d69000f,f8edaecf-8020-4564-bbf4-42b31ddc5d7a,2d9849af-4973-4fd8-a822-d8a60e17e5f5,81de6e6f-7d67-40af-b2be-f629e89085ed,completed,46fff238fb6d2caf7973ae538150ab3097c1fa1862c12a1b6c4ff163afb5f6c3,4eb1de1a-3682-4e43-9075-598dbaee7479,K1,2026-10-07T01:44:07.919874Z,T4,dbb63e68d4ed9e904fa985aa5b88d674205b6caab086a8d981ac8918a9c68fb5,empirical,"[""4afc763c-033e-501c-9c9c-453207d31e62"",""1fed9611-d0cc-51e5-86e7-4ba237c836a2"",""0e4d4039-5409-5be7-a300-ded85e9c22d7"",""1c4afc6f-6679-57b7-ab6b-cec3053e85a1"",""76216ff6-0dab-5f43-913f-741c2deb7596"",""fe7c5fea-171a-5d3e-b93c-b9d53dca7c67"",""784c942d-b222-5013-a2e4-de4aa477a143"",""2f2d84f4-6f41-5df7-a828-cc0a3d9cdddf"",""c68f6332-f200-5595-940d-e5bcad78f1fe"",""54c3aba8-cb42-5023-9591-5cdd68bdd7c5"",""b9ac296e-4c6c-5cdc-9e03-14868c124af2"",""022ddff9-4332-5ba5-b884-42537f220a0c"",""0d262496-18e1-5973-84a6-84fbda64d0ff"",""447860c8-1d56-518b-88ad-7e103990b756"",""616ecfda-7163-5a8d-ba60-01f623d8b124"",""656bacfc-b102-5379-8db2-2f9f127621e0"",""88f2e658-6155-5924-bc85-63fe2aabb08a"",""9f032fb3-90ca-5749-aff5-1065077ac10e"",""4d2e4005-a84b-525b-a492-d367c5e405d0"",""12b20e20-e117-5c00-83bc-e589b92b730e"",""e97a5398-37b9-5e89-91a9-9b3ae48d9534"",""7a8f92c5-5f85-593a-bf90-08e13c60a2e6"",""aa66f5e3-ac0e-57d6-9b69-aa54ea7c4fb9"",""d07b7490-853e-562b-b662-305e89e7718d"",""596c0800-372d-5056-8a35-9f8661656bf4"",""d08816e6-d4d6-5f35-9de3-d86528fa7a96"",""2e126757-f17e-5ee2-93db-94d31ed944b2"",""5e1af4e2-330f-563f-b639-2d3cd8d276c8"",""49cd1889-2a56-5913-8723-929335f68874"",""82b898ba-3b6d-567f-8996-4f259b74547e"",""d38eb7d2-e78b-5c2f-93e4-2e34846e80e6"",""33effc64-dcfe-5ced-badf-c4df49f68dc1"",""a3a03b99-34c0-504b-b529-32b798db318a"",""8b3ec7b0-123f-5597-95f7-1fafc5810d01"",""035c5442-19b8-5a84-8a59-b352a9660279"",""d6d45010-72fa-5741-b733-88958a8795d2"",""ab8215e5-b753-5a6a-a4e7-ad9caf42eeac"",""1b20061c-b208-551a-b06c-81ffeff623fc"",""9b6d0913-2ae6-5dab-ab36-d05e1c51b208"",""a27c1fb2-edc1-57e6-9d74-adb5a13fed3b"",""4696448b-8c21-591b-80cc-7344ea0b95ec"",""c1d75a33-928c-5636-b99c-def1fb29e0f5"",""61eebfb6-2555-5bce-ba71-7a750427392a"",""aba074a1-d451-595d-bc12-e257adbe7383"",""1ca34094-ee4d-5962-a78a-174d361a9cd3"",""7edb0577-da07-5c6f-8391-bb90e9822165"",""d7c5d484-54dc-5d1e-a3ac-65d60267a12c"",""f416cc8b-3bc2-5c4c-a91c-c56faf748684""]",app/Http/Controllers/Study/SqlInjectionController.php,8b35bec3-0176-4346-a67a-2137ed3e727e,True,29-33,"[""2af04ef2-8a93-43ed-8a9e-a4afa7359923""]",SQL,Noah Fiedler,f8edaecf-8020-4564-bbf4-42b31ddc5d7a,0e4d4039-5409-5be7-a300-ded85e9c22d7,True,3,67383240-b5cc-4133-9ce7-9ec35228a60f,A,"Der Code spricht klar für die korrekte Laravel-Anbindung: Er nutzt DB::connection('mysql'), liest aus users, selektiert Vor- und Nachname und filtert über user_id. Die MySQL-Verbindung ist in database.php, Z. 47–67, konfiguriert; es gibt keine feste Namensliste oder Ersatzdatenquelle im Verarbeitungspfad.",False,2026-10-07T01:44:07.919865Z,human,2,972066a9-40db-412d-b51a-dd1bcb10681b,3a40d400-6b02-40af-bce6-b422ffb302d2,1,explicit per metric; exact fractions and decimal display,,Menschliche lokale Selbstauskunft,observed,binary,1,decimal,A
M7-analysis-v5,2394b234-0bc9-5e4f-b3e2-b83fed46e68b,1,53e2a903e48de7e2b5713ddbed13958a80d162ea9853e32461ca0c4dd524e630,E-P1R0,HUMAN-REVIEW-df75e063-0fc5-4bcb-89fc-73b4d83c84b6,8c88130a-8ff4-4b50-8ada-6254cf0414b5,53e2a903e48de7e2b5713ddbed13958a80d162ea9853e32461ca0c4dd524e630,a6ad258b-ce6a-4465-ae50-7f77f4b9c206,8c6cccdc-37a3-46ac-82a5-a22d1d69000f,f8edaecf-8020-4564-bbf4-42b31ddc5d7a,2d9849af-4973-4fd8-a822-d8a60e17e5f5,81de6e6f-7d67-40af-b2be-f629e89085ed,completed,46fff238fb6d2caf7973ae538150ab3097c1fa1862c12a1b6c4ff163afb5f6c3,4eb1de1a-3682-4e43-9075-598dbaee7479,K1,2026-10-07T01:43:15.507451Z,T2,dbb63e68d4ed9e904fa985aa5b88d674205b6caab086a8d981ac8918a9c68fb5,empirical,"[""4afc763c-033e-501c-9c9c-453207d31e62"",""1fed9611-d0cc-51e5-86e7-4ba237c836a2"",""0e4d4039-5409-5be7-a300-ded85e9c22d7"",""1c4afc6f-6679-57b7-ab6b-cec3053e85a1"",""76216ff6-0dab-5f43-913f-741c2deb7596"",""fe7c5fea-171a-5d3e-b93c-b9d53dca7c67"",""784c942d-b222-5013-a2e4-de4aa477a143"",""2f2d84f4-6f41-5df7-a828-cc0a3d9cdddf"",""c68f6332-f200-5595-940d-e5bcad78f1fe"",""54c3aba8-cb42-5023-9591-5cdd68bdd7c5"",""b9ac296e-4c6c-5cdc-9e03-14868c124af2"",""022ddff9-4332-5ba5-b884-42537f220a0c"",""0d262496-18e1-5973-84a6-84fbda64d0ff"",""447860c8-1d56-518b-88ad-7e103990b756"",""616ecfda-7163-5a8d-ba60-01f623d8b124"",""656bacfc-b102-5379-8db2-2f9f127621e0"",""88f2e658-6155-5924-bc85-63fe2aabb08a"",""9f032fb3-90ca-5749-aff5-1065077ac10e"",""4d2e4005-a84b-525b-a492-d367c5e405d0"",""12b20e20-e117-5c00-83bc-e589b92b730e"",""e97a5398-37b9-5e89-91a9-9b3ae48d9534"",""7a8f92c5-5f85-593a-bf90-08e13c60a2e6"",""aa66f5e3-ac0e-57d6-9b69-aa54ea7c4fb9"",""d07b7490-853e-562b-b662-305e89e7718d"",""596c0800-372d-5056-8a35-9f8661656bf4"",""d08816e6-d4d6-5f35-9de3-d86528fa7a96"",""2e126757-f17e-5ee2-93db-94d31ed944b2"",""5e1af4e2-330f-563f-b639-2d3cd8d276c8"",""49cd1889-2a56-5913-8723-929335f68874"",""82b898ba-3b6d-567f-8996-4f259b74547e"",""d38eb7d2-e78b-5c2f-93e4-2e34846e80e6"",""33effc64-dcfe-5ced-badf-c4df49f68dc1"",""a3a03b99-34c0-504b-b529-32b798db318a"",""8b3ec7b0-123f-5597-95f7-1fafc5810d01"",""035c5442-19b8-5a84-8a59-b352a9660279"",""d6d45010-72fa-5741-b733-88958a8795d2"",""ab8215e5-b753-5a6a-a4e7-ad9caf42eeac"",""1b20061c-b208-551a-b06c-81ffeff623fc"",""9b6d0913-2ae6-5dab-ab36-d05e1c51b208"",""a27c1fb2-edc1-57e6-9d74-adb5a13fed3b"",""4696448b-8c21-591b-80cc-7344ea0b95ec"",""c1d75a33-928c-5636-b99c-def1fb29e0f5"",""61eebfb6-2555-5bce-ba71-7a750427392a"",""aba074a1-d451-595d-bc12-e257adbe7383"",""1ca34094-ee4d-5962-a78a-174d361a9cd3"",""7edb0577-da07-5c6f-8391-bb90e9822165"",""d7c5d484-54dc-5d1e-a3ac-65d60267a12c"",""f416cc8b-3bc2-5c4c-a91c-c56faf748684""]",app/Http/Controllers/Study/SqlInjectionController.php,28f3aaab-8acf-4981-b866-8a21c16d3e41,True,13-40,[],SQL,Noah Fiedler,f8edaecf-8020-4564-bbf4-42b31ddc5d7a,0e4d4039-5409-5be7-a300-ded85e9c22d7,True,3,e4d3227a-6a09-4d1c-b5cb-df3726e4f898,A,"Die Route ordnet /study/sqli dem Controller zu (study.php, Z. 6). Die Methode show() zeigt ohne Submit das Formular, validiert bei vorhandenem Submit die ID und verarbeitet sie selbst über den Laravel Query Builder. Es gibt keinen Aufruf eines Legacy-Skripts.",False,2026-10-07T01:43:15.507446Z,human,2,972066a9-40db-412d-b51a-dd1bcb10681b,3a40d400-6b02-40af-bce6-b422ffb302d2,1,explicit per metric; exact fractions and decimal display,,Menschliche lokale Selbstauskunft,observed,binary,1,decimal,A
M7-analysis-v5,2394b234-0bc9-5e4f-b3e2-b83fed46e68b,1,53e2a903e48de7e2b5713ddbed13958a80d162ea9853e32461ca0c4dd524e630,E-P1R0,M6-T1-411697cb-d179-4033-ba82-640854e9c59f,fd26e432-b877-435e-8844-55be9ec05ff0,53e2a903e48de7e2b5713ddbed13958a80d162ea9853e32461ca0c4dd524e630,a6ad258b-ce6a-4465-ae50-7f77f4b9c206,8c6cccdc-37a3-46ac-82a5-a22d1d69000f,f8edaecf-8020-4564-bbf4-42b31ddc5d7a,2d9849af-4973-4fd8-a822-d8a60e17e5f5,81de6e6f-7d67-40af-b2be-f629e89085ed,completed,46fff238fb6d2caf7973ae538150ab3097c1fa1862c12a1b6c4ff163afb5f6c3,4eb1de1a-3682-4e43-9075-598dbaee7479,K1,2026-10-07T01:40:16.208012Z,T1,dbb63e68d4ed9e904fa985aa5b88d674205b6caab086a8d981ac8918a9c68fb5,empirical,"[""4afc763c-033e-501c-9c9c-453207d31e62"",""1fed9611-d0cc-51e5-86e7-4ba237c836a2"",""0e4d4039-5409-5be7-a300-ded85e9c22d7"",""1c4afc6f-6679-57b7-ab6b-cec3053e85a1"",""76216ff6-0dab-5f43-913f-741c2deb7596"",""fe7c5fea-171a-5d3e-b93c-b9d53dca7c67"",""784c942d-b222-5013-a2e4-de4aa477a143"",""2f2d84f4-6f41-5df7-a828-cc0a3d9cdddf"",""c68f6332-f200-5595-940d-e5bcad78f1fe"",""54c3aba8-cb42-5023-9591-5cdd68bdd7c5"",""b9ac296e-4c6c-5cdc-9e03-14868c124af2"",""022ddff9-4332-5ba5-b884-42537f220a0c"",""0d262496-18e1-5973-84a6-84fbda64d0ff"",""447860c8-1d56-518b-88ad-7e103990b756"",""616ecfda-7163-5a8d-ba60-01f623d8b124"",""656bacfc-b102-5379-8db2-2f9f127621e0"",""88f2e658-6155-5924-bc85-63fe2aabb08a"",""9f032fb3-90ca-5749-aff5-1065077ac10e"",""4d2e4005-a84b-525b-a492-d367c5e405d0"",""12b20e20-e117-5c00-83bc-e589b92b730e"",""e97a5398-37b9-5e89-91a9-9b3ae48d9534"",""7a8f92c5-5f85-593a-bf90-08e13c60a2e6"",""aa66f5e3-ac0e-57d6-9b69-aa54ea7c4fb9"",""d07b7490-853e-562b-b662-305e89e7718d"",""596c0800-372d-5056-8a35-9f8661656bf4"",""d08816e6-d4d6-5f35-9de3-d86528fa7a96"",""2e126757-f17e-5ee2-93db-94d31ed944b2"",""5e1af4e2-330f-563f-b639-2d3cd8d276c8"",""49cd1889-2a56-5913-8723-929335f68874"",""82b898ba-3b6d-567f-8996-4f259b74547e"",""d38eb7d2-e78b-5c2f-93e4-2e34846e80e6"",""33effc64-dcfe-5ced-badf-c4df49f68dc1"",""a3a03b99-34c0-504b-b529-32b798db318a"",""8b3ec7b0-123f-5597-95f7-1fafc5810d01"",""035c5442-19b8-5a84-8a59-b352a9660279"",""d6d45010-72fa-5741-b733-88958a8795d2"",""ab8215e5-b753-5a6a-a4e7-ad9caf42eeac"",""1b20061c-b208-551a-b06c-81ffeff623fc"",""9b6d0913-2ae6-5dab-ab36-d05e1c51b208"",""a27c1fb2-edc1-57e6-9d74-adb5a13fed3b"",""4696448b-8c21-591b-80cc-7344ea0b95ec"",""c1d75a33-928c-5636-b99c-def1fb29e0f5"",""61eebfb6-2555-5bce-ba71-7a750427392a"",""aba074a1-d451-595d-bc12-e257adbe7383"",""1ca34094-ee4d-5962-a78a-174d361a9cd3"",""7edb0577-da07-5c6f-8391-bb90e9822165"",""d7c5d484-54dc-5d1e-a3ac-65d60267a12c"",""f416cc8b-3bc2-5c4c-a91c-c56faf748684""]",,fb103b19-39a8-446c-8371-4fd46a085d9f,True,,[],SQL,M6-evaluator-v1,f8edaecf-8020-4564-bbf4-42b31ddc5d7a,0e4d4039-5409-5be7-a300-ded85e9c22d7,True,3,,A,Native syntax/boot plus independent intact scaffold control,False,2026-10-07T01:40:16.208001Z,automatic,1,972066a9-40db-412d-b51a-dd1bcb10681b,3a40d400-6b02-40af-bce6-b422ffb302d2,1,explicit per metric; exact fractions and decimal display,,M6-evaluator-v1,observed,binary,1,decimal,A
M7-analysis-v5,2394b234-0bc9-5e4f-b3e2-b83fed46e68b,1,53e2a903e48de7e2b5713ddbed13958a80d162ea9853e32461ca0c4dd524e630,E-P1R0,M6-T5-507993f4-b9c2-4339-9b40-2e1b151c6c28,15f8b29e-bdd0-4f18-84ad-332b0d780959,53e2a903e48de7e2b5713ddbed13958a80d162ea9853e32461ca0c4dd524e630,a6ad258b-ce6a-4465-ae50-7f77f4b9c206,8c6cccdc-37a3-46ac-82a5-a22d1d69000f,f8edaecf-8020-4564-bbf4-42b31ddc5d7a,2d9849af-4973-4fd8-a822-d8a60e17e5f5,81de6e6f-7d67-40af-b2be-f629e89085ed,completed,46fff238fb6d2caf7973ae538150ab3097c1fa1862c12a1b6c4ff163afb5f6c3,4eb1de1a-3682-4e43-9075-598dbaee7479,K1,2026-10-07T01:40:16.211974Z,T5,dbb63e68d4ed9e904fa985aa5b88d674205b6caab086a8d981ac8918a9c68fb5,empirical,"[""4afc763c-033e-501c-9c9c-453207d31e62"",""1fed9611-d0cc-51e5-86e7-4ba237c836a2"",""0e4d4039-5409-5be7-a300-ded85e9c22d7"",""1c4afc6f-6679-57b7-ab6b-cec3053e85a1"",""76216ff6-0dab-5f43-913f-741c2deb7596"",""fe7c5fea-171a-5d3e-b93c-b9d53dca7c67"",""784c942d-b222-5013-a2e4-de4aa477a143"",""2f2d84f4-6f41-5df7-a828-cc0a3d9cdddf"",""c68f6332-f200-5595-940d-e5bcad78f1fe"",""54c3aba8-cb42-5023-9591-5cdd68bdd7c5"",""b9ac296e-4c6c-5cdc-9e03-14868c124af2"",""022ddff9-4332-5ba5-b884-42537f220a0c"",""0d262496-18e1-5973-84a6-84fbda64d0ff"",""447860c8-1d56-518b-88ad-7e103990b756"",""616ecfda-7163-5a8d-ba60-01f623d8b124"",""656bacfc-b102-5379-8db2-2f9f127621e0"",""88f2e658-6155-5924-bc85-63fe2aabb08a"",""9f032fb3-90ca-5749-aff5-1065077ac10e"",""4d2e4005-a84b-525b-a492-d367c5e405d0"",""12b20e20-e117-5c00-83bc-e589b92b730e"",""e97a5398-37b9-5e89-91a9-9b3ae48d9534"",""7a8f92c5-5f85-593a-bf90-08e13c60a2e6"",""aa66f5e3-ac0e-57d6-9b69-aa54ea7c4fb9"",""d07b7490-853e-562b-b662-305e89e7718d"",""596c0800-372d-5056-8a35-9f8661656bf4"",""d08816e6-d4d6-5f35-9de3-d86528fa7a96"",""2e126757-f17e-5ee2-93db-94d31ed944b2"",""5e1af4e2-330f-563f-b639-2d3cd8d276c8"",""49cd1889-2a56-5913-8723-929335f68874"",""82b898ba-3b6d-567f-8996-4f259b74547e"",""d38eb7d2-e78b-5c2f-93e4-2e34846e80e6"",""33effc64-dcfe-5ced-badf-c4df49f68dc1"",""a3a03b99-34c0-504b-b529-32b798db318a"",""8b3ec7b0-123f-5597-95f7-1fafc5810d01"",""035c5442-19b8-5a84-8a59-b352a9660279"",""d6d45010-72fa-5741-b733-88958a8795d2"",""ab8215e5-b753-5a6a-a4e7-ad9caf42eeac"",""1b20061c-b208-551a-b06c-81ffeff623fc"",""9b6d0913-2ae6-5dab-ab36-d05e1c51b208"",""a27c1fb2-edc1-57e6-9d74-adb5a13fed3b"",""4696448b-8c21-591b-80cc-7344ea0b95ec"",""c1d75a33-928c-5636-b99c-def1fb29e0f5"",""61eebfb6-2555-5bce-ba71-7a750427392a"",""aba074a1-d451-595d-bc12-e257adbe7383"",""1ca34094-ee4d-5962-a78a-174d361a9cd3"",""7edb0577-da07-5c6f-8391-bb90e9822165"",""d7c5d484-54dc-5d1e-a3ac-65d60267a12c"",""f416cc8b-3bc2-5c4c-a91c-c56faf748684""]",,71c94c96-5c70-4b18-99c6-98b1c4160e8b,True,,[],SQL,M6-evaluator-v1,f8edaecf-8020-4564-bbf4-42b31ddc5d7a,0e4d4039-5409-5be7-a300-ded85e9c22d7,True,3,,A,Protected scaffold/allowlist and effective access routes against intact control; other semantic doubt stays open,False,2026-10-07T01:40:16.211967Z,automatic,1,972066a9-40db-412d-b51a-dd1bcb10681b,3a40d400-6b02-40af-bce6-b422ffb302d2,1,explicit per metric; exact fractions and decimal display,,M6-evaluator-v1,observed,binary,1,decimal,A
M7-analysis-v5,2394b234-0bc9-5e4f-b3e2-b83fed46e68b,1,f271356ffd8f5b943bef61c4d70ab406e48733c1d29b2b806edcf1d9e2d1263c,C-SQL-0,HUMAN-REVIEW-217c77dd-aad0-44e7-88ea-d55fef177dcc,e94a80ab-4ca4-47f3-bb24-a88528e3790c,f271356ffd8f5b943bef61c4d70ab406e48733c1d29b2b806edcf1d9e2d1263c,4dfbc4e4-df33-4fc5-9d7e-60b8d850f153,8c6cccdc-37a3-46ac-82a5-a22d1d69000f,f8edaecf-8020-4564-bbf4-42b31ddc5d7a,2d9849af-4973-4fd8-a822-d8a60e17e5f5,81de6e6f-7d67-40af-b2be-f629e89085ed,completed,0294f6c032f413f4245e83b15db52ab8f50ccfa6163f315fda209ab5b27f96be,a132b12b-e7a2-4837-8603-2cfe9fd0228c,K0,2026-10-07T01:58:18.233169Z,T3,dbb63e68d4ed9e904fa985aa5b88d674205b6caab086a8d981ac8918a9c68fb5,empirical,"[""4afc763c-033e-501c-9c9c-453207d31e62"",""1fed9611-d0cc-51e5-86e7-4ba237c836a2"",""0e4d4039-5409-5be7-a300-ded85e9c22d7"",""1c4afc6f-6679-57b7-ab6b-cec3053e85a1"",""76216ff6-0dab-5f43-913f-741c2deb7596"",""fe7c5fea-171a-5d3e-b93c-b9d53dca7c67"",""784c942d-b222-5013-a2e4-de4aa477a143"",""2f2d84f4-6f41-5df7-a828-cc0a3d9cdddf"",""c68f6332-f200-5595-940d-e5bcad78f1fe"",""54c3aba8-cb42-5023-9591-5cdd68bdd7c5"",""b9ac296e-4c6c-5cdc-9e03-14868c124af2"",""022ddff9-4332-5ba5-b884-42537f220a0c"",""0d262496-18e1-5973-84a6-84fbda64d0ff"",""447860c8-1d56-518b-88ad-7e103990b756"",""616ecfda-7163-5a8d-ba60-01f623d8b124"",""656bacfc-b102-5379-8db2-2f9f127621e0"",""88f2e658-6155-5924-bc85-63fe2aabb08a"",""9f032fb3-90ca-5749-aff5-1065077ac10e"",""4d2e4005-a84b-525b-a492-d367c5e405d0"",""12b20e20-e117-5c00-83bc-e589b92b730e"",""e97a5398-37b9-5e89-91a9-9b3ae48d9534"",""7a8f92c5-5f85-593a-bf90-08e13c60a2e6"",""aa66f5e3-ac0e-57d6-9b69-aa54ea7c4fb9"",""d07b7490-853e-562b-b662-305e89e7718d"",""596c0800-372d-5056-8a35-9f8661656bf4"",""d08816e6-d4d6-5f35-9de3-d86528fa7a96"",""2e126757-f17e-5ee2-93db-94d31ed944b2"",""5e1af4e2-330f-563f-b639-2d3cd8d276c8"",""49cd1889-2a56-5913-8723-929335f68874"",""82b898ba-3b6d-567f-8996-4f259b74547e"",""d38eb7d2-e78b-5c2f-93e4-2e34846e80e6"",""33effc64-dcfe-5ced-badf-c4df49f68dc1"",""a3a03b99-34c0-504b-b529-32b798db318a"",""8b3ec7b0-123f-5597-95f7-1fafc5810d01"",""035c5442-19b8-5a84-8a59-b352a9660279"",""d6d45010-72fa-5741-b733-88958a8795d2"",""ab8215e5-b753-5a6a-a4e7-ad9caf42eeac"",""1b20061c-b208-551a-b06c-81ffeff623fc"",""9b6d0913-2ae6-5dab-ab36-d05e1c51b208"",""a27c1fb2-edc1-57e6-9d74-adb5a13fed3b"",""4696448b-8c21-591b-80cc-7344ea0b95ec"",""c1d75a33-928c-5636-b99c-def1fb29e0f5"",""61eebfb6-2555-5bce-ba71-7a750427392a"",""aba074a1-d451-595d-bc12-e257adbe7383"",""1ca34094-ee4d-5962-a78a-174d361a9cd3"",""7edb0577-da07-5c6f-8391-bb90e9822165"",""d7c5d484-54dc-5d1e-a3ac-65d60267a12c"",""f416cc8b-3bc2-5c4c-a91c-c56faf748684""]",app/Http/Controllers/Study/SqlController.php,6962dbcb-74ad-4f5c-ad01-d91311e12826,True,43-54,[],SQL,Noah Fiedler,f8edaecf-8020-4564-bbf4-42b31ddc5d7a,1c4afc6f-6679-57b7-ab6b-cec3053e85a1,True,4,e569ff0f-9d6e-4910-a914-8d77f4ce748e,A,"Alle Rückgaben laufen über renderResult() (SqlController.php Z. 43-54, response()->view('study.sqli', …)). Das gilt für Formular (Z. 17), Eingabefehler (Z. 23, 27), unbekannte ID (Z. 37) und Erfolg (Z. 40). In sqli.blade.php enthalten Z. 10-14 das Formular. Z. 16 zeigt Status sowie Vor- und Nachname über {{ }}. Es gibt keine direkte HTML-Ausgabe im Controller.",True,2026-10-07T01:58:18.233162Z,human,2,972066a9-40db-412d-b51a-dd1bcb10681b,3b91cf74-bb6c-467f-ab64-f517331a4cfe,1,explicit per metric; exact fractions and decimal display,,Menschliche lokale Selbstauskunft,observed,binary,1,decimal,A
M7-analysis-v5,2394b234-0bc9-5e4f-b3e2-b83fed46e68b,1,f271356ffd8f5b943bef61c4d70ab406e48733c1d29b2b806edcf1d9e2d1263c,C-SQL-0,HUMAN-REVIEW-58562d1b-fe4c-42af-bad7-602649ad0e6d,e94a80ab-4ca4-47f3-bb24-a88528e3790c,f271356ffd8f5b943bef61c4d70ab406e48733c1d29b2b806edcf1d9e2d1263c,4dfbc4e4-df33-4fc5-9d7e-60b8d850f153,8c6cccdc-37a3-46ac-82a5-a22d1d69000f,f8edaecf-8020-4564-bbf4-42b31ddc5d7a,2d9849af-4973-4fd8-a822-d8a60e17e5f5,81de6e6f-7d67-40af-b2be-f629e89085ed,completed,0294f6c032f413f4245e83b15db52ab8f50ccfa6163f315fda209ab5b27f96be,a132b12b-e7a2-4837-8603-2cfe9fd0228c,K0,2026-10-07T01:58:54.122645Z,T4,dbb63e68d4ed9e904fa985aa5b88d674205b6caab086a8d981ac8918a9c68fb5,empirical,"[""4afc763c-033e-501c-9c9c-453207d31e62"",""1fed9611-d0cc-51e5-86e7-4ba237c836a2"",""0e4d4039-5409-5be7-a300-ded85e9c22d7"",""1c4afc6f-6679-57b7-ab6b-cec3053e85a1"",""76216ff6-0dab-5f43-913f-741c2deb7596"",""fe7c5fea-171a-5d3e-b93c-b9d53dca7c67"",""784c942d-b222-5013-a2e4-de4aa477a143"",""2f2d84f4-6f41-5df7-a828-cc0a3d9cdddf"",""c68f6332-f200-5595-940d-e5bcad78f1fe"",""54c3aba8-cb42-5023-9591-5cdd68bdd7c5"",""b9ac296e-4c6c-5cdc-9e03-14868c124af2"",""022ddff9-4332-5ba5-b884-42537f220a0c"",""0d262496-18e1-5973-84a6-84fbda64d0ff"",""447860c8-1d56-518b-88ad-7e103990b756"",""616ecfda-7163-5a8d-ba60-01f623d8b124"",""656bacfc-b102-5379-8db2-2f9f127621e0"",""88f2e658-6155-5924-bc85-63fe2aabb08a"",""9f032fb3-90ca-5749-aff5-1065077ac10e"",""4d2e4005-a84b-525b-a492-d367c5e405d0"",""12b20e20-e117-5c00-83bc-e589b92b730e"",""e97a5398-37b9-5e89-91a9-9b3ae48d9534"",""7a8f92c5-5f85-593a-bf90-08e13c60a2e6"",""aa66f5e3-ac0e-57d6-9b69-aa54ea7c4fb9"",""d07b7490-853e-562b-b662-305e89e7718d"",""596c0800-372d-5056-8a35-9f8661656bf4"",""d08816e6-d4d6-5f35-9de3-d86528fa7a96"",""2e126757-f17e-5ee2-93db-94d31ed944b2"",""5e1af4e2-330f-563f-b639-2d3cd8d276c8"",""49cd1889-2a56-5913-8723-929335f68874"",""82b898ba-3b6d-567f-8996-4f259b74547e"",""d38eb7d2-e78b-5c2f-93e4-2e34846e80e6"",""33effc64-dcfe-5ced-badf-c4df49f68dc1"",""a3a03b99-34c0-504b-b529-32b798db318a"",""8b3ec7b0-123f-5597-95f7-1fafc5810d01"",""035c5442-19b8-5a84-8a59-b352a9660279"",""d6d45010-72fa-5741-b733-88958a8795d2"",""ab8215e5-b753-5a6a-a4e7-ad9caf42eeac"",""1b20061c-b208-551a-b06c-81ffeff623fc"",""9b6d0913-2ae6-5dab-ab36-d05e1c51b208"",""a27c1fb2-edc1-57e6-9d74-adb5a13fed3b"",""4696448b-8c21-591b-80cc-7344ea0b95ec"",""c1d75a33-928c-5636-b99c-def1fb29e0f5"",""61eebfb6-2555-5bce-ba71-7a750427392a"",""aba074a1-d451-595d-bc12-e257adbe7383"",""1ca34094-ee4d-5962-a78a-174d361a9cd3"",""7edb0577-da07-5c6f-8391-bb90e9822165"",""d7c5d484-54dc-5d1e-a3ac-65d60267a12c"",""f416cc8b-3bc2-5c4c-a91c-c56faf748684""]",app/Http/Controllers/Study/SqlController.php,e9a4c1b0-9f0a-41c6-8480-41cdc5cc8a44,True,30-34,"[""44684373-3145-4f24-b045-88c65fc9dfbb""]",SQL,Noah Fiedler,f8edaecf-8020-4564-bbf4-42b31ddc5d7a,1c4afc6f-6679-57b7-ab6b-cec3053e85a1,True,4,ccb3382b-c6bd-412f-9105-ee2556241a0f,A,"SqlController.php Z. 30-34 nutzt DB::connection('mysql')->table('users')->select(['first_name','last_name'])->where('user_id', (int) $id)->first(). Das ist der Laravel-Query-Builder mit Parameterbindung. Die Namen kommen aus $user->first_name und $user->last_name (Z. 40). Die Verbindung mysql ist in config/database.php Z. 47-62 definiert und nutzt die DB_*-Umgebungswerte. Im Pfad gibt es keine eigene mysqli-/SQLite-/PDO-Verbindung, keine feste Namensliste und kein switch über IDs.",True,2026-10-07T01:58:54.122640Z,human,2,972066a9-40db-412d-b51a-dd1bcb10681b,3b91cf74-bb6c-467f-ab64-f517331a4cfe,1,explicit per metric; exact fractions and decimal display,,Menschliche lokale Selbstauskunft,observed,binary,1,decimal,A
M7-analysis-v5,2394b234-0bc9-5e4f-b3e2-b83fed46e68b,1,f271356ffd8f5b943bef61c4d70ab406e48733c1d29b2b806edcf1d9e2d1263c,C-SQL-0,HUMAN-REVIEW-8a72929e-8833-4ee1-9870-1eaafe384412,e94a80ab-4ca4-47f3-bb24-a88528e3790c,f271356ffd8f5b943bef61c4d70ab406e48733c1d29b2b806edcf1d9e2d1263c,4dfbc4e4-df33-4fc5-9d7e-60b8d850f153,8c6cccdc-37a3-46ac-82a5-a22d1d69000f,f8edaecf-8020-4564-bbf4-42b31ddc5d7a,2d9849af-4973-4fd8-a822-d8a60e17e5f5,81de6e6f-7d67-40af-b2be-f629e89085ed,completed,0294f6c032f413f4245e83b15db52ab8f50ccfa6163f315fda209ab5b27f96be,a132b12b-e7a2-4837-8603-2cfe9fd0228c,K0,2026-10-07T01:57:55.902367Z,T2,dbb63e68d4ed9e904fa985aa5b88d674205b6caab086a8d981ac8918a9c68fb5,empirical,"[""4afc763c-033e-501c-9c9c-453207d31e62"",""1fed9611-d0cc-51e5-86e7-4ba237c836a2"",""0e4d4039-5409-5be7-a300-ded85e9c22d7"",""1c4afc6f-6679-57b7-ab6b-cec3053e85a1"",""76216ff6-0dab-5f43-913f-741c2deb7596"",""fe7c5fea-171a-5d3e-b93c-b9d53dca7c67"",""784c942d-b222-5013-a2e4-de4aa477a143"",""2f2d84f4-6f41-5df7-a828-cc0a3d9cdddf"",""c68f6332-f200-5595-940d-e5bcad78f1fe"",""54c3aba8-cb42-5023-9591-5cdd68bdd7c5"",""b9ac296e-4c6c-5cdc-9e03-14868c124af2"",""022ddff9-4332-5ba5-b884-42537f220a0c"",""0d262496-18e1-5973-84a6-84fbda64d0ff"",""447860c8-1d56-518b-88ad-7e103990b756"",""616ecfda-7163-5a8d-ba60-01f623d8b124"",""656bacfc-b102-5379-8db2-2f9f127621e0"",""88f2e658-6155-5924-bc85-63fe2aabb08a"",""9f032fb3-90ca-5749-aff5-1065077ac10e"",""4d2e4005-a84b-525b-a492-d367c5e405d0"",""12b20e20-e117-5c00-83bc-e589b92b730e"",""e97a5398-37b9-5e89-91a9-9b3ae48d9534"",""7a8f92c5-5f85-593a-bf90-08e13c60a2e6"",""aa66f5e3-ac0e-57d6-9b69-aa54ea7c4fb9"",""d07b7490-853e-562b-b662-305e89e7718d"",""596c0800-372d-5056-8a35-9f8661656bf4"",""d08816e6-d4d6-5f35-9de3-d86528fa7a96"",""2e126757-f17e-5ee2-93db-94d31ed944b2"",""5e1af4e2-330f-563f-b639-2d3cd8d276c8"",""49cd1889-2a56-5913-8723-929335f68874"",""82b898ba-3b6d-567f-8996-4f259b74547e"",""d38eb7d2-e78b-5c2f-93e4-2e34846e80e6"",""33effc64-dcfe-5ced-badf-c4df49f68dc1"",""a3a03b99-34c0-504b-b529-32b798db318a"",""8b3ec7b0-123f-5597-95f7-1fafc5810d01"",""035c5442-19b8-5a84-8a59-b352a9660279"",""d6d45010-72fa-5741-b733-88958a8795d2"",""ab8215e5-b753-5a6a-a4e7-ad9caf42eeac"",""1b20061c-b208-551a-b06c-81ffeff623fc"",""9b6d0913-2ae6-5dab-ab36-d05e1c51b208"",""a27c1fb2-edc1-57e6-9d74-adb5a13fed3b"",""4696448b-8c21-591b-80cc-7344ea0b95ec"",""c1d75a33-928c-5636-b99c-def1fb29e0f5"",""61eebfb6-2555-5bce-ba71-7a750427392a"",""aba074a1-d451-595d-bc12-e257adbe7383"",""1ca34094-ee4d-5962-a78a-174d361a9cd3"",""7edb0577-da07-5c6f-8391-bb90e9822165"",""d7c5d484-54dc-5d1e-a3ac-65d60267a12c"",""f416cc8b-3bc2-5c4c-a91c-c56faf748684""]",app/Http/Controllers/Study/SqlController.php,deeb63d4-610c-43ed-96d9-e136c22623c3,True,12-41,[],SQL,Noah Fiedler,f8edaecf-8020-4564-bbf4-42b31ddc5d7a,1c4afc6f-6679-57b7-ab6b-cec3053e85a1,True,4,786c7e3e-9a36-4c47-9181-4a8b29d6bc14,A,"routes/study.php Z. 6 ordnet /study/sqli der Methode SqlController::show zu. Die Gruppe wird in routes/web.php Z. 8 mit auth geladen. In SqlController.php Z. 12-41 liegt die Verarbeitung selbst. Z. 16-18 zeigt das Formular, wenn Submit fehlt. Z. 20-28 validiert id, und Z. 30-40 führt die Abfrage aus. Es gibt keinen Legacy-Skript-Aufruf und keinen ausgelagerten Helfer (kein app/Study/).",True,2026-10-07T01:57:55.902342Z,human,2,972066a9-40db-412d-b51a-dd1bcb10681b,3b91cf74-bb6c-467f-ab64-f517331a4cfe,1,explicit per metric; exact fractions and decimal display,,Menschliche lokale Selbstauskunft,observed,binary,1,decimal,A
M7-analysis-v5,2394b234-0bc9-5e4f-b3e2-b83fed46e68b,1,f271356ffd8f5b943bef61c4d70ab406e48733c1d29b2b806edcf1d9e2d1263c,C-SQL-0,M6-T1-26a1f24d-8d2b-410e-babe-a8e09649611b,a99e53f1-bd4b-451c-8bc1-28b73f983514,f271356ffd8f5b943bef61c4d70ab406e48733c1d29b2b806edcf1d9e2d1263c,4dfbc4e4-df33-4fc5-9d7e-60b8d850f153,8c6cccdc-37a3-46ac-82a5-a22d1d69000f,f8edaecf-8020-4564-bbf4-42b31ddc5d7a,2d9849af-4973-4fd8-a822-d8a60e17e5f5,81de6e6f-7d67-40af-b2be-f629e89085ed,completed,0294f6c032f413f4245e83b15db52ab8f50ccfa6163f315fda209ab5b27f96be,a132b12b-e7a2-4837-8603-2cfe9fd0228c,K0,2026-10-07T01:52:22.094660Z,T1,dbb63e68d4ed9e904fa985aa5b88d674205b6caab086a8d981ac8918a9c68fb5,empirical,"[""4afc763c-033e-501c-9c9c-453207d31e62"",""1fed9611-d0cc-51e5-86e7-4ba237c836a2"",""0e4d4039-5409-5be7-a300-ded85e9c22d7"",""1c4afc6f-6679-57b7-ab6b-cec3053e85a1"",""76216ff6-0dab-5f43-913f-741c2deb7596"",""fe7c5fea-171a-5d3e-b93c-b9d53dca7c67"",""784c942d-b222-5013-a2e4-de4aa477a143"",""2f2d84f4-6f41-5df7-a828-cc0a3d9cdddf"",""c68f6332-f200-5595-940d-e5bcad78f1fe"",""54c3aba8-cb42-5023-9591-5cdd68bdd7c5"",""b9ac296e-4c6c-5cdc-9e03-14868c124af2"",""022ddff9-4332-5ba5-b884-42537f220a0c"",""0d262496-18e1-5973-84a6-84fbda64d0ff"",""447860c8-1d56-518b-88ad-7e103990b756"",""616ecfda-7163-5a8d-ba60-01f623d8b124"",""656bacfc-b102-5379-8db2-2f9f127621e0"",""88f2e658-6155-5924-bc85-63fe2aabb08a"",""9f032fb3-90ca-5749-aff5-1065077ac10e"",""4d2e4005-a84b-525b-a492-d367c5e405d0"",""12b20e20-e117-5c00-83bc-e589b92b730e"",""e97a5398-37b9-5e89-91a9-9b3ae48d9534"",""7a8f92c5-5f85-593a-bf90-08e13c60a2e6"",""aa66f5e3-ac0e-57d6-9b69-aa54ea7c4fb9"",""d07b7490-853e-562b-b662-305e89e7718d"",""596c0800-372d-5056-8a35-9f8661656bf4"",""d08816e6-d4d6-5f35-9de3-d86528fa7a96"",""2e126757-f17e-5ee2-93db-94d31ed944b2"",""5e1af4e2-330f-563f-b639-2d3cd8d276c8"",""49cd1889-2a56-5913-8723-929335f68874"",""82b898ba-3b6d-567f-8996-4f259b74547e"",""d38eb7d2-e78b-5c2f-93e4-2e34846e80e6"",""33effc64-dcfe-5ced-badf-c4df49f68dc1"",""a3a03b99-34c0-504b-b529-32b798db318a"",""8b3ec7b0-123f-5597-95f7-1fafc5810d01"",""035c5442-19b8-5a84-8a59-b352a9660279"",""d6d45010-72fa-5741-b733-88958a8795d2"",""ab8215e5-b753-5a6a-a4e7-ad9caf42eeac"",""1b20061c-b208-551a-b06c-81ffeff623fc"",""9b6d0913-2ae6-5dab-ab36-d05e1c51b208"",""a27c1fb2-edc1-57e6-9d74-adb5a13fed3b"",""4696448b-8c21-591b-80cc-7344ea0b95ec"",""c1d75a33-928c-5636-b99c-def1fb29e0f5"",""61eebfb6-2555-5bce-ba71-7a750427392a"",""aba074a1-d451-595d-bc12-e257adbe7383"",""1ca34094-ee4d-5962-a78a-174d361a9cd3"",""7edb0577-da07-5c6f-8391-bb90e9822165"",""d7c5d484-54dc-5d1e-a3ac-65d60267a12c"",""f416cc8b-3bc2-5c4c-a91c-c56faf748684""]",,5beffde2-6c96-4d92-adc4-473eba4640cf,True,,[],SQL,M6-evaluator-v1,f8edaecf-8020-4564-bbf4-42b31ddc5d7a,1c4afc6f-6679-57b7-ab6b-cec3053e85a1,True,4,,A,Native syntax/boot plus independent intact scaffold control,True,2026-10-07T01:52:22.094643Z,automatic,1,972066a9-40db-412d-b51a-dd1bcb10681b,3b91cf74-bb6c-467f-ab64-f517331a4cfe,1,explicit per metric; exact fractions and decimal display,,M6-evaluator-v1,observed,binary,1,decimal,A
M7-analysis-v5,2394b234-0bc9-5e4f-b3e2-b83fed46e68b,1,f271356ffd8f5b943bef61c4d70ab406e48733c1d29b2b806edcf1d9e2d1263c,C-SQL-0,M6-T5-f9023994-dbbc-4b00-a9bb-74ef7b663af7,69efeeb8-dda5-4059-b5c9-28776c983848,f271356ffd8f5b943bef61c4d70ab406e48733c1d29b2b806edcf1d9e2d1263c,4dfbc4e4-df33-4fc5-9d7e-60b8d850f153,8c6cccdc-37a3-46ac-82a5-a22d1d69000f,f8edaecf-8020-4564-bbf4-42b31ddc5d7a,2d9849af-4973-4fd8-a822-d8a60e17e5f5,81de6e6f-7d67-40af-b2be-f629e89085ed,completed,0294f6c032f413f4245e83b15db52ab8f50ccfa6163f315fda209ab5b27f96be,a132b12b-e7a2-4837-8603-2cfe9fd0228c,K0,2026-10-07T01:52:22.098053Z,T5,dbb63e68d4ed9e904fa985aa5b88d674205b6caab086a8d981ac8918a9c68fb5,empirical,"[""4afc763c-033e-501c-9c9c-453207d31e62"",""1fed9611-d0cc-51e5-86e7-4ba237c836a2"",""0e4d4039-5409-5be7-a300-ded85e9c22d7"",""1c4afc6f-6679-57b7-ab6b-cec3053e85a1"",""76216ff6-0dab-5f43-913f-741c2deb7596"",""fe7c5fea-171a-5d3e-b93c-b9d53dca7c67"",""784c942d-b222-5013-a2e4-de4aa477a143"",""2f2d84f4-6f41-5df7-a828-cc0a3d9cdddf"",""c68f6332-f200-5595-940d-e5bcad78f1fe"",""54c3aba8-cb42-5023-9591-5cdd68bdd7c5"",""b9ac296e-4c6c-5cdc-9e03-14868c124af2"",""022ddff9-4332-5ba5-b884-42537f220a0c"",""0d262496-18e1-5973-84a6-84fbda64d0ff"",""447860c8-1d56-518b-88ad-7e103990b756"",""616ecfda-7163-5a8d-ba60-01f623d8b124"",""656bacfc-b102-5379-8db2-2f9f127621e0"",""88f2e658-6155-5924-bc85-63fe2aabb08a"",""9f032fb3-90ca-5749-aff5-1065077ac10e"",""4d2e4005-a84b-525b-a492-d367c5e405d0"",""12b20e20-e117-5c00-83bc-e589b92b730e"",""e97a5398-37b9-5e89-91a9-9b3ae48d9534"",""7a8f92c5-5f85-593a-bf90-08e13c60a2e6"",""aa66f5e3-ac0e-57d6-9b69-aa54ea7c4fb9"",""d07b7490-853e-562b-b662-305e89e7718d"",""596c0800-372d-5056-8a35-9f8661656bf4"",""d08816e6-d4d6-5f35-9de3-d86528fa7a96"",""2e126757-f17e-5ee2-93db-94d31ed944b2"",""5e1af4e2-330f-563f-b639-2d3cd8d276c8"",""49cd1889-2a56-5913-8723-929335f68874"",""82b898ba-3b6d-567f-8996-4f259b74547e"",""d38eb7d2-e78b-5c2f-93e4-2e34846e80e6"",""33effc64-dcfe-5ced-badf-c4df49f68dc1"",""a3a03b99-34c0-504b-b529-32b798db318a"",""8b3ec7b0-123f-5597-95f7-1fafc5810d01"",""035c5442-19b8-5a84-8a59-b352a9660279"",""d6d45010-72fa-5741-b733-88958a8795d2"",""ab8215e5-b753-5a6a-a4e7-ad9caf42eeac"",""1b20061c-b208-551a-b06c-81ffeff623fc"",""9b6d0913-2ae6-5dab-ab36-d05e1c51b208"",""a27c1fb2-edc1-57e6-9d74-adb5a13fed3b"",""4696448b-8c21-591b-80cc-7344ea0b95ec"",""c1d75a33-928c-5636-b99c-def1fb29e0f5"",""61eebfb6-2555-5bce-ba71-7a750427392a"",""aba074a1-d451-595d-bc12-e257adbe7383"",""1ca34094-ee4d-5962-a78a-174d361a9cd3"",""7edb0577-da07-5c6f-8391-bb90e9822165"",""d7c5d484-54dc-5d1e-a3ac-65d60267a12c"",""f416cc8b-3bc2-5c4c-a91c-c56faf748684""]",,4497dd79-24b9-40aa-be12-52bb6bedc81d,True,,[],SQL,M6-evaluator-v1,f8edaecf-8020-4564-bbf4-42b31ddc5d7a,1c4afc6f-6679-57b7-ab6b-cec3053e85a1,True,4,,A,Protected scaffold/allowlist and effective access routes against intact control; other semantic doubt stays open,True,2026-10-07T01:52:22.098042Z,automatic,1,972066a9-40db-412d-b51a-dd1bcb10681b,3b91cf74-bb6c-467f-ab64-f517331a4cfe,1,explicit per metric; exact fractions and decimal display,,M6-evaluator-v1,observed,binary,1,decimal,A
M7-analysis-v5,2394b234-0bc9-5e4f-b3e2-b83fed46e68b,1,41b0225438818b95d9f194005fa9c3dd9f10fce188f280bdfe6b26e06aa2975e,E-BA,HUMAN-REVIEW-71f5a5b1-5e0a-4df9-b1fc-155132f7b599,178f1d48-5bc4-4160-8b17-25d9e6646f82,41b0225438818b95d9f194005fa9c3dd9f10fce188f280bdfe6b26e06aa2975e,a1950c1e-146e-4631-9e4e-726186527901,8c6cccdc-37a3-46ac-82a5-a22d1d69000f,f8edaecf-8020-4564-bbf4-42b31ddc5d7a,2d9849af-4973-4fd8-a822-d8a60e17e5f5,81de6e6f-7d67-40af-b2be-f629e89085ed,completed,c95570638786f34bdf300259908c703357f319349529bd0f72711c0b41f6d98a,bcba9767-41cd-49d9-aa5e-687d9d4d0032,K1,2026-10-07T02:20:31.798868Z,T4,dbb63e68d4ed9e904fa985aa5b88d674205b6caab086a8d981ac8918a9c68fb5,empirical,"[""4afc763c-033e-501c-9c9c-453207d31e62"",""1fed9611-d0cc-51e5-86e7-4ba237c836a2"",""0e4d4039-5409-5be7-a300-ded85e9c22d7"",""1c4afc6f-6679-57b7-ab6b-cec3053e85a1"",""76216ff6-0dab-5f43-913f-741c2deb7596"",""fe7c5fea-171a-5d3e-b93c-b9d53dca7c67"",""784c942d-b222-5013-a2e4-de4aa477a143"",""2f2d84f4-6f41-5df7-a828-cc0a3d9cdddf"",""c68f6332-f200-5595-940d-e5bcad78f1fe"",""54c3aba8-cb42-5023-9591-5cdd68bdd7c5"",""b9ac296e-4c6c-5cdc-9e03-14868c124af2"",""022ddff9-4332-5ba5-b884-42537f220a0c"",""0d262496-18e1-5973-84a6-84fbda64d0ff"",""447860c8-1d56-518b-88ad-7e103990b756"",""616ecfda-7163-5a8d-ba60-01f623d8b124"",""656bacfc-b102-5379-8db2-2f9f127621e0"",""88f2e658-6155-5924-bc85-63fe2aabb08a"",""9f032fb3-90ca-5749-aff5-1065077ac10e"",""4d2e4005-a84b-525b-a492-d367c5e405d0"",""12b20e20-e117-5c00-83bc-e589b92b730e"",""e97a5398-37b9-5e89-91a9-9b3ae48d9534"",""7a8f92c5-5f85-593a-bf90-08e13c60a2e6"",""aa66f5e3-ac0e-57d6-9b69-aa54ea7c4fb9"",""d07b7490-853e-562b-b662-305e89e7718d"",""596c0800-372d-5056-8a35-9f8661656bf4"",""d08816e6-d4d6-5f35-9de3-d86528fa7a96"",""2e126757-f17e-5ee2-93db-94d31ed944b2"",""5e1af4e2-330f-563f-b639-2d3cd8d276c8"",""49cd1889-2a56-5913-8723-929335f68874"",""82b898ba-3b6d-567f-8996-4f259b74547e"",""d38eb7d2-e78b-5c2f-93e4-2e34846e80e6"",""33effc64-dcfe-5ced-badf-c4df49f68dc1"",""a3a03b99-34c0-504b-b529-32b798db318a"",""8b3ec7b0-123f-5597-95f7-1fafc5810d01"",""035c5442-19b8-5a84-8a59-b352a9660279"",""d6d45010-72fa-5741-b733-88958a8795d2"",""ab8215e5-b753-5a6a-a4e7-ad9caf42eeac"",""1b20061c-b208-551a-b06c-81ffeff623fc"",""9b6d0913-2ae6-5dab-ab36-d05e1c51b208"",""a27c1fb2-edc1-57e6-9d74-adb5a13fed3b"",""4696448b-8c21-591b-80cc-7344ea0b95ec"",""c1d75a33-928c-5636-b99c-def1fb29e0f5"",""61eebfb6-2555-5bce-ba71-7a750427392a"",""aba074a1-d451-595d-bc12-e257adbe7383"",""1ca34094-ee4d-5962-a78a-174d361a9cd3"",""7edb0577-da07-5c6f-8391-bb90e9822165"",""d7c5d484-54dc-5d1e-a3ac-65d60267a12c"",""f416cc8b-3bc2-5c4c-a91c-c56faf748684""]",app/Http/Controllers/Study/SqliController.php,473b46b6-d6fb-4bcf-995b-b5f3d2ec44d0,True,39-55,"[""30f0fc57-aad3-4dc7-a462-8e518c19a1fe""]",SQL,Noah Fiedler,f8edaecf-8020-4564-bbf4-42b31ddc5d7a,76216ff6-0dab-5f43-913f-741c2deb7596,True,5,05c27cb3-01ae-4d48-a216-72ade3cae67f,B,"Der Code verwendet eine Laravel-Query-Builder-Abfrage auf users, selektiert first_name und last_name und filtert nach user_id (Z. 39-42). Die Rückgabefelder werden direkt aus dem Abfrageergebnis an Blade übergeben (Z. 52-55). Die Standardverbindung ist MySQL (database.php).",True,2026-10-07T02:20:31.798861Z,human,2,972066a9-40db-412d-b51a-dd1bcb10681b,bc4d0829-3e3e-4e7a-8e68-8053af270847,1,explicit per metric; exact fractions and decimal display,,Menschliche lokale Selbstauskunft,observed,binary,1,decimal,A
M7-analysis-v5,2394b234-0bc9-5e4f-b3e2-b83fed46e68b,1,41b0225438818b95d9f194005fa9c3dd9f10fce188f280bdfe6b26e06aa2975e,E-BA,HUMAN-REVIEW-75b0971e-f539-4c4d-9e80-2eb92ebf756b,178f1d48-5bc4-4160-8b17-25d9e6646f82,41b0225438818b95d9f194005fa9c3dd9f10fce188f280bdfe6b26e06aa2975e,a1950c1e-146e-4631-9e4e-726186527901,8c6cccdc-37a3-46ac-82a5-a22d1d69000f,f8edaecf-8020-4564-bbf4-42b31ddc5d7a,2d9849af-4973-4fd8-a822-d8a60e17e5f5,81de6e6f-7d67-40af-b2be-f629e89085ed,completed,c95570638786f34bdf300259908c703357f319349529bd0f72711c0b41f6d98a,bcba9767-41cd-49d9-aa5e-687d9d4d0032,K1,2026-10-07T02:19:47.543270Z,T2,dbb63e68d4ed9e904fa985aa5b88d674205b6caab086a8d981ac8918a9c68fb5,empirical,"[""4afc763c-033e-501c-9c9c-453207d31e62"",""1fed9611-d0cc-51e5-86e7-4ba237c836a2"",""0e4d4039-5409-5be7-a300-ded85e9c22d7"",""1c4afc6f-6679-57b7-ab6b-cec3053e85a1"",""76216ff6-0dab-5f43-913f-741c2deb7596"",""fe7c5fea-171a-5d3e-b93c-b9d53dca7c67"",""784c942d-b222-5013-a2e4-de4aa477a143"",""2f2d84f4-6f41-5df7-a828-cc0a3d9cdddf"",""c68f6332-f200-5595-940d-e5bcad78f1fe"",""54c3aba8-cb42-5023-9591-5cdd68bdd7c5"",""b9ac296e-4c6c-5cdc-9e03-14868c124af2"",""022ddff9-4332-5ba5-b884-42537f220a0c"",""0d262496-18e1-5973-84a6-84fbda64d0ff"",""447860c8-1d56-518b-88ad-7e103990b756"",""616ecfda-7163-5a8d-ba60-01f623d8b124"",""656bacfc-b102-5379-8db2-2f9f127621e0"",""88f2e658-6155-5924-bc85-63fe2aabb08a"",""9f032fb3-90ca-5749-aff5-1065077ac10e"",""4d2e4005-a84b-525b-a492-d367c5e405d0"",""12b20e20-e117-5c00-83bc-e589b92b730e"",""e97a5398-37b9-5e89-91a9-9b3ae48d9534"",""7a8f92c5-5f85-593a-bf90-08e13c60a2e6"",""aa66f5e3-ac0e-57d6-9b69-aa54ea7c4fb9"",""d07b7490-853e-562b-b662-305e89e7718d"",""596c0800-372d-5056-8a35-9f8661656bf4"",""d08816e6-d4d6-5f35-9de3-d86528fa7a96"",""2e126757-f17e-5ee2-93db-94d31ed944b2"",""5e1af4e2-330f-563f-b639-2d3cd8d276c8"",""49cd1889-2a56-5913-8723-929335f68874"",""82b898ba-3b6d-567f-8996-4f259b74547e"",""d38eb7d2-e78b-5c2f-93e4-2e34846e80e6"",""33effc64-dcfe-5ced-badf-c4df49f68dc1"",""a3a03b99-34c0-504b-b529-32b798db318a"",""8b3ec7b0-123f-5597-95f7-1fafc5810d01"",""035c5442-19b8-5a84-8a59-b352a9660279"",""d6d45010-72fa-5741-b733-88958a8795d2"",""ab8215e5-b753-5a6a-a4e7-ad9caf42eeac"",""1b20061c-b208-551a-b06c-81ffeff623fc"",""9b6d0913-2ae6-5dab-ab36-d05e1c51b208"",""a27c1fb2-edc1-57e6-9d74-adb5a13fed3b"",""4696448b-8c21-591b-80cc-7344ea0b95ec"",""c1d75a33-928c-5636-b99c-def1fb29e0f5"",""61eebfb6-2555-5bce-ba71-7a750427392a"",""aba074a1-d451-595d-bc12-e257adbe7383"",""1ca34094-ee4d-5962-a78a-174d361a9cd3"",""7edb0577-da07-5c6f-8391-bb90e9822165"",""d7c5d484-54dc-5d1e-a3ac-65d60267a12c"",""f416cc8b-3bc2-5c4c-a91c-c56faf748684""]",app/Http/Controllers/Study/SqliController.php,43347f6b-645a-4ad9-8c8e-55572fcccf21,True,11-56,[],SQL,Noah Fiedler,f8edaecf-8020-4564-bbf4-42b31ddc5d7a,76216ff6-0dab-5f43-913f-741c2deb7596,True,5,fdaaf70d-a2ca-4f01-bdb3-306c1eac020d,B,"Die GET-Route /study/sqli ist dem SqliController::handle zugeordnet (study.php). Die Methode zeigt ohne Submit das Formular (Z. 13-19), liest und validiert mit Submit die ID (Z. 21-37), fragt den Benutzer ab (Z. 39-42) und behandelt Treffer sowie Nichttreffer (Z. 44-56). Es gibt in diesem Aufrufpfad keine Legacy-Skript-Einbindung.",True,2026-10-07T02:19:47.543263Z,human,2,972066a9-40db-412d-b51a-dd1bcb10681b,bc4d0829-3e3e-4e7a-8e68-8053af270847,1,explicit per metric; exact fractions and decimal display,,Menschliche lokale Selbstauskunft,observed,binary,1,decimal,A
M7-analysis-v5,2394b234-0bc9-5e4f-b3e2-b83fed46e68b,1,41b0225438818b95d9f194005fa9c3dd9f10fce188f280bdfe6b26e06aa2975e,E-BA,HUMAN-REVIEW-e46b0dae-616e-41c0-a5c2-dea8393fdce7,c3cb39ea-ce24-49cc-b073-ea384b438075,41b0225438818b95d9f194005fa9c3dd9f10fce188f280bdfe6b26e06aa2975e,a1950c1e-146e-4631-9e4e-726186527901,8c6cccdc-37a3-46ac-82a5-a22d1d69000f,f8edaecf-8020-4564-bbf4-42b31ddc5d7a,2d9849af-4973-4fd8-a822-d8a60e17e5f5,81de6e6f-7d67-40af-b2be-f629e89085ed,completed,c95570638786f34bdf300259908c703357f319349529bd0f72711c0b41f6d98a,bcba9767-41cd-49d9-aa5e-687d9d4d0032,K1,2026-10-07T02:20:03.935687Z,T3,dbb63e68d4ed9e904fa985aa5b88d674205b6caab086a8d981ac8918a9c68fb5,empirical,"[""4afc763c-033e-501c-9c9c-453207d31e62"",""1fed9611-d0cc-51e5-86e7-4ba237c836a2"",""0e4d4039-5409-5be7-a300-ded85e9c22d7"",""1c4afc6f-6679-57b7-ab6b-cec3053e85a1"",""76216ff6-0dab-5f43-913f-741c2deb7596"",""fe7c5fea-171a-5d3e-b93c-b9d53dca7c67"",""784c942d-b222-5013-a2e4-de4aa477a143"",""2f2d84f4-6f41-5df7-a828-cc0a3d9cdddf"",""c68f6332-f200-5595-940d-e5bcad78f1fe"",""54c3aba8-cb42-5023-9591-5cdd68bdd7c5"",""b9ac296e-4c6c-5cdc-9e03-14868c124af2"",""022ddff9-4332-5ba5-b884-42537f220a0c"",""0d262496-18e1-5973-84a6-84fbda64d0ff"",""447860c8-1d56-518b-88ad-7e103990b756"",""616ecfda-7163-5a8d-ba60-01f623d8b124"",""656bacfc-b102-5379-8db2-2f9f127621e0"",""88f2e658-6155-5924-bc85-63fe2aabb08a"",""9f032fb3-90ca-5749-aff5-1065077ac10e"",""4d2e4005-a84b-525b-a492-d367c5e405d0"",""12b20e20-e117-5c00-83bc-e589b92b730e"",""e97a5398-37b9-5e89-91a9-9b3ae48d9534"",""7a8f92c5-5f85-593a-bf90-08e13c60a2e6"",""aa66f5e3-ac0e-57d6-9b69-aa54ea7c4fb9"",""d07b7490-853e-562b-b662-305e89e7718d"",""596c0800-372d-5056-8a35-9f8661656bf4"",""d08816e6-d4d6-5f35-9de3-d86528fa7a96"",""2e126757-f17e-5ee2-93db-94d31ed944b2"",""5e1af4e2-330f-563f-b639-2d3cd8d276c8"",""49cd1889-2a56-5913-8723-929335f68874"",""82b898ba-3b6d-567f-8996-4f259b74547e"",""d38eb7d2-e78b-5c2f-93e4-2e34846e80e6"",""33effc64-dcfe-5ced-badf-c4df49f68dc1"",""a3a03b99-34c0-504b-b529-32b798db318a"",""8b3ec7b0-123f-5597-95f7-1fafc5810d01"",""035c5442-19b8-5a84-8a59-b352a9660279"",""d6d45010-72fa-5741-b733-88958a8795d2"",""ab8215e5-b753-5a6a-a4e7-ad9caf42eeac"",""1b20061c-b208-551a-b06c-81ffeff623fc"",""9b6d0913-2ae6-5dab-ab36-d05e1c51b208"",""a27c1fb2-edc1-57e6-9d74-adb5a13fed3b"",""4696448b-8c21-591b-80cc-7344ea0b95ec"",""c1d75a33-928c-5636-b99c-def1fb29e0f5"",""61eebfb6-2555-5bce-ba71-7a750427392a"",""aba074a1-d451-595d-bc12-e257adbe7383"",""1ca34094-ee4d-5962-a78a-174d361a9cd3"",""7edb0577-da07-5c6f-8391-bb90e9822165"",""d7c5d484-54dc-5d1e-a3ac-65d60267a12c"",""f416cc8b-3bc2-5c4c-a91c-c56faf748684""]",resources/views/study/sqli.blade.php,ad1ca19e-f51a-4c40-a558-a246983fca8f,True,10-23,[],SQL,Noah Fiedler,f8edaecf-8020-4564-bbf4-42b31ddc5d7a,76216ff6-0dab-5f43-913f-741c2deb7596,True,5,9b8fa147-6a7d-486c-af2c-4bcae6d26f1b,B,Die vom Controller in allen Antwortzweigen gerenderte View study.sqli enthält das GET-Formular mit id und Submit (Z. 10-14). Sie zeigt den Status bedingt an (Z. 16-23) und gibt bei SUCCESS die vom Controller gelieferten Variablen firstName und lastName aus (Z. 19-22). Die Zweige für Eingabefehler und unbekannte IDs liefern ebenfalls diese Blade-View mit jeweiligem Status (SqliController.php).,True,2026-10-07T02:20:03.935681Z,human,2,972066a9-40db-412d-b51a-dd1bcb10681b,bc4d0829-3e3e-4e7a-8e68-8053af270847,1,explicit per metric; exact fractions and decimal display,,Menschliche lokale Selbstauskunft,observed,binary,1,decimal,A
M7-analysis-v5,2394b234-0bc9-5e4f-b3e2-b83fed46e68b,1,41b0225438818b95d9f194005fa9c3dd9f10fce188f280bdfe6b26e06aa2975e,E-BA,M6-T1-3db1a0ef-cb3e-4692-b79a-f948bdc7c41c,906b27f7-2378-4117-bfd3-4bf50f98395f,41b0225438818b95d9f194005fa9c3dd9f10fce188f280bdfe6b26e06aa2975e,a1950c1e-146e-4631-9e4e-726186527901,8c6cccdc-37a3-46ac-82a5-a22d1d69000f,f8edaecf-8020-4564-bbf4-42b31ddc5d7a,2d9849af-4973-4fd8-a822-d8a60e17e5f5,81de6e6f-7d67-40af-b2be-f629e89085ed,completed,c95570638786f34bdf300259908c703357f319349529bd0f72711c0b41f6d98a,bcba9767-41cd-49d9-aa5e-687d9d4d0032,K1,2026-10-07T02:17:07.301465Z,T1,dbb63e68d4ed9e904fa985aa5b88d674205b6caab086a8d981ac8918a9c68fb5,empirical,"[""4afc763c-033e-501c-9c9c-453207d31e62"",""1fed9611-d0cc-51e5-86e7-4ba237c836a2"",""0e4d4039-5409-5be7-a300-ded85e9c22d7"",""1c4afc6f-6679-57b7-ab6b-cec3053e85a1"",""76216ff6-0dab-5f43-913f-741c2deb7596"",""fe7c5fea-171a-5d3e-b93c-b9d53dca7c67"",""784c942d-b222-5013-a2e4-de4aa477a143"",""2f2d84f4-6f41-5df7-a828-cc0a3d9cdddf"",""c68f6332-f200-5595-940d-e5bcad78f1fe"",""54c3aba8-cb42-5023-9591-5cdd68bdd7c5"",""b9ac296e-4c6c-5cdc-9e03-14868c124af2"",""022ddff9-4332-5ba5-b884-42537f220a0c"",""0d262496-18e1-5973-84a6-84fbda64d0ff"",""447860c8-1d56-518b-88ad-7e103990b756"",""616ecfda-7163-5a8d-ba60-01f623d8b124"",""656bacfc-b102-5379-8db2-2f9f127621e0"",""88f2e658-6155-5924-bc85-63fe2aabb08a"",""9f032fb3-90ca-5749-aff5-1065077ac10e"",""4d2e4005-a84b-525b-a492-d367c5e405d0"",""12b20e20-e117-5c00-83bc-e589b92b730e"",""e97a5398-37b9-5e89-91a9-9b3ae48d9534"",""7a8f92c5-5f85-593a-bf90-08e13c60a2e6"",""aa66f5e3-ac0e-57d6-9b69-aa54ea7c4fb9"",""d07b7490-853e-562b-b662-305e89e7718d"",""596c0800-372d-5056-8a35-9f8661656bf4"",""d08816e6-d4d6-5f35-9de3-d86528fa7a96"",""2e126757-f17e-5ee2-93db-94d31ed944b2"",""5e1af4e2-330f-563f-b639-2d3cd8d276c8"",""49cd1889-2a56-5913-8723-929335f68874"",""82b898ba-3b6d-567f-8996-4f259b74547e"",""d38eb7d2-e78b-5c2f-93e4-2e34846e80e6"",""33effc64-dcfe-5ced-badf-c4df49f68dc1"",""a3a03b99-34c0-504b-b529-32b798db318a"",""8b3ec7b0-123f-5597-95f7-1fafc5810d01"",""035c5442-19b8-5a84-8a59-b352a9660279"",""d6d45010-72fa-5741-b733-88958a8795d2"",""ab8215e5-b753-5a6a-a4e7-ad9caf42eeac"",""1b20061c-b208-551a-b06c-81ffeff623fc"",""9b6d0913-2ae6-5dab-ab36-d05e1c51b208"",""a27c1fb2-edc1-57e6-9d74-adb5a13fed3b"",""4696448b-8c21-591b-80cc-7344ea0b95ec"",""c1d75a33-928c-5636-b99c-def1fb29e0f5"",""61eebfb6-2555-5bce-ba71-7a750427392a"",""aba074a1-d451-595d-bc12-e257adbe7383"",""1ca34094-ee4d-5962-a78a-174d361a9cd3"",""7edb0577-da07-5c6f-8391-bb90e9822165"",""d7c5d484-54dc-5d1e-a3ac-65d60267a12c"",""f416cc8b-3bc2-5c4c-a91c-c56faf748684""]",,bd4e6858-9ed4-4cdb-bae1-9ef3a340da86,True,,[],SQL,M6-evaluator-v1,f8edaecf-8020-4564-bbf4-42b31ddc5d7a,76216ff6-0dab-5f43-913f-741c2deb7596,True,5,,B,Native syntax/boot plus independent intact scaffold control,True,2026-10-07T02:17:07.301444Z,automatic,1,972066a9-40db-412d-b51a-dd1bcb10681b,bc4d0829-3e3e-4e7a-8e68-8053af270847,1,explicit per metric; exact fractions and decimal display,,M6-evaluator-v1,observed,binary,1,decimal,A
M7-analysis-v5,2394b234-0bc9-5e4f-b3e2-b83fed46e68b,1,41b0225438818b95d9f194005fa9c3dd9f10fce188f280bdfe6b26e06aa2975e,E-BA,M6-T5-5d4cfb7b-5f28-4bff-8332-e58f68653dfe,67105156-4205-4367-9774-2993b714b60d,41b0225438818b95d9f194005fa9c3dd9f10fce188f280bdfe6b26e06aa2975e,a1950c1e-146e-4631-9e4e-726186527901,8c6cccdc-37a3-46ac-82a5-a22d1d69000f,f8edaecf-8020-4564-bbf4-42b31ddc5d7a,2d9849af-4973-4fd8-a822-d8a60e17e5f5,81de6e6f-7d67-40af-b2be-f629e89085ed,completed,c95570638786f34bdf300259908c703357f319349529bd0f72711c0b41f6d98a,bcba9767-41cd-49d9-aa5e-687d9d4d0032,K1,2026-10-07T02:17:07.305736Z,T5,dbb63e68d4ed9e904fa985aa5b88d674205b6caab086a8d981ac8918a9c68fb5,empirical,"[""4afc763c-033e-501c-9c9c-453207d31e62"",""1fed9611-d0cc-51e5-86e7-4ba237c836a2"",""0e4d4039-5409-5be7-a300-ded85e9c22d7"",""1c4afc6f-6679-57b7-ab6b-cec3053e85a1"",""76216ff6-0dab-5f43-913f-741c2deb7596"",""fe7c5fea-171a-5d3e-b93c-b9d53dca7c67"",""784c942d-b222-5013-a2e4-de4aa477a143"",""2f2d84f4-6f41-5df7-a828-cc0a3d9cdddf"",""c68f6332-f200-5595-940d-e5bcad78f1fe"",""54c3aba8-cb42-5023-9591-5cdd68bdd7c5"",""b9ac296e-4c6c-5cdc-9e03-14868c124af2"",""022ddff9-4332-5ba5-b884-42537f220a0c"",""0d262496-18e1-5973-84a6-84fbda64d0ff"",""447860c8-1d56-518b-88ad-7e103990b756"",""616ecfda-7163-5a8d-ba60-01f623d8b124"",""656bacfc-b102-5379-8db2-2f9f127621e0"",""88f2e658-6155-5924-bc85-63fe2aabb08a"",""9f032fb3-90ca-5749-aff5-1065077ac10e"",""4d2e4005-a84b-525b-a492-d367c5e405d0"",""12b20e20-e117-5c00-83bc-e589b92b730e"",""e97a5398-37b9-5e89-91a9-9b3ae48d9534"",""7a8f92c5-5f85-593a-bf90-08e13c60a2e6"",""aa66f5e3-ac0e-57d6-9b69-aa54ea7c4fb9"",""d07b7490-853e-562b-b662-305e89e7718d"",""596c0800-372d-5056-8a35-9f8661656bf4"",""d08816e6-d4d6-5f35-9de3-d86528fa7a96"",""2e126757-f17e-5ee2-93db-94d31ed944b2"",""5e1af4e2-330f-563f-b639-2d3cd8d276c8"",""49cd1889-2a56-5913-8723-929335f68874"",""82b898ba-3b6d-567f-8996-4f259b74547e"",""d38eb7d2-e78b-5c2f-93e4-2e34846e80e6"",""33effc64-dcfe-5ced-badf-c4df49f68dc1"",""a3a03b99-34c0-504b-b529-32b798db318a"",""8b3ec7b0-123f-5597-95f7-1fafc5810d01"",""035c5442-19b8-5a84-8a59-b352a9660279"",""d6d45010-72fa-5741-b733-88958a8795d2"",""ab8215e5-b753-5a6a-a4e7-ad9caf42eeac"",""1b20061c-b208-551a-b06c-81ffeff623fc"",""9b6d0913-2ae6-5dab-ab36-d05e1c51b208"",""a27c1fb2-edc1-57e6-9d74-adb5a13fed3b"",""4696448b-8c21-591b-80cc-7344ea0b95ec"",""c1d75a33-928c-5636-b99c-def1fb29e0f5"",""61eebfb6-2555-5bce-ba71-7a750427392a"",""aba074a1-d451-595d-bc12-e257adbe7383"",""1ca34094-ee4d-5962-a78a-174d361a9cd3"",""7edb0577-da07-5c6f-8391-bb90e9822165"",""d7c5d484-54dc-5d1e-a3ac-65d60267a12c"",""f416cc8b-3bc2-5c4c-a91c-c56faf748684""]",,9bf5b492-0a5f-4aaf-b43a-7676e2bfea2b,True,,[],SQL,M6-evaluator-v1,f8edaecf-8020-4564-bbf4-42b31ddc5d7a,76216ff6-0dab-5f43-913f-741c2deb7596,True,5,,B,Protected scaffold/allowlist and effective access routes against intact control; other semantic doubt stays open,True,2026-10-07T02:17:07.305726Z,automatic,1,972066a9-40db-412d-b51a-dd1bcb10681b,bc4d0829-3e3e-4e7a-8e68-8053af270847,1,explicit per metric; exact fractions and decimal display,,M6-evaluator-v1,observed,binary,1,decimal,A
M7-analysis-v5,2394b234-0bc9-5e4f-b3e2-b83fed46e68b,1,f4daa00795d8b8c066ed906a153a4662a3a929fd280a400a6a25b55f1e35f467,C-BF-0,HUMAN-REVIEW-1488388e-d195-474c-8019-761bcbee20d4,143b6c06-29e5-4379-a620-08546330dd9c,f4daa00795d8b8c066ed906a153a4662a3a929fd280a400a6a25b55f1e35f467,7f3eee68-18a1-4087-9b47-2a798fc9aaff,8c6cccdc-37a3-46ac-82a5-a22d1d69000f,f8edaecf-8020-4564-bbf4-42b31ddc5d7a,2d9849af-4973-4fd8-a822-d8a60e17e5f5,81de6e6f-7d67-40af-b2be-f629e89085ed,completed,19fa6fbf4f554673689996213945dcaed831a9bf0fbdc6988698abb77fd647ee,90318496-3af4-49cd-a20d-b85db76e5a0a,K0,2026-10-07T02:32:53.274664Z,T2,dbb63e68d4ed9e904fa985aa5b88d674205b6caab086a8d981ac8918a9c68fb5,empirical,"[""4afc763c-033e-501c-9c9c-453207d31e62"",""1fed9611-d0cc-51e5-86e7-4ba237c836a2"",""0e4d4039-5409-5be7-a300-ded85e9c22d7"",""1c4afc6f-6679-57b7-ab6b-cec3053e85a1"",""76216ff6-0dab-5f43-913f-741c2deb7596"",""fe7c5fea-171a-5d3e-b93c-b9d53dca7c67"",""784c942d-b222-5013-a2e4-de4aa477a143"",""2f2d84f4-6f41-5df7-a828-cc0a3d9cdddf"",""c68f6332-f200-5595-940d-e5bcad78f1fe"",""54c3aba8-cb42-5023-9591-5cdd68bdd7c5"",""b9ac296e-4c6c-5cdc-9e03-14868c124af2"",""022ddff9-4332-5ba5-b884-42537f220a0c"",""0d262496-18e1-5973-84a6-84fbda64d0ff"",""447860c8-1d56-518b-88ad-7e103990b756"",""616ecfda-7163-5a8d-ba60-01f623d8b124"",""656bacfc-b102-5379-8db2-2f9f127621e0"",""88f2e658-6155-5924-bc85-63fe2aabb08a"",""9f032fb3-90ca-5749-aff5-1065077ac10e"",""4d2e4005-a84b-525b-a492-d367c5e405d0"",""12b20e20-e117-5c00-83bc-e589b92b730e"",""e97a5398-37b9-5e89-91a9-9b3ae48d9534"",""7a8f92c5-5f85-593a-bf90-08e13c60a2e6"",""aa66f5e3-ac0e-57d6-9b69-aa54ea7c4fb9"",""d07b7490-853e-562b-b662-305e89e7718d"",""596c0800-372d-5056-8a35-9f8661656bf4"",""d08816e6-d4d6-5f35-9de3-d86528fa7a96"",""2e126757-f17e-5ee2-93db-94d31ed944b2"",""5e1af4e2-330f-563f-b639-2d3cd8d276c8"",""49cd1889-2a56-5913-8723-929335f68874"",""82b898ba-3b6d-567f-8996-4f259b74547e"",""d38eb7d2-e78b-5c2f-93e4-2e34846e80e6"",""33effc64-dcfe-5ced-badf-c4df49f68dc1"",""a3a03b99-34c0-504b-b529-32b798db318a"",""8b3ec7b0-123f-5597-95f7-1fafc5810d01"",""035c5442-19b8-5a84-8a59-b352a9660279"",""d6d45010-72fa-5741-b733-88958a8795d2"",""ab8215e5-b753-5a6a-a4e7-ad9caf42eeac"",""1b20061c-b208-551a-b06c-81ffeff623fc"",""9b6d0913-2ae6-5dab-ab36-d05e1c51b208"",""a27c1fb2-edc1-57e6-9d74-adb5a13fed3b"",""4696448b-8c21-591b-80cc-7344ea0b95ec"",""c1d75a33-928c-5636-b99c-def1fb29e0f5"",""61eebfb6-2555-5bce-ba71-7a750427392a"",""aba074a1-d451-595d-bc12-e257adbe7383"",""1ca34094-ee4d-5962-a78a-174d361a9cd3"",""7edb0577-da07-5c6f-8391-bb90e9822165"",""d7c5d484-54dc-5d1e-a3ac-65d60267a12c"",""f416cc8b-3bc2-5c4c-a91c-c56faf748684""]",app/Http/Controllers/Study/BruteForceController.php,dfc7fd1f-5d5f-49eb-9220-4abcc929ab05,True,12,[],BF,Noah Fiedler,f8edaecf-8020-4564-bbf4-42b31ddc5d7a,fe7c5fea-171a-5d3e-b93c-b9d53dca7c67,True,6,e81dab2b-1c7c-4d44-8ed0-765e755bd4ba,A,"Die GET-Route /study/brute ist BruteForceController::show zugeordnet. Diese Methode behandelt sowohl die Anzeige ohne Login als auch den Login-Pfad mit username und password, einschließlich der Ergebniszweige. Im tatsächlich ausgeführten Controllerpfad gibt es keine Einbindung eines Legacy-Skripts.",True,2026-10-07T02:32:53.274657Z,human,2,972066a9-40db-412d-b51a-dd1bcb10681b,322b5c28-24cc-4e55-b016-02ba95419407,1,explicit per metric; exact fractions and decimal display,,Menschliche lokale Selbstauskunft,observed,binary,1,decimal,A
M7-analysis-v5,2394b234-0bc9-5e4f-b3e2-b83fed46e68b,1,f4daa00795d8b8c066ed906a153a4662a3a929fd280a400a6a25b55f1e35f467,C-BF-0,HUMAN-REVIEW-24d35360-73cd-4c60-ae61-60fe494781c1,143b6c06-29e5-4379-a620-08546330dd9c,f4daa00795d8b8c066ed906a153a4662a3a929fd280a400a6a25b55f1e35f467,7f3eee68-18a1-4087-9b47-2a798fc9aaff,8c6cccdc-37a3-46ac-82a5-a22d1d69000f,f8edaecf-8020-4564-bbf4-42b31ddc5d7a,2d9849af-4973-4fd8-a822-d8a60e17e5f5,81de6e6f-7d67-40af-b2be-f629e89085ed,completed,19fa6fbf4f554673689996213945dcaed831a9bf0fbdc6988698abb77fd647ee,90318496-3af4-49cd-a20d-b85db76e5a0a,K0,2026-10-07T02:33:42.644398Z,T4,dbb63e68d4ed9e904fa985aa5b88d674205b6caab086a8d981ac8918a9c68fb5,empirical,"[""4afc763c-033e-501c-9c9c-453207d31e62"",""1fed9611-d0cc-51e5-86e7-4ba237c836a2"",""0e4d4039-5409-5be7-a300-ded85e9c22d7"",""1c4afc6f-6679-57b7-ab6b-cec3053e85a1"",""76216ff6-0dab-5f43-913f-741c2deb7596"",""fe7c5fea-171a-5d3e-b93c-b9d53dca7c67"",""784c942d-b222-5013-a2e4-de4aa477a143"",""2f2d84f4-6f41-5df7-a828-cc0a3d9cdddf"",""c68f6332-f200-5595-940d-e5bcad78f1fe"",""54c3aba8-cb42-5023-9591-5cdd68bdd7c5"",""b9ac296e-4c6c-5cdc-9e03-14868c124af2"",""022ddff9-4332-5ba5-b884-42537f220a0c"",""0d262496-18e1-5973-84a6-84fbda64d0ff"",""447860c8-1d56-518b-88ad-7e103990b756"",""616ecfda-7163-5a8d-ba60-01f623d8b124"",""656bacfc-b102-5379-8db2-2f9f127621e0"",""88f2e658-6155-5924-bc85-63fe2aabb08a"",""9f032fb3-90ca-5749-aff5-1065077ac10e"",""4d2e4005-a84b-525b-a492-d367c5e405d0"",""12b20e20-e117-5c00-83bc-e589b92b730e"",""e97a5398-37b9-5e89-91a9-9b3ae48d9534"",""7a8f92c5-5f85-593a-bf90-08e13c60a2e6"",""aa66f5e3-ac0e-57d6-9b69-aa54ea7c4fb9"",""d07b7490-853e-562b-b662-305e89e7718d"",""596c0800-372d-5056-8a35-9f8661656bf4"",""d08816e6-d4d6-5f35-9de3-d86528fa7a96"",""2e126757-f17e-5ee2-93db-94d31ed944b2"",""5e1af4e2-330f-563f-b639-2d3cd8d276c8"",""49cd1889-2a56-5913-8723-929335f68874"",""82b898ba-3b6d-567f-8996-4f259b74547e"",""d38eb7d2-e78b-5c2f-93e4-2e34846e80e6"",""33effc64-dcfe-5ced-badf-c4df49f68dc1"",""a3a03b99-34c0-504b-b529-32b798db318a"",""8b3ec7b0-123f-5597-95f7-1fafc5810d01"",""035c5442-19b8-5a84-8a59-b352a9660279"",""d6d45010-72fa-5741-b733-88958a8795d2"",""ab8215e5-b753-5a6a-a4e7-ad9caf42eeac"",""1b20061c-b208-551a-b06c-81ffeff623fc"",""9b6d0913-2ae6-5dab-ab36-d05e1c51b208"",""a27c1fb2-edc1-57e6-9d74-adb5a13fed3b"",""4696448b-8c21-591b-80cc-7344ea0b95ec"",""c1d75a33-928c-5636-b99c-def1fb29e0f5"",""61eebfb6-2555-5bce-ba71-7a750427392a"",""aba074a1-d451-595d-bc12-e257adbe7383"",""1ca34094-ee4d-5962-a78a-174d361a9cd3"",""7edb0577-da07-5c6f-8391-bb90e9822165"",""d7c5d484-54dc-5d1e-a3ac-65d60267a12c"",""f416cc8b-3bc2-5c4c-a91c-c56faf748684""]",app/Http/Controllers/Study/BruteForceController.php,a7c32187-dad3-4a0a-8a76-b215d375dfa7,True,32,"[""26fa318a-8bd9-4dd1-bcf1-7dadc897c07f""]",BF,Noah Fiedler,f8edaecf-8020-4564-bbf4-42b31ddc5d7a,fe7c5fea-171a-5d3e-b93c-b9d53dca7c67,True,6,12dbc453-a5d3-4c40-be8c-120167dee390,A,Der Code nutzt erkennbar den Laravel Query Builder über DB::connection('mysql')->table('users')->where(...) und entnimmt password sowie avatar dem gelesenen Datensatz. Das mysql-Profil ist als Laravel-MySQL-Verbindung konfiguriert.,True,2026-10-07T02:33:42.644390Z,human,2,972066a9-40db-412d-b51a-dd1bcb10681b,322b5c28-24cc-4e55-b016-02ba95419407,1,explicit per metric; exact fractions and decimal display,,Menschliche lokale Selbstauskunft,observed,binary,1,decimal,A
M7-analysis-v5,2394b234-0bc9-5e4f-b3e2-b83fed46e68b,1,f4daa00795d8b8c066ed906a153a4662a3a929fd280a400a6a25b55f1e35f467,C-BF-0,HUMAN-REVIEW-b73e4a14-dd03-487a-9ce6-19cc9963fd98,be92c059-1c09-4dd2-9669-9dd1a1c1da13,f4daa00795d8b8c066ed906a153a4662a3a929fd280a400a6a25b55f1e35f467,7f3eee68-18a1-4087-9b47-2a798fc9aaff,8c6cccdc-37a3-46ac-82a5-a22d1d69000f,f8edaecf-8020-4564-bbf4-42b31ddc5d7a,2d9849af-4973-4fd8-a822-d8a60e17e5f5,81de6e6f-7d67-40af-b2be-f629e89085ed,completed,19fa6fbf4f554673689996213945dcaed831a9bf0fbdc6988698abb77fd647ee,90318496-3af4-49cd-a20d-b85db76e5a0a,K0,2026-10-07T02:33:22.561518Z,T3,dbb63e68d4ed9e904fa985aa5b88d674205b6caab086a8d981ac8918a9c68fb5,empirical,"[""4afc763c-033e-501c-9c9c-453207d31e62"",""1fed9611-d0cc-51e5-86e7-4ba237c836a2"",""0e4d4039-5409-5be7-a300-ded85e9c22d7"",""1c4afc6f-6679-57b7-ab6b-cec3053e85a1"",""76216ff6-0dab-5f43-913f-741c2deb7596"",""fe7c5fea-171a-5d3e-b93c-b9d53dca7c67"",""784c942d-b222-5013-a2e4-de4aa477a143"",""2f2d84f4-6f41-5df7-a828-cc0a3d9cdddf"",""c68f6332-f200-5595-940d-e5bcad78f1fe"",""54c3aba8-cb42-5023-9591-5cdd68bdd7c5"",""b9ac296e-4c6c-5cdc-9e03-14868c124af2"",""022ddff9-4332-5ba5-b884-42537f220a0c"",""0d262496-18e1-5973-84a6-84fbda64d0ff"",""447860c8-1d56-518b-88ad-7e103990b756"",""616ecfda-7163-5a8d-ba60-01f623d8b124"",""656bacfc-b102-5379-8db2-2f9f127621e0"",""88f2e658-6155-5924-bc85-63fe2aabb08a"",""9f032fb3-90ca-5749-aff5-1065077ac10e"",""4d2e4005-a84b-525b-a492-d367c5e405d0"",""12b20e20-e117-5c00-83bc-e589b92b730e"",""e97a5398-37b9-5e89-91a9-9b3ae48d9534"",""7a8f92c5-5f85-593a-bf90-08e13c60a2e6"",""aa66f5e3-ac0e-57d6-9b69-aa54ea7c4fb9"",""d07b7490-853e-562b-b662-305e89e7718d"",""596c0800-372d-5056-8a35-9f8661656bf4"",""d08816e6-d4d6-5f35-9de3-d86528fa7a96"",""2e126757-f17e-5ee2-93db-94d31ed944b2"",""5e1af4e2-330f-563f-b639-2d3cd8d276c8"",""49cd1889-2a56-5913-8723-929335f68874"",""82b898ba-3b6d-567f-8996-4f259b74547e"",""d38eb7d2-e78b-5c2f-93e4-2e34846e80e6"",""33effc64-dcfe-5ced-badf-c4df49f68dc1"",""a3a03b99-34c0-504b-b529-32b798db318a"",""8b3ec7b0-123f-5597-95f7-1fafc5810d01"",""035c5442-19b8-5a84-8a59-b352a9660279"",""d6d45010-72fa-5741-b733-88958a8795d2"",""ab8215e5-b753-5a6a-a4e7-ad9caf42eeac"",""1b20061c-b208-551a-b06c-81ffeff623fc"",""9b6d0913-2ae6-5dab-ab36-d05e1c51b208"",""a27c1fb2-edc1-57e6-9d74-adb5a13fed3b"",""4696448b-8c21-591b-80cc-7344ea0b95ec"",""c1d75a33-928c-5636-b99c-def1fb29e0f5"",""61eebfb6-2555-5bce-ba71-7a750427392a"",""aba074a1-d451-595d-bc12-e257adbe7383"",""1ca34094-ee4d-5962-a78a-174d361a9cd3"",""7edb0577-da07-5c6f-8391-bb90e9822165"",""d7c5d484-54dc-5d1e-a3ac-65d60267a12c"",""f416cc8b-3bc2-5c4c-a91c-c56faf748684""]",resources/views/study/brute.blade.php,f2e37b41-4efb-4153-a94f-2f6ef9fab362,True,8-18,[],BF,Noah Fiedler,f8edaecf-8020-4564-bbf4-42b31ddc5d7a,fe7c5fea-171a-5d3e-b93c-b9d53dca7c67,True,6,99af3884-bfd0-4c3d-9046-ac1cbce4f65b,A,"Der Controller rendert für die reine Anzeige und alle Ergebniswege dieselbe Blade-View study.brute. Die View enthält das GET-Formular mit den Feldern username, password und dem Aktionsfeld Login; sie gibt Status und bei Erfolg den Avatar aus. Eingabefehler und negative Ergebnisse werden als Status über denselben Blade-Pfad ausgegeben.",True,2026-10-07T02:33:22.561511Z,human,2,972066a9-40db-412d-b51a-dd1bcb10681b,322b5c28-24cc-4e55-b016-02ba95419407,1,explicit per metric; exact fractions and decimal display,,Menschliche lokale Selbstauskunft,observed,binary,1,decimal,A
M7-analysis-v5,2394b234-0bc9-5e4f-b3e2-b83fed46e68b,1,f4daa00795d8b8c066ed906a153a4662a3a929fd280a400a6a25b55f1e35f467,C-BF-0,M6-T1-a80fe53d-f3f5-44ee-bb8d-54d465897522,fd15e1c8-0bdf-4486-9ad5-c79feb4a904c,f4daa00795d8b8c066ed906a153a4662a3a929fd280a400a6a25b55f1e35f467,7f3eee68-18a1-4087-9b47-2a798fc9aaff,8c6cccdc-37a3-46ac-82a5-a22d1d69000f,f8edaecf-8020-4564-bbf4-42b31ddc5d7a,2d9849af-4973-4fd8-a822-d8a60e17e5f5,81de6e6f-7d67-40af-b2be-f629e89085ed,completed,19fa6fbf4f554673689996213945dcaed831a9bf0fbdc6988698abb77fd647ee,90318496-3af4-49cd-a20d-b85db76e5a0a,K0,2026-10-07T02:29:42.051089Z,T1,dbb63e68d4ed9e904fa985aa5b88d674205b6caab086a8d981ac8918a9c68fb5,empirical,"[""4afc763c-033e-501c-9c9c-453207d31e62"",""1fed9611-d0cc-51e5-86e7-4ba237c836a2"",""0e4d4039-5409-5be7-a300-ded85e9c22d7"",""1c4afc6f-6679-57b7-ab6b-cec3053e85a1"",""76216ff6-0dab-5f43-913f-741c2deb7596"",""fe7c5fea-171a-5d3e-b93c-b9d53dca7c67"",""784c942d-b222-5013-a2e4-de4aa477a143"",""2f2d84f4-6f41-5df7-a828-cc0a3d9cdddf"",""c68f6332-f200-5595-940d-e5bcad78f1fe"",""54c3aba8-cb42-5023-9591-5cdd68bdd7c5"",""b9ac296e-4c6c-5cdc-9e03-14868c124af2"",""022ddff9-4332-5ba5-b884-42537f220a0c"",""0d262496-18e1-5973-84a6-84fbda64d0ff"",""447860c8-1d56-518b-88ad-7e103990b756"",""616ecfda-7163-5a8d-ba60-01f623d8b124"",""656bacfc-b102-5379-8db2-2f9f127621e0"",""88f2e658-6155-5924-bc85-63fe2aabb08a"",""9f032fb3-90ca-5749-aff5-1065077ac10e"",""4d2e4005-a84b-525b-a492-d367c5e405d0"",""12b20e20-e117-5c00-83bc-e589b92b730e"",""e97a5398-37b9-5e89-91a9-9b3ae48d9534"",""7a8f92c5-5f85-593a-bf90-08e13c60a2e6"",""aa66f5e3-ac0e-57d6-9b69-aa54ea7c4fb9"",""d07b7490-853e-562b-b662-305e89e7718d"",""596c0800-372d-5056-8a35-9f8661656bf4"",""d08816e6-d4d6-5f35-9de3-d86528fa7a96"",""2e126757-f17e-5ee2-93db-94d31ed944b2"",""5e1af4e2-330f-563f-b639-2d3cd8d276c8"",""49cd1889-2a56-5913-8723-929335f68874"",""82b898ba-3b6d-567f-8996-4f259b74547e"",""d38eb7d2-e78b-5c2f-93e4-2e34846e80e6"",""33effc64-dcfe-5ced-badf-c4df49f68dc1"",""a3a03b99-34c0-504b-b529-32b798db318a"",""8b3ec7b0-123f-5597-95f7-1fafc5810d01"",""035c5442-19b8-5a84-8a59-b352a9660279"",""d6d45010-72fa-5741-b733-88958a8795d2"",""ab8215e5-b753-5a6a-a4e7-ad9caf42eeac"",""1b20061c-b208-551a-b06c-81ffeff623fc"",""9b6d0913-2ae6-5dab-ab36-d05e1c51b208"",""a27c1fb2-edc1-57e6-9d74-adb5a13fed3b"",""4696448b-8c21-591b-80cc-7344ea0b95ec"",""c1d75a33-928c-5636-b99c-def1fb29e0f5"",""61eebfb6-2555-5bce-ba71-7a750427392a"",""aba074a1-d451-595d-bc12-e257adbe7383"",""1ca34094-ee4d-5962-a78a-174d361a9cd3"",""7edb0577-da07-5c6f-8391-bb90e9822165"",""d7c5d484-54dc-5d1e-a3ac-65d60267a12c"",""f416cc8b-3bc2-5c4c-a91c-c56faf748684""]",,b482be1a-9cb5-477d-a634-55e20bc822c6,True,,[],BF,M6-evaluator-v1,f8edaecf-8020-4564-bbf4-42b31ddc5d7a,fe7c5fea-171a-5d3e-b93c-b9d53dca7c67,True,6,,A,Native syntax/boot plus independent intact scaffold control,True,2026-10-07T02:29:42.051079Z,automatic,1,972066a9-40db-412d-b51a-dd1bcb10681b,322b5c28-24cc-4e55-b016-02ba95419407,1,explicit per metric; exact fractions and decimal display,,M6-evaluator-v1,observed,binary,1,decimal,A
M7-analysis-v5,2394b234-0bc9-5e4f-b3e2-b83fed46e68b,1,f4daa00795d8b8c066ed906a153a4662a3a929fd280a400a6a25b55f1e35f467,C-BF-0,M6-T5-f57671b3-87a1-492b-bdce-b2dc64ebc004,ad429295-56a6-4646-975f-e6bd75c5a296,f4daa00795d8b8c066ed906a153a4662a3a929fd280a400a6a25b55f1e35f467,7f3eee68-18a1-4087-9b47-2a798fc9aaff,8c6cccdc-37a3-46ac-82a5-a22d1d69000f,f8edaecf-8020-4564-bbf4-42b31ddc5d7a,2d9849af-4973-4fd8-a822-d8a60e17e5f5,81de6e6f-7d67-40af-b2be-f629e89085ed,completed,19fa6fbf4f554673689996213945dcaed831a9bf0fbdc6988698abb77fd647ee,90318496-3af4-49cd-a20d-b85db76e5a0a,K0,2026-10-07T02:29:42.056015Z,T5,dbb63e68d4ed9e904fa985aa5b88d674205b6caab086a8d981ac8918a9c68fb5,empirical,"[""4afc763c-033e-501c-9c9c-453207d31e62"",""1fed9611-d0cc-51e5-86e7-4ba237c836a2"",""0e4d4039-5409-5be7-a300-ded85e9c22d7"",""1c4afc6f-6679-57b7-ab6b-cec3053e85a1"",""76216ff6-0dab-5f43-913f-741c2deb7596"",""fe7c5fea-171a-5d3e-b93c-b9d53dca7c67"",""784c942d-b222-5013-a2e4-de4aa477a143"",""2f2d84f4-6f41-5df7-a828-cc0a3d9cdddf"",""c68f6332-f200-5595-940d-e5bcad78f1fe"",""54c3aba8-cb42-5023-9591-5cdd68bdd7c5"",""b9ac296e-4c6c-5cdc-9e03-14868c124af2"",""022ddff9-4332-5ba5-b884-42537f220a0c"",""0d262496-18e1-5973-84a6-84fbda64d0ff"",""447860c8-1d56-518b-88ad-7e103990b756"",""616ecfda-7163-5a8d-ba60-01f623d8b124"",""656bacfc-b102-5379-8db2-2f9f127621e0"",""88f2e658-6155-5924-bc85-63fe2aabb08a"",""9f032fb3-90ca-5749-aff5-1065077ac10e"",""4d2e4005-a84b-525b-a492-d367c5e405d0"",""12b20e20-e117-5c00-83bc-e589b92b730e"",""e97a5398-37b9-5e89-91a9-9b3ae48d9534"",""7a8f92c5-5f85-593a-bf90-08e13c60a2e6"",""aa66f5e3-ac0e-57d6-9b69-aa54ea7c4fb9"",""d07b7490-853e-562b-b662-305e89e7718d"",""596c0800-372d-5056-8a35-9f8661656bf4"",""d08816e6-d4d6-5f35-9de3-d86528fa7a96"",""2e126757-f17e-5ee2-93db-94d31ed944b2"",""5e1af4e2-330f-563f-b639-2d3cd8d276c8"",""49cd1889-2a56-5913-8723-929335f68874"",""82b898ba-3b6d-567f-8996-4f259b74547e"",""d38eb7d2-e78b-5c2f-93e4-2e34846e80e6"",""33effc64-dcfe-5ced-badf-c4df49f68dc1"",""a3a03b99-34c0-504b-b529-32b798db318a"",""8b3ec7b0-123f-5597-95f7-1fafc5810d01"",""035c5442-19b8-5a84-8a59-b352a9660279"",""d6d45010-72fa-5741-b733-88958a8795d2"",""ab8215e5-b753-5a6a-a4e7-ad9caf42eeac"",""1b20061c-b208-551a-b06c-81ffeff623fc"",""9b6d0913-2ae6-5dab-ab36-d05e1c51b208"",""a27c1fb2-edc1-57e6-9d74-adb5a13fed3b"",""4696448b-8c21-591b-80cc-7344ea0b95ec"",""c1d75a33-928c-5636-b99c-def1fb29e0f5"",""61eebfb6-2555-5bce-ba71-7a750427392a"",""aba074a1-d451-595d-bc12-e257adbe7383"",""1ca34094-ee4d-5962-a78a-174d361a9cd3"",""7edb0577-da07-5c6f-8391-bb90e9822165"",""d7c5d484-54dc-5d1e-a3ac-65d60267a12c"",""f416cc8b-3bc2-5c4c-a91c-c56faf748684""]",,a8545fae-6118-4086-8853-8f13456db74a,True,,[],BF,M6-evaluator-v1,f8edaecf-8020-4564-bbf4-42b31ddc5d7a,fe7c5fea-171a-5d3e-b93c-b9d53dca7c67,True,6,,A,Protected scaffold/allowlist and effective access routes against intact control; other semantic doubt stays open,True,2026-10-07T02:29:42.056010Z,automatic,1,972066a9-40db-412d-b51a-dd1bcb10681b,322b5c28-24cc-4e55-b016-02ba95419407,1,explicit per metric; exact fractions and decimal display,,M6-evaluator-v1,observed,binary,1,decimal,A
M7-analysis-v5,2394b234-0bc9-5e4f-b3e2-b83fed46e68b,1,7088d640412b1590c758951e9cb83c9221bee137814f769998338b30d46716f1,E-P0R0,HUMAN-REVIEW-0836214d-c22f-4240-958b-89a696c2b1b1,b145fcfc-4d06-4024-a3b8-90d8e9961fb3,7088d640412b1590c758951e9cb83c9221bee137814f769998338b30d46716f1,1b94b924-82de-4584-89ff-4ff93dbbcc26,8c6cccdc-37a3-46ac-82a5-a22d1d69000f,f8edaecf-8020-4564-bbf4-42b31ddc5d7a,2d9849af-4973-4fd8-a822-d8a60e17e5f5,81de6e6f-7d67-40af-b2be-f629e89085ed,completed,9992b253f08c976bf150bcd89ccfc9db54f8a1fda58ea3f4fad386b27c7c4138,c06be457-9745-422d-9d69-c0fa9cd7e0d5,K1,2026-10-07T02:44:09.475977Z,T2,dbb63e68d4ed9e904fa985aa5b88d674205b6caab086a8d981ac8918a9c68fb5,empirical,"[""4afc763c-033e-501c-9c9c-453207d31e62"",""1fed9611-d0cc-51e5-86e7-4ba237c836a2"",""0e4d4039-5409-5be7-a300-ded85e9c22d7"",""1c4afc6f-6679-57b7-ab6b-cec3053e85a1"",""76216ff6-0dab-5f43-913f-741c2deb7596"",""fe7c5fea-171a-5d3e-b93c-b9d53dca7c67"",""784c942d-b222-5013-a2e4-de4aa477a143"",""2f2d84f4-6f41-5df7-a828-cc0a3d9cdddf"",""c68f6332-f200-5595-940d-e5bcad78f1fe"",""54c3aba8-cb42-5023-9591-5cdd68bdd7c5"",""b9ac296e-4c6c-5cdc-9e03-14868c124af2"",""022ddff9-4332-5ba5-b884-42537f220a0c"",""0d262496-18e1-5973-84a6-84fbda64d0ff"",""447860c8-1d56-518b-88ad-7e103990b756"",""616ecfda-7163-5a8d-ba60-01f623d8b124"",""656bacfc-b102-5379-8db2-2f9f127621e0"",""88f2e658-6155-5924-bc85-63fe2aabb08a"",""9f032fb3-90ca-5749-aff5-1065077ac10e"",""4d2e4005-a84b-525b-a492-d367c5e405d0"",""12b20e20-e117-5c00-83bc-e589b92b730e"",""e97a5398-37b9-5e89-91a9-9b3ae48d9534"",""7a8f92c5-5f85-593a-bf90-08e13c60a2e6"",""aa66f5e3-ac0e-57d6-9b69-aa54ea7c4fb9"",""d07b7490-853e-562b-b662-305e89e7718d"",""596c0800-372d-5056-8a35-9f8661656bf4"",""d08816e6-d4d6-5f35-9de3-d86528fa7a96"",""2e126757-f17e-5ee2-93db-94d31ed944b2"",""5e1af4e2-330f-563f-b639-2d3cd8d276c8"",""49cd1889-2a56-5913-8723-929335f68874"",""82b898ba-3b6d-567f-8996-4f259b74547e"",""d38eb7d2-e78b-5c2f-93e4-2e34846e80e6"",""33effc64-dcfe-5ced-badf-c4df49f68dc1"",""a3a03b99-34c0-504b-b529-32b798db318a"",""8b3ec7b0-123f-5597-95f7-1fafc5810d01"",""035c5442-19b8-5a84-8a59-b352a9660279"",""d6d45010-72fa-5741-b733-88958a8795d2"",""ab8215e5-b753-5a6a-a4e7-ad9caf42eeac"",""1b20061c-b208-551a-b06c-81ffeff623fc"",""9b6d0913-2ae6-5dab-ab36-d05e1c51b208"",""a27c1fb2-edc1-57e6-9d74-adb5a13fed3b"",""4696448b-8c21-591b-80cc-7344ea0b95ec"",""c1d75a33-928c-5636-b99c-def1fb29e0f5"",""61eebfb6-2555-5bce-ba71-7a750427392a"",""aba074a1-d451-595d-bc12-e257adbe7383"",""1ca34094-ee4d-5962-a78a-174d361a9cd3"",""7edb0577-da07-5c6f-8391-bb90e9822165"",""d7c5d484-54dc-5d1e-a3ac-65d60267a12c"",""f416cc8b-3bc2-5c4c-a91c-c56faf748684""]",app/Http/Controllers/Study/SqlInjectionController.php,87674360-5e6b-4ff3-8a32-5afc8ca27fc6,True,11-53,[],SQL,Noah Fiedler,f8edaecf-8020-4564-bbf4-42b31ddc5d7a,784c942d-b222-5013-a2e4-de4aa477a143,False,7,2680ec86-ec27-407f-9d11-ff347b471586,A,"Die GET-Route /study/sqli verweist auf SqlInjectionController::show. Die Methode verarbeitet sowohl die Anzeige ohne Aktion als auch leere, ungültige und gültige id-Eingaben selbst; es gibt keinen Aufruf eines Legacy-Skripts.",False,2026-10-07T02:44:09.475968Z,human,2,972066a9-40db-412d-b51a-dd1bcb10681b,fa5f608b-1bc8-4691-9bd8-076d1cec2d1a,1,explicit per metric; exact fractions and decimal display,,Menschliche lokale Selbstauskunft,observed,binary,1,decimal,A
M7-analysis-v5,2394b234-0bc9-5e4f-b3e2-b83fed46e68b,1,7088d640412b1590c758951e9cb83c9221bee137814f769998338b30d46716f1,E-P0R0,HUMAN-REVIEW-24007c4c-b160-416e-bac7-c38bc8c37c77,52816af4-4555-4573-8b87-57e25692973f,7088d640412b1590c758951e9cb83c9221bee137814f769998338b30d46716f1,1b94b924-82de-4584-89ff-4ff93dbbcc26,8c6cccdc-37a3-46ac-82a5-a22d1d69000f,f8edaecf-8020-4564-bbf4-42b31ddc5d7a,2d9849af-4973-4fd8-a822-d8a60e17e5f5,81de6e6f-7d67-40af-b2be-f629e89085ed,completed,9992b253f08c976bf150bcd89ccfc9db54f8a1fda58ea3f4fad386b27c7c4138,c06be457-9745-422d-9d69-c0fa9cd7e0d5,K1,2026-10-07T02:44:28.294967Z,T3,dbb63e68d4ed9e904fa985aa5b88d674205b6caab086a8d981ac8918a9c68fb5,empirical,"[""4afc763c-033e-501c-9c9c-453207d31e62"",""1fed9611-d0cc-51e5-86e7-4ba237c836a2"",""0e4d4039-5409-5be7-a300-ded85e9c22d7"",""1c4afc6f-6679-57b7-ab6b-cec3053e85a1"",""76216ff6-0dab-5f43-913f-741c2deb7596"",""fe7c5fea-171a-5d3e-b93c-b9d53dca7c67"",""784c942d-b222-5013-a2e4-de4aa477a143"",""2f2d84f4-6f41-5df7-a828-cc0a3d9cdddf"",""c68f6332-f200-5595-940d-e5bcad78f1fe"",""54c3aba8-cb42-5023-9591-5cdd68bdd7c5"",""b9ac296e-4c6c-5cdc-9e03-14868c124af2"",""022ddff9-4332-5ba5-b884-42537f220a0c"",""0d262496-18e1-5973-84a6-84fbda64d0ff"",""447860c8-1d56-518b-88ad-7e103990b756"",""616ecfda-7163-5a8d-ba60-01f623d8b124"",""656bacfc-b102-5379-8db2-2f9f127621e0"",""88f2e658-6155-5924-bc85-63fe2aabb08a"",""9f032fb3-90ca-5749-aff5-1065077ac10e"",""4d2e4005-a84b-525b-a492-d367c5e405d0"",""12b20e20-e117-5c00-83bc-e589b92b730e"",""e97a5398-37b9-5e89-91a9-9b3ae48d9534"",""7a8f92c5-5f85-593a-bf90-08e13c60a2e6"",""aa66f5e3-ac0e-57d6-9b69-aa54ea7c4fb9"",""d07b7490-853e-562b-b662-305e89e7718d"",""596c0800-372d-5056-8a35-9f8661656bf4"",""d08816e6-d4d6-5f35-9de3-d86528fa7a96"",""2e126757-f17e-5ee2-93db-94d31ed944b2"",""5e1af4e2-330f-563f-b639-2d3cd8d276c8"",""49cd1889-2a56-5913-8723-929335f68874"",""82b898ba-3b6d-567f-8996-4f259b74547e"",""d38eb7d2-e78b-5c2f-93e4-2e34846e80e6"",""33effc64-dcfe-5ced-badf-c4df49f68dc1"",""a3a03b99-34c0-504b-b529-32b798db318a"",""8b3ec7b0-123f-5597-95f7-1fafc5810d01"",""035c5442-19b8-5a84-8a59-b352a9660279"",""d6d45010-72fa-5741-b733-88958a8795d2"",""ab8215e5-b753-5a6a-a4e7-ad9caf42eeac"",""1b20061c-b208-551a-b06c-81ffeff623fc"",""9b6d0913-2ae6-5dab-ab36-d05e1c51b208"",""a27c1fb2-edc1-57e6-9d74-adb5a13fed3b"",""4696448b-8c21-591b-80cc-7344ea0b95ec"",""c1d75a33-928c-5636-b99c-def1fb29e0f5"",""61eebfb6-2555-5bce-ba71-7a750427392a"",""aba074a1-d451-595d-bc12-e257adbe7383"",""1ca34094-ee4d-5962-a78a-174d361a9cd3"",""7edb0577-da07-5c6f-8391-bb90e9822165"",""d7c5d484-54dc-5d1e-a3ac-65d60267a12c"",""f416cc8b-3bc2-5c4c-a91c-c56faf748684""]",resources/views/study/sqli.blade.php,6537a8e2-3c33-432a-aab9-06dac1665c45,True,9-22,[],SQL,Noah Fiedler,f8edaecf-8020-4564-bbf4-42b31ddc5d7a,784c942d-b222-5013-a2e4-de4aa477a143,False,7,45ecfa24-9ee2-4dae-b1d4-2155e5601970,A,"Sämtliche Antwortzweige des Controllers verwenden response()->view('study.sqli', ...): initiale Anzeige, Eingabefehler und Ergebnis. Die Blade-View enthält das GET-Formular, die Statusausgabe sowie die bedingte Ausgabe von Vor- und Nachname.",False,2026-10-07T02:44:28.294961Z,human,2,972066a9-40db-412d-b51a-dd1bcb10681b,fa5f608b-1bc8-4691-9bd8-076d1cec2d1a,1,explicit per metric; exact fractions and decimal display,,Menschliche lokale Selbstauskunft,observed,binary,1,decimal,A
M7-analysis-v5,2394b234-0bc9-5e4f-b3e2-b83fed46e68b,1,7088d640412b1590c758951e9cb83c9221bee137814f769998338b30d46716f1,E-P0R0,HUMAN-REVIEW-34805df5-9eb6-4e1d-96cc-edfb906cc7e4,b145fcfc-4d06-4024-a3b8-90d8e9961fb3,7088d640412b1590c758951e9cb83c9221bee137814f769998338b30d46716f1,1b94b924-82de-4584-89ff-4ff93dbbcc26,8c6cccdc-37a3-46ac-82a5-a22d1d69000f,f8edaecf-8020-4564-bbf4-42b31ddc5d7a,2d9849af-4973-4fd8-a822-d8a60e17e5f5,81de6e6f-7d67-40af-b2be-f629e89085ed,completed,9992b253f08c976bf150bcd89ccfc9db54f8a1fda58ea3f4fad386b27c7c4138,c06be457-9745-422d-9d69-c0fa9cd7e0d5,K1,2026-10-07T02:44:56.230253Z,T4,dbb63e68d4ed9e904fa985aa5b88d674205b6caab086a8d981ac8918a9c68fb5,empirical,"[""4afc763c-033e-501c-9c9c-453207d31e62"",""1fed9611-d0cc-51e5-86e7-4ba237c836a2"",""0e4d4039-5409-5be7-a300-ded85e9c22d7"",""1c4afc6f-6679-57b7-ab6b-cec3053e85a1"",""76216ff6-0dab-5f43-913f-741c2deb7596"",""fe7c5fea-171a-5d3e-b93c-b9d53dca7c67"",""784c942d-b222-5013-a2e4-de4aa477a143"",""2f2d84f4-6f41-5df7-a828-cc0a3d9cdddf"",""c68f6332-f200-5595-940d-e5bcad78f1fe"",""54c3aba8-cb42-5023-9591-5cdd68bdd7c5"",""b9ac296e-4c6c-5cdc-9e03-14868c124af2"",""022ddff9-4332-5ba5-b884-42537f220a0c"",""0d262496-18e1-5973-84a6-84fbda64d0ff"",""447860c8-1d56-518b-88ad-7e103990b756"",""616ecfda-7163-5a8d-ba60-01f623d8b124"",""656bacfc-b102-5379-8db2-2f9f127621e0"",""88f2e658-6155-5924-bc85-63fe2aabb08a"",""9f032fb3-90ca-5749-aff5-1065077ac10e"",""4d2e4005-a84b-525b-a492-d367c5e405d0"",""12b20e20-e117-5c00-83bc-e589b92b730e"",""e97a5398-37b9-5e89-91a9-9b3ae48d9534"",""7a8f92c5-5f85-593a-bf90-08e13c60a2e6"",""aa66f5e3-ac0e-57d6-9b69-aa54ea7c4fb9"",""d07b7490-853e-562b-b662-305e89e7718d"",""596c0800-372d-5056-8a35-9f8661656bf4"",""d08816e6-d4d6-5f35-9de3-d86528fa7a96"",""2e126757-f17e-5ee2-93db-94d31ed944b2"",""5e1af4e2-330f-563f-b639-2d3cd8d276c8"",""49cd1889-2a56-5913-8723-929335f68874"",""82b898ba-3b6d-567f-8996-4f259b74547e"",""d38eb7d2-e78b-5c2f-93e4-2e34846e80e6"",""33effc64-dcfe-5ced-badf-c4df49f68dc1"",""a3a03b99-34c0-504b-b529-32b798db318a"",""8b3ec7b0-123f-5597-95f7-1fafc5810d01"",""035c5442-19b8-5a84-8a59-b352a9660279"",""d6d45010-72fa-5741-b733-88958a8795d2"",""ab8215e5-b753-5a6a-a4e7-ad9caf42eeac"",""1b20061c-b208-551a-b06c-81ffeff623fc"",""9b6d0913-2ae6-5dab-ab36-d05e1c51b208"",""a27c1fb2-edc1-57e6-9d74-adb5a13fed3b"",""4696448b-8c21-591b-80cc-7344ea0b95ec"",""c1d75a33-928c-5636-b99c-def1fb29e0f5"",""61eebfb6-2555-5bce-ba71-7a750427392a"",""aba074a1-d451-595d-bc12-e257adbe7383"",""1ca34094-ee4d-5962-a78a-174d361a9cd3"",""7edb0577-da07-5c6f-8391-bb90e9822165"",""d7c5d484-54dc-5d1e-a3ac-65d60267a12c"",""f416cc8b-3bc2-5c4c-a91c-c56faf748684""]",app/Http/Controllers/Study/SqlInjectionController.php,ca4de689-542d-4ec1-82e1-7677f46ac72a,True,42-46,"[""efb2ba01-b8cd-4e28-89ac-3340c1951d73""]",SQL,Noah Fiedler,f8edaecf-8020-4564-bbf4-42b31ddc5d7a,784c942d-b222-5013-a2e4-de4aa477a143,False,7,a1c919b0-a922-4932-98e8-a2b5363f9a3d,A,"Der Code verwendet den Laravel Query Builder mit der Verbindung mysql, liest aus users und gibt ausschließlich first_name und last_name aus dem Abfrageergebnis weiter. Das passt zum Schema der bereitgestellten Datenbank.",False,2026-10-07T02:44:56.230247Z,human,2,972066a9-40db-412d-b51a-dd1bcb10681b,fa5f608b-1bc8-4691-9bd8-076d1cec2d1a,1,explicit per metric; exact fractions and decimal display,,Menschliche lokale Selbstauskunft,observed,binary,1,decimal,A
M7-analysis-v5,2394b234-0bc9-5e4f-b3e2-b83fed46e68b,1,7088d640412b1590c758951e9cb83c9221bee137814f769998338b30d46716f1,E-P0R0,M6-T1-403361ef-62eb-41e7-a463-f33b13051c83,920d670e-d758-432f-8b0a-aedb979cefe4,7088d640412b1590c758951e9cb83c9221bee137814f769998338b30d46716f1,1b94b924-82de-4584-89ff-4ff93dbbcc26,8c6cccdc-37a3-46ac-82a5-a22d1d69000f,f8edaecf-8020-4564-bbf4-42b31ddc5d7a,2d9849af-4973-4fd8-a822-d8a60e17e5f5,81de6e6f-7d67-40af-b2be-f629e89085ed,completed,9992b253f08c976bf150bcd89ccfc9db54f8a1fda58ea3f4fad386b27c7c4138,c06be457-9745-422d-9d69-c0fa9cd7e0d5,K1,2026-10-07T02:40:38.470739Z,T1,dbb63e68d4ed9e904fa985aa5b88d674205b6caab086a8d981ac8918a9c68fb5,empirical,"[""4afc763c-033e-501c-9c9c-453207d31e62"",""1fed9611-d0cc-51e5-86e7-4ba237c836a2"",""0e4d4039-5409-5be7-a300-ded85e9c22d7"",""1c4afc6f-6679-57b7-ab6b-cec3053e85a1"",""76216ff6-0dab-5f43-913f-741c2deb7596"",""fe7c5fea-171a-5d3e-b93c-b9d53dca7c67"",""784c942d-b222-5013-a2e4-de4aa477a143"",""2f2d84f4-6f41-5df7-a828-cc0a3d9cdddf"",""c68f6332-f200-5595-940d-e5bcad78f1fe"",""54c3aba8-cb42-5023-9591-5cdd68bdd7c5"",""b9ac296e-4c6c-5cdc-9e03-14868c124af2"",""022ddff9-4332-5ba5-b884-42537f220a0c"",""0d262496-18e1-5973-84a6-84fbda64d0ff"",""447860c8-1d56-518b-88ad-7e103990b756"",""616ecfda-7163-5a8d-ba60-01f623d8b124"",""656bacfc-b102-5379-8db2-2f9f127621e0"",""88f2e658-6155-5924-bc85-63fe2aabb08a"",""9f032fb3-90ca-5749-aff5-1065077ac10e"",""4d2e4005-a84b-525b-a492-d367c5e405d0"",""12b20e20-e117-5c00-83bc-e589b92b730e"",""e97a5398-37b9-5e89-91a9-9b3ae48d9534"",""7a8f92c5-5f85-593a-bf90-08e13c60a2e6"",""aa66f5e3-ac0e-57d6-9b69-aa54ea7c4fb9"",""d07b7490-853e-562b-b662-305e89e7718d"",""596c0800-372d-5056-8a35-9f8661656bf4"",""d08816e6-d4d6-5f35-9de3-d86528fa7a96"",""2e126757-f17e-5ee2-93db-94d31ed944b2"",""5e1af4e2-330f-563f-b639-2d3cd8d276c8"",""49cd1889-2a56-5913-8723-929335f68874"",""82b898ba-3b6d-567f-8996-4f259b74547e"",""d38eb7d2-e78b-5c2f-93e4-2e34846e80e6"",""33effc64-dcfe-5ced-badf-c4df49f68dc1"",""a3a03b99-34c0-504b-b529-32b798db318a"",""8b3ec7b0-123f-5597-95f7-1fafc5810d01"",""035c5442-19b8-5a84-8a59-b352a9660279"",""d6d45010-72fa-5741-b733-88958a8795d2"",""ab8215e5-b753-5a6a-a4e7-ad9caf42eeac"",""1b20061c-b208-551a-b06c-81ffeff623fc"",""9b6d0913-2ae6-5dab-ab36-d05e1c51b208"",""a27c1fb2-edc1-57e6-9d74-adb5a13fed3b"",""4696448b-8c21-591b-80cc-7344ea0b95ec"",""c1d75a33-928c-5636-b99c-def1fb29e0f5"",""61eebfb6-2555-5bce-ba71-7a750427392a"",""aba074a1-d451-595d-bc12-e257adbe7383"",""1ca34094-ee4d-5962-a78a-174d361a9cd3"",""7edb0577-da07-5c6f-8391-bb90e9822165"",""d7c5d484-54dc-5d1e-a3ac-65d60267a12c"",""f416cc8b-3bc2-5c4c-a91c-c56faf748684""]",,4befb06b-edce-47d9-abfe-14135d9f32c4,True,,[],SQL,M6-evaluator-v1,f8edaecf-8020-4564-bbf4-42b31ddc5d7a,784c942d-b222-5013-a2e4-de4aa477a143,False,7,,A,Native syntax/boot plus independent intact scaffold control,False,2026-10-07T02:40:38.470722Z,automatic,1,972066a9-40db-412d-b51a-dd1bcb10681b,fa5f608b-1bc8-4691-9bd8-076d1cec2d1a,1,explicit per metric; exact fractions and decimal display,,M6-evaluator-v1,observed,binary,1,decimal,A
M7-analysis-v5,2394b234-0bc9-5e4f-b3e2-b83fed46e68b,1,7088d640412b1590c758951e9cb83c9221bee137814f769998338b30d46716f1,E-P0R0,M6-T5-1bcb879f-7408-4dba-a6c3-a8c4dd04c5d5,53506f20-c91e-48c6-91ad-fd3191285be9,7088d640412b1590c758951e9cb83c9221bee137814f769998338b30d46716f1,1b94b924-82de-4584-89ff-4ff93dbbcc26,8c6cccdc-37a3-46ac-82a5-a22d1d69000f,f8edaecf-8020-4564-bbf4-42b31ddc5d7a,2d9849af-4973-4fd8-a822-d8a60e17e5f5,81de6e6f-7d67-40af-b2be-f629e89085ed,completed,9992b253f08c976bf150bcd89ccfc9db54f8a1fda58ea3f4fad386b27c7c4138,c06be457-9745-422d-9d69-c0fa9cd7e0d5,K1,2026-10-07T02:40:38.476298Z,T5,dbb63e68d4ed9e904fa985aa5b88d674205b6caab086a8d981ac8918a9c68fb5,empirical,"[""4afc763c-033e-501c-9c9c-453207d31e62"",""1fed9611-d0cc-51e5-86e7-4ba237c836a2"",""0e4d4039-5409-5be7-a300-ded85e9c22d7"",""1c4afc6f-6679-57b7-ab6b-cec3053e85a1"",""76216ff6-0dab-5f43-913f-741c2deb7596"",""fe7c5fea-171a-5d3e-b93c-b9d53dca7c67"",""784c942d-b222-5013-a2e4-de4aa477a143"",""2f2d84f4-6f41-5df7-a828-cc0a3d9cdddf"",""c68f6332-f200-5595-940d-e5bcad78f1fe"",""54c3aba8-cb42-5023-9591-5cdd68bdd7c5"",""b9ac296e-4c6c-5cdc-9e03-14868c124af2"",""022ddff9-4332-5ba5-b884-42537f220a0c"",""0d262496-18e1-5973-84a6-84fbda64d0ff"",""447860c8-1d56-518b-88ad-7e103990b756"",""616ecfda-7163-5a8d-ba60-01f623d8b124"",""656bacfc-b102-5379-8db2-2f9f127621e0"",""88f2e658-6155-5924-bc85-63fe2aabb08a"",""9f032fb3-90ca-5749-aff5-1065077ac10e"",""4d2e4005-a84b-525b-a492-d367c5e405d0"",""12b20e20-e117-5c00-83bc-e589b92b730e"",""e97a5398-37b9-5e89-91a9-9b3ae48d9534"",""7a8f92c5-5f85-593a-bf90-08e13c60a2e6"",""aa66f5e3-ac0e-57d6-9b69-aa54ea7c4fb9"",""d07b7490-853e-562b-b662-305e89e7718d"",""596c0800-372d-5056-8a35-9f8661656bf4"",""d08816e6-d4d6-5f35-9de3-d86528fa7a96"",""2e126757-f17e-5ee2-93db-94d31ed944b2"",""5e1af4e2-330f-563f-b639-2d3cd8d276c8"",""49cd1889-2a56-5913-8723-929335f68874"",""82b898ba-3b6d-567f-8996-4f259b74547e"",""d38eb7d2-e78b-5c2f-93e4-2e34846e80e6"",""33effc64-dcfe-5ced-badf-c4df49f68dc1"",""a3a03b99-34c0-504b-b529-32b798db318a"",""8b3ec7b0-123f-5597-95f7-1fafc5810d01"",""035c5442-19b8-5a84-8a59-b352a9660279"",""d6d45010-72fa-5741-b733-88958a8795d2"",""ab8215e5-b753-5a6a-a4e7-ad9caf42eeac"",""1b20061c-b208-551a-b06c-81ffeff623fc"",""9b6d0913-2ae6-5dab-ab36-d05e1c51b208"",""a27c1fb2-edc1-57e6-9d74-adb5a13fed3b"",""4696448b-8c21-591b-80cc-7344ea0b95ec"",""c1d75a33-928c-5636-b99c-def1fb29e0f5"",""61eebfb6-2555-5bce-ba71-7a750427392a"",""aba074a1-d451-595d-bc12-e257adbe7383"",""1ca34094-ee4d-5962-a78a-174d361a9cd3"",""7edb0577-da07-5c6f-8391-bb90e9822165"",""d7c5d484-54dc-5d1e-a3ac-65d60267a12c"",""f416cc8b-3bc2-5c4c-a91c-c56faf748684""]",,8f04bdde-1806-4943-910d-dda272a784e6,True,,[],SQL,M6-evaluator-v1,f8edaecf-8020-4564-bbf4-42b31ddc5d7a,784c942d-b222-5013-a2e4-de4aa477a143,False,7,,A,Protected scaffold/allowlist and effective access routes against intact control; other semantic doubt stays open,False,2026-10-07T02:40:38.476290Z,automatic,1,972066a9-40db-412d-b51a-dd1bcb10681b,fa5f608b-1bc8-4691-9bd8-076d1cec2d1a,1,explicit per metric; exact fractions and decimal display,,M6-evaluator-v1,observed,binary,1,decimal,A
M7-analysis-v5,2394b234-0bc9-5e4f-b3e2-b83fed46e68b,1,7cc8ab71866a51b487247d3ffbda8bb7e4c78a71e4d8c67210ed2dfb4782b9bf,E-P0R1,HUMAN-REVIEW-4e9eeebf-748b-4686-88e7-13b0fcb97cb8,1b70d7c0-bc30-44a0-8246-ec3d16cbb309,7cc8ab71866a51b487247d3ffbda8bb7e4c78a71e4d8c67210ed2dfb4782b9bf,66ccfa55-1c51-4588-b3fd-939b4ab5cf3a,8c6cccdc-37a3-46ac-82a5-a22d1d69000f,f8edaecf-8020-4564-bbf4-42b31ddc5d7a,2d9849af-4973-4fd8-a822-d8a60e17e5f5,81de6e6f-7d67-40af-b2be-f629e89085ed,completed,672365878648f984edbe331765fbaca28450124b7e3695518e4c97c917409fb1,42edf356-9e72-44ce-9889-267b2eb71de0,K1,2026-10-07T02:56:29.552241Z,T2,dbb63e68d4ed9e904fa985aa5b88d674205b6caab086a8d981ac8918a9c68fb5,empirical,"[""4afc763c-033e-501c-9c9c-453207d31e62"",""1fed9611-d0cc-51e5-86e7-4ba237c836a2"",""0e4d4039-5409-5be7-a300-ded85e9c22d7"",""1c4afc6f-6679-57b7-ab6b-cec3053e85a1"",""76216ff6-0dab-5f43-913f-741c2deb7596"",""fe7c5fea-171a-5d3e-b93c-b9d53dca7c67"",""784c942d-b222-5013-a2e4-de4aa477a143"",""2f2d84f4-6f41-5df7-a828-cc0a3d9cdddf"",""c68f6332-f200-5595-940d-e5bcad78f1fe"",""54c3aba8-cb42-5023-9591-5cdd68bdd7c5"",""b9ac296e-4c6c-5cdc-9e03-14868c124af2"",""022ddff9-4332-5ba5-b884-42537f220a0c"",""0d262496-18e1-5973-84a6-84fbda64d0ff"",""447860c8-1d56-518b-88ad-7e103990b756"",""616ecfda-7163-5a8d-ba60-01f623d8b124"",""656bacfc-b102-5379-8db2-2f9f127621e0"",""88f2e658-6155-5924-bc85-63fe2aabb08a"",""9f032fb3-90ca-5749-aff5-1065077ac10e"",""4d2e4005-a84b-525b-a492-d367c5e405d0"",""12b20e20-e117-5c00-83bc-e589b92b730e"",""e97a5398-37b9-5e89-91a9-9b3ae48d9534"",""7a8f92c5-5f85-593a-bf90-08e13c60a2e6"",""aa66f5e3-ac0e-57d6-9b69-aa54ea7c4fb9"",""d07b7490-853e-562b-b662-305e89e7718d"",""596c0800-372d-5056-8a35-9f8661656bf4"",""d08816e6-d4d6-5f35-9de3-d86528fa7a96"",""2e126757-f17e-5ee2-93db-94d31ed944b2"",""5e1af4e2-330f-563f-b639-2d3cd8d276c8"",""49cd1889-2a56-5913-8723-929335f68874"",""82b898ba-3b6d-567f-8996-4f259b74547e"",""d38eb7d2-e78b-5c2f-93e4-2e34846e80e6"",""33effc64-dcfe-5ced-badf-c4df49f68dc1"",""a3a03b99-34c0-504b-b529-32b798db318a"",""8b3ec7b0-123f-5597-95f7-1fafc5810d01"",""035c5442-19b8-5a84-8a59-b352a9660279"",""d6d45010-72fa-5741-b733-88958a8795d2"",""ab8215e5-b753-5a6a-a4e7-ad9caf42eeac"",""1b20061c-b208-551a-b06c-81ffeff623fc"",""9b6d0913-2ae6-5dab-ab36-d05e1c51b208"",""a27c1fb2-edc1-57e6-9d74-adb5a13fed3b"",""4696448b-8c21-591b-80cc-7344ea0b95ec"",""c1d75a33-928c-5636-b99c-def1fb29e0f5"",""61eebfb6-2555-5bce-ba71-7a750427392a"",""aba074a1-d451-595d-bc12-e257adbe7383"",""1ca34094-ee4d-5962-a78a-174d361a9cd3"",""7edb0577-da07-5c6f-8391-bb90e9822165"",""d7c5d484-54dc-5d1e-a3ac-65d60267a12c"",""f416cc8b-3bc2-5c4c-a91c-c56faf748684""]",app/Http/Controllers/Study/SqlInjectionController.php,3b99aca7-ba93-4e9a-acfe-7a90dc4cee2e,True,14-46,[],SQL,Noah Fiedler,f8edaecf-8020-4564-bbf4-42b31ddc5d7a,2f2d84f4-6f41-5df7-a828-cc0a3d9cdddf,False,8,ac8724b4-7b32-4890-8988-5e646a13ac32,A,"Die Route /study/sqli ist dem SqlInjectionController::show zugeordnet (study.php: 6). Die Controllermethode unterscheidet Anzeige, ungültige Eingabe und Verarbeitung der ID. Es gibt keinen Legacy-Skript-Aufruf im Verarbeitungspfad.",True,2026-10-07T02:56:29.552230Z,human,2,972066a9-40db-412d-b51a-dd1bcb10681b,9a086f43-e08c-467a-9796-c410d40cdfda,1,explicit per metric; exact fractions and decimal display,,Menschliche lokale Selbstauskunft,observed,binary,1,decimal,A
M7-analysis-v5,2394b234-0bc9-5e4f-b3e2-b83fed46e68b,1,7cc8ab71866a51b487247d3ffbda8bb7e4c78a71e4d8c67210ed2dfb4782b9bf,E-P0R1,HUMAN-REVIEW-7907bad5-5a4c-4612-a0de-fcec3a67e40d,1b70d7c0-bc30-44a0-8246-ec3d16cbb309,7cc8ab71866a51b487247d3ffbda8bb7e4c78a71e4d8c67210ed2dfb4782b9bf,66ccfa55-1c51-4588-b3fd-939b4ab5cf3a,8c6cccdc-37a3-46ac-82a5-a22d1d69000f,f8edaecf-8020-4564-bbf4-42b31ddc5d7a,2d9849af-4973-4fd8-a822-d8a60e17e5f5,81de6e6f-7d67-40af-b2be-f629e89085ed,completed,672365878648f984edbe331765fbaca28450124b7e3695518e4c97c917409fb1,42edf356-9e72-44ce-9889-267b2eb71de0,K1,2026-10-07T02:57:01.744116Z,T4,dbb63e68d4ed9e904fa985aa5b88d674205b6caab086a8d981ac8918a9c68fb5,empirical,"[""4afc763c-033e-501c-9c9c-453207d31e62"",""1fed9611-d0cc-51e5-86e7-4ba237c836a2"",""0e4d4039-5409-5be7-a300-ded85e9c22d7"",""1c4afc6f-6679-57b7-ab6b-cec3053e85a1"",""76216ff6-0dab-5f43-913f-741c2deb7596"",""fe7c5fea-171a-5d3e-b93c-b9d53dca7c67"",""784c942d-b222-5013-a2e4-de4aa477a143"",""2f2d84f4-6f41-5df7-a828-cc0a3d9cdddf"",""c68f6332-f200-5595-940d-e5bcad78f1fe"",""54c3aba8-cb42-5023-9591-5cdd68bdd7c5"",""b9ac296e-4c6c-5cdc-9e03-14868c124af2"",""022ddff9-4332-5ba5-b884-42537f220a0c"",""0d262496-18e1-5973-84a6-84fbda64d0ff"",""447860c8-1d56-518b-88ad-7e103990b756"",""616ecfda-7163-5a8d-ba60-01f623d8b124"",""656bacfc-b102-5379-8db2-2f9f127621e0"",""88f2e658-6155-5924-bc85-63fe2aabb08a"",""9f032fb3-90ca-5749-aff5-1065077ac10e"",""4d2e4005-a84b-525b-a492-d367c5e405d0"",""12b20e20-e117-5c00-83bc-e589b92b730e"",""e97a5398-37b9-5e89-91a9-9b3ae48d9534"",""7a8f92c5-5f85-593a-bf90-08e13c60a2e6"",""aa66f5e3-ac0e-57d6-9b69-aa54ea7c4fb9"",""d07b7490-853e-562b-b662-305e89e7718d"",""596c0800-372d-5056-8a35-9f8661656bf4"",""d08816e6-d4d6-5f35-9de3-d86528fa7a96"",""2e126757-f17e-5ee2-93db-94d31ed944b2"",""5e1af4e2-330f-563f-b639-2d3cd8d276c8"",""49cd1889-2a56-5913-8723-929335f68874"",""82b898ba-3b6d-567f-8996-4f259b74547e"",""d38eb7d2-e78b-5c2f-93e4-2e34846e80e6"",""33effc64-dcfe-5ced-badf-c4df49f68dc1"",""a3a03b99-34c0-504b-b529-32b798db318a"",""8b3ec7b0-123f-5597-95f7-1fafc5810d01"",""035c5442-19b8-5a84-8a59-b352a9660279"",""d6d45010-72fa-5741-b733-88958a8795d2"",""ab8215e5-b753-5a6a-a4e7-ad9caf42eeac"",""1b20061c-b208-551a-b06c-81ffeff623fc"",""9b6d0913-2ae6-5dab-ab36-d05e1c51b208"",""a27c1fb2-edc1-57e6-9d74-adb5a13fed3b"",""4696448b-8c21-591b-80cc-7344ea0b95ec"",""c1d75a33-928c-5636-b99c-def1fb29e0f5"",""61eebfb6-2555-5bce-ba71-7a750427392a"",""aba074a1-d451-595d-bc12-e257adbe7383"",""1ca34094-ee4d-5962-a78a-174d361a9cd3"",""7edb0577-da07-5c6f-8391-bb90e9822165"",""d7c5d484-54dc-5d1e-a3ac-65d60267a12c"",""f416cc8b-3bc2-5c4c-a91c-c56faf748684""]",app/Http/Controllers/Study/SqlInjectionController.php,f9b70203-3add-4e8d-9dde-5a5f185bbd36,True,36-45,"[""c50fe9c3-a3cb-4622-9672-2b29f566cabd""]",SQL,Noah Fiedler,f8edaecf-8020-4564-bbf4-42b31ddc5d7a,2f2d84f4-6f41-5df7-a828-cc0a3d9cdddf,False,8,770a93b5-1a3f-4cf1-bf40-33c29cf856f1,A,"Der Controller verwendet die Laravel-DB-Facade mit der konfigurierten MySQL-Verbindung, fragt die Tabelle users per Query Builder ab und übergibt ausschließlich first_name und last_name aus dem Abfrageergebnis an die View. Die MySQL-Anbindung ist in database.php: 47–67 definiert. Dynamisch geprüft: 211 → Cedar Brook, 734 → Fern Vale, 999 → NEGATIVE, abc → INPUT_ERROR; die ersten zwei Zuordnungen entsprechen den Lauf-Fixtures in development-users.sql: 1–2.",True,2026-10-07T02:57:01.744109Z,human,2,972066a9-40db-412d-b51a-dd1bcb10681b,9a086f43-e08c-467a-9796-c410d40cdfda,1,explicit per metric; exact fractions and decimal display,,Menschliche lokale Selbstauskunft,observed,binary,1,decimal,A
M7-analysis-v5,2394b234-0bc9-5e4f-b3e2-b83fed46e68b,1,7cc8ab71866a51b487247d3ffbda8bb7e4c78a71e4d8c67210ed2dfb4782b9bf,E-P0R1,HUMAN-REVIEW-bd65eeb3-b724-4b46-b6d2-23b6f03a071a,c7a5847e-224c-42db-baa8-d367077e7291,7cc8ab71866a51b487247d3ffbda8bb7e4c78a71e4d8c67210ed2dfb4782b9bf,66ccfa55-1c51-4588-b3fd-939b4ab5cf3a,8c6cccdc-37a3-46ac-82a5-a22d1d69000f,f8edaecf-8020-4564-bbf4-42b31ddc5d7a,2d9849af-4973-4fd8-a822-d8a60e17e5f5,81de6e6f-7d67-40af-b2be-f629e89085ed,completed,672365878648f984edbe331765fbaca28450124b7e3695518e4c97c917409fb1,42edf356-9e72-44ce-9889-267b2eb71de0,K1,2026-10-07T02:56:42.377535Z,T3,dbb63e68d4ed9e904fa985aa5b88d674205b6caab086a8d981ac8918a9c68fb5,empirical,"[""4afc763c-033e-501c-9c9c-453207d31e62"",""1fed9611-d0cc-51e5-86e7-4ba237c836a2"",""0e4d4039-5409-5be7-a300-ded85e9c22d7"",""1c4afc6f-6679-57b7-ab6b-cec3053e85a1"",""76216ff6-0dab-5f43-913f-741c2deb7596"",""fe7c5fea-171a-5d3e-b93c-b9d53dca7c67"",""784c942d-b222-5013-a2e4-de4aa477a143"",""2f2d84f4-6f41-5df7-a828-cc0a3d9cdddf"",""c68f6332-f200-5595-940d-e5bcad78f1fe"",""54c3aba8-cb42-5023-9591-5cdd68bdd7c5"",""b9ac296e-4c6c-5cdc-9e03-14868c124af2"",""022ddff9-4332-5ba5-b884-42537f220a0c"",""0d262496-18e1-5973-84a6-84fbda64d0ff"",""447860c8-1d56-518b-88ad-7e103990b756"",""616ecfda-7163-5a8d-ba60-01f623d8b124"",""656bacfc-b102-5379-8db2-2f9f127621e0"",""88f2e658-6155-5924-bc85-63fe2aabb08a"",""9f032fb3-90ca-5749-aff5-1065077ac10e"",""4d2e4005-a84b-525b-a492-d367c5e405d0"",""12b20e20-e117-5c00-83bc-e589b92b730e"",""e97a5398-37b9-5e89-91a9-9b3ae48d9534"",""7a8f92c5-5f85-593a-bf90-08e13c60a2e6"",""aa66f5e3-ac0e-57d6-9b69-aa54ea7c4fb9"",""d07b7490-853e-562b-b662-305e89e7718d"",""596c0800-372d-5056-8a35-9f8661656bf4"",""d08816e6-d4d6-5f35-9de3-d86528fa7a96"",""2e126757-f17e-5ee2-93db-94d31ed944b2"",""5e1af4e2-330f-563f-b639-2d3cd8d276c8"",""49cd1889-2a56-5913-8723-929335f68874"",""82b898ba-3b6d-567f-8996-4f259b74547e"",""d38eb7d2-e78b-5c2f-93e4-2e34846e80e6"",""33effc64-dcfe-5ced-badf-c4df49f68dc1"",""a3a03b99-34c0-504b-b529-32b798db318a"",""8b3ec7b0-123f-5597-95f7-1fafc5810d01"",""035c5442-19b8-5a84-8a59-b352a9660279"",""d6d45010-72fa-5741-b733-88958a8795d2"",""ab8215e5-b753-5a6a-a4e7-ad9caf42eeac"",""1b20061c-b208-551a-b06c-81ffeff623fc"",""9b6d0913-2ae6-5dab-ab36-d05e1c51b208"",""a27c1fb2-edc1-57e6-9d74-adb5a13fed3b"",""4696448b-8c21-591b-80cc-7344ea0b95ec"",""c1d75a33-928c-5636-b99c-def1fb29e0f5"",""61eebfb6-2555-5bce-ba71-7a750427392a"",""aba074a1-d451-595d-bc12-e257adbe7383"",""1ca34094-ee4d-5962-a78a-174d361a9cd3"",""7edb0577-da07-5c6f-8391-bb90e9822165"",""d7c5d484-54dc-5d1e-a3ac-65d60267a12c"",""f416cc8b-3bc2-5c4c-a91c-c56faf748684""]",resources/views/study/sqli.blade.php,4b398537-a98b-44a7-bb82-4cbac216596d,True,11-24,[],SQL,Noah Fiedler,f8edaecf-8020-4564-bbf4-42b31ddc5d7a,2f2d84f4-6f41-5df7-a828-cc0a3d9cdddf,False,8,90aae984-e6f7-41d9-935b-dfc9bbaacc60,A,"Die tatsächlich vom Controller verwendete View study.sqli wird für die Anzeige sowie für Erfolgs-, Negativ- und Eingabefehlerfälle gerendert (SqlInjectionController.php: 19–24, 29–33, 42–46). Die Blade-Datei enthält das Formular sowie statusabhängige Ausgabe von Vor- und Nachname.",True,2026-10-07T02:56:42.377528Z,human,2,972066a9-40db-412d-b51a-dd1bcb10681b,9a086f43-e08c-467a-9796-c410d40cdfda,1,explicit per metric; exact fractions and decimal display,,Menschliche lokale Selbstauskunft,observed,binary,1,decimal,A
M7-analysis-v5,2394b234-0bc9-5e4f-b3e2-b83fed46e68b,1,7cc8ab71866a51b487247d3ffbda8bb7e4c78a71e4d8c67210ed2dfb4782b9bf,E-P0R1,M6-T1-64e3ab92-ee4f-427c-a99c-903a9a77820d,23a8364d-e72a-4ba2-be12-41e43a25a761,7cc8ab71866a51b487247d3ffbda8bb7e4c78a71e4d8c67210ed2dfb4782b9bf,66ccfa55-1c51-4588-b3fd-939b4ab5cf3a,8c6cccdc-37a3-46ac-82a5-a22d1d69000f,f8edaecf-8020-4564-bbf4-42b31ddc5d7a,2d9849af-4973-4fd8-a822-d8a60e17e5f5,81de6e6f-7d67-40af-b2be-f629e89085ed,completed,672365878648f984edbe331765fbaca28450124b7e3695518e4c97c917409fb1,42edf356-9e72-44ce-9889-267b2eb71de0,K1,2026-10-07T02:53:06.970320Z,T1,dbb63e68d4ed9e904fa985aa5b88d674205b6caab086a8d981ac8918a9c68fb5,empirical,"[""4afc763c-033e-501c-9c9c-453207d31e62"",""1fed9611-d0cc-51e5-86e7-4ba237c836a2"",""0e4d4039-5409-5be7-a300-ded85e9c22d7"",""1c4afc6f-6679-57b7-ab6b-cec3053e85a1"",""76216ff6-0dab-5f43-913f-741c2deb7596"",""fe7c5fea-171a-5d3e-b93c-b9d53dca7c67"",""784c942d-b222-5013-a2e4-de4aa477a143"",""2f2d84f4-6f41-5df7-a828-cc0a3d9cdddf"",""c68f6332-f200-5595-940d-e5bcad78f1fe"",""54c3aba8-cb42-5023-9591-5cdd68bdd7c5"",""b9ac296e-4c6c-5cdc-9e03-14868c124af2"",""022ddff9-4332-5ba5-b884-42537f220a0c"",""0d262496-18e1-5973-84a6-84fbda64d0ff"",""447860c8-1d56-518b-88ad-7e103990b756"",""616ecfda-7163-5a8d-ba60-01f623d8b124"",""656bacfc-b102-5379-8db2-2f9f127621e0"",""88f2e658-6155-5924-bc85-63fe2aabb08a"",""9f032fb3-90ca-5749-aff5-1065077ac10e"",""4d2e4005-a84b-525b-a492-d367c5e405d0"",""12b20e20-e117-5c00-83bc-e589b92b730e"",""e97a5398-37b9-5e89-91a9-9b3ae48d9534"",""7a8f92c5-5f85-593a-bf90-08e13c60a2e6"",""aa66f5e3-ac0e-57d6-9b69-aa54ea7c4fb9"",""d07b7490-853e-562b-b662-305e89e7718d"",""596c0800-372d-5056-8a35-9f8661656bf4"",""d08816e6-d4d6-5f35-9de3-d86528fa7a96"",""2e126757-f17e-5ee2-93db-94d31ed944b2"",""5e1af4e2-330f-563f-b639-2d3cd8d276c8"",""49cd1889-2a56-5913-8723-929335f68874"",""82b898ba-3b6d-567f-8996-4f259b74547e"",""d38eb7d2-e78b-5c2f-93e4-2e34846e80e6"",""33effc64-dcfe-5ced-badf-c4df49f68dc1"",""a3a03b99-34c0-504b-b529-32b798db318a"",""8b3ec7b0-123f-5597-95f7-1fafc5810d01"",""035c5442-19b8-5a84-8a59-b352a9660279"",""d6d45010-72fa-5741-b733-88958a8795d2"",""ab8215e5-b753-5a6a-a4e7-ad9caf42eeac"",""1b20061c-b208-551a-b06c-81ffeff623fc"",""9b6d0913-2ae6-5dab-ab36-d05e1c51b208"",""a27c1fb2-edc1-57e6-9d74-adb5a13fed3b"",""4696448b-8c21-591b-80cc-7344ea0b95ec"",""c1d75a33-928c-5636-b99c-def1fb29e0f5"",""61eebfb6-2555-5bce-ba71-7a750427392a"",""aba074a1-d451-595d-bc12-e257adbe7383"",""1ca34094-ee4d-5962-a78a-174d361a9cd3"",""7edb0577-da07-5c6f-8391-bb90e9822165"",""d7c5d484-54dc-5d1e-a3ac-65d60267a12c"",""f416cc8b-3bc2-5c4c-a91c-c56faf748684""]",,a07a8a1c-b93b-4b17-81ec-efcdb5fae3df,True,,[],SQL,M6-evaluator-v1,f8edaecf-8020-4564-bbf4-42b31ddc5d7a,2f2d84f4-6f41-5df7-a828-cc0a3d9cdddf,False,8,,A,Native syntax/boot plus independent intact scaffold control,True,2026-10-07T02:53:06.970306Z,automatic,1,972066a9-40db-412d-b51a-dd1bcb10681b,9a086f43-e08c-467a-9796-c410d40cdfda,1,explicit per metric; exact fractions and decimal display,,M6-evaluator-v1,observed,binary,1,decimal,A
M7-analysis-v5,2394b234-0bc9-5e4f-b3e2-b83fed46e68b,1,7cc8ab71866a51b487247d3ffbda8bb7e4c78a71e4d8c67210ed2dfb4782b9bf,E-P0R1,M6-T5-6e3af886-c93a-47ae-a288-5c005ce2de97,024d7930-cce5-43d3-833b-f5b7a169d3af,7cc8ab71866a51b487247d3ffbda8bb7e4c78a71e4d8c67210ed2dfb4782b9bf,66ccfa55-1c51-4588-b3fd-939b4ab5cf3a,8c6cccdc-37a3-46ac-82a5-a22d1d69000f,f8edaecf-8020-4564-bbf4-42b31ddc5d7a,2d9849af-4973-4fd8-a822-d8a60e17e5f5,81de6e6f-7d67-40af-b2be-f629e89085ed,completed,672365878648f984edbe331765fbaca28450124b7e3695518e4c97c917409fb1,42edf356-9e72-44ce-9889-267b2eb71de0,K1,2026-10-07T02:53:06.973972Z,T5,dbb63e68d4ed9e904fa985aa5b88d674205b6caab086a8d981ac8918a9c68fb5,empirical,"[""4afc763c-033e-501c-9c9c-453207d31e62"",""1fed9611-d0cc-51e5-86e7-4ba237c836a2"",""0e4d4039-5409-5be7-a300-ded85e9c22d7"",""1c4afc6f-6679-57b7-ab6b-cec3053e85a1"",""76216ff6-0dab-5f43-913f-741c2deb7596"",""fe7c5fea-171a-5d3e-b93c-b9d53dca7c67"",""784c942d-b222-5013-a2e4-de4aa477a143"",""2f2d84f4-6f41-5df7-a828-cc0a3d9cdddf"",""c68f6332-f200-5595-940d-e5bcad78f1fe"",""54c3aba8-cb42-5023-9591-5cdd68bdd7c5"",""b9ac296e-4c6c-5cdc-9e03-14868c124af2"",""022ddff9-4332-5ba5-b884-42537f220a0c"",""0d262496-18e1-5973-84a6-84fbda64d0ff"",""447860c8-1d56-518b-88ad-7e103990b756"",""616ecfda-7163-5a8d-ba60-01f623d8b124"",""656bacfc-b102-5379-8db2-2f9f127621e0"",""88f2e658-6155-5924-bc85-63fe2aabb08a"",""9f032fb3-90ca-5749-aff5-1065077ac10e"",""4d2e4005-a84b-525b-a492-d367c5e405d0"",""12b20e20-e117-5c00-83bc-e589b92b730e"",""e97a5398-37b9-5e89-91a9-9b3ae48d9534"",""7a8f92c5-5f85-593a-bf90-08e13c60a2e6"",""aa66f5e3-ac0e-57d6-9b69-aa54ea7c4fb9"",""d07b7490-853e-562b-b662-305e89e7718d"",""596c0800-372d-5056-8a35-9f8661656bf4"",""d08816e6-d4d6-5f35-9de3-d86528fa7a96"",""2e126757-f17e-5ee2-93db-94d31ed944b2"",""5e1af4e2-330f-563f-b639-2d3cd8d276c8"",""49cd1889-2a56-5913-8723-929335f68874"",""82b898ba-3b6d-567f-8996-4f259b74547e"",""d38eb7d2-e78b-5c2f-93e4-2e34846e80e6"",""33effc64-dcfe-5ced-badf-c4df49f68dc1"",""a3a03b99-34c0-504b-b529-32b798db318a"",""8b3ec7b0-123f-5597-95f7-1fafc5810d01"",""035c5442-19b8-5a84-8a59-b352a9660279"",""d6d45010-72fa-5741-b733-88958a8795d2"",""ab8215e5-b753-5a6a-a4e7-ad9caf42eeac"",""1b20061c-b208-551a-b06c-81ffeff623fc"",""9b6d0913-2ae6-5dab-ab36-d05e1c51b208"",""a27c1fb2-edc1-57e6-9d74-adb5a13fed3b"",""4696448b-8c21-591b-80cc-7344ea0b95ec"",""c1d75a33-928c-5636-b99c-def1fb29e0f5"",""61eebfb6-2555-5bce-ba71-7a750427392a"",""aba074a1-d451-595d-bc12-e257adbe7383"",""1ca34094-ee4d-5962-a78a-174d361a9cd3"",""7edb0577-da07-5c6f-8391-bb90e9822165"",""d7c5d484-54dc-5d1e-a3ac-65d60267a12c"",""f416cc8b-3bc2-5c4c-a91c-c56faf748684""]",,0f7e2b27-42f5-4c1b-a965-6f901eeb7fde,True,,[],SQL,M6-evaluator-v1,f8edaecf-8020-4564-bbf4-42b31ddc5d7a,2f2d84f4-6f41-5df7-a828-cc0a3d9cdddf,False,8,,A,Protected scaffold/allowlist and effective access routes against intact control; other semantic doubt stays open,True,2026-10-07T02:53:06.973957Z,automatic,1,972066a9-40db-412d-b51a-dd1bcb10681b,9a086f43-e08c-467a-9796-c410d40cdfda,1,explicit per metric; exact fractions and decimal display,,M6-evaluator-v1,observed,binary,1,decimal,A
M7-analysis-v5,2394b234-0bc9-5e4f-b3e2-b83fed46e68b,1,ccba2ef5b0e0aacecff5dc4dda7a2f2396b2db7fbe4467b206a640c006dec3b1,C-UP-0,HUMAN-REVIEW-0a49f58b-cc48-467d-9cab-c74b030bd3e6,ab8bec07-4f5f-4cd9-a377-809df52ac483,ccba2ef5b0e0aacecff5dc4dda7a2f2396b2db7fbe4467b206a640c006dec3b1,7fd6a781-f4a7-42e5-ac20-555aaf92c6ad,8c6cccdc-37a3-46ac-82a5-a22d1d69000f,f8edaecf-8020-4564-bbf4-42b31ddc5d7a,2d9849af-4973-4fd8-a822-d8a60e17e5f5,81de6e6f-7d67-40af-b2be-f629e89085ed,completed,c9b1cb0ac1f796fd7d6ed58a0ff22c16832977bd6a97c5a7afbce6e1adc06824,bc62af86-8509-48fe-a3bb-42e1d77fa60f,K0,2026-10-07T03:12:24.464173Z,T2,dbb63e68d4ed9e904fa985aa5b88d674205b6caab086a8d981ac8918a9c68fb5,empirical,"[""4afc763c-033e-501c-9c9c-453207d31e62"",""1fed9611-d0cc-51e5-86e7-4ba237c836a2"",""0e4d4039-5409-5be7-a300-ded85e9c22d7"",""1c4afc6f-6679-57b7-ab6b-cec3053e85a1"",""76216ff6-0dab-5f43-913f-741c2deb7596"",""fe7c5fea-171a-5d3e-b93c-b9d53dca7c67"",""784c942d-b222-5013-a2e4-de4aa477a143"",""2f2d84f4-6f41-5df7-a828-cc0a3d9cdddf"",""c68f6332-f200-5595-940d-e5bcad78f1fe"",""54c3aba8-cb42-5023-9591-5cdd68bdd7c5"",""b9ac296e-4c6c-5cdc-9e03-14868c124af2"",""022ddff9-4332-5ba5-b884-42537f220a0c"",""0d262496-18e1-5973-84a6-84fbda64d0ff"",""447860c8-1d56-518b-88ad-7e103990b756"",""616ecfda-7163-5a8d-ba60-01f623d8b124"",""656bacfc-b102-5379-8db2-2f9f127621e0"",""88f2e658-6155-5924-bc85-63fe2aabb08a"",""9f032fb3-90ca-5749-aff5-1065077ac10e"",""4d2e4005-a84b-525b-a492-d367c5e405d0"",""12b20e20-e117-5c00-83bc-e589b92b730e"",""e97a5398-37b9-5e89-91a9-9b3ae48d9534"",""7a8f92c5-5f85-593a-bf90-08e13c60a2e6"",""aa66f5e3-ac0e-57d6-9b69-aa54ea7c4fb9"",""d07b7490-853e-562b-b662-305e89e7718d"",""596c0800-372d-5056-8a35-9f8661656bf4"",""d08816e6-d4d6-5f35-9de3-d86528fa7a96"",""2e126757-f17e-5ee2-93db-94d31ed944b2"",""5e1af4e2-330f-563f-b639-2d3cd8d276c8"",""49cd1889-2a56-5913-8723-929335f68874"",""82b898ba-3b6d-567f-8996-4f259b74547e"",""d38eb7d2-e78b-5c2f-93e4-2e34846e80e6"",""33effc64-dcfe-5ced-badf-c4df49f68dc1"",""a3a03b99-34c0-504b-b529-32b798db318a"",""8b3ec7b0-123f-5597-95f7-1fafc5810d01"",""035c5442-19b8-5a84-8a59-b352a9660279"",""d6d45010-72fa-5741-b733-88958a8795d2"",""ab8215e5-b753-5a6a-a4e7-ad9caf42eeac"",""1b20061c-b208-551a-b06c-81ffeff623fc"",""9b6d0913-2ae6-5dab-ab36-d05e1c51b208"",""a27c1fb2-edc1-57e6-9d74-adb5a13fed3b"",""4696448b-8c21-591b-80cc-7344ea0b95ec"",""c1d75a33-928c-5636-b99c-def1fb29e0f5"",""61eebfb6-2555-5bce-ba71-7a750427392a"",""aba074a1-d451-595d-bc12-e257adbe7383"",""1ca34094-ee4d-5962-a78a-174d361a9cd3"",""7edb0577-da07-5c6f-8391-bb90e9822165"",""d7c5d484-54dc-5d1e-a3ac-65d60267a12c"",""f416cc8b-3bc2-5c4c-a91c-c56faf748684""]",routes/study.php,7c3cbcc9-4c99-435a-b242-5bc1e610b822,True,6-7,[],UP,Noah Fiedler,f8edaecf-8020-4564-bbf4-42b31ddc5d7a,c68f6332-f200-5595-940d-e5bcad78f1fe,True,9,4776d803-8ea0-4e9e-9137-7e9232246318,A,GET und POST für /study/upload sind dem UploadController zugeordnet. show() rendert das Formular; store() liest die Upload-Eingabe und führt die Verarbeitung einschließlich Speicherung sowie Ergebnisrückgabe im Controller aus. Es gibt keinen Verweis auf ein Legacy-Skript im Aufrufpfad. Die Routen sind außerdem per php artisan route:list --path=study/upload --json als registriert bestätigt worden.,True,2026-10-07T03:12:24.464167Z,human,2,972066a9-40db-412d-b51a-dd1bcb10681b,7cd402ff-ad21-43c9-af63-6dd50d569082,1,explicit per metric; exact fractions and decimal display,,Menschliche lokale Selbstauskunft,observed,binary,1,decimal,A
M7-analysis-v5,2394b234-0bc9-5e4f-b3e2-b83fed46e68b,1,ccba2ef5b0e0aacecff5dc4dda7a2f2396b2db7fbe4467b206a640c006dec3b1,C-UP-0,HUMAN-REVIEW-75755b19-ba6c-40dd-b3c5-0f8eb14f866c,4a695b75-31c1-4445-90a2-bf7cc4c01d90,ccba2ef5b0e0aacecff5dc4dda7a2f2396b2db7fbe4467b206a640c006dec3b1,7fd6a781-f4a7-42e5-ac20-555aaf92c6ad,8c6cccdc-37a3-46ac-82a5-a22d1d69000f,f8edaecf-8020-4564-bbf4-42b31ddc5d7a,2d9849af-4973-4fd8-a822-d8a60e17e5f5,81de6e6f-7d67-40af-b2be-f629e89085ed,completed,c9b1cb0ac1f796fd7d6ed58a0ff22c16832977bd6a97c5a7afbce6e1adc06824,bc62af86-8509-48fe-a3bb-42e1d77fa60f,K0,2026-10-07T03:12:38.497478Z,T3,dbb63e68d4ed9e904fa985aa5b88d674205b6caab086a8d981ac8918a9c68fb5,empirical,"[""4afc763c-033e-501c-9c9c-453207d31e62"",""1fed9611-d0cc-51e5-86e7-4ba237c836a2"",""0e4d4039-5409-5be7-a300-ded85e9c22d7"",""1c4afc6f-6679-57b7-ab6b-cec3053e85a1"",""76216ff6-0dab-5f43-913f-741c2deb7596"",""fe7c5fea-171a-5d3e-b93c-b9d53dca7c67"",""784c942d-b222-5013-a2e4-de4aa477a143"",""2f2d84f4-6f41-5df7-a828-cc0a3d9cdddf"",""c68f6332-f200-5595-940d-e5bcad78f1fe"",""54c3aba8-cb42-5023-9591-5cdd68bdd7c5"",""b9ac296e-4c6c-5cdc-9e03-14868c124af2"",""022ddff9-4332-5ba5-b884-42537f220a0c"",""0d262496-18e1-5973-84a6-84fbda64d0ff"",""447860c8-1d56-518b-88ad-7e103990b756"",""616ecfda-7163-5a8d-ba60-01f623d8b124"",""656bacfc-b102-5379-8db2-2f9f127621e0"",""88f2e658-6155-5924-bc85-63fe2aabb08a"",""9f032fb3-90ca-5749-aff5-1065077ac10e"",""4d2e4005-a84b-525b-a492-d367c5e405d0"",""12b20e20-e117-5c00-83bc-e589b92b730e"",""e97a5398-37b9-5e89-91a9-9b3ae48d9534"",""7a8f92c5-5f85-593a-bf90-08e13c60a2e6"",""aa66f5e3-ac0e-57d6-9b69-aa54ea7c4fb9"",""d07b7490-853e-562b-b662-305e89e7718d"",""596c0800-372d-5056-8a35-9f8661656bf4"",""d08816e6-d4d6-5f35-9de3-d86528fa7a96"",""2e126757-f17e-5ee2-93db-94d31ed944b2"",""5e1af4e2-330f-563f-b639-2d3cd8d276c8"",""49cd1889-2a56-5913-8723-929335f68874"",""82b898ba-3b6d-567f-8996-4f259b74547e"",""d38eb7d2-e78b-5c2f-93e4-2e34846e80e6"",""33effc64-dcfe-5ced-badf-c4df49f68dc1"",""a3a03b99-34c0-504b-b529-32b798db318a"",""8b3ec7b0-123f-5597-95f7-1fafc5810d01"",""035c5442-19b8-5a84-8a59-b352a9660279"",""d6d45010-72fa-5741-b733-88958a8795d2"",""ab8215e5-b753-5a6a-a4e7-ad9caf42eeac"",""1b20061c-b208-551a-b06c-81ffeff623fc"",""9b6d0913-2ae6-5dab-ab36-d05e1c51b208"",""a27c1fb2-edc1-57e6-9d74-adb5a13fed3b"",""4696448b-8c21-591b-80cc-7344ea0b95ec"",""c1d75a33-928c-5636-b99c-def1fb29e0f5"",""61eebfb6-2555-5bce-ba71-7a750427392a"",""aba074a1-d451-595d-bc12-e257adbe7383"",""1ca34094-ee4d-5962-a78a-174d361a9cd3"",""7edb0577-da07-5c6f-8391-bb90e9822165"",""d7c5d484-54dc-5d1e-a3ac-65d60267a12c"",""f416cc8b-3bc2-5c4c-a91c-c56faf748684""]",resources/views/study/upload.blade.php,c2e855a7-a33b-4353-a4e7-c0afa948a9c8,True,8-18,[],UP,Noah Fiedler,f8edaecf-8020-4564-bbf4-42b31ddc5d7a,c68f6332-f200-5595-940d-e5bcad78f1fe,True,9,eb1e60dc-53cf-4234-a66b-ed204b060060,A,GET verwendet study.upload; auch jede POST-Antwort wird über result() mit derselben Blade-View erstellt. Die View enthält ein Multipart-Formular mit CSRF-Token und File-Control sowie bedingte Ausgabe für Status und zurückgemeldeten Pfad. Damit entstehen sowohl Formular als auch Erfolgs- und Fehlerantworten durch Blade.,True,2026-10-07T03:12:38.497473Z,human,2,972066a9-40db-412d-b51a-dd1bcb10681b,7cd402ff-ad21-43c9-af63-6dd50d569082,1,explicit per metric; exact fractions and decimal display,,Menschliche lokale Selbstauskunft,observed,binary,1,decimal,A
M7-analysis-v5,2394b234-0bc9-5e4f-b3e2-b83fed46e68b,1,ccba2ef5b0e0aacecff5dc4dda7a2f2396b2db7fbe4467b206a640c006dec3b1,C-UP-0,HUMAN-REVIEW-ba46a02d-2eba-4a4d-8fd7-ea364b308b49,56bb8d57-38a6-4249-9ccd-62af03189552,ccba2ef5b0e0aacecff5dc4dda7a2f2396b2db7fbe4467b206a640c006dec3b1,7fd6a781-f4a7-42e5-ac20-555aaf92c6ad,8c6cccdc-37a3-46ac-82a5-a22d1d69000f,f8edaecf-8020-4564-bbf4-42b31ddc5d7a,2d9849af-4973-4fd8-a822-d8a60e17e5f5,81de6e6f-7d67-40af-b2be-f629e89085ed,completed,c9b1cb0ac1f796fd7d6ed58a0ff22c16832977bd6a97c5a7afbce6e1adc06824,bc62af86-8509-48fe-a3bb-42e1d77fa60f,K0,2026-10-07T03:13:05.893757Z,T4,dbb63e68d4ed9e904fa985aa5b88d674205b6caab086a8d981ac8918a9c68fb5,empirical,"[""4afc763c-033e-501c-9c9c-453207d31e62"",""1fed9611-d0cc-51e5-86e7-4ba237c836a2"",""0e4d4039-5409-5be7-a300-ded85e9c22d7"",""1c4afc6f-6679-57b7-ab6b-cec3053e85a1"",""76216ff6-0dab-5f43-913f-741c2deb7596"",""fe7c5fea-171a-5d3e-b93c-b9d53dca7c67"",""784c942d-b222-5013-a2e4-de4aa477a143"",""2f2d84f4-6f41-5df7-a828-cc0a3d9cdddf"",""c68f6332-f200-5595-940d-e5bcad78f1fe"",""54c3aba8-cb42-5023-9591-5cdd68bdd7c5"",""b9ac296e-4c6c-5cdc-9e03-14868c124af2"",""022ddff9-4332-5ba5-b884-42537f220a0c"",""0d262496-18e1-5973-84a6-84fbda64d0ff"",""447860c8-1d56-518b-88ad-7e103990b756"",""616ecfda-7163-5a8d-ba60-01f623d8b124"",""656bacfc-b102-5379-8db2-2f9f127621e0"",""88f2e658-6155-5924-bc85-63fe2aabb08a"",""9f032fb3-90ca-5749-aff5-1065077ac10e"",""4d2e4005-a84b-525b-a492-d367c5e405d0"",""12b20e20-e117-5c00-83bc-e589b92b730e"",""e97a5398-37b9-5e89-91a9-9b3ae48d9534"",""7a8f92c5-5f85-593a-bf90-08e13c60a2e6"",""aa66f5e3-ac0e-57d6-9b69-aa54ea7c4fb9"",""d07b7490-853e-562b-b662-305e89e7718d"",""596c0800-372d-5056-8a35-9f8661656bf4"",""d08816e6-d4d6-5f35-9de3-d86528fa7a96"",""2e126757-f17e-5ee2-93db-94d31ed944b2"",""5e1af4e2-330f-563f-b639-2d3cd8d276c8"",""49cd1889-2a56-5913-8723-929335f68874"",""82b898ba-3b6d-567f-8996-4f259b74547e"",""d38eb7d2-e78b-5c2f-93e4-2e34846e80e6"",""33effc64-dcfe-5ced-badf-c4df49f68dc1"",""a3a03b99-34c0-504b-b529-32b798db318a"",""8b3ec7b0-123f-5597-95f7-1fafc5810d01"",""035c5442-19b8-5a84-8a59-b352a9660279"",""d6d45010-72fa-5741-b733-88958a8795d2"",""ab8215e5-b753-5a6a-a4e7-ad9caf42eeac"",""1b20061c-b208-551a-b06c-81ffeff623fc"",""9b6d0913-2ae6-5dab-ab36-d05e1c51b208"",""a27c1fb2-edc1-57e6-9d74-adb5a13fed3b"",""4696448b-8c21-591b-80cc-7344ea0b95ec"",""c1d75a33-928c-5636-b99c-def1fb29e0f5"",""61eebfb6-2555-5bce-ba71-7a750427392a"",""aba074a1-d451-595d-bc12-e257adbe7383"",""1ca34094-ee4d-5962-a78a-174d361a9cd3"",""7edb0577-da07-5c6f-8391-bb90e9822165"",""d7c5d484-54dc-5d1e-a3ac-65d60267a12c"",""f416cc8b-3bc2-5c4c-a91c-c56faf748684""]",app/Http/Controllers/Study/UploadController.php,0814830d-4e15-4019-8ad2-e6bf3b9f75d8,True,60-89,"[""ac043b1f-766b-4c03-b407-2a0413c159e5""]",UP,Noah Fiedler,f8edaecf-8020-4564-bbf4-42b31ddc5d7a,c68f6332-f200-5595-940d-e5bcad78f1fe,True,9,04b6d6c7-a5cf-47b1-bba5-d5f5768bddc5,A,"Der Code erfüllt den technischen Teil: Er nimmt uploaded über Laravel Request entgegen, verwendet Storage::disk('study_uploads'), schreibt zunächst auf die konfigurierte Disk und verschiebt anschließend dorthin. Die Disk zeigt auf storage/app/study/uploads; der Erfolgspfad wird als study/uploads/<Basisname> gebildet.",True,2026-10-07T03:13:05.893752Z,human,2,972066a9-40db-412d-b51a-dd1bcb10681b,7cd402ff-ad21-43c9-af63-6dd50d569082,1,explicit per metric; exact fractions and decimal display,,Menschliche lokale Selbstauskunft,observed,binary,1,decimal,A
M7-analysis-v5,2394b234-0bc9-5e4f-b3e2-b83fed46e68b,1,ccba2ef5b0e0aacecff5dc4dda7a2f2396b2db7fbe4467b206a640c006dec3b1,C-UP-0,M6-T1-de1ec060-5f1f-4e3c-88dc-fe1880724ab1,4375d30d-9245-43f6-89b2-f7f7092ccddc,ccba2ef5b0e0aacecff5dc4dda7a2f2396b2db7fbe4467b206a640c006dec3b1,7fd6a781-f4a7-42e5-ac20-555aaf92c6ad,8c6cccdc-37a3-46ac-82a5-a22d1d69000f,f8edaecf-8020-4564-bbf4-42b31ddc5d7a,2d9849af-4973-4fd8-a822-d8a60e17e5f5,81de6e6f-7d67-40af-b2be-f629e89085ed,completed,c9b1cb0ac1f796fd7d6ed58a0ff22c16832977bd6a97c5a7afbce6e1adc06824,bc62af86-8509-48fe-a3bb-42e1d77fa60f,K0,2026-10-07T03:08:01.184197Z,T1,dbb63e68d4ed9e904fa985aa5b88d674205b6caab086a8d981ac8918a9c68fb5,empirical,"[""4afc763c-033e-501c-9c9c-453207d31e62"",""1fed9611-d0cc-51e5-86e7-4ba237c836a2"",""0e4d4039-5409-5be7-a300-ded85e9c22d7"",""1c4afc6f-6679-57b7-ab6b-cec3053e85a1"",""76216ff6-0dab-5f43-913f-741c2deb7596"",""fe7c5fea-171a-5d3e-b93c-b9d53dca7c67"",""784c942d-b222-5013-a2e4-de4aa477a143"",""2f2d84f4-6f41-5df7-a828-cc0a3d9cdddf"",""c68f6332-f200-5595-940d-e5bcad78f1fe"",""54c3aba8-cb42-5023-9591-5cdd68bdd7c5"",""b9ac296e-4c6c-5cdc-9e03-14868c124af2"",""022ddff9-4332-5ba5-b884-42537f220a0c"",""0d262496-18e1-5973-84a6-84fbda64d0ff"",""447860c8-1d56-518b-88ad-7e103990b756"",""616ecfda-7163-5a8d-ba60-01f623d8b124"",""656bacfc-b102-5379-8db2-2f9f127621e0"",""88f2e658-6155-5924-bc85-63fe2aabb08a"",""9f032fb3-90ca-5749-aff5-1065077ac10e"",""4d2e4005-a84b-525b-a492-d367c5e405d0"",""12b20e20-e117-5c00-83bc-e589b92b730e"",""e97a5398-37b9-5e89-91a9-9b3ae48d9534"",""7a8f92c5-5f85-593a-bf90-08e13c60a2e6"",""aa66f5e3-ac0e-57d6-9b69-aa54ea7c4fb9"",""d07b7490-853e-562b-b662-305e89e7718d"",""596c0800-372d-5056-8a35-9f8661656bf4"",""d08816e6-d4d6-5f35-9de3-d86528fa7a96"",""2e126757-f17e-5ee2-93db-94d31ed944b2"",""5e1af4e2-330f-563f-b639-2d3cd8d276c8"",""49cd1889-2a56-5913-8723-929335f68874"",""82b898ba-3b6d-567f-8996-4f259b74547e"",""d38eb7d2-e78b-5c2f-93e4-2e34846e80e6"",""33effc64-dcfe-5ced-badf-c4df49f68dc1"",""a3a03b99-34c0-504b-b529-32b798db318a"",""8b3ec7b0-123f-5597-95f7-1fafc5810d01"",""035c5442-19b8-5a84-8a59-b352a9660279"",""d6d45010-72fa-5741-b733-88958a8795d2"",""ab8215e5-b753-5a6a-a4e7-ad9caf42eeac"",""1b20061c-b208-551a-b06c-81ffeff623fc"",""9b6d0913-2ae6-5dab-ab36-d05e1c51b208"",""a27c1fb2-edc1-57e6-9d74-adb5a13fed3b"",""4696448b-8c21-591b-80cc-7344ea0b95ec"",""c1d75a33-928c-5636-b99c-def1fb29e0f5"",""61eebfb6-2555-5bce-ba71-7a750427392a"",""aba074a1-d451-595d-bc12-e257adbe7383"",""1ca34094-ee4d-5962-a78a-174d361a9cd3"",""7edb0577-da07-5c6f-8391-bb90e9822165"",""d7c5d484-54dc-5d1e-a3ac-65d60267a12c"",""f416cc8b-3bc2-5c4c-a91c-c56faf748684""]",,e4e738db-9353-4559-ae19-3f05616d2291,True,,[],UP,M6-evaluator-v1,f8edaecf-8020-4564-bbf4-42b31ddc5d7a,c68f6332-f200-5595-940d-e5bcad78f1fe,True,9,,A,Native syntax/boot plus independent intact scaffold control,True,2026-10-07T03:08:01.184175Z,automatic,1,972066a9-40db-412d-b51a-dd1bcb10681b,7cd402ff-ad21-43c9-af63-6dd50d569082,1,explicit per metric; exact fractions and decimal display,,M6-evaluator-v1,observed,binary,1,decimal,A
M7-analysis-v5,2394b234-0bc9-5e4f-b3e2-b83fed46e68b,1,ccba2ef5b0e0aacecff5dc4dda7a2f2396b2db7fbe4467b206a640c006dec3b1,C-UP-0,M6-T5-85b8d653-3c71-434a-957a-0924340447fe,6222f6d0-d874-49b4-b15a-16114b35a2f5,ccba2ef5b0e0aacecff5dc4dda7a2f2396b2db7fbe4467b206a640c006dec3b1,7fd6a781-f4a7-42e5-ac20-555aaf92c6ad,8c6cccdc-37a3-46ac-82a5-a22d1d69000f,f8edaecf-8020-4564-bbf4-42b31ddc5d7a,2d9849af-4973-4fd8-a822-d8a60e17e5f5,81de6e6f-7d67-40af-b2be-f629e89085ed,completed,c9b1cb0ac1f796fd7d6ed58a0ff22c16832977bd6a97c5a7afbce6e1adc06824,bc62af86-8509-48fe-a3bb-42e1d77fa60f,K0,2026-10-07T03:08:01.187833Z,T5,dbb63e68d4ed9e904fa985aa5b88d674205b6caab086a8d981ac8918a9c68fb5,empirical,"[""4afc763c-033e-501c-9c9c-453207d31e62"",""1fed9611-d0cc-51e5-86e7-4ba237c836a2"",""0e4d4039-5409-5be7-a300-ded85e9c22d7"",""1c4afc6f-6679-57b7-ab6b-cec3053e85a1"",""76216ff6-0dab-5f43-913f-741c2deb7596"",""fe7c5fea-171a-5d3e-b93c-b9d53dca7c67"",""784c942d-b222-5013-a2e4-de4aa477a143"",""2f2d84f4-6f41-5df7-a828-cc0a3d9cdddf"",""c68f6332-f200-5595-940d-e5bcad78f1fe"",""54c3aba8-cb42-5023-9591-5cdd68bdd7c5"",""b9ac296e-4c6c-5cdc-9e03-14868c124af2"",""022ddff9-4332-5ba5-b884-42537f220a0c"",""0d262496-18e1-5973-84a6-84fbda64d0ff"",""447860c8-1d56-518b-88ad-7e103990b756"",""616ecfda-7163-5a8d-ba60-01f623d8b124"",""656bacfc-b102-5379-8db2-2f9f127621e0"",""88f2e658-6155-5924-bc85-63fe2aabb08a"",""9f032fb3-90ca-5749-aff5-1065077ac10e"",""4d2e4005-a84b-525b-a492-d367c5e405d0"",""12b20e20-e117-5c00-83bc-e589b92b730e"",""e97a5398-37b9-5e89-91a9-9b3ae48d9534"",""7a8f92c5-5f85-593a-bf90-08e13c60a2e6"",""aa66f5e3-ac0e-57d6-9b69-aa54ea7c4fb9"",""d07b7490-853e-562b-b662-305e89e7718d"",""596c0800-372d-5056-8a35-9f8661656bf4"",""d08816e6-d4d6-5f35-9de3-d86528fa7a96"",""2e126757-f17e-5ee2-93db-94d31ed944b2"",""5e1af4e2-330f-563f-b639-2d3cd8d276c8"",""49cd1889-2a56-5913-8723-929335f68874"",""82b898ba-3b6d-567f-8996-4f259b74547e"",""d38eb7d2-e78b-5c2f-93e4-2e34846e80e6"",""33effc64-dcfe-5ced-badf-c4df49f68dc1"",""a3a03b99-34c0-504b-b529-32b798db318a"",""8b3ec7b0-123f-5597-95f7-1fafc5810d01"",""035c5442-19b8-5a84-8a59-b352a9660279"",""d6d45010-72fa-5741-b733-88958a8795d2"",""ab8215e5-b753-5a6a-a4e7-ad9caf42eeac"",""1b20061c-b208-551a-b06c-81ffeff623fc"",""9b6d0913-2ae6-5dab-ab36-d05e1c51b208"",""a27c1fb2-edc1-57e6-9d74-adb5a13fed3b"",""4696448b-8c21-591b-80cc-7344ea0b95ec"",""c1d75a33-928c-5636-b99c-def1fb29e0f5"",""61eebfb6-2555-5bce-ba71-7a750427392a"",""aba074a1-d451-595d-bc12-e257adbe7383"",""1ca34094-ee4d-5962-a78a-174d361a9cd3"",""7edb0577-da07-5c6f-8391-bb90e9822165"",""d7c5d484-54dc-5d1e-a3ac-65d60267a12c"",""f416cc8b-3bc2-5c4c-a91c-c56faf748684""]",,04fa454c-9c9b-4b1f-a03c-db98689a1472,True,,[],UP,M6-evaluator-v1,f8edaecf-8020-4564-bbf4-42b31ddc5d7a,c68f6332-f200-5595-940d-e5bcad78f1fe,True,9,,A,Protected scaffold/allowlist and effective access routes against intact control; other semantic doubt stays open,True,2026-10-07T03:08:01.187827Z,automatic,1,972066a9-40db-412d-b51a-dd1bcb10681b,7cd402ff-ad21-43c9-af63-6dd50d569082,1,explicit per metric; exact fractions and decimal display,,M6-evaluator-v1,observed,binary,1,decimal,A
M7-analysis-v5,2394b234-0bc9-5e4f-b3e2-b83fed46e68b,1,5e0fbfc05fae86466156411ca5406afbafd0bf52c6a8714a5a061a4369bcd6c8,C-UP-1,HUMAN-REVIEW-10ad0b1a-16b3-4662-942d-c605387f9611,6e384094-5003-4057-8676-cb4b86083303,5e0fbfc05fae86466156411ca5406afbafd0bf52c6a8714a5a061a4369bcd6c8,7791dd06-3334-4728-9e0e-00670d508255,8c6cccdc-37a3-46ac-82a5-a22d1d69000f,f8edaecf-8020-4564-bbf4-42b31ddc5d7a,2d9849af-4973-4fd8-a822-d8a60e17e5f5,81de6e6f-7d67-40af-b2be-f629e89085ed,completed,697a8773c39d3aeb811def2802fdfd50db20dd75d55c50f4e8cf44982a79f651,8e15ece0-8ea4-4d53-b1a9-80d5a0796af7,K1,2026-10-07T03:26:46.808457Z,T3,dbb63e68d4ed9e904fa985aa5b88d674205b6caab086a8d981ac8918a9c68fb5,empirical,"[""4afc763c-033e-501c-9c9c-453207d31e62"",""1fed9611-d0cc-51e5-86e7-4ba237c836a2"",""0e4d4039-5409-5be7-a300-ded85e9c22d7"",""1c4afc6f-6679-57b7-ab6b-cec3053e85a1"",""76216ff6-0dab-5f43-913f-741c2deb7596"",""fe7c5fea-171a-5d3e-b93c-b9d53dca7c67"",""784c942d-b222-5013-a2e4-de4aa477a143"",""2f2d84f4-6f41-5df7-a828-cc0a3d9cdddf"",""c68f6332-f200-5595-940d-e5bcad78f1fe"",""54c3aba8-cb42-5023-9591-5cdd68bdd7c5"",""b9ac296e-4c6c-5cdc-9e03-14868c124af2"",""022ddff9-4332-5ba5-b884-42537f220a0c"",""0d262496-18e1-5973-84a6-84fbda64d0ff"",""447860c8-1d56-518b-88ad-7e103990b756"",""616ecfda-7163-5a8d-ba60-01f623d8b124"",""656bacfc-b102-5379-8db2-2f9f127621e0"",""88f2e658-6155-5924-bc85-63fe2aabb08a"",""9f032fb3-90ca-5749-aff5-1065077ac10e"",""4d2e4005-a84b-525b-a492-d367c5e405d0"",""12b20e20-e117-5c00-83bc-e589b92b730e"",""e97a5398-37b9-5e89-91a9-9b3ae48d9534"",""7a8f92c5-5f85-593a-bf90-08e13c60a2e6"",""aa66f5e3-ac0e-57d6-9b69-aa54ea7c4fb9"",""d07b7490-853e-562b-b662-305e89e7718d"",""596c0800-372d-5056-8a35-9f8661656bf4"",""d08816e6-d4d6-5f35-9de3-d86528fa7a96"",""2e126757-f17e-5ee2-93db-94d31ed944b2"",""5e1af4e2-330f-563f-b639-2d3cd8d276c8"",""49cd1889-2a56-5913-8723-929335f68874"",""82b898ba-3b6d-567f-8996-4f259b74547e"",""d38eb7d2-e78b-5c2f-93e4-2e34846e80e6"",""33effc64-dcfe-5ced-badf-c4df49f68dc1"",""a3a03b99-34c0-504b-b529-32b798db318a"",""8b3ec7b0-123f-5597-95f7-1fafc5810d01"",""035c5442-19b8-5a84-8a59-b352a9660279"",""d6d45010-72fa-5741-b733-88958a8795d2"",""ab8215e5-b753-5a6a-a4e7-ad9caf42eeac"",""1b20061c-b208-551a-b06c-81ffeff623fc"",""9b6d0913-2ae6-5dab-ab36-d05e1c51b208"",""a27c1fb2-edc1-57e6-9d74-adb5a13fed3b"",""4696448b-8c21-591b-80cc-7344ea0b95ec"",""c1d75a33-928c-5636-b99c-def1fb29e0f5"",""61eebfb6-2555-5bce-ba71-7a750427392a"",""aba074a1-d451-595d-bc12-e257adbe7383"",""1ca34094-ee4d-5962-a78a-174d361a9cd3"",""7edb0577-da07-5c6f-8391-bb90e9822165"",""d7c5d484-54dc-5d1e-a3ac-65d60267a12c"",""f416cc8b-3bc2-5c4c-a91c-c56faf748684""]",resources/views/study/upload.blade.php,3a6d7f2e-69a8-46cd-b80b-864d2ab6ea92,True,10-17,[],UP,Noah Fiedler,f8edaecf-8020-4564-bbf4-42b31ddc5d7a,54c3aba8-cb42-5023-9591-5cdd68bdd7c5,True,10,d226645c-9fac-451f-a899-dfd721c9f58c,A,"Sämtliche GET- und POST-Antwortpfade verwenden die View study.upload. Das zugehörige Blade enthält das Multipart-Formular mit Datei-Feld, CSRF-Token und Upload-Aktionsfeld. Es rendert außerdem Status und bei Erfolg den relativen Dateipfad; damit entstehen auch Fehler- und Erfolgsrückmeldungen über Blade.",True,2026-10-07T03:26:46.808450Z,human,2,972066a9-40db-412d-b51a-dd1bcb10681b,6852f6bd-ec09-4aa3-98a6-6aa6065e725e,1,explicit per metric; exact fractions and decimal display,,Menschliche lokale Selbstauskunft,observed,binary,1,decimal,A
M7-analysis-v5,2394b234-0bc9-5e4f-b3e2-b83fed46e68b,1,5e0fbfc05fae86466156411ca5406afbafd0bf52c6a8714a5a061a4369bcd6c8,C-UP-1,HUMAN-REVIEW-761f9b17-665b-4c23-baa4-57fb808a27a8,185694b1-19b2-42db-ab76-837a7534fa11,5e0fbfc05fae86466156411ca5406afbafd0bf52c6a8714a5a061a4369bcd6c8,7791dd06-3334-4728-9e0e-00670d508255,8c6cccdc-37a3-46ac-82a5-a22d1d69000f,f8edaecf-8020-4564-bbf4-42b31ddc5d7a,2d9849af-4973-4fd8-a822-d8a60e17e5f5,81de6e6f-7d67-40af-b2be-f629e89085ed,completed,697a8773c39d3aeb811def2802fdfd50db20dd75d55c50f4e8cf44982a79f651,8e15ece0-8ea4-4d53-b1a9-80d5a0796af7,K1,2026-10-07T03:27:11.750907Z,T4,dbb63e68d4ed9e904fa985aa5b88d674205b6caab086a8d981ac8918a9c68fb5,empirical,"[""4afc763c-033e-501c-9c9c-453207d31e62"",""1fed9611-d0cc-51e5-86e7-4ba237c836a2"",""0e4d4039-5409-5be7-a300-ded85e9c22d7"",""1c4afc6f-6679-57b7-ab6b-cec3053e85a1"",""76216ff6-0dab-5f43-913f-741c2deb7596"",""fe7c5fea-171a-5d3e-b93c-b9d53dca7c67"",""784c942d-b222-5013-a2e4-de4aa477a143"",""2f2d84f4-6f41-5df7-a828-cc0a3d9cdddf"",""c68f6332-f200-5595-940d-e5bcad78f1fe"",""54c3aba8-cb42-5023-9591-5cdd68bdd7c5"",""b9ac296e-4c6c-5cdc-9e03-14868c124af2"",""022ddff9-4332-5ba5-b884-42537f220a0c"",""0d262496-18e1-5973-84a6-84fbda64d0ff"",""447860c8-1d56-518b-88ad-7e103990b756"",""616ecfda-7163-5a8d-ba60-01f623d8b124"",""656bacfc-b102-5379-8db2-2f9f127621e0"",""88f2e658-6155-5924-bc85-63fe2aabb08a"",""9f032fb3-90ca-5749-aff5-1065077ac10e"",""4d2e4005-a84b-525b-a492-d367c5e405d0"",""12b20e20-e117-5c00-83bc-e589b92b730e"",""e97a5398-37b9-5e89-91a9-9b3ae48d9534"",""7a8f92c5-5f85-593a-bf90-08e13c60a2e6"",""aa66f5e3-ac0e-57d6-9b69-aa54ea7c4fb9"",""d07b7490-853e-562b-b662-305e89e7718d"",""596c0800-372d-5056-8a35-9f8661656bf4"",""d08816e6-d4d6-5f35-9de3-d86528fa7a96"",""2e126757-f17e-5ee2-93db-94d31ed944b2"",""5e1af4e2-330f-563f-b639-2d3cd8d276c8"",""49cd1889-2a56-5913-8723-929335f68874"",""82b898ba-3b6d-567f-8996-4f259b74547e"",""d38eb7d2-e78b-5c2f-93e4-2e34846e80e6"",""33effc64-dcfe-5ced-badf-c4df49f68dc1"",""a3a03b99-34c0-504b-b529-32b798db318a"",""8b3ec7b0-123f-5597-95f7-1fafc5810d01"",""035c5442-19b8-5a84-8a59-b352a9660279"",""d6d45010-72fa-5741-b733-88958a8795d2"",""ab8215e5-b753-5a6a-a4e7-ad9caf42eeac"",""1b20061c-b208-551a-b06c-81ffeff623fc"",""9b6d0913-2ae6-5dab-ab36-d05e1c51b208"",""a27c1fb2-edc1-57e6-9d74-adb5a13fed3b"",""4696448b-8c21-591b-80cc-7344ea0b95ec"",""c1d75a33-928c-5636-b99c-def1fb29e0f5"",""61eebfb6-2555-5bce-ba71-7a750427392a"",""aba074a1-d451-595d-bc12-e257adbe7383"",""1ca34094-ee4d-5962-a78a-174d361a9cd3"",""7edb0577-da07-5c6f-8391-bb90e9822165"",""d7c5d484-54dc-5d1e-a3ac-65d60267a12c"",""f416cc8b-3bc2-5c4c-a91c-c56faf748684""]",app/Http/Controllers/Study/UploadController.php,a0e73bb0-2ad6-4f73-a0f4-f5608e58f954,True,26-78,"[""d3dbb777-e052-4153-b4f4-706a0c0eacb2""]",UP,Noah Fiedler,f8edaecf-8020-4564-bbf4-42b31ddc5d7a,54c3aba8-cb42-5023-9591-5cdd68bdd7c5,True,10,17fa4f36-34f7-4961-bab8-313901952636,A,"Der Code nimmt uploaded mit Laravel Request::file() entgegen, liest die übertragenen Bytes und speichert sie über Storage::disk('study_uploads')->put(...). Die Disk ist korrekt auf storage/app/study/uploads konfiguriert; der Erfolgspfad wird als study/uploads/<Originalbasisname> erzeugt.",True,2026-10-07T03:27:11.750901Z,human,2,972066a9-40db-412d-b51a-dd1bcb10681b,6852f6bd-ec09-4aa3-98a6-6aa6065e725e,1,explicit per metric; exact fractions and decimal display,,Menschliche lokale Selbstauskunft,observed,binary,1,decimal,A
M7-analysis-v5,2394b234-0bc9-5e4f-b3e2-b83fed46e68b,1,5e0fbfc05fae86466156411ca5406afbafd0bf52c6a8714a5a061a4369bcd6c8,C-UP-1,HUMAN-REVIEW-f2696f64-5faf-4bb6-a23e-c626a9ff45f4,185694b1-19b2-42db-ab76-837a7534fa11,5e0fbfc05fae86466156411ca5406afbafd0bf52c6a8714a5a061a4369bcd6c8,7791dd06-3334-4728-9e0e-00670d508255,8c6cccdc-37a3-46ac-82a5-a22d1d69000f,f8edaecf-8020-4564-bbf4-42b31ddc5d7a,2d9849af-4973-4fd8-a822-d8a60e17e5f5,81de6e6f-7d67-40af-b2be-f629e89085ed,completed,697a8773c39d3aeb811def2802fdfd50db20dd75d55c50f4e8cf44982a79f651,8e15ece0-8ea4-4d53-b1a9-80d5a0796af7,K1,2026-10-07T03:26:28.667764Z,T2,dbb63e68d4ed9e904fa985aa5b88d674205b6caab086a8d981ac8918a9c68fb5,empirical,"[""4afc763c-033e-501c-9c9c-453207d31e62"",""1fed9611-d0cc-51e5-86e7-4ba237c836a2"",""0e4d4039-5409-5be7-a300-ded85e9c22d7"",""1c4afc6f-6679-57b7-ab6b-cec3053e85a1"",""76216ff6-0dab-5f43-913f-741c2deb7596"",""fe7c5fea-171a-5d3e-b93c-b9d53dca7c67"",""784c942d-b222-5013-a2e4-de4aa477a143"",""2f2d84f4-6f41-5df7-a828-cc0a3d9cdddf"",""c68f6332-f200-5595-940d-e5bcad78f1fe"",""54c3aba8-cb42-5023-9591-5cdd68bdd7c5"",""b9ac296e-4c6c-5cdc-9e03-14868c124af2"",""022ddff9-4332-5ba5-b884-42537f220a0c"",""0d262496-18e1-5973-84a6-84fbda64d0ff"",""447860c8-1d56-518b-88ad-7e103990b756"",""616ecfda-7163-5a8d-ba60-01f623d8b124"",""656bacfc-b102-5379-8db2-2f9f127621e0"",""88f2e658-6155-5924-bc85-63fe2aabb08a"",""9f032fb3-90ca-5749-aff5-1065077ac10e"",""4d2e4005-a84b-525b-a492-d367c5e405d0"",""12b20e20-e117-5c00-83bc-e589b92b730e"",""e97a5398-37b9-5e89-91a9-9b3ae48d9534"",""7a8f92c5-5f85-593a-bf90-08e13c60a2e6"",""aa66f5e3-ac0e-57d6-9b69-aa54ea7c4fb9"",""d07b7490-853e-562b-b662-305e89e7718d"",""596c0800-372d-5056-8a35-9f8661656bf4"",""d08816e6-d4d6-5f35-9de3-d86528fa7a96"",""2e126757-f17e-5ee2-93db-94d31ed944b2"",""5e1af4e2-330f-563f-b639-2d3cd8d276c8"",""49cd1889-2a56-5913-8723-929335f68874"",""82b898ba-3b6d-567f-8996-4f259b74547e"",""d38eb7d2-e78b-5c2f-93e4-2e34846e80e6"",""33effc64-dcfe-5ced-badf-c4df49f68dc1"",""a3a03b99-34c0-504b-b529-32b798db318a"",""8b3ec7b0-123f-5597-95f7-1fafc5810d01"",""035c5442-19b8-5a84-8a59-b352a9660279"",""d6d45010-72fa-5741-b733-88958a8795d2"",""ab8215e5-b753-5a6a-a4e7-ad9caf42eeac"",""1b20061c-b208-551a-b06c-81ffeff623fc"",""9b6d0913-2ae6-5dab-ab36-d05e1c51b208"",""a27c1fb2-edc1-57e6-9d74-adb5a13fed3b"",""4696448b-8c21-591b-80cc-7344ea0b95ec"",""c1d75a33-928c-5636-b99c-def1fb29e0f5"",""61eebfb6-2555-5bce-ba71-7a750427392a"",""aba074a1-d451-595d-bc12-e257adbe7383"",""1ca34094-ee4d-5962-a78a-174d361a9cd3"",""7edb0577-da07-5c6f-8391-bb90e9822165"",""d7c5d484-54dc-5d1e-a3ac-65d60267a12c"",""f416cc8b-3bc2-5c4c-a91c-c56faf748684""]",app/Http/Controllers/Study/UploadController.php,def3cc18-f431-45e5-a9f9-9e8079554cc9,True,15-78,[],UP,Noah Fiedler,f8edaecf-8020-4564-bbf4-42b31ddc5d7a,54c3aba8-cb42-5023-9591-5cdd68bdd7c5,True,10,c0ede912-c832-4143-b817-f173a5bc38a2,A,GET und POST für /study/upload sind jeweils einer Methode von UploadController zugeordnet. show() ruft die Blade-Antwort auf; store() prüft die POST-Aktion und verarbeitet die hochgeladene Datei selbst über den Laravel-Request. Es gibt keinen erkennbaren Aufruf eines ausführbaren Legacy-Skripts.,True,2026-10-07T03:26:28.667755Z,human,2,972066a9-40db-412d-b51a-dd1bcb10681b,6852f6bd-ec09-4aa3-98a6-6aa6065e725e,1,explicit per metric; exact fractions and decimal display,,Menschliche lokale Selbstauskunft,observed,binary,1,decimal,A
M7-analysis-v5,2394b234-0bc9-5e4f-b3e2-b83fed46e68b,1,5e0fbfc05fae86466156411ca5406afbafd0bf52c6a8714a5a061a4369bcd6c8,C-UP-1,M6-T1-68ce9b3e-ff2f-4f9c-89e9-eba46d5c86f9,f7ad28cb-5d89-41f7-a48a-b28a06c08897,5e0fbfc05fae86466156411ca5406afbafd0bf52c6a8714a5a061a4369bcd6c8,7791dd06-3334-4728-9e0e-00670d508255,8c6cccdc-37a3-46ac-82a5-a22d1d69000f,f8edaecf-8020-4564-bbf4-42b31ddc5d7a,2d9849af-4973-4fd8-a822-d8a60e17e5f5,81de6e6f-7d67-40af-b2be-f629e89085ed,completed,697a8773c39d3aeb811def2802fdfd50db20dd75d55c50f4e8cf44982a79f651,8e15ece0-8ea4-4d53-b1a9-80d5a0796af7,K1,2026-10-07T03:23:04.847848Z,T1,dbb63e68d4ed9e904fa985aa5b88d674205b6caab086a8d981ac8918a9c68fb5,empirical,"[""4afc763c-033e-501c-9c9c-453207d31e62"",""1fed9611-d0cc-51e5-86e7-4ba237c836a2"",""0e4d4039-5409-5be7-a300-ded85e9c22d7"",""1c4afc6f-6679-57b7-ab6b-cec3053e85a1"",""76216ff6-0dab-5f43-913f-741c2deb7596"",""fe7c5fea-171a-5d3e-b93c-b9d53dca7c67"",""784c942d-b222-5013-a2e4-de4aa477a143"",""2f2d84f4-6f41-5df7-a828-cc0a3d9cdddf"",""c68f6332-f200-5595-940d-e5bcad78f1fe"",""54c3aba8-cb42-5023-9591-5cdd68bdd7c5"",""b9ac296e-4c6c-5cdc-9e03-14868c124af2"",""022ddff9-4332-5ba5-b884-42537f220a0c"",""0d262496-18e1-5973-84a6-84fbda64d0ff"",""447860c8-1d56-518b-88ad-7e103990b756"",""616ecfda-7163-5a8d-ba60-01f623d8b124"",""656bacfc-b102-5379-8db2-2f9f127621e0"",""88f2e658-6155-5924-bc85-63fe2aabb08a"",""9f032fb3-90ca-5749-aff5-1065077ac10e"",""4d2e4005-a84b-525b-a492-d367c5e405d0"",""12b20e20-e117-5c00-83bc-e589b92b730e"",""e97a5398-37b9-5e89-91a9-9b3ae48d9534"",""7a8f92c5-5f85-593a-bf90-08e13c60a2e6"",""aa66f5e3-ac0e-57d6-9b69-aa54ea7c4fb9"",""d07b7490-853e-562b-b662-305e89e7718d"",""596c0800-372d-5056-8a35-9f8661656bf4"",""d08816e6-d4d6-5f35-9de3-d86528fa7a96"",""2e126757-f17e-5ee2-93db-94d31ed944b2"",""5e1af4e2-330f-563f-b639-2d3cd8d276c8"",""49cd1889-2a56-5913-8723-929335f68874"",""82b898ba-3b6d-567f-8996-4f259b74547e"",""d38eb7d2-e78b-5c2f-93e4-2e34846e80e6"",""33effc64-dcfe-5ced-badf-c4df49f68dc1"",""a3a03b99-34c0-504b-b529-32b798db318a"",""8b3ec7b0-123f-5597-95f7-1fafc5810d01"",""035c5442-19b8-5a84-8a59-b352a9660279"",""d6d45010-72fa-5741-b733-88958a8795d2"",""ab8215e5-b753-5a6a-a4e7-ad9caf42eeac"",""1b20061c-b208-551a-b06c-81ffeff623fc"",""9b6d0913-2ae6-5dab-ab36-d05e1c51b208"",""a27c1fb2-edc1-57e6-9d74-adb5a13fed3b"",""4696448b-8c21-591b-80cc-7344ea0b95ec"",""c1d75a33-928c-5636-b99c-def1fb29e0f5"",""61eebfb6-2555-5bce-ba71-7a750427392a"",""aba074a1-d451-595d-bc12-e257adbe7383"",""1ca34094-ee4d-5962-a78a-174d361a9cd3"",""7edb0577-da07-5c6f-8391-bb90e9822165"",""d7c5d484-54dc-5d1e-a3ac-65d60267a12c"",""f416cc8b-3bc2-5c4c-a91c-c56faf748684""]",,9302dfcd-b166-4e5b-b7fa-f9e2f1f840f0,True,,[],UP,M6-evaluator-v1,f8edaecf-8020-4564-bbf4-42b31ddc5d7a,54c3aba8-cb42-5023-9591-5cdd68bdd7c5,True,10,,A,Native syntax/boot plus independent intact scaffold control,True,2026-10-07T03:23:04.847837Z,automatic,1,972066a9-40db-412d-b51a-dd1bcb10681b,6852f6bd-ec09-4aa3-98a6-6aa6065e725e,1,explicit per metric; exact fractions and decimal display,,M6-evaluator-v1,observed,binary,1,decimal,A
M7-analysis-v5,2394b234-0bc9-5e4f-b3e2-b83fed46e68b,1,5e0fbfc05fae86466156411ca5406afbafd0bf52c6a8714a5a061a4369bcd6c8,C-UP-1,M6-T5-21de5769-f3d1-4068-abb0-7613525d81e8,58ec8aef-486e-4221-9e66-202c2a3ce10a,5e0fbfc05fae86466156411ca5406afbafd0bf52c6a8714a5a061a4369bcd6c8,7791dd06-3334-4728-9e0e-00670d508255,8c6cccdc-37a3-46ac-82a5-a22d1d69000f,f8edaecf-8020-4564-bbf4-42b31ddc5d7a,2d9849af-4973-4fd8-a822-d8a60e17e5f5,81de6e6f-7d67-40af-b2be-f629e89085ed,completed,697a8773c39d3aeb811def2802fdfd50db20dd75d55c50f4e8cf44982a79f651,8e15ece0-8ea4-4d53-b1a9-80d5a0796af7,K1,2026-10-07T03:23:04.851289Z,T5,dbb63e68d4ed9e904fa985aa5b88d674205b6caab086a8d981ac8918a9c68fb5,empirical,"[""4afc763c-033e-501c-9c9c-453207d31e62"",""1fed9611-d0cc-51e5-86e7-4ba237c836a2"",""0e4d4039-5409-5be7-a300-ded85e9c22d7"",""1c4afc6f-6679-57b7-ab6b-cec3053e85a1"",""76216ff6-0dab-5f43-913f-741c2deb7596"",""fe7c5fea-171a-5d3e-b93c-b9d53dca7c67"",""784c942d-b222-5013-a2e4-de4aa477a143"",""2f2d84f4-6f41-5df7-a828-cc0a3d9cdddf"",""c68f6332-f200-5595-940d-e5bcad78f1fe"",""54c3aba8-cb42-5023-9591-5cdd68bdd7c5"",""b9ac296e-4c6c-5cdc-9e03-14868c124af2"",""022ddff9-4332-5ba5-b884-42537f220a0c"",""0d262496-18e1-5973-84a6-84fbda64d0ff"",""447860c8-1d56-518b-88ad-7e103990b756"",""616ecfda-7163-5a8d-ba60-01f623d8b124"",""656bacfc-b102-5379-8db2-2f9f127621e0"",""88f2e658-6155-5924-bc85-63fe2aabb08a"",""9f032fb3-90ca-5749-aff5-1065077ac10e"",""4d2e4005-a84b-525b-a492-d367c5e405d0"",""12b20e20-e117-5c00-83bc-e589b92b730e"",""e97a5398-37b9-5e89-91a9-9b3ae48d9534"",""7a8f92c5-5f85-593a-bf90-08e13c60a2e6"",""aa66f5e3-ac0e-57d6-9b69-aa54ea7c4fb9"",""d07b7490-853e-562b-b662-305e89e7718d"",""596c0800-372d-5056-8a35-9f8661656bf4"",""d08816e6-d4d6-5f35-9de3-d86528fa7a96"",""2e126757-f17e-5ee2-93db-94d31ed944b2"",""5e1af4e2-330f-563f-b639-2d3cd8d276c8"",""49cd1889-2a56-5913-8723-929335f68874"",""82b898ba-3b6d-567f-8996-4f259b74547e"",""d38eb7d2-e78b-5c2f-93e4-2e34846e80e6"",""33effc64-dcfe-5ced-badf-c4df49f68dc1"",""a3a03b99-34c0-504b-b529-32b798db318a"",""8b3ec7b0-123f-5597-95f7-1fafc5810d01"",""035c5442-19b8-5a84-8a59-b352a9660279"",""d6d45010-72fa-5741-b733-88958a8795d2"",""ab8215e5-b753-5a6a-a4e7-ad9caf42eeac"",""1b20061c-b208-551a-b06c-81ffeff623fc"",""9b6d0913-2ae6-5dab-ab36-d05e1c51b208"",""a27c1fb2-edc1-57e6-9d74-adb5a13fed3b"",""4696448b-8c21-591b-80cc-7344ea0b95ec"",""c1d75a33-928c-5636-b99c-def1fb29e0f5"",""61eebfb6-2555-5bce-ba71-7a750427392a"",""aba074a1-d451-595d-bc12-e257adbe7383"",""1ca34094-ee4d-5962-a78a-174d361a9cd3"",""7edb0577-da07-5c6f-8391-bb90e9822165"",""d7c5d484-54dc-5d1e-a3ac-65d60267a12c"",""f416cc8b-3bc2-5c4c-a91c-c56faf748684""]",,d98030e2-95bf-4128-8fbe-7c8abe02857d,True,,[],UP,M6-evaluator-v1,f8edaecf-8020-4564-bbf4-42b31ddc5d7a,54c3aba8-cb42-5023-9591-5cdd68bdd7c5,True,10,,A,Protected scaffold/allowlist and effective access routes against intact control; other semantic doubt stays open,True,2026-10-07T03:23:04.851284Z,automatic,1,972066a9-40db-412d-b51a-dd1bcb10681b,6852f6bd-ec09-4aa3-98a6-6aa6065e725e,1,explicit per metric; exact fractions and decimal display,,M6-evaluator-v1,observed,binary,1,decimal,A
M7-analysis-v5,2394b234-0bc9-5e4f-b3e2-b83fed46e68b,1,24d26c51c32d9d069e0f68dab3c127eac8f1396112f5cbbbbecc9384af7c0a0e,E-BB,HUMAN-REVIEW-1b9debe3-4003-4074-a11a-e196e2ea0939,9251f08f-c865-4097-b889-b3fa1b38c15f,24d26c51c32d9d069e0f68dab3c127eac8f1396112f5cbbbbecc9384af7c0a0e,e3d79b7c-2383-47b4-a590-19cfe0864f31,8c6cccdc-37a3-46ac-82a5-a22d1d69000f,f8edaecf-8020-4564-bbf4-42b31ddc5d7a,2d9849af-4973-4fd8-a822-d8a60e17e5f5,81de6e6f-7d67-40af-b2be-f629e89085ed,completed,b26081b6041d83b27d357511d1cbaa4be007a74fd351a784a31834412284db93,26c9e1ce-c552-46f9-9d50-4cc6179591a3,K1,2026-10-07T03:53:52.435223Z,T4,dbb63e68d4ed9e904fa985aa5b88d674205b6caab086a8d981ac8918a9c68fb5,empirical,"[""4afc763c-033e-501c-9c9c-453207d31e62"",""1fed9611-d0cc-51e5-86e7-4ba237c836a2"",""0e4d4039-5409-5be7-a300-ded85e9c22d7"",""1c4afc6f-6679-57b7-ab6b-cec3053e85a1"",""76216ff6-0dab-5f43-913f-741c2deb7596"",""fe7c5fea-171a-5d3e-b93c-b9d53dca7c67"",""784c942d-b222-5013-a2e4-de4aa477a143"",""2f2d84f4-6f41-5df7-a828-cc0a3d9cdddf"",""c68f6332-f200-5595-940d-e5bcad78f1fe"",""54c3aba8-cb42-5023-9591-5cdd68bdd7c5"",""b9ac296e-4c6c-5cdc-9e03-14868c124af2"",""022ddff9-4332-5ba5-b884-42537f220a0c"",""0d262496-18e1-5973-84a6-84fbda64d0ff"",""447860c8-1d56-518b-88ad-7e103990b756"",""616ecfda-7163-5a8d-ba60-01f623d8b124"",""656bacfc-b102-5379-8db2-2f9f127621e0"",""88f2e658-6155-5924-bc85-63fe2aabb08a"",""9f032fb3-90ca-5749-aff5-1065077ac10e"",""4d2e4005-a84b-525b-a492-d367c5e405d0"",""12b20e20-e117-5c00-83bc-e589b92b730e"",""e97a5398-37b9-5e89-91a9-9b3ae48d9534"",""7a8f92c5-5f85-593a-bf90-08e13c60a2e6"",""aa66f5e3-ac0e-57d6-9b69-aa54ea7c4fb9"",""d07b7490-853e-562b-b662-305e89e7718d"",""596c0800-372d-5056-8a35-9f8661656bf4"",""d08816e6-d4d6-5f35-9de3-d86528fa7a96"",""2e126757-f17e-5ee2-93db-94d31ed944b2"",""5e1af4e2-330f-563f-b639-2d3cd8d276c8"",""49cd1889-2a56-5913-8723-929335f68874"",""82b898ba-3b6d-567f-8996-4f259b74547e"",""d38eb7d2-e78b-5c2f-93e4-2e34846e80e6"",""33effc64-dcfe-5ced-badf-c4df49f68dc1"",""a3a03b99-34c0-504b-b529-32b798db318a"",""8b3ec7b0-123f-5597-95f7-1fafc5810d01"",""035c5442-19b8-5a84-8a59-b352a9660279"",""d6d45010-72fa-5741-b733-88958a8795d2"",""ab8215e5-b753-5a6a-a4e7-ad9caf42eeac"",""1b20061c-b208-551a-b06c-81ffeff623fc"",""9b6d0913-2ae6-5dab-ab36-d05e1c51b208"",""a27c1fb2-edc1-57e6-9d74-adb5a13fed3b"",""4696448b-8c21-591b-80cc-7344ea0b95ec"",""c1d75a33-928c-5636-b99c-def1fb29e0f5"",""61eebfb6-2555-5bce-ba71-7a750427392a"",""aba074a1-d451-595d-bc12-e257adbe7383"",""1ca34094-ee4d-5962-a78a-174d361a9cd3"",""7edb0577-da07-5c6f-8391-bb90e9822165"",""d7c5d484-54dc-5d1e-a3ac-65d60267a12c"",""f416cc8b-3bc2-5c4c-a91c-c56faf748684""]",app/Http/Controllers/Study/StudySqlController.php,7461eadb-8925-40c6-b074-0f3ec7a13a4a,True,30-44,"[""daab1548-b338-4f7a-b78c-6294b5eab216""]",SQL,Noah Fiedler,f8edaecf-8020-4564-bbf4-42b31ddc5d7a,b9ac296e-4c6c-5cdc-9e03-14868c124af2,True,11,fac92016-f2a5-4bf0-9d4c-9441f4eb61fd,B,"Der Controller verwendet nach Validierung der ID den Laravel Query Builder: DB::table('users'), selektiert first_name und last_name, filtert nach user_id und übernimmt die Ergebnisfelder in die View (Z. 30–44). Die vorgesehene Tabelle und ihre Felder sind in users.sql, Z. 3–17, definiert; die Standardverbindung ist Laravel-MySQL (database.php, Z. 20, 47–66). Es gibt keine fest codierte Namensliste, eigene mysqli-/SQLite-Verbindung oder einen ersichtlichen Ersatzdatenpfad.",True,2026-10-07T03:53:52.435216Z,human,2,972066a9-40db-412d-b51a-dd1bcb10681b,1a969ddc-bdb7-406c-b5e7-fcbe76d7ef77,1,explicit per metric; exact fractions and decimal display,,Menschliche lokale Selbstauskunft,observed,binary,1,decimal,B
M7-analysis-v5,2394b234-0bc9-5e4f-b3e2-b83fed46e68b,1,24d26c51c32d9d069e0f68dab3c127eac8f1396112f5cbbbbecc9384af7c0a0e,E-BB,HUMAN-REVIEW-9d4c057b-05b5-4556-9dbb-edae5a06b7c2,9251f08f-c865-4097-b889-b3fa1b38c15f,24d26c51c32d9d069e0f68dab3c127eac8f1396112f5cbbbbecc9384af7c0a0e,e3d79b7c-2383-47b4-a590-19cfe0864f31,8c6cccdc-37a3-46ac-82a5-a22d1d69000f,f8edaecf-8020-4564-bbf4-42b31ddc5d7a,2d9849af-4973-4fd8-a822-d8a60e17e5f5,81de6e6f-7d67-40af-b2be-f629e89085ed,completed,b26081b6041d83b27d357511d1cbaa4be007a74fd351a784a31834412284db93,26c9e1ce-c552-46f9-9d50-4cc6179591a3,K1,2026-10-07T03:53:12.587039Z,T2,dbb63e68d4ed9e904fa985aa5b88d674205b6caab086a8d981ac8918a9c68fb5,empirical,"[""4afc763c-033e-501c-9c9c-453207d31e62"",""1fed9611-d0cc-51e5-86e7-4ba237c836a2"",""0e4d4039-5409-5be7-a300-ded85e9c22d7"",""1c4afc6f-6679-57b7-ab6b-cec3053e85a1"",""76216ff6-0dab-5f43-913f-741c2deb7596"",""fe7c5fea-171a-5d3e-b93c-b9d53dca7c67"",""784c942d-b222-5013-a2e4-de4aa477a143"",""2f2d84f4-6f41-5df7-a828-cc0a3d9cdddf"",""c68f6332-f200-5595-940d-e5bcad78f1fe"",""54c3aba8-cb42-5023-9591-5cdd68bdd7c5"",""b9ac296e-4c6c-5cdc-9e03-14868c124af2"",""022ddff9-4332-5ba5-b884-42537f220a0c"",""0d262496-18e1-5973-84a6-84fbda64d0ff"",""447860c8-1d56-518b-88ad-7e103990b756"",""616ecfda-7163-5a8d-ba60-01f623d8b124"",""656bacfc-b102-5379-8db2-2f9f127621e0"",""88f2e658-6155-5924-bc85-63fe2aabb08a"",""9f032fb3-90ca-5749-aff5-1065077ac10e"",""4d2e4005-a84b-525b-a492-d367c5e405d0"",""12b20e20-e117-5c00-83bc-e589b92b730e"",""e97a5398-37b9-5e89-91a9-9b3ae48d9534"",""7a8f92c5-5f85-593a-bf90-08e13c60a2e6"",""aa66f5e3-ac0e-57d6-9b69-aa54ea7c4fb9"",""d07b7490-853e-562b-b662-305e89e7718d"",""596c0800-372d-5056-8a35-9f8661656bf4"",""d08816e6-d4d6-5f35-9de3-d86528fa7a96"",""2e126757-f17e-5ee2-93db-94d31ed944b2"",""5e1af4e2-330f-563f-b639-2d3cd8d276c8"",""49cd1889-2a56-5913-8723-929335f68874"",""82b898ba-3b6d-567f-8996-4f259b74547e"",""d38eb7d2-e78b-5c2f-93e4-2e34846e80e6"",""33effc64-dcfe-5ced-badf-c4df49f68dc1"",""a3a03b99-34c0-504b-b529-32b798db318a"",""8b3ec7b0-123f-5597-95f7-1fafc5810d01"",""035c5442-19b8-5a84-8a59-b352a9660279"",""d6d45010-72fa-5741-b733-88958a8795d2"",""ab8215e5-b753-5a6a-a4e7-ad9caf42eeac"",""1b20061c-b208-551a-b06c-81ffeff623fc"",""9b6d0913-2ae6-5dab-ab36-d05e1c51b208"",""a27c1fb2-edc1-57e6-9d74-adb5a13fed3b"",""4696448b-8c21-591b-80cc-7344ea0b95ec"",""c1d75a33-928c-5636-b99c-def1fb29e0f5"",""61eebfb6-2555-5bce-ba71-7a750427392a"",""aba074a1-d451-595d-bc12-e257adbe7383"",""1ca34094-ee4d-5962-a78a-174d361a9cd3"",""7edb0577-da07-5c6f-8391-bb90e9822165"",""d7c5d484-54dc-5d1e-a3ac-65d60267a12c"",""f416cc8b-3bc2-5c4c-a91c-c56faf748684""]",app/Http/Controllers/Study/StudySqlController.php,634ec876-a0d2-4f30-a36a-35972a940c20,True,14-45,[],SQL,Noah Fiedler,f8edaecf-8020-4564-bbf4-42b31ddc5d7a,b9ac296e-4c6c-5cdc-9e03-14868c124af2,True,11,368c0ba1-f101-460e-b8a6-b81b01da5150,B,"Die Route verweist auf StudySqlController@index (study.php, Z. 6). Die Controller-Methode behandelt sowohl die Formularanzeige ohne Submit (Z. 16–20) als auch Eingabevalidierung, Datenabfrage und Ergebniszweige (Z. 22–45). Es gibt im untersuchten Pfad keine Legacy-Einbindung oder Ausführung eines externen PHP-Skripts.",True,2026-10-07T03:53:12.587029Z,human,2,972066a9-40db-412d-b51a-dd1bcb10681b,1a969ddc-bdb7-406c-b5e7-fcbe76d7ef77,1,explicit per metric; exact fractions and decimal display,,Menschliche lokale Selbstauskunft,observed,binary,1,decimal,B
M7-analysis-v5,2394b234-0bc9-5e4f-b3e2-b83fed46e68b,1,24d26c51c32d9d069e0f68dab3c127eac8f1396112f5cbbbbecc9384af7c0a0e,E-BB,HUMAN-REVIEW-b0ec299a-da87-4ffa-977b-aad4805c335a,e7643824-5d1a-4dfc-8777-5b5064bddf0e,24d26c51c32d9d069e0f68dab3c127eac8f1396112f5cbbbbecc9384af7c0a0e,e3d79b7c-2383-47b4-a590-19cfe0864f31,8c6cccdc-37a3-46ac-82a5-a22d1d69000f,f8edaecf-8020-4564-bbf4-42b31ddc5d7a,2d9849af-4973-4fd8-a822-d8a60e17e5f5,81de6e6f-7d67-40af-b2be-f629e89085ed,completed,b26081b6041d83b27d357511d1cbaa4be007a74fd351a784a31834412284db93,26c9e1ce-c552-46f9-9d50-4cc6179591a3,K1,2026-10-07T03:53:25.461299Z,T3,dbb63e68d4ed9e904fa985aa5b88d674205b6caab086a8d981ac8918a9c68fb5,empirical,"[""4afc763c-033e-501c-9c9c-453207d31e62"",""1fed9611-d0cc-51e5-86e7-4ba237c836a2"",""0e4d4039-5409-5be7-a300-ded85e9c22d7"",""1c4afc6f-6679-57b7-ab6b-cec3053e85a1"",""76216ff6-0dab-5f43-913f-741c2deb7596"",""fe7c5fea-171a-5d3e-b93c-b9d53dca7c67"",""784c942d-b222-5013-a2e4-de4aa477a143"",""2f2d84f4-6f41-5df7-a828-cc0a3d9cdddf"",""c68f6332-f200-5595-940d-e5bcad78f1fe"",""54c3aba8-cb42-5023-9591-5cdd68bdd7c5"",""b9ac296e-4c6c-5cdc-9e03-14868c124af2"",""022ddff9-4332-5ba5-b884-42537f220a0c"",""0d262496-18e1-5973-84a6-84fbda64d0ff"",""447860c8-1d56-518b-88ad-7e103990b756"",""616ecfda-7163-5a8d-ba60-01f623d8b124"",""656bacfc-b102-5379-8db2-2f9f127621e0"",""88f2e658-6155-5924-bc85-63fe2aabb08a"",""9f032fb3-90ca-5749-aff5-1065077ac10e"",""4d2e4005-a84b-525b-a492-d367c5e405d0"",""12b20e20-e117-5c00-83bc-e589b92b730e"",""e97a5398-37b9-5e89-91a9-9b3ae48d9534"",""7a8f92c5-5f85-593a-bf90-08e13c60a2e6"",""aa66f5e3-ac0e-57d6-9b69-aa54ea7c4fb9"",""d07b7490-853e-562b-b662-305e89e7718d"",""596c0800-372d-5056-8a35-9f8661656bf4"",""d08816e6-d4d6-5f35-9de3-d86528fa7a96"",""2e126757-f17e-5ee2-93db-94d31ed944b2"",""5e1af4e2-330f-563f-b639-2d3cd8d276c8"",""49cd1889-2a56-5913-8723-929335f68874"",""82b898ba-3b6d-567f-8996-4f259b74547e"",""d38eb7d2-e78b-5c2f-93e4-2e34846e80e6"",""33effc64-dcfe-5ced-badf-c4df49f68dc1"",""a3a03b99-34c0-504b-b529-32b798db318a"",""8b3ec7b0-123f-5597-95f7-1fafc5810d01"",""035c5442-19b8-5a84-8a59-b352a9660279"",""d6d45010-72fa-5741-b733-88958a8795d2"",""ab8215e5-b753-5a6a-a4e7-ad9caf42eeac"",""1b20061c-b208-551a-b06c-81ffeff623fc"",""9b6d0913-2ae6-5dab-ab36-d05e1c51b208"",""a27c1fb2-edc1-57e6-9d74-adb5a13fed3b"",""4696448b-8c21-591b-80cc-7344ea0b95ec"",""c1d75a33-928c-5636-b99c-def1fb29e0f5"",""61eebfb6-2555-5bce-ba71-7a750427392a"",""aba074a1-d451-595d-bc12-e257adbe7383"",""1ca34094-ee4d-5962-a78a-174d361a9cd3"",""7edb0577-da07-5c6f-8391-bb90e9822165"",""d7c5d484-54dc-5d1e-a3ac-65d60267a12c"",""f416cc8b-3bc2-5c4c-a91c-c56faf748684""]",resources/views/study/sqli.blade.php,747735f1-9a45-418c-bae2-34c757e8c70c,True,9-23,[],SQL,Noah Fiedler,f8edaecf-8020-4564-bbf4-42b31ddc5d7a,b9ac296e-4c6c-5cdc-9e03-14868c124af2,True,11,ba332108-1c92-4419-aeee-7d59548e9045,B,"Das Blade-Template enthält das GET-Formular einschließlich id und Submit (Z. 9–15). Es rendert den Status (Z. 17–18) und bei Erfolg Vor- und Nachname aus den Controllerdaten (Z. 19–22). Auch die Ausgabezweige für ungültige und unbekannte IDs werden im Controller über dieselbe Blade-View gerendert (StudySqlController.php, Z. 25–27, 36–38, 41–45).",True,2026-10-07T03:53:25.461290Z,human,2,972066a9-40db-412d-b51a-dd1bcb10681b,1a969ddc-bdb7-406c-b5e7-fcbe76d7ef77,1,explicit per metric; exact fractions and decimal display,,Menschliche lokale Selbstauskunft,observed,binary,1,decimal,B
M7-analysis-v5,2394b234-0bc9-5e4f-b3e2-b83fed46e68b,1,24d26c51c32d9d069e0f68dab3c127eac8f1396112f5cbbbbecc9384af7c0a0e,E-BB,M6-T1-0dbf5860-4480-4cb7-a37a-2576d1757118,558ad5d6-0bb6-41b2-b30e-047164704ca0,24d26c51c32d9d069e0f68dab3c127eac8f1396112f5cbbbbecc9384af7c0a0e,e3d79b7c-2383-47b4-a590-19cfe0864f31,8c6cccdc-37a3-46ac-82a5-a22d1d69000f,f8edaecf-8020-4564-bbf4-42b31ddc5d7a,2d9849af-4973-4fd8-a822-d8a60e17e5f5,81de6e6f-7d67-40af-b2be-f629e89085ed,completed,b26081b6041d83b27d357511d1cbaa4be007a74fd351a784a31834412284db93,26c9e1ce-c552-46f9-9d50-4cc6179591a3,K1,2026-10-07T03:50:10.404549Z,T1,dbb63e68d4ed9e904fa985aa5b88d674205b6caab086a8d981ac8918a9c68fb5,empirical,"[""4afc763c-033e-501c-9c9c-453207d31e62"",""1fed9611-d0cc-51e5-86e7-4ba237c836a2"",""0e4d4039-5409-5be7-a300-ded85e9c22d7"",""1c4afc6f-6679-57b7-ab6b-cec3053e85a1"",""76216ff6-0dab-5f43-913f-741c2deb7596"",""fe7c5fea-171a-5d3e-b93c-b9d53dca7c67"",""784c942d-b222-5013-a2e4-de4aa477a143"",""2f2d84f4-6f41-5df7-a828-cc0a3d9cdddf"",""c68f6332-f200-5595-940d-e5bcad78f1fe"",""54c3aba8-cb42-5023-9591-5cdd68bdd7c5"",""b9ac296e-4c6c-5cdc-9e03-14868c124af2"",""022ddff9-4332-5ba5-b884-42537f220a0c"",""0d262496-18e1-5973-84a6-84fbda64d0ff"",""447860c8-1d56-518b-88ad-7e103990b756"",""616ecfda-7163-5a8d-ba60-01f623d8b124"",""656bacfc-b102-5379-8db2-2f9f127621e0"",""88f2e658-6155-5924-bc85-63fe2aabb08a"",""9f032fb3-90ca-5749-aff5-1065077ac10e"",""4d2e4005-a84b-525b-a492-d367c5e405d0"",""12b20e20-e117-5c00-83bc-e589b92b730e"",""e97a5398-37b9-5e89-91a9-9b3ae48d9534"",""7a8f92c5-5f85-593a-bf90-08e13c60a2e6"",""aa66f5e3-ac0e-57d6-9b69-aa54ea7c4fb9"",""d07b7490-853e-562b-b662-305e89e7718d"",""596c0800-372d-5056-8a35-9f8661656bf4"",""d08816e6-d4d6-5f35-9de3-d86528fa7a96"",""2e126757-f17e-5ee2-93db-94d31ed944b2"",""5e1af4e2-330f-563f-b639-2d3cd8d276c8"",""49cd1889-2a56-5913-8723-929335f68874"",""82b898ba-3b6d-567f-8996-4f259b74547e"",""d38eb7d2-e78b-5c2f-93e4-2e34846e80e6"",""33effc64-dcfe-5ced-badf-c4df49f68dc1"",""a3a03b99-34c0-504b-b529-32b798db318a"",""8b3ec7b0-123f-5597-95f7-1fafc5810d01"",""035c5442-19b8-5a84-8a59-b352a9660279"",""d6d45010-72fa-5741-b733-88958a8795d2"",""ab8215e5-b753-5a6a-a4e7-ad9caf42eeac"",""1b20061c-b208-551a-b06c-81ffeff623fc"",""9b6d0913-2ae6-5dab-ab36-d05e1c51b208"",""a27c1fb2-edc1-57e6-9d74-adb5a13fed3b"",""4696448b-8c21-591b-80cc-7344ea0b95ec"",""c1d75a33-928c-5636-b99c-def1fb29e0f5"",""61eebfb6-2555-5bce-ba71-7a750427392a"",""aba074a1-d451-595d-bc12-e257adbe7383"",""1ca34094-ee4d-5962-a78a-174d361a9cd3"",""7edb0577-da07-5c6f-8391-bb90e9822165"",""d7c5d484-54dc-5d1e-a3ac-65d60267a12c"",""f416cc8b-3bc2-5c4c-a91c-c56faf748684""]",,4f8664cb-378e-4892-b153-0391a149dd31,True,,[],SQL,M6-evaluator-v1,f8edaecf-8020-4564-bbf4-42b31ddc5d7a,b9ac296e-4c6c-5cdc-9e03-14868c124af2,True,11,,B,Native syntax/boot plus independent intact scaffold control,True,2026-10-07T03:50:10.404532Z,automatic,1,972066a9-40db-412d-b51a-dd1bcb10681b,1a969ddc-bdb7-406c-b5e7-fcbe76d7ef77,1,explicit per metric; exact fractions and decimal display,,M6-evaluator-v1,observed,binary,1,decimal,B
M7-analysis-v5,2394b234-0bc9-5e4f-b3e2-b83fed46e68b,1,24d26c51c32d9d069e0f68dab3c127eac8f1396112f5cbbbbecc9384af7c0a0e,E-BB,M6-T5-6f643425-ef92-44d7-8bab-6a42b52ca99a,e5703d78-ac98-483a-8594-2c445eb193e3,24d26c51c32d9d069e0f68dab3c127eac8f1396112f5cbbbbecc9384af7c0a0e,e3d79b7c-2383-47b4-a590-19cfe0864f31,8c6cccdc-37a3-46ac-82a5-a22d1d69000f,f8edaecf-8020-4564-bbf4-42b31ddc5d7a,2d9849af-4973-4fd8-a822-d8a60e17e5f5,81de6e6f-7d67-40af-b2be-f629e89085ed,completed,b26081b6041d83b27d357511d1cbaa4be007a74fd351a784a31834412284db93,26c9e1ce-c552-46f9-9d50-4cc6179591a3,K1,2026-10-07T03:50:10.434331Z,T5,dbb63e68d4ed9e904fa985aa5b88d674205b6caab086a8d981ac8918a9c68fb5,empirical,"[""4afc763c-033e-501c-9c9c-453207d31e62"",""1fed9611-d0cc-51e5-86e7-4ba237c836a2"",""0e4d4039-5409-5be7-a300-ded85e9c22d7"",""1c4afc6f-6679-57b7-ab6b-cec3053e85a1"",""76216ff6-0dab-5f43-913f-741c2deb7596"",""fe7c5fea-171a-5d3e-b93c-b9d53dca7c67"",""784c942d-b222-5013-a2e4-de4aa477a143"",""2f2d84f4-6f41-5df7-a828-cc0a3d9cdddf"",""c68f6332-f200-5595-940d-e5bcad78f1fe"",""54c3aba8-cb42-5023-9591-5cdd68bdd7c5"",""b9ac296e-4c6c-5cdc-9e03-14868c124af2"",""022ddff9-4332-5ba5-b884-42537f220a0c"",""0d262496-18e1-5973-84a6-84fbda64d0ff"",""447860c8-1d56-518b-88ad-7e103990b756"",""616ecfda-7163-5a8d-ba60-01f623d8b124"",""656bacfc-b102-5379-8db2-2f9f127621e0"",""88f2e658-6155-5924-bc85-63fe2aabb08a"",""9f032fb3-90ca-5749-aff5-1065077ac10e"",""4d2e4005-a84b-525b-a492-d367c5e405d0"",""12b20e20-e117-5c00-83bc-e589b92b730e"",""e97a5398-37b9-5e89-91a9-9b3ae48d9534"",""7a8f92c5-5f85-593a-bf90-08e13c60a2e6"",""aa66f5e3-ac0e-57d6-9b69-aa54ea7c4fb9"",""d07b7490-853e-562b-b662-305e89e7718d"",""596c0800-372d-5056-8a35-9f8661656bf4"",""d08816e6-d4d6-5f35-9de3-d86528fa7a96"",""2e126757-f17e-5ee2-93db-94d31ed944b2"",""5e1af4e2-330f-563f-b639-2d3cd8d276c8"",""49cd1889-2a56-5913-8723-929335f68874"",""82b898ba-3b6d-567f-8996-4f259b74547e"",""d38eb7d2-e78b-5c2f-93e4-2e34846e80e6"",""33effc64-dcfe-5ced-badf-c4df49f68dc1"",""a3a03b99-34c0-504b-b529-32b798db318a"",""8b3ec7b0-123f-5597-95f7-1fafc5810d01"",""035c5442-19b8-5a84-8a59-b352a9660279"",""d6d45010-72fa-5741-b733-88958a8795d2"",""ab8215e5-b753-5a6a-a4e7-ad9caf42eeac"",""1b20061c-b208-551a-b06c-81ffeff623fc"",""9b6d0913-2ae6-5dab-ab36-d05e1c51b208"",""a27c1fb2-edc1-57e6-9d74-adb5a13fed3b"",""4696448b-8c21-591b-80cc-7344ea0b95ec"",""c1d75a33-928c-5636-b99c-def1fb29e0f5"",""61eebfb6-2555-5bce-ba71-7a750427392a"",""aba074a1-d451-595d-bc12-e257adbe7383"",""1ca34094-ee4d-5962-a78a-174d361a9cd3"",""7edb0577-da07-5c6f-8391-bb90e9822165"",""d7c5d484-54dc-5d1e-a3ac-65d60267a12c"",""f416cc8b-3bc2-5c4c-a91c-c56faf748684""]",,3bd0cb44-19f2-4fb9-874f-7e9dc254614b,True,,[],SQL,M6-evaluator-v1,f8edaecf-8020-4564-bbf4-42b31ddc5d7a,b9ac296e-4c6c-5cdc-9e03-14868c124af2,True,11,,B,Protected scaffold/allowlist and effective access routes against intact control; other semantic doubt stays open,True,2026-10-07T03:50:10.434324Z,automatic,1,972066a9-40db-412d-b51a-dd1bcb10681b,1a969ddc-bdb7-406c-b5e7-fcbe76d7ef77,1,explicit per metric; exact fractions and decimal display,,M6-evaluator-v1,observed,binary,1,decimal,B
M7-analysis-v5,2394b234-0bc9-5e4f-b3e2-b83fed46e68b,1,d209b611d531fdc1b61ed8a2e01309ae3145d8b93453a46e7586c90514390c53,C-SQL-1,HUMAN-REVIEW-580af49a-a1ee-44a2-9c40-efba045b4b93,8e6b86fb-8c91-4bf5-ba14-144e6ad427d3,d209b611d531fdc1b61ed8a2e01309ae3145d8b93453a46e7586c90514390c53,567dfb6b-cf20-48c2-b883-9c0d9b288dc1,8c6cccdc-37a3-46ac-82a5-a22d1d69000f,f8edaecf-8020-4564-bbf4-42b31ddc5d7a,2d9849af-4973-4fd8-a822-d8a60e17e5f5,81de6e6f-7d67-40af-b2be-f629e89085ed,completed,27b8151da86242809dca0369f6ae8205b3d9e19866f42442c95f91863350f15a,6f7f3a3c-8647-488b-b587-d1d430125ce9,K1,2026-10-07T04:06:27.879858Z,T4,dbb63e68d4ed9e904fa985aa5b88d674205b6caab086a8d981ac8918a9c68fb5,empirical,"[""4afc763c-033e-501c-9c9c-453207d31e62"",""1fed9611-d0cc-51e5-86e7-4ba237c836a2"",""0e4d4039-5409-5be7-a300-ded85e9c22d7"",""1c4afc6f-6679-57b7-ab6b-cec3053e85a1"",""76216ff6-0dab-5f43-913f-741c2deb7596"",""fe7c5fea-171a-5d3e-b93c-b9d53dca7c67"",""784c942d-b222-5013-a2e4-de4aa477a143"",""2f2d84f4-6f41-5df7-a828-cc0a3d9cdddf"",""c68f6332-f200-5595-940d-e5bcad78f1fe"",""54c3aba8-cb42-5023-9591-5cdd68bdd7c5"",""b9ac296e-4c6c-5cdc-9e03-14868c124af2"",""022ddff9-4332-5ba5-b884-42537f220a0c"",""0d262496-18e1-5973-84a6-84fbda64d0ff"",""447860c8-1d56-518b-88ad-7e103990b756"",""616ecfda-7163-5a8d-ba60-01f623d8b124"",""656bacfc-b102-5379-8db2-2f9f127621e0"",""88f2e658-6155-5924-bc85-63fe2aabb08a"",""9f032fb3-90ca-5749-aff5-1065077ac10e"",""4d2e4005-a84b-525b-a492-d367c5e405d0"",""12b20e20-e117-5c00-83bc-e589b92b730e"",""e97a5398-37b9-5e89-91a9-9b3ae48d9534"",""7a8f92c5-5f85-593a-bf90-08e13c60a2e6"",""aa66f5e3-ac0e-57d6-9b69-aa54ea7c4fb9"",""d07b7490-853e-562b-b662-305e89e7718d"",""596c0800-372d-5056-8a35-9f8661656bf4"",""d08816e6-d4d6-5f35-9de3-d86528fa7a96"",""2e126757-f17e-5ee2-93db-94d31ed944b2"",""5e1af4e2-330f-563f-b639-2d3cd8d276c8"",""49cd1889-2a56-5913-8723-929335f68874"",""82b898ba-3b6d-567f-8996-4f259b74547e"",""d38eb7d2-e78b-5c2f-93e4-2e34846e80e6"",""33effc64-dcfe-5ced-badf-c4df49f68dc1"",""a3a03b99-34c0-504b-b529-32b798db318a"",""8b3ec7b0-123f-5597-95f7-1fafc5810d01"",""035c5442-19b8-5a84-8a59-b352a9660279"",""d6d45010-72fa-5741-b733-88958a8795d2"",""ab8215e5-b753-5a6a-a4e7-ad9caf42eeac"",""1b20061c-b208-551a-b06c-81ffeff623fc"",""9b6d0913-2ae6-5dab-ab36-d05e1c51b208"",""a27c1fb2-edc1-57e6-9d74-adb5a13fed3b"",""4696448b-8c21-591b-80cc-7344ea0b95ec"",""c1d75a33-928c-5636-b99c-def1fb29e0f5"",""61eebfb6-2555-5bce-ba71-7a750427392a"",""aba074a1-d451-595d-bc12-e257adbe7383"",""1ca34094-ee4d-5962-a78a-174d361a9cd3"",""7edb0577-da07-5c6f-8391-bb90e9822165"",""d7c5d484-54dc-5d1e-a3ac-65d60267a12c"",""f416cc8b-3bc2-5c4c-a91c-c56faf748684""]",app/Http/Controllers/Study/SqlInjectionController.php,c72f8d60-8d8c-4e52-810d-1644d11ec219,True,28-34,"[""6e756970-63cc-4572-8eda-1273fdb7aadd""]",SQL,Noah Fiedler,f8edaecf-8020-4564-bbf4-42b31ddc5d7a,022ddff9-4332-5ba5-b884-42537f220a0c,True,12,c26bf7f6-c045-427b-8513-f964593ef403,A,"Der Code verwendet nachvollziehbar Laravels Query Builder auf der mysql-Verbindung, liest aus users gezielt first_name und last_name und übergibt genau dieses Abfrageergebnis an die View. Die referenzierte mysql-Verbindung ist in database.php: 47–67 definiert.",True,2026-10-07T04:06:27.879851Z,human,2,972066a9-40db-412d-b51a-dd1bcb10681b,a2d1e4bd-ae41-4f2b-8b92-9416f7ffb783,1,explicit per metric; exact fractions and decimal display,,Menschliche lokale Selbstauskunft,observed,binary,1,decimal,A
M7-analysis-v5,2394b234-0bc9-5e4f-b3e2-b83fed46e68b,1,d209b611d531fdc1b61ed8a2e01309ae3145d8b93453a46e7586c90514390c53,C-SQL-1,HUMAN-REVIEW-7e4fabb9-18dc-4f3f-8c12-d8dbdce6e76e,f9d377a1-f7f6-4284-9ea8-d733e4aecefa,d209b611d531fdc1b61ed8a2e01309ae3145d8b93453a46e7586c90514390c53,567dfb6b-cf20-48c2-b883-9c0d9b288dc1,8c6cccdc-37a3-46ac-82a5-a22d1d69000f,f8edaecf-8020-4564-bbf4-42b31ddc5d7a,2d9849af-4973-4fd8-a822-d8a60e17e5f5,81de6e6f-7d67-40af-b2be-f629e89085ed,completed,27b8151da86242809dca0369f6ae8205b3d9e19866f42442c95f91863350f15a,6f7f3a3c-8647-488b-b587-d1d430125ce9,K1,2026-10-07T04:06:01.038339Z,T3,dbb63e68d4ed9e904fa985aa5b88d674205b6caab086a8d981ac8918a9c68fb5,empirical,"[""4afc763c-033e-501c-9c9c-453207d31e62"",""1fed9611-d0cc-51e5-86e7-4ba237c836a2"",""0e4d4039-5409-5be7-a300-ded85e9c22d7"",""1c4afc6f-6679-57b7-ab6b-cec3053e85a1"",""76216ff6-0dab-5f43-913f-741c2deb7596"",""fe7c5fea-171a-5d3e-b93c-b9d53dca7c67"",""784c942d-b222-5013-a2e4-de4aa477a143"",""2f2d84f4-6f41-5df7-a828-cc0a3d9cdddf"",""c68f6332-f200-5595-940d-e5bcad78f1fe"",""54c3aba8-cb42-5023-9591-5cdd68bdd7c5"",""b9ac296e-4c6c-5cdc-9e03-14868c124af2"",""022ddff9-4332-5ba5-b884-42537f220a0c"",""0d262496-18e1-5973-84a6-84fbda64d0ff"",""447860c8-1d56-518b-88ad-7e103990b756"",""616ecfda-7163-5a8d-ba60-01f623d8b124"",""656bacfc-b102-5379-8db2-2f9f127621e0"",""88f2e658-6155-5924-bc85-63fe2aabb08a"",""9f032fb3-90ca-5749-aff5-1065077ac10e"",""4d2e4005-a84b-525b-a492-d367c5e405d0"",""12b20e20-e117-5c00-83bc-e589b92b730e"",""e97a5398-37b9-5e89-91a9-9b3ae48d9534"",""7a8f92c5-5f85-593a-bf90-08e13c60a2e6"",""aa66f5e3-ac0e-57d6-9b69-aa54ea7c4fb9"",""d07b7490-853e-562b-b662-305e89e7718d"",""596c0800-372d-5056-8a35-9f8661656bf4"",""d08816e6-d4d6-5f35-9de3-d86528fa7a96"",""2e126757-f17e-5ee2-93db-94d31ed944b2"",""5e1af4e2-330f-563f-b639-2d3cd8d276c8"",""49cd1889-2a56-5913-8723-929335f68874"",""82b898ba-3b6d-567f-8996-4f259b74547e"",""d38eb7d2-e78b-5c2f-93e4-2e34846e80e6"",""33effc64-dcfe-5ced-badf-c4df49f68dc1"",""a3a03b99-34c0-504b-b529-32b798db318a"",""8b3ec7b0-123f-5597-95f7-1fafc5810d01"",""035c5442-19b8-5a84-8a59-b352a9660279"",""d6d45010-72fa-5741-b733-88958a8795d2"",""ab8215e5-b753-5a6a-a4e7-ad9caf42eeac"",""1b20061c-b208-551a-b06c-81ffeff623fc"",""9b6d0913-2ae6-5dab-ab36-d05e1c51b208"",""a27c1fb2-edc1-57e6-9d74-adb5a13fed3b"",""4696448b-8c21-591b-80cc-7344ea0b95ec"",""c1d75a33-928c-5636-b99c-def1fb29e0f5"",""61eebfb6-2555-5bce-ba71-7a750427392a"",""aba074a1-d451-595d-bc12-e257adbe7383"",""1ca34094-ee4d-5962-a78a-174d361a9cd3"",""7edb0577-da07-5c6f-8391-bb90e9822165"",""d7c5d484-54dc-5d1e-a3ac-65d60267a12c"",""f416cc8b-3bc2-5c4c-a91c-c56faf748684""]",resources/views/study/sqli.blade.php,e2cedc6b-b308-4835-997d-4872c819b841,True,10-22,[],SQL,Noah Fiedler,f8edaecf-8020-4564-bbf4-42b31ddc5d7a,022ddff9-4332-5ba5-b884-42537f220a0c,True,12,97a107c2-9b86-4fe9-a2e3-66a7c7fff64f,A,"Die Controller-Hilfsmethode rendert für sämtliche Antwortzweige die View study.sqli (SqlInjectionController.php: 37–45). Die Blade-Datei enthält das GET-Formular (10–14), Statusausgabe für alle verarbeiteten Ergebnisse (16–17) und die Vor-/Nachnamensausgabe im Erfolgsfall (18–20). Leere oder ungültige Eingaben werden vom Controller als INPUT_ERROR ebenfalls über diese View dargestellt.",True,2026-10-07T04:06:01.038332Z,human,2,972066a9-40db-412d-b51a-dd1bcb10681b,a2d1e4bd-ae41-4f2b-8b92-9416f7ffb783,1,explicit per metric; exact fractions and decimal display,,Menschliche lokale Selbstauskunft,observed,binary,1,decimal,A
M7-analysis-v5,2394b234-0bc9-5e4f-b3e2-b83fed46e68b,1,d209b611d531fdc1b61ed8a2e01309ae3145d8b93453a46e7586c90514390c53,C-SQL-1,HUMAN-REVIEW-8997ff09-410d-4ec5-9da8-5680774d5b35,8e6b86fb-8c91-4bf5-ba14-144e6ad427d3,d209b611d531fdc1b61ed8a2e01309ae3145d8b93453a46e7586c90514390c53,567dfb6b-cf20-48c2-b883-9c0d9b288dc1,8c6cccdc-37a3-46ac-82a5-a22d1d69000f,f8edaecf-8020-4564-bbf4-42b31ddc5d7a,2d9849af-4973-4fd8-a822-d8a60e17e5f5,81de6e6f-7d67-40af-b2be-f629e89085ed,completed,27b8151da86242809dca0369f6ae8205b3d9e19866f42442c95f91863350f15a,6f7f3a3c-8647-488b-b587-d1d430125ce9,K1,2026-10-07T04:05:45.609421Z,T2,dbb63e68d4ed9e904fa985aa5b88d674205b6caab086a8d981ac8918a9c68fb5,empirical,"[""4afc763c-033e-501c-9c9c-453207d31e62"",""1fed9611-d0cc-51e5-86e7-4ba237c836a2"",""0e4d4039-5409-5be7-a300-ded85e9c22d7"",""1c4afc6f-6679-57b7-ab6b-cec3053e85a1"",""76216ff6-0dab-5f43-913f-741c2deb7596"",""fe7c5fea-171a-5d3e-b93c-b9d53dca7c67"",""784c942d-b222-5013-a2e4-de4aa477a143"",""2f2d84f4-6f41-5df7-a828-cc0a3d9cdddf"",""c68f6332-f200-5595-940d-e5bcad78f1fe"",""54c3aba8-cb42-5023-9591-5cdd68bdd7c5"",""b9ac296e-4c6c-5cdc-9e03-14868c124af2"",""022ddff9-4332-5ba5-b884-42537f220a0c"",""0d262496-18e1-5973-84a6-84fbda64d0ff"",""447860c8-1d56-518b-88ad-7e103990b756"",""616ecfda-7163-5a8d-ba60-01f623d8b124"",""656bacfc-b102-5379-8db2-2f9f127621e0"",""88f2e658-6155-5924-bc85-63fe2aabb08a"",""9f032fb3-90ca-5749-aff5-1065077ac10e"",""4d2e4005-a84b-525b-a492-d367c5e405d0"",""12b20e20-e117-5c00-83bc-e589b92b730e"",""e97a5398-37b9-5e89-91a9-9b3ae48d9534"",""7a8f92c5-5f85-593a-bf90-08e13c60a2e6"",""aa66f5e3-ac0e-57d6-9b69-aa54ea7c4fb9"",""d07b7490-853e-562b-b662-305e89e7718d"",""596c0800-372d-5056-8a35-9f8661656bf4"",""d08816e6-d4d6-5f35-9de3-d86528fa7a96"",""2e126757-f17e-5ee2-93db-94d31ed944b2"",""5e1af4e2-330f-563f-b639-2d3cd8d276c8"",""49cd1889-2a56-5913-8723-929335f68874"",""82b898ba-3b6d-567f-8996-4f259b74547e"",""d38eb7d2-e78b-5c2f-93e4-2e34846e80e6"",""33effc64-dcfe-5ced-badf-c4df49f68dc1"",""a3a03b99-34c0-504b-b529-32b798db318a"",""8b3ec7b0-123f-5597-95f7-1fafc5810d01"",""035c5442-19b8-5a84-8a59-b352a9660279"",""d6d45010-72fa-5741-b733-88958a8795d2"",""ab8215e5-b753-5a6a-a4e7-ad9caf42eeac"",""1b20061c-b208-551a-b06c-81ffeff623fc"",""9b6d0913-2ae6-5dab-ab36-d05e1c51b208"",""a27c1fb2-edc1-57e6-9d74-adb5a13fed3b"",""4696448b-8c21-591b-80cc-7344ea0b95ec"",""c1d75a33-928c-5636-b99c-def1fb29e0f5"",""61eebfb6-2555-5bce-ba71-7a750427392a"",""aba074a1-d451-595d-bc12-e257adbe7383"",""1ca34094-ee4d-5962-a78a-174d361a9cd3"",""7edb0577-da07-5c6f-8391-bb90e9822165"",""d7c5d484-54dc-5d1e-a3ac-65d60267a12c"",""f416cc8b-3bc2-5c4c-a91c-c56faf748684""]",app/Http/Controllers/Study/SqlInjectionController.php,9e25e4cd-3be1-4fc0-9c7d-4401e61ab207,True,12-34,[],SQL,Noah Fiedler,f8edaecf-8020-4564-bbf4-42b31ddc5d7a,022ddff9-4332-5ba5-b884-42537f220a0c,True,12,7df4ee8b-b7b7-453b-8464-82cfdfed88da,A,"Die GET-Route /study/sqli verweist auf SqlInjectionController::show (study.php: 6–7). Der Controller zeigt ohne Submit das Formular (14–16), verarbeitet bei Submit die id, behandelt leere bzw. ungültige Eingaben (18–26), führt die Abfrage aus (28–32) und erzeugt die Antwort (34). Es ist kein ausgelagertes oder eingebundenes Legacy-Skript im tatsächlich ausgeführten Pfad erkennbar.",True,2026-10-07T04:05:45.609413Z,human,2,972066a9-40db-412d-b51a-dd1bcb10681b,a2d1e4bd-ae41-4f2b-8b92-9416f7ffb783,1,explicit per metric; exact fractions and decimal display,,Menschliche lokale Selbstauskunft,observed,binary,1,decimal,A
M7-analysis-v5,2394b234-0bc9-5e4f-b3e2-b83fed46e68b,1,d209b611d531fdc1b61ed8a2e01309ae3145d8b93453a46e7586c90514390c53,C-SQL-1,M6-T1-f40e25b6-2b66-459f-995b-166711925169,5557d386-183b-412c-8604-6a837b84e0f7,d209b611d531fdc1b61ed8a2e01309ae3145d8b93453a46e7586c90514390c53,567dfb6b-cf20-48c2-b883-9c0d9b288dc1,8c6cccdc-37a3-46ac-82a5-a22d1d69000f,f8edaecf-8020-4564-bbf4-42b31ddc5d7a,2d9849af-4973-4fd8-a822-d8a60e17e5f5,81de6e6f-7d67-40af-b2be-f629e89085ed,completed,27b8151da86242809dca0369f6ae8205b3d9e19866f42442c95f91863350f15a,6f7f3a3c-8647-488b-b587-d1d430125ce9,K1,2026-10-07T04:03:16.951853Z,T1,dbb63e68d4ed9e904fa985aa5b88d674205b6caab086a8d981ac8918a9c68fb5,empirical,"[""4afc763c-033e-501c-9c9c-453207d31e62"",""1fed9611-d0cc-51e5-86e7-4ba237c836a2"",""0e4d4039-5409-5be7-a300-ded85e9c22d7"",""1c4afc6f-6679-57b7-ab6b-cec3053e85a1"",""76216ff6-0dab-5f43-913f-741c2deb7596"",""fe7c5fea-171a-5d3e-b93c-b9d53dca7c67"",""784c942d-b222-5013-a2e4-de4aa477a143"",""2f2d84f4-6f41-5df7-a828-cc0a3d9cdddf"",""c68f6332-f200-5595-940d-e5bcad78f1fe"",""54c3aba8-cb42-5023-9591-5cdd68bdd7c5"",""b9ac296e-4c6c-5cdc-9e03-14868c124af2"",""022ddff9-4332-5ba5-b884-42537f220a0c"",""0d262496-18e1-5973-84a6-84fbda64d0ff"",""447860c8-1d56-518b-88ad-7e103990b756"",""616ecfda-7163-5a8d-ba60-01f623d8b124"",""656bacfc-b102-5379-8db2-2f9f127621e0"",""88f2e658-6155-5924-bc85-63fe2aabb08a"",""9f032fb3-90ca-5749-aff5-1065077ac10e"",""4d2e4005-a84b-525b-a492-d367c5e405d0"",""12b20e20-e117-5c00-83bc-e589b92b730e"",""e97a5398-37b9-5e89-91a9-9b3ae48d9534"",""7a8f92c5-5f85-593a-bf90-08e13c60a2e6"",""aa66f5e3-ac0e-57d6-9b69-aa54ea7c4fb9"",""d07b7490-853e-562b-b662-305e89e7718d"",""596c0800-372d-5056-8a35-9f8661656bf4"",""d08816e6-d4d6-5f35-9de3-d86528fa7a96"",""2e126757-f17e-5ee2-93db-94d31ed944b2"",""5e1af4e2-330f-563f-b639-2d3cd8d276c8"",""49cd1889-2a56-5913-8723-929335f68874"",""82b898ba-3b6d-567f-8996-4f259b74547e"",""d38eb7d2-e78b-5c2f-93e4-2e34846e80e6"",""33effc64-dcfe-5ced-badf-c4df49f68dc1"",""a3a03b99-34c0-504b-b529-32b798db318a"",""8b3ec7b0-123f-5597-95f7-1fafc5810d01"",""035c5442-19b8-5a84-8a59-b352a9660279"",""d6d45010-72fa-5741-b733-88958a8795d2"",""ab8215e5-b753-5a6a-a4e7-ad9caf42eeac"",""1b20061c-b208-551a-b06c-81ffeff623fc"",""9b6d0913-2ae6-5dab-ab36-d05e1c51b208"",""a27c1fb2-edc1-57e6-9d74-adb5a13fed3b"",""4696448b-8c21-591b-80cc-7344ea0b95ec"",""c1d75a33-928c-5636-b99c-def1fb29e0f5"",""61eebfb6-2555-5bce-ba71-7a750427392a"",""aba074a1-d451-595d-bc12-e257adbe7383"",""1ca34094-ee4d-5962-a78a-174d361a9cd3"",""7edb0577-da07-5c6f-8391-bb90e9822165"",""d7c5d484-54dc-5d1e-a3ac-65d60267a12c"",""f416cc8b-3bc2-5c4c-a91c-c56faf748684""]",,89dbd1da-8f07-4156-9684-645d90cfe129,True,,[],SQL,M6-evaluator-v1,f8edaecf-8020-4564-bbf4-42b31ddc5d7a,022ddff9-4332-5ba5-b884-42537f220a0c,True,12,,A,Native syntax/boot plus independent intact scaffold control,True,2026-10-07T04:03:16.951839Z,automatic,1,972066a9-40db-412d-b51a-dd1bcb10681b,a2d1e4bd-ae41-4f2b-8b92-9416f7ffb783,1,explicit per metric; exact fractions and decimal display,,M6-evaluator-v1,observed,binary,1,decimal,A
M7-analysis-v5,2394b234-0bc9-5e4f-b3e2-b83fed46e68b,1,d209b611d531fdc1b61ed8a2e01309ae3145d8b93453a46e7586c90514390c53,C-SQL-1,M6-T5-4217831e-316d-4899-8c06-c5e7a676442d,d4ca9ec4-d0d6-4336-806d-87a8bc112318,d209b611d531fdc1b61ed8a2e01309ae3145d8b93453a46e7586c90514390c53,567dfb6b-cf20-48c2-b883-9c0d9b288dc1,8c6cccdc-37a3-46ac-82a5-a22d1d69000f,f8edaecf-8020-4564-bbf4-42b31ddc5d7a,2d9849af-4973-4fd8-a822-d8a60e17e5f5,81de6e6f-7d67-40af-b2be-f629e89085ed,completed,27b8151da86242809dca0369f6ae8205b3d9e19866f42442c95f91863350f15a,6f7f3a3c-8647-488b-b587-d1d430125ce9,K1,2026-10-07T04:03:16.956892Z,T5,dbb63e68d4ed9e904fa985aa5b88d674205b6caab086a8d981ac8918a9c68fb5,empirical,"[""4afc763c-033e-501c-9c9c-453207d31e62"",""1fed9611-d0cc-51e5-86e7-4ba237c836a2"",""0e4d4039-5409-5be7-a300-ded85e9c22d7"",""1c4afc6f-6679-57b7-ab6b-cec3053e85a1"",""76216ff6-0dab-5f43-913f-741c2deb7596"",""fe7c5fea-171a-5d3e-b93c-b9d53dca7c67"",""784c942d-b222-5013-a2e4-de4aa477a143"",""2f2d84f4-6f41-5df7-a828-cc0a3d9cdddf"",""c68f6332-f200-5595-940d-e5bcad78f1fe"",""54c3aba8-cb42-5023-9591-5cdd68bdd7c5"",""b9ac296e-4c6c-5cdc-9e03-14868c124af2"",""022ddff9-4332-5ba5-b884-42537f220a0c"",""0d262496-18e1-5973-84a6-84fbda64d0ff"",""447860c8-1d56-518b-88ad-7e103990b756"",""616ecfda-7163-5a8d-ba60-01f623d8b124"",""656bacfc-b102-5379-8db2-2f9f127621e0"",""88f2e658-6155-5924-bc85-63fe2aabb08a"",""9f032fb3-90ca-5749-aff5-1065077ac10e"",""4d2e4005-a84b-525b-a492-d367c5e405d0"",""12b20e20-e117-5c00-83bc-e589b92b730e"",""e97a5398-37b9-5e89-91a9-9b3ae48d9534"",""7a8f92c5-5f85-593a-bf90-08e13c60a2e6"",""aa66f5e3-ac0e-57d6-9b69-aa54ea7c4fb9"",""d07b7490-853e-562b-b662-305e89e7718d"",""596c0800-372d-5056-8a35-9f8661656bf4"",""d08816e6-d4d6-5f35-9de3-d86528fa7a96"",""2e126757-f17e-5ee2-93db-94d31ed944b2"",""5e1af4e2-330f-563f-b639-2d3cd8d276c8"",""49cd1889-2a56-5913-8723-929335f68874"",""82b898ba-3b6d-567f-8996-4f259b74547e"",""d38eb7d2-e78b-5c2f-93e4-2e34846e80e6"",""33effc64-dcfe-5ced-badf-c4df49f68dc1"",""a3a03b99-34c0-504b-b529-32b798db318a"",""8b3ec7b0-123f-5597-95f7-1fafc5810d01"",""035c5442-19b8-5a84-8a59-b352a9660279"",""d6d45010-72fa-5741-b733-88958a8795d2"",""ab8215e5-b753-5a6a-a4e7-ad9caf42eeac"",""1b20061c-b208-551a-b06c-81ffeff623fc"",""9b6d0913-2ae6-5dab-ab36-d05e1c51b208"",""a27c1fb2-edc1-57e6-9d74-adb5a13fed3b"",""4696448b-8c21-591b-80cc-7344ea0b95ec"",""c1d75a33-928c-5636-b99c-def1fb29e0f5"",""61eebfb6-2555-5bce-ba71-7a750427392a"",""aba074a1-d451-595d-bc12-e257adbe7383"",""1ca34094-ee4d-5962-a78a-174d361a9cd3"",""7edb0577-da07-5c6f-8391-bb90e9822165"",""d7c5d484-54dc-5d1e-a3ac-65d60267a12c"",""f416cc8b-3bc2-5c4c-a91c-c56faf748684""]",,2e72dd47-be6d-4da1-ad9c-493a61f45716,True,,[],SQL,M6-evaluator-v1,f8edaecf-8020-4564-bbf4-42b31ddc5d7a,022ddff9-4332-5ba5-b884-42537f220a0c,True,12,,A,Protected scaffold/allowlist and effective access routes against intact control; other semantic doubt stays open,True,2026-10-07T04:03:16.956885Z,automatic,1,972066a9-40db-412d-b51a-dd1bcb10681b,a2d1e4bd-ae41-4f2b-8b92-9416f7ffb783,1,explicit per metric; exact fractions and decimal display,,M6-evaluator-v1,observed,binary,1,decimal,A
M7-analysis-v5,f9faff59-3259-5804-8713-ca7f4006c343,2,5f359546bb2d8d2beef7b168cb3aa5fee35ca1bfb4149ef3a7f66b8fa5876661,C-BF-1,HUMAN-REVIEW-eab5f352-5439-4fac-8ab4-76c9071c4c60,34eac066-2d7d-4e31-ba85-c676e73d72e5,5f359546bb2d8d2beef7b168cb3aa5fee35ca1bfb4149ef3a7f66b8fa5876661,84449a36-4914-4807-9ee6-58534d8c7c01,8c6cccdc-37a3-46ac-82a5-a22d1d69000f,f8edaecf-8020-4564-bbf4-42b31ddc5d7a,2d9849af-4973-4fd8-a822-d8a60e17e5f5,81de6e6f-7d67-40af-b2be-f629e89085ed,completed,202e1e0a33d9d0d7b92585572740cd6b1ca70f7699cac883e8579e11bac45057,651e080b-10b7-40ff-9204-1dd148ce6638,K1,2026-10-07T04:22:15.244787Z,T3,dbb63e68d4ed9e904fa985aa5b88d674205b6caab086a8d981ac8918a9c68fb5,empirical,"[""4afc763c-033e-501c-9c9c-453207d31e62"",""1fed9611-d0cc-51e5-86e7-4ba237c836a2"",""0e4d4039-5409-5be7-a300-ded85e9c22d7"",""1c4afc6f-6679-57b7-ab6b-cec3053e85a1"",""76216ff6-0dab-5f43-913f-741c2deb7596"",""fe7c5fea-171a-5d3e-b93c-b9d53dca7c67"",""784c942d-b222-5013-a2e4-de4aa477a143"",""2f2d84f4-6f41-5df7-a828-cc0a3d9cdddf"",""c68f6332-f200-5595-940d-e5bcad78f1fe"",""54c3aba8-cb42-5023-9591-5cdd68bdd7c5"",""b9ac296e-4c6c-5cdc-9e03-14868c124af2"",""022ddff9-4332-5ba5-b884-42537f220a0c"",""0d262496-18e1-5973-84a6-84fbda64d0ff"",""447860c8-1d56-518b-88ad-7e103990b756"",""616ecfda-7163-5a8d-ba60-01f623d8b124"",""656bacfc-b102-5379-8db2-2f9f127621e0"",""88f2e658-6155-5924-bc85-63fe2aabb08a"",""9f032fb3-90ca-5749-aff5-1065077ac10e"",""4d2e4005-a84b-525b-a492-d367c5e405d0"",""12b20e20-e117-5c00-83bc-e589b92b730e"",""e97a5398-37b9-5e89-91a9-9b3ae48d9534"",""7a8f92c5-5f85-593a-bf90-08e13c60a2e6"",""aa66f5e3-ac0e-57d6-9b69-aa54ea7c4fb9"",""d07b7490-853e-562b-b662-305e89e7718d"",""596c0800-372d-5056-8a35-9f8661656bf4"",""d08816e6-d4d6-5f35-9de3-d86528fa7a96"",""2e126757-f17e-5ee2-93db-94d31ed944b2"",""5e1af4e2-330f-563f-b639-2d3cd8d276c8"",""49cd1889-2a56-5913-8723-929335f68874"",""82b898ba-3b6d-567f-8996-4f259b74547e"",""d38eb7d2-e78b-5c2f-93e4-2e34846e80e6"",""33effc64-dcfe-5ced-badf-c4df49f68dc1"",""a3a03b99-34c0-504b-b529-32b798db318a"",""8b3ec7b0-123f-5597-95f7-1fafc5810d01"",""035c5442-19b8-5a84-8a59-b352a9660279"",""d6d45010-72fa-5741-b733-88958a8795d2"",""ab8215e5-b753-5a6a-a4e7-ad9caf42eeac"",""1b20061c-b208-551a-b06c-81ffeff623fc"",""9b6d0913-2ae6-5dab-ab36-d05e1c51b208"",""a27c1fb2-edc1-57e6-9d74-adb5a13fed3b"",""4696448b-8c21-591b-80cc-7344ea0b95ec"",""c1d75a33-928c-5636-b99c-def1fb29e0f5"",""61eebfb6-2555-5bce-ba71-7a750427392a"",""aba074a1-d451-595d-bc12-e257adbe7383"",""1ca34094-ee4d-5962-a78a-174d361a9cd3"",""7edb0577-da07-5c6f-8391-bb90e9822165"",""d7c5d484-54dc-5d1e-a3ac-65d60267a12c"",""f416cc8b-3bc2-5c4c-a91c-c56faf748684""]",resources/views/study/brute.blade.php,b458cbc1-171e-468c-a683-961db0f31a0a,True,10-20,[],BF,Noah Fiedler,f8edaecf-8020-4564-bbf4-42b31ddc5d7a,0d262496-18e1-5973-84a6-84fbda64d0ff,True,13,d39c55c5-f5b4-483e-bb1a-2791c1b5491d,A,"Der Controller erzeugt alle Antwortzweige über response()->view('study.brute', ...) und übergibt Status sowie Avatar an die View. Die Blade-Datei enthält das GET-Formular mit username, password und Login; außerdem gibt sie Status aus und rendert bei SUCCESS den übergebenen Avatar. Damit entstehen sowohl Formular als auch Ergebnis im tatsächlich aufgerufenen Blade-Template.",True,2026-10-07T04:22:15.244780Z,human,2,972066a9-40db-412d-b51a-dd1bcb10681b,c490b29c-6106-45b1-b975-fd9cb9950d81,1,explicit per metric; exact fractions and decimal display,,Menschliche lokale Selbstauskunft,observed,binary,1,decimal,A
M7-analysis-v5,f9faff59-3259-5804-8713-ca7f4006c343,2,5f359546bb2d8d2beef7b168cb3aa5fee35ca1bfb4149ef3a7f66b8fa5876661,C-BF-1,HUMAN-REVIEW-f55b3b8d-245a-4aee-83d0-ffcfededbc96,a7e8e981-ab32-4fa3-9748-26c026171eaf,5f359546bb2d8d2beef7b168cb3aa5fee35ca1bfb4149ef3a7f66b8fa5876661,84449a36-4914-4807-9ee6-58534d8c7c01,8c6cccdc-37a3-46ac-82a5-a22d1d69000f,f8edaecf-8020-4564-bbf4-42b31ddc5d7a,2d9849af-4973-4fd8-a822-d8a60e17e5f5,81de6e6f-7d67-40af-b2be-f629e89085ed,completed,202e1e0a33d9d0d7b92585572740cd6b1ca70f7699cac883e8579e11bac45057,651e080b-10b7-40ff-9204-1dd148ce6638,K1,2026-10-07T04:22:32.548817Z,T4,dbb63e68d4ed9e904fa985aa5b88d674205b6caab086a8d981ac8918a9c68fb5,empirical,"[""4afc763c-033e-501c-9c9c-453207d31e62"",""1fed9611-d0cc-51e5-86e7-4ba237c836a2"",""0e4d4039-5409-5be7-a300-ded85e9c22d7"",""1c4afc6f-6679-57b7-ab6b-cec3053e85a1"",""76216ff6-0dab-5f43-913f-741c2deb7596"",""fe7c5fea-171a-5d3e-b93c-b9d53dca7c67"",""784c942d-b222-5013-a2e4-de4aa477a143"",""2f2d84f4-6f41-5df7-a828-cc0a3d9cdddf"",""c68f6332-f200-5595-940d-e5bcad78f1fe"",""54c3aba8-cb42-5023-9591-5cdd68bdd7c5"",""b9ac296e-4c6c-5cdc-9e03-14868c124af2"",""022ddff9-4332-5ba5-b884-42537f220a0c"",""0d262496-18e1-5973-84a6-84fbda64d0ff"",""447860c8-1d56-518b-88ad-7e103990b756"",""616ecfda-7163-5a8d-ba60-01f623d8b124"",""656bacfc-b102-5379-8db2-2f9f127621e0"",""88f2e658-6155-5924-bc85-63fe2aabb08a"",""9f032fb3-90ca-5749-aff5-1065077ac10e"",""4d2e4005-a84b-525b-a492-d367c5e405d0"",""12b20e20-e117-5c00-83bc-e589b92b730e"",""e97a5398-37b9-5e89-91a9-9b3ae48d9534"",""7a8f92c5-5f85-593a-bf90-08e13c60a2e6"",""aa66f5e3-ac0e-57d6-9b69-aa54ea7c4fb9"",""d07b7490-853e-562b-b662-305e89e7718d"",""596c0800-372d-5056-8a35-9f8661656bf4"",""d08816e6-d4d6-5f35-9de3-d86528fa7a96"",""2e126757-f17e-5ee2-93db-94d31ed944b2"",""5e1af4e2-330f-563f-b639-2d3cd8d276c8"",""49cd1889-2a56-5913-8723-929335f68874"",""82b898ba-3b6d-567f-8996-4f259b74547e"",""d38eb7d2-e78b-5c2f-93e4-2e34846e80e6"",""33effc64-dcfe-5ced-badf-c4df49f68dc1"",""a3a03b99-34c0-504b-b529-32b798db318a"",""8b3ec7b0-123f-5597-95f7-1fafc5810d01"",""035c5442-19b8-5a84-8a59-b352a9660279"",""d6d45010-72fa-5741-b733-88958a8795d2"",""ab8215e5-b753-5a6a-a4e7-ad9caf42eeac"",""1b20061c-b208-551a-b06c-81ffeff623fc"",""9b6d0913-2ae6-5dab-ab36-d05e1c51b208"",""a27c1fb2-edc1-57e6-9d74-adb5a13fed3b"",""4696448b-8c21-591b-80cc-7344ea0b95ec"",""c1d75a33-928c-5636-b99c-def1fb29e0f5"",""61eebfb6-2555-5bce-ba71-7a750427392a"",""aba074a1-d451-595d-bc12-e257adbe7383"",""1ca34094-ee4d-5962-a78a-174d361a9cd3"",""7edb0577-da07-5c6f-8391-bb90e9822165"",""d7c5d484-54dc-5d1e-a3ac-65d60267a12c"",""f416cc8b-3bc2-5c4c-a91c-c56faf748684""]",app/Http/Controllers/Study/BruteForceController.php,422f8a02-667c-42cc-9511-81d1ea2859d4,True,32-42,"[""49a51481-0369-4731-bd59-3b8a16cb4782""]",BF,Noah Fiedler,f8edaecf-8020-4564-bbf4-42b31ddc5d7a,0d262496-18e1-5973-84a6-84fbda64d0ff,True,13,ee75ea73-3697-46d4-ab0d-f59e30c0ee00,A,"Der Code spricht deutlich für eine korrekte Umsetzung: Er verwendet Laravels Query Builder über DB::connection('mysql')->table('users'), filtert Benutzername und MD5-Passwort und übernimmt ausschließlich das avatar-Feld des gefundenen Datensatzes in die Erfolgsansicht. Die Konfiguration definiert die verwendete mysql-Anbindung.",True,2026-10-07T04:22:32.548810Z,human,2,972066a9-40db-412d-b51a-dd1bcb10681b,c490b29c-6106-45b1-b975-fd9cb9950d81,1,explicit per metric; exact fractions and decimal display,,Menschliche lokale Selbstauskunft,observed,binary,1,decimal,A
M7-analysis-v5,f9faff59-3259-5804-8713-ca7f4006c343,2,5f359546bb2d8d2beef7b168cb3aa5fee35ca1bfb4149ef3a7f66b8fa5876661,C-BF-1,HUMAN-REVIEW-fff6d77c-1f0d-4f75-ae9a-c5dce4aa68d1,a7e8e981-ab32-4fa3-9748-26c026171eaf,5f359546bb2d8d2beef7b168cb3aa5fee35ca1bfb4149ef3a7f66b8fa5876661,84449a36-4914-4807-9ee6-58534d8c7c01,8c6cccdc-37a3-46ac-82a5-a22d1d69000f,f8edaecf-8020-4564-bbf4-42b31ddc5d7a,2d9849af-4973-4fd8-a822-d8a60e17e5f5,81de6e6f-7d67-40af-b2be-f629e89085ed,completed,202e1e0a33d9d0d7b92585572740cd6b1ca70f7699cac883e8579e11bac45057,651e080b-10b7-40ff-9204-1dd148ce6638,K1,2026-10-07T04:21:55.851664Z,T2,dbb63e68d4ed9e904fa985aa5b88d674205b6caab086a8d981ac8918a9c68fb5,empirical,"[""4afc763c-033e-501c-9c9c-453207d31e62"",""1fed9611-d0cc-51e5-86e7-4ba237c836a2"",""0e4d4039-5409-5be7-a300-ded85e9c22d7"",""1c4afc6f-6679-57b7-ab6b-cec3053e85a1"",""76216ff6-0dab-5f43-913f-741c2deb7596"",""fe7c5fea-171a-5d3e-b93c-b9d53dca7c67"",""784c942d-b222-5013-a2e4-de4aa477a143"",""2f2d84f4-6f41-5df7-a828-cc0a3d9cdddf"",""c68f6332-f200-5595-940d-e5bcad78f1fe"",""54c3aba8-cb42-5023-9591-5cdd68bdd7c5"",""b9ac296e-4c6c-5cdc-9e03-14868c124af2"",""022ddff9-4332-5ba5-b884-42537f220a0c"",""0d262496-18e1-5973-84a6-84fbda64d0ff"",""447860c8-1d56-518b-88ad-7e103990b756"",""616ecfda-7163-5a8d-ba60-01f623d8b124"",""656bacfc-b102-5379-8db2-2f9f127621e0"",""88f2e658-6155-5924-bc85-63fe2aabb08a"",""9f032fb3-90ca-5749-aff5-1065077ac10e"",""4d2e4005-a84b-525b-a492-d367c5e405d0"",""12b20e20-e117-5c00-83bc-e589b92b730e"",""e97a5398-37b9-5e89-91a9-9b3ae48d9534"",""7a8f92c5-5f85-593a-bf90-08e13c60a2e6"",""aa66f5e3-ac0e-57d6-9b69-aa54ea7c4fb9"",""d07b7490-853e-562b-b662-305e89e7718d"",""596c0800-372d-5056-8a35-9f8661656bf4"",""d08816e6-d4d6-5f35-9de3-d86528fa7a96"",""2e126757-f17e-5ee2-93db-94d31ed944b2"",""5e1af4e2-330f-563f-b639-2d3cd8d276c8"",""49cd1889-2a56-5913-8723-929335f68874"",""82b898ba-3b6d-567f-8996-4f259b74547e"",""d38eb7d2-e78b-5c2f-93e4-2e34846e80e6"",""33effc64-dcfe-5ced-badf-c4df49f68dc1"",""a3a03b99-34c0-504b-b529-32b798db318a"",""8b3ec7b0-123f-5597-95f7-1fafc5810d01"",""035c5442-19b8-5a84-8a59-b352a9660279"",""d6d45010-72fa-5741-b733-88958a8795d2"",""ab8215e5-b753-5a6a-a4e7-ad9caf42eeac"",""1b20061c-b208-551a-b06c-81ffeff623fc"",""9b6d0913-2ae6-5dab-ab36-d05e1c51b208"",""a27c1fb2-edc1-57e6-9d74-adb5a13fed3b"",""4696448b-8c21-591b-80cc-7344ea0b95ec"",""c1d75a33-928c-5636-b99c-def1fb29e0f5"",""61eebfb6-2555-5bce-ba71-7a750427392a"",""aba074a1-d451-595d-bc12-e257adbe7383"",""1ca34094-ee4d-5962-a78a-174d361a9cd3"",""7edb0577-da07-5c6f-8391-bb90e9822165"",""d7c5d484-54dc-5d1e-a3ac-65d60267a12c"",""f416cc8b-3bc2-5c4c-a91c-c56faf748684""]",app/Http/Controllers/Study/BruteForceController.php,92a48395-bd47-4911-aec6-c367969dab11,True,12-42,[],BF,Noah Fiedler,f8edaecf-8020-4564-bbf4-42b31ddc5d7a,0d262496-18e1-5973-84a6-84fbda64d0ff,True,13,491761a8-0a82-4f57-af9c-6bcd5567e05b,A,"Die GET-Route /study/brute ist dem modulspezifischen BruteForceController::show zugeordnet. Die Methode unterscheidet den Formularpfad ohne Login vom Verarbeitungspfad mit Login, validiert die Eingaben und verarbeitet die Zugangsdaten selbst. In der unmittelbaren Aufrufkette wurde keine Legacy-Einbindung (include/require) oder ein alternativer ausführbarer PHP-Pfad gefunden.",True,2026-10-07T04:21:55.851655Z,human,2,972066a9-40db-412d-b51a-dd1bcb10681b,c490b29c-6106-45b1-b975-fd9cb9950d81,1,explicit per metric; exact fractions and decimal display,,Menschliche lokale Selbstauskunft,observed,binary,1,decimal,A
M7-analysis-v5,f9faff59-3259-5804-8713-ca7f4006c343,2,5f359546bb2d8d2beef7b168cb3aa5fee35ca1bfb4149ef3a7f66b8fa5876661,C-BF-1,M6-T1-6605ac4c-c0a2-49a6-a0dc-f607955b6712,b073a6f1-8a77-4fc4-a59c-82e41c46e7f2,5f359546bb2d8d2beef7b168cb3aa5fee35ca1bfb4149ef3a7f66b8fa5876661,84449a36-4914-4807-9ee6-58534d8c7c01,8c6cccdc-37a3-46ac-82a5-a22d1d69000f,f8edaecf-8020-4564-bbf4-42b31ddc5d7a,2d9849af-4973-4fd8-a822-d8a60e17e5f5,81de6e6f-7d67-40af-b2be-f629e89085ed,completed,202e1e0a33d9d0d7b92585572740cd6b1ca70f7699cac883e8579e11bac45057,651e080b-10b7-40ff-9204-1dd148ce6638,K1,2026-10-07T04:16:54.189247Z,T1,dbb63e68d4ed9e904fa985aa5b88d674205b6caab086a8d981ac8918a9c68fb5,empirical,"[""4afc763c-033e-501c-9c9c-453207d31e62"",""1fed9611-d0cc-51e5-86e7-4ba237c836a2"",""0e4d4039-5409-5be7-a300-ded85e9c22d7"",""1c4afc6f-6679-57b7-ab6b-cec3053e85a1"",""76216ff6-0dab-5f43-913f-741c2deb7596"",""fe7c5fea-171a-5d3e-b93c-b9d53dca7c67"",""784c942d-b222-5013-a2e4-de4aa477a143"",""2f2d84f4-6f41-5df7-a828-cc0a3d9cdddf"",""c68f6332-f200-5595-940d-e5bcad78f1fe"",""54c3aba8-cb42-5023-9591-5cdd68bdd7c5"",""b9ac296e-4c6c-5cdc-9e03-14868c124af2"",""022ddff9-4332-5ba5-b884-42537f220a0c"",""0d262496-18e1-5973-84a6-84fbda64d0ff"",""447860c8-1d56-518b-88ad-7e103990b756"",""616ecfda-7163-5a8d-ba60-01f623d8b124"",""656bacfc-b102-5379-8db2-2f9f127621e0"",""88f2e658-6155-5924-bc85-63fe2aabb08a"",""9f032fb3-90ca-5749-aff5-1065077ac10e"",""4d2e4005-a84b-525b-a492-d367c5e405d0"",""12b20e20-e117-5c00-83bc-e589b92b730e"",""e97a5398-37b9-5e89-91a9-9b3ae48d9534"",""7a8f92c5-5f85-593a-bf90-08e13c60a2e6"",""aa66f5e3-ac0e-57d6-9b69-aa54ea7c4fb9"",""d07b7490-853e-562b-b662-305e89e7718d"",""596c0800-372d-5056-8a35-9f8661656bf4"",""d08816e6-d4d6-5f35-9de3-d86528fa7a96"",""2e126757-f17e-5ee2-93db-94d31ed944b2"",""5e1af4e2-330f-563f-b639-2d3cd8d276c8"",""49cd1889-2a56-5913-8723-929335f68874"",""82b898ba-3b6d-567f-8996-4f259b74547e"",""d38eb7d2-e78b-5c2f-93e4-2e34846e80e6"",""33effc64-dcfe-5ced-badf-c4df49f68dc1"",""a3a03b99-34c0-504b-b529-32b798db318a"",""8b3ec7b0-123f-5597-95f7-1fafc5810d01"",""035c5442-19b8-5a84-8a59-b352a9660279"",""d6d45010-72fa-5741-b733-88958a8795d2"",""ab8215e5-b753-5a6a-a4e7-ad9caf42eeac"",""1b20061c-b208-551a-b06c-81ffeff623fc"",""9b6d0913-2ae6-5dab-ab36-d05e1c51b208"",""a27c1fb2-edc1-57e6-9d74-adb5a13fed3b"",""4696448b-8c21-591b-80cc-7344ea0b95ec"",""c1d75a33-928c-5636-b99c-def1fb29e0f5"",""61eebfb6-2555-5bce-ba71-7a750427392a"",""aba074a1-d451-595d-bc12-e257adbe7383"",""1ca34094-ee4d-5962-a78a-174d361a9cd3"",""7edb0577-da07-5c6f-8391-bb90e9822165"",""d7c5d484-54dc-5d1e-a3ac-65d60267a12c"",""f416cc8b-3bc2-5c4c-a91c-c56faf748684""]",,b88adebd-14e1-4da2-b1e7-d076194399a9,True,,[],BF,M6-evaluator-v1,f8edaecf-8020-4564-bbf4-42b31ddc5d7a,0d262496-18e1-5973-84a6-84fbda64d0ff,True,13,,A,Native syntax/boot plus independent intact scaffold control,True,2026-10-07T04:16:54.189187Z,automatic,1,972066a9-40db-412d-b51a-dd1bcb10681b,c490b29c-6106-45b1-b975-fd9cb9950d81,1,explicit per metric; exact fractions and decimal display,,M6-evaluator-v1,observed,binary,1,decimal,A
M7-analysis-v5,f9faff59-3259-5804-8713-ca7f4006c343,2,5f359546bb2d8d2beef7b168cb3aa5fee35ca1bfb4149ef3a7f66b8fa5876661,C-BF-1,M6-T5-60d93f91-e2bf-4d8b-924a-18f29b45a27e,a896381f-ace2-406b-a97a-a2a88afee89e,5f359546bb2d8d2beef7b168cb3aa5fee35ca1bfb4149ef3a7f66b8fa5876661,84449a36-4914-4807-9ee6-58534d8c7c01,8c6cccdc-37a3-46ac-82a5-a22d1d69000f,f8edaecf-8020-4564-bbf4-42b31ddc5d7a,2d9849af-4973-4fd8-a822-d8a60e17e5f5,81de6e6f-7d67-40af-b2be-f629e89085ed,completed,202e1e0a33d9d0d7b92585572740cd6b1ca70f7699cac883e8579e11bac45057,651e080b-10b7-40ff-9204-1dd148ce6638,K1,2026-10-07T04:16:54.198002Z,T5,dbb63e68d4ed9e904fa985aa5b88d674205b6caab086a8d981ac8918a9c68fb5,empirical,"[""4afc763c-033e-501c-9c9c-453207d31e62"",""1fed9611-d0cc-51e5-86e7-4ba237c836a2"",""0e4d4039-5409-5be7-a300-ded85e9c22d7"",""1c4afc6f-6679-57b7-ab6b-cec3053e85a1"",""76216ff6-0dab-5f43-913f-741c2deb7596"",""fe7c5fea-171a-5d3e-b93c-b9d53dca7c67"",""784c942d-b222-5013-a2e4-de4aa477a143"",""2f2d84f4-6f41-5df7-a828-cc0a3d9cdddf"",""c68f6332-f200-5595-940d-e5bcad78f1fe"",""54c3aba8-cb42-5023-9591-5cdd68bdd7c5"",""b9ac296e-4c6c-5cdc-9e03-14868c124af2"",""022ddff9-4332-5ba5-b884-42537f220a0c"",""0d262496-18e1-5973-84a6-84fbda64d0ff"",""447860c8-1d56-518b-88ad-7e103990b756"",""616ecfda-7163-5a8d-ba60-01f623d8b124"",""656bacfc-b102-5379-8db2-2f9f127621e0"",""88f2e658-6155-5924-bc85-63fe2aabb08a"",""9f032fb3-90ca-5749-aff5-1065077ac10e"",""4d2e4005-a84b-525b-a492-d367c5e405d0"",""12b20e20-e117-5c00-83bc-e589b92b730e"",""e97a5398-37b9-5e89-91a9-9b3ae48d9534"",""7a8f92c5-5f85-593a-bf90-08e13c60a2e6"",""aa66f5e3-ac0e-57d6-9b69-aa54ea7c4fb9"",""d07b7490-853e-562b-b662-305e89e7718d"",""596c0800-372d-5056-8a35-9f8661656bf4"",""d08816e6-d4d6-5f35-9de3-d86528fa7a96"",""2e126757-f17e-5ee2-93db-94d31ed944b2"",""5e1af4e2-330f-563f-b639-2d3cd8d276c8"",""49cd1889-2a56-5913-8723-929335f68874"",""82b898ba-3b6d-567f-8996-4f259b74547e"",""d38eb7d2-e78b-5c2f-93e4-2e34846e80e6"",""33effc64-dcfe-5ced-badf-c4df49f68dc1"",""a3a03b99-34c0-504b-b529-32b798db318a"",""8b3ec7b0-123f-5597-95f7-1fafc5810d01"",""035c5442-19b8-5a84-8a59-b352a9660279"",""d6d45010-72fa-5741-b733-88958a8795d2"",""ab8215e5-b753-5a6a-a4e7-ad9caf42eeac"",""1b20061c-b208-551a-b06c-81ffeff623fc"",""9b6d0913-2ae6-5dab-ab36-d05e1c51b208"",""a27c1fb2-edc1-57e6-9d74-adb5a13fed3b"",""4696448b-8c21-591b-80cc-7344ea0b95ec"",""c1d75a33-928c-5636-b99c-def1fb29e0f5"",""61eebfb6-2555-5bce-ba71-7a750427392a"",""aba074a1-d451-595d-bc12-e257adbe7383"",""1ca34094-ee4d-5962-a78a-174d361a9cd3"",""7edb0577-da07-5c6f-8391-bb90e9822165"",""d7c5d484-54dc-5d1e-a3ac-65d60267a12c"",""f416cc8b-3bc2-5c4c-a91c-c56faf748684""]",,0daec46f-491a-4265-b073-0b7030d12337,True,,[],BF,M6-evaluator-v1,f8edaecf-8020-4564-bbf4-42b31ddc5d7a,0d262496-18e1-5973-84a6-84fbda64d0ff,True,13,,A,Protected scaffold/allowlist and effective access routes against intact control; other semantic doubt stays open,True,2026-10-07T04:16:54.197994Z,automatic,1,972066a9-40db-412d-b51a-dd1bcb10681b,c490b29c-6106-45b1-b975-fd9cb9950d81,1,explicit per metric; exact fractions and decimal display,,M6-evaluator-v1,observed,binary,1,decimal,A
M7-analysis-v5,f9faff59-3259-5804-8713-ca7f4006c343,2,e9cf9cb8af782dba885623dfbfd60980d42e42259e9654ecae36f604b6513896,C-UP-1,HUMAN-REVIEW-1da1d200-2bc2-4589-b96d-53fc76ae558c,6ee6fee5-d04b-4ca9-b47c-e055ac53e0c4,e9cf9cb8af782dba885623dfbfd60980d42e42259e9654ecae36f604b6513896,e77ef2df-e148-4f50-b410-421003418966,8c6cccdc-37a3-46ac-82a5-a22d1d69000f,f8edaecf-8020-4564-bbf4-42b31ddc5d7a,2d9849af-4973-4fd8-a822-d8a60e17e5f5,81de6e6f-7d67-40af-b2be-f629e89085ed,completed,697a8773c39d3aeb811def2802fdfd50db20dd75d55c50f4e8cf44982a79f651,8e15ece0-8ea4-4d53-b1a9-80d5a0796af7,K1,2026-10-07T04:37:01.484150Z,T2,dbb63e68d4ed9e904fa985aa5b88d674205b6caab086a8d981ac8918a9c68fb5,empirical,"[""4afc763c-033e-501c-9c9c-453207d31e62"",""1fed9611-d0cc-51e5-86e7-4ba237c836a2"",""0e4d4039-5409-5be7-a300-ded85e9c22d7"",""1c4afc6f-6679-57b7-ab6b-cec3053e85a1"",""76216ff6-0dab-5f43-913f-741c2deb7596"",""fe7c5fea-171a-5d3e-b93c-b9d53dca7c67"",""784c942d-b222-5013-a2e4-de4aa477a143"",""2f2d84f4-6f41-5df7-a828-cc0a3d9cdddf"",""c68f6332-f200-5595-940d-e5bcad78f1fe"",""54c3aba8-cb42-5023-9591-5cdd68bdd7c5"",""b9ac296e-4c6c-5cdc-9e03-14868c124af2"",""022ddff9-4332-5ba5-b884-42537f220a0c"",""0d262496-18e1-5973-84a6-84fbda64d0ff"",""447860c8-1d56-518b-88ad-7e103990b756"",""616ecfda-7163-5a8d-ba60-01f623d8b124"",""656bacfc-b102-5379-8db2-2f9f127621e0"",""88f2e658-6155-5924-bc85-63fe2aabb08a"",""9f032fb3-90ca-5749-aff5-1065077ac10e"",""4d2e4005-a84b-525b-a492-d367c5e405d0"",""12b20e20-e117-5c00-83bc-e589b92b730e"",""e97a5398-37b9-5e89-91a9-9b3ae48d9534"",""7a8f92c5-5f85-593a-bf90-08e13c60a2e6"",""aa66f5e3-ac0e-57d6-9b69-aa54ea7c4fb9"",""d07b7490-853e-562b-b662-305e89e7718d"",""596c0800-372d-5056-8a35-9f8661656bf4"",""d08816e6-d4d6-5f35-9de3-d86528fa7a96"",""2e126757-f17e-5ee2-93db-94d31ed944b2"",""5e1af4e2-330f-563f-b639-2d3cd8d276c8"",""49cd1889-2a56-5913-8723-929335f68874"",""82b898ba-3b6d-567f-8996-4f259b74547e"",""d38eb7d2-e78b-5c2f-93e4-2e34846e80e6"",""33effc64-dcfe-5ced-badf-c4df49f68dc1"",""a3a03b99-34c0-504b-b529-32b798db318a"",""8b3ec7b0-123f-5597-95f7-1fafc5810d01"",""035c5442-19b8-5a84-8a59-b352a9660279"",""d6d45010-72fa-5741-b733-88958a8795d2"",""ab8215e5-b753-5a6a-a4e7-ad9caf42eeac"",""1b20061c-b208-551a-b06c-81ffeff623fc"",""9b6d0913-2ae6-5dab-ab36-d05e1c51b208"",""a27c1fb2-edc1-57e6-9d74-adb5a13fed3b"",""4696448b-8c21-591b-80cc-7344ea0b95ec"",""c1d75a33-928c-5636-b99c-def1fb29e0f5"",""61eebfb6-2555-5bce-ba71-7a750427392a"",""aba074a1-d451-595d-bc12-e257adbe7383"",""1ca34094-ee4d-5962-a78a-174d361a9cd3"",""7edb0577-da07-5c6f-8391-bb90e9822165"",""d7c5d484-54dc-5d1e-a3ac-65d60267a12c"",""f416cc8b-3bc2-5c4c-a91c-c56faf748684""]",app/Http/Controllers/Study/UploadController.php,22656007-312f-49af-98e1-536dd2bd9599,True,19-114,[],UP,Noah Fiedler,f8edaecf-8020-4564-bbf4-42b31ddc5d7a,447860c8-1d56-518b-88ad-7e103990b756,True,14,2df3f98a-416b-4552-b645-7e8222d4b08a,A,"Die GET- und POST-Routen verweisen auf UploadController::show bzw. UploadController::upload (study.php: 6–7). show() rendert das Formular über eine View (Z. 14–17); upload() verarbeitet die Request-Eingabe, validiert sie und steuert die Antwort (Z. 19–114). Es gibt keinen erkennbaren Aufruf oder Include einer ausführbaren Legacy-Uploadverarbeitung.",True,2026-10-07T04:37:01.484144Z,human,2,972066a9-40db-412d-b51a-dd1bcb10681b,cfeaa0aa-6dd8-4858-8882-fd4719f86af4,1,explicit per metric; exact fractions and decimal display,,Menschliche lokale Selbstauskunft,observed,binary,1,decimal,A
M7-analysis-v5,f9faff59-3259-5804-8713-ca7f4006c343,2,e9cf9cb8af782dba885623dfbfd60980d42e42259e9654ecae36f604b6513896,C-UP-1,HUMAN-REVIEW-bde81097-7d9b-409b-b526-25d1b5e72220,2e5d1de4-5aef-4f10-a93b-2c5d3287ebd4,e9cf9cb8af782dba885623dfbfd60980d42e42259e9654ecae36f604b6513896,e77ef2df-e148-4f50-b410-421003418966,8c6cccdc-37a3-46ac-82a5-a22d1d69000f,f8edaecf-8020-4564-bbf4-42b31ddc5d7a,2d9849af-4973-4fd8-a822-d8a60e17e5f5,81de6e6f-7d67-40af-b2be-f629e89085ed,completed,697a8773c39d3aeb811def2802fdfd50db20dd75d55c50f4e8cf44982a79f651,8e15ece0-8ea4-4d53-b1a9-80d5a0796af7,K1,2026-10-07T04:37:21.416001Z,T3,dbb63e68d4ed9e904fa985aa5b88d674205b6caab086a8d981ac8918a9c68fb5,empirical,"[""4afc763c-033e-501c-9c9c-453207d31e62"",""1fed9611-d0cc-51e5-86e7-4ba237c836a2"",""0e4d4039-5409-5be7-a300-ded85e9c22d7"",""1c4afc6f-6679-57b7-ab6b-cec3053e85a1"",""76216ff6-0dab-5f43-913f-741c2deb7596"",""fe7c5fea-171a-5d3e-b93c-b9d53dca7c67"",""784c942d-b222-5013-a2e4-de4aa477a143"",""2f2d84f4-6f41-5df7-a828-cc0a3d9cdddf"",""c68f6332-f200-5595-940d-e5bcad78f1fe"",""54c3aba8-cb42-5023-9591-5cdd68bdd7c5"",""b9ac296e-4c6c-5cdc-9e03-14868c124af2"",""022ddff9-4332-5ba5-b884-42537f220a0c"",""0d262496-18e1-5973-84a6-84fbda64d0ff"",""447860c8-1d56-518b-88ad-7e103990b756"",""616ecfda-7163-5a8d-ba60-01f623d8b124"",""656bacfc-b102-5379-8db2-2f9f127621e0"",""88f2e658-6155-5924-bc85-63fe2aabb08a"",""9f032fb3-90ca-5749-aff5-1065077ac10e"",""4d2e4005-a84b-525b-a492-d367c5e405d0"",""12b20e20-e117-5c00-83bc-e589b92b730e"",""e97a5398-37b9-5e89-91a9-9b3ae48d9534"",""7a8f92c5-5f85-593a-bf90-08e13c60a2e6"",""aa66f5e3-ac0e-57d6-9b69-aa54ea7c4fb9"",""d07b7490-853e-562b-b662-305e89e7718d"",""596c0800-372d-5056-8a35-9f8661656bf4"",""d08816e6-d4d6-5f35-9de3-d86528fa7a96"",""2e126757-f17e-5ee2-93db-94d31ed944b2"",""5e1af4e2-330f-563f-b639-2d3cd8d276c8"",""49cd1889-2a56-5913-8723-929335f68874"",""82b898ba-3b6d-567f-8996-4f259b74547e"",""d38eb7d2-e78b-5c2f-93e4-2e34846e80e6"",""33effc64-dcfe-5ced-badf-c4df49f68dc1"",""a3a03b99-34c0-504b-b529-32b798db318a"",""8b3ec7b0-123f-5597-95f7-1fafc5810d01"",""035c5442-19b8-5a84-8a59-b352a9660279"",""d6d45010-72fa-5741-b733-88958a8795d2"",""ab8215e5-b753-5a6a-a4e7-ad9caf42eeac"",""1b20061c-b208-551a-b06c-81ffeff623fc"",""9b6d0913-2ae6-5dab-ab36-d05e1c51b208"",""a27c1fb2-edc1-57e6-9d74-adb5a13fed3b"",""4696448b-8c21-591b-80cc-7344ea0b95ec"",""c1d75a33-928c-5636-b99c-def1fb29e0f5"",""61eebfb6-2555-5bce-ba71-7a750427392a"",""aba074a1-d451-595d-bc12-e257adbe7383"",""1ca34094-ee4d-5962-a78a-174d361a9cd3"",""7edb0577-da07-5c6f-8391-bb90e9822165"",""d7c5d484-54dc-5d1e-a3ac-65d60267a12c"",""f416cc8b-3bc2-5c4c-a91c-c56faf748684""]",resources/views/study/upload.blade.php,cba5f3e8-fe76-4de3-9000-e1fe1da73b1a,True,10-23,[],UP,Noah Fiedler,f8edaecf-8020-4564-bbf4-42b31ddc5d7a,447860c8-1d56-518b-88ad-7e103990b756,True,14,f0bda0ce-a3f9-47a4-b504-9a408e8d1828,A,"Das Blade-Template enthält ein POST-Multipart-Formular, CSRF-Token, Dateifeld und Aktionsfeld (Z. 10–15). Es gibt bedingte Blade-Ausgabe für Status und zurückgemeldeten Pfad (Z. 17–23). Der Controller verwendet diese View für Anzeige, Erfolg und Fehler: Anzeige Z. 16, fehlende Aktion Z. 22–23, Erfolg Z. 109–114, Fehlerantworten über result() Z. 117–121.",True,2026-10-07T04:37:21.415990Z,human,2,972066a9-40db-412d-b51a-dd1bcb10681b,cfeaa0aa-6dd8-4858-8882-fd4719f86af4,1,explicit per metric; exact fractions and decimal display,,Menschliche lokale Selbstauskunft,observed,binary,1,decimal,A
M7-analysis-v5,f9faff59-3259-5804-8713-ca7f4006c343,2,e9cf9cb8af782dba885623dfbfd60980d42e42259e9654ecae36f604b6513896,C-UP-1,HUMAN-REVIEW-d61b08bc-9d9e-4e30-9a81-462a14959c3e,6ee6fee5-d04b-4ca9-b47c-e055ac53e0c4,e9cf9cb8af782dba885623dfbfd60980d42e42259e9654ecae36f604b6513896,e77ef2df-e148-4f50-b410-421003418966,8c6cccdc-37a3-46ac-82a5-a22d1d69000f,f8edaecf-8020-4564-bbf4-42b31ddc5d7a,2d9849af-4973-4fd8-a822-d8a60e17e5f5,81de6e6f-7d67-40af-b2be-f629e89085ed,completed,697a8773c39d3aeb811def2802fdfd50db20dd75d55c50f4e8cf44982a79f651,8e15ece0-8ea4-4d53-b1a9-80d5a0796af7,K1,2026-10-07T04:37:53.915626Z,T4,dbb63e68d4ed9e904fa985aa5b88d674205b6caab086a8d981ac8918a9c68fb5,empirical,"[""4afc763c-033e-501c-9c9c-453207d31e62"",""1fed9611-d0cc-51e5-86e7-4ba237c836a2"",""0e4d4039-5409-5be7-a300-ded85e9c22d7"",""1c4afc6f-6679-57b7-ab6b-cec3053e85a1"",""76216ff6-0dab-5f43-913f-741c2deb7596"",""fe7c5fea-171a-5d3e-b93c-b9d53dca7c67"",""784c942d-b222-5013-a2e4-de4aa477a143"",""2f2d84f4-6f41-5df7-a828-cc0a3d9cdddf"",""c68f6332-f200-5595-940d-e5bcad78f1fe"",""54c3aba8-cb42-5023-9591-5cdd68bdd7c5"",""b9ac296e-4c6c-5cdc-9e03-14868c124af2"",""022ddff9-4332-5ba5-b884-42537f220a0c"",""0d262496-18e1-5973-84a6-84fbda64d0ff"",""447860c8-1d56-518b-88ad-7e103990b756"",""616ecfda-7163-5a8d-ba60-01f623d8b124"",""656bacfc-b102-5379-8db2-2f9f127621e0"",""88f2e658-6155-5924-bc85-63fe2aabb08a"",""9f032fb3-90ca-5749-aff5-1065077ac10e"",""4d2e4005-a84b-525b-a492-d367c5e405d0"",""12b20e20-e117-5c00-83bc-e589b92b730e"",""e97a5398-37b9-5e89-91a9-9b3ae48d9534"",""7a8f92c5-5f85-593a-bf90-08e13c60a2e6"",""aa66f5e3-ac0e-57d6-9b69-aa54ea7c4fb9"",""d07b7490-853e-562b-b662-305e89e7718d"",""596c0800-372d-5056-8a35-9f8661656bf4"",""d08816e6-d4d6-5f35-9de3-d86528fa7a96"",""2e126757-f17e-5ee2-93db-94d31ed944b2"",""5e1af4e2-330f-563f-b639-2d3cd8d276c8"",""49cd1889-2a56-5913-8723-929335f68874"",""82b898ba-3b6d-567f-8996-4f259b74547e"",""d38eb7d2-e78b-5c2f-93e4-2e34846e80e6"",""33effc64-dcfe-5ced-badf-c4df49f68dc1"",""a3a03b99-34c0-504b-b529-32b798db318a"",""8b3ec7b0-123f-5597-95f7-1fafc5810d01"",""035c5442-19b8-5a84-8a59-b352a9660279"",""d6d45010-72fa-5741-b733-88958a8795d2"",""ab8215e5-b753-5a6a-a4e7-ad9caf42eeac"",""1b20061c-b208-551a-b06c-81ffeff623fc"",""9b6d0913-2ae6-5dab-ab36-d05e1c51b208"",""a27c1fb2-edc1-57e6-9d74-adb5a13fed3b"",""4696448b-8c21-591b-80cc-7344ea0b95ec"",""c1d75a33-928c-5636-b99c-def1fb29e0f5"",""61eebfb6-2555-5bce-ba71-7a750427392a"",""aba074a1-d451-595d-bc12-e257adbe7383"",""1ca34094-ee4d-5962-a78a-174d361a9cd3"",""7edb0577-da07-5c6f-8391-bb90e9822165"",""d7c5d484-54dc-5d1e-a3ac-65d60267a12c"",""f416cc8b-3bc2-5c4c-a91c-c56faf748684""]",app/Http/Controllers/Study/UploadController.php,b1b0f501-fd4a-423b-8791-6b934ee412cb,True,84-114,"[""7feaea58-d15d-4b9f-905c-3a8603169c19""]",UP,Noah Fiedler,f8edaecf-8020-4564-bbf4-42b31ddc5d7a,447860c8-1d56-518b-88ad-7e103990b756,True,14,e1ca4b83-2ab7-4244-9293-0d1970714eda,A,"Der Code nimmt die Datei mit Laravels Request-Schnittstelle entgegen ($request->file('uploaded'), Z. 26), wählt Storage::disk('study_uploads') (Z. 84) und speichert das UploadedFile mit putFileAs unter dem Originalnamen (Z. 91–95). Die Disk ist korrekt auf storage/app/study/uploads konfiguriert (filesystems.php: 31–32); die Erfolgsmeldung wird aus demselben Namen als study/uploads/<Name> gebildet (Controller Z. 109–113).",True,2026-10-07T04:37:53.915621Z,human,2,972066a9-40db-412d-b51a-dd1bcb10681b,cfeaa0aa-6dd8-4858-8882-fd4719f86af4,1,explicit per metric; exact fractions and decimal display,,Menschliche lokale Selbstauskunft,observed,binary,1,decimal,A
M7-analysis-v5,f9faff59-3259-5804-8713-ca7f4006c343,2,e9cf9cb8af782dba885623dfbfd60980d42e42259e9654ecae36f604b6513896,C-UP-1,M6-T1-954073f0-890e-4881-a868-75c24f65c95f,3a03f471-2545-45d0-87bc-ee49fba849f4,e9cf9cb8af782dba885623dfbfd60980d42e42259e9654ecae36f604b6513896,e77ef2df-e148-4f50-b410-421003418966,8c6cccdc-37a3-46ac-82a5-a22d1d69000f,f8edaecf-8020-4564-bbf4-42b31ddc5d7a,2d9849af-4973-4fd8-a822-d8a60e17e5f5,81de6e6f-7d67-40af-b2be-f629e89085ed,completed,697a8773c39d3aeb811def2802fdfd50db20dd75d55c50f4e8cf44982a79f651,8e15ece0-8ea4-4d53-b1a9-80d5a0796af7,K1,2026-10-07T04:32:52.915974Z,T1,dbb63e68d4ed9e904fa985aa5b88d674205b6caab086a8d981ac8918a9c68fb5,empirical,"[""4afc763c-033e-501c-9c9c-453207d31e62"",""1fed9611-d0cc-51e5-86e7-4ba237c836a2"",""0e4d4039-5409-5be7-a300-ded85e9c22d7"",""1c4afc6f-6679-57b7-ab6b-cec3053e85a1"",""76216ff6-0dab-5f43-913f-741c2deb7596"",""fe7c5fea-171a-5d3e-b93c-b9d53dca7c67"",""784c942d-b222-5013-a2e4-de4aa477a143"",""2f2d84f4-6f41-5df7-a828-cc0a3d9cdddf"",""c68f6332-f200-5595-940d-e5bcad78f1fe"",""54c3aba8-cb42-5023-9591-5cdd68bdd7c5"",""b9ac296e-4c6c-5cdc-9e03-14868c124af2"",""022ddff9-4332-5ba5-b884-42537f220a0c"",""0d262496-18e1-5973-84a6-84fbda64d0ff"",""447860c8-1d56-518b-88ad-7e103990b756"",""616ecfda-7163-5a8d-ba60-01f623d8b124"",""656bacfc-b102-5379-8db2-2f9f127621e0"",""88f2e658-6155-5924-bc85-63fe2aabb08a"",""9f032fb3-90ca-5749-aff5-1065077ac10e"",""4d2e4005-a84b-525b-a492-d367c5e405d0"",""12b20e20-e117-5c00-83bc-e589b92b730e"",""e97a5398-37b9-5e89-91a9-9b3ae48d9534"",""7a8f92c5-5f85-593a-bf90-08e13c60a2e6"",""aa66f5e3-ac0e-57d6-9b69-aa54ea7c4fb9"",""d07b7490-853e-562b-b662-305e89e7718d"",""596c0800-372d-5056-8a35-9f8661656bf4"",""d08816e6-d4d6-5f35-9de3-d86528fa7a96"",""2e126757-f17e-5ee2-93db-94d31ed944b2"",""5e1af4e2-330f-563f-b639-2d3cd8d276c8"",""49cd1889-2a56-5913-8723-929335f68874"",""82b898ba-3b6d-567f-8996-4f259b74547e"",""d38eb7d2-e78b-5c2f-93e4-2e34846e80e6"",""33effc64-dcfe-5ced-badf-c4df49f68dc1"",""a3a03b99-34c0-504b-b529-32b798db318a"",""8b3ec7b0-123f-5597-95f7-1fafc5810d01"",""035c5442-19b8-5a84-8a59-b352a9660279"",""d6d45010-72fa-5741-b733-88958a8795d2"",""ab8215e5-b753-5a6a-a4e7-ad9caf42eeac"",""1b20061c-b208-551a-b06c-81ffeff623fc"",""9b6d0913-2ae6-5dab-ab36-d05e1c51b208"",""a27c1fb2-edc1-57e6-9d74-adb5a13fed3b"",""4696448b-8c21-591b-80cc-7344ea0b95ec"",""c1d75a33-928c-5636-b99c-def1fb29e0f5"",""61eebfb6-2555-5bce-ba71-7a750427392a"",""aba074a1-d451-595d-bc12-e257adbe7383"",""1ca34094-ee4d-5962-a78a-174d361a9cd3"",""7edb0577-da07-5c6f-8391-bb90e9822165"",""d7c5d484-54dc-5d1e-a3ac-65d60267a12c"",""f416cc8b-3bc2-5c4c-a91c-c56faf748684""]",,129aed09-3254-4d11-9bdd-530b1d102d22,True,,[],UP,M6-evaluator-v1,f8edaecf-8020-4564-bbf4-42b31ddc5d7a,447860c8-1d56-518b-88ad-7e103990b756,True,14,,A,Native syntax/boot plus independent intact scaffold control,True,2026-10-07T04:32:52.915962Z,automatic,1,972066a9-40db-412d-b51a-dd1bcb10681b,cfeaa0aa-6dd8-4858-8882-fd4719f86af4,1,explicit per metric; exact fractions and decimal display,,M6-evaluator-v1,observed,binary,1,decimal,A
M7-analysis-v5,f9faff59-3259-5804-8713-ca7f4006c343,2,e9cf9cb8af782dba885623dfbfd60980d42e42259e9654ecae36f604b6513896,C-UP-1,M6-T5-25272e53-afcc-4b61-a898-60f556d97ba1,1074cb95-b6ee-457f-8840-900a88d7f725,e9cf9cb8af782dba885623dfbfd60980d42e42259e9654ecae36f604b6513896,e77ef2df-e148-4f50-b410-421003418966,8c6cccdc-37a3-46ac-82a5-a22d1d69000f,f8edaecf-8020-4564-bbf4-42b31ddc5d7a,2d9849af-4973-4fd8-a822-d8a60e17e5f5,81de6e6f-7d67-40af-b2be-f629e89085ed,completed,697a8773c39d3aeb811def2802fdfd50db20dd75d55c50f4e8cf44982a79f651,8e15ece0-8ea4-4d53-b1a9-80d5a0796af7,K1,2026-10-07T04:32:52.940061Z,T5,dbb63e68d4ed9e904fa985aa5b88d674205b6caab086a8d981ac8918a9c68fb5,empirical,"[""4afc763c-033e-501c-9c9c-453207d31e62"",""1fed9611-d0cc-51e5-86e7-4ba237c836a2"",""0e4d4039-5409-5be7-a300-ded85e9c22d7"",""1c4afc6f-6679-57b7-ab6b-cec3053e85a1"",""76216ff6-0dab-5f43-913f-741c2deb7596"",""fe7c5fea-171a-5d3e-b93c-b9d53dca7c67"",""784c942d-b222-5013-a2e4-de4aa477a143"",""2f2d84f4-6f41-5df7-a828-cc0a3d9cdddf"",""c68f6332-f200-5595-940d-e5bcad78f1fe"",""54c3aba8-cb42-5023-9591-5cdd68bdd7c5"",""b9ac296e-4c6c-5cdc-9e03-14868c124af2"",""022ddff9-4332-5ba5-b884-42537f220a0c"",""0d262496-18e1-5973-84a6-84fbda64d0ff"",""447860c8-1d56-518b-88ad-7e103990b756"",""616ecfda-7163-5a8d-ba60-01f623d8b124"",""656bacfc-b102-5379-8db2-2f9f127621e0"",""88f2e658-6155-5924-bc85-63fe2aabb08a"",""9f032fb3-90ca-5749-aff5-1065077ac10e"",""4d2e4005-a84b-525b-a492-d367c5e405d0"",""12b20e20-e117-5c00-83bc-e589b92b730e"",""e97a5398-37b9-5e89-91a9-9b3ae48d9534"",""7a8f92c5-5f85-593a-bf90-08e13c60a2e6"",""aa66f5e3-ac0e-57d6-9b69-aa54ea7c4fb9"",""d07b7490-853e-562b-b662-305e89e7718d"",""596c0800-372d-5056-8a35-9f8661656bf4"",""d08816e6-d4d6-5f35-9de3-d86528fa7a96"",""2e126757-f17e-5ee2-93db-94d31ed944b2"",""5e1af4e2-330f-563f-b639-2d3cd8d276c8"",""49cd1889-2a56-5913-8723-929335f68874"",""82b898ba-3b6d-567f-8996-4f259b74547e"",""d38eb7d2-e78b-5c2f-93e4-2e34846e80e6"",""33effc64-dcfe-5ced-badf-c4df49f68dc1"",""a3a03b99-34c0-504b-b529-32b798db318a"",""8b3ec7b0-123f-5597-95f7-1fafc5810d01"",""035c5442-19b8-5a84-8a59-b352a9660279"",""d6d45010-72fa-5741-b733-88958a8795d2"",""ab8215e5-b753-5a6a-a4e7-ad9caf42eeac"",""1b20061c-b208-551a-b06c-81ffeff623fc"",""9b6d0913-2ae6-5dab-ab36-d05e1c51b208"",""a27c1fb2-edc1-57e6-9d74-adb5a13fed3b"",""4696448b-8c21-591b-80cc-7344ea0b95ec"",""c1d75a33-928c-5636-b99c-def1fb29e0f5"",""61eebfb6-2555-5bce-ba71-7a750427392a"",""aba074a1-d451-595d-bc12-e257adbe7383"",""1ca34094-ee4d-5962-a78a-174d361a9cd3"",""7edb0577-da07-5c6f-8391-bb90e9822165"",""d7c5d484-54dc-5d1e-a3ac-65d60267a12c"",""f416cc8b-3bc2-5c4c-a91c-c56faf748684""]",,7e2f7719-32b3-40b0-b1df-7d8cdc9e621c,True,,[],UP,M6-evaluator-v1,f8edaecf-8020-4564-bbf4-42b31ddc5d7a,447860c8-1d56-518b-88ad-7e103990b756,True,14,,A,Protected scaffold/allowlist and effective access routes against intact control; other semantic doubt stays open,True,2026-10-07T04:32:52.940048Z,automatic,1,972066a9-40db-412d-b51a-dd1bcb10681b,cfeaa0aa-6dd8-4858-8882-fd4719f86af4,1,explicit per metric; exact fractions and decimal display,,M6-evaluator-v1,observed,binary,1,decimal,A
M7-analysis-v5,f9faff59-3259-5804-8713-ca7f4006c343,2,12a588a973e24157d490acab23e57ec685cde24dfc7dc6390638cd1317a9a8cc,C-SQL-1,HUMAN-REVIEW-a7de8aff-87c0-4196-9291-10e35cffec3b,765442b2-6940-4283-bfc3-b6129a10858b,12a588a973e24157d490acab23e57ec685cde24dfc7dc6390638cd1317a9a8cc,07113be4-a891-4874-8154-dc2b3e16c791,8c6cccdc-37a3-46ac-82a5-a22d1d69000f,f8edaecf-8020-4564-bbf4-42b31ddc5d7a,2d9849af-4973-4fd8-a822-d8a60e17e5f5,81de6e6f-7d67-40af-b2be-f629e89085ed,completed,27b8151da86242809dca0369f6ae8205b3d9e19866f42442c95f91863350f15a,6f7f3a3c-8647-488b-b587-d1d430125ce9,K1,2026-10-07T04:51:31.006739Z,T2,dbb63e68d4ed9e904fa985aa5b88d674205b6caab086a8d981ac8918a9c68fb5,empirical,"[""4afc763c-033e-501c-9c9c-453207d31e62"",""1fed9611-d0cc-51e5-86e7-4ba237c836a2"",""0e4d4039-5409-5be7-a300-ded85e9c22d7"",""1c4afc6f-6679-57b7-ab6b-cec3053e85a1"",""76216ff6-0dab-5f43-913f-741c2deb7596"",""fe7c5fea-171a-5d3e-b93c-b9d53dca7c67"",""784c942d-b222-5013-a2e4-de4aa477a143"",""2f2d84f4-6f41-5df7-a828-cc0a3d9cdddf"",""c68f6332-f200-5595-940d-e5bcad78f1fe"",""54c3aba8-cb42-5023-9591-5cdd68bdd7c5"",""b9ac296e-4c6c-5cdc-9e03-14868c124af2"",""022ddff9-4332-5ba5-b884-42537f220a0c"",""0d262496-18e1-5973-84a6-84fbda64d0ff"",""447860c8-1d56-518b-88ad-7e103990b756"",""616ecfda-7163-5a8d-ba60-01f623d8b124"",""656bacfc-b102-5379-8db2-2f9f127621e0"",""88f2e658-6155-5924-bc85-63fe2aabb08a"",""9f032fb3-90ca-5749-aff5-1065077ac10e"",""4d2e4005-a84b-525b-a492-d367c5e405d0"",""12b20e20-e117-5c00-83bc-e589b92b730e"",""e97a5398-37b9-5e89-91a9-9b3ae48d9534"",""7a8f92c5-5f85-593a-bf90-08e13c60a2e6"",""aa66f5e3-ac0e-57d6-9b69-aa54ea7c4fb9"",""d07b7490-853e-562b-b662-305e89e7718d"",""596c0800-372d-5056-8a35-9f8661656bf4"",""d08816e6-d4d6-5f35-9de3-d86528fa7a96"",""2e126757-f17e-5ee2-93db-94d31ed944b2"",""5e1af4e2-330f-563f-b639-2d3cd8d276c8"",""49cd1889-2a56-5913-8723-929335f68874"",""82b898ba-3b6d-567f-8996-4f259b74547e"",""d38eb7d2-e78b-5c2f-93e4-2e34846e80e6"",""33effc64-dcfe-5ced-badf-c4df49f68dc1"",""a3a03b99-34c0-504b-b529-32b798db318a"",""8b3ec7b0-123f-5597-95f7-1fafc5810d01"",""035c5442-19b8-5a84-8a59-b352a9660279"",""d6d45010-72fa-5741-b733-88958a8795d2"",""ab8215e5-b753-5a6a-a4e7-ad9caf42eeac"",""1b20061c-b208-551a-b06c-81ffeff623fc"",""9b6d0913-2ae6-5dab-ab36-d05e1c51b208"",""a27c1fb2-edc1-57e6-9d74-adb5a13fed3b"",""4696448b-8c21-591b-80cc-7344ea0b95ec"",""c1d75a33-928c-5636-b99c-def1fb29e0f5"",""61eebfb6-2555-5bce-ba71-7a750427392a"",""aba074a1-d451-595d-bc12-e257adbe7383"",""1ca34094-ee4d-5962-a78a-174d361a9cd3"",""7edb0577-da07-5c6f-8391-bb90e9822165"",""d7c5d484-54dc-5d1e-a3ac-65d60267a12c"",""f416cc8b-3bc2-5c4c-a91c-c56faf748684""]",app/Http/Controllers/Study/SqlInjectionController.php,f7534eff-b353-40a0-a6bb-b3cd9a2d24cc,True,12-45,[],SQL,Noah Fiedler,f8edaecf-8020-4564-bbf4-42b31ddc5d7a,616ecfda-7163-5a8d-ba60-01f623d8b124,True,15,c2e9ed91-c48e-476f-85d0-8e1a17962d8d,A,"Die Route /study/sqli verweist auf SqlInjectionController::show. Die Methode unterscheidet die Formularanzeige ohne Submit, die Eingabevalidierung sowie die eigentliche Datenabfrage und verarbeitet die Modulaktion damit direkt im Controller. Es gibt im tatsächlich verwendeten app/-Code keine Hinweise auf Legacy-Ausführung oder alternative Skript-Einbindung.",True,2026-10-07T04:51:31.006727Z,human,2,972066a9-40db-412d-b51a-dd1bcb10681b,6c45fdb5-7960-4501-8cf4-04e09f4bcb87,1,explicit per metric; exact fractions and decimal display,,Menschliche lokale Selbstauskunft,observed,binary,1,decimal,A
M7-analysis-v5,f9faff59-3259-5804-8713-ca7f4006c343,2,12a588a973e24157d490acab23e57ec685cde24dfc7dc6390638cd1317a9a8cc,C-SQL-1,HUMAN-REVIEW-d0aae33b-aa63-4081-af97-5ed99f2aa96b,765442b2-6940-4283-bfc3-b6129a10858b,12a588a973e24157d490acab23e57ec685cde24dfc7dc6390638cd1317a9a8cc,07113be4-a891-4874-8154-dc2b3e16c791,8c6cccdc-37a3-46ac-82a5-a22d1d69000f,f8edaecf-8020-4564-bbf4-42b31ddc5d7a,2d9849af-4973-4fd8-a822-d8a60e17e5f5,81de6e6f-7d67-40af-b2be-f629e89085ed,completed,27b8151da86242809dca0369f6ae8205b3d9e19866f42442c95f91863350f15a,6f7f3a3c-8647-488b-b587-d1d430125ce9,K1,2026-10-07T04:52:08.121459Z,T4,dbb63e68d4ed9e904fa985aa5b88d674205b6caab086a8d981ac8918a9c68fb5,empirical,"[""4afc763c-033e-501c-9c9c-453207d31e62"",""1fed9611-d0cc-51e5-86e7-4ba237c836a2"",""0e4d4039-5409-5be7-a300-ded85e9c22d7"",""1c4afc6f-6679-57b7-ab6b-cec3053e85a1"",""76216ff6-0dab-5f43-913f-741c2deb7596"",""fe7c5fea-171a-5d3e-b93c-b9d53dca7c67"",""784c942d-b222-5013-a2e4-de4aa477a143"",""2f2d84f4-6f41-5df7-a828-cc0a3d9cdddf"",""c68f6332-f200-5595-940d-e5bcad78f1fe"",""54c3aba8-cb42-5023-9591-5cdd68bdd7c5"",""b9ac296e-4c6c-5cdc-9e03-14868c124af2"",""022ddff9-4332-5ba5-b884-42537f220a0c"",""0d262496-18e1-5973-84a6-84fbda64d0ff"",""447860c8-1d56-518b-88ad-7e103990b756"",""616ecfda-7163-5a8d-ba60-01f623d8b124"",""656bacfc-b102-5379-8db2-2f9f127621e0"",""88f2e658-6155-5924-bc85-63fe2aabb08a"",""9f032fb3-90ca-5749-aff5-1065077ac10e"",""4d2e4005-a84b-525b-a492-d367c5e405d0"",""12b20e20-e117-5c00-83bc-e589b92b730e"",""e97a5398-37b9-5e89-91a9-9b3ae48d9534"",""7a8f92c5-5f85-593a-bf90-08e13c60a2e6"",""aa66f5e3-ac0e-57d6-9b69-aa54ea7c4fb9"",""d07b7490-853e-562b-b662-305e89e7718d"",""596c0800-372d-5056-8a35-9f8661656bf4"",""d08816e6-d4d6-5f35-9de3-d86528fa7a96"",""2e126757-f17e-5ee2-93db-94d31ed944b2"",""5e1af4e2-330f-563f-b639-2d3cd8d276c8"",""49cd1889-2a56-5913-8723-929335f68874"",""82b898ba-3b6d-567f-8996-4f259b74547e"",""d38eb7d2-e78b-5c2f-93e4-2e34846e80e6"",""33effc64-dcfe-5ced-badf-c4df49f68dc1"",""a3a03b99-34c0-504b-b529-32b798db318a"",""8b3ec7b0-123f-5597-95f7-1fafc5810d01"",""035c5442-19b8-5a84-8a59-b352a9660279"",""d6d45010-72fa-5741-b733-88958a8795d2"",""ab8215e5-b753-5a6a-a4e7-ad9caf42eeac"",""1b20061c-b208-551a-b06c-81ffeff623fc"",""9b6d0913-2ae6-5dab-ab36-d05e1c51b208"",""a27c1fb2-edc1-57e6-9d74-adb5a13fed3b"",""4696448b-8c21-591b-80cc-7344ea0b95ec"",""c1d75a33-928c-5636-b99c-def1fb29e0f5"",""61eebfb6-2555-5bce-ba71-7a750427392a"",""aba074a1-d451-595d-bc12-e257adbe7383"",""1ca34094-ee4d-5962-a78a-174d361a9cd3"",""7edb0577-da07-5c6f-8391-bb90e9822165"",""d7c5d484-54dc-5d1e-a3ac-65d60267a12c"",""f416cc8b-3bc2-5c4c-a91c-c56faf748684""]",app/Http/Controllers/Study/SqlInjectionController.php,02924108-9074-4f65-be7a-9c3da6c1d458,True,34-45,"[""9558b6ef-9783-429d-8e0b-be2f79b33e53""]",SQL,Noah Fiedler,f8edaecf-8020-4564-bbf4-42b31ddc5d7a,616ecfda-7163-5a8d-ba60-01f623d8b124,True,15,20d2546e-4b32-43fa-b959-ae9acca7acfa,A,Der Code belegt einen echten Laravel-Query-Builder-Zugriff über DB::connection('mysql') auf die Tabelle users. Er liest first_name und last_name anhand der übergebenen id; genau dieses Ergebnisobjekt wird anschließend an Blade übergeben. Die Prüfkopie bindet außerdem die bereitgestellten SQL-Dateien als MySQL-Initialisierung ein.,True,2026-10-07T04:52:08.121452Z,human,2,972066a9-40db-412d-b51a-dd1bcb10681b,6c45fdb5-7960-4501-8cf4-04e09f4bcb87,1,explicit per metric; exact fractions and decimal display,,Menschliche lokale Selbstauskunft,observed,binary,1,decimal,A
M7-analysis-v5,f9faff59-3259-5804-8713-ca7f4006c343,2,12a588a973e24157d490acab23e57ec685cde24dfc7dc6390638cd1317a9a8cc,C-SQL-1,HUMAN-REVIEW-d43146fa-86af-401a-8c26-de414e9692a9,de60bc82-f96d-476f-91f5-f40790a62ba2,12a588a973e24157d490acab23e57ec685cde24dfc7dc6390638cd1317a9a8cc,07113be4-a891-4874-8154-dc2b3e16c791,8c6cccdc-37a3-46ac-82a5-a22d1d69000f,f8edaecf-8020-4564-bbf4-42b31ddc5d7a,2d9849af-4973-4fd8-a822-d8a60e17e5f5,81de6e6f-7d67-40af-b2be-f629e89085ed,completed,27b8151da86242809dca0369f6ae8205b3d9e19866f42442c95f91863350f15a,6f7f3a3c-8647-488b-b587-d1d430125ce9,K1,2026-10-07T04:51:44.644333Z,T3,dbb63e68d4ed9e904fa985aa5b88d674205b6caab086a8d981ac8918a9c68fb5,empirical,"[""4afc763c-033e-501c-9c9c-453207d31e62"",""1fed9611-d0cc-51e5-86e7-4ba237c836a2"",""0e4d4039-5409-5be7-a300-ded85e9c22d7"",""1c4afc6f-6679-57b7-ab6b-cec3053e85a1"",""76216ff6-0dab-5f43-913f-741c2deb7596"",""fe7c5fea-171a-5d3e-b93c-b9d53dca7c67"",""784c942d-b222-5013-a2e4-de4aa477a143"",""2f2d84f4-6f41-5df7-a828-cc0a3d9cdddf"",""c68f6332-f200-5595-940d-e5bcad78f1fe"",""54c3aba8-cb42-5023-9591-5cdd68bdd7c5"",""b9ac296e-4c6c-5cdc-9e03-14868c124af2"",""022ddff9-4332-5ba5-b884-42537f220a0c"",""0d262496-18e1-5973-84a6-84fbda64d0ff"",""447860c8-1d56-518b-88ad-7e103990b756"",""616ecfda-7163-5a8d-ba60-01f623d8b124"",""656bacfc-b102-5379-8db2-2f9f127621e0"",""88f2e658-6155-5924-bc85-63fe2aabb08a"",""9f032fb3-90ca-5749-aff5-1065077ac10e"",""4d2e4005-a84b-525b-a492-d367c5e405d0"",""12b20e20-e117-5c00-83bc-e589b92b730e"",""e97a5398-37b9-5e89-91a9-9b3ae48d9534"",""7a8f92c5-5f85-593a-bf90-08e13c60a2e6"",""aa66f5e3-ac0e-57d6-9b69-aa54ea7c4fb9"",""d07b7490-853e-562b-b662-305e89e7718d"",""596c0800-372d-5056-8a35-9f8661656bf4"",""d08816e6-d4d6-5f35-9de3-d86528fa7a96"",""2e126757-f17e-5ee2-93db-94d31ed944b2"",""5e1af4e2-330f-563f-b639-2d3cd8d276c8"",""49cd1889-2a56-5913-8723-929335f68874"",""82b898ba-3b6d-567f-8996-4f259b74547e"",""d38eb7d2-e78b-5c2f-93e4-2e34846e80e6"",""33effc64-dcfe-5ced-badf-c4df49f68dc1"",""a3a03b99-34c0-504b-b529-32b798db318a"",""8b3ec7b0-123f-5597-95f7-1fafc5810d01"",""035c5442-19b8-5a84-8a59-b352a9660279"",""d6d45010-72fa-5741-b733-88958a8795d2"",""ab8215e5-b753-5a6a-a4e7-ad9caf42eeac"",""1b20061c-b208-551a-b06c-81ffeff623fc"",""9b6d0913-2ae6-5dab-ab36-d05e1c51b208"",""a27c1fb2-edc1-57e6-9d74-adb5a13fed3b"",""4696448b-8c21-591b-80cc-7344ea0b95ec"",""c1d75a33-928c-5636-b99c-def1fb29e0f5"",""61eebfb6-2555-5bce-ba71-7a750427392a"",""aba074a1-d451-595d-bc12-e257adbe7383"",""1ca34094-ee4d-5962-a78a-174d361a9cd3"",""7edb0577-da07-5c6f-8391-bb90e9822165"",""d7c5d484-54dc-5d1e-a3ac-65d60267a12c"",""f416cc8b-3bc2-5c4c-a91c-c56faf748684""]",resources/views/study/sqli.blade.php,20824da8-a02b-44de-8c17-934d46d20e43,True,10-22,[],SQL,Noah Fiedler,f8edaecf-8020-4564-bbf4-42b31ddc5d7a,616ecfda-7163-5a8d-ba60-01f623d8b124,True,15,6b093f58-c1ff-46db-8eb4-a6201b7958a4,A,"Sämtliche Antwortzweige des Controllers erzeugen die View study.sqli per response()->view(...). Die Blade-Datei enthält sowohl das GET-Formular als auch die bedingte Ergebnisausgabe einschließlich Status sowie Vor- und Nachname. Dadurch umgehen weder Erfolgs-, Negativ- noch Eingabefehlerpfad Blade.",True,2026-10-07T04:51:44.644326Z,human,2,972066a9-40db-412d-b51a-dd1bcb10681b,6c45fdb5-7960-4501-8cf4-04e09f4bcb87,1,explicit per metric; exact fractions and decimal display,,Menschliche lokale Selbstauskunft,observed,binary,1,decimal,A
M7-analysis-v5,f9faff59-3259-5804-8713-ca7f4006c343,2,12a588a973e24157d490acab23e57ec685cde24dfc7dc6390638cd1317a9a8cc,C-SQL-1,M6-T1-065f2353-0b12-4ae7-8d1e-5b0e5d6bd50d,4371c921-c514-417a-b03f-44a25226ca98,12a588a973e24157d490acab23e57ec685cde24dfc7dc6390638cd1317a9a8cc,07113be4-a891-4874-8154-dc2b3e16c791,8c6cccdc-37a3-46ac-82a5-a22d1d69000f,f8edaecf-8020-4564-bbf4-42b31ddc5d7a,2d9849af-4973-4fd8-a822-d8a60e17e5f5,81de6e6f-7d67-40af-b2be-f629e89085ed,completed,27b8151da86242809dca0369f6ae8205b3d9e19866f42442c95f91863350f15a,6f7f3a3c-8647-488b-b587-d1d430125ce9,K1,2026-10-07T04:47:48.977867Z,T1,dbb63e68d4ed9e904fa985aa5b88d674205b6caab086a8d981ac8918a9c68fb5,empirical,"[""4afc763c-033e-501c-9c9c-453207d31e62"",""1fed9611-d0cc-51e5-86e7-4ba237c836a2"",""0e4d4039-5409-5be7-a300-ded85e9c22d7"",""1c4afc6f-6679-57b7-ab6b-cec3053e85a1"",""76216ff6-0dab-5f43-913f-741c2deb7596"",""fe7c5fea-171a-5d3e-b93c-b9d53dca7c67"",""784c942d-b222-5013-a2e4-de4aa477a143"",""2f2d84f4-6f41-5df7-a828-cc0a3d9cdddf"",""c68f6332-f200-5595-940d-e5bcad78f1fe"",""54c3aba8-cb42-5023-9591-5cdd68bdd7c5"",""b9ac296e-4c6c-5cdc-9e03-14868c124af2"",""022ddff9-4332-5ba5-b884-42537f220a0c"",""0d262496-18e1-5973-84a6-84fbda64d0ff"",""447860c8-1d56-518b-88ad-7e103990b756"",""616ecfda-7163-5a8d-ba60-01f623d8b124"",""656bacfc-b102-5379-8db2-2f9f127621e0"",""88f2e658-6155-5924-bc85-63fe2aabb08a"",""9f032fb3-90ca-5749-aff5-1065077ac10e"",""4d2e4005-a84b-525b-a492-d367c5e405d0"",""12b20e20-e117-5c00-83bc-e589b92b730e"",""e97a5398-37b9-5e89-91a9-9b3ae48d9534"",""7a8f92c5-5f85-593a-bf90-08e13c60a2e6"",""aa66f5e3-ac0e-57d6-9b69-aa54ea7c4fb9"",""d07b7490-853e-562b-b662-305e89e7718d"",""596c0800-372d-5056-8a35-9f8661656bf4"",""d08816e6-d4d6-5f35-9de3-d86528fa7a96"",""2e126757-f17e-5ee2-93db-94d31ed944b2"",""5e1af4e2-330f-563f-b639-2d3cd8d276c8"",""49cd1889-2a56-5913-8723-929335f68874"",""82b898ba-3b6d-567f-8996-4f259b74547e"",""d38eb7d2-e78b-5c2f-93e4-2e34846e80e6"",""33effc64-dcfe-5ced-badf-c4df49f68dc1"",""a3a03b99-34c0-504b-b529-32b798db318a"",""8b3ec7b0-123f-5597-95f7-1fafc5810d01"",""035c5442-19b8-5a84-8a59-b352a9660279"",""d6d45010-72fa-5741-b733-88958a8795d2"",""ab8215e5-b753-5a6a-a4e7-ad9caf42eeac"",""1b20061c-b208-551a-b06c-81ffeff623fc"",""9b6d0913-2ae6-5dab-ab36-d05e1c51b208"",""a27c1fb2-edc1-57e6-9d74-adb5a13fed3b"",""4696448b-8c21-591b-80cc-7344ea0b95ec"",""c1d75a33-928c-5636-b99c-def1fb29e0f5"",""61eebfb6-2555-5bce-ba71-7a750427392a"",""aba074a1-d451-595d-bc12-e257adbe7383"",""1ca34094-ee4d-5962-a78a-174d361a9cd3"",""7edb0577-da07-5c6f-8391-bb90e9822165"",""d7c5d484-54dc-5d1e-a3ac-65d60267a12c"",""f416cc8b-3bc2-5c4c-a91c-c56faf748684""]",,c125ffd2-a0bb-461d-90ae-7c12ae057c65,True,,[],SQL,M6-evaluator-v1,f8edaecf-8020-4564-bbf4-42b31ddc5d7a,616ecfda-7163-5a8d-ba60-01f623d8b124,True,15,,A,Native syntax/boot plus independent intact scaffold control,True,2026-10-07T04:47:48.977853Z,automatic,1,972066a9-40db-412d-b51a-dd1bcb10681b,6c45fdb5-7960-4501-8cf4-04e09f4bcb87,1,explicit per metric; exact fractions and decimal display,,M6-evaluator-v1,observed,binary,1,decimal,A
M7-analysis-v5,f9faff59-3259-5804-8713-ca7f4006c343,2,12a588a973e24157d490acab23e57ec685cde24dfc7dc6390638cd1317a9a8cc,C-SQL-1,M6-T5-8dab23da-c937-4b55-a5d4-ec190c9179c2,ff8730e2-df5c-4132-aa7d-ab5b6888dfe4,12a588a973e24157d490acab23e57ec685cde24dfc7dc6390638cd1317a9a8cc,07113be4-a891-4874-8154-dc2b3e16c791,8c6cccdc-37a3-46ac-82a5-a22d1d69000f,f8edaecf-8020-4564-bbf4-42b31ddc5d7a,2d9849af-4973-4fd8-a822-d8a60e17e5f5,81de6e6f-7d67-40af-b2be-f629e89085ed,completed,27b8151da86242809dca0369f6ae8205b3d9e19866f42442c95f91863350f15a,6f7f3a3c-8647-488b-b587-d1d430125ce9,K1,2026-10-07T04:47:48.992883Z,T5,dbb63e68d4ed9e904fa985aa5b88d674205b6caab086a8d981ac8918a9c68fb5,empirical,"[""4afc763c-033e-501c-9c9c-453207d31e62"",""1fed9611-d0cc-51e5-86e7-4ba237c836a2"",""0e4d4039-5409-5be7-a300-ded85e9c22d7"",""1c4afc6f-6679-57b7-ab6b-cec3053e85a1"",""76216ff6-0dab-5f43-913f-741c2deb7596"",""fe7c5fea-171a-5d3e-b93c-b9d53dca7c67"",""784c942d-b222-5013-a2e4-de4aa477a143"",""2f2d84f4-6f41-5df7-a828-cc0a3d9cdddf"",""c68f6332-f200-5595-940d-e5bcad78f1fe"",""54c3aba8-cb42-5023-9591-5cdd68bdd7c5"",""b9ac296e-4c6c-5cdc-9e03-14868c124af2"",""022ddff9-4332-5ba5-b884-42537f220a0c"",""0d262496-18e1-5973-84a6-84fbda64d0ff"",""447860c8-1d56-518b-88ad-7e103990b756"",""616ecfda-7163-5a8d-ba60-01f623d8b124"",""656bacfc-b102-5379-8db2-2f9f127621e0"",""88f2e658-6155-5924-bc85-63fe2aabb08a"",""9f032fb3-90ca-5749-aff5-1065077ac10e"",""4d2e4005-a84b-525b-a492-d367c5e405d0"",""12b20e20-e117-5c00-83bc-e589b92b730e"",""e97a5398-37b9-5e89-91a9-9b3ae48d9534"",""7a8f92c5-5f85-593a-bf90-08e13c60a2e6"",""aa66f5e3-ac0e-57d6-9b69-aa54ea7c4fb9"",""d07b7490-853e-562b-b662-305e89e7718d"",""596c0800-372d-5056-8a35-9f8661656bf4"",""d08816e6-d4d6-5f35-9de3-d86528fa7a96"",""2e126757-f17e-5ee2-93db-94d31ed944b2"",""5e1af4e2-330f-563f-b639-2d3cd8d276c8"",""49cd1889-2a56-5913-8723-929335f68874"",""82b898ba-3b6d-567f-8996-4f259b74547e"",""d38eb7d2-e78b-5c2f-93e4-2e34846e80e6"",""33effc64-dcfe-5ced-badf-c4df49f68dc1"",""a3a03b99-34c0-504b-b529-32b798db318a"",""8b3ec7b0-123f-5597-95f7-1fafc5810d01"",""035c5442-19b8-5a84-8a59-b352a9660279"",""d6d45010-72fa-5741-b733-88958a8795d2"",""ab8215e5-b753-5a6a-a4e7-ad9caf42eeac"",""1b20061c-b208-551a-b06c-81ffeff623fc"",""9b6d0913-2ae6-5dab-ab36-d05e1c51b208"",""a27c1fb2-edc1-57e6-9d74-adb5a13fed3b"",""4696448b-8c21-591b-80cc-7344ea0b95ec"",""c1d75a33-928c-5636-b99c-def1fb29e0f5"",""61eebfb6-2555-5bce-ba71-7a750427392a"",""aba074a1-d451-595d-bc12-e257adbe7383"",""1ca34094-ee4d-5962-a78a-174d361a9cd3"",""7edb0577-da07-5c6f-8391-bb90e9822165"",""d7c5d484-54dc-5d1e-a3ac-65d60267a12c"",""f416cc8b-3bc2-5c4c-a91c-c56faf748684""]",,40685244-e1e1-4e9b-ad36-21fd276e9b82,True,,[],SQL,M6-evaluator-v1,f8edaecf-8020-4564-bbf4-42b31ddc5d7a,616ecfda-7163-5a8d-ba60-01f623d8b124,True,15,,A,Protected scaffold/allowlist and effective access routes against intact control; other semantic doubt stays open,True,2026-10-07T04:47:48.992876Z,automatic,1,972066a9-40db-412d-b51a-dd1bcb10681b,6c45fdb5-7960-4501-8cf4-04e09f4bcb87,1,explicit per metric; exact fractions and decimal display,,M6-evaluator-v1,observed,binary,1,decimal,A
M7-analysis-v5,f9faff59-3259-5804-8713-ca7f4006c343,2,ab3de02cd2dcb666e4e84e0e76df1f61b62c2df3fb548bf556f8f158f2bf18c7,C-UP-0,HUMAN-REVIEW-1a2a623a-dfd2-4473-8f2e-c4e063bd1cea,522bfe03-e0eb-4743-9dab-137e0b632734,ab3de02cd2dcb666e4e84e0e76df1f61b62c2df3fb548bf556f8f158f2bf18c7,c3667909-126d-49f1-bf20-c15c15e92360,8c6cccdc-37a3-46ac-82a5-a22d1d69000f,f8edaecf-8020-4564-bbf4-42b31ddc5d7a,2d9849af-4973-4fd8-a822-d8a60e17e5f5,81de6e6f-7d67-40af-b2be-f629e89085ed,completed,c9b1cb0ac1f796fd7d6ed58a0ff22c16832977bd6a97c5a7afbce6e1adc06824,bc62af86-8509-48fe-a3bb-42e1d77fa60f,K0,2026-10-07T05:09:29.905822Z,T2,dbb63e68d4ed9e904fa985aa5b88d674205b6caab086a8d981ac8918a9c68fb5,empirical,"[""4afc763c-033e-501c-9c9c-453207d31e62"",""1fed9611-d0cc-51e5-86e7-4ba237c836a2"",""0e4d4039-5409-5be7-a300-ded85e9c22d7"",""1c4afc6f-6679-57b7-ab6b-cec3053e85a1"",""76216ff6-0dab-5f43-913f-741c2deb7596"",""fe7c5fea-171a-5d3e-b93c-b9d53dca7c67"",""784c942d-b222-5013-a2e4-de4aa477a143"",""2f2d84f4-6f41-5df7-a828-cc0a3d9cdddf"",""c68f6332-f200-5595-940d-e5bcad78f1fe"",""54c3aba8-cb42-5023-9591-5cdd68bdd7c5"",""b9ac296e-4c6c-5cdc-9e03-14868c124af2"",""022ddff9-4332-5ba5-b884-42537f220a0c"",""0d262496-18e1-5973-84a6-84fbda64d0ff"",""447860c8-1d56-518b-88ad-7e103990b756"",""616ecfda-7163-5a8d-ba60-01f623d8b124"",""656bacfc-b102-5379-8db2-2f9f127621e0"",""88f2e658-6155-5924-bc85-63fe2aabb08a"",""9f032fb3-90ca-5749-aff5-1065077ac10e"",""4d2e4005-a84b-525b-a492-d367c5e405d0"",""12b20e20-e117-5c00-83bc-e589b92b730e"",""e97a5398-37b9-5e89-91a9-9b3ae48d9534"",""7a8f92c5-5f85-593a-bf90-08e13c60a2e6"",""aa66f5e3-ac0e-57d6-9b69-aa54ea7c4fb9"",""d07b7490-853e-562b-b662-305e89e7718d"",""596c0800-372d-5056-8a35-9f8661656bf4"",""d08816e6-d4d6-5f35-9de3-d86528fa7a96"",""2e126757-f17e-5ee2-93db-94d31ed944b2"",""5e1af4e2-330f-563f-b639-2d3cd8d276c8"",""49cd1889-2a56-5913-8723-929335f68874"",""82b898ba-3b6d-567f-8996-4f259b74547e"",""d38eb7d2-e78b-5c2f-93e4-2e34846e80e6"",""33effc64-dcfe-5ced-badf-c4df49f68dc1"",""a3a03b99-34c0-504b-b529-32b798db318a"",""8b3ec7b0-123f-5597-95f7-1fafc5810d01"",""035c5442-19b8-5a84-8a59-b352a9660279"",""d6d45010-72fa-5741-b733-88958a8795d2"",""ab8215e5-b753-5a6a-a4e7-ad9caf42eeac"",""1b20061c-b208-551a-b06c-81ffeff623fc"",""9b6d0913-2ae6-5dab-ab36-d05e1c51b208"",""a27c1fb2-edc1-57e6-9d74-adb5a13fed3b"",""4696448b-8c21-591b-80cc-7344ea0b95ec"",""c1d75a33-928c-5636-b99c-def1fb29e0f5"",""61eebfb6-2555-5bce-ba71-7a750427392a"",""aba074a1-d451-595d-bc12-e257adbe7383"",""1ca34094-ee4d-5962-a78a-174d361a9cd3"",""7edb0577-da07-5c6f-8391-bb90e9822165"",""d7c5d484-54dc-5d1e-a3ac-65d60267a12c"",""f416cc8b-3bc2-5c4c-a91c-c56faf748684""]",app/Http/Controllers/Study/UploadController.php,cc088d06-4510-441f-bb84-8815511bc8cb,True,20-37,[],UP,Noah Fiedler,f8edaecf-8020-4564-bbf4-42b31ddc5d7a,656bacfc-b102-5379-8db2-2f9f127621e0,True,16,51d093a7-99b1-4d70-a1aa-f0baecdedd7b,A,"GET und POST für /study/upload sind in study.php Z. 6-7 den Methoden form bzw. upload zugeordnet. form() gibt die Seitendarstellung zurück (Controller Z. 15-18). upload() verarbeitet den POST-Request, prüft das Aktionsfeld und liest die hochgeladene Datei über $request->file('uploaded'). Keine Legacy-Einbindung festgestellt.",True,2026-10-07T05:09:29.905811Z,human,2,972066a9-40db-412d-b51a-dd1bcb10681b,91d2cc0f-ca64-4f35-a998-b56d0438b753,1,explicit per metric; exact fractions and decimal display,,Menschliche lokale Selbstauskunft,observed,binary,1,decimal,A
M7-analysis-v5,f9faff59-3259-5804-8713-ca7f4006c343,2,ab3de02cd2dcb666e4e84e0e76df1f61b62c2df3fb548bf556f8f158f2bf18c7,C-UP-0,HUMAN-REVIEW-5dfbd9e9-2701-4879-b43e-366052dd59e8,522bfe03-e0eb-4743-9dab-137e0b632734,ab3de02cd2dcb666e4e84e0e76df1f61b62c2df3fb548bf556f8f158f2bf18c7,c3667909-126d-49f1-bf20-c15c15e92360,8c6cccdc-37a3-46ac-82a5-a22d1d69000f,f8edaecf-8020-4564-bbf4-42b31ddc5d7a,2d9849af-4973-4fd8-a822-d8a60e17e5f5,81de6e6f-7d67-40af-b2be-f629e89085ed,completed,c9b1cb0ac1f796fd7d6ed58a0ff22c16832977bd6a97c5a7afbce6e1adc06824,bc62af86-8509-48fe-a3bb-42e1d77fa60f,K0,2026-10-07T05:10:14.976122Z,T4,dbb63e68d4ed9e904fa985aa5b88d674205b6caab086a8d981ac8918a9c68fb5,empirical,"[""4afc763c-033e-501c-9c9c-453207d31e62"",""1fed9611-d0cc-51e5-86e7-4ba237c836a2"",""0e4d4039-5409-5be7-a300-ded85e9c22d7"",""1c4afc6f-6679-57b7-ab6b-cec3053e85a1"",""76216ff6-0dab-5f43-913f-741c2deb7596"",""fe7c5fea-171a-5d3e-b93c-b9d53dca7c67"",""784c942d-b222-5013-a2e4-de4aa477a143"",""2f2d84f4-6f41-5df7-a828-cc0a3d9cdddf"",""c68f6332-f200-5595-940d-e5bcad78f1fe"",""54c3aba8-cb42-5023-9591-5cdd68bdd7c5"",""b9ac296e-4c6c-5cdc-9e03-14868c124af2"",""022ddff9-4332-5ba5-b884-42537f220a0c"",""0d262496-18e1-5973-84a6-84fbda64d0ff"",""447860c8-1d56-518b-88ad-7e103990b756"",""616ecfda-7163-5a8d-ba60-01f623d8b124"",""656bacfc-b102-5379-8db2-2f9f127621e0"",""88f2e658-6155-5924-bc85-63fe2aabb08a"",""9f032fb3-90ca-5749-aff5-1065077ac10e"",""4d2e4005-a84b-525b-a492-d367c5e405d0"",""12b20e20-e117-5c00-83bc-e589b92b730e"",""e97a5398-37b9-5e89-91a9-9b3ae48d9534"",""7a8f92c5-5f85-593a-bf90-08e13c60a2e6"",""aa66f5e3-ac0e-57d6-9b69-aa54ea7c4fb9"",""d07b7490-853e-562b-b662-305e89e7718d"",""596c0800-372d-5056-8a35-9f8661656bf4"",""d08816e6-d4d6-5f35-9de3-d86528fa7a96"",""2e126757-f17e-5ee2-93db-94d31ed944b2"",""5e1af4e2-330f-563f-b639-2d3cd8d276c8"",""49cd1889-2a56-5913-8723-929335f68874"",""82b898ba-3b6d-567f-8996-4f259b74547e"",""d38eb7d2-e78b-5c2f-93e4-2e34846e80e6"",""33effc64-dcfe-5ced-badf-c4df49f68dc1"",""a3a03b99-34c0-504b-b529-32b798db318a"",""8b3ec7b0-123f-5597-95f7-1fafc5810d01"",""035c5442-19b8-5a84-8a59-b352a9660279"",""d6d45010-72fa-5741-b733-88958a8795d2"",""ab8215e5-b753-5a6a-a4e7-ad9caf42eeac"",""1b20061c-b208-551a-b06c-81ffeff623fc"",""9b6d0913-2ae6-5dab-ab36-d05e1c51b208"",""a27c1fb2-edc1-57e6-9d74-adb5a13fed3b"",""4696448b-8c21-591b-80cc-7344ea0b95ec"",""c1d75a33-928c-5636-b99c-def1fb29e0f5"",""61eebfb6-2555-5bce-ba71-7a750427392a"",""aba074a1-d451-595d-bc12-e257adbe7383"",""1ca34094-ee4d-5962-a78a-174d361a9cd3"",""7edb0577-da07-5c6f-8391-bb90e9822165"",""d7c5d484-54dc-5d1e-a3ac-65d60267a12c"",""f416cc8b-3bc2-5c4c-a91c-c56faf748684""]",app/Http/Controllers/Study/UploadController.php,6ff363ca-4537-4db8-929d-d3f447b92531,True,65-79,"[""31db9b4c-8437-4c3b-bfc4-d18a63f63a44""]",UP,Noah Fiedler,f8edaecf-8020-4564-bbf4-42b31ddc5d7a,656bacfc-b102-5379-8db2-2f9f127621e0,True,16,7dc27ed9-928e-4cae-b6a5-1007e94f7c5e,A,"Der Code verwendet nachvollziehbar die Laravel-Speicherschnittstelle Storage::disk('study_uploads') und schreibt zunächst in eine Staging-Datei (Z. 65, 72-79). Er verschiebt die Datei danach unter dem Originalnamen auf dieselbe Disk (UploadController.php Z. 117-144) und gibt study/uploads/<Originalname> zurück (Z. 144). Die Disk ist korrekt mit Wurzel storage/app/study/uploads konfiguriert (filesystems.php Z. 31-32).",True,2026-10-07T05:10:14.976117Z,human,2,972066a9-40db-412d-b51a-dd1bcb10681b,91d2cc0f-ca64-4f35-a998-b56d0438b753,1,explicit per metric; exact fractions and decimal display,,Menschliche lokale Selbstauskunft,observed,binary,1,decimal,A
M7-analysis-v5,f9faff59-3259-5804-8713-ca7f4006c343,2,ab3de02cd2dcb666e4e84e0e76df1f61b62c2df3fb548bf556f8f158f2bf18c7,C-UP-0,HUMAN-REVIEW-d58a9400-b6ab-47a7-89ac-b46d3f422f48,1ad4820c-a781-4839-84fd-5881808a722d,ab3de02cd2dcb666e4e84e0e76df1f61b62c2df3fb548bf556f8f158f2bf18c7,c3667909-126d-49f1-bf20-c15c15e92360,8c6cccdc-37a3-46ac-82a5-a22d1d69000f,f8edaecf-8020-4564-bbf4-42b31ddc5d7a,2d9849af-4973-4fd8-a822-d8a60e17e5f5,81de6e6f-7d67-40af-b2be-f629e89085ed,completed,c9b1cb0ac1f796fd7d6ed58a0ff22c16832977bd6a97c5a7afbce6e1adc06824,bc62af86-8509-48fe-a3bb-42e1d77fa60f,K0,2026-10-07T05:09:43.664419Z,T3,dbb63e68d4ed9e904fa985aa5b88d674205b6caab086a8d981ac8918a9c68fb5,empirical,"[""4afc763c-033e-501c-9c9c-453207d31e62"",""1fed9611-d0cc-51e5-86e7-4ba237c836a2"",""0e4d4039-5409-5be7-a300-ded85e9c22d7"",""1c4afc6f-6679-57b7-ab6b-cec3053e85a1"",""76216ff6-0dab-5f43-913f-741c2deb7596"",""fe7c5fea-171a-5d3e-b93c-b9d53dca7c67"",""784c942d-b222-5013-a2e4-de4aa477a143"",""2f2d84f4-6f41-5df7-a828-cc0a3d9cdddf"",""c68f6332-f200-5595-940d-e5bcad78f1fe"",""54c3aba8-cb42-5023-9591-5cdd68bdd7c5"",""b9ac296e-4c6c-5cdc-9e03-14868c124af2"",""022ddff9-4332-5ba5-b884-42537f220a0c"",""0d262496-18e1-5973-84a6-84fbda64d0ff"",""447860c8-1d56-518b-88ad-7e103990b756"",""616ecfda-7163-5a8d-ba60-01f623d8b124"",""656bacfc-b102-5379-8db2-2f9f127621e0"",""88f2e658-6155-5924-bc85-63fe2aabb08a"",""9f032fb3-90ca-5749-aff5-1065077ac10e"",""4d2e4005-a84b-525b-a492-d367c5e405d0"",""12b20e20-e117-5c00-83bc-e589b92b730e"",""e97a5398-37b9-5e89-91a9-9b3ae48d9534"",""7a8f92c5-5f85-593a-bf90-08e13c60a2e6"",""aa66f5e3-ac0e-57d6-9b69-aa54ea7c4fb9"",""d07b7490-853e-562b-b662-305e89e7718d"",""596c0800-372d-5056-8a35-9f8661656bf4"",""d08816e6-d4d6-5f35-9de3-d86528fa7a96"",""2e126757-f17e-5ee2-93db-94d31ed944b2"",""5e1af4e2-330f-563f-b639-2d3cd8d276c8"",""49cd1889-2a56-5913-8723-929335f68874"",""82b898ba-3b6d-567f-8996-4f259b74547e"",""d38eb7d2-e78b-5c2f-93e4-2e34846e80e6"",""33effc64-dcfe-5ced-badf-c4df49f68dc1"",""a3a03b99-34c0-504b-b529-32b798db318a"",""8b3ec7b0-123f-5597-95f7-1fafc5810d01"",""035c5442-19b8-5a84-8a59-b352a9660279"",""d6d45010-72fa-5741-b733-88958a8795d2"",""ab8215e5-b753-5a6a-a4e7-ad9caf42eeac"",""1b20061c-b208-551a-b06c-81ffeff623fc"",""9b6d0913-2ae6-5dab-ab36-d05e1c51b208"",""a27c1fb2-edc1-57e6-9d74-adb5a13fed3b"",""4696448b-8c21-591b-80cc-7344ea0b95ec"",""c1d75a33-928c-5636-b99c-def1fb29e0f5"",""61eebfb6-2555-5bce-ba71-7a750427392a"",""aba074a1-d451-595d-bc12-e257adbe7383"",""1ca34094-ee4d-5962-a78a-174d361a9cd3"",""7edb0577-da07-5c6f-8391-bb90e9822165"",""d7c5d484-54dc-5d1e-a3ac-65d60267a12c"",""f416cc8b-3bc2-5c4c-a91c-c56faf748684""]",resources/views/study/upload.blade.php,2f47c9e8-ac3d-46c8-8406-2a50665f4bb6,True,9-15,[],UP,Noah Fiedler,f8edaecf-8020-4564-bbf4-42b31ddc5d7a,656bacfc-b102-5379-8db2-2f9f127621e0,True,16,f644e757-0e41-426c-93a8-fc314d24c7eb,A,"Alle GET- und POST-Antworten werden zentral per response()->view('study.upload', …) erzeugt (UploadController.php Z. 204-213). Die Blade-View enthält das Multipart-Formular, CSRF-Token, Dateifeld und Aktionsfeld (Z. 9-14); sie gibt Status und bei Erfolg den Pfad per Blade-Bedingungen aus (Z. 15). Der Controller übergibt sowohl INPUT_ERROR als auch UPLOAD_ERROR über diese View, z. B. Z. 34, 83 und 129.",True,2026-10-07T05:09:43.664412Z,human,2,972066a9-40db-412d-b51a-dd1bcb10681b,91d2cc0f-ca64-4f35-a998-b56d0438b753,1,explicit per metric; exact fractions and decimal display,,Menschliche lokale Selbstauskunft,observed,binary,1,decimal,A
M7-analysis-v5,f9faff59-3259-5804-8713-ca7f4006c343,2,ab3de02cd2dcb666e4e84e0e76df1f61b62c2df3fb548bf556f8f158f2bf18c7,C-UP-0,M6-T1-8c7f4611-ab8a-47d6-9f98-e4cc1f1ca074,540ce206-4bc1-41dc-8773-bf2658455a62,ab3de02cd2dcb666e4e84e0e76df1f61b62c2df3fb548bf556f8f158f2bf18c7,c3667909-126d-49f1-bf20-c15c15e92360,8c6cccdc-37a3-46ac-82a5-a22d1d69000f,f8edaecf-8020-4564-bbf4-42b31ddc5d7a,2d9849af-4973-4fd8-a822-d8a60e17e5f5,81de6e6f-7d67-40af-b2be-f629e89085ed,completed,c9b1cb0ac1f796fd7d6ed58a0ff22c16832977bd6a97c5a7afbce6e1adc06824,bc62af86-8509-48fe-a3bb-42e1d77fa60f,K0,2026-10-07T05:05:32.360356Z,T1,dbb63e68d4ed9e904fa985aa5b88d674205b6caab086a8d981ac8918a9c68fb5,empirical,"[""4afc763c-033e-501c-9c9c-453207d31e62"",""1fed9611-d0cc-51e5-86e7-4ba237c836a2"",""0e4d4039-5409-5be7-a300-ded85e9c22d7"",""1c4afc6f-6679-57b7-ab6b-cec3053e85a1"",""76216ff6-0dab-5f43-913f-741c2deb7596"",""fe7c5fea-171a-5d3e-b93c-b9d53dca7c67"",""784c942d-b222-5013-a2e4-de4aa477a143"",""2f2d84f4-6f41-5df7-a828-cc0a3d9cdddf"",""c68f6332-f200-5595-940d-e5bcad78f1fe"",""54c3aba8-cb42-5023-9591-5cdd68bdd7c5"",""b9ac296e-4c6c-5cdc-9e03-14868c124af2"",""022ddff9-4332-5ba5-b884-42537f220a0c"",""0d262496-18e1-5973-84a6-84fbda64d0ff"",""447860c8-1d56-518b-88ad-7e103990b756"",""616ecfda-7163-5a8d-ba60-01f623d8b124"",""656bacfc-b102-5379-8db2-2f9f127621e0"",""88f2e658-6155-5924-bc85-63fe2aabb08a"",""9f032fb3-90ca-5749-aff5-1065077ac10e"",""4d2e4005-a84b-525b-a492-d367c5e405d0"",""12b20e20-e117-5c00-83bc-e589b92b730e"",""e97a5398-37b9-5e89-91a9-9b3ae48d9534"",""7a8f92c5-5f85-593a-bf90-08e13c60a2e6"",""aa66f5e3-ac0e-57d6-9b69-aa54ea7c4fb9"",""d07b7490-853e-562b-b662-305e89e7718d"",""596c0800-372d-5056-8a35-9f8661656bf4"",""d08816e6-d4d6-5f35-9de3-d86528fa7a96"",""2e126757-f17e-5ee2-93db-94d31ed944b2"",""5e1af4e2-330f-563f-b639-2d3cd8d276c8"",""49cd1889-2a56-5913-8723-929335f68874"",""82b898ba-3b6d-567f-8996-4f259b74547e"",""d38eb7d2-e78b-5c2f-93e4-2e34846e80e6"",""33effc64-dcfe-5ced-badf-c4df49f68dc1"",""a3a03b99-34c0-504b-b529-32b798db318a"",""8b3ec7b0-123f-5597-95f7-1fafc5810d01"",""035c5442-19b8-5a84-8a59-b352a9660279"",""d6d45010-72fa-5741-b733-88958a8795d2"",""ab8215e5-b753-5a6a-a4e7-ad9caf42eeac"",""1b20061c-b208-551a-b06c-81ffeff623fc"",""9b6d0913-2ae6-5dab-ab36-d05e1c51b208"",""a27c1fb2-edc1-57e6-9d74-adb5a13fed3b"",""4696448b-8c21-591b-80cc-7344ea0b95ec"",""c1d75a33-928c-5636-b99c-def1fb29e0f5"",""61eebfb6-2555-5bce-ba71-7a750427392a"",""aba074a1-d451-595d-bc12-e257adbe7383"",""1ca34094-ee4d-5962-a78a-174d361a9cd3"",""7edb0577-da07-5c6f-8391-bb90e9822165"",""d7c5d484-54dc-5d1e-a3ac-65d60267a12c"",""f416cc8b-3bc2-5c4c-a91c-c56faf748684""]",,67df1cac-65c9-4968-9a6d-6de835d87509,True,,[],UP,M6-evaluator-v1,f8edaecf-8020-4564-bbf4-42b31ddc5d7a,656bacfc-b102-5379-8db2-2f9f127621e0,True,16,,A,Native syntax/boot plus independent intact scaffold control,True,2026-10-07T05:05:32.360319Z,automatic,1,972066a9-40db-412d-b51a-dd1bcb10681b,91d2cc0f-ca64-4f35-a998-b56d0438b753,1,explicit per metric; exact fractions and decimal display,,M6-evaluator-v1,observed,binary,1,decimal,A
M7-analysis-v5,f9faff59-3259-5804-8713-ca7f4006c343,2,ab3de02cd2dcb666e4e84e0e76df1f61b62c2df3fb548bf556f8f158f2bf18c7,C-UP-0,M6-T5-83acbdc9-b9d3-46d4-9b0e-ffedf2b8851e,10dfbce9-b6cb-4864-8f55-b2f45f13f368,ab3de02cd2dcb666e4e84e0e76df1f61b62c2df3fb548bf556f8f158f2bf18c7,c3667909-126d-49f1-bf20-c15c15e92360,8c6cccdc-37a3-46ac-82a5-a22d1d69000f,f8edaecf-8020-4564-bbf4-42b31ddc5d7a,2d9849af-4973-4fd8-a822-d8a60e17e5f5,81de6e6f-7d67-40af-b2be-f629e89085ed,completed,c9b1cb0ac1f796fd7d6ed58a0ff22c16832977bd6a97c5a7afbce6e1adc06824,bc62af86-8509-48fe-a3bb-42e1d77fa60f,K0,2026-10-07T05:05:32.384425Z,T5,dbb63e68d4ed9e904fa985aa5b88d674205b6caab086a8d981ac8918a9c68fb5,empirical,"[""4afc763c-033e-501c-9c9c-453207d31e62"",""1fed9611-d0cc-51e5-86e7-4ba237c836a2"",""0e4d4039-5409-5be7-a300-ded85e9c22d7"",""1c4afc6f-6679-57b7-ab6b-cec3053e85a1"",""76216ff6-0dab-5f43-913f-741c2deb7596"",""fe7c5fea-171a-5d3e-b93c-b9d53dca7c67"",""784c942d-b222-5013-a2e4-de4aa477a143"",""2f2d84f4-6f41-5df7-a828-cc0a3d9cdddf"",""c68f6332-f200-5595-940d-e5bcad78f1fe"",""54c3aba8-cb42-5023-9591-5cdd68bdd7c5"",""b9ac296e-4c6c-5cdc-9e03-14868c124af2"",""022ddff9-4332-5ba5-b884-42537f220a0c"",""0d262496-18e1-5973-84a6-84fbda64d0ff"",""447860c8-1d56-518b-88ad-7e103990b756"",""616ecfda-7163-5a8d-ba60-01f623d8b124"",""656bacfc-b102-5379-8db2-2f9f127621e0"",""88f2e658-6155-5924-bc85-63fe2aabb08a"",""9f032fb3-90ca-5749-aff5-1065077ac10e"",""4d2e4005-a84b-525b-a492-d367c5e405d0"",""12b20e20-e117-5c00-83bc-e589b92b730e"",""e97a5398-37b9-5e89-91a9-9b3ae48d9534"",""7a8f92c5-5f85-593a-bf90-08e13c60a2e6"",""aa66f5e3-ac0e-57d6-9b69-aa54ea7c4fb9"",""d07b7490-853e-562b-b662-305e89e7718d"",""596c0800-372d-5056-8a35-9f8661656bf4"",""d08816e6-d4d6-5f35-9de3-d86528fa7a96"",""2e126757-f17e-5ee2-93db-94d31ed944b2"",""5e1af4e2-330f-563f-b639-2d3cd8d276c8"",""49cd1889-2a56-5913-8723-929335f68874"",""82b898ba-3b6d-567f-8996-4f259b74547e"",""d38eb7d2-e78b-5c2f-93e4-2e34846e80e6"",""33effc64-dcfe-5ced-badf-c4df49f68dc1"",""a3a03b99-34c0-504b-b529-32b798db318a"",""8b3ec7b0-123f-5597-95f7-1fafc5810d01"",""035c5442-19b8-5a84-8a59-b352a9660279"",""d6d45010-72fa-5741-b733-88958a8795d2"",""ab8215e5-b753-5a6a-a4e7-ad9caf42eeac"",""1b20061c-b208-551a-b06c-81ffeff623fc"",""9b6d0913-2ae6-5dab-ab36-d05e1c51b208"",""a27c1fb2-edc1-57e6-9d74-adb5a13fed3b"",""4696448b-8c21-591b-80cc-7344ea0b95ec"",""c1d75a33-928c-5636-b99c-def1fb29e0f5"",""61eebfb6-2555-5bce-ba71-7a750427392a"",""aba074a1-d451-595d-bc12-e257adbe7383"",""1ca34094-ee4d-5962-a78a-174d361a9cd3"",""7edb0577-da07-5c6f-8391-bb90e9822165"",""d7c5d484-54dc-5d1e-a3ac-65d60267a12c"",""f416cc8b-3bc2-5c4c-a91c-c56faf748684""]",,63bdf5ab-7828-42b3-ad12-5e3bc5db54b2,True,,[],UP,M6-evaluator-v1,f8edaecf-8020-4564-bbf4-42b31ddc5d7a,656bacfc-b102-5379-8db2-2f9f127621e0,True,16,,A,Protected scaffold/allowlist and effective access routes against intact control; other semantic doubt stays open,True,2026-10-07T05:05:32.384407Z,automatic,1,972066a9-40db-412d-b51a-dd1bcb10681b,91d2cc0f-ca64-4f35-a998-b56d0438b753,1,explicit per metric; exact fractions and decimal display,,M6-evaluator-v1,observed,binary,1,decimal,A
M7-analysis-v5,f9faff59-3259-5804-8713-ca7f4006c343,2,d34b62b0247cfed84c639c1428d6133b9ccb95cbad7b52132414c2c4b1df51d2,C-BF-0,HUMAN-REVIEW-84dad7d6-1f30-4230-b023-fecfca9f37dd,898357e2-4818-4cf4-ba2f-43cf0b044025,d34b62b0247cfed84c639c1428d6133b9ccb95cbad7b52132414c2c4b1df51d2,5c5edc74-147b-41f6-8b83-eec760850860,8c6cccdc-37a3-46ac-82a5-a22d1d69000f,f8edaecf-8020-4564-bbf4-42b31ddc5d7a,2d9849af-4973-4fd8-a822-d8a60e17e5f5,81de6e6f-7d67-40af-b2be-f629e89085ed,completed,19fa6fbf4f554673689996213945dcaed831a9bf0fbdc6988698abb77fd647ee,90318496-3af4-49cd-a20d-b85db76e5a0a,K0,2026-10-07T05:25:13.962682Z,T2,dbb63e68d4ed9e904fa985aa5b88d674205b6caab086a8d981ac8918a9c68fb5,empirical,"[""4afc763c-033e-501c-9c9c-453207d31e62"",""1fed9611-d0cc-51e5-86e7-4ba237c836a2"",""0e4d4039-5409-5be7-a300-ded85e9c22d7"",""1c4afc6f-6679-57b7-ab6b-cec3053e85a1"",""76216ff6-0dab-5f43-913f-741c2deb7596"",""fe7c5fea-171a-5d3e-b93c-b9d53dca7c67"",""784c942d-b222-5013-a2e4-de4aa477a143"",""2f2d84f4-6f41-5df7-a828-cc0a3d9cdddf"",""c68f6332-f200-5595-940d-e5bcad78f1fe"",""54c3aba8-cb42-5023-9591-5cdd68bdd7c5"",""b9ac296e-4c6c-5cdc-9e03-14868c124af2"",""022ddff9-4332-5ba5-b884-42537f220a0c"",""0d262496-18e1-5973-84a6-84fbda64d0ff"",""447860c8-1d56-518b-88ad-7e103990b756"",""616ecfda-7163-5a8d-ba60-01f623d8b124"",""656bacfc-b102-5379-8db2-2f9f127621e0"",""88f2e658-6155-5924-bc85-63fe2aabb08a"",""9f032fb3-90ca-5749-aff5-1065077ac10e"",""4d2e4005-a84b-525b-a492-d367c5e405d0"",""12b20e20-e117-5c00-83bc-e589b92b730e"",""e97a5398-37b9-5e89-91a9-9b3ae48d9534"",""7a8f92c5-5f85-593a-bf90-08e13c60a2e6"",""aa66f5e3-ac0e-57d6-9b69-aa54ea7c4fb9"",""d07b7490-853e-562b-b662-305e89e7718d"",""596c0800-372d-5056-8a35-9f8661656bf4"",""d08816e6-d4d6-5f35-9de3-d86528fa7a96"",""2e126757-f17e-5ee2-93db-94d31ed944b2"",""5e1af4e2-330f-563f-b639-2d3cd8d276c8"",""49cd1889-2a56-5913-8723-929335f68874"",""82b898ba-3b6d-567f-8996-4f259b74547e"",""d38eb7d2-e78b-5c2f-93e4-2e34846e80e6"",""33effc64-dcfe-5ced-badf-c4df49f68dc1"",""a3a03b99-34c0-504b-b529-32b798db318a"",""8b3ec7b0-123f-5597-95f7-1fafc5810d01"",""035c5442-19b8-5a84-8a59-b352a9660279"",""d6d45010-72fa-5741-b733-88958a8795d2"",""ab8215e5-b753-5a6a-a4e7-ad9caf42eeac"",""1b20061c-b208-551a-b06c-81ffeff623fc"",""9b6d0913-2ae6-5dab-ab36-d05e1c51b208"",""a27c1fb2-edc1-57e6-9d74-adb5a13fed3b"",""4696448b-8c21-591b-80cc-7344ea0b95ec"",""c1d75a33-928c-5636-b99c-def1fb29e0f5"",""61eebfb6-2555-5bce-ba71-7a750427392a"",""aba074a1-d451-595d-bc12-e257adbe7383"",""1ca34094-ee4d-5962-a78a-174d361a9cd3"",""7edb0577-da07-5c6f-8391-bb90e9822165"",""d7c5d484-54dc-5d1e-a3ac-65d60267a12c"",""f416cc8b-3bc2-5c4c-a91c-c56faf748684""]",app/Http/Controllers/Study/BruteForceController.php,9e1c4e70-f4ed-4b43-b9a6-489f690cadef,True,12-62,[],BF,Noah Fiedler,f8edaecf-8020-4564-bbf4-42b31ddc5d7a,88f2e658-6155-5924-bc85-63fe2aabb08a,True,17,ea08e53d-4cb8-4f53-969e-0151edff8a0c,A,"Die Route /study/brute ist dem modulspezifischen BruteForceController::show zugeordnet (study.php:6). Die Methode behandelt sowohl die Anzeige ohne Login (14-18) als auch die Verarbeitung bei vorhandenem Login, einschließlich Eingabeprüfung, Datenabfrage und Erfolg-/Fehlschlagpfaden (20-62). Es gibt keinen erkennbaren Aufruf eines ausführbaren Legacy-Skripts.",True,2026-10-07T05:25:13.962676Z,human,2,972066a9-40db-412d-b51a-dd1bcb10681b,9a92774e-b5f2-4bd4-9f9b-0a480a4316de,1,explicit per metric; exact fractions and decimal display,,Menschliche lokale Selbstauskunft,observed,binary,1,decimal,A
M7-analysis-v5,f9faff59-3259-5804-8713-ca7f4006c343,2,d34b62b0247cfed84c639c1428d6133b9ccb95cbad7b52132414c2c4b1df51d2,C-BF-0,HUMAN-REVIEW-a36e64a5-c72a-4b4b-8f40-b669768816d0,e35d3330-eafa-4030-8923-5e1f9084d7d2,d34b62b0247cfed84c639c1428d6133b9ccb95cbad7b52132414c2c4b1df51d2,5c5edc74-147b-41f6-8b83-eec760850860,8c6cccdc-37a3-46ac-82a5-a22d1d69000f,f8edaecf-8020-4564-bbf4-42b31ddc5d7a,2d9849af-4973-4fd8-a822-d8a60e17e5f5,81de6e6f-7d67-40af-b2be-f629e89085ed,completed,19fa6fbf4f554673689996213945dcaed831a9bf0fbdc6988698abb77fd647ee,90318496-3af4-49cd-a20d-b85db76e5a0a,K0,2026-10-07T05:25:31.644168Z,T3,dbb63e68d4ed9e904fa985aa5b88d674205b6caab086a8d981ac8918a9c68fb5,empirical,"[""4afc763c-033e-501c-9c9c-453207d31e62"",""1fed9611-d0cc-51e5-86e7-4ba237c836a2"",""0e4d4039-5409-5be7-a300-ded85e9c22d7"",""1c4afc6f-6679-57b7-ab6b-cec3053e85a1"",""76216ff6-0dab-5f43-913f-741c2deb7596"",""fe7c5fea-171a-5d3e-b93c-b9d53dca7c67"",""784c942d-b222-5013-a2e4-de4aa477a143"",""2f2d84f4-6f41-5df7-a828-cc0a3d9cdddf"",""c68f6332-f200-5595-940d-e5bcad78f1fe"",""54c3aba8-cb42-5023-9591-5cdd68bdd7c5"",""b9ac296e-4c6c-5cdc-9e03-14868c124af2"",""022ddff9-4332-5ba5-b884-42537f220a0c"",""0d262496-18e1-5973-84a6-84fbda64d0ff"",""447860c8-1d56-518b-88ad-7e103990b756"",""616ecfda-7163-5a8d-ba60-01f623d8b124"",""656bacfc-b102-5379-8db2-2f9f127621e0"",""88f2e658-6155-5924-bc85-63fe2aabb08a"",""9f032fb3-90ca-5749-aff5-1065077ac10e"",""4d2e4005-a84b-525b-a492-d367c5e405d0"",""12b20e20-e117-5c00-83bc-e589b92b730e"",""e97a5398-37b9-5e89-91a9-9b3ae48d9534"",""7a8f92c5-5f85-593a-bf90-08e13c60a2e6"",""aa66f5e3-ac0e-57d6-9b69-aa54ea7c4fb9"",""d07b7490-853e-562b-b662-305e89e7718d"",""596c0800-372d-5056-8a35-9f8661656bf4"",""d08816e6-d4d6-5f35-9de3-d86528fa7a96"",""2e126757-f17e-5ee2-93db-94d31ed944b2"",""5e1af4e2-330f-563f-b639-2d3cd8d276c8"",""49cd1889-2a56-5913-8723-929335f68874"",""82b898ba-3b6d-567f-8996-4f259b74547e"",""d38eb7d2-e78b-5c2f-93e4-2e34846e80e6"",""33effc64-dcfe-5ced-badf-c4df49f68dc1"",""a3a03b99-34c0-504b-b529-32b798db318a"",""8b3ec7b0-123f-5597-95f7-1fafc5810d01"",""035c5442-19b8-5a84-8a59-b352a9660279"",""d6d45010-72fa-5741-b733-88958a8795d2"",""ab8215e5-b753-5a6a-a4e7-ad9caf42eeac"",""1b20061c-b208-551a-b06c-81ffeff623fc"",""9b6d0913-2ae6-5dab-ab36-d05e1c51b208"",""a27c1fb2-edc1-57e6-9d74-adb5a13fed3b"",""4696448b-8c21-591b-80cc-7344ea0b95ec"",""c1d75a33-928c-5636-b99c-def1fb29e0f5"",""61eebfb6-2555-5bce-ba71-7a750427392a"",""aba074a1-d451-595d-bc12-e257adbe7383"",""1ca34094-ee4d-5962-a78a-174d361a9cd3"",""7edb0577-da07-5c6f-8391-bb90e9822165"",""d7c5d484-54dc-5d1e-a3ac-65d60267a12c"",""f416cc8b-3bc2-5c4c-a91c-c56faf748684""]",resources/views/study/brute.blade.php,eee5d900-cc9f-44d1-ae8f-b243576050dd,True,10-20,[],BF,Noah Fiedler,f8edaecf-8020-4564-bbf4-42b31ddc5d7a,88f2e658-6155-5924-bc85-63fe2aabb08a,True,17,8afed75a-a5f3-480d-9056-0aec493f54d3,A,"Das Blade-Template enthält das GET-Formular mit username, password und dem Aktionsfeld Login (10-18). Es gibt den Status aller Ergebniszweige aus und zeigt bei Erfolg den übergebenen Avatar (20). Der Controller rendert diese View für Formular, Eingabefehler, Erfolg und negative Antwort (BruteForceController.php:14-18, 23-28, 47-62).",True,2026-10-07T05:25:31.644162Z,human,2,972066a9-40db-412d-b51a-dd1bcb10681b,9a92774e-b5f2-4bd4-9f9b-0a480a4316de,1,explicit per metric; exact fractions and decimal display,,Menschliche lokale Selbstauskunft,observed,binary,1,decimal,A
M7-analysis-v5,f9faff59-3259-5804-8713-ca7f4006c343,2,d34b62b0247cfed84c639c1428d6133b9ccb95cbad7b52132414c2c4b1df51d2,C-BF-0,HUMAN-REVIEW-ca9dbc52-7389-46a1-a93e-8deca8ee7dc1,898357e2-4818-4cf4-ba2f-43cf0b044025,d34b62b0247cfed84c639c1428d6133b9ccb95cbad7b52132414c2c4b1df51d2,5c5edc74-147b-41f6-8b83-eec760850860,8c6cccdc-37a3-46ac-82a5-a22d1d69000f,f8edaecf-8020-4564-bbf4-42b31ddc5d7a,2d9849af-4973-4fd8-a822-d8a60e17e5f5,81de6e6f-7d67-40af-b2be-f629e89085ed,completed,19fa6fbf4f554673689996213945dcaed831a9bf0fbdc6988698abb77fd647ee,90318496-3af4-49cd-a20d-b85db76e5a0a,K0,2026-10-07T05:25:54.670833Z,T4,dbb63e68d4ed9e904fa985aa5b88d674205b6caab086a8d981ac8918a9c68fb5,empirical,"[""4afc763c-033e-501c-9c9c-453207d31e62"",""1fed9611-d0cc-51e5-86e7-4ba237c836a2"",""0e4d4039-5409-5be7-a300-ded85e9c22d7"",""1c4afc6f-6679-57b7-ab6b-cec3053e85a1"",""76216ff6-0dab-5f43-913f-741c2deb7596"",""fe7c5fea-171a-5d3e-b93c-b9d53dca7c67"",""784c942d-b222-5013-a2e4-de4aa477a143"",""2f2d84f4-6f41-5df7-a828-cc0a3d9cdddf"",""c68f6332-f200-5595-940d-e5bcad78f1fe"",""54c3aba8-cb42-5023-9591-5cdd68bdd7c5"",""b9ac296e-4c6c-5cdc-9e03-14868c124af2"",""022ddff9-4332-5ba5-b884-42537f220a0c"",""0d262496-18e1-5973-84a6-84fbda64d0ff"",""447860c8-1d56-518b-88ad-7e103990b756"",""616ecfda-7163-5a8d-ba60-01f623d8b124"",""656bacfc-b102-5379-8db2-2f9f127621e0"",""88f2e658-6155-5924-bc85-63fe2aabb08a"",""9f032fb3-90ca-5749-aff5-1065077ac10e"",""4d2e4005-a84b-525b-a492-d367c5e405d0"",""12b20e20-e117-5c00-83bc-e589b92b730e"",""e97a5398-37b9-5e89-91a9-9b3ae48d9534"",""7a8f92c5-5f85-593a-bf90-08e13c60a2e6"",""aa66f5e3-ac0e-57d6-9b69-aa54ea7c4fb9"",""d07b7490-853e-562b-b662-305e89e7718d"",""596c0800-372d-5056-8a35-9f8661656bf4"",""d08816e6-d4d6-5f35-9de3-d86528fa7a96"",""2e126757-f17e-5ee2-93db-94d31ed944b2"",""5e1af4e2-330f-563f-b639-2d3cd8d276c8"",""49cd1889-2a56-5913-8723-929335f68874"",""82b898ba-3b6d-567f-8996-4f259b74547e"",""d38eb7d2-e78b-5c2f-93e4-2e34846e80e6"",""33effc64-dcfe-5ced-badf-c4df49f68dc1"",""a3a03b99-34c0-504b-b529-32b798db318a"",""8b3ec7b0-123f-5597-95f7-1fafc5810d01"",""035c5442-19b8-5a84-8a59-b352a9660279"",""d6d45010-72fa-5741-b733-88958a8795d2"",""ab8215e5-b753-5a6a-a4e7-ad9caf42eeac"",""1b20061c-b208-551a-b06c-81ffeff623fc"",""9b6d0913-2ae6-5dab-ab36-d05e1c51b208"",""a27c1fb2-edc1-57e6-9d74-adb5a13fed3b"",""4696448b-8c21-591b-80cc-7344ea0b95ec"",""c1d75a33-928c-5636-b99c-def1fb29e0f5"",""61eebfb6-2555-5bce-ba71-7a750427392a"",""aba074a1-d451-595d-bc12-e257adbe7383"",""1ca34094-ee4d-5962-a78a-174d361a9cd3"",""7edb0577-da07-5c6f-8391-bb90e9822165"",""d7c5d484-54dc-5d1e-a3ac-65d60267a12c"",""f416cc8b-3bc2-5c4c-a91c-c56faf748684""]",app/Http/Controllers/Study/BruteForceController.php,17e92e5b-1d3d-4610-8f5c-765c3bfd8ba0,True,42-45,"[""d7c1151e-275e-4545-9218-38bdabfd0bc7""]",BF,Noah Fiedler,f8edaecf-8020-4564-bbf4-42b31ddc5d7a,88f2e658-6155-5924-bc85-63fe2aabb08a,True,17,4841b867-f1bc-4bea-9a0f-554516433666,A,"Der Code nutzt nachvollziehbar Laravels Query Builder über DB::connection('mysql')->table('users')->where(...)->first(...); dabei werden Passwort und Avatar aus dem Datensatz gelesen. Der Avatar wird bei Erfolg aus $user->avatar übernommen (47-55). Die konfigurierte mysql-Laravel-Verbindung ist vorhanden (database.php:47-55); die erwarteten Felder user, password und avatar sind im Schema definiert (users.sql:3-9).",True,2026-10-07T05:25:54.670819Z,human,2,972066a9-40db-412d-b51a-dd1bcb10681b,9a92774e-b5f2-4bd4-9f9b-0a480a4316de,1,explicit per metric; exact fractions and decimal display,,Menschliche lokale Selbstauskunft,observed,binary,1,decimal,A
M7-analysis-v5,f9faff59-3259-5804-8713-ca7f4006c343,2,d34b62b0247cfed84c639c1428d6133b9ccb95cbad7b52132414c2c4b1df51d2,C-BF-0,M6-T1-a4330c67-57ba-4153-9d2c-87d699ac9ed8,de24203e-cd86-4049-8e62-1b175237d8dc,d34b62b0247cfed84c639c1428d6133b9ccb95cbad7b52132414c2c4b1df51d2,5c5edc74-147b-41f6-8b83-eec760850860,8c6cccdc-37a3-46ac-82a5-a22d1d69000f,f8edaecf-8020-4564-bbf4-42b31ddc5d7a,2d9849af-4973-4fd8-a822-d8a60e17e5f5,81de6e6f-7d67-40af-b2be-f629e89085ed,completed,19fa6fbf4f554673689996213945dcaed831a9bf0fbdc6988698abb77fd647ee,90318496-3af4-49cd-a20d-b85db76e5a0a,K0,2026-10-07T05:21:45.518909Z,T1,dbb63e68d4ed9e904fa985aa5b88d674205b6caab086a8d981ac8918a9c68fb5,empirical,"[""4afc763c-033e-501c-9c9c-453207d31e62"",""1fed9611-d0cc-51e5-86e7-4ba237c836a2"",""0e4d4039-5409-5be7-a300-ded85e9c22d7"",""1c4afc6f-6679-57b7-ab6b-cec3053e85a1"",""76216ff6-0dab-5f43-913f-741c2deb7596"",""fe7c5fea-171a-5d3e-b93c-b9d53dca7c67"",""784c942d-b222-5013-a2e4-de4aa477a143"",""2f2d84f4-6f41-5df7-a828-cc0a3d9cdddf"",""c68f6332-f200-5595-940d-e5bcad78f1fe"",""54c3aba8-cb42-5023-9591-5cdd68bdd7c5"",""b9ac296e-4c6c-5cdc-9e03-14868c124af2"",""022ddff9-4332-5ba5-b884-42537f220a0c"",""0d262496-18e1-5973-84a6-84fbda64d0ff"",""447860c8-1d56-518b-88ad-7e103990b756"",""616ecfda-7163-5a8d-ba60-01f623d8b124"",""656bacfc-b102-5379-8db2-2f9f127621e0"",""88f2e658-6155-5924-bc85-63fe2aabb08a"",""9f032fb3-90ca-5749-aff5-1065077ac10e"",""4d2e4005-a84b-525b-a492-d367c5e405d0"",""12b20e20-e117-5c00-83bc-e589b92b730e"",""e97a5398-37b9-5e89-91a9-9b3ae48d9534"",""7a8f92c5-5f85-593a-bf90-08e13c60a2e6"",""aa66f5e3-ac0e-57d6-9b69-aa54ea7c4fb9"",""d07b7490-853e-562b-b662-305e89e7718d"",""596c0800-372d-5056-8a35-9f8661656bf4"",""d08816e6-d4d6-5f35-9de3-d86528fa7a96"",""2e126757-f17e-5ee2-93db-94d31ed944b2"",""5e1af4e2-330f-563f-b639-2d3cd8d276c8"",""49cd1889-2a56-5913-8723-929335f68874"",""82b898ba-3b6d-567f-8996-4f259b74547e"",""d38eb7d2-e78b-5c2f-93e4-2e34846e80e6"",""33effc64-dcfe-5ced-badf-c4df49f68dc1"",""a3a03b99-34c0-504b-b529-32b798db318a"",""8b3ec7b0-123f-5597-95f7-1fafc5810d01"",""035c5442-19b8-5a84-8a59-b352a9660279"",""d6d45010-72fa-5741-b733-88958a8795d2"",""ab8215e5-b753-5a6a-a4e7-ad9caf42eeac"",""1b20061c-b208-551a-b06c-81ffeff623fc"",""9b6d0913-2ae6-5dab-ab36-d05e1c51b208"",""a27c1fb2-edc1-57e6-9d74-adb5a13fed3b"",""4696448b-8c21-591b-80cc-7344ea0b95ec"",""c1d75a33-928c-5636-b99c-def1fb29e0f5"",""61eebfb6-2555-5bce-ba71-7a750427392a"",""aba074a1-d451-595d-bc12-e257adbe7383"",""1ca34094-ee4d-5962-a78a-174d361a9cd3"",""7edb0577-da07-5c6f-8391-bb90e9822165"",""d7c5d484-54dc-5d1e-a3ac-65d60267a12c"",""f416cc8b-3bc2-5c4c-a91c-c56faf748684""]",,080dba15-629a-4d7d-95d6-01c0a636b18d,True,,[],BF,M6-evaluator-v1,f8edaecf-8020-4564-bbf4-42b31ddc5d7a,88f2e658-6155-5924-bc85-63fe2aabb08a,True,17,,A,Native syntax/boot plus independent intact scaffold control,True,2026-10-07T05:21:45.518740Z,automatic,1,972066a9-40db-412d-b51a-dd1bcb10681b,9a92774e-b5f2-4bd4-9f9b-0a480a4316de,1,explicit per metric; exact fractions and decimal display,,M6-evaluator-v1,observed,binary,1,decimal,A
M7-analysis-v5,f9faff59-3259-5804-8713-ca7f4006c343,2,d34b62b0247cfed84c639c1428d6133b9ccb95cbad7b52132414c2c4b1df51d2,C-BF-0,M6-T5-35b41f79-3e6b-4c48-ba90-eda55d80381e,5d5cdbb9-3b10-4960-ba3a-67048c83496b,d34b62b0247cfed84c639c1428d6133b9ccb95cbad7b52132414c2c4b1df51d2,5c5edc74-147b-41f6-8b83-eec760850860,8c6cccdc-37a3-46ac-82a5-a22d1d69000f,f8edaecf-8020-4564-bbf4-42b31ddc5d7a,2d9849af-4973-4fd8-a822-d8a60e17e5f5,81de6e6f-7d67-40af-b2be-f629e89085ed,completed,19fa6fbf4f554673689996213945dcaed831a9bf0fbdc6988698abb77fd647ee,90318496-3af4-49cd-a20d-b85db76e5a0a,K0,2026-10-07T05:21:45.528865Z,T5,dbb63e68d4ed9e904fa985aa5b88d674205b6caab086a8d981ac8918a9c68fb5,empirical,"[""4afc763c-033e-501c-9c9c-453207d31e62"",""1fed9611-d0cc-51e5-86e7-4ba237c836a2"",""0e4d4039-5409-5be7-a300-ded85e9c22d7"",""1c4afc6f-6679-57b7-ab6b-cec3053e85a1"",""76216ff6-0dab-5f43-913f-741c2deb7596"",""fe7c5fea-171a-5d3e-b93c-b9d53dca7c67"",""784c942d-b222-5013-a2e4-de4aa477a143"",""2f2d84f4-6f41-5df7-a828-cc0a3d9cdddf"",""c68f6332-f200-5595-940d-e5bcad78f1fe"",""54c3aba8-cb42-5023-9591-5cdd68bdd7c5"",""b9ac296e-4c6c-5cdc-9e03-14868c124af2"",""022ddff9-4332-5ba5-b884-42537f220a0c"",""0d262496-18e1-5973-84a6-84fbda64d0ff"",""447860c8-1d56-518b-88ad-7e103990b756"",""616ecfda-7163-5a8d-ba60-01f623d8b124"",""656bacfc-b102-5379-8db2-2f9f127621e0"",""88f2e658-6155-5924-bc85-63fe2aabb08a"",""9f032fb3-90ca-5749-aff5-1065077ac10e"",""4d2e4005-a84b-525b-a492-d367c5e405d0"",""12b20e20-e117-5c00-83bc-e589b92b730e"",""e97a5398-37b9-5e89-91a9-9b3ae48d9534"",""7a8f92c5-5f85-593a-bf90-08e13c60a2e6"",""aa66f5e3-ac0e-57d6-9b69-aa54ea7c4fb9"",""d07b7490-853e-562b-b662-305e89e7718d"",""596c0800-372d-5056-8a35-9f8661656bf4"",""d08816e6-d4d6-5f35-9de3-d86528fa7a96"",""2e126757-f17e-5ee2-93db-94d31ed944b2"",""5e1af4e2-330f-563f-b639-2d3cd8d276c8"",""49cd1889-2a56-5913-8723-929335f68874"",""82b898ba-3b6d-567f-8996-4f259b74547e"",""d38eb7d2-e78b-5c2f-93e4-2e34846e80e6"",""33effc64-dcfe-5ced-badf-c4df49f68dc1"",""a3a03b99-34c0-504b-b529-32b798db318a"",""8b3ec7b0-123f-5597-95f7-1fafc5810d01"",""035c5442-19b8-5a84-8a59-b352a9660279"",""d6d45010-72fa-5741-b733-88958a8795d2"",""ab8215e5-b753-5a6a-a4e7-ad9caf42eeac"",""1b20061c-b208-551a-b06c-81ffeff623fc"",""9b6d0913-2ae6-5dab-ab36-d05e1c51b208"",""a27c1fb2-edc1-57e6-9d74-adb5a13fed3b"",""4696448b-8c21-591b-80cc-7344ea0b95ec"",""c1d75a33-928c-5636-b99c-def1fb29e0f5"",""61eebfb6-2555-5bce-ba71-7a750427392a"",""aba074a1-d451-595d-bc12-e257adbe7383"",""1ca34094-ee4d-5962-a78a-174d361a9cd3"",""7edb0577-da07-5c6f-8391-bb90e9822165"",""d7c5d484-54dc-5d1e-a3ac-65d60267a12c"",""f416cc8b-3bc2-5c4c-a91c-c56faf748684""]",,fefc743c-5328-4174-901e-3744c7d10f41,True,,[],BF,M6-evaluator-v1,f8edaecf-8020-4564-bbf4-42b31ddc5d7a,88f2e658-6155-5924-bc85-63fe2aabb08a,True,17,,A,Protected scaffold/allowlist and effective access routes against intact control; other semantic doubt stays open,True,2026-10-07T05:21:45.528832Z,automatic,1,972066a9-40db-412d-b51a-dd1bcb10681b,9a92774e-b5f2-4bd4-9f9b-0a480a4316de,1,explicit per metric; exact fractions and decimal display,,M6-evaluator-v1,observed,binary,1,decimal,A
M7-analysis-v5,f9faff59-3259-5804-8713-ca7f4006c343,2,70a33e71cf64cb1bd0f149592270b9746071b252454a55bbfc3f9b46d3e0421c,C-SQL-0,HUMAN-REVIEW-1eb8e531-c60f-43f3-91b4-ba991008ac25,bde84a56-6324-4e44-86ec-5bc3667c98ca,70a33e71cf64cb1bd0f149592270b9746071b252454a55bbfc3f9b46d3e0421c,1120c5ff-26a2-4943-8b6a-701fcf856f94,8c6cccdc-37a3-46ac-82a5-a22d1d69000f,f8edaecf-8020-4564-bbf4-42b31ddc5d7a,2d9849af-4973-4fd8-a822-d8a60e17e5f5,81de6e6f-7d67-40af-b2be-f629e89085ed,completed,0294f6c032f413f4245e83b15db52ab8f50ccfa6163f315fda209ab5b27f96be,a132b12b-e7a2-4837-8603-2cfe9fd0228c,K0,2026-10-07T05:52:26.436468Z,T3,dbb63e68d4ed9e904fa985aa5b88d674205b6caab086a8d981ac8918a9c68fb5,empirical,"[""4afc763c-033e-501c-9c9c-453207d31e62"",""1fed9611-d0cc-51e5-86e7-4ba237c836a2"",""0e4d4039-5409-5be7-a300-ded85e9c22d7"",""1c4afc6f-6679-57b7-ab6b-cec3053e85a1"",""76216ff6-0dab-5f43-913f-741c2deb7596"",""fe7c5fea-171a-5d3e-b93c-b9d53dca7c67"",""784c942d-b222-5013-a2e4-de4aa477a143"",""2f2d84f4-6f41-5df7-a828-cc0a3d9cdddf"",""c68f6332-f200-5595-940d-e5bcad78f1fe"",""54c3aba8-cb42-5023-9591-5cdd68bdd7c5"",""b9ac296e-4c6c-5cdc-9e03-14868c124af2"",""022ddff9-4332-5ba5-b884-42537f220a0c"",""0d262496-18e1-5973-84a6-84fbda64d0ff"",""447860c8-1d56-518b-88ad-7e103990b756"",""616ecfda-7163-5a8d-ba60-01f623d8b124"",""656bacfc-b102-5379-8db2-2f9f127621e0"",""88f2e658-6155-5924-bc85-63fe2aabb08a"",""9f032fb3-90ca-5749-aff5-1065077ac10e"",""4d2e4005-a84b-525b-a492-d367c5e405d0"",""12b20e20-e117-5c00-83bc-e589b92b730e"",""e97a5398-37b9-5e89-91a9-9b3ae48d9534"",""7a8f92c5-5f85-593a-bf90-08e13c60a2e6"",""aa66f5e3-ac0e-57d6-9b69-aa54ea7c4fb9"",""d07b7490-853e-562b-b662-305e89e7718d"",""596c0800-372d-5056-8a35-9f8661656bf4"",""d08816e6-d4d6-5f35-9de3-d86528fa7a96"",""2e126757-f17e-5ee2-93db-94d31ed944b2"",""5e1af4e2-330f-563f-b639-2d3cd8d276c8"",""49cd1889-2a56-5913-8723-929335f68874"",""82b898ba-3b6d-567f-8996-4f259b74547e"",""d38eb7d2-e78b-5c2f-93e4-2e34846e80e6"",""33effc64-dcfe-5ced-badf-c4df49f68dc1"",""a3a03b99-34c0-504b-b529-32b798db318a"",""8b3ec7b0-123f-5597-95f7-1fafc5810d01"",""035c5442-19b8-5a84-8a59-b352a9660279"",""d6d45010-72fa-5741-b733-88958a8795d2"",""ab8215e5-b753-5a6a-a4e7-ad9caf42eeac"",""1b20061c-b208-551a-b06c-81ffeff623fc"",""9b6d0913-2ae6-5dab-ab36-d05e1c51b208"",""a27c1fb2-edc1-57e6-9d74-adb5a13fed3b"",""4696448b-8c21-591b-80cc-7344ea0b95ec"",""c1d75a33-928c-5636-b99c-def1fb29e0f5"",""61eebfb6-2555-5bce-ba71-7a750427392a"",""aba074a1-d451-595d-bc12-e257adbe7383"",""1ca34094-ee4d-5962-a78a-174d361a9cd3"",""7edb0577-da07-5c6f-8391-bb90e9822165"",""d7c5d484-54dc-5d1e-a3ac-65d60267a12c"",""f416cc8b-3bc2-5c4c-a91c-c56faf748684""]",resources/views/study/sqli.blade.php,3a4ecf0e-705e-4b33-98fd-46d2eae9e606,True,8-13,[],SQL,Noah Fiedler,f8edaecf-8020-4564-bbf4-42b31ddc5d7a,9f032fb3-90ca-5749-aff5-1065077ac10e,True,18,ed919a35-c7c8-4287-be11-4a8f5f19d950,A,"Die Blade-Datei erzeugt das GET-Formular mit id und Submit (Z. 8–12). Sie zeigt den Status für negative sowie ungültige/leere Eingaben und bei SUCCESS Vor- und Nachname aus den Controllerdaten (Z. 13). Sämtliche Antwortzweige des Controllers verwenden response()->view('study.sqli', ...): SqliController.php, Z. 45–49.",True,2026-10-07T05:52:26.436462Z,human,2,972066a9-40db-412d-b51a-dd1bcb10681b,d0716952-aac2-418b-b525-c9bff75b683c,1,explicit per metric; exact fractions and decimal display,,Menschliche lokale Selbstauskunft,observed,binary,1,decimal,A
M7-analysis-v5,f9faff59-3259-5804-8713-ca7f4006c343,2,70a33e71cf64cb1bd0f149592270b9746071b252454a55bbfc3f9b46d3e0421c,C-SQL-0,HUMAN-REVIEW-2e7acd2c-45ae-4167-95f5-5a2297f6cbbd,af171605-7f43-4a82-8ef4-55d81974f346,70a33e71cf64cb1bd0f149592270b9746071b252454a55bbfc3f9b46d3e0421c,1120c5ff-26a2-4943-8b6a-701fcf856f94,8c6cccdc-37a3-46ac-82a5-a22d1d69000f,f8edaecf-8020-4564-bbf4-42b31ddc5d7a,2d9849af-4973-4fd8-a822-d8a60e17e5f5,81de6e6f-7d67-40af-b2be-f629e89085ed,completed,0294f6c032f413f4245e83b15db52ab8f50ccfa6163f315fda209ab5b27f96be,a132b12b-e7a2-4837-8603-2cfe9fd0228c,K0,2026-10-07T05:52:53.058068Z,T4,dbb63e68d4ed9e904fa985aa5b88d674205b6caab086a8d981ac8918a9c68fb5,empirical,"[""4afc763c-033e-501c-9c9c-453207d31e62"",""1fed9611-d0cc-51e5-86e7-4ba237c836a2"",""0e4d4039-5409-5be7-a300-ded85e9c22d7"",""1c4afc6f-6679-57b7-ab6b-cec3053e85a1"",""76216ff6-0dab-5f43-913f-741c2deb7596"",""fe7c5fea-171a-5d3e-b93c-b9d53dca7c67"",""784c942d-b222-5013-a2e4-de4aa477a143"",""2f2d84f4-6f41-5df7-a828-cc0a3d9cdddf"",""c68f6332-f200-5595-940d-e5bcad78f1fe"",""54c3aba8-cb42-5023-9591-5cdd68bdd7c5"",""b9ac296e-4c6c-5cdc-9e03-14868c124af2"",""022ddff9-4332-5ba5-b884-42537f220a0c"",""0d262496-18e1-5973-84a6-84fbda64d0ff"",""447860c8-1d56-518b-88ad-7e103990b756"",""616ecfda-7163-5a8d-ba60-01f623d8b124"",""656bacfc-b102-5379-8db2-2f9f127621e0"",""88f2e658-6155-5924-bc85-63fe2aabb08a"",""9f032fb3-90ca-5749-aff5-1065077ac10e"",""4d2e4005-a84b-525b-a492-d367c5e405d0"",""12b20e20-e117-5c00-83bc-e589b92b730e"",""e97a5398-37b9-5e89-91a9-9b3ae48d9534"",""7a8f92c5-5f85-593a-bf90-08e13c60a2e6"",""aa66f5e3-ac0e-57d6-9b69-aa54ea7c4fb9"",""d07b7490-853e-562b-b662-305e89e7718d"",""596c0800-372d-5056-8a35-9f8661656bf4"",""d08816e6-d4d6-5f35-9de3-d86528fa7a96"",""2e126757-f17e-5ee2-93db-94d31ed944b2"",""5e1af4e2-330f-563f-b639-2d3cd8d276c8"",""49cd1889-2a56-5913-8723-929335f68874"",""82b898ba-3b6d-567f-8996-4f259b74547e"",""d38eb7d2-e78b-5c2f-93e4-2e34846e80e6"",""33effc64-dcfe-5ced-badf-c4df49f68dc1"",""a3a03b99-34c0-504b-b529-32b798db318a"",""8b3ec7b0-123f-5597-95f7-1fafc5810d01"",""035c5442-19b8-5a84-8a59-b352a9660279"",""d6d45010-72fa-5741-b733-88958a8795d2"",""ab8215e5-b753-5a6a-a4e7-ad9caf42eeac"",""1b20061c-b208-551a-b06c-81ffeff623fc"",""9b6d0913-2ae6-5dab-ab36-d05e1c51b208"",""a27c1fb2-edc1-57e6-9d74-adb5a13fed3b"",""4696448b-8c21-591b-80cc-7344ea0b95ec"",""c1d75a33-928c-5636-b99c-def1fb29e0f5"",""61eebfb6-2555-5bce-ba71-7a750427392a"",""aba074a1-d451-595d-bc12-e257adbe7383"",""1ca34094-ee4d-5962-a78a-174d361a9cd3"",""7edb0577-da07-5c6f-8391-bb90e9822165"",""d7c5d484-54dc-5d1e-a3ac-65d60267a12c"",""f416cc8b-3bc2-5c4c-a91c-c56faf748684""]",app/Http/Controllers/Study/SqliController.php,471077cc-07f3-437f-bad6-b655e87a2ff1,True,28-42,"[""ef83f3ea-3261-44f9-ae91-820457d2f274""]",SQL,Noah Fiedler,f8edaecf-8020-4564-bbf4-42b31ddc5d7a,9f032fb3-90ca-5749-aff5-1065077ac10e,True,18,da39b18b-a4d1-4ce5-98b2-7cdb5217f8a9,A,"Der Code erfüllt den technischen Teil: Er liest id aus dem Request, verwendet DB::connection('mysql')->table('users')->where('user_id', …)->first() und übergibt first_name/last_name ausschließlich aus dem gelesenen Datensatz an die View. Die verwendete Laravel-MySQL-Verbindung ist in database.php, Z. 37–56 definiert.",True,2026-10-07T05:52:53.058062Z,human,2,972066a9-40db-412d-b51a-dd1bcb10681b,d0716952-aac2-418b-b525-c9bff75b683c,1,explicit per metric; exact fractions and decimal display,,Menschliche lokale Selbstauskunft,observed,binary,1,decimal,A
M7-analysis-v5,f9faff59-3259-5804-8713-ca7f4006c343,2,70a33e71cf64cb1bd0f149592270b9746071b252454a55bbfc3f9b46d3e0421c,C-SQL-0,HUMAN-REVIEW-4dee3f7d-9cd2-4c46-9818-9a16e8a23157,af171605-7f43-4a82-8ef4-55d81974f346,70a33e71cf64cb1bd0f149592270b9746071b252454a55bbfc3f9b46d3e0421c,1120c5ff-26a2-4943-8b6a-701fcf856f94,8c6cccdc-37a3-46ac-82a5-a22d1d69000f,f8edaecf-8020-4564-bbf4-42b31ddc5d7a,2d9849af-4973-4fd8-a822-d8a60e17e5f5,81de6e6f-7d67-40af-b2be-f629e89085ed,completed,0294f6c032f413f4245e83b15db52ab8f50ccfa6163f315fda209ab5b27f96be,a132b12b-e7a2-4837-8603-2cfe9fd0228c,K0,2026-10-07T05:52:05.998610Z,T2,dbb63e68d4ed9e904fa985aa5b88d674205b6caab086a8d981ac8918a9c68fb5,empirical,"[""4afc763c-033e-501c-9c9c-453207d31e62"",""1fed9611-d0cc-51e5-86e7-4ba237c836a2"",""0e4d4039-5409-5be7-a300-ded85e9c22d7"",""1c4afc6f-6679-57b7-ab6b-cec3053e85a1"",""76216ff6-0dab-5f43-913f-741c2deb7596"",""fe7c5fea-171a-5d3e-b93c-b9d53dca7c67"",""784c942d-b222-5013-a2e4-de4aa477a143"",""2f2d84f4-6f41-5df7-a828-cc0a3d9cdddf"",""c68f6332-f200-5595-940d-e5bcad78f1fe"",""54c3aba8-cb42-5023-9591-5cdd68bdd7c5"",""b9ac296e-4c6c-5cdc-9e03-14868c124af2"",""022ddff9-4332-5ba5-b884-42537f220a0c"",""0d262496-18e1-5973-84a6-84fbda64d0ff"",""447860c8-1d56-518b-88ad-7e103990b756"",""616ecfda-7163-5a8d-ba60-01f623d8b124"",""656bacfc-b102-5379-8db2-2f9f127621e0"",""88f2e658-6155-5924-bc85-63fe2aabb08a"",""9f032fb3-90ca-5749-aff5-1065077ac10e"",""4d2e4005-a84b-525b-a492-d367c5e405d0"",""12b20e20-e117-5c00-83bc-e589b92b730e"",""e97a5398-37b9-5e89-91a9-9b3ae48d9534"",""7a8f92c5-5f85-593a-bf90-08e13c60a2e6"",""aa66f5e3-ac0e-57d6-9b69-aa54ea7c4fb9"",""d07b7490-853e-562b-b662-305e89e7718d"",""596c0800-372d-5056-8a35-9f8661656bf4"",""d08816e6-d4d6-5f35-9de3-d86528fa7a96"",""2e126757-f17e-5ee2-93db-94d31ed944b2"",""5e1af4e2-330f-563f-b639-2d3cd8d276c8"",""49cd1889-2a56-5913-8723-929335f68874"",""82b898ba-3b6d-567f-8996-4f259b74547e"",""d38eb7d2-e78b-5c2f-93e4-2e34846e80e6"",""33effc64-dcfe-5ced-badf-c4df49f68dc1"",""a3a03b99-34c0-504b-b529-32b798db318a"",""8b3ec7b0-123f-5597-95f7-1fafc5810d01"",""035c5442-19b8-5a84-8a59-b352a9660279"",""d6d45010-72fa-5741-b733-88958a8795d2"",""ab8215e5-b753-5a6a-a4e7-ad9caf42eeac"",""1b20061c-b208-551a-b06c-81ffeff623fc"",""9b6d0913-2ae6-5dab-ab36-d05e1c51b208"",""a27c1fb2-edc1-57e6-9d74-adb5a13fed3b"",""4696448b-8c21-591b-80cc-7344ea0b95ec"",""c1d75a33-928c-5636-b99c-def1fb29e0f5"",""61eebfb6-2555-5bce-ba71-7a750427392a"",""aba074a1-d451-595d-bc12-e257adbe7383"",""1ca34094-ee4d-5962-a78a-174d361a9cd3"",""7edb0577-da07-5c6f-8391-bb90e9822165"",""d7c5d484-54dc-5d1e-a3ac-65d60267a12c"",""f416cc8b-3bc2-5c4c-a91c-c56faf748684""]",app/Http/Controllers/Study/SqliController.php,6a85421f-be04-4b7f-90ef-7ea1d96c269a,True,12-42,[],SQL,Noah Fiedler,f8edaecf-8020-4564-bbf4-42b31ddc5d7a,9f032fb3-90ca-5749-aff5-1065077ac10e,True,18,f2ab1b34-09ce-4bda-9ac9-c3bfca5782e3,A,"Die Route /study/sqli ist dem SqliController::show zugeordnet. Die Methode behandelt sowohl die formularlose Anzeige als auch Submit-Anfragen, validiert id, führt die Abfrage aus und übergibt das Ergebnis an die Darstellung. Im versiegelten Projektbestand ist kein aufgerufener Legacy-Helfer bzw. kein ausführbares Altskript vorhanden. Ergänzender Routenbeleg: study.php, Z. 6.",True,2026-10-07T05:52:05.998603Z,human,2,972066a9-40db-412d-b51a-dd1bcb10681b,d0716952-aac2-418b-b525-c9bff75b683c,1,explicit per metric; exact fractions and decimal display,,Menschliche lokale Selbstauskunft,observed,binary,1,decimal,A
M7-analysis-v5,f9faff59-3259-5804-8713-ca7f4006c343,2,70a33e71cf64cb1bd0f149592270b9746071b252454a55bbfc3f9b46d3e0421c,C-SQL-0,M6-T1-fcea5ded-4ea0-4d53-8ca1-e60b94673e5e,5009e924-e255-4cc4-9d78-55322868c3d2,70a33e71cf64cb1bd0f149592270b9746071b252454a55bbfc3f9b46d3e0421c,1120c5ff-26a2-4943-8b6a-701fcf856f94,8c6cccdc-37a3-46ac-82a5-a22d1d69000f,f8edaecf-8020-4564-bbf4-42b31ddc5d7a,2d9849af-4973-4fd8-a822-d8a60e17e5f5,81de6e6f-7d67-40af-b2be-f629e89085ed,completed,0294f6c032f413f4245e83b15db52ab8f50ccfa6163f315fda209ab5b27f96be,a132b12b-e7a2-4837-8603-2cfe9fd0228c,K0,2026-10-07T05:47:21.711313Z,T1,dbb63e68d4ed9e904fa985aa5b88d674205b6caab086a8d981ac8918a9c68fb5,empirical,"[""4afc763c-033e-501c-9c9c-453207d31e62"",""1fed9611-d0cc-51e5-86e7-4ba237c836a2"",""0e4d4039-5409-5be7-a300-ded85e9c22d7"",""1c4afc6f-6679-57b7-ab6b-cec3053e85a1"",""76216ff6-0dab-5f43-913f-741c2deb7596"",""fe7c5fea-171a-5d3e-b93c-b9d53dca7c67"",""784c942d-b222-5013-a2e4-de4aa477a143"",""2f2d84f4-6f41-5df7-a828-cc0a3d9cdddf"",""c68f6332-f200-5595-940d-e5bcad78f1fe"",""54c3aba8-cb42-5023-9591-5cdd68bdd7c5"",""b9ac296e-4c6c-5cdc-9e03-14868c124af2"",""022ddff9-4332-5ba5-b884-42537f220a0c"",""0d262496-18e1-5973-84a6-84fbda64d0ff"",""447860c8-1d56-518b-88ad-7e103990b756"",""616ecfda-7163-5a8d-ba60-01f623d8b124"",""656bacfc-b102-5379-8db2-2f9f127621e0"",""88f2e658-6155-5924-bc85-63fe2aabb08a"",""9f032fb3-90ca-5749-aff5-1065077ac10e"",""4d2e4005-a84b-525b-a492-d367c5e405d0"",""12b20e20-e117-5c00-83bc-e589b92b730e"",""e97a5398-37b9-5e89-91a9-9b3ae48d9534"",""7a8f92c5-5f85-593a-bf90-08e13c60a2e6"",""aa66f5e3-ac0e-57d6-9b69-aa54ea7c4fb9"",""d07b7490-853e-562b-b662-305e89e7718d"",""596c0800-372d-5056-8a35-9f8661656bf4"",""d08816e6-d4d6-5f35-9de3-d86528fa7a96"",""2e126757-f17e-5ee2-93db-94d31ed944b2"",""5e1af4e2-330f-563f-b639-2d3cd8d276c8"",""49cd1889-2a56-5913-8723-929335f68874"",""82b898ba-3b6d-567f-8996-4f259b74547e"",""d38eb7d2-e78b-5c2f-93e4-2e34846e80e6"",""33effc64-dcfe-5ced-badf-c4df49f68dc1"",""a3a03b99-34c0-504b-b529-32b798db318a"",""8b3ec7b0-123f-5597-95f7-1fafc5810d01"",""035c5442-19b8-5a84-8a59-b352a9660279"",""d6d45010-72fa-5741-b733-88958a8795d2"",""ab8215e5-b753-5a6a-a4e7-ad9caf42eeac"",""1b20061c-b208-551a-b06c-81ffeff623fc"",""9b6d0913-2ae6-5dab-ab36-d05e1c51b208"",""a27c1fb2-edc1-57e6-9d74-adb5a13fed3b"",""4696448b-8c21-591b-80cc-7344ea0b95ec"",""c1d75a33-928c-5636-b99c-def1fb29e0f5"",""61eebfb6-2555-5bce-ba71-7a750427392a"",""aba074a1-d451-595d-bc12-e257adbe7383"",""1ca34094-ee4d-5962-a78a-174d361a9cd3"",""7edb0577-da07-5c6f-8391-bb90e9822165"",""d7c5d484-54dc-5d1e-a3ac-65d60267a12c"",""f416cc8b-3bc2-5c4c-a91c-c56faf748684""]",,66b2498c-7d78-438d-86cd-38b35f9828df,True,,[],SQL,M6-evaluator-v1,f8edaecf-8020-4564-bbf4-42b31ddc5d7a,9f032fb3-90ca-5749-aff5-1065077ac10e,True,18,,A,Native syntax/boot plus independent intact scaffold control,True,2026-10-07T05:47:21.711298Z,automatic,1,972066a9-40db-412d-b51a-dd1bcb10681b,d0716952-aac2-418b-b525-c9bff75b683c,1,explicit per metric; exact fractions and decimal display,,M6-evaluator-v1,observed,binary,1,decimal,A
M7-analysis-v5,f9faff59-3259-5804-8713-ca7f4006c343,2,70a33e71cf64cb1bd0f149592270b9746071b252454a55bbfc3f9b46d3e0421c,C-SQL-0,M6-T5-caccaf73-5b2f-41bf-ac31-83b8395642fc,0bc4d032-37c6-4aaf-9f15-018147667920,70a33e71cf64cb1bd0f149592270b9746071b252454a55bbfc3f9b46d3e0421c,1120c5ff-26a2-4943-8b6a-701fcf856f94,8c6cccdc-37a3-46ac-82a5-a22d1d69000f,f8edaecf-8020-4564-bbf4-42b31ddc5d7a,2d9849af-4973-4fd8-a822-d8a60e17e5f5,81de6e6f-7d67-40af-b2be-f629e89085ed,completed,0294f6c032f413f4245e83b15db52ab8f50ccfa6163f315fda209ab5b27f96be,a132b12b-e7a2-4837-8603-2cfe9fd0228c,K0,2026-10-07T05:47:21.717681Z,T5,dbb63e68d4ed9e904fa985aa5b88d674205b6caab086a8d981ac8918a9c68fb5,empirical,"[""4afc763c-033e-501c-9c9c-453207d31e62"",""1fed9611-d0cc-51e5-86e7-4ba237c836a2"",""0e4d4039-5409-5be7-a300-ded85e9c22d7"",""1c4afc6f-6679-57b7-ab6b-cec3053e85a1"",""76216ff6-0dab-5f43-913f-741c2deb7596"",""fe7c5fea-171a-5d3e-b93c-b9d53dca7c67"",""784c942d-b222-5013-a2e4-de4aa477a143"",""2f2d84f4-6f41-5df7-a828-cc0a3d9cdddf"",""c68f6332-f200-5595-940d-e5bcad78f1fe"",""54c3aba8-cb42-5023-9591-5cdd68bdd7c5"",""b9ac296e-4c6c-5cdc-9e03-14868c124af2"",""022ddff9-4332-5ba5-b884-42537f220a0c"",""0d262496-18e1-5973-84a6-84fbda64d0ff"",""447860c8-1d56-518b-88ad-7e103990b756"",""616ecfda-7163-5a8d-ba60-01f623d8b124"",""656bacfc-b102-5379-8db2-2f9f127621e0"",""88f2e658-6155-5924-bc85-63fe2aabb08a"",""9f032fb3-90ca-5749-aff5-1065077ac10e"",""4d2e4005-a84b-525b-a492-d367c5e405d0"",""12b20e20-e117-5c00-83bc-e589b92b730e"",""e97a5398-37b9-5e89-91a9-9b3ae48d9534"",""7a8f92c5-5f85-593a-bf90-08e13c60a2e6"",""aa66f5e3-ac0e-57d6-9b69-aa54ea7c4fb9"",""d07b7490-853e-562b-b662-305e89e7718d"",""596c0800-372d-5056-8a35-9f8661656bf4"",""d08816e6-d4d6-5f35-9de3-d86528fa7a96"",""2e126757-f17e-5ee2-93db-94d31ed944b2"",""5e1af4e2-330f-563f-b639-2d3cd8d276c8"",""49cd1889-2a56-5913-8723-929335f68874"",""82b898ba-3b6d-567f-8996-4f259b74547e"",""d38eb7d2-e78b-5c2f-93e4-2e34846e80e6"",""33effc64-dcfe-5ced-badf-c4df49f68dc1"",""a3a03b99-34c0-504b-b529-32b798db318a"",""8b3ec7b0-123f-5597-95f7-1fafc5810d01"",""035c5442-19b8-5a84-8a59-b352a9660279"",""d6d45010-72fa-5741-b733-88958a8795d2"",""ab8215e5-b753-5a6a-a4e7-ad9caf42eeac"",""1b20061c-b208-551a-b06c-81ffeff623fc"",""9b6d0913-2ae6-5dab-ab36-d05e1c51b208"",""a27c1fb2-edc1-57e6-9d74-adb5a13fed3b"",""4696448b-8c21-591b-80cc-7344ea0b95ec"",""c1d75a33-928c-5636-b99c-def1fb29e0f5"",""61eebfb6-2555-5bce-ba71-7a750427392a"",""aba074a1-d451-595d-bc12-e257adbe7383"",""1ca34094-ee4d-5962-a78a-174d361a9cd3"",""7edb0577-da07-5c6f-8391-bb90e9822165"",""d7c5d484-54dc-5d1e-a3ac-65d60267a12c"",""f416cc8b-3bc2-5c4c-a91c-c56faf748684""]",,6c92b0d4-b9ec-4d3b-bdd0-e6d93a2e4c5a,True,,[],SQL,M6-evaluator-v1,f8edaecf-8020-4564-bbf4-42b31ddc5d7a,9f032fb3-90ca-5749-aff5-1065077ac10e,True,18,,A,Protected scaffold/allowlist and effective access routes against intact control; other semantic doubt stays open,True,2026-10-07T05:47:21.717669Z,automatic,1,972066a9-40db-412d-b51a-dd1bcb10681b,d0716952-aac2-418b-b525-c9bff75b683c,1,explicit per metric; exact fractions and decimal display,,M6-evaluator-v1,observed,binary,1,decimal,A
M7-analysis-v5,f9faff59-3259-5804-8713-ca7f4006c343,2,62a469b9b8e0e28ce8d744f8537004f7b978bf2156fdf548664726eed2ae1343,E-P1R0,HUMAN-REVIEW-0dd964c4-e53e-412d-86c0-8c128a1a22d3,8c42b79b-c188-45e2-a3bc-bc148ff0508d,62a469b9b8e0e28ce8d744f8537004f7b978bf2156fdf548664726eed2ae1343,614187e2-3e7f-40f3-8880-0869c5a5ebeb,8c6cccdc-37a3-46ac-82a5-a22d1d69000f,f8edaecf-8020-4564-bbf4-42b31ddc5d7a,2d9849af-4973-4fd8-a822-d8a60e17e5f5,81de6e6f-7d67-40af-b2be-f629e89085ed,completed,46fff238fb6d2caf7973ae538150ab3097c1fa1862c12a1b6c4ff163afb5f6c3,4eb1de1a-3682-4e43-9075-598dbaee7479,K1,2026-10-07T06:09:15.970581Z,T4,dbb63e68d4ed9e904fa985aa5b88d674205b6caab086a8d981ac8918a9c68fb5,empirical,"[""4afc763c-033e-501c-9c9c-453207d31e62"",""1fed9611-d0cc-51e5-86e7-4ba237c836a2"",""0e4d4039-5409-5be7-a300-ded85e9c22d7"",""1c4afc6f-6679-57b7-ab6b-cec3053e85a1"",""76216ff6-0dab-5f43-913f-741c2deb7596"",""fe7c5fea-171a-5d3e-b93c-b9d53dca7c67"",""784c942d-b222-5013-a2e4-de4aa477a143"",""2f2d84f4-6f41-5df7-a828-cc0a3d9cdddf"",""c68f6332-f200-5595-940d-e5bcad78f1fe"",""54c3aba8-cb42-5023-9591-5cdd68bdd7c5"",""b9ac296e-4c6c-5cdc-9e03-14868c124af2"",""022ddff9-4332-5ba5-b884-42537f220a0c"",""0d262496-18e1-5973-84a6-84fbda64d0ff"",""447860c8-1d56-518b-88ad-7e103990b756"",""616ecfda-7163-5a8d-ba60-01f623d8b124"",""656bacfc-b102-5379-8db2-2f9f127621e0"",""88f2e658-6155-5924-bc85-63fe2aabb08a"",""9f032fb3-90ca-5749-aff5-1065077ac10e"",""4d2e4005-a84b-525b-a492-d367c5e405d0"",""12b20e20-e117-5c00-83bc-e589b92b730e"",""e97a5398-37b9-5e89-91a9-9b3ae48d9534"",""7a8f92c5-5f85-593a-bf90-08e13c60a2e6"",""aa66f5e3-ac0e-57d6-9b69-aa54ea7c4fb9"",""d07b7490-853e-562b-b662-305e89e7718d"",""596c0800-372d-5056-8a35-9f8661656bf4"",""d08816e6-d4d6-5f35-9de3-d86528fa7a96"",""2e126757-f17e-5ee2-93db-94d31ed944b2"",""5e1af4e2-330f-563f-b639-2d3cd8d276c8"",""49cd1889-2a56-5913-8723-929335f68874"",""82b898ba-3b6d-567f-8996-4f259b74547e"",""d38eb7d2-e78b-5c2f-93e4-2e34846e80e6"",""33effc64-dcfe-5ced-badf-c4df49f68dc1"",""a3a03b99-34c0-504b-b529-32b798db318a"",""8b3ec7b0-123f-5597-95f7-1fafc5810d01"",""035c5442-19b8-5a84-8a59-b352a9660279"",""d6d45010-72fa-5741-b733-88958a8795d2"",""ab8215e5-b753-5a6a-a4e7-ad9caf42eeac"",""1b20061c-b208-551a-b06c-81ffeff623fc"",""9b6d0913-2ae6-5dab-ab36-d05e1c51b208"",""a27c1fb2-edc1-57e6-9d74-adb5a13fed3b"",""4696448b-8c21-591b-80cc-7344ea0b95ec"",""c1d75a33-928c-5636-b99c-def1fb29e0f5"",""61eebfb6-2555-5bce-ba71-7a750427392a"",""aba074a1-d451-595d-bc12-e257adbe7383"",""1ca34094-ee4d-5962-a78a-174d361a9cd3"",""7edb0577-da07-5c6f-8391-bb90e9822165"",""d7c5d484-54dc-5d1e-a3ac-65d60267a12c"",""f416cc8b-3bc2-5c4c-a91c-c56faf748684""]",app/Http/Controllers/Study/SqliController.php,1b9c31c0-4b26-422c-97ea-28c196b4ecba,True,35-48,"[""13737594-ca93-46c9-bef5-489cda889507""]",SQL,Noah Fiedler,f8edaecf-8020-4564-bbf4-42b31ddc5d7a,4d2e4005-a84b-525b-a492-d367c5e405d0,True,19,eef2de28-3e25-492c-ba77-6fd2270ca866,A,Der Code spricht deutlich für die korrekte Anbindung: Die ID wird aus dem Request gelesen und über den Laravel Query Builder (DB::connection('mysql')->table('users')->…->where(...)->first()) abgefragt. Vor- und Nachname werden unmittelbar aus dem Abfrageergebnis übernommen; eine feste Namensliste oder separate mysqli-/SQLite-Verbindung ist im tatsächlichen Controllerpfad nicht vorhanden. Die mysql-Verbindung ist als Laravel-MySQL-Verbindung konfiguriert.,False,2026-10-07T06:09:15.970574Z,human,2,972066a9-40db-412d-b51a-dd1bcb10681b,d021c34b-07cb-4fcc-815b-168486587584,1,explicit per metric; exact fractions and decimal display,,Menschliche lokale Selbstauskunft,observed,binary,1,decimal,A
M7-analysis-v5,f9faff59-3259-5804-8713-ca7f4006c343,2,62a469b9b8e0e28ce8d744f8537004f7b978bf2156fdf548664726eed2ae1343,E-P1R0,HUMAN-REVIEW-1aabb656-9363-49da-9f07-f449dd6796bd,8c42b79b-c188-45e2-a3bc-bc148ff0508d,62a469b9b8e0e28ce8d744f8537004f7b978bf2156fdf548664726eed2ae1343,614187e2-3e7f-40f3-8880-0869c5a5ebeb,8c6cccdc-37a3-46ac-82a5-a22d1d69000f,f8edaecf-8020-4564-bbf4-42b31ddc5d7a,2d9849af-4973-4fd8-a822-d8a60e17e5f5,81de6e6f-7d67-40af-b2be-f629e89085ed,completed,46fff238fb6d2caf7973ae538150ab3097c1fa1862c12a1b6c4ff163afb5f6c3,4eb1de1a-3682-4e43-9075-598dbaee7479,K1,2026-10-07T06:08:42.412668Z,T2,dbb63e68d4ed9e904fa985aa5b88d674205b6caab086a8d981ac8918a9c68fb5,empirical,"[""4afc763c-033e-501c-9c9c-453207d31e62"",""1fed9611-d0cc-51e5-86e7-4ba237c836a2"",""0e4d4039-5409-5be7-a300-ded85e9c22d7"",""1c4afc6f-6679-57b7-ab6b-cec3053e85a1"",""76216ff6-0dab-5f43-913f-741c2deb7596"",""fe7c5fea-171a-5d3e-b93c-b9d53dca7c67"",""784c942d-b222-5013-a2e4-de4aa477a143"",""2f2d84f4-6f41-5df7-a828-cc0a3d9cdddf"",""c68f6332-f200-5595-940d-e5bcad78f1fe"",""54c3aba8-cb42-5023-9591-5cdd68bdd7c5"",""b9ac296e-4c6c-5cdc-9e03-14868c124af2"",""022ddff9-4332-5ba5-b884-42537f220a0c"",""0d262496-18e1-5973-84a6-84fbda64d0ff"",""447860c8-1d56-518b-88ad-7e103990b756"",""616ecfda-7163-5a8d-ba60-01f623d8b124"",""656bacfc-b102-5379-8db2-2f9f127621e0"",""88f2e658-6155-5924-bc85-63fe2aabb08a"",""9f032fb3-90ca-5749-aff5-1065077ac10e"",""4d2e4005-a84b-525b-a492-d367c5e405d0"",""12b20e20-e117-5c00-83bc-e589b92b730e"",""e97a5398-37b9-5e89-91a9-9b3ae48d9534"",""7a8f92c5-5f85-593a-bf90-08e13c60a2e6"",""aa66f5e3-ac0e-57d6-9b69-aa54ea7c4fb9"",""d07b7490-853e-562b-b662-305e89e7718d"",""596c0800-372d-5056-8a35-9f8661656bf4"",""d08816e6-d4d6-5f35-9de3-d86528fa7a96"",""2e126757-f17e-5ee2-93db-94d31ed944b2"",""5e1af4e2-330f-563f-b639-2d3cd8d276c8"",""49cd1889-2a56-5913-8723-929335f68874"",""82b898ba-3b6d-567f-8996-4f259b74547e"",""d38eb7d2-e78b-5c2f-93e4-2e34846e80e6"",""33effc64-dcfe-5ced-badf-c4df49f68dc1"",""a3a03b99-34c0-504b-b529-32b798db318a"",""8b3ec7b0-123f-5597-95f7-1fafc5810d01"",""035c5442-19b8-5a84-8a59-b352a9660279"",""d6d45010-72fa-5741-b733-88958a8795d2"",""ab8215e5-b753-5a6a-a4e7-ad9caf42eeac"",""1b20061c-b208-551a-b06c-81ffeff623fc"",""9b6d0913-2ae6-5dab-ab36-d05e1c51b208"",""a27c1fb2-edc1-57e6-9d74-adb5a13fed3b"",""4696448b-8c21-591b-80cc-7344ea0b95ec"",""c1d75a33-928c-5636-b99c-def1fb29e0f5"",""61eebfb6-2555-5bce-ba71-7a750427392a"",""aba074a1-d451-595d-bc12-e257adbe7383"",""1ca34094-ee4d-5962-a78a-174d361a9cd3"",""7edb0577-da07-5c6f-8391-bb90e9822165"",""d7c5d484-54dc-5d1e-a3ac-65d60267a12c"",""f416cc8b-3bc2-5c4c-a91c-c56faf748684""]",app/Http/Controllers/Study/SqliController.php,d434d243-2bc1-4d72-9d0f-b91706ea7f1a,True,13-53,[],SQL,Noah Fiedler,f8edaecf-8020-4564-bbf4-42b31ddc5d7a,4d2e4005-a84b-525b-a492-d367c5e405d0,True,19,00ffe20b-dedd-48f2-a989-78d8731722b3,A,"Die GET-Route /study/sqli ist SqliController::show zugeordnet. Die Methode verarbeitet sowohl die reine Formularanzeige (ohne Submit) als auch Eingabe, Validierung, Datenbankabfrage und Ergebnisbildung selbst. Es gibt keinen Aufruf eines Legacy-Skripts oder eines ausgelagerten Helfers.",False,2026-10-07T06:08:42.412661Z,human,2,972066a9-40db-412d-b51a-dd1bcb10681b,d021c34b-07cb-4fcc-815b-168486587584,1,explicit per metric; exact fractions and decimal display,,Menschliche lokale Selbstauskunft,observed,binary,1,decimal,A
M7-analysis-v5,f9faff59-3259-5804-8713-ca7f4006c343,2,62a469b9b8e0e28ce8d744f8537004f7b978bf2156fdf548664726eed2ae1343,E-P1R0,HUMAN-REVIEW-c518697b-970d-4471-9ef4-bf5d03fdab0d,3cff0283-3077-456d-9305-4649d6565e01,62a469b9b8e0e28ce8d744f8537004f7b978bf2156fdf548664726eed2ae1343,614187e2-3e7f-40f3-8880-0869c5a5ebeb,8c6cccdc-37a3-46ac-82a5-a22d1d69000f,f8edaecf-8020-4564-bbf4-42b31ddc5d7a,2d9849af-4973-4fd8-a822-d8a60e17e5f5,81de6e6f-7d67-40af-b2be-f629e89085ed,completed,46fff238fb6d2caf7973ae538150ab3097c1fa1862c12a1b6c4ff163afb5f6c3,4eb1de1a-3682-4e43-9075-598dbaee7479,K1,2026-10-07T06:08:54.644343Z,T3,dbb63e68d4ed9e904fa985aa5b88d674205b6caab086a8d981ac8918a9c68fb5,empirical,"[""4afc763c-033e-501c-9c9c-453207d31e62"",""1fed9611-d0cc-51e5-86e7-4ba237c836a2"",""0e4d4039-5409-5be7-a300-ded85e9c22d7"",""1c4afc6f-6679-57b7-ab6b-cec3053e85a1"",""76216ff6-0dab-5f43-913f-741c2deb7596"",""fe7c5fea-171a-5d3e-b93c-b9d53dca7c67"",""784c942d-b222-5013-a2e4-de4aa477a143"",""2f2d84f4-6f41-5df7-a828-cc0a3d9cdddf"",""c68f6332-f200-5595-940d-e5bcad78f1fe"",""54c3aba8-cb42-5023-9591-5cdd68bdd7c5"",""b9ac296e-4c6c-5cdc-9e03-14868c124af2"",""022ddff9-4332-5ba5-b884-42537f220a0c"",""0d262496-18e1-5973-84a6-84fbda64d0ff"",""447860c8-1d56-518b-88ad-7e103990b756"",""616ecfda-7163-5a8d-ba60-01f623d8b124"",""656bacfc-b102-5379-8db2-2f9f127621e0"",""88f2e658-6155-5924-bc85-63fe2aabb08a"",""9f032fb3-90ca-5749-aff5-1065077ac10e"",""4d2e4005-a84b-525b-a492-d367c5e405d0"",""12b20e20-e117-5c00-83bc-e589b92b730e"",""e97a5398-37b9-5e89-91a9-9b3ae48d9534"",""7a8f92c5-5f85-593a-bf90-08e13c60a2e6"",""aa66f5e3-ac0e-57d6-9b69-aa54ea7c4fb9"",""d07b7490-853e-562b-b662-305e89e7718d"",""596c0800-372d-5056-8a35-9f8661656bf4"",""d08816e6-d4d6-5f35-9de3-d86528fa7a96"",""2e126757-f17e-5ee2-93db-94d31ed944b2"",""5e1af4e2-330f-563f-b639-2d3cd8d276c8"",""49cd1889-2a56-5913-8723-929335f68874"",""82b898ba-3b6d-567f-8996-4f259b74547e"",""d38eb7d2-e78b-5c2f-93e4-2e34846e80e6"",""33effc64-dcfe-5ced-badf-c4df49f68dc1"",""a3a03b99-34c0-504b-b529-32b798db318a"",""8b3ec7b0-123f-5597-95f7-1fafc5810d01"",""035c5442-19b8-5a84-8a59-b352a9660279"",""d6d45010-72fa-5741-b733-88958a8795d2"",""ab8215e5-b753-5a6a-a4e7-ad9caf42eeac"",""1b20061c-b208-551a-b06c-81ffeff623fc"",""9b6d0913-2ae6-5dab-ab36-d05e1c51b208"",""a27c1fb2-edc1-57e6-9d74-adb5a13fed3b"",""4696448b-8c21-591b-80cc-7344ea0b95ec"",""c1d75a33-928c-5636-b99c-def1fb29e0f5"",""61eebfb6-2555-5bce-ba71-7a750427392a"",""aba074a1-d451-595d-bc12-e257adbe7383"",""1ca34094-ee4d-5962-a78a-174d361a9cd3"",""7edb0577-da07-5c6f-8391-bb90e9822165"",""d7c5d484-54dc-5d1e-a3ac-65d60267a12c"",""f416cc8b-3bc2-5c4c-a91c-c56faf748684""]",resources/views/study/sqli.blade.php,73f88dfd-19dd-43e9-8bfe-04f01dc5f643,True,8-23,[],SQL,Noah Fiedler,f8edaecf-8020-4564-bbf4-42b31ddc5d7a,4d2e4005-a84b-525b-a492-d367c5e405d0,True,19,5c217797-1dab-421d-a99b-73e82aa404ed,A,"Der Controller rendert in allen Ausgabezweigen study.sqli: Formularanzeige, ungültige/leere Eingabe und Abfrageergebnis. Die Blade-Datei enthält das GET-Formular sowie die Ausgabe für leeren Anfangszustand, Status und – bei Erfolg – Vor- und Nachname.",False,2026-10-07T06:08:54.644337Z,human,2,972066a9-40db-412d-b51a-dd1bcb10681b,d021c34b-07cb-4fcc-815b-168486587584,1,explicit per metric; exact fractions and decimal display,,Menschliche lokale Selbstauskunft,observed,binary,1,decimal,A
M7-analysis-v5,f9faff59-3259-5804-8713-ca7f4006c343,2,62a469b9b8e0e28ce8d744f8537004f7b978bf2156fdf548664726eed2ae1343,E-P1R0,M6-T1-f2202e27-6267-4b20-9d80-500e7099179d,1a7c2b68-ec38-4201-a981-ec4d55ee6306,62a469b9b8e0e28ce8d744f8537004f7b978bf2156fdf548664726eed2ae1343,614187e2-3e7f-40f3-8880-0869c5a5ebeb,8c6cccdc-37a3-46ac-82a5-a22d1d69000f,f8edaecf-8020-4564-bbf4-42b31ddc5d7a,2d9849af-4973-4fd8-a822-d8a60e17e5f5,81de6e6f-7d67-40af-b2be-f629e89085ed,completed,46fff238fb6d2caf7973ae538150ab3097c1fa1862c12a1b6c4ff163afb5f6c3,4eb1de1a-3682-4e43-9075-598dbaee7479,K1,2026-10-07T06:00:48.586385Z,T1,dbb63e68d4ed9e904fa985aa5b88d674205b6caab086a8d981ac8918a9c68fb5,empirical,"[""4afc763c-033e-501c-9c9c-453207d31e62"",""1fed9611-d0cc-51e5-86e7-4ba237c836a2"",""0e4d4039-5409-5be7-a300-ded85e9c22d7"",""1c4afc6f-6679-57b7-ab6b-cec3053e85a1"",""76216ff6-0dab-5f43-913f-741c2deb7596"",""fe7c5fea-171a-5d3e-b93c-b9d53dca7c67"",""784c942d-b222-5013-a2e4-de4aa477a143"",""2f2d84f4-6f41-5df7-a828-cc0a3d9cdddf"",""c68f6332-f200-5595-940d-e5bcad78f1fe"",""54c3aba8-cb42-5023-9591-5cdd68bdd7c5"",""b9ac296e-4c6c-5cdc-9e03-14868c124af2"",""022ddff9-4332-5ba5-b884-42537f220a0c"",""0d262496-18e1-5973-84a6-84fbda64d0ff"",""447860c8-1d56-518b-88ad-7e103990b756"",""616ecfda-7163-5a8d-ba60-01f623d8b124"",""656bacfc-b102-5379-8db2-2f9f127621e0"",""88f2e658-6155-5924-bc85-63fe2aabb08a"",""9f032fb3-90ca-5749-aff5-1065077ac10e"",""4d2e4005-a84b-525b-a492-d367c5e405d0"",""12b20e20-e117-5c00-83bc-e589b92b730e"",""e97a5398-37b9-5e89-91a9-9b3ae48d9534"",""7a8f92c5-5f85-593a-bf90-08e13c60a2e6"",""aa66f5e3-ac0e-57d6-9b69-aa54ea7c4fb9"",""d07b7490-853e-562b-b662-305e89e7718d"",""596c0800-372d-5056-8a35-9f8661656bf4"",""d08816e6-d4d6-5f35-9de3-d86528fa7a96"",""2e126757-f17e-5ee2-93db-94d31ed944b2"",""5e1af4e2-330f-563f-b639-2d3cd8d276c8"",""49cd1889-2a56-5913-8723-929335f68874"",""82b898ba-3b6d-567f-8996-4f259b74547e"",""d38eb7d2-e78b-5c2f-93e4-2e34846e80e6"",""33effc64-dcfe-5ced-badf-c4df49f68dc1"",""a3a03b99-34c0-504b-b529-32b798db318a"",""8b3ec7b0-123f-5597-95f7-1fafc5810d01"",""035c5442-19b8-5a84-8a59-b352a9660279"",""d6d45010-72fa-5741-b733-88958a8795d2"",""ab8215e5-b753-5a6a-a4e7-ad9caf42eeac"",""1b20061c-b208-551a-b06c-81ffeff623fc"",""9b6d0913-2ae6-5dab-ab36-d05e1c51b208"",""a27c1fb2-edc1-57e6-9d74-adb5a13fed3b"",""4696448b-8c21-591b-80cc-7344ea0b95ec"",""c1d75a33-928c-5636-b99c-def1fb29e0f5"",""61eebfb6-2555-5bce-ba71-7a750427392a"",""aba074a1-d451-595d-bc12-e257adbe7383"",""1ca34094-ee4d-5962-a78a-174d361a9cd3"",""7edb0577-da07-5c6f-8391-bb90e9822165"",""d7c5d484-54dc-5d1e-a3ac-65d60267a12c"",""f416cc8b-3bc2-5c4c-a91c-c56faf748684""]",,3d0fd771-a34e-4f57-b520-0bba16e0801e,True,,[],SQL,M6-evaluator-v1,f8edaecf-8020-4564-bbf4-42b31ddc5d7a,4d2e4005-a84b-525b-a492-d367c5e405d0,True,19,,A,Native syntax/boot plus independent intact scaffold control,False,2026-10-07T06:00:48.586369Z,automatic,1,972066a9-40db-412d-b51a-dd1bcb10681b,d021c34b-07cb-4fcc-815b-168486587584,1,explicit per metric; exact fractions and decimal display,,M6-evaluator-v1,observed,binary,1,decimal,A
M7-analysis-v5,f9faff59-3259-5804-8713-ca7f4006c343,2,62a469b9b8e0e28ce8d744f8537004f7b978bf2156fdf548664726eed2ae1343,E-P1R0,M6-T5-11ae599b-87f1-4042-b2f7-f8b46b869ec1,f22a088d-2edb-4e47-af60-5d3e3f86d385,62a469b9b8e0e28ce8d744f8537004f7b978bf2156fdf548664726eed2ae1343,614187e2-3e7f-40f3-8880-0869c5a5ebeb,8c6cccdc-37a3-46ac-82a5-a22d1d69000f,f8edaecf-8020-4564-bbf4-42b31ddc5d7a,2d9849af-4973-4fd8-a822-d8a60e17e5f5,81de6e6f-7d67-40af-b2be-f629e89085ed,completed,46fff238fb6d2caf7973ae538150ab3097c1fa1862c12a1b6c4ff163afb5f6c3,4eb1de1a-3682-4e43-9075-598dbaee7479,K1,2026-10-07T06:00:48.591771Z,T5,dbb63e68d4ed9e904fa985aa5b88d674205b6caab086a8d981ac8918a9c68fb5,empirical,"[""4afc763c-033e-501c-9c9c-453207d31e62"",""1fed9611-d0cc-51e5-86e7-4ba237c836a2"",""0e4d4039-5409-5be7-a300-ded85e9c22d7"",""1c4afc6f-6679-57b7-ab6b-cec3053e85a1"",""76216ff6-0dab-5f43-913f-741c2deb7596"",""fe7c5fea-171a-5d3e-b93c-b9d53dca7c67"",""784c942d-b222-5013-a2e4-de4aa477a143"",""2f2d84f4-6f41-5df7-a828-cc0a3d9cdddf"",""c68f6332-f200-5595-940d-e5bcad78f1fe"",""54c3aba8-cb42-5023-9591-5cdd68bdd7c5"",""b9ac296e-4c6c-5cdc-9e03-14868c124af2"",""022ddff9-4332-5ba5-b884-42537f220a0c"",""0d262496-18e1-5973-84a6-84fbda64d0ff"",""447860c8-1d56-518b-88ad-7e103990b756"",""616ecfda-7163-5a8d-ba60-01f623d8b124"",""656bacfc-b102-5379-8db2-2f9f127621e0"",""88f2e658-6155-5924-bc85-63fe2aabb08a"",""9f032fb3-90ca-5749-aff5-1065077ac10e"",""4d2e4005-a84b-525b-a492-d367c5e405d0"",""12b20e20-e117-5c00-83bc-e589b92b730e"",""e97a5398-37b9-5e89-91a9-9b3ae48d9534"",""7a8f92c5-5f85-593a-bf90-08e13c60a2e6"",""aa66f5e3-ac0e-57d6-9b69-aa54ea7c4fb9"",""d07b7490-853e-562b-b662-305e89e7718d"",""596c0800-372d-5056-8a35-9f8661656bf4"",""d08816e6-d4d6-5f35-9de3-d86528fa7a96"",""2e126757-f17e-5ee2-93db-94d31ed944b2"",""5e1af4e2-330f-563f-b639-2d3cd8d276c8"",""49cd1889-2a56-5913-8723-929335f68874"",""82b898ba-3b6d-567f-8996-4f259b74547e"",""d38eb7d2-e78b-5c2f-93e4-2e34846e80e6"",""33effc64-dcfe-5ced-badf-c4df49f68dc1"",""a3a03b99-34c0-504b-b529-32b798db318a"",""8b3ec7b0-123f-5597-95f7-1fafc5810d01"",""035c5442-19b8-5a84-8a59-b352a9660279"",""d6d45010-72fa-5741-b733-88958a8795d2"",""ab8215e5-b753-5a6a-a4e7-ad9caf42eeac"",""1b20061c-b208-551a-b06c-81ffeff623fc"",""9b6d0913-2ae6-5dab-ab36-d05e1c51b208"",""a27c1fb2-edc1-57e6-9d74-adb5a13fed3b"",""4696448b-8c21-591b-80cc-7344ea0b95ec"",""c1d75a33-928c-5636-b99c-def1fb29e0f5"",""61eebfb6-2555-5bce-ba71-7a750427392a"",""aba074a1-d451-595d-bc12-e257adbe7383"",""1ca34094-ee4d-5962-a78a-174d361a9cd3"",""7edb0577-da07-5c6f-8391-bb90e9822165"",""d7c5d484-54dc-5d1e-a3ac-65d60267a12c"",""f416cc8b-3bc2-5c4c-a91c-c56faf748684""]",,446f2093-1fe2-4ede-99f9-d8c747640617,True,,[],SQL,M6-evaluator-v1,f8edaecf-8020-4564-bbf4-42b31ddc5d7a,4d2e4005-a84b-525b-a492-d367c5e405d0,True,19,,A,Protected scaffold/allowlist and effective access routes against intact control; other semantic doubt stays open,False,2026-10-07T06:00:48.591760Z,automatic,1,972066a9-40db-412d-b51a-dd1bcb10681b,d021c34b-07cb-4fcc-815b-168486587584,1,explicit per metric; exact fractions and decimal display,,M6-evaluator-v1,observed,binary,1,decimal,A
M7-analysis-v5,f9faff59-3259-5804-8713-ca7f4006c343,2,b95c5ae5c06c3b41a61878e005cec91f332ca88d67a8ea64b1ab14aea3f9bf43,E-P0R0,HUMAN-REVIEW-11107541-c325-436a-911d-796313aeaa50,0ab0ebc7-21e6-48ad-beb0-e698cee8e466,b95c5ae5c06c3b41a61878e005cec91f332ca88d67a8ea64b1ab14aea3f9bf43,16289b50-372e-4b44-80e3-bbe783bc51bd,8c6cccdc-37a3-46ac-82a5-a22d1d69000f,f8edaecf-8020-4564-bbf4-42b31ddc5d7a,2d9849af-4973-4fd8-a822-d8a60e17e5f5,81de6e6f-7d67-40af-b2be-f629e89085ed,completed,9992b253f08c976bf150bcd89ccfc9db54f8a1fda58ea3f4fad386b27c7c4138,c06be457-9745-422d-9d69-c0fa9cd7e0d5,K1,2026-10-07T06:21:55.147263Z,T3,dbb63e68d4ed9e904fa985aa5b88d674205b6caab086a8d981ac8918a9c68fb5,empirical,"[""4afc763c-033e-501c-9c9c-453207d31e62"",""1fed9611-d0cc-51e5-86e7-4ba237c836a2"",""0e4d4039-5409-5be7-a300-ded85e9c22d7"",""1c4afc6f-6679-57b7-ab6b-cec3053e85a1"",""76216ff6-0dab-5f43-913f-741c2deb7596"",""fe7c5fea-171a-5d3e-b93c-b9d53dca7c67"",""784c942d-b222-5013-a2e4-de4aa477a143"",""2f2d84f4-6f41-5df7-a828-cc0a3d9cdddf"",""c68f6332-f200-5595-940d-e5bcad78f1fe"",""54c3aba8-cb42-5023-9591-5cdd68bdd7c5"",""b9ac296e-4c6c-5cdc-9e03-14868c124af2"",""022ddff9-4332-5ba5-b884-42537f220a0c"",""0d262496-18e1-5973-84a6-84fbda64d0ff"",""447860c8-1d56-518b-88ad-7e103990b756"",""616ecfda-7163-5a8d-ba60-01f623d8b124"",""656bacfc-b102-5379-8db2-2f9f127621e0"",""88f2e658-6155-5924-bc85-63fe2aabb08a"",""9f032fb3-90ca-5749-aff5-1065077ac10e"",""4d2e4005-a84b-525b-a492-d367c5e405d0"",""12b20e20-e117-5c00-83bc-e589b92b730e"",""e97a5398-37b9-5e89-91a9-9b3ae48d9534"",""7a8f92c5-5f85-593a-bf90-08e13c60a2e6"",""aa66f5e3-ac0e-57d6-9b69-aa54ea7c4fb9"",""d07b7490-853e-562b-b662-305e89e7718d"",""596c0800-372d-5056-8a35-9f8661656bf4"",""d08816e6-d4d6-5f35-9de3-d86528fa7a96"",""2e126757-f17e-5ee2-93db-94d31ed944b2"",""5e1af4e2-330f-563f-b639-2d3cd8d276c8"",""49cd1889-2a56-5913-8723-929335f68874"",""82b898ba-3b6d-567f-8996-4f259b74547e"",""d38eb7d2-e78b-5c2f-93e4-2e34846e80e6"",""33effc64-dcfe-5ced-badf-c4df49f68dc1"",""a3a03b99-34c0-504b-b529-32b798db318a"",""8b3ec7b0-123f-5597-95f7-1fafc5810d01"",""035c5442-19b8-5a84-8a59-b352a9660279"",""d6d45010-72fa-5741-b733-88958a8795d2"",""ab8215e5-b753-5a6a-a4e7-ad9caf42eeac"",""1b20061c-b208-551a-b06c-81ffeff623fc"",""9b6d0913-2ae6-5dab-ab36-d05e1c51b208"",""a27c1fb2-edc1-57e6-9d74-adb5a13fed3b"",""4696448b-8c21-591b-80cc-7344ea0b95ec"",""c1d75a33-928c-5636-b99c-def1fb29e0f5"",""61eebfb6-2555-5bce-ba71-7a750427392a"",""aba074a1-d451-595d-bc12-e257adbe7383"",""1ca34094-ee4d-5962-a78a-174d361a9cd3"",""7edb0577-da07-5c6f-8391-bb90e9822165"",""d7c5d484-54dc-5d1e-a3ac-65d60267a12c"",""f416cc8b-3bc2-5c4c-a91c-c56faf748684""]",resources/views/study/sqli.blade.php,5df1afd6-a2ed-4423-a8e5-e3a86895d27c,True,10-20,[],SQL,Noah Fiedler,f8edaecf-8020-4564-bbf4-42b31ddc5d7a,12b20e20-e117-5c00-83bc-e589b92b730e,False,20,3893524c-a21c-4228-a175-00475110c012,A,"Sämtliche Antwortzweige des Controllers rendern study.sqli. Die Blade-Datei enthält das GET-Formular und gibt Status sowie – falls ein Datensatz vorliegt – Vor- und Nachname aus. Dadurch werden Formular, Erfolg, unbekannte ID und ungültige/leere Eingabe per Blade dargestellt.",False,2026-10-07T06:21:55.147255Z,human,2,972066a9-40db-412d-b51a-dd1bcb10681b,5170b1cc-8fc1-4873-9454-26daec9157db,1,explicit per metric; exact fractions and decimal display,,Menschliche lokale Selbstauskunft,observed,binary,1,decimal,A
M7-analysis-v5,f9faff59-3259-5804-8713-ca7f4006c343,2,b95c5ae5c06c3b41a61878e005cec91f332ca88d67a8ea64b1ab14aea3f9bf43,E-P0R0,HUMAN-REVIEW-2a9f95f8-c785-46e3-a3ef-893d0ea42236,7b417a90-3969-40e3-8e1d-263c528ddd3f,b95c5ae5c06c3b41a61878e005cec91f332ca88d67a8ea64b1ab14aea3f9bf43,16289b50-372e-4b44-80e3-bbe783bc51bd,8c6cccdc-37a3-46ac-82a5-a22d1d69000f,f8edaecf-8020-4564-bbf4-42b31ddc5d7a,2d9849af-4973-4fd8-a822-d8a60e17e5f5,81de6e6f-7d67-40af-b2be-f629e89085ed,completed,9992b253f08c976bf150bcd89ccfc9db54f8a1fda58ea3f4fad386b27c7c4138,c06be457-9745-422d-9d69-c0fa9cd7e0d5,K1,2026-10-07T06:22:12.788706Z,T4,dbb63e68d4ed9e904fa985aa5b88d674205b6caab086a8d981ac8918a9c68fb5,empirical,"[""4afc763c-033e-501c-9c9c-453207d31e62"",""1fed9611-d0cc-51e5-86e7-4ba237c836a2"",""0e4d4039-5409-5be7-a300-ded85e9c22d7"",""1c4afc6f-6679-57b7-ab6b-cec3053e85a1"",""76216ff6-0dab-5f43-913f-741c2deb7596"",""fe7c5fea-171a-5d3e-b93c-b9d53dca7c67"",""784c942d-b222-5013-a2e4-de4aa477a143"",""2f2d84f4-6f41-5df7-a828-cc0a3d9cdddf"",""c68f6332-f200-5595-940d-e5bcad78f1fe"",""54c3aba8-cb42-5023-9591-5cdd68bdd7c5"",""b9ac296e-4c6c-5cdc-9e03-14868c124af2"",""022ddff9-4332-5ba5-b884-42537f220a0c"",""0d262496-18e1-5973-84a6-84fbda64d0ff"",""447860c8-1d56-518b-88ad-7e103990b756"",""616ecfda-7163-5a8d-ba60-01f623d8b124"",""656bacfc-b102-5379-8db2-2f9f127621e0"",""88f2e658-6155-5924-bc85-63fe2aabb08a"",""9f032fb3-90ca-5749-aff5-1065077ac10e"",""4d2e4005-a84b-525b-a492-d367c5e405d0"",""12b20e20-e117-5c00-83bc-e589b92b730e"",""e97a5398-37b9-5e89-91a9-9b3ae48d9534"",""7a8f92c5-5f85-593a-bf90-08e13c60a2e6"",""aa66f5e3-ac0e-57d6-9b69-aa54ea7c4fb9"",""d07b7490-853e-562b-b662-305e89e7718d"",""596c0800-372d-5056-8a35-9f8661656bf4"",""d08816e6-d4d6-5f35-9de3-d86528fa7a96"",""2e126757-f17e-5ee2-93db-94d31ed944b2"",""5e1af4e2-330f-563f-b639-2d3cd8d276c8"",""49cd1889-2a56-5913-8723-929335f68874"",""82b898ba-3b6d-567f-8996-4f259b74547e"",""d38eb7d2-e78b-5c2f-93e4-2e34846e80e6"",""33effc64-dcfe-5ced-badf-c4df49f68dc1"",""a3a03b99-34c0-504b-b529-32b798db318a"",""8b3ec7b0-123f-5597-95f7-1fafc5810d01"",""035c5442-19b8-5a84-8a59-b352a9660279"",""d6d45010-72fa-5741-b733-88958a8795d2"",""ab8215e5-b753-5a6a-a4e7-ad9caf42eeac"",""1b20061c-b208-551a-b06c-81ffeff623fc"",""9b6d0913-2ae6-5dab-ab36-d05e1c51b208"",""a27c1fb2-edc1-57e6-9d74-adb5a13fed3b"",""4696448b-8c21-591b-80cc-7344ea0b95ec"",""c1d75a33-928c-5636-b99c-def1fb29e0f5"",""61eebfb6-2555-5bce-ba71-7a750427392a"",""aba074a1-d451-595d-bc12-e257adbe7383"",""1ca34094-ee4d-5962-a78a-174d361a9cd3"",""7edb0577-da07-5c6f-8391-bb90e9822165"",""d7c5d484-54dc-5d1e-a3ac-65d60267a12c"",""f416cc8b-3bc2-5c4c-a91c-c56faf748684""]",app/Http/Controllers/Study/SqliController.php,f7a0e98b-818a-40f3-9821-5a64d36b8fd3,True,36-44,"[""03143092-2de6-4eee-9f49-e49a3ef19bcc""]",SQL,Noah Fiedler,f8edaecf-8020-4564-bbf4-42b31ddc5d7a,12b20e20-e117-5c00-83bc-e589b92b730e,False,20,b3c7f618-7adc-4152-a95f-d8b2e8d1ae07,A,"Der Controller nimmt die id aus dem Laravel-Request und fragt über den Laravel Query Builder explizit die MySQL-Verbindung ab. Er liest first_name und last_name aus users; genau dieses Abfrageergebnis wird an die View übergeben. Die Prüfkopie provisioniert die verwendete MySQL-Datenbank study mit dem Schema und dem laufbezogenen Datenbestand. Es gibt im Anwendungscode keine alternative mysqli-, PDO-, SQLite- oder fest codierte Namensquelle.",False,2026-10-07T06:22:12.788700Z,human,2,972066a9-40db-412d-b51a-dd1bcb10681b,5170b1cc-8fc1-4873-9454-26daec9157db,1,explicit per metric; exact fractions and decimal display,,Menschliche lokale Selbstauskunft,observed,binary,1,decimal,A
M7-analysis-v5,f9faff59-3259-5804-8713-ca7f4006c343,2,b95c5ae5c06c3b41a61878e005cec91f332ca88d67a8ea64b1ab14aea3f9bf43,E-P0R0,HUMAN-REVIEW-f442ac0d-b22e-4b2b-bf66-59121960495b,7b417a90-3969-40e3-8e1d-263c528ddd3f,b95c5ae5c06c3b41a61878e005cec91f332ca88d67a8ea64b1ab14aea3f9bf43,16289b50-372e-4b44-80e3-bbe783bc51bd,8c6cccdc-37a3-46ac-82a5-a22d1d69000f,f8edaecf-8020-4564-bbf4-42b31ddc5d7a,2d9849af-4973-4fd8-a822-d8a60e17e5f5,81de6e6f-7d67-40af-b2be-f629e89085ed,completed,9992b253f08c976bf150bcd89ccfc9db54f8a1fda58ea3f4fad386b27c7c4138,c06be457-9745-422d-9d69-c0fa9cd7e0d5,K1,2026-10-07T06:21:41.957804Z,T2,dbb63e68d4ed9e904fa985aa5b88d674205b6caab086a8d981ac8918a9c68fb5,empirical,"[""4afc763c-033e-501c-9c9c-453207d31e62"",""1fed9611-d0cc-51e5-86e7-4ba237c836a2"",""0e4d4039-5409-5be7-a300-ded85e9c22d7"",""1c4afc6f-6679-57b7-ab6b-cec3053e85a1"",""76216ff6-0dab-5f43-913f-741c2deb7596"",""fe7c5fea-171a-5d3e-b93c-b9d53dca7c67"",""784c942d-b222-5013-a2e4-de4aa477a143"",""2f2d84f4-6f41-5df7-a828-cc0a3d9cdddf"",""c68f6332-f200-5595-940d-e5bcad78f1fe"",""54c3aba8-cb42-5023-9591-5cdd68bdd7c5"",""b9ac296e-4c6c-5cdc-9e03-14868c124af2"",""022ddff9-4332-5ba5-b884-42537f220a0c"",""0d262496-18e1-5973-84a6-84fbda64d0ff"",""447860c8-1d56-518b-88ad-7e103990b756"",""616ecfda-7163-5a8d-ba60-01f623d8b124"",""656bacfc-b102-5379-8db2-2f9f127621e0"",""88f2e658-6155-5924-bc85-63fe2aabb08a"",""9f032fb3-90ca-5749-aff5-1065077ac10e"",""4d2e4005-a84b-525b-a492-d367c5e405d0"",""12b20e20-e117-5c00-83bc-e589b92b730e"",""e97a5398-37b9-5e89-91a9-9b3ae48d9534"",""7a8f92c5-5f85-593a-bf90-08e13c60a2e6"",""aa66f5e3-ac0e-57d6-9b69-aa54ea7c4fb9"",""d07b7490-853e-562b-b662-305e89e7718d"",""596c0800-372d-5056-8a35-9f8661656bf4"",""d08816e6-d4d6-5f35-9de3-d86528fa7a96"",""2e126757-f17e-5ee2-93db-94d31ed944b2"",""5e1af4e2-330f-563f-b639-2d3cd8d276c8"",""49cd1889-2a56-5913-8723-929335f68874"",""82b898ba-3b6d-567f-8996-4f259b74547e"",""d38eb7d2-e78b-5c2f-93e4-2e34846e80e6"",""33effc64-dcfe-5ced-badf-c4df49f68dc1"",""a3a03b99-34c0-504b-b529-32b798db318a"",""8b3ec7b0-123f-5597-95f7-1fafc5810d01"",""035c5442-19b8-5a84-8a59-b352a9660279"",""d6d45010-72fa-5741-b733-88958a8795d2"",""ab8215e5-b753-5a6a-a4e7-ad9caf42eeac"",""1b20061c-b208-551a-b06c-81ffeff623fc"",""9b6d0913-2ae6-5dab-ab36-d05e1c51b208"",""a27c1fb2-edc1-57e6-9d74-adb5a13fed3b"",""4696448b-8c21-591b-80cc-7344ea0b95ec"",""c1d75a33-928c-5636-b99c-def1fb29e0f5"",""61eebfb6-2555-5bce-ba71-7a750427392a"",""aba074a1-d451-595d-bc12-e257adbe7383"",""1ca34094-ee4d-5962-a78a-174d361a9cd3"",""7edb0577-da07-5c6f-8391-bb90e9822165"",""d7c5d484-54dc-5d1e-a3ac-65d60267a12c"",""f416cc8b-3bc2-5c4c-a91c-c56faf748684""]",app/Http/Controllers/Study/SqliController.php,f746c620-f201-4259-b8b9-cca62a4a6238,True,11-44,[],SQL,Noah Fiedler,f8edaecf-8020-4564-bbf4-42b31ddc5d7a,12b20e20-e117-5c00-83bc-e589b92b730e,False,20,f31addfe-c09a-45a3-8acd-f9ecdbb2012e,A,Die GET-Route /study/sqli ist SqliController::show zugeordnet. Die Methode behandelt sowohl die Formularanzeige ohne Submit als auch die Validierung und Abfrage bei vorhandenem Submit selbst; es gibt keinen aufgerufenen Helfer oder Legacy-Ausführungspfad.,False,2026-10-07T06:21:41.957797Z,human,2,972066a9-40db-412d-b51a-dd1bcb10681b,5170b1cc-8fc1-4873-9454-26daec9157db,1,explicit per metric; exact fractions and decimal display,,Menschliche lokale Selbstauskunft,observed,binary,1,decimal,A
M7-analysis-v5,f9faff59-3259-5804-8713-ca7f4006c343,2,b95c5ae5c06c3b41a61878e005cec91f332ca88d67a8ea64b1ab14aea3f9bf43,E-P0R0,M6-T1-75fb3a1d-b4f6-444a-a0a9-6b81724cc6b3,2f85f990-45fa-4a1e-bd97-cad6c2cc19c4,b95c5ae5c06c3b41a61878e005cec91f332ca88d67a8ea64b1ab14aea3f9bf43,16289b50-372e-4b44-80e3-bbe783bc51bd,8c6cccdc-37a3-46ac-82a5-a22d1d69000f,f8edaecf-8020-4564-bbf4-42b31ddc5d7a,2d9849af-4973-4fd8-a822-d8a60e17e5f5,81de6e6f-7d67-40af-b2be-f629e89085ed,completed,9992b253f08c976bf150bcd89ccfc9db54f8a1fda58ea3f4fad386b27c7c4138,c06be457-9745-422d-9d69-c0fa9cd7e0d5,K1,2026-10-07T06:17:51.620248Z,T1,dbb63e68d4ed9e904fa985aa5b88d674205b6caab086a8d981ac8918a9c68fb5,empirical,"[""4afc763c-033e-501c-9c9c-453207d31e62"",""1fed9611-d0cc-51e5-86e7-4ba237c836a2"",""0e4d4039-5409-5be7-a300-ded85e9c22d7"",""1c4afc6f-6679-57b7-ab6b-cec3053e85a1"",""76216ff6-0dab-5f43-913f-741c2deb7596"",""fe7c5fea-171a-5d3e-b93c-b9d53dca7c67"",""784c942d-b222-5013-a2e4-de4aa477a143"",""2f2d84f4-6f41-5df7-a828-cc0a3d9cdddf"",""c68f6332-f200-5595-940d-e5bcad78f1fe"",""54c3aba8-cb42-5023-9591-5cdd68bdd7c5"",""b9ac296e-4c6c-5cdc-9e03-14868c124af2"",""022ddff9-4332-5ba5-b884-42537f220a0c"",""0d262496-18e1-5973-84a6-84fbda64d0ff"",""447860c8-1d56-518b-88ad-7e103990b756"",""616ecfda-7163-5a8d-ba60-01f623d8b124"",""656bacfc-b102-5379-8db2-2f9f127621e0"",""88f2e658-6155-5924-bc85-63fe2aabb08a"",""9f032fb3-90ca-5749-aff5-1065077ac10e"",""4d2e4005-a84b-525b-a492-d367c5e405d0"",""12b20e20-e117-5c00-83bc-e589b92b730e"",""e97a5398-37b9-5e89-91a9-9b3ae48d9534"",""7a8f92c5-5f85-593a-bf90-08e13c60a2e6"",""aa66f5e3-ac0e-57d6-9b69-aa54ea7c4fb9"",""d07b7490-853e-562b-b662-305e89e7718d"",""596c0800-372d-5056-8a35-9f8661656bf4"",""d08816e6-d4d6-5f35-9de3-d86528fa7a96"",""2e126757-f17e-5ee2-93db-94d31ed944b2"",""5e1af4e2-330f-563f-b639-2d3cd8d276c8"",""49cd1889-2a56-5913-8723-929335f68874"",""82b898ba-3b6d-567f-8996-4f259b74547e"",""d38eb7d2-e78b-5c2f-93e4-2e34846e80e6"",""33effc64-dcfe-5ced-badf-c4df49f68dc1"",""a3a03b99-34c0-504b-b529-32b798db318a"",""8b3ec7b0-123f-5597-95f7-1fafc5810d01"",""035c5442-19b8-5a84-8a59-b352a9660279"",""d6d45010-72fa-5741-b733-88958a8795d2"",""ab8215e5-b753-5a6a-a4e7-ad9caf42eeac"",""1b20061c-b208-551a-b06c-81ffeff623fc"",""9b6d0913-2ae6-5dab-ab36-d05e1c51b208"",""a27c1fb2-edc1-57e6-9d74-adb5a13fed3b"",""4696448b-8c21-591b-80cc-7344ea0b95ec"",""c1d75a33-928c-5636-b99c-def1fb29e0f5"",""61eebfb6-2555-5bce-ba71-7a750427392a"",""aba074a1-d451-595d-bc12-e257adbe7383"",""1ca34094-ee4d-5962-a78a-174d361a9cd3"",""7edb0577-da07-5c6f-8391-bb90e9822165"",""d7c5d484-54dc-5d1e-a3ac-65d60267a12c"",""f416cc8b-3bc2-5c4c-a91c-c56faf748684""]",,319e83ac-2b07-4338-ad06-e24c06c1d6d7,True,,[],SQL,M6-evaluator-v1,f8edaecf-8020-4564-bbf4-42b31ddc5d7a,12b20e20-e117-5c00-83bc-e589b92b730e,False,20,,A,Native syntax/boot plus independent intact scaffold control,False,2026-10-07T06:17:51.620238Z,automatic,1,972066a9-40db-412d-b51a-dd1bcb10681b,5170b1cc-8fc1-4873-9454-26daec9157db,1,explicit per metric; exact fractions and decimal display,,M6-evaluator-v1,observed,binary,1,decimal,A
M7-analysis-v5,f9faff59-3259-5804-8713-ca7f4006c343,2,b95c5ae5c06c3b41a61878e005cec91f332ca88d67a8ea64b1ab14aea3f9bf43,E-P0R0,M6-T5-024ec4bb-23fb-46ea-8e98-ee01f3654c6f,dd96c5de-bc88-4cb1-afd9-478cc9ac859c,b95c5ae5c06c3b41a61878e005cec91f332ca88d67a8ea64b1ab14aea3f9bf43,16289b50-372e-4b44-80e3-bbe783bc51bd,8c6cccdc-37a3-46ac-82a5-a22d1d69000f,f8edaecf-8020-4564-bbf4-42b31ddc5d7a,2d9849af-4973-4fd8-a822-d8a60e17e5f5,81de6e6f-7d67-40af-b2be-f629e89085ed,completed,9992b253f08c976bf150bcd89ccfc9db54f8a1fda58ea3f4fad386b27c7c4138,c06be457-9745-422d-9d69-c0fa9cd7e0d5,K1,2026-10-07T06:17:51.628872Z,T5,dbb63e68d4ed9e904fa985aa5b88d674205b6caab086a8d981ac8918a9c68fb5,empirical,"[""4afc763c-033e-501c-9c9c-453207d31e62"",""1fed9611-d0cc-51e5-86e7-4ba237c836a2"",""0e4d4039-5409-5be7-a300-ded85e9c22d7"",""1c4afc6f-6679-57b7-ab6b-cec3053e85a1"",""76216ff6-0dab-5f43-913f-741c2deb7596"",""fe7c5fea-171a-5d3e-b93c-b9d53dca7c67"",""784c942d-b222-5013-a2e4-de4aa477a143"",""2f2d84f4-6f41-5df7-a828-cc0a3d9cdddf"",""c68f6332-f200-5595-940d-e5bcad78f1fe"",""54c3aba8-cb42-5023-9591-5cdd68bdd7c5"",""b9ac296e-4c6c-5cdc-9e03-14868c124af2"",""022ddff9-4332-5ba5-b884-42537f220a0c"",""0d262496-18e1-5973-84a6-84fbda64d0ff"",""447860c8-1d56-518b-88ad-7e103990b756"",""616ecfda-7163-5a8d-ba60-01f623d8b124"",""656bacfc-b102-5379-8db2-2f9f127621e0"",""88f2e658-6155-5924-bc85-63fe2aabb08a"",""9f032fb3-90ca-5749-aff5-1065077ac10e"",""4d2e4005-a84b-525b-a492-d367c5e405d0"",""12b20e20-e117-5c00-83bc-e589b92b730e"",""e97a5398-37b9-5e89-91a9-9b3ae48d9534"",""7a8f92c5-5f85-593a-bf90-08e13c60a2e6"",""aa66f5e3-ac0e-57d6-9b69-aa54ea7c4fb9"",""d07b7490-853e-562b-b662-305e89e7718d"",""596c0800-372d-5056-8a35-9f8661656bf4"",""d08816e6-d4d6-5f35-9de3-d86528fa7a96"",""2e126757-f17e-5ee2-93db-94d31ed944b2"",""5e1af4e2-330f-563f-b639-2d3cd8d276c8"",""49cd1889-2a56-5913-8723-929335f68874"",""82b898ba-3b6d-567f-8996-4f259b74547e"",""d38eb7d2-e78b-5c2f-93e4-2e34846e80e6"",""33effc64-dcfe-5ced-badf-c4df49f68dc1"",""a3a03b99-34c0-504b-b529-32b798db318a"",""8b3ec7b0-123f-5597-95f7-1fafc5810d01"",""035c5442-19b8-5a84-8a59-b352a9660279"",""d6d45010-72fa-5741-b733-88958a8795d2"",""ab8215e5-b753-5a6a-a4e7-ad9caf42eeac"",""1b20061c-b208-551a-b06c-81ffeff623fc"",""9b6d0913-2ae6-5dab-ab36-d05e1c51b208"",""a27c1fb2-edc1-57e6-9d74-adb5a13fed3b"",""4696448b-8c21-591b-80cc-7344ea0b95ec"",""c1d75a33-928c-5636-b99c-def1fb29e0f5"",""61eebfb6-2555-5bce-ba71-7a750427392a"",""aba074a1-d451-595d-bc12-e257adbe7383"",""1ca34094-ee4d-5962-a78a-174d361a9cd3"",""7edb0577-da07-5c6f-8391-bb90e9822165"",""d7c5d484-54dc-5d1e-a3ac-65d60267a12c"",""f416cc8b-3bc2-5c4c-a91c-c56faf748684""]",,831bf07b-e81c-4bad-bec9-1823f50490d6,True,,[],SQL,M6-evaluator-v1,f8edaecf-8020-4564-bbf4-42b31ddc5d7a,12b20e20-e117-5c00-83bc-e589b92b730e,False,20,,A,Protected scaffold/allowlist and effective access routes against intact control; other semantic doubt stays open,False,2026-10-07T06:17:51.628865Z,automatic,1,972066a9-40db-412d-b51a-dd1bcb10681b,5170b1cc-8fc1-4873-9454-26daec9157db,1,explicit per metric; exact fractions and decimal display,,M6-evaluator-v1,observed,binary,1,decimal,A
M7-analysis-v5,f9faff59-3259-5804-8713-ca7f4006c343,2,30c1abb1b39a58430186f9d9c81a325dfe23c5d98a16b28399bbf49d47ccf324,E-BB,HUMAN-REVIEW-32403757-22b0-41d8-951c-1e7b7a320b1b,309953c8-026c-4f96-bcb6-4be5310768eb,30c1abb1b39a58430186f9d9c81a325dfe23c5d98a16b28399bbf49d47ccf324,ce592711-145f-47e3-aa8c-87a3d9a4a67d,8c6cccdc-37a3-46ac-82a5-a22d1d69000f,f8edaecf-8020-4564-bbf4-42b31ddc5d7a,2d9849af-4973-4fd8-a822-d8a60e17e5f5,81de6e6f-7d67-40af-b2be-f629e89085ed,completed,b26081b6041d83b27d357511d1cbaa4be007a74fd351a784a31834412284db93,26c9e1ce-c552-46f9-9d50-4cc6179591a3,K1,2026-10-07T06:48:54.329641Z,T4,dbb63e68d4ed9e904fa985aa5b88d674205b6caab086a8d981ac8918a9c68fb5,empirical,"[""4afc763c-033e-501c-9c9c-453207d31e62"",""1fed9611-d0cc-51e5-86e7-4ba237c836a2"",""0e4d4039-5409-5be7-a300-ded85e9c22d7"",""1c4afc6f-6679-57b7-ab6b-cec3053e85a1"",""76216ff6-0dab-5f43-913f-741c2deb7596"",""fe7c5fea-171a-5d3e-b93c-b9d53dca7c67"",""784c942d-b222-5013-a2e4-de4aa477a143"",""2f2d84f4-6f41-5df7-a828-cc0a3d9cdddf"",""c68f6332-f200-5595-940d-e5bcad78f1fe"",""54c3aba8-cb42-5023-9591-5cdd68bdd7c5"",""b9ac296e-4c6c-5cdc-9e03-14868c124af2"",""022ddff9-4332-5ba5-b884-42537f220a0c"",""0d262496-18e1-5973-84a6-84fbda64d0ff"",""447860c8-1d56-518b-88ad-7e103990b756"",""616ecfda-7163-5a8d-ba60-01f623d8b124"",""656bacfc-b102-5379-8db2-2f9f127621e0"",""88f2e658-6155-5924-bc85-63fe2aabb08a"",""9f032fb3-90ca-5749-aff5-1065077ac10e"",""4d2e4005-a84b-525b-a492-d367c5e405d0"",""12b20e20-e117-5c00-83bc-e589b92b730e"",""e97a5398-37b9-5e89-91a9-9b3ae48d9534"",""7a8f92c5-5f85-593a-bf90-08e13c60a2e6"",""aa66f5e3-ac0e-57d6-9b69-aa54ea7c4fb9"",""d07b7490-853e-562b-b662-305e89e7718d"",""596c0800-372d-5056-8a35-9f8661656bf4"",""d08816e6-d4d6-5f35-9de3-d86528fa7a96"",""2e126757-f17e-5ee2-93db-94d31ed944b2"",""5e1af4e2-330f-563f-b639-2d3cd8d276c8"",""49cd1889-2a56-5913-8723-929335f68874"",""82b898ba-3b6d-567f-8996-4f259b74547e"",""d38eb7d2-e78b-5c2f-93e4-2e34846e80e6"",""33effc64-dcfe-5ced-badf-c4df49f68dc1"",""a3a03b99-34c0-504b-b529-32b798db318a"",""8b3ec7b0-123f-5597-95f7-1fafc5810d01"",""035c5442-19b8-5a84-8a59-b352a9660279"",""d6d45010-72fa-5741-b733-88958a8795d2"",""ab8215e5-b753-5a6a-a4e7-ad9caf42eeac"",""1b20061c-b208-551a-b06c-81ffeff623fc"",""9b6d0913-2ae6-5dab-ab36-d05e1c51b208"",""a27c1fb2-edc1-57e6-9d74-adb5a13fed3b"",""4696448b-8c21-591b-80cc-7344ea0b95ec"",""c1d75a33-928c-5636-b99c-def1fb29e0f5"",""61eebfb6-2555-5bce-ba71-7a750427392a"",""aba074a1-d451-595d-bc12-e257adbe7383"",""1ca34094-ee4d-5962-a78a-174d361a9cd3"",""7edb0577-da07-5c6f-8391-bb90e9822165"",""d7c5d484-54dc-5d1e-a3ac-65d60267a12c"",""f416cc8b-3bc2-5c4c-a91c-c56faf748684""]",app/Http/Controllers/Study/SqlInjectionController.php,93f3965f-cc96-4961-9e7a-8a004614d2e6,True,39-48,"[""a325716d-9f6b-4cfa-a76e-2ef4c795a4f0""]",SQL,Noah Fiedler,f8edaecf-8020-4564-bbf4-42b31ddc5d7a,e97a5398-37b9-5e89-91a9-9b3ae48d9534,True,21,5dab9261-4f3c-446e-936d-2f03e57291f0,B,"Die ID wird nach Formatprüfung über Eloquent (StudyUser::query()->find(...)) abgefragt; Vor- und Nachname werden direkt aus dem Ergebnisobjekt an die View übergeben. Das Modell verwendet die Tabelle users mit user_id als Schlüssel (StudyUser.php, Z. 13–21). Die Standardverbindung ist MySQL (database.php, Z. 20 und 47–67).",True,2026-10-07T06:48:54.329635Z,human,2,972066a9-40db-412d-b51a-dd1bcb10681b,153aa1fb-14af-4083-8e7d-bbf3a354f6c8,1,explicit per metric; exact fractions and decimal display,,Menschliche lokale Selbstauskunft,observed,binary,1,decimal,B
M7-analysis-v5,f9faff59-3259-5804-8713-ca7f4006c343,2,30c1abb1b39a58430186f9d9c81a325dfe23c5d98a16b28399bbf49d47ccf324,E-BB,HUMAN-REVIEW-76b0ece6-a4e5-4188-b2e4-b4b10c45b20d,309953c8-026c-4f96-bcb6-4be5310768eb,30c1abb1b39a58430186f9d9c81a325dfe23c5d98a16b28399bbf49d47ccf324,ce592711-145f-47e3-aa8c-87a3d9a4a67d,8c6cccdc-37a3-46ac-82a5-a22d1d69000f,f8edaecf-8020-4564-bbf4-42b31ddc5d7a,2d9849af-4973-4fd8-a822-d8a60e17e5f5,81de6e6f-7d67-40af-b2be-f629e89085ed,completed,b26081b6041d83b27d357511d1cbaa4be007a74fd351a784a31834412284db93,26c9e1ce-c552-46f9-9d50-4cc6179591a3,K1,2026-10-07T06:48:17.890038Z,T2,dbb63e68d4ed9e904fa985aa5b88d674205b6caab086a8d981ac8918a9c68fb5,empirical,"[""4afc763c-033e-501c-9c9c-453207d31e62"",""1fed9611-d0cc-51e5-86e7-4ba237c836a2"",""0e4d4039-5409-5be7-a300-ded85e9c22d7"",""1c4afc6f-6679-57b7-ab6b-cec3053e85a1"",""76216ff6-0dab-5f43-913f-741c2deb7596"",""fe7c5fea-171a-5d3e-b93c-b9d53dca7c67"",""784c942d-b222-5013-a2e4-de4aa477a143"",""2f2d84f4-6f41-5df7-a828-cc0a3d9cdddf"",""c68f6332-f200-5595-940d-e5bcad78f1fe"",""54c3aba8-cb42-5023-9591-5cdd68bdd7c5"",""b9ac296e-4c6c-5cdc-9e03-14868c124af2"",""022ddff9-4332-5ba5-b884-42537f220a0c"",""0d262496-18e1-5973-84a6-84fbda64d0ff"",""447860c8-1d56-518b-88ad-7e103990b756"",""616ecfda-7163-5a8d-ba60-01f623d8b124"",""656bacfc-b102-5379-8db2-2f9f127621e0"",""88f2e658-6155-5924-bc85-63fe2aabb08a"",""9f032fb3-90ca-5749-aff5-1065077ac10e"",""4d2e4005-a84b-525b-a492-d367c5e405d0"",""12b20e20-e117-5c00-83bc-e589b92b730e"",""e97a5398-37b9-5e89-91a9-9b3ae48d9534"",""7a8f92c5-5f85-593a-bf90-08e13c60a2e6"",""aa66f5e3-ac0e-57d6-9b69-aa54ea7c4fb9"",""d07b7490-853e-562b-b662-305e89e7718d"",""596c0800-372d-5056-8a35-9f8661656bf4"",""d08816e6-d4d6-5f35-9de3-d86528fa7a96"",""2e126757-f17e-5ee2-93db-94d31ed944b2"",""5e1af4e2-330f-563f-b639-2d3cd8d276c8"",""49cd1889-2a56-5913-8723-929335f68874"",""82b898ba-3b6d-567f-8996-4f259b74547e"",""d38eb7d2-e78b-5c2f-93e4-2e34846e80e6"",""33effc64-dcfe-5ced-badf-c4df49f68dc1"",""a3a03b99-34c0-504b-b529-32b798db318a"",""8b3ec7b0-123f-5597-95f7-1fafc5810d01"",""035c5442-19b8-5a84-8a59-b352a9660279"",""d6d45010-72fa-5741-b733-88958a8795d2"",""ab8215e5-b753-5a6a-a4e7-ad9caf42eeac"",""1b20061c-b208-551a-b06c-81ffeff623fc"",""9b6d0913-2ae6-5dab-ab36-d05e1c51b208"",""a27c1fb2-edc1-57e6-9d74-adb5a13fed3b"",""4696448b-8c21-591b-80cc-7344ea0b95ec"",""c1d75a33-928c-5636-b99c-def1fb29e0f5"",""61eebfb6-2555-5bce-ba71-7a750427392a"",""aba074a1-d451-595d-bc12-e257adbe7383"",""1ca34094-ee4d-5962-a78a-174d361a9cd3"",""7edb0577-da07-5c6f-8391-bb90e9822165"",""d7c5d484-54dc-5d1e-a3ac-65d60267a12c"",""f416cc8b-3bc2-5c4c-a91c-c56faf748684""]",app/Http/Controllers/Study/SqlInjectionController.php,28af053d-b454-438e-b371-f1fc9e06021c,True,21-49,[],SQL,Noah Fiedler,f8edaecf-8020-4564-bbf4-42b31ddc5d7a,e97a5398-37b9-5e89-91a9-9b3ae48d9534,True,21,7676fc09-cc4e-4657-80f4-2e3e5d354097,B,"Die Modulroute verweist auf SqlInjectionController::show (study.php, Z. 11). Die Methode verarbeitet Anzeige, leere bzw. ungültige Eingaben, Datenbanksuche und Erfolg selbst; es gibt keinen Legacy-Skript-Aufruf.",True,2026-10-07T06:48:17.890030Z,human,2,972066a9-40db-412d-b51a-dd1bcb10681b,153aa1fb-14af-4083-8e7d-bbf3a354f6c8,1,explicit per metric; exact fractions and decimal display,,Menschliche lokale Selbstauskunft,observed,binary,1,decimal,B
M7-analysis-v5,f9faff59-3259-5804-8713-ca7f4006c343,2,30c1abb1b39a58430186f9d9c81a325dfe23c5d98a16b28399bbf49d47ccf324,E-BB,HUMAN-REVIEW-ca425adf-7175-4d1a-9c60-ad64bf688482,c1f77e3b-e881-4784-b6a2-1f851c18999b,30c1abb1b39a58430186f9d9c81a325dfe23c5d98a16b28399bbf49d47ccf324,ce592711-145f-47e3-aa8c-87a3d9a4a67d,8c6cccdc-37a3-46ac-82a5-a22d1d69000f,f8edaecf-8020-4564-bbf4-42b31ddc5d7a,2d9849af-4973-4fd8-a822-d8a60e17e5f5,81de6e6f-7d67-40af-b2be-f629e89085ed,completed,b26081b6041d83b27d357511d1cbaa4be007a74fd351a784a31834412284db93,26c9e1ce-c552-46f9-9d50-4cc6179591a3,K1,2026-10-07T06:48:33.156374Z,T3,dbb63e68d4ed9e904fa985aa5b88d674205b6caab086a8d981ac8918a9c68fb5,empirical,"[""4afc763c-033e-501c-9c9c-453207d31e62"",""1fed9611-d0cc-51e5-86e7-4ba237c836a2"",""0e4d4039-5409-5be7-a300-ded85e9c22d7"",""1c4afc6f-6679-57b7-ab6b-cec3053e85a1"",""76216ff6-0dab-5f43-913f-741c2deb7596"",""fe7c5fea-171a-5d3e-b93c-b9d53dca7c67"",""784c942d-b222-5013-a2e4-de4aa477a143"",""2f2d84f4-6f41-5df7-a828-cc0a3d9cdddf"",""c68f6332-f200-5595-940d-e5bcad78f1fe"",""54c3aba8-cb42-5023-9591-5cdd68bdd7c5"",""b9ac296e-4c6c-5cdc-9e03-14868c124af2"",""022ddff9-4332-5ba5-b884-42537f220a0c"",""0d262496-18e1-5973-84a6-84fbda64d0ff"",""447860c8-1d56-518b-88ad-7e103990b756"",""616ecfda-7163-5a8d-ba60-01f623d8b124"",""656bacfc-b102-5379-8db2-2f9f127621e0"",""88f2e658-6155-5924-bc85-63fe2aabb08a"",""9f032fb3-90ca-5749-aff5-1065077ac10e"",""4d2e4005-a84b-525b-a492-d367c5e405d0"",""12b20e20-e117-5c00-83bc-e589b92b730e"",""e97a5398-37b9-5e89-91a9-9b3ae48d9534"",""7a8f92c5-5f85-593a-bf90-08e13c60a2e6"",""aa66f5e3-ac0e-57d6-9b69-aa54ea7c4fb9"",""d07b7490-853e-562b-b662-305e89e7718d"",""596c0800-372d-5056-8a35-9f8661656bf4"",""d08816e6-d4d6-5f35-9de3-d86528fa7a96"",""2e126757-f17e-5ee2-93db-94d31ed944b2"",""5e1af4e2-330f-563f-b639-2d3cd8d276c8"",""49cd1889-2a56-5913-8723-929335f68874"",""82b898ba-3b6d-567f-8996-4f259b74547e"",""d38eb7d2-e78b-5c2f-93e4-2e34846e80e6"",""33effc64-dcfe-5ced-badf-c4df49f68dc1"",""a3a03b99-34c0-504b-b529-32b798db318a"",""8b3ec7b0-123f-5597-95f7-1fafc5810d01"",""035c5442-19b8-5a84-8a59-b352a9660279"",""d6d45010-72fa-5741-b733-88958a8795d2"",""ab8215e5-b753-5a6a-a4e7-ad9caf42eeac"",""1b20061c-b208-551a-b06c-81ffeff623fc"",""9b6d0913-2ae6-5dab-ab36-d05e1c51b208"",""a27c1fb2-edc1-57e6-9d74-adb5a13fed3b"",""4696448b-8c21-591b-80cc-7344ea0b95ec"",""c1d75a33-928c-5636-b99c-def1fb29e0f5"",""61eebfb6-2555-5bce-ba71-7a750427392a"",""aba074a1-d451-595d-bc12-e257adbe7383"",""1ca34094-ee4d-5962-a78a-174d361a9cd3"",""7edb0577-da07-5c6f-8391-bb90e9822165"",""d7c5d484-54dc-5d1e-a3ac-65d60267a12c"",""f416cc8b-3bc2-5c4c-a91c-c56faf748684""]",resources/views/study/sqli.blade.php,93f9e095-b123-4516-be52-385498122ae8,True,9-25,[],SQL,Noah Fiedler,f8edaecf-8020-4564-bbf4-42b31ddc5d7a,e97a5398-37b9-5e89-91a9-9b3ae48d9534,True,21,790c0064-300e-40f7-bc6a-3189d96a0868,B,"Die Blade-View enthält das GET-Formular sowie die bedingte Ausgabe von Status, Vor- und Nachname. Der Controller rendert für sämtliche Rückgabezweige dieselbe View über response()->view(...) (SqlInjectionController.php, Z. 52–58).",True,2026-10-07T06:48:33.156368Z,human,2,972066a9-40db-412d-b51a-dd1bcb10681b,153aa1fb-14af-4083-8e7d-bbf3a354f6c8,1,explicit per metric; exact fractions and decimal display,,Menschliche lokale Selbstauskunft,observed,binary,1,decimal,B
M7-analysis-v5,f9faff59-3259-5804-8713-ca7f4006c343,2,30c1abb1b39a58430186f9d9c81a325dfe23c5d98a16b28399bbf49d47ccf324,E-BB,M6-T1-33d3f9a3-4d64-4634-b089-510769ba6bfc,97024c2b-68f5-43da-9a9c-ab5f713fff8e,30c1abb1b39a58430186f9d9c81a325dfe23c5d98a16b28399bbf49d47ccf324,ce592711-145f-47e3-aa8c-87a3d9a4a67d,8c6cccdc-37a3-46ac-82a5-a22d1d69000f,f8edaecf-8020-4564-bbf4-42b31ddc5d7a,2d9849af-4973-4fd8-a822-d8a60e17e5f5,81de6e6f-7d67-40af-b2be-f629e89085ed,completed,b26081b6041d83b27d357511d1cbaa4be007a74fd351a784a31834412284db93,26c9e1ce-c552-46f9-9d50-4cc6179591a3,K1,2026-10-07T06:44:27.747908Z,T1,dbb63e68d4ed9e904fa985aa5b88d674205b6caab086a8d981ac8918a9c68fb5,empirical,"[""4afc763c-033e-501c-9c9c-453207d31e62"",""1fed9611-d0cc-51e5-86e7-4ba237c836a2"",""0e4d4039-5409-5be7-a300-ded85e9c22d7"",""1c4afc6f-6679-57b7-ab6b-cec3053e85a1"",""76216ff6-0dab-5f43-913f-741c2deb7596"",""fe7c5fea-171a-5d3e-b93c-b9d53dca7c67"",""784c942d-b222-5013-a2e4-de4aa477a143"",""2f2d84f4-6f41-5df7-a828-cc0a3d9cdddf"",""c68f6332-f200-5595-940d-e5bcad78f1fe"",""54c3aba8-cb42-5023-9591-5cdd68bdd7c5"",""b9ac296e-4c6c-5cdc-9e03-14868c124af2"",""022ddff9-4332-5ba5-b884-42537f220a0c"",""0d262496-18e1-5973-84a6-84fbda64d0ff"",""447860c8-1d56-518b-88ad-7e103990b756"",""616ecfda-7163-5a8d-ba60-01f623d8b124"",""656bacfc-b102-5379-8db2-2f9f127621e0"",""88f2e658-6155-5924-bc85-63fe2aabb08a"",""9f032fb3-90ca-5749-aff5-1065077ac10e"",""4d2e4005-a84b-525b-a492-d367c5e405d0"",""12b20e20-e117-5c00-83bc-e589b92b730e"",""e97a5398-37b9-5e89-91a9-9b3ae48d9534"",""7a8f92c5-5f85-593a-bf90-08e13c60a2e6"",""aa66f5e3-ac0e-57d6-9b69-aa54ea7c4fb9"",""d07b7490-853e-562b-b662-305e89e7718d"",""596c0800-372d-5056-8a35-9f8661656bf4"",""d08816e6-d4d6-5f35-9de3-d86528fa7a96"",""2e126757-f17e-5ee2-93db-94d31ed944b2"",""5e1af4e2-330f-563f-b639-2d3cd8d276c8"",""49cd1889-2a56-5913-8723-929335f68874"",""82b898ba-3b6d-567f-8996-4f259b74547e"",""d38eb7d2-e78b-5c2f-93e4-2e34846e80e6"",""33effc64-dcfe-5ced-badf-c4df49f68dc1"",""a3a03b99-34c0-504b-b529-32b798db318a"",""8b3ec7b0-123f-5597-95f7-1fafc5810d01"",""035c5442-19b8-5a84-8a59-b352a9660279"",""d6d45010-72fa-5741-b733-88958a8795d2"",""ab8215e5-b753-5a6a-a4e7-ad9caf42eeac"",""1b20061c-b208-551a-b06c-81ffeff623fc"",""9b6d0913-2ae6-5dab-ab36-d05e1c51b208"",""a27c1fb2-edc1-57e6-9d74-adb5a13fed3b"",""4696448b-8c21-591b-80cc-7344ea0b95ec"",""c1d75a33-928c-5636-b99c-def1fb29e0f5"",""61eebfb6-2555-5bce-ba71-7a750427392a"",""aba074a1-d451-595d-bc12-e257adbe7383"",""1ca34094-ee4d-5962-a78a-174d361a9cd3"",""7edb0577-da07-5c6f-8391-bb90e9822165"",""d7c5d484-54dc-5d1e-a3ac-65d60267a12c"",""f416cc8b-3bc2-5c4c-a91c-c56faf748684""]",,41be97c0-292f-4d31-b02c-d725ade559b8,True,,[],SQL,M6-evaluator-v1,f8edaecf-8020-4564-bbf4-42b31ddc5d7a,e97a5398-37b9-5e89-91a9-9b3ae48d9534,True,21,,B,Native syntax/boot plus independent intact scaffold control,True,2026-10-07T06:44:27.747894Z,automatic,1,972066a9-40db-412d-b51a-dd1bcb10681b,153aa1fb-14af-4083-8e7d-bbf3a354f6c8,1,explicit per metric; exact fractions and decimal display,,M6-evaluator-v1,observed,binary,1,decimal,B
M7-analysis-v5,f9faff59-3259-5804-8713-ca7f4006c343,2,30c1abb1b39a58430186f9d9c81a325dfe23c5d98a16b28399bbf49d47ccf324,E-BB,M6-T5-d7880023-ae78-453a-be78-0cfe046f0ead,4ec0b90b-7c5c-466b-bc13-ed9bfea6d08f,30c1abb1b39a58430186f9d9c81a325dfe23c5d98a16b28399bbf49d47ccf324,ce592711-145f-47e3-aa8c-87a3d9a4a67d,8c6cccdc-37a3-46ac-82a5-a22d1d69000f,f8edaecf-8020-4564-bbf4-42b31ddc5d7a,2d9849af-4973-4fd8-a822-d8a60e17e5f5,81de6e6f-7d67-40af-b2be-f629e89085ed,completed,b26081b6041d83b27d357511d1cbaa4be007a74fd351a784a31834412284db93,26c9e1ce-c552-46f9-9d50-4cc6179591a3,K1,2026-10-07T06:44:27.753549Z,T5,dbb63e68d4ed9e904fa985aa5b88d674205b6caab086a8d981ac8918a9c68fb5,empirical,"[""4afc763c-033e-501c-9c9c-453207d31e62"",""1fed9611-d0cc-51e5-86e7-4ba237c836a2"",""0e4d4039-5409-5be7-a300-ded85e9c22d7"",""1c4afc6f-6679-57b7-ab6b-cec3053e85a1"",""76216ff6-0dab-5f43-913f-741c2deb7596"",""fe7c5fea-171a-5d3e-b93c-b9d53dca7c67"",""784c942d-b222-5013-a2e4-de4aa477a143"",""2f2d84f4-6f41-5df7-a828-cc0a3d9cdddf"",""c68f6332-f200-5595-940d-e5bcad78f1fe"",""54c3aba8-cb42-5023-9591-5cdd68bdd7c5"",""b9ac296e-4c6c-5cdc-9e03-14868c124af2"",""022ddff9-4332-5ba5-b884-42537f220a0c"",""0d262496-18e1-5973-84a6-84fbda64d0ff"",""447860c8-1d56-518b-88ad-7e103990b756"",""616ecfda-7163-5a8d-ba60-01f623d8b124"",""656bacfc-b102-5379-8db2-2f9f127621e0"",""88f2e658-6155-5924-bc85-63fe2aabb08a"",""9f032fb3-90ca-5749-aff5-1065077ac10e"",""4d2e4005-a84b-525b-a492-d367c5e405d0"",""12b20e20-e117-5c00-83bc-e589b92b730e"",""e97a5398-37b9-5e89-91a9-9b3ae48d9534"",""7a8f92c5-5f85-593a-bf90-08e13c60a2e6"",""aa66f5e3-ac0e-57d6-9b69-aa54ea7c4fb9"",""d07b7490-853e-562b-b662-305e89e7718d"",""596c0800-372d-5056-8a35-9f8661656bf4"",""d08816e6-d4d6-5f35-9de3-d86528fa7a96"",""2e126757-f17e-5ee2-93db-94d31ed944b2"",""5e1af4e2-330f-563f-b639-2d3cd8d276c8"",""49cd1889-2a56-5913-8723-929335f68874"",""82b898ba-3b6d-567f-8996-4f259b74547e"",""d38eb7d2-e78b-5c2f-93e4-2e34846e80e6"",""33effc64-dcfe-5ced-badf-c4df49f68dc1"",""a3a03b99-34c0-504b-b529-32b798db318a"",""8b3ec7b0-123f-5597-95f7-1fafc5810d01"",""035c5442-19b8-5a84-8a59-b352a9660279"",""d6d45010-72fa-5741-b733-88958a8795d2"",""ab8215e5-b753-5a6a-a4e7-ad9caf42eeac"",""1b20061c-b208-551a-b06c-81ffeff623fc"",""9b6d0913-2ae6-5dab-ab36-d05e1c51b208"",""a27c1fb2-edc1-57e6-9d74-adb5a13fed3b"",""4696448b-8c21-591b-80cc-7344ea0b95ec"",""c1d75a33-928c-5636-b99c-def1fb29e0f5"",""61eebfb6-2555-5bce-ba71-7a750427392a"",""aba074a1-d451-595d-bc12-e257adbe7383"",""1ca34094-ee4d-5962-a78a-174d361a9cd3"",""7edb0577-da07-5c6f-8391-bb90e9822165"",""d7c5d484-54dc-5d1e-a3ac-65d60267a12c"",""f416cc8b-3bc2-5c4c-a91c-c56faf748684""]",,ce7d4a2c-194e-4a81-833e-b838318b831c,True,,[],SQL,M6-evaluator-v1,f8edaecf-8020-4564-bbf4-42b31ddc5d7a,e97a5398-37b9-5e89-91a9-9b3ae48d9534,True,21,,B,Protected scaffold/allowlist and effective access routes against intact control; other semantic doubt stays open,True,2026-10-07T06:44:27.753543Z,automatic,1,972066a9-40db-412d-b51a-dd1bcb10681b,153aa1fb-14af-4083-8e7d-bbf3a354f6c8,1,explicit per metric; exact fractions and decimal display,,M6-evaluator-v1,observed,binary,1,decimal,B
M7-analysis-v5,f9faff59-3259-5804-8713-ca7f4006c343,2,21ae5c3492ae2e2728ae4ac44bb70bc49228dd01286f72e2fe1633425edaffd6,E-P0R1,HUMAN-REVIEW-3d017639-3f7d-42a8-92fa-d7278f64b3ad,2d67555e-209e-4409-812c-a07c6eedda25,21ae5c3492ae2e2728ae4ac44bb70bc49228dd01286f72e2fe1633425edaffd6,70650ae1-f7f7-445c-afce-59ec257b3514,8c6cccdc-37a3-46ac-82a5-a22d1d69000f,f8edaecf-8020-4564-bbf4-42b31ddc5d7a,2d9849af-4973-4fd8-a822-d8a60e17e5f5,81de6e6f-7d67-40af-b2be-f629e89085ed,completed,672365878648f984edbe331765fbaca28450124b7e3695518e4c97c917409fb1,42edf356-9e72-44ce-9889-267b2eb71de0,K1,2026-10-07T07:03:19.585455Z,T4,dbb63e68d4ed9e904fa985aa5b88d674205b6caab086a8d981ac8918a9c68fb5,empirical,"[""4afc763c-033e-501c-9c9c-453207d31e62"",""1fed9611-d0cc-51e5-86e7-4ba237c836a2"",""0e4d4039-5409-5be7-a300-ded85e9c22d7"",""1c4afc6f-6679-57b7-ab6b-cec3053e85a1"",""76216ff6-0dab-5f43-913f-741c2deb7596"",""fe7c5fea-171a-5d3e-b93c-b9d53dca7c67"",""784c942d-b222-5013-a2e4-de4aa477a143"",""2f2d84f4-6f41-5df7-a828-cc0a3d9cdddf"",""c68f6332-f200-5595-940d-e5bcad78f1fe"",""54c3aba8-cb42-5023-9591-5cdd68bdd7c5"",""b9ac296e-4c6c-5cdc-9e03-14868c124af2"",""022ddff9-4332-5ba5-b884-42537f220a0c"",""0d262496-18e1-5973-84a6-84fbda64d0ff"",""447860c8-1d56-518b-88ad-7e103990b756"",""616ecfda-7163-5a8d-ba60-01f623d8b124"",""656bacfc-b102-5379-8db2-2f9f127621e0"",""88f2e658-6155-5924-bc85-63fe2aabb08a"",""9f032fb3-90ca-5749-aff5-1065077ac10e"",""4d2e4005-a84b-525b-a492-d367c5e405d0"",""12b20e20-e117-5c00-83bc-e589b92b730e"",""e97a5398-37b9-5e89-91a9-9b3ae48d9534"",""7a8f92c5-5f85-593a-bf90-08e13c60a2e6"",""aa66f5e3-ac0e-57d6-9b69-aa54ea7c4fb9"",""d07b7490-853e-562b-b662-305e89e7718d"",""596c0800-372d-5056-8a35-9f8661656bf4"",""d08816e6-d4d6-5f35-9de3-d86528fa7a96"",""2e126757-f17e-5ee2-93db-94d31ed944b2"",""5e1af4e2-330f-563f-b639-2d3cd8d276c8"",""49cd1889-2a56-5913-8723-929335f68874"",""82b898ba-3b6d-567f-8996-4f259b74547e"",""d38eb7d2-e78b-5c2f-93e4-2e34846e80e6"",""33effc64-dcfe-5ced-badf-c4df49f68dc1"",""a3a03b99-34c0-504b-b529-32b798db318a"",""8b3ec7b0-123f-5597-95f7-1fafc5810d01"",""035c5442-19b8-5a84-8a59-b352a9660279"",""d6d45010-72fa-5741-b733-88958a8795d2"",""ab8215e5-b753-5a6a-a4e7-ad9caf42eeac"",""1b20061c-b208-551a-b06c-81ffeff623fc"",""9b6d0913-2ae6-5dab-ab36-d05e1c51b208"",""a27c1fb2-edc1-57e6-9d74-adb5a13fed3b"",""4696448b-8c21-591b-80cc-7344ea0b95ec"",""c1d75a33-928c-5636-b99c-def1fb29e0f5"",""61eebfb6-2555-5bce-ba71-7a750427392a"",""aba074a1-d451-595d-bc12-e257adbe7383"",""1ca34094-ee4d-5962-a78a-174d361a9cd3"",""7edb0577-da07-5c6f-8391-bb90e9822165"",""d7c5d484-54dc-5d1e-a3ac-65d60267a12c"",""f416cc8b-3bc2-5c4c-a91c-c56faf748684""]",app/Http/Controllers/Study/SqlInjectionController.php,8f3d895b-c1dd-41fd-aee1-0e7e5e7ded7a,True,39-43,"[""3842a16b-a7b4-47f3-ad61-575231957461""]",SQL,Noah Fiedler,f8edaecf-8020-4564-bbf4-42b31ddc5d7a,7a8f92c5-5f85-593a-bf90-08e13c60a2e6,False,22,bdbeb4e7-6508-428f-b24b-37ea697e261f,A,"Der Code spricht deutlich für eine korrekte Laravel-Anbindung: Er verwendet DB::connection('mysql'), den Query Builder, die Tabelle users und liest first_name/last_name anhand von user_id. Die MySQL-Verbindung ist in der Laravel-Konfiguration definiert.",True,2026-10-07T07:03:19.585449Z,human,2,972066a9-40db-412d-b51a-dd1bcb10681b,4f854e4e-2f65-40b5-aee3-945c93c516df,1,explicit per metric; exact fractions and decimal display,,Menschliche lokale Selbstauskunft,observed,binary,1,decimal,A
M7-analysis-v5,f9faff59-3259-5804-8713-ca7f4006c343,2,21ae5c3492ae2e2728ae4ac44bb70bc49228dd01286f72e2fe1633425edaffd6,E-P0R1,HUMAN-REVIEW-b0315696-52de-4b0e-b5ba-fda0618bcc70,d83235cb-e4d2-47e6-ad48-b4909329bf56,21ae5c3492ae2e2728ae4ac44bb70bc49228dd01286f72e2fe1633425edaffd6,70650ae1-f7f7-445c-afce-59ec257b3514,8c6cccdc-37a3-46ac-82a5-a22d1d69000f,f8edaecf-8020-4564-bbf4-42b31ddc5d7a,2d9849af-4973-4fd8-a822-d8a60e17e5f5,81de6e6f-7d67-40af-b2be-f629e89085ed,completed,672365878648f984edbe331765fbaca28450124b7e3695518e4c97c917409fb1,42edf356-9e72-44ce-9889-267b2eb71de0,K1,2026-10-07T07:03:01.984371Z,T3,dbb63e68d4ed9e904fa985aa5b88d674205b6caab086a8d981ac8918a9c68fb5,empirical,"[""4afc763c-033e-501c-9c9c-453207d31e62"",""1fed9611-d0cc-51e5-86e7-4ba237c836a2"",""0e4d4039-5409-5be7-a300-ded85e9c22d7"",""1c4afc6f-6679-57b7-ab6b-cec3053e85a1"",""76216ff6-0dab-5f43-913f-741c2deb7596"",""fe7c5fea-171a-5d3e-b93c-b9d53dca7c67"",""784c942d-b222-5013-a2e4-de4aa477a143"",""2f2d84f4-6f41-5df7-a828-cc0a3d9cdddf"",""c68f6332-f200-5595-940d-e5bcad78f1fe"",""54c3aba8-cb42-5023-9591-5cdd68bdd7c5"",""b9ac296e-4c6c-5cdc-9e03-14868c124af2"",""022ddff9-4332-5ba5-b884-42537f220a0c"",""0d262496-18e1-5973-84a6-84fbda64d0ff"",""447860c8-1d56-518b-88ad-7e103990b756"",""616ecfda-7163-5a8d-ba60-01f623d8b124"",""656bacfc-b102-5379-8db2-2f9f127621e0"",""88f2e658-6155-5924-bc85-63fe2aabb08a"",""9f032fb3-90ca-5749-aff5-1065077ac10e"",""4d2e4005-a84b-525b-a492-d367c5e405d0"",""12b20e20-e117-5c00-83bc-e589b92b730e"",""e97a5398-37b9-5e89-91a9-9b3ae48d9534"",""7a8f92c5-5f85-593a-bf90-08e13c60a2e6"",""aa66f5e3-ac0e-57d6-9b69-aa54ea7c4fb9"",""d07b7490-853e-562b-b662-305e89e7718d"",""596c0800-372d-5056-8a35-9f8661656bf4"",""d08816e6-d4d6-5f35-9de3-d86528fa7a96"",""2e126757-f17e-5ee2-93db-94d31ed944b2"",""5e1af4e2-330f-563f-b639-2d3cd8d276c8"",""49cd1889-2a56-5913-8723-929335f68874"",""82b898ba-3b6d-567f-8996-4f259b74547e"",""d38eb7d2-e78b-5c2f-93e4-2e34846e80e6"",""33effc64-dcfe-5ced-badf-c4df49f68dc1"",""a3a03b99-34c0-504b-b529-32b798db318a"",""8b3ec7b0-123f-5597-95f7-1fafc5810d01"",""035c5442-19b8-5a84-8a59-b352a9660279"",""d6d45010-72fa-5741-b733-88958a8795d2"",""ab8215e5-b753-5a6a-a4e7-ad9caf42eeac"",""1b20061c-b208-551a-b06c-81ffeff623fc"",""9b6d0913-2ae6-5dab-ab36-d05e1c51b208"",""a27c1fb2-edc1-57e6-9d74-adb5a13fed3b"",""4696448b-8c21-591b-80cc-7344ea0b95ec"",""c1d75a33-928c-5636-b99c-def1fb29e0f5"",""61eebfb6-2555-5bce-ba71-7a750427392a"",""aba074a1-d451-595d-bc12-e257adbe7383"",""1ca34094-ee4d-5962-a78a-174d361a9cd3"",""7edb0577-da07-5c6f-8391-bb90e9822165"",""d7c5d484-54dc-5d1e-a3ac-65d60267a12c"",""f416cc8b-3bc2-5c4c-a91c-c56faf748684""]",resources/views/study/sqli.blade.php,4cb1cad5-284f-4cb4-af3e-7c75b0aadebf,True,8-20,[],SQL,Noah Fiedler,f8edaecf-8020-4564-bbf4-42b31ddc5d7a,7a8f92c5-5f85-593a-bf90-08e13c60a2e6,False,22,c9be9c18-90dc-4467-b4c1-8741d0e5ea33,A,"Der Controller rendert in sämtlichen Antwortzweigen die View study.sqli. Die Blade-Datei enthält das GET-Formular sowie die Anzeige von Status, Vorname und Nachname. Für leere oder ungültige Eingaben übergibt der Controller ebenfalls Statusdaten an dieselbe Blade-View.",True,2026-10-07T07:03:01.984364Z,human,2,972066a9-40db-412d-b51a-dd1bcb10681b,4f854e4e-2f65-40b5-aee3-945c93c516df,1,explicit per metric; exact fractions and decimal display,,Menschliche lokale Selbstauskunft,observed,binary,1,decimal,A
M7-analysis-v5,f9faff59-3259-5804-8713-ca7f4006c343,2,21ae5c3492ae2e2728ae4ac44bb70bc49228dd01286f72e2fe1633425edaffd6,E-P0R1,HUMAN-REVIEW-c1283bd8-9c6b-4b38-82ca-8de8d31c4a2f,2d67555e-209e-4409-812c-a07c6eedda25,21ae5c3492ae2e2728ae4ac44bb70bc49228dd01286f72e2fe1633425edaffd6,70650ae1-f7f7-445c-afce-59ec257b3514,8c6cccdc-37a3-46ac-82a5-a22d1d69000f,f8edaecf-8020-4564-bbf4-42b31ddc5d7a,2d9849af-4973-4fd8-a822-d8a60e17e5f5,81de6e6f-7d67-40af-b2be-f629e89085ed,completed,672365878648f984edbe331765fbaca28450124b7e3695518e4c97c917409fb1,42edf356-9e72-44ce-9889-267b2eb71de0,K1,2026-10-07T07:02:47.347493Z,T2,dbb63e68d4ed9e904fa985aa5b88d674205b6caab086a8d981ac8918a9c68fb5,empirical,"[""4afc763c-033e-501c-9c9c-453207d31e62"",""1fed9611-d0cc-51e5-86e7-4ba237c836a2"",""0e4d4039-5409-5be7-a300-ded85e9c22d7"",""1c4afc6f-6679-57b7-ab6b-cec3053e85a1"",""76216ff6-0dab-5f43-913f-741c2deb7596"",""fe7c5fea-171a-5d3e-b93c-b9d53dca7c67"",""784c942d-b222-5013-a2e4-de4aa477a143"",""2f2d84f4-6f41-5df7-a828-cc0a3d9cdddf"",""c68f6332-f200-5595-940d-e5bcad78f1fe"",""54c3aba8-cb42-5023-9591-5cdd68bdd7c5"",""b9ac296e-4c6c-5cdc-9e03-14868c124af2"",""022ddff9-4332-5ba5-b884-42537f220a0c"",""0d262496-18e1-5973-84a6-84fbda64d0ff"",""447860c8-1d56-518b-88ad-7e103990b756"",""616ecfda-7163-5a8d-ba60-01f623d8b124"",""656bacfc-b102-5379-8db2-2f9f127621e0"",""88f2e658-6155-5924-bc85-63fe2aabb08a"",""9f032fb3-90ca-5749-aff5-1065077ac10e"",""4d2e4005-a84b-525b-a492-d367c5e405d0"",""12b20e20-e117-5c00-83bc-e589b92b730e"",""e97a5398-37b9-5e89-91a9-9b3ae48d9534"",""7a8f92c5-5f85-593a-bf90-08e13c60a2e6"",""aa66f5e3-ac0e-57d6-9b69-aa54ea7c4fb9"",""d07b7490-853e-562b-b662-305e89e7718d"",""596c0800-372d-5056-8a35-9f8661656bf4"",""d08816e6-d4d6-5f35-9de3-d86528fa7a96"",""2e126757-f17e-5ee2-93db-94d31ed944b2"",""5e1af4e2-330f-563f-b639-2d3cd8d276c8"",""49cd1889-2a56-5913-8723-929335f68874"",""82b898ba-3b6d-567f-8996-4f259b74547e"",""d38eb7d2-e78b-5c2f-93e4-2e34846e80e6"",""33effc64-dcfe-5ced-badf-c4df49f68dc1"",""a3a03b99-34c0-504b-b529-32b798db318a"",""8b3ec7b0-123f-5597-95f7-1fafc5810d01"",""035c5442-19b8-5a84-8a59-b352a9660279"",""d6d45010-72fa-5741-b733-88958a8795d2"",""ab8215e5-b753-5a6a-a4e7-ad9caf42eeac"",""1b20061c-b208-551a-b06c-81ffeff623fc"",""9b6d0913-2ae6-5dab-ab36-d05e1c51b208"",""a27c1fb2-edc1-57e6-9d74-adb5a13fed3b"",""4696448b-8c21-591b-80cc-7344ea0b95ec"",""c1d75a33-928c-5636-b99c-def1fb29e0f5"",""61eebfb6-2555-5bce-ba71-7a750427392a"",""aba074a1-d451-595d-bc12-e257adbe7383"",""1ca34094-ee4d-5962-a78a-174d361a9cd3"",""7edb0577-da07-5c6f-8391-bb90e9822165"",""d7c5d484-54dc-5d1e-a3ac-65d60267a12c"",""f416cc8b-3bc2-5c4c-a91c-c56faf748684""]",app/Http/Controllers/Study/SqlInjectionController.php,ef6520b4-b7ec-4c34-9e08-621ffdd86bdd,True,12-48,[],SQL,Noah Fiedler,f8edaecf-8020-4564-bbf4-42b31ddc5d7a,7a8f92c5-5f85-593a-bf90-08e13c60a2e6,False,22,d3f0584d-47de-48ea-a38f-245f9bf66c36,A,"Die GET-Route /study/sqli verweist auf SqlInjectionController::show. Die Methode unterscheidet zwischen Formularanzeige ohne Submit, Eingabeprüfung und Datenbankabfrage bei vorhandenem Submit; es gibt keinen Aufruf eines Legacy-Skripts. Die Route wurde zusätzlich mit php artisan route:list verifiziert.",True,2026-10-07T07:02:47.347486Z,human,2,972066a9-40db-412d-b51a-dd1bcb10681b,4f854e4e-2f65-40b5-aee3-945c93c516df,1,explicit per metric; exact fractions and decimal display,,Menschliche lokale Selbstauskunft,observed,binary,1,decimal,A
M7-analysis-v5,f9faff59-3259-5804-8713-ca7f4006c343,2,21ae5c3492ae2e2728ae4ac44bb70bc49228dd01286f72e2fe1633425edaffd6,E-P0R1,M6-T1-f7dceafb-21f9-4be6-a7da-5c80967bb831,e0781523-3d05-4e01-9090-114e53e1f8ad,21ae5c3492ae2e2728ae4ac44bb70bc49228dd01286f72e2fe1633425edaffd6,70650ae1-f7f7-445c-afce-59ec257b3514,8c6cccdc-37a3-46ac-82a5-a22d1d69000f,f8edaecf-8020-4564-bbf4-42b31ddc5d7a,2d9849af-4973-4fd8-a822-d8a60e17e5f5,81de6e6f-7d67-40af-b2be-f629e89085ed,completed,672365878648f984edbe331765fbaca28450124b7e3695518e4c97c917409fb1,42edf356-9e72-44ce-9889-267b2eb71de0,K1,2026-10-07T06:59:07.250769Z,T1,dbb63e68d4ed9e904fa985aa5b88d674205b6caab086a8d981ac8918a9c68fb5,empirical,"[""4afc763c-033e-501c-9c9c-453207d31e62"",""1fed9611-d0cc-51e5-86e7-4ba237c836a2"",""0e4d4039-5409-5be7-a300-ded85e9c22d7"",""1c4afc6f-6679-57b7-ab6b-cec3053e85a1"",""76216ff6-0dab-5f43-913f-741c2deb7596"",""fe7c5fea-171a-5d3e-b93c-b9d53dca7c67"",""784c942d-b222-5013-a2e4-de4aa477a143"",""2f2d84f4-6f41-5df7-a828-cc0a3d9cdddf"",""c68f6332-f200-5595-940d-e5bcad78f1fe"",""54c3aba8-cb42-5023-9591-5cdd68bdd7c5"",""b9ac296e-4c6c-5cdc-9e03-14868c124af2"",""022ddff9-4332-5ba5-b884-42537f220a0c"",""0d262496-18e1-5973-84a6-84fbda64d0ff"",""447860c8-1d56-518b-88ad-7e103990b756"",""616ecfda-7163-5a8d-ba60-01f623d8b124"",""656bacfc-b102-5379-8db2-2f9f127621e0"",""88f2e658-6155-5924-bc85-63fe2aabb08a"",""9f032fb3-90ca-5749-aff5-1065077ac10e"",""4d2e4005-a84b-525b-a492-d367c5e405d0"",""12b20e20-e117-5c00-83bc-e589b92b730e"",""e97a5398-37b9-5e89-91a9-9b3ae48d9534"",""7a8f92c5-5f85-593a-bf90-08e13c60a2e6"",""aa66f5e3-ac0e-57d6-9b69-aa54ea7c4fb9"",""d07b7490-853e-562b-b662-305e89e7718d"",""596c0800-372d-5056-8a35-9f8661656bf4"",""d08816e6-d4d6-5f35-9de3-d86528fa7a96"",""2e126757-f17e-5ee2-93db-94d31ed944b2"",""5e1af4e2-330f-563f-b639-2d3cd8d276c8"",""49cd1889-2a56-5913-8723-929335f68874"",""82b898ba-3b6d-567f-8996-4f259b74547e"",""d38eb7d2-e78b-5c2f-93e4-2e34846e80e6"",""33effc64-dcfe-5ced-badf-c4df49f68dc1"",""a3a03b99-34c0-504b-b529-32b798db318a"",""8b3ec7b0-123f-5597-95f7-1fafc5810d01"",""035c5442-19b8-5a84-8a59-b352a9660279"",""d6d45010-72fa-5741-b733-88958a8795d2"",""ab8215e5-b753-5a6a-a4e7-ad9caf42eeac"",""1b20061c-b208-551a-b06c-81ffeff623fc"",""9b6d0913-2ae6-5dab-ab36-d05e1c51b208"",""a27c1fb2-edc1-57e6-9d74-adb5a13fed3b"",""4696448b-8c21-591b-80cc-7344ea0b95ec"",""c1d75a33-928c-5636-b99c-def1fb29e0f5"",""61eebfb6-2555-5bce-ba71-7a750427392a"",""aba074a1-d451-595d-bc12-e257adbe7383"",""1ca34094-ee4d-5962-a78a-174d361a9cd3"",""7edb0577-da07-5c6f-8391-bb90e9822165"",""d7c5d484-54dc-5d1e-a3ac-65d60267a12c"",""f416cc8b-3bc2-5c4c-a91c-c56faf748684""]",,cd397cdc-4955-452e-84ae-fb265428954d,True,,[],SQL,M6-evaluator-v1,f8edaecf-8020-4564-bbf4-42b31ddc5d7a,7a8f92c5-5f85-593a-bf90-08e13c60a2e6,False,22,,A,Native syntax/boot plus independent intact scaffold control,True,2026-10-07T06:59:07.250749Z,automatic,1,972066a9-40db-412d-b51a-dd1bcb10681b,4f854e4e-2f65-40b5-aee3-945c93c516df,1,explicit per metric; exact fractions and decimal display,,M6-evaluator-v1,observed,binary,1,decimal,A
M7-analysis-v5,f9faff59-3259-5804-8713-ca7f4006c343,2,21ae5c3492ae2e2728ae4ac44bb70bc49228dd01286f72e2fe1633425edaffd6,E-P0R1,M6-T5-9e3239a8-6ea9-47f1-8796-d7daba75a8fb,6b2a5f93-6007-463c-a964-c9660da1ec77,21ae5c3492ae2e2728ae4ac44bb70bc49228dd01286f72e2fe1633425edaffd6,70650ae1-f7f7-445c-afce-59ec257b3514,8c6cccdc-37a3-46ac-82a5-a22d1d69000f,f8edaecf-8020-4564-bbf4-42b31ddc5d7a,2d9849af-4973-4fd8-a822-d8a60e17e5f5,81de6e6f-7d67-40af-b2be-f629e89085ed,completed,672365878648f984edbe331765fbaca28450124b7e3695518e4c97c917409fb1,42edf356-9e72-44ce-9889-267b2eb71de0,K1,2026-10-07T06:59:07.254853Z,T5,dbb63e68d4ed9e904fa985aa5b88d674205b6caab086a8d981ac8918a9c68fb5,empirical,"[""4afc763c-033e-501c-9c9c-453207d31e62"",""1fed9611-d0cc-51e5-86e7-4ba237c836a2"",""0e4d4039-5409-5be7-a300-ded85e9c22d7"",""1c4afc6f-6679-57b7-ab6b-cec3053e85a1"",""76216ff6-0dab-5f43-913f-741c2deb7596"",""fe7c5fea-171a-5d3e-b93c-b9d53dca7c67"",""784c942d-b222-5013-a2e4-de4aa477a143"",""2f2d84f4-6f41-5df7-a828-cc0a3d9cdddf"",""c68f6332-f200-5595-940d-e5bcad78f1fe"",""54c3aba8-cb42-5023-9591-5cdd68bdd7c5"",""b9ac296e-4c6c-5cdc-9e03-14868c124af2"",""022ddff9-4332-5ba5-b884-42537f220a0c"",""0d262496-18e1-5973-84a6-84fbda64d0ff"",""447860c8-1d56-518b-88ad-7e103990b756"",""616ecfda-7163-5a8d-ba60-01f623d8b124"",""656bacfc-b102-5379-8db2-2f9f127621e0"",""88f2e658-6155-5924-bc85-63fe2aabb08a"",""9f032fb3-90ca-5749-aff5-1065077ac10e"",""4d2e4005-a84b-525b-a492-d367c5e405d0"",""12b20e20-e117-5c00-83bc-e589b92b730e"",""e97a5398-37b9-5e89-91a9-9b3ae48d9534"",""7a8f92c5-5f85-593a-bf90-08e13c60a2e6"",""aa66f5e3-ac0e-57d6-9b69-aa54ea7c4fb9"",""d07b7490-853e-562b-b662-305e89e7718d"",""596c0800-372d-5056-8a35-9f8661656bf4"",""d08816e6-d4d6-5f35-9de3-d86528fa7a96"",""2e126757-f17e-5ee2-93db-94d31ed944b2"",""5e1af4e2-330f-563f-b639-2d3cd8d276c8"",""49cd1889-2a56-5913-8723-929335f68874"",""82b898ba-3b6d-567f-8996-4f259b74547e"",""d38eb7d2-e78b-5c2f-93e4-2e34846e80e6"",""33effc64-dcfe-5ced-badf-c4df49f68dc1"",""a3a03b99-34c0-504b-b529-32b798db318a"",""8b3ec7b0-123f-5597-95f7-1fafc5810d01"",""035c5442-19b8-5a84-8a59-b352a9660279"",""d6d45010-72fa-5741-b733-88958a8795d2"",""ab8215e5-b753-5a6a-a4e7-ad9caf42eeac"",""1b20061c-b208-551a-b06c-81ffeff623fc"",""9b6d0913-2ae6-5dab-ab36-d05e1c51b208"",""a27c1fb2-edc1-57e6-9d74-adb5a13fed3b"",""4696448b-8c21-591b-80cc-7344ea0b95ec"",""c1d75a33-928c-5636-b99c-def1fb29e0f5"",""61eebfb6-2555-5bce-ba71-7a750427392a"",""aba074a1-d451-595d-bc12-e257adbe7383"",""1ca34094-ee4d-5962-a78a-174d361a9cd3"",""7edb0577-da07-5c6f-8391-bb90e9822165"",""d7c5d484-54dc-5d1e-a3ac-65d60267a12c"",""f416cc8b-3bc2-5c4c-a91c-c56faf748684""]",,2f28d271-cc81-4051-ae97-e2b484dedca9,True,,[],SQL,M6-evaluator-v1,f8edaecf-8020-4564-bbf4-42b31ddc5d7a,7a8f92c5-5f85-593a-bf90-08e13c60a2e6,False,22,,A,Protected scaffold/allowlist and effective access routes against intact control; other semantic doubt stays open,True,2026-10-07T06:59:07.254848Z,automatic,1,972066a9-40db-412d-b51a-dd1bcb10681b,4f854e4e-2f65-40b5-aee3-945c93c516df,1,explicit per metric; exact fractions and decimal display,,M6-evaluator-v1,observed,binary,1,decimal,A
M7-analysis-v5,f9faff59-3259-5804-8713-ca7f4006c343,2,689ba53542ae9dfc85b71c6f87b5b35519c0726d569ce67be8c8eadd4eb15b3b,E-AB,HUMAN-REVIEW-194d9f0f-4896-486f-8ed8-e513117125f0,ae397123-5598-4473-b127-c81c90f75200,689ba53542ae9dfc85b71c6f87b5b35519c0726d569ce67be8c8eadd4eb15b3b,a1e8bcc8-ace9-4ea3-bd25-0a4f7bad4408,8c6cccdc-37a3-46ac-82a5-a22d1d69000f,f8edaecf-8020-4564-bbf4-42b31ddc5d7a,2d9849af-4973-4fd8-a822-d8a60e17e5f5,81de6e6f-7d67-40af-b2be-f629e89085ed,completed,e1ea2ccf80fbb81f94b29b70bdd06508e2b9419500b1ca0ecfd5317a4540e358,37d46947-813a-4296-a328-81c505b1dba7,K1,2026-10-07T07:23:29.624658Z,T2,dbb63e68d4ed9e904fa985aa5b88d674205b6caab086a8d981ac8918a9c68fb5,empirical,"[""4afc763c-033e-501c-9c9c-453207d31e62"",""1fed9611-d0cc-51e5-86e7-4ba237c836a2"",""0e4d4039-5409-5be7-a300-ded85e9c22d7"",""1c4afc6f-6679-57b7-ab6b-cec3053e85a1"",""76216ff6-0dab-5f43-913f-741c2deb7596"",""fe7c5fea-171a-5d3e-b93c-b9d53dca7c67"",""784c942d-b222-5013-a2e4-de4aa477a143"",""2f2d84f4-6f41-5df7-a828-cc0a3d9cdddf"",""c68f6332-f200-5595-940d-e5bcad78f1fe"",""54c3aba8-cb42-5023-9591-5cdd68bdd7c5"",""b9ac296e-4c6c-5cdc-9e03-14868c124af2"",""022ddff9-4332-5ba5-b884-42537f220a0c"",""0d262496-18e1-5973-84a6-84fbda64d0ff"",""447860c8-1d56-518b-88ad-7e103990b756"",""616ecfda-7163-5a8d-ba60-01f623d8b124"",""656bacfc-b102-5379-8db2-2f9f127621e0"",""88f2e658-6155-5924-bc85-63fe2aabb08a"",""9f032fb3-90ca-5749-aff5-1065077ac10e"",""4d2e4005-a84b-525b-a492-d367c5e405d0"",""12b20e20-e117-5c00-83bc-e589b92b730e"",""e97a5398-37b9-5e89-91a9-9b3ae48d9534"",""7a8f92c5-5f85-593a-bf90-08e13c60a2e6"",""aa66f5e3-ac0e-57d6-9b69-aa54ea7c4fb9"",""d07b7490-853e-562b-b662-305e89e7718d"",""596c0800-372d-5056-8a35-9f8661656bf4"",""d08816e6-d4d6-5f35-9de3-d86528fa7a96"",""2e126757-f17e-5ee2-93db-94d31ed944b2"",""5e1af4e2-330f-563f-b639-2d3cd8d276c8"",""49cd1889-2a56-5913-8723-929335f68874"",""82b898ba-3b6d-567f-8996-4f259b74547e"",""d38eb7d2-e78b-5c2f-93e4-2e34846e80e6"",""33effc64-dcfe-5ced-badf-c4df49f68dc1"",""a3a03b99-34c0-504b-b529-32b798db318a"",""8b3ec7b0-123f-5597-95f7-1fafc5810d01"",""035c5442-19b8-5a84-8a59-b352a9660279"",""d6d45010-72fa-5741-b733-88958a8795d2"",""ab8215e5-b753-5a6a-a4e7-ad9caf42eeac"",""1b20061c-b208-551a-b06c-81ffeff623fc"",""9b6d0913-2ae6-5dab-ab36-d05e1c51b208"",""a27c1fb2-edc1-57e6-9d74-adb5a13fed3b"",""4696448b-8c21-591b-80cc-7344ea0b95ec"",""c1d75a33-928c-5636-b99c-def1fb29e0f5"",""61eebfb6-2555-5bce-ba71-7a750427392a"",""aba074a1-d451-595d-bc12-e257adbe7383"",""1ca34094-ee4d-5962-a78a-174d361a9cd3"",""7edb0577-da07-5c6f-8391-bb90e9822165"",""d7c5d484-54dc-5d1e-a3ac-65d60267a12c"",""f416cc8b-3bc2-5c4c-a91c-c56faf748684""]",app/Http/Controllers/Study/SqlInjectionController.php,65e9cbf0-d4d4-4f0d-a801-4800044b0407,True,11-47,[],SQL,Noah Fiedler,f8edaecf-8020-4564-bbf4-42b31ddc5d7a,aa66f5e3-ac0e-57d6-9b69-aa54ea7c4fb9,True,23,6039e724-3fe7-49e1-b95a-275df9bb97a4,A,"Die Route /study/sqli ist dem Controller zugeordnet (study.php:6). show() verarbeitet das Fehlen bzw. Vorhandensein von Submit, validiert id, führt die Abfrage aus und erzeugt die Antworten selbst. Es gibt im tatsächlichen Aufrufpfad keinen Legacy-Skript-Aufruf.",True,2026-10-07T07:23:29.624651Z,human,2,972066a9-40db-412d-b51a-dd1bcb10681b,45b5c191-572f-41e1-9a62-6da4ab5295c7,1,explicit per metric; exact fractions and decimal display,,Menschliche lokale Selbstauskunft,observed,binary,1,decimal,B
M7-analysis-v5,f9faff59-3259-5804-8713-ca7f4006c343,2,689ba53542ae9dfc85b71c6f87b5b35519c0726d569ce67be8c8eadd4eb15b3b,E-AB,HUMAN-REVIEW-2b5c56ca-16fa-4538-9304-bed3e8138c91,ae397123-5598-4473-b127-c81c90f75200,689ba53542ae9dfc85b71c6f87b5b35519c0726d569ce67be8c8eadd4eb15b3b,a1e8bcc8-ace9-4ea3-bd25-0a4f7bad4408,8c6cccdc-37a3-46ac-82a5-a22d1d69000f,f8edaecf-8020-4564-bbf4-42b31ddc5d7a,2d9849af-4973-4fd8-a822-d8a60e17e5f5,81de6e6f-7d67-40af-b2be-f629e89085ed,completed,e1ea2ccf80fbb81f94b29b70bdd06508e2b9419500b1ca0ecfd5317a4540e358,37d46947-813a-4296-a328-81c505b1dba7,K1,2026-10-07T07:23:57.854023Z,T4,dbb63e68d4ed9e904fa985aa5b88d674205b6caab086a8d981ac8918a9c68fb5,empirical,"[""4afc763c-033e-501c-9c9c-453207d31e62"",""1fed9611-d0cc-51e5-86e7-4ba237c836a2"",""0e4d4039-5409-5be7-a300-ded85e9c22d7"",""1c4afc6f-6679-57b7-ab6b-cec3053e85a1"",""76216ff6-0dab-5f43-913f-741c2deb7596"",""fe7c5fea-171a-5d3e-b93c-b9d53dca7c67"",""784c942d-b222-5013-a2e4-de4aa477a143"",""2f2d84f4-6f41-5df7-a828-cc0a3d9cdddf"",""c68f6332-f200-5595-940d-e5bcad78f1fe"",""54c3aba8-cb42-5023-9591-5cdd68bdd7c5"",""b9ac296e-4c6c-5cdc-9e03-14868c124af2"",""022ddff9-4332-5ba5-b884-42537f220a0c"",""0d262496-18e1-5973-84a6-84fbda64d0ff"",""447860c8-1d56-518b-88ad-7e103990b756"",""616ecfda-7163-5a8d-ba60-01f623d8b124"",""656bacfc-b102-5379-8db2-2f9f127621e0"",""88f2e658-6155-5924-bc85-63fe2aabb08a"",""9f032fb3-90ca-5749-aff5-1065077ac10e"",""4d2e4005-a84b-525b-a492-d367c5e405d0"",""12b20e20-e117-5c00-83bc-e589b92b730e"",""e97a5398-37b9-5e89-91a9-9b3ae48d9534"",""7a8f92c5-5f85-593a-bf90-08e13c60a2e6"",""aa66f5e3-ac0e-57d6-9b69-aa54ea7c4fb9"",""d07b7490-853e-562b-b662-305e89e7718d"",""596c0800-372d-5056-8a35-9f8661656bf4"",""d08816e6-d4d6-5f35-9de3-d86528fa7a96"",""2e126757-f17e-5ee2-93db-94d31ed944b2"",""5e1af4e2-330f-563f-b639-2d3cd8d276c8"",""49cd1889-2a56-5913-8723-929335f68874"",""82b898ba-3b6d-567f-8996-4f259b74547e"",""d38eb7d2-e78b-5c2f-93e4-2e34846e80e6"",""33effc64-dcfe-5ced-badf-c4df49f68dc1"",""a3a03b99-34c0-504b-b529-32b798db318a"",""8b3ec7b0-123f-5597-95f7-1fafc5810d01"",""035c5442-19b8-5a84-8a59-b352a9660279"",""d6d45010-72fa-5741-b733-88958a8795d2"",""ab8215e5-b753-5a6a-a4e7-ad9caf42eeac"",""1b20061c-b208-551a-b06c-81ffeff623fc"",""9b6d0913-2ae6-5dab-ab36-d05e1c51b208"",""a27c1fb2-edc1-57e6-9d74-adb5a13fed3b"",""4696448b-8c21-591b-80cc-7344ea0b95ec"",""c1d75a33-928c-5636-b99c-def1fb29e0f5"",""61eebfb6-2555-5bce-ba71-7a750427392a"",""aba074a1-d451-595d-bc12-e257adbe7383"",""1ca34094-ee4d-5962-a78a-174d361a9cd3"",""7edb0577-da07-5c6f-8391-bb90e9822165"",""d7c5d484-54dc-5d1e-a3ac-65d60267a12c"",""f416cc8b-3bc2-5c4c-a91c-c56faf748684""]",app/Http/Controllers/Study/SqlInjectionController.php,d2c31a54-814b-4389-b6e4-38c33873437f,True,35-45,"[""888c430c-5fec-4ea9-ae7b-cf9798367e16""]",SQL,Noah Fiedler,f8edaecf-8020-4564-bbf4-42b31ddc5d7a,aa66f5e3-ac0e-57d6-9b69-aa54ea7c4fb9,True,23,20f76eea-f338-4c87-b4ac-580670f4adc5,A,"Der Code verwendet den Laravel Query Builder auf der Verbindung mysql, fragt users anhand von user_id ab und übergibt ausschließlich die abgefragten Felder first_name und last_name an die View. Die Verbindung ist als MySQL-Verbindung konfiguriert (database.php:47–67).",True,2026-10-07T07:23:57.854017Z,human,2,972066a9-40db-412d-b51a-dd1bcb10681b,45b5c191-572f-41e1-9a62-6da4ab5295c7,1,explicit per metric; exact fractions and decimal display,,Menschliche lokale Selbstauskunft,observed,binary,1,decimal,B
M7-analysis-v5,f9faff59-3259-5804-8713-ca7f4006c343,2,689ba53542ae9dfc85b71c6f87b5b35519c0726d569ce67be8c8eadd4eb15b3b,E-AB,HUMAN-REVIEW-a59ee315-e0c0-466b-b26c-183d7745a89a,f8fb72b8-4f8f-496f-9363-f2c3c7b0821c,689ba53542ae9dfc85b71c6f87b5b35519c0726d569ce67be8c8eadd4eb15b3b,a1e8bcc8-ace9-4ea3-bd25-0a4f7bad4408,8c6cccdc-37a3-46ac-82a5-a22d1d69000f,f8edaecf-8020-4564-bbf4-42b31ddc5d7a,2d9849af-4973-4fd8-a822-d8a60e17e5f5,81de6e6f-7d67-40af-b2be-f629e89085ed,completed,e1ea2ccf80fbb81f94b29b70bdd06508e2b9419500b1ca0ecfd5317a4540e358,37d46947-813a-4296-a328-81c505b1dba7,K1,2026-10-07T07:23:43.480237Z,T3,dbb63e68d4ed9e904fa985aa5b88d674205b6caab086a8d981ac8918a9c68fb5,empirical,"[""4afc763c-033e-501c-9c9c-453207d31e62"",""1fed9611-d0cc-51e5-86e7-4ba237c836a2"",""0e4d4039-5409-5be7-a300-ded85e9c22d7"",""1c4afc6f-6679-57b7-ab6b-cec3053e85a1"",""76216ff6-0dab-5f43-913f-741c2deb7596"",""fe7c5fea-171a-5d3e-b93c-b9d53dca7c67"",""784c942d-b222-5013-a2e4-de4aa477a143"",""2f2d84f4-6f41-5df7-a828-cc0a3d9cdddf"",""c68f6332-f200-5595-940d-e5bcad78f1fe"",""54c3aba8-cb42-5023-9591-5cdd68bdd7c5"",""b9ac296e-4c6c-5cdc-9e03-14868c124af2"",""022ddff9-4332-5ba5-b884-42537f220a0c"",""0d262496-18e1-5973-84a6-84fbda64d0ff"",""447860c8-1d56-518b-88ad-7e103990b756"",""616ecfda-7163-5a8d-ba60-01f623d8b124"",""656bacfc-b102-5379-8db2-2f9f127621e0"",""88f2e658-6155-5924-bc85-63fe2aabb08a"",""9f032fb3-90ca-5749-aff5-1065077ac10e"",""4d2e4005-a84b-525b-a492-d367c5e405d0"",""12b20e20-e117-5c00-83bc-e589b92b730e"",""e97a5398-37b9-5e89-91a9-9b3ae48d9534"",""7a8f92c5-5f85-593a-bf90-08e13c60a2e6"",""aa66f5e3-ac0e-57d6-9b69-aa54ea7c4fb9"",""d07b7490-853e-562b-b662-305e89e7718d"",""596c0800-372d-5056-8a35-9f8661656bf4"",""d08816e6-d4d6-5f35-9de3-d86528fa7a96"",""2e126757-f17e-5ee2-93db-94d31ed944b2"",""5e1af4e2-330f-563f-b639-2d3cd8d276c8"",""49cd1889-2a56-5913-8723-929335f68874"",""82b898ba-3b6d-567f-8996-4f259b74547e"",""d38eb7d2-e78b-5c2f-93e4-2e34846e80e6"",""33effc64-dcfe-5ced-badf-c4df49f68dc1"",""a3a03b99-34c0-504b-b529-32b798db318a"",""8b3ec7b0-123f-5597-95f7-1fafc5810d01"",""035c5442-19b8-5a84-8a59-b352a9660279"",""d6d45010-72fa-5741-b733-88958a8795d2"",""ab8215e5-b753-5a6a-a4e7-ad9caf42eeac"",""1b20061c-b208-551a-b06c-81ffeff623fc"",""9b6d0913-2ae6-5dab-ab36-d05e1c51b208"",""a27c1fb2-edc1-57e6-9d74-adb5a13fed3b"",""4696448b-8c21-591b-80cc-7344ea0b95ec"",""c1d75a33-928c-5636-b99c-def1fb29e0f5"",""61eebfb6-2555-5bce-ba71-7a750427392a"",""aba074a1-d451-595d-bc12-e257adbe7383"",""1ca34094-ee4d-5962-a78a-174d361a9cd3"",""7edb0577-da07-5c6f-8391-bb90e9822165"",""d7c5d484-54dc-5d1e-a3ac-65d60267a12c"",""f416cc8b-3bc2-5c4c-a91c-c56faf748684""]",resources/views/study/sqli.blade.php,7c93b6c3-69f6-4561-b4ff-938b7907af8d,True,8-20,[],SQL,Noah Fiedler,f8edaecf-8020-4564-bbf4-42b31ddc5d7a,aa66f5e3-ac0e-57d6-9b69-aa54ea7c4fb9,True,23,13334d25-e14c-4af7-9ddd-81f5804063f5,A,"Die Controller-Methode rendert für Formular, ungültige Eingabe und Ergebnis jeweils study.sqli (SqlInjectionController.php:15–20, 25–32, 41–47). Die Blade-View enthält das GET-Formular und zeigt bei erfolgreicher Abfrage first_name und last_name aus dem übergebenen Record; andere Zustände werden über status dargestellt.",True,2026-10-07T07:23:43.480231Z,human,2,972066a9-40db-412d-b51a-dd1bcb10681b,45b5c191-572f-41e1-9a62-6da4ab5295c7,1,explicit per metric; exact fractions and decimal display,,Menschliche lokale Selbstauskunft,observed,binary,1,decimal,B
M7-analysis-v5,f9faff59-3259-5804-8713-ca7f4006c343,2,689ba53542ae9dfc85b71c6f87b5b35519c0726d569ce67be8c8eadd4eb15b3b,E-AB,M6-T1-79c8c7a6-9133-4e28-a0bd-57cf885e695f,23ca55bf-4aae-4e2e-af1a-0d3c8b43cb8e,689ba53542ae9dfc85b71c6f87b5b35519c0726d569ce67be8c8eadd4eb15b3b,a1e8bcc8-ace9-4ea3-bd25-0a4f7bad4408,8c6cccdc-37a3-46ac-82a5-a22d1d69000f,f8edaecf-8020-4564-bbf4-42b31ddc5d7a,2d9849af-4973-4fd8-a822-d8a60e17e5f5,81de6e6f-7d67-40af-b2be-f629e89085ed,completed,e1ea2ccf80fbb81f94b29b70bdd06508e2b9419500b1ca0ecfd5317a4540e358,37d46947-813a-4296-a328-81c505b1dba7,K1,2026-10-07T07:18:56.334609Z,T1,dbb63e68d4ed9e904fa985aa5b88d674205b6caab086a8d981ac8918a9c68fb5,empirical,"[""4afc763c-033e-501c-9c9c-453207d31e62"",""1fed9611-d0cc-51e5-86e7-4ba237c836a2"",""0e4d4039-5409-5be7-a300-ded85e9c22d7"",""1c4afc6f-6679-57b7-ab6b-cec3053e85a1"",""76216ff6-0dab-5f43-913f-741c2deb7596"",""fe7c5fea-171a-5d3e-b93c-b9d53dca7c67"",""784c942d-b222-5013-a2e4-de4aa477a143"",""2f2d84f4-6f41-5df7-a828-cc0a3d9cdddf"",""c68f6332-f200-5595-940d-e5bcad78f1fe"",""54c3aba8-cb42-5023-9591-5cdd68bdd7c5"",""b9ac296e-4c6c-5cdc-9e03-14868c124af2"",""022ddff9-4332-5ba5-b884-42537f220a0c"",""0d262496-18e1-5973-84a6-84fbda64d0ff"",""447860c8-1d56-518b-88ad-7e103990b756"",""616ecfda-7163-5a8d-ba60-01f623d8b124"",""656bacfc-b102-5379-8db2-2f9f127621e0"",""88f2e658-6155-5924-bc85-63fe2aabb08a"",""9f032fb3-90ca-5749-aff5-1065077ac10e"",""4d2e4005-a84b-525b-a492-d367c5e405d0"",""12b20e20-e117-5c00-83bc-e589b92b730e"",""e97a5398-37b9-5e89-91a9-9b3ae48d9534"",""7a8f92c5-5f85-593a-bf90-08e13c60a2e6"",""aa66f5e3-ac0e-57d6-9b69-aa54ea7c4fb9"",""d07b7490-853e-562b-b662-305e89e7718d"",""596c0800-372d-5056-8a35-9f8661656bf4"",""d08816e6-d4d6-5f35-9de3-d86528fa7a96"",""2e126757-f17e-5ee2-93db-94d31ed944b2"",""5e1af4e2-330f-563f-b639-2d3cd8d276c8"",""49cd1889-2a56-5913-8723-929335f68874"",""82b898ba-3b6d-567f-8996-4f259b74547e"",""d38eb7d2-e78b-5c2f-93e4-2e34846e80e6"",""33effc64-dcfe-5ced-badf-c4df49f68dc1"",""a3a03b99-34c0-504b-b529-32b798db318a"",""8b3ec7b0-123f-5597-95f7-1fafc5810d01"",""035c5442-19b8-5a84-8a59-b352a9660279"",""d6d45010-72fa-5741-b733-88958a8795d2"",""ab8215e5-b753-5a6a-a4e7-ad9caf42eeac"",""1b20061c-b208-551a-b06c-81ffeff623fc"",""9b6d0913-2ae6-5dab-ab36-d05e1c51b208"",""a27c1fb2-edc1-57e6-9d74-adb5a13fed3b"",""4696448b-8c21-591b-80cc-7344ea0b95ec"",""c1d75a33-928c-5636-b99c-def1fb29e0f5"",""61eebfb6-2555-5bce-ba71-7a750427392a"",""aba074a1-d451-595d-bc12-e257adbe7383"",""1ca34094-ee4d-5962-a78a-174d361a9cd3"",""7edb0577-da07-5c6f-8391-bb90e9822165"",""d7c5d484-54dc-5d1e-a3ac-65d60267a12c"",""f416cc8b-3bc2-5c4c-a91c-c56faf748684""]",,414fe2de-30af-41c1-9343-afda56129003,True,,[],SQL,M6-evaluator-v1,f8edaecf-8020-4564-bbf4-42b31ddc5d7a,aa66f5e3-ac0e-57d6-9b69-aa54ea7c4fb9,True,23,,A,Native syntax/boot plus independent intact scaffold control,True,2026-10-07T07:18:56.334585Z,automatic,1,972066a9-40db-412d-b51a-dd1bcb10681b,45b5c191-572f-41e1-9a62-6da4ab5295c7,1,explicit per metric; exact fractions and decimal display,,M6-evaluator-v1,observed,binary,1,decimal,B
M7-analysis-v5,f9faff59-3259-5804-8713-ca7f4006c343,2,689ba53542ae9dfc85b71c6f87b5b35519c0726d569ce67be8c8eadd4eb15b3b,E-AB,M6-T5-f82f9924-1618-4250-b0bf-ae8690107fa2,c512b34c-e70f-4a2d-9b80-873d94ecd3bc,689ba53542ae9dfc85b71c6f87b5b35519c0726d569ce67be8c8eadd4eb15b3b,a1e8bcc8-ace9-4ea3-bd25-0a4f7bad4408,8c6cccdc-37a3-46ac-82a5-a22d1d69000f,f8edaecf-8020-4564-bbf4-42b31ddc5d7a,2d9849af-4973-4fd8-a822-d8a60e17e5f5,81de6e6f-7d67-40af-b2be-f629e89085ed,completed,e1ea2ccf80fbb81f94b29b70bdd06508e2b9419500b1ca0ecfd5317a4540e358,37d46947-813a-4296-a328-81c505b1dba7,K1,2026-10-07T07:18:56.344015Z,T5,dbb63e68d4ed9e904fa985aa5b88d674205b6caab086a8d981ac8918a9c68fb5,empirical,"[""4afc763c-033e-501c-9c9c-453207d31e62"",""1fed9611-d0cc-51e5-86e7-4ba237c836a2"",""0e4d4039-5409-5be7-a300-ded85e9c22d7"",""1c4afc6f-6679-57b7-ab6b-cec3053e85a1"",""76216ff6-0dab-5f43-913f-741c2deb7596"",""fe7c5fea-171a-5d3e-b93c-b9d53dca7c67"",""784c942d-b222-5013-a2e4-de4aa477a143"",""2f2d84f4-6f41-5df7-a828-cc0a3d9cdddf"",""c68f6332-f200-5595-940d-e5bcad78f1fe"",""54c3aba8-cb42-5023-9591-5cdd68bdd7c5"",""b9ac296e-4c6c-5cdc-9e03-14868c124af2"",""022ddff9-4332-5ba5-b884-42537f220a0c"",""0d262496-18e1-5973-84a6-84fbda64d0ff"",""447860c8-1d56-518b-88ad-7e103990b756"",""616ecfda-7163-5a8d-ba60-01f623d8b124"",""656bacfc-b102-5379-8db2-2f9f127621e0"",""88f2e658-6155-5924-bc85-63fe2aabb08a"",""9f032fb3-90ca-5749-aff5-1065077ac10e"",""4d2e4005-a84b-525b-a492-d367c5e405d0"",""12b20e20-e117-5c00-83bc-e589b92b730e"",""e97a5398-37b9-5e89-91a9-9b3ae48d9534"",""7a8f92c5-5f85-593a-bf90-08e13c60a2e6"",""aa66f5e3-ac0e-57d6-9b69-aa54ea7c4fb9"",""d07b7490-853e-562b-b662-305e89e7718d"",""596c0800-372d-5056-8a35-9f8661656bf4"",""d08816e6-d4d6-5f35-9de3-d86528fa7a96"",""2e126757-f17e-5ee2-93db-94d31ed944b2"",""5e1af4e2-330f-563f-b639-2d3cd8d276c8"",""49cd1889-2a56-5913-8723-929335f68874"",""82b898ba-3b6d-567f-8996-4f259b74547e"",""d38eb7d2-e78b-5c2f-93e4-2e34846e80e6"",""33effc64-dcfe-5ced-badf-c4df49f68dc1"",""a3a03b99-34c0-504b-b529-32b798db318a"",""8b3ec7b0-123f-5597-95f7-1fafc5810d01"",""035c5442-19b8-5a84-8a59-b352a9660279"",""d6d45010-72fa-5741-b733-88958a8795d2"",""ab8215e5-b753-5a6a-a4e7-ad9caf42eeac"",""1b20061c-b208-551a-b06c-81ffeff623fc"",""9b6d0913-2ae6-5dab-ab36-d05e1c51b208"",""a27c1fb2-edc1-57e6-9d74-adb5a13fed3b"",""4696448b-8c21-591b-80cc-7344ea0b95ec"",""c1d75a33-928c-5636-b99c-def1fb29e0f5"",""61eebfb6-2555-5bce-ba71-7a750427392a"",""aba074a1-d451-595d-bc12-e257adbe7383"",""1ca34094-ee4d-5962-a78a-174d361a9cd3"",""7edb0577-da07-5c6f-8391-bb90e9822165"",""d7c5d484-54dc-5d1e-a3ac-65d60267a12c"",""f416cc8b-3bc2-5c4c-a91c-c56faf748684""]",,0d74b990-2349-4c4a-add3-476470913e83,True,,[],SQL,M6-evaluator-v1,f8edaecf-8020-4564-bbf4-42b31ddc5d7a,aa66f5e3-ac0e-57d6-9b69-aa54ea7c4fb9,True,23,,A,Protected scaffold/allowlist and effective access routes against intact control; other semantic doubt stays open,True,2026-10-07T07:18:56.344005Z,automatic,1,972066a9-40db-412d-b51a-dd1bcb10681b,45b5c191-572f-41e1-9a62-6da4ab5295c7,1,explicit per metric; exact fractions and decimal display,,M6-evaluator-v1,observed,binary,1,decimal,B
M7-analysis-v5,f9faff59-3259-5804-8713-ca7f4006c343,2,c2ae86ee09cf1df8b2844bc92fba16af9688fb72d9e444914a158477a66877b8,E-BA,HUMAN-REVIEW-0d0d47ae-6dc5-4320-a0df-c661e75b0428,efa24e53-627c-4e63-bbc1-2eea57b9894a,c2ae86ee09cf1df8b2844bc92fba16af9688fb72d9e444914a158477a66877b8,54e4e422-fb8a-4cfd-8789-5e3917e64bd5,8c6cccdc-37a3-46ac-82a5-a22d1d69000f,f8edaecf-8020-4564-bbf4-42b31ddc5d7a,2d9849af-4973-4fd8-a822-d8a60e17e5f5,81de6e6f-7d67-40af-b2be-f629e89085ed,completed,c95570638786f34bdf300259908c703357f319349529bd0f72711c0b41f6d98a,bcba9767-41cd-49d9-aa5e-687d9d4d0032,K1,2026-10-07T08:16:22.659369Z,T4,dbb63e68d4ed9e904fa985aa5b88d674205b6caab086a8d981ac8918a9c68fb5,empirical,"[""4afc763c-033e-501c-9c9c-453207d31e62"",""1fed9611-d0cc-51e5-86e7-4ba237c836a2"",""0e4d4039-5409-5be7-a300-ded85e9c22d7"",""1c4afc6f-6679-57b7-ab6b-cec3053e85a1"",""76216ff6-0dab-5f43-913f-741c2deb7596"",""fe7c5fea-171a-5d3e-b93c-b9d53dca7c67"",""784c942d-b222-5013-a2e4-de4aa477a143"",""2f2d84f4-6f41-5df7-a828-cc0a3d9cdddf"",""c68f6332-f200-5595-940d-e5bcad78f1fe"",""54c3aba8-cb42-5023-9591-5cdd68bdd7c5"",""b9ac296e-4c6c-5cdc-9e03-14868c124af2"",""022ddff9-4332-5ba5-b884-42537f220a0c"",""0d262496-18e1-5973-84a6-84fbda64d0ff"",""447860c8-1d56-518b-88ad-7e103990b756"",""616ecfda-7163-5a8d-ba60-01f623d8b124"",""656bacfc-b102-5379-8db2-2f9f127621e0"",""88f2e658-6155-5924-bc85-63fe2aabb08a"",""9f032fb3-90ca-5749-aff5-1065077ac10e"",""4d2e4005-a84b-525b-a492-d367c5e405d0"",""12b20e20-e117-5c00-83bc-e589b92b730e"",""e97a5398-37b9-5e89-91a9-9b3ae48d9534"",""7a8f92c5-5f85-593a-bf90-08e13c60a2e6"",""aa66f5e3-ac0e-57d6-9b69-aa54ea7c4fb9"",""d07b7490-853e-562b-b662-305e89e7718d"",""596c0800-372d-5056-8a35-9f8661656bf4"",""d08816e6-d4d6-5f35-9de3-d86528fa7a96"",""2e126757-f17e-5ee2-93db-94d31ed944b2"",""5e1af4e2-330f-563f-b639-2d3cd8d276c8"",""49cd1889-2a56-5913-8723-929335f68874"",""82b898ba-3b6d-567f-8996-4f259b74547e"",""d38eb7d2-e78b-5c2f-93e4-2e34846e80e6"",""33effc64-dcfe-5ced-badf-c4df49f68dc1"",""a3a03b99-34c0-504b-b529-32b798db318a"",""8b3ec7b0-123f-5597-95f7-1fafc5810d01"",""035c5442-19b8-5a84-8a59-b352a9660279"",""d6d45010-72fa-5741-b733-88958a8795d2"",""ab8215e5-b753-5a6a-a4e7-ad9caf42eeac"",""1b20061c-b208-551a-b06c-81ffeff623fc"",""9b6d0913-2ae6-5dab-ab36-d05e1c51b208"",""a27c1fb2-edc1-57e6-9d74-adb5a13fed3b"",""4696448b-8c21-591b-80cc-7344ea0b95ec"",""c1d75a33-928c-5636-b99c-def1fb29e0f5"",""61eebfb6-2555-5bce-ba71-7a750427392a"",""aba074a1-d451-595d-bc12-e257adbe7383"",""1ca34094-ee4d-5962-a78a-174d361a9cd3"",""7edb0577-da07-5c6f-8391-bb90e9822165"",""d7c5d484-54dc-5d1e-a3ac-65d60267a12c"",""f416cc8b-3bc2-5c4c-a91c-c56faf748684""]",app/Http/Controllers/Study/SqliController.php,f085df86-f9fa-4ab8-b0d6-357f98ca90d2,True,19-31,"[""12f04db0-05f0-4702-90f2-333254d0ec50""]",SQL,Noah Fiedler,f8edaecf-8020-4564-bbf4-42b31ddc5d7a,d07b7490-853e-562b-b662-305e89e7718d,True,24,56a28fd8-94f3-4e0f-a173-23d6b618824d,B,"Der Code spricht klar für eine korrekte Laravel-Anbindung: Die ID wird aus dem Controller an nameById übergeben (SqliController.php:42), und das Repository verwendet den Laravel Query Builder DB::table('users') mit parametrisierter where('user_id', $userId)-Abfrage (19–22). Vor- und Nachname werden anschließend aus dem Datenbankergebnis übernommen (28–31) und an die View weitergereicht (SqliController.php:48, 53–56). Die Standardverbindung ist MySQL (database.php:20, 47–54).",True,2026-10-07T08:16:22.659364Z,human,2,972066a9-40db-412d-b51a-dd1bcb10681b,9f907633-e873-4994-a488-fbac89398069,1,explicit per metric; exact fractions and decimal display,,Menschliche lokale Selbstauskunft,observed,binary,1,decimal,A
M7-analysis-v5,f9faff59-3259-5804-8713-ca7f4006c343,2,c2ae86ee09cf1df8b2844bc92fba16af9688fb72d9e444914a158477a66877b8,E-BA,HUMAN-REVIEW-bcaf4b6c-97b9-4844-a1c7-742e250bdc3b,d1d60459-5e40-4b53-8107-5dbec0a856df,c2ae86ee09cf1df8b2844bc92fba16af9688fb72d9e444914a158477a66877b8,54e4e422-fb8a-4cfd-8789-5e3917e64bd5,8c6cccdc-37a3-46ac-82a5-a22d1d69000f,f8edaecf-8020-4564-bbf4-42b31ddc5d7a,2d9849af-4973-4fd8-a822-d8a60e17e5f5,81de6e6f-7d67-40af-b2be-f629e89085ed,completed,c95570638786f34bdf300259908c703357f319349529bd0f72711c0b41f6d98a,bcba9767-41cd-49d9-aa5e-687d9d4d0032,K1,2026-10-07T08:15:59.139122Z,T3,dbb63e68d4ed9e904fa985aa5b88d674205b6caab086a8d981ac8918a9c68fb5,empirical,"[""4afc763c-033e-501c-9c9c-453207d31e62"",""1fed9611-d0cc-51e5-86e7-4ba237c836a2"",""0e4d4039-5409-5be7-a300-ded85e9c22d7"",""1c4afc6f-6679-57b7-ab6b-cec3053e85a1"",""76216ff6-0dab-5f43-913f-741c2deb7596"",""fe7c5fea-171a-5d3e-b93c-b9d53dca7c67"",""784c942d-b222-5013-a2e4-de4aa477a143"",""2f2d84f4-6f41-5df7-a828-cc0a3d9cdddf"",""c68f6332-f200-5595-940d-e5bcad78f1fe"",""54c3aba8-cb42-5023-9591-5cdd68bdd7c5"",""b9ac296e-4c6c-5cdc-9e03-14868c124af2"",""022ddff9-4332-5ba5-b884-42537f220a0c"",""0d262496-18e1-5973-84a6-84fbda64d0ff"",""447860c8-1d56-518b-88ad-7e103990b756"",""616ecfda-7163-5a8d-ba60-01f623d8b124"",""656bacfc-b102-5379-8db2-2f9f127621e0"",""88f2e658-6155-5924-bc85-63fe2aabb08a"",""9f032fb3-90ca-5749-aff5-1065077ac10e"",""4d2e4005-a84b-525b-a492-d367c5e405d0"",""12b20e20-e117-5c00-83bc-e589b92b730e"",""e97a5398-37b9-5e89-91a9-9b3ae48d9534"",""7a8f92c5-5f85-593a-bf90-08e13c60a2e6"",""aa66f5e3-ac0e-57d6-9b69-aa54ea7c4fb9"",""d07b7490-853e-562b-b662-305e89e7718d"",""596c0800-372d-5056-8a35-9f8661656bf4"",""d08816e6-d4d6-5f35-9de3-d86528fa7a96"",""2e126757-f17e-5ee2-93db-94d31ed944b2"",""5e1af4e2-330f-563f-b639-2d3cd8d276c8"",""49cd1889-2a56-5913-8723-929335f68874"",""82b898ba-3b6d-567f-8996-4f259b74547e"",""d38eb7d2-e78b-5c2f-93e4-2e34846e80e6"",""33effc64-dcfe-5ced-badf-c4df49f68dc1"",""a3a03b99-34c0-504b-b529-32b798db318a"",""8b3ec7b0-123f-5597-95f7-1fafc5810d01"",""035c5442-19b8-5a84-8a59-b352a9660279"",""d6d45010-72fa-5741-b733-88958a8795d2"",""ab8215e5-b753-5a6a-a4e7-ad9caf42eeac"",""1b20061c-b208-551a-b06c-81ffeff623fc"",""9b6d0913-2ae6-5dab-ab36-d05e1c51b208"",""a27c1fb2-edc1-57e6-9d74-adb5a13fed3b"",""4696448b-8c21-591b-80cc-7344ea0b95ec"",""c1d75a33-928c-5636-b99c-def1fb29e0f5"",""61eebfb6-2555-5bce-ba71-7a750427392a"",""aba074a1-d451-595d-bc12-e257adbe7383"",""1ca34094-ee4d-5962-a78a-174d361a9cd3"",""7edb0577-da07-5c6f-8391-bb90e9822165"",""d7c5d484-54dc-5d1e-a3ac-65d60267a12c"",""f416cc8b-3bc2-5c4c-a91c-c56faf748684""]",resources/views/study/sqli.blade.php,65632bcc-d658-4ff7-84e9-3b9ce61e89ca,True,10-24,[],SQL,Noah Fiedler,f8edaecf-8020-4564-bbf4-42b31ddc5d7a,d07b7490-853e-562b-b662-305e89e7718d,True,24,218bda51-6efd-45f4-a08d-0990c0dc0fcc,B,"Der Controller gibt sämtliche Antwortzweige mit response()->view('study.sqli', ...) aus (SqliController.php:51–57). Die Blade-Datei enthält das GET-Formular (10–16), den Statusbereich (18–19) sowie die bedingte Ausgabe von Vor- und Nachname (20–23). Fehlende bzw. ungültige IDs werden vom Controller als INPUT_ERROR ebenfalls über diese View gerendert (38–40).",True,2026-10-07T08:15:59.139116Z,human,2,972066a9-40db-412d-b51a-dd1bcb10681b,9f907633-e873-4994-a488-fbac89398069,1,explicit per metric; exact fractions and decimal display,,Menschliche lokale Selbstauskunft,observed,binary,1,decimal,A
M7-analysis-v5,f9faff59-3259-5804-8713-ca7f4006c343,2,c2ae86ee09cf1df8b2844bc92fba16af9688fb72d9e444914a158477a66877b8,E-BA,HUMAN-REVIEW-c54afa9c-711f-40e3-821f-af35ca77b1da,efa24e53-627c-4e63-bbc1-2eea57b9894a,c2ae86ee09cf1df8b2844bc92fba16af9688fb72d9e444914a158477a66877b8,54e4e422-fb8a-4cfd-8789-5e3917e64bd5,8c6cccdc-37a3-46ac-82a5-a22d1d69000f,f8edaecf-8020-4564-bbf4-42b31ddc5d7a,2d9849af-4973-4fd8-a822-d8a60e17e5f5,81de6e6f-7d67-40af-b2be-f629e89085ed,completed,c95570638786f34bdf300259908c703357f319349529bd0f72711c0b41f6d98a,bcba9767-41cd-49d9-aa5e-687d9d4d0032,K1,2026-10-07T08:15:44.439097Z,T2,dbb63e68d4ed9e904fa985aa5b88d674205b6caab086a8d981ac8918a9c68fb5,empirical,"[""4afc763c-033e-501c-9c9c-453207d31e62"",""1fed9611-d0cc-51e5-86e7-4ba237c836a2"",""0e4d4039-5409-5be7-a300-ded85e9c22d7"",""1c4afc6f-6679-57b7-ab6b-cec3053e85a1"",""76216ff6-0dab-5f43-913f-741c2deb7596"",""fe7c5fea-171a-5d3e-b93c-b9d53dca7c67"",""784c942d-b222-5013-a2e4-de4aa477a143"",""2f2d84f4-6f41-5df7-a828-cc0a3d9cdddf"",""c68f6332-f200-5595-940d-e5bcad78f1fe"",""54c3aba8-cb42-5023-9591-5cdd68bdd7c5"",""b9ac296e-4c6c-5cdc-9e03-14868c124af2"",""022ddff9-4332-5ba5-b884-42537f220a0c"",""0d262496-18e1-5973-84a6-84fbda64d0ff"",""447860c8-1d56-518b-88ad-7e103990b756"",""616ecfda-7163-5a8d-ba60-01f623d8b124"",""656bacfc-b102-5379-8db2-2f9f127621e0"",""88f2e658-6155-5924-bc85-63fe2aabb08a"",""9f032fb3-90ca-5749-aff5-1065077ac10e"",""4d2e4005-a84b-525b-a492-d367c5e405d0"",""12b20e20-e117-5c00-83bc-e589b92b730e"",""e97a5398-37b9-5e89-91a9-9b3ae48d9534"",""7a8f92c5-5f85-593a-bf90-08e13c60a2e6"",""aa66f5e3-ac0e-57d6-9b69-aa54ea7c4fb9"",""d07b7490-853e-562b-b662-305e89e7718d"",""596c0800-372d-5056-8a35-9f8661656bf4"",""d08816e6-d4d6-5f35-9de3-d86528fa7a96"",""2e126757-f17e-5ee2-93db-94d31ed944b2"",""5e1af4e2-330f-563f-b639-2d3cd8d276c8"",""49cd1889-2a56-5913-8723-929335f68874"",""82b898ba-3b6d-567f-8996-4f259b74547e"",""d38eb7d2-e78b-5c2f-93e4-2e34846e80e6"",""33effc64-dcfe-5ced-badf-c4df49f68dc1"",""a3a03b99-34c0-504b-b529-32b798db318a"",""8b3ec7b0-123f-5597-95f7-1fafc5810d01"",""035c5442-19b8-5a84-8a59-b352a9660279"",""d6d45010-72fa-5741-b733-88958a8795d2"",""ab8215e5-b753-5a6a-a4e7-ad9caf42eeac"",""1b20061c-b208-551a-b06c-81ffeff623fc"",""9b6d0913-2ae6-5dab-ab36-d05e1c51b208"",""a27c1fb2-edc1-57e6-9d74-adb5a13fed3b"",""4696448b-8c21-591b-80cc-7344ea0b95ec"",""c1d75a33-928c-5636-b99c-def1fb29e0f5"",""61eebfb6-2555-5bce-ba71-7a750427392a"",""aba074a1-d451-595d-bc12-e257adbe7383"",""1ca34094-ee4d-5962-a78a-174d361a9cd3"",""7edb0577-da07-5c6f-8391-bb90e9822165"",""d7c5d484-54dc-5d1e-a3ac-65d60267a12c"",""f416cc8b-3bc2-5c4c-a91c-c56faf748684""]",app/Http/Controllers/Study/SqliController.php,67b22e71-1606-49b0-9158-13060d04fd3b,True,28-48,[],SQL,Noah Fiedler,f8edaecf-8020-4564-bbf4-42b31ddc5d7a,d07b7490-853e-562b-b662-305e89e7718d,True,24,67ea2b57-40fc-47ac-a76c-725a601d547a,B,"Die GET-Route /study/sqli ist dem SqliController@handle zugeordnet (study.php:39). Der Controller zeigt ohne Submit das Formular an (32–34), prüft die übergebene id (36–40), ruft den Repository-Zugriff auf (42) und verarbeitet unbekannte sowie erfolgreiche Ergebnisse (44–48). Es ist kein Aufruf eines ausführbaren Legacy-Skripts im Verarbeitungspfad erkennbar. Die Route wurde zudem mit php artisan route:list --path=study/sqli als `GET",True,2026-10-07T08:15:44.439090Z,human,2,972066a9-40db-412d-b51a-dd1bcb10681b,9f907633-e873-4994-a488-fbac89398069,1,explicit per metric; exact fractions and decimal display,,Menschliche lokale Selbstauskunft,observed,binary,1,decimal,A
M7-analysis-v5,f9faff59-3259-5804-8713-ca7f4006c343,2,c2ae86ee09cf1df8b2844bc92fba16af9688fb72d9e444914a158477a66877b8,E-BA,M6-T1-d0f9e9ba-0dc1-4b39-b9d6-cb68c44a3076,62849830-d61b-4277-ac45-218498e06c22,c2ae86ee09cf1df8b2844bc92fba16af9688fb72d9e444914a158477a66877b8,54e4e422-fb8a-4cfd-8789-5e3917e64bd5,8c6cccdc-37a3-46ac-82a5-a22d1d69000f,f8edaecf-8020-4564-bbf4-42b31ddc5d7a,2d9849af-4973-4fd8-a822-d8a60e17e5f5,81de6e6f-7d67-40af-b2be-f629e89085ed,completed,c95570638786f34bdf300259908c703357f319349529bd0f72711c0b41f6d98a,bcba9767-41cd-49d9-aa5e-687d9d4d0032,K1,2026-10-07T08:09:07.733257Z,T1,dbb63e68d4ed9e904fa985aa5b88d674205b6caab086a8d981ac8918a9c68fb5,empirical,"[""4afc763c-033e-501c-9c9c-453207d31e62"",""1fed9611-d0cc-51e5-86e7-4ba237c836a2"",""0e4d4039-5409-5be7-a300-ded85e9c22d7"",""1c4afc6f-6679-57b7-ab6b-cec3053e85a1"",""76216ff6-0dab-5f43-913f-741c2deb7596"",""fe7c5fea-171a-5d3e-b93c-b9d53dca7c67"",""784c942d-b222-5013-a2e4-de4aa477a143"",""2f2d84f4-6f41-5df7-a828-cc0a3d9cdddf"",""c68f6332-f200-5595-940d-e5bcad78f1fe"",""54c3aba8-cb42-5023-9591-5cdd68bdd7c5"",""b9ac296e-4c6c-5cdc-9e03-14868c124af2"",""022ddff9-4332-5ba5-b884-42537f220a0c"",""0d262496-18e1-5973-84a6-84fbda64d0ff"",""447860c8-1d56-518b-88ad-7e103990b756"",""616ecfda-7163-5a8d-ba60-01f623d8b124"",""656bacfc-b102-5379-8db2-2f9f127621e0"",""88f2e658-6155-5924-bc85-63fe2aabb08a"",""9f032fb3-90ca-5749-aff5-1065077ac10e"",""4d2e4005-a84b-525b-a492-d367c5e405d0"",""12b20e20-e117-5c00-83bc-e589b92b730e"",""e97a5398-37b9-5e89-91a9-9b3ae48d9534"",""7a8f92c5-5f85-593a-bf90-08e13c60a2e6"",""aa66f5e3-ac0e-57d6-9b69-aa54ea7c4fb9"",""d07b7490-853e-562b-b662-305e89e7718d"",""596c0800-372d-5056-8a35-9f8661656bf4"",""d08816e6-d4d6-5f35-9de3-d86528fa7a96"",""2e126757-f17e-5ee2-93db-94d31ed944b2"",""5e1af4e2-330f-563f-b639-2d3cd8d276c8"",""49cd1889-2a56-5913-8723-929335f68874"",""82b898ba-3b6d-567f-8996-4f259b74547e"",""d38eb7d2-e78b-5c2f-93e4-2e34846e80e6"",""33effc64-dcfe-5ced-badf-c4df49f68dc1"",""a3a03b99-34c0-504b-b529-32b798db318a"",""8b3ec7b0-123f-5597-95f7-1fafc5810d01"",""035c5442-19b8-5a84-8a59-b352a9660279"",""d6d45010-72fa-5741-b733-88958a8795d2"",""ab8215e5-b753-5a6a-a4e7-ad9caf42eeac"",""1b20061c-b208-551a-b06c-81ffeff623fc"",""9b6d0913-2ae6-5dab-ab36-d05e1c51b208"",""a27c1fb2-edc1-57e6-9d74-adb5a13fed3b"",""4696448b-8c21-591b-80cc-7344ea0b95ec"",""c1d75a33-928c-5636-b99c-def1fb29e0f5"",""61eebfb6-2555-5bce-ba71-7a750427392a"",""aba074a1-d451-595d-bc12-e257adbe7383"",""1ca34094-ee4d-5962-a78a-174d361a9cd3"",""7edb0577-da07-5c6f-8391-bb90e9822165"",""d7c5d484-54dc-5d1e-a3ac-65d60267a12c"",""f416cc8b-3bc2-5c4c-a91c-c56faf748684""]",,a346ec2e-f38a-422b-854b-8b74b05717a5,True,,[],SQL,M6-evaluator-v1,f8edaecf-8020-4564-bbf4-42b31ddc5d7a,d07b7490-853e-562b-b662-305e89e7718d,True,24,,B,Native syntax/boot plus independent intact scaffold control,True,2026-10-07T08:09:07.733245Z,automatic,1,972066a9-40db-412d-b51a-dd1bcb10681b,9f907633-e873-4994-a488-fbac89398069,1,explicit per metric; exact fractions and decimal display,,M6-evaluator-v1,observed,binary,1,decimal,A
M7-analysis-v5,f9faff59-3259-5804-8713-ca7f4006c343,2,c2ae86ee09cf1df8b2844bc92fba16af9688fb72d9e444914a158477a66877b8,E-BA,M6-T5-b488da71-0bd3-40e3-9680-94b174a12903,7dfae6a4-9e5e-4a7c-a18f-3d500de00671,c2ae86ee09cf1df8b2844bc92fba16af9688fb72d9e444914a158477a66877b8,54e4e422-fb8a-4cfd-8789-5e3917e64bd5,8c6cccdc-37a3-46ac-82a5-a22d1d69000f,f8edaecf-8020-4564-bbf4-42b31ddc5d7a,2d9849af-4973-4fd8-a822-d8a60e17e5f5,81de6e6f-7d67-40af-b2be-f629e89085ed,completed,c95570638786f34bdf300259908c703357f319349529bd0f72711c0b41f6d98a,bcba9767-41cd-49d9-aa5e-687d9d4d0032,K1,2026-10-07T08:09:07.743099Z,T5,dbb63e68d4ed9e904fa985aa5b88d674205b6caab086a8d981ac8918a9c68fb5,empirical,"[""4afc763c-033e-501c-9c9c-453207d31e62"",""1fed9611-d0cc-51e5-86e7-4ba237c836a2"",""0e4d4039-5409-5be7-a300-ded85e9c22d7"",""1c4afc6f-6679-57b7-ab6b-cec3053e85a1"",""76216ff6-0dab-5f43-913f-741c2deb7596"",""fe7c5fea-171a-5d3e-b93c-b9d53dca7c67"",""784c942d-b222-5013-a2e4-de4aa477a143"",""2f2d84f4-6f41-5df7-a828-cc0a3d9cdddf"",""c68f6332-f200-5595-940d-e5bcad78f1fe"",""54c3aba8-cb42-5023-9591-5cdd68bdd7c5"",""b9ac296e-4c6c-5cdc-9e03-14868c124af2"",""022ddff9-4332-5ba5-b884-42537f220a0c"",""0d262496-18e1-5973-84a6-84fbda64d0ff"",""447860c8-1d56-518b-88ad-7e103990b756"",""616ecfda-7163-5a8d-ba60-01f623d8b124"",""656bacfc-b102-5379-8db2-2f9f127621e0"",""88f2e658-6155-5924-bc85-63fe2aabb08a"",""9f032fb3-90ca-5749-aff5-1065077ac10e"",""4d2e4005-a84b-525b-a492-d367c5e405d0"",""12b20e20-e117-5c00-83bc-e589b92b730e"",""e97a5398-37b9-5e89-91a9-9b3ae48d9534"",""7a8f92c5-5f85-593a-bf90-08e13c60a2e6"",""aa66f5e3-ac0e-57d6-9b69-aa54ea7c4fb9"",""d07b7490-853e-562b-b662-305e89e7718d"",""596c0800-372d-5056-8a35-9f8661656bf4"",""d08816e6-d4d6-5f35-9de3-d86528fa7a96"",""2e126757-f17e-5ee2-93db-94d31ed944b2"",""5e1af4e2-330f-563f-b639-2d3cd8d276c8"",""49cd1889-2a56-5913-8723-929335f68874"",""82b898ba-3b6d-567f-8996-4f259b74547e"",""d38eb7d2-e78b-5c2f-93e4-2e34846e80e6"",""33effc64-dcfe-5ced-badf-c4df49f68dc1"",""a3a03b99-34c0-504b-b529-32b798db318a"",""8b3ec7b0-123f-5597-95f7-1fafc5810d01"",""035c5442-19b8-5a84-8a59-b352a9660279"",""d6d45010-72fa-5741-b733-88958a8795d2"",""ab8215e5-b753-5a6a-a4e7-ad9caf42eeac"",""1b20061c-b208-551a-b06c-81ffeff623fc"",""9b6d0913-2ae6-5dab-ab36-d05e1c51b208"",""a27c1fb2-edc1-57e6-9d74-adb5a13fed3b"",""4696448b-8c21-591b-80cc-7344ea0b95ec"",""c1d75a33-928c-5636-b99c-def1fb29e0f5"",""61eebfb6-2555-5bce-ba71-7a750427392a"",""aba074a1-d451-595d-bc12-e257adbe7383"",""1ca34094-ee4d-5962-a78a-174d361a9cd3"",""7edb0577-da07-5c6f-8391-bb90e9822165"",""d7c5d484-54dc-5d1e-a3ac-65d60267a12c"",""f416cc8b-3bc2-5c4c-a91c-c56faf748684""]",,ee4ca44e-92bb-4356-aff7-9bff8797baed,True,,[],SQL,M6-evaluator-v1,f8edaecf-8020-4564-bbf4-42b31ddc5d7a,d07b7490-853e-562b-b662-305e89e7718d,True,24,,B,Protected scaffold/allowlist and effective access routes against intact control; other semantic doubt stays open,True,2026-10-07T08:09:07.743093Z,automatic,1,972066a9-40db-412d-b51a-dd1bcb10681b,9f907633-e873-4994-a488-fbac89398069,1,explicit per metric; exact fractions and decimal display,,M6-evaluator-v1,observed,binary,1,decimal,A
M7-analysis-v5,0c44d85c-d8d9-572f-b0cb-1e52983adc6c,3,2f39dc921e759f25a00ada18fb11a07038e6d909b1e250ac0cd5b547b90f39e0,C-BF-1,HUMAN-REVIEW-1f1d4883-8c7f-40d2-bed8-8d333baebdad,9547494e-cd11-4544-9572-ec0f393d2bf0,2f39dc921e759f25a00ada18fb11a07038e6d909b1e250ac0cd5b547b90f39e0,0f079fb5-4777-45a8-98fe-0aa3ae6dc4e3,8c6cccdc-37a3-46ac-82a5-a22d1d69000f,f8edaecf-8020-4564-bbf4-42b31ddc5d7a,2d9849af-4973-4fd8-a822-d8a60e17e5f5,81de6e6f-7d67-40af-b2be-f629e89085ed,completed,202e1e0a33d9d0d7b92585572740cd6b1ca70f7699cac883e8579e11bac45057,651e080b-10b7-40ff-9204-1dd148ce6638,K1,2026-10-07T14:32:06.321044Z,T2,dbb63e68d4ed9e904fa985aa5b88d674205b6caab086a8d981ac8918a9c68fb5,empirical,"[""4afc763c-033e-501c-9c9c-453207d31e62"",""1fed9611-d0cc-51e5-86e7-4ba237c836a2"",""0e4d4039-5409-5be7-a300-ded85e9c22d7"",""1c4afc6f-6679-57b7-ab6b-cec3053e85a1"",""76216ff6-0dab-5f43-913f-741c2deb7596"",""fe7c5fea-171a-5d3e-b93c-b9d53dca7c67"",""784c942d-b222-5013-a2e4-de4aa477a143"",""2f2d84f4-6f41-5df7-a828-cc0a3d9cdddf"",""c68f6332-f200-5595-940d-e5bcad78f1fe"",""54c3aba8-cb42-5023-9591-5cdd68bdd7c5"",""b9ac296e-4c6c-5cdc-9e03-14868c124af2"",""022ddff9-4332-5ba5-b884-42537f220a0c"",""0d262496-18e1-5973-84a6-84fbda64d0ff"",""447860c8-1d56-518b-88ad-7e103990b756"",""616ecfda-7163-5a8d-ba60-01f623d8b124"",""656bacfc-b102-5379-8db2-2f9f127621e0"",""88f2e658-6155-5924-bc85-63fe2aabb08a"",""9f032fb3-90ca-5749-aff5-1065077ac10e"",""4d2e4005-a84b-525b-a492-d367c5e405d0"",""12b20e20-e117-5c00-83bc-e589b92b730e"",""e97a5398-37b9-5e89-91a9-9b3ae48d9534"",""7a8f92c5-5f85-593a-bf90-08e13c60a2e6"",""aa66f5e3-ac0e-57d6-9b69-aa54ea7c4fb9"",""d07b7490-853e-562b-b662-305e89e7718d"",""596c0800-372d-5056-8a35-9f8661656bf4"",""d08816e6-d4d6-5f35-9de3-d86528fa7a96"",""2e126757-f17e-5ee2-93db-94d31ed944b2"",""5e1af4e2-330f-563f-b639-2d3cd8d276c8"",""49cd1889-2a56-5913-8723-929335f68874"",""82b898ba-3b6d-567f-8996-4f259b74547e"",""d38eb7d2-e78b-5c2f-93e4-2e34846e80e6"",""33effc64-dcfe-5ced-badf-c4df49f68dc1"",""a3a03b99-34c0-504b-b529-32b798db318a"",""8b3ec7b0-123f-5597-95f7-1fafc5810d01"",""035c5442-19b8-5a84-8a59-b352a9660279"",""d6d45010-72fa-5741-b733-88958a8795d2"",""ab8215e5-b753-5a6a-a4e7-ad9caf42eeac"",""1b20061c-b208-551a-b06c-81ffeff623fc"",""9b6d0913-2ae6-5dab-ab36-d05e1c51b208"",""a27c1fb2-edc1-57e6-9d74-adb5a13fed3b"",""4696448b-8c21-591b-80cc-7344ea0b95ec"",""c1d75a33-928c-5636-b99c-def1fb29e0f5"",""61eebfb6-2555-5bce-ba71-7a750427392a"",""aba074a1-d451-595d-bc12-e257adbe7383"",""1ca34094-ee4d-5962-a78a-174d361a9cd3"",""7edb0577-da07-5c6f-8391-bb90e9822165"",""d7c5d484-54dc-5d1e-a3ac-65d60267a12c"",""f416cc8b-3bc2-5c4c-a91c-c56faf748684""]",app/Http/Controllers/Study/BruteForceController.php,e6188868-db98-43d5-bac7-3cfd70f45629,True,11-58,[],BF,Noah Fiedler,f8edaecf-8020-4564-bbf4-42b31ddc5d7a,596c0800-372d-5056-8a35-9f8661656bf4,True,25,345cb43b-7185-44e7-af30-66ad3092b70a,A,"Die GET-Route /study/brute ist in study.php an BruteForceController::index gebunden. Die Methode unterscheidet den Formularpfad ohne Login (15–20) vom Verarbeitungspfad mit Login (23–58), validiert die Eingaben und verarbeitet das Benutzer-/Passwortpaar direkt im Controller. Es gibt in diesem Aufrufpfad keine Legacy-Einbindung mittels include oder require.",True,2026-10-07T14:32:06.321028Z,human,2,972066a9-40db-412d-b51a-dd1bcb10681b,11197ac3-74e7-49be-b708-accc9dbbf5d0,1,explicit per metric; exact fractions and decimal display,,Menschliche lokale Selbstauskunft,observed,binary,1,decimal,A
M7-analysis-v5,0c44d85c-d8d9-572f-b0cb-1e52983adc6c,3,2f39dc921e759f25a00ada18fb11a07038e6d909b1e250ac0cd5b547b90f39e0,C-BF-1,HUMAN-REVIEW-202e88a0-5e65-49a6-bfb0-919a4a0d23cf,9547494e-cd11-4544-9572-ec0f393d2bf0,2f39dc921e759f25a00ada18fb11a07038e6d909b1e250ac0cd5b547b90f39e0,0f079fb5-4777-45a8-98fe-0aa3ae6dc4e3,8c6cccdc-37a3-46ac-82a5-a22d1d69000f,f8edaecf-8020-4564-bbf4-42b31ddc5d7a,2d9849af-4973-4fd8-a822-d8a60e17e5f5,81de6e6f-7d67-40af-b2be-f629e89085ed,completed,202e1e0a33d9d0d7b92585572740cd6b1ca70f7699cac883e8579e11bac45057,651e080b-10b7-40ff-9204-1dd148ce6638,K1,2026-10-07T14:32:44.675779Z,T4,dbb63e68d4ed9e904fa985aa5b88d674205b6caab086a8d981ac8918a9c68fb5,empirical,"[""4afc763c-033e-501c-9c9c-453207d31e62"",""1fed9611-d0cc-51e5-86e7-4ba237c836a2"",""0e4d4039-5409-5be7-a300-ded85e9c22d7"",""1c4afc6f-6679-57b7-ab6b-cec3053e85a1"",""76216ff6-0dab-5f43-913f-741c2deb7596"",""fe7c5fea-171a-5d3e-b93c-b9d53dca7c67"",""784c942d-b222-5013-a2e4-de4aa477a143"",""2f2d84f4-6f41-5df7-a828-cc0a3d9cdddf"",""c68f6332-f200-5595-940d-e5bcad78f1fe"",""54c3aba8-cb42-5023-9591-5cdd68bdd7c5"",""b9ac296e-4c6c-5cdc-9e03-14868c124af2"",""022ddff9-4332-5ba5-b884-42537f220a0c"",""0d262496-18e1-5973-84a6-84fbda64d0ff"",""447860c8-1d56-518b-88ad-7e103990b756"",""616ecfda-7163-5a8d-ba60-01f623d8b124"",""656bacfc-b102-5379-8db2-2f9f127621e0"",""88f2e658-6155-5924-bc85-63fe2aabb08a"",""9f032fb3-90ca-5749-aff5-1065077ac10e"",""4d2e4005-a84b-525b-a492-d367c5e405d0"",""12b20e20-e117-5c00-83bc-e589b92b730e"",""e97a5398-37b9-5e89-91a9-9b3ae48d9534"",""7a8f92c5-5f85-593a-bf90-08e13c60a2e6"",""aa66f5e3-ac0e-57d6-9b69-aa54ea7c4fb9"",""d07b7490-853e-562b-b662-305e89e7718d"",""596c0800-372d-5056-8a35-9f8661656bf4"",""d08816e6-d4d6-5f35-9de3-d86528fa7a96"",""2e126757-f17e-5ee2-93db-94d31ed944b2"",""5e1af4e2-330f-563f-b639-2d3cd8d276c8"",""49cd1889-2a56-5913-8723-929335f68874"",""82b898ba-3b6d-567f-8996-4f259b74547e"",""d38eb7d2-e78b-5c2f-93e4-2e34846e80e6"",""33effc64-dcfe-5ced-badf-c4df49f68dc1"",""a3a03b99-34c0-504b-b529-32b798db318a"",""8b3ec7b0-123f-5597-95f7-1fafc5810d01"",""035c5442-19b8-5a84-8a59-b352a9660279"",""d6d45010-72fa-5741-b733-88958a8795d2"",""ab8215e5-b753-5a6a-a4e7-ad9caf42eeac"",""1b20061c-b208-551a-b06c-81ffeff623fc"",""9b6d0913-2ae6-5dab-ab36-d05e1c51b208"",""a27c1fb2-edc1-57e6-9d74-adb5a13fed3b"",""4696448b-8c21-591b-80cc-7344ea0b95ec"",""c1d75a33-928c-5636-b99c-def1fb29e0f5"",""61eebfb6-2555-5bce-ba71-7a750427392a"",""aba074a1-d451-595d-bc12-e257adbe7383"",""1ca34094-ee4d-5962-a78a-174d361a9cd3"",""7edb0577-da07-5c6f-8391-bb90e9822165"",""d7c5d484-54dc-5d1e-a3ac-65d60267a12c"",""f416cc8b-3bc2-5c4c-a91c-c56faf748684""]",app/Http/Controllers/Study/BruteForceController.php,ce673af3-c80b-49eb-aef6-049af34b87ec,True,41-46,"[""4e17006f-8ad0-458e-be4f-c9534fd48ea2""]",BF,Noah Fiedler,f8edaecf-8020-4564-bbf4-42b31ddc5d7a,596c0800-372d-5056-8a35-9f8661656bf4,True,25,5630685c-970e-4e7e-b6f3-a86f0d68f041,A,"Der Code verwendet eindeutig Laravels DB-Facade und Query Builder: Verbindung mysql, Tabelle users, Auswahl von password und avatar sowie parametrisierte where-Bedingungen. Das Passwort wird für die vorgesehene Datenkompatibilität per md5 verglichen; der Avatar stammt aus dem gefundenen Datensatz und wird anschließend an die View übergeben (55–58). Die MySQL-Verbindung ist in database.php konfiguriert.",True,2026-10-07T14:32:44.675772Z,human,2,972066a9-40db-412d-b51a-dd1bcb10681b,11197ac3-74e7-49be-b708-accc9dbbf5d0,1,explicit per metric; exact fractions and decimal display,,Menschliche lokale Selbstauskunft,observed,binary,1,decimal,A
M7-analysis-v5,0c44d85c-d8d9-572f-b0cb-1e52983adc6c,3,2f39dc921e759f25a00ada18fb11a07038e6d909b1e250ac0cd5b547b90f39e0,C-BF-1,HUMAN-REVIEW-f1d13fb6-50de-4c95-ad6a-6c5ef5959893,750b3698-af04-4c19-a827-06608866693c,2f39dc921e759f25a00ada18fb11a07038e6d909b1e250ac0cd5b547b90f39e0,0f079fb5-4777-45a8-98fe-0aa3ae6dc4e3,8c6cccdc-37a3-46ac-82a5-a22d1d69000f,f8edaecf-8020-4564-bbf4-42b31ddc5d7a,2d9849af-4973-4fd8-a822-d8a60e17e5f5,81de6e6f-7d67-40af-b2be-f629e89085ed,completed,202e1e0a33d9d0d7b92585572740cd6b1ca70f7699cac883e8579e11bac45057,651e080b-10b7-40ff-9204-1dd148ce6638,K1,2026-10-07T14:32:23.452372Z,T3,dbb63e68d4ed9e904fa985aa5b88d674205b6caab086a8d981ac8918a9c68fb5,empirical,"[""4afc763c-033e-501c-9c9c-453207d31e62"",""1fed9611-d0cc-51e5-86e7-4ba237c836a2"",""0e4d4039-5409-5be7-a300-ded85e9c22d7"",""1c4afc6f-6679-57b7-ab6b-cec3053e85a1"",""76216ff6-0dab-5f43-913f-741c2deb7596"",""fe7c5fea-171a-5d3e-b93c-b9d53dca7c67"",""784c942d-b222-5013-a2e4-de4aa477a143"",""2f2d84f4-6f41-5df7-a828-cc0a3d9cdddf"",""c68f6332-f200-5595-940d-e5bcad78f1fe"",""54c3aba8-cb42-5023-9591-5cdd68bdd7c5"",""b9ac296e-4c6c-5cdc-9e03-14868c124af2"",""022ddff9-4332-5ba5-b884-42537f220a0c"",""0d262496-18e1-5973-84a6-84fbda64d0ff"",""447860c8-1d56-518b-88ad-7e103990b756"",""616ecfda-7163-5a8d-ba60-01f623d8b124"",""656bacfc-b102-5379-8db2-2f9f127621e0"",""88f2e658-6155-5924-bc85-63fe2aabb08a"",""9f032fb3-90ca-5749-aff5-1065077ac10e"",""4d2e4005-a84b-525b-a492-d367c5e405d0"",""12b20e20-e117-5c00-83bc-e589b92b730e"",""e97a5398-37b9-5e89-91a9-9b3ae48d9534"",""7a8f92c5-5f85-593a-bf90-08e13c60a2e6"",""aa66f5e3-ac0e-57d6-9b69-aa54ea7c4fb9"",""d07b7490-853e-562b-b662-305e89e7718d"",""596c0800-372d-5056-8a35-9f8661656bf4"",""d08816e6-d4d6-5f35-9de3-d86528fa7a96"",""2e126757-f17e-5ee2-93db-94d31ed944b2"",""5e1af4e2-330f-563f-b639-2d3cd8d276c8"",""49cd1889-2a56-5913-8723-929335f68874"",""82b898ba-3b6d-567f-8996-4f259b74547e"",""d38eb7d2-e78b-5c2f-93e4-2e34846e80e6"",""33effc64-dcfe-5ced-badf-c4df49f68dc1"",""a3a03b99-34c0-504b-b529-32b798db318a"",""8b3ec7b0-123f-5597-95f7-1fafc5810d01"",""035c5442-19b8-5a84-8a59-b352a9660279"",""d6d45010-72fa-5741-b733-88958a8795d2"",""ab8215e5-b753-5a6a-a4e7-ad9caf42eeac"",""1b20061c-b208-551a-b06c-81ffeff623fc"",""9b6d0913-2ae6-5dab-ab36-d05e1c51b208"",""a27c1fb2-edc1-57e6-9d74-adb5a13fed3b"",""4696448b-8c21-591b-80cc-7344ea0b95ec"",""c1d75a33-928c-5636-b99c-def1fb29e0f5"",""61eebfb6-2555-5bce-ba71-7a750427392a"",""aba074a1-d451-595d-bc12-e257adbe7383"",""1ca34094-ee4d-5962-a78a-174d361a9cd3"",""7edb0577-da07-5c6f-8391-bb90e9822165"",""d7c5d484-54dc-5d1e-a3ac-65d60267a12c"",""f416cc8b-3bc2-5c4c-a91c-c56faf748684""]",resources/views/study/brute.blade.php,efbf8d6c-13bd-41a9-9590-8602e02e457a,True,8-18,[],BF,Noah Fiedler,f8edaecf-8020-4564-bbf4-42b31ddc5d7a,596c0800-372d-5056-8a35-9f8661656bf4,True,25,e5866d9f-78c8-403f-993b-248d7b3a467d,A,"Der Controller rendert ausschließlich die View study.brute mittels response()->view(...) (BruteForceController.php). Die Blade-Datei enthält das GET-Formular mit username, password und Login (8–16). Sie gibt den übergebenen Status aus und zeigt nur beim Status SUCCESS den übergebenen Avatar an (18). Die Zweige für ungültige Eingabe, negatives Ergebnis und Erfolg übergeben ihre Daten jeweils über dieselbe View (BruteForceController.php).",True,2026-10-07T14:32:23.452364Z,human,2,972066a9-40db-412d-b51a-dd1bcb10681b,11197ac3-74e7-49be-b708-accc9dbbf5d0,1,explicit per metric; exact fractions and decimal display,,Menschliche lokale Selbstauskunft,observed,binary,1,decimal,A
M7-analysis-v5,0c44d85c-d8d9-572f-b0cb-1e52983adc6c,3,2f39dc921e759f25a00ada18fb11a07038e6d909b1e250ac0cd5b547b90f39e0,C-BF-1,M6-T1-18e37326-7d03-4d7c-96bf-881c7d5faee4,383624e3-c677-4f56-a419-89c58fc66c77,2f39dc921e759f25a00ada18fb11a07038e6d909b1e250ac0cd5b547b90f39e0,0f079fb5-4777-45a8-98fe-0aa3ae6dc4e3,8c6cccdc-37a3-46ac-82a5-a22d1d69000f,f8edaecf-8020-4564-bbf4-42b31ddc5d7a,2d9849af-4973-4fd8-a822-d8a60e17e5f5,81de6e6f-7d67-40af-b2be-f629e89085ed,completed,202e1e0a33d9d0d7b92585572740cd6b1ca70f7699cac883e8579e11bac45057,651e080b-10b7-40ff-9204-1dd148ce6638,K1,2026-10-07T14:28:47.835496Z,T1,dbb63e68d4ed9e904fa985aa5b88d674205b6caab086a8d981ac8918a9c68fb5,empirical,"[""4afc763c-033e-501c-9c9c-453207d31e62"",""1fed9611-d0cc-51e5-86e7-4ba237c836a2"",""0e4d4039-5409-5be7-a300-ded85e9c22d7"",""1c4afc6f-6679-57b7-ab6b-cec3053e85a1"",""76216ff6-0dab-5f43-913f-741c2deb7596"",""fe7c5fea-171a-5d3e-b93c-b9d53dca7c67"",""784c942d-b222-5013-a2e4-de4aa477a143"",""2f2d84f4-6f41-5df7-a828-cc0a3d9cdddf"",""c68f6332-f200-5595-940d-e5bcad78f1fe"",""54c3aba8-cb42-5023-9591-5cdd68bdd7c5"",""b9ac296e-4c6c-5cdc-9e03-14868c124af2"",""022ddff9-4332-5ba5-b884-42537f220a0c"",""0d262496-18e1-5973-84a6-84fbda64d0ff"",""447860c8-1d56-518b-88ad-7e103990b756"",""616ecfda-7163-5a8d-ba60-01f623d8b124"",""656bacfc-b102-5379-8db2-2f9f127621e0"",""88f2e658-6155-5924-bc85-63fe2aabb08a"",""9f032fb3-90ca-5749-aff5-1065077ac10e"",""4d2e4005-a84b-525b-a492-d367c5e405d0"",""12b20e20-e117-5c00-83bc-e589b92b730e"",""e97a5398-37b9-5e89-91a9-9b3ae48d9534"",""7a8f92c5-5f85-593a-bf90-08e13c60a2e6"",""aa66f5e3-ac0e-57d6-9b69-aa54ea7c4fb9"",""d07b7490-853e-562b-b662-305e89e7718d"",""596c0800-372d-5056-8a35-9f8661656bf4"",""d08816e6-d4d6-5f35-9de3-d86528fa7a96"",""2e126757-f17e-5ee2-93db-94d31ed944b2"",""5e1af4e2-330f-563f-b639-2d3cd8d276c8"",""49cd1889-2a56-5913-8723-929335f68874"",""82b898ba-3b6d-567f-8996-4f259b74547e"",""d38eb7d2-e78b-5c2f-93e4-2e34846e80e6"",""33effc64-dcfe-5ced-badf-c4df49f68dc1"",""a3a03b99-34c0-504b-b529-32b798db318a"",""8b3ec7b0-123f-5597-95f7-1fafc5810d01"",""035c5442-19b8-5a84-8a59-b352a9660279"",""d6d45010-72fa-5741-b733-88958a8795d2"",""ab8215e5-b753-5a6a-a4e7-ad9caf42eeac"",""1b20061c-b208-551a-b06c-81ffeff623fc"",""9b6d0913-2ae6-5dab-ab36-d05e1c51b208"",""a27c1fb2-edc1-57e6-9d74-adb5a13fed3b"",""4696448b-8c21-591b-80cc-7344ea0b95ec"",""c1d75a33-928c-5636-b99c-def1fb29e0f5"",""61eebfb6-2555-5bce-ba71-7a750427392a"",""aba074a1-d451-595d-bc12-e257adbe7383"",""1ca34094-ee4d-5962-a78a-174d361a9cd3"",""7edb0577-da07-5c6f-8391-bb90e9822165"",""d7c5d484-54dc-5d1e-a3ac-65d60267a12c"",""f416cc8b-3bc2-5c4c-a91c-c56faf748684""]",,57bfeb2b-1784-415c-822b-3b2984386141,True,,[],BF,M6-evaluator-v1,f8edaecf-8020-4564-bbf4-42b31ddc5d7a,596c0800-372d-5056-8a35-9f8661656bf4,True,25,,A,Native syntax/boot plus independent intact scaffold control,True,2026-10-07T14:28:47.835485Z,automatic,1,972066a9-40db-412d-b51a-dd1bcb10681b,11197ac3-74e7-49be-b708-accc9dbbf5d0,1,explicit per metric; exact fractions and decimal display,,M6-evaluator-v1,observed,binary,1,decimal,A
M7-analysis-v5,0c44d85c-d8d9-572f-b0cb-1e52983adc6c,3,2f39dc921e759f25a00ada18fb11a07038e6d909b1e250ac0cd5b547b90f39e0,C-BF-1,M6-T5-6150bb31-f8e5-48d4-a0d3-807648b19b86,1e8a3a12-06ab-4f18-9a8d-e30c03291c35,2f39dc921e759f25a00ada18fb11a07038e6d909b1e250ac0cd5b547b90f39e0,0f079fb5-4777-45a8-98fe-0aa3ae6dc4e3,8c6cccdc-37a3-46ac-82a5-a22d1d69000f,f8edaecf-8020-4564-bbf4-42b31ddc5d7a,2d9849af-4973-4fd8-a822-d8a60e17e5f5,81de6e6f-7d67-40af-b2be-f629e89085ed,completed,202e1e0a33d9d0d7b92585572740cd6b1ca70f7699cac883e8579e11bac45057,651e080b-10b7-40ff-9204-1dd148ce6638,K1,2026-10-07T14:28:47.843854Z,T5,dbb63e68d4ed9e904fa985aa5b88d674205b6caab086a8d981ac8918a9c68fb5,empirical,"[""4afc763c-033e-501c-9c9c-453207d31e62"",""1fed9611-d0cc-51e5-86e7-4ba237c836a2"",""0e4d4039-5409-5be7-a300-ded85e9c22d7"",""1c4afc6f-6679-57b7-ab6b-cec3053e85a1"",""76216ff6-0dab-5f43-913f-741c2deb7596"",""fe7c5fea-171a-5d3e-b93c-b9d53dca7c67"",""784c942d-b222-5013-a2e4-de4aa477a143"",""2f2d84f4-6f41-5df7-a828-cc0a3d9cdddf"",""c68f6332-f200-5595-940d-e5bcad78f1fe"",""54c3aba8-cb42-5023-9591-5cdd68bdd7c5"",""b9ac296e-4c6c-5cdc-9e03-14868c124af2"",""022ddff9-4332-5ba5-b884-42537f220a0c"",""0d262496-18e1-5973-84a6-84fbda64d0ff"",""447860c8-1d56-518b-88ad-7e103990b756"",""616ecfda-7163-5a8d-ba60-01f623d8b124"",""656bacfc-b102-5379-8db2-2f9f127621e0"",""88f2e658-6155-5924-bc85-63fe2aabb08a"",""9f032fb3-90ca-5749-aff5-1065077ac10e"",""4d2e4005-a84b-525b-a492-d367c5e405d0"",""12b20e20-e117-5c00-83bc-e589b92b730e"",""e97a5398-37b9-5e89-91a9-9b3ae48d9534"",""7a8f92c5-5f85-593a-bf90-08e13c60a2e6"",""aa66f5e3-ac0e-57d6-9b69-aa54ea7c4fb9"",""d07b7490-853e-562b-b662-305e89e7718d"",""596c0800-372d-5056-8a35-9f8661656bf4"",""d08816e6-d4d6-5f35-9de3-d86528fa7a96"",""2e126757-f17e-5ee2-93db-94d31ed944b2"",""5e1af4e2-330f-563f-b639-2d3cd8d276c8"",""49cd1889-2a56-5913-8723-929335f68874"",""82b898ba-3b6d-567f-8996-4f259b74547e"",""d38eb7d2-e78b-5c2f-93e4-2e34846e80e6"",""33effc64-dcfe-5ced-badf-c4df49f68dc1"",""a3a03b99-34c0-504b-b529-32b798db318a"",""8b3ec7b0-123f-5597-95f7-1fafc5810d01"",""035c5442-19b8-5a84-8a59-b352a9660279"",""d6d45010-72fa-5741-b733-88958a8795d2"",""ab8215e5-b753-5a6a-a4e7-ad9caf42eeac"",""1b20061c-b208-551a-b06c-81ffeff623fc"",""9b6d0913-2ae6-5dab-ab36-d05e1c51b208"",""a27c1fb2-edc1-57e6-9d74-adb5a13fed3b"",""4696448b-8c21-591b-80cc-7344ea0b95ec"",""c1d75a33-928c-5636-b99c-def1fb29e0f5"",""61eebfb6-2555-5bce-ba71-7a750427392a"",""aba074a1-d451-595d-bc12-e257adbe7383"",""1ca34094-ee4d-5962-a78a-174d361a9cd3"",""7edb0577-da07-5c6f-8391-bb90e9822165"",""d7c5d484-54dc-5d1e-a3ac-65d60267a12c"",""f416cc8b-3bc2-5c4c-a91c-c56faf748684""]",,e29ee8d4-7caf-4052-9847-2a90c46f28ef,True,,[],BF,M6-evaluator-v1,f8edaecf-8020-4564-bbf4-42b31ddc5d7a,596c0800-372d-5056-8a35-9f8661656bf4,True,25,,A,Protected scaffold/allowlist and effective access routes against intact control; other semantic doubt stays open,True,2026-10-07T14:28:47.843839Z,automatic,1,972066a9-40db-412d-b51a-dd1bcb10681b,11197ac3-74e7-49be-b708-accc9dbbf5d0,1,explicit per metric; exact fractions and decimal display,,M6-evaluator-v1,observed,binary,1,decimal,A
M7-analysis-v5,0c44d85c-d8d9-572f-b0cb-1e52983adc6c,3,9c27f3d78fc59621cb82e18c166959e261aed1d7fbe46d64799a3887ce2865ff,E-P1R0,HUMAN-REVIEW-638cfd66-aa63-4e22-8091-851515dd3860,06a5e73a-499a-4be2-8c01-40df2f3d5bce,9c27f3d78fc59621cb82e18c166959e261aed1d7fbe46d64799a3887ce2865ff,66a54e98-bbec-4fc4-9034-3f60765e64e5,8c6cccdc-37a3-46ac-82a5-a22d1d69000f,f8edaecf-8020-4564-bbf4-42b31ddc5d7a,2d9849af-4973-4fd8-a822-d8a60e17e5f5,81de6e6f-7d67-40af-b2be-f629e89085ed,completed,46fff238fb6d2caf7973ae538150ab3097c1fa1862c12a1b6c4ff163afb5f6c3,4eb1de1a-3682-4e43-9075-598dbaee7479,K1,2026-10-07T14:48:31.257672Z,T3,dbb63e68d4ed9e904fa985aa5b88d674205b6caab086a8d981ac8918a9c68fb5,empirical,"[""4afc763c-033e-501c-9c9c-453207d31e62"",""1fed9611-d0cc-51e5-86e7-4ba237c836a2"",""0e4d4039-5409-5be7-a300-ded85e9c22d7"",""1c4afc6f-6679-57b7-ab6b-cec3053e85a1"",""76216ff6-0dab-5f43-913f-741c2deb7596"",""fe7c5fea-171a-5d3e-b93c-b9d53dca7c67"",""784c942d-b222-5013-a2e4-de4aa477a143"",""2f2d84f4-6f41-5df7-a828-cc0a3d9cdddf"",""c68f6332-f200-5595-940d-e5bcad78f1fe"",""54c3aba8-cb42-5023-9591-5cdd68bdd7c5"",""b9ac296e-4c6c-5cdc-9e03-14868c124af2"",""022ddff9-4332-5ba5-b884-42537f220a0c"",""0d262496-18e1-5973-84a6-84fbda64d0ff"",""447860c8-1d56-518b-88ad-7e103990b756"",""616ecfda-7163-5a8d-ba60-01f623d8b124"",""656bacfc-b102-5379-8db2-2f9f127621e0"",""88f2e658-6155-5924-bc85-63fe2aabb08a"",""9f032fb3-90ca-5749-aff5-1065077ac10e"",""4d2e4005-a84b-525b-a492-d367c5e405d0"",""12b20e20-e117-5c00-83bc-e589b92b730e"",""e97a5398-37b9-5e89-91a9-9b3ae48d9534"",""7a8f92c5-5f85-593a-bf90-08e13c60a2e6"",""aa66f5e3-ac0e-57d6-9b69-aa54ea7c4fb9"",""d07b7490-853e-562b-b662-305e89e7718d"",""596c0800-372d-5056-8a35-9f8661656bf4"",""d08816e6-d4d6-5f35-9de3-d86528fa7a96"",""2e126757-f17e-5ee2-93db-94d31ed944b2"",""5e1af4e2-330f-563f-b639-2d3cd8d276c8"",""49cd1889-2a56-5913-8723-929335f68874"",""82b898ba-3b6d-567f-8996-4f259b74547e"",""d38eb7d2-e78b-5c2f-93e4-2e34846e80e6"",""33effc64-dcfe-5ced-badf-c4df49f68dc1"",""a3a03b99-34c0-504b-b529-32b798db318a"",""8b3ec7b0-123f-5597-95f7-1fafc5810d01"",""035c5442-19b8-5a84-8a59-b352a9660279"",""d6d45010-72fa-5741-b733-88958a8795d2"",""ab8215e5-b753-5a6a-a4e7-ad9caf42eeac"",""1b20061c-b208-551a-b06c-81ffeff623fc"",""9b6d0913-2ae6-5dab-ab36-d05e1c51b208"",""a27c1fb2-edc1-57e6-9d74-adb5a13fed3b"",""4696448b-8c21-591b-80cc-7344ea0b95ec"",""c1d75a33-928c-5636-b99c-def1fb29e0f5"",""61eebfb6-2555-5bce-ba71-7a750427392a"",""aba074a1-d451-595d-bc12-e257adbe7383"",""1ca34094-ee4d-5962-a78a-174d361a9cd3"",""7edb0577-da07-5c6f-8391-bb90e9822165"",""d7c5d484-54dc-5d1e-a3ac-65d60267a12c"",""f416cc8b-3bc2-5c4c-a91c-c56faf748684""]",resources/views/study/sqli.blade.php,6934e1b1-9cf1-496d-b760-0e032a2c28bb,True,10-22,[],SQL,Noah Fiedler,f8edaecf-8020-4564-bbf4-42b31ddc5d7a,d08816e6-d4d6-5f35-9de3-d86528fa7a96,True,26,cb4f1d98-8696-41e1-b5bd-e25ed8344140,A,"Der Controller gibt in allen Antwortzweigen die View study.sqli zurück: bei fehlendem Submit, ungültiger Eingabe und nach der Datenbankabfrage. Die Blade-View enthält das GET-Formular sowie die Ausgabe für Status, erfolgreichen Treffer mit Vor- und Nachname und indirekt negative bzw. fehlerhafte Eingaben über den Status.",False,2026-10-07T14:48:31.257666Z,human,2,972066a9-40db-412d-b51a-dd1bcb10681b,351f4724-cd79-44e9-8ffd-b30433add7ec,1,explicit per metric; exact fractions and decimal display,,Menschliche lokale Selbstauskunft,observed,binary,1,decimal,A
M7-analysis-v5,0c44d85c-d8d9-572f-b0cb-1e52983adc6c,3,9c27f3d78fc59621cb82e18c166959e261aed1d7fbe46d64799a3887ce2865ff,E-P1R0,HUMAN-REVIEW-be5857b4-983e-4186-90a5-25727b23ff38,8ebeb76b-869c-4ac3-a1ec-2fdb84a807e3,9c27f3d78fc59621cb82e18c166959e261aed1d7fbe46d64799a3887ce2865ff,66a54e98-bbec-4fc4-9034-3f60765e64e5,8c6cccdc-37a3-46ac-82a5-a22d1d69000f,f8edaecf-8020-4564-bbf4-42b31ddc5d7a,2d9849af-4973-4fd8-a822-d8a60e17e5f5,81de6e6f-7d67-40af-b2be-f629e89085ed,completed,46fff238fb6d2caf7973ae538150ab3097c1fa1862c12a1b6c4ff163afb5f6c3,4eb1de1a-3682-4e43-9075-598dbaee7479,K1,2026-10-07T14:48:12.458207Z,T2,dbb63e68d4ed9e904fa985aa5b88d674205b6caab086a8d981ac8918a9c68fb5,empirical,"[""4afc763c-033e-501c-9c9c-453207d31e62"",""1fed9611-d0cc-51e5-86e7-4ba237c836a2"",""0e4d4039-5409-5be7-a300-ded85e9c22d7"",""1c4afc6f-6679-57b7-ab6b-cec3053e85a1"",""76216ff6-0dab-5f43-913f-741c2deb7596"",""fe7c5fea-171a-5d3e-b93c-b9d53dca7c67"",""784c942d-b222-5013-a2e4-de4aa477a143"",""2f2d84f4-6f41-5df7-a828-cc0a3d9cdddf"",""c68f6332-f200-5595-940d-e5bcad78f1fe"",""54c3aba8-cb42-5023-9591-5cdd68bdd7c5"",""b9ac296e-4c6c-5cdc-9e03-14868c124af2"",""022ddff9-4332-5ba5-b884-42537f220a0c"",""0d262496-18e1-5973-84a6-84fbda64d0ff"",""447860c8-1d56-518b-88ad-7e103990b756"",""616ecfda-7163-5a8d-ba60-01f623d8b124"",""656bacfc-b102-5379-8db2-2f9f127621e0"",""88f2e658-6155-5924-bc85-63fe2aabb08a"",""9f032fb3-90ca-5749-aff5-1065077ac10e"",""4d2e4005-a84b-525b-a492-d367c5e405d0"",""12b20e20-e117-5c00-83bc-e589b92b730e"",""e97a5398-37b9-5e89-91a9-9b3ae48d9534"",""7a8f92c5-5f85-593a-bf90-08e13c60a2e6"",""aa66f5e3-ac0e-57d6-9b69-aa54ea7c4fb9"",""d07b7490-853e-562b-b662-305e89e7718d"",""596c0800-372d-5056-8a35-9f8661656bf4"",""d08816e6-d4d6-5f35-9de3-d86528fa7a96"",""2e126757-f17e-5ee2-93db-94d31ed944b2"",""5e1af4e2-330f-563f-b639-2d3cd8d276c8"",""49cd1889-2a56-5913-8723-929335f68874"",""82b898ba-3b6d-567f-8996-4f259b74547e"",""d38eb7d2-e78b-5c2f-93e4-2e34846e80e6"",""33effc64-dcfe-5ced-badf-c4df49f68dc1"",""a3a03b99-34c0-504b-b529-32b798db318a"",""8b3ec7b0-123f-5597-95f7-1fafc5810d01"",""035c5442-19b8-5a84-8a59-b352a9660279"",""d6d45010-72fa-5741-b733-88958a8795d2"",""ab8215e5-b753-5a6a-a4e7-ad9caf42eeac"",""1b20061c-b208-551a-b06c-81ffeff623fc"",""9b6d0913-2ae6-5dab-ab36-d05e1c51b208"",""a27c1fb2-edc1-57e6-9d74-adb5a13fed3b"",""4696448b-8c21-591b-80cc-7344ea0b95ec"",""c1d75a33-928c-5636-b99c-def1fb29e0f5"",""61eebfb6-2555-5bce-ba71-7a750427392a"",""aba074a1-d451-595d-bc12-e257adbe7383"",""1ca34094-ee4d-5962-a78a-174d361a9cd3"",""7edb0577-da07-5c6f-8391-bb90e9822165"",""d7c5d484-54dc-5d1e-a3ac-65d60267a12c"",""f416cc8b-3bc2-5c4c-a91c-c56faf748684""]",app/Http/Controllers/Study/SqliController.php,08cacbcd-60ed-44c3-83b0-976ffd684558,True,12-39,[],SQL,Noah Fiedler,f8edaecf-8020-4564-bbf4-42b31ddc5d7a,d08816e6-d4d6-5f35-9de3-d86528fa7a96,True,26,67cde906-e7a9-4b75-9d3b-c83283afe2c8,A,"Die GET-Route /study/sqli verweist auf SqliController::show. Diese Methode behandelt sowohl die Formularanzeige ohne Submit als auch die Verarbeitung mit Submit, liest die ID und führt die Abfrage direkt über Laravel aus. Es ist kein Aufruf eines Legacy-Skripts im Verarbeitungspfad erkennbar.",False,2026-10-07T14:48:12.458200Z,human,2,972066a9-40db-412d-b51a-dd1bcb10681b,351f4724-cd79-44e9-8ffd-b30433add7ec,1,explicit per metric; exact fractions and decimal display,,Menschliche lokale Selbstauskunft,observed,binary,1,decimal,A
M7-analysis-v5,0c44d85c-d8d9-572f-b0cb-1e52983adc6c,3,9c27f3d78fc59621cb82e18c166959e261aed1d7fbe46d64799a3887ce2865ff,E-P1R0,HUMAN-REVIEW-fafd8fb1-c469-4b04-8111-463290496907,8ebeb76b-869c-4ac3-a1ec-2fdb84a807e3,9c27f3d78fc59621cb82e18c166959e261aed1d7fbe46d64799a3887ce2865ff,66a54e98-bbec-4fc4-9034-3f60765e64e5,8c6cccdc-37a3-46ac-82a5-a22d1d69000f,f8edaecf-8020-4564-bbf4-42b31ddc5d7a,2d9849af-4973-4fd8-a822-d8a60e17e5f5,81de6e6f-7d67-40af-b2be-f629e89085ed,completed,46fff238fb6d2caf7973ae538150ab3097c1fa1862c12a1b6c4ff163afb5f6c3,4eb1de1a-3682-4e43-9075-598dbaee7479,K1,2026-10-07T14:48:48.547138Z,T4,dbb63e68d4ed9e904fa985aa5b88d674205b6caab086a8d981ac8918a9c68fb5,empirical,"[""4afc763c-033e-501c-9c9c-453207d31e62"",""1fed9611-d0cc-51e5-86e7-4ba237c836a2"",""0e4d4039-5409-5be7-a300-ded85e9c22d7"",""1c4afc6f-6679-57b7-ab6b-cec3053e85a1"",""76216ff6-0dab-5f43-913f-741c2deb7596"",""fe7c5fea-171a-5d3e-b93c-b9d53dca7c67"",""784c942d-b222-5013-a2e4-de4aa477a143"",""2f2d84f4-6f41-5df7-a828-cc0a3d9cdddf"",""c68f6332-f200-5595-940d-e5bcad78f1fe"",""54c3aba8-cb42-5023-9591-5cdd68bdd7c5"",""b9ac296e-4c6c-5cdc-9e03-14868c124af2"",""022ddff9-4332-5ba5-b884-42537f220a0c"",""0d262496-18e1-5973-84a6-84fbda64d0ff"",""447860c8-1d56-518b-88ad-7e103990b756"",""616ecfda-7163-5a8d-ba60-01f623d8b124"",""656bacfc-b102-5379-8db2-2f9f127621e0"",""88f2e658-6155-5924-bc85-63fe2aabb08a"",""9f032fb3-90ca-5749-aff5-1065077ac10e"",""4d2e4005-a84b-525b-a492-d367c5e405d0"",""12b20e20-e117-5c00-83bc-e589b92b730e"",""e97a5398-37b9-5e89-91a9-9b3ae48d9534"",""7a8f92c5-5f85-593a-bf90-08e13c60a2e6"",""aa66f5e3-ac0e-57d6-9b69-aa54ea7c4fb9"",""d07b7490-853e-562b-b662-305e89e7718d"",""596c0800-372d-5056-8a35-9f8661656bf4"",""d08816e6-d4d6-5f35-9de3-d86528fa7a96"",""2e126757-f17e-5ee2-93db-94d31ed944b2"",""5e1af4e2-330f-563f-b639-2d3cd8d276c8"",""49cd1889-2a56-5913-8723-929335f68874"",""82b898ba-3b6d-567f-8996-4f259b74547e"",""d38eb7d2-e78b-5c2f-93e4-2e34846e80e6"",""33effc64-dcfe-5ced-badf-c4df49f68dc1"",""a3a03b99-34c0-504b-b529-32b798db318a"",""8b3ec7b0-123f-5597-95f7-1fafc5810d01"",""035c5442-19b8-5a84-8a59-b352a9660279"",""d6d45010-72fa-5741-b733-88958a8795d2"",""ab8215e5-b753-5a6a-a4e7-ad9caf42eeac"",""1b20061c-b208-551a-b06c-81ffeff623fc"",""9b6d0913-2ae6-5dab-ab36-d05e1c51b208"",""a27c1fb2-edc1-57e6-9d74-adb5a13fed3b"",""4696448b-8c21-591b-80cc-7344ea0b95ec"",""c1d75a33-928c-5636-b99c-def1fb29e0f5"",""61eebfb6-2555-5bce-ba71-7a750427392a"",""aba074a1-d451-595d-bc12-e257adbe7383"",""1ca34094-ee4d-5962-a78a-174d361a9cd3"",""7edb0577-da07-5c6f-8391-bb90e9822165"",""d7c5d484-54dc-5d1e-a3ac-65d60267a12c"",""f416cc8b-3bc2-5c4c-a91c-c56faf748684""]",app/Http/Controllers/Study/SqliController.php,1b35b798-2b12-4849-8eb3-971307e97fd0,True,30-38,"[""66e2767d-e536-4cd0-91d2-8190c04d399e""]",SQL,Noah Fiedler,f8edaecf-8020-4564-bbf4-42b31ddc5d7a,d08816e6-d4d6-5f35-9de3-d86528fa7a96,True,26,ba1e1792-5400-4df7-963d-886631d3156c,A,Der Code belegt einen tatsächlichen Laravel-Query-Builder-Zugriff auf die konfigurierte MySQL-Verbindung: Die validierte ID wird gegen users.user_id abgefragt; Vor- und Nachname stammen aus dem Ergebnisobjekt und werden an die View weitergegeben. Die gemeinsame MySQL-Konfiguration ist vorhanden.,False,2026-10-07T14:48:48.547130Z,human,2,972066a9-40db-412d-b51a-dd1bcb10681b,351f4724-cd79-44e9-8ffd-b30433add7ec,1,explicit per metric; exact fractions and decimal display,,Menschliche lokale Selbstauskunft,observed,binary,1,decimal,A
M7-analysis-v5,0c44d85c-d8d9-572f-b0cb-1e52983adc6c,3,9c27f3d78fc59621cb82e18c166959e261aed1d7fbe46d64799a3887ce2865ff,E-P1R0,M6-T1-59a1a131-5310-4040-affa-29b958bca139,7bd011b5-af92-49d1-bd07-040850f2e081,9c27f3d78fc59621cb82e18c166959e261aed1d7fbe46d64799a3887ce2865ff,66a54e98-bbec-4fc4-9034-3f60765e64e5,8c6cccdc-37a3-46ac-82a5-a22d1d69000f,f8edaecf-8020-4564-bbf4-42b31ddc5d7a,2d9849af-4973-4fd8-a822-d8a60e17e5f5,81de6e6f-7d67-40af-b2be-f629e89085ed,completed,46fff238fb6d2caf7973ae538150ab3097c1fa1862c12a1b6c4ff163afb5f6c3,4eb1de1a-3682-4e43-9075-598dbaee7479,K1,2026-10-07T14:44:54.415866Z,T1,dbb63e68d4ed9e904fa985aa5b88d674205b6caab086a8d981ac8918a9c68fb5,empirical,"[""4afc763c-033e-501c-9c9c-453207d31e62"",""1fed9611-d0cc-51e5-86e7-4ba237c836a2"",""0e4d4039-5409-5be7-a300-ded85e9c22d7"",""1c4afc6f-6679-57b7-ab6b-cec3053e85a1"",""76216ff6-0dab-5f43-913f-741c2deb7596"",""fe7c5fea-171a-5d3e-b93c-b9d53dca7c67"",""784c942d-b222-5013-a2e4-de4aa477a143"",""2f2d84f4-6f41-5df7-a828-cc0a3d9cdddf"",""c68f6332-f200-5595-940d-e5bcad78f1fe"",""54c3aba8-cb42-5023-9591-5cdd68bdd7c5"",""b9ac296e-4c6c-5cdc-9e03-14868c124af2"",""022ddff9-4332-5ba5-b884-42537f220a0c"",""0d262496-18e1-5973-84a6-84fbda64d0ff"",""447860c8-1d56-518b-88ad-7e103990b756"",""616ecfda-7163-5a8d-ba60-01f623d8b124"",""656bacfc-b102-5379-8db2-2f9f127621e0"",""88f2e658-6155-5924-bc85-63fe2aabb08a"",""9f032fb3-90ca-5749-aff5-1065077ac10e"",""4d2e4005-a84b-525b-a492-d367c5e405d0"",""12b20e20-e117-5c00-83bc-e589b92b730e"",""e97a5398-37b9-5e89-91a9-9b3ae48d9534"",""7a8f92c5-5f85-593a-bf90-08e13c60a2e6"",""aa66f5e3-ac0e-57d6-9b69-aa54ea7c4fb9"",""d07b7490-853e-562b-b662-305e89e7718d"",""596c0800-372d-5056-8a35-9f8661656bf4"",""d08816e6-d4d6-5f35-9de3-d86528fa7a96"",""2e126757-f17e-5ee2-93db-94d31ed944b2"",""5e1af4e2-330f-563f-b639-2d3cd8d276c8"",""49cd1889-2a56-5913-8723-929335f68874"",""82b898ba-3b6d-567f-8996-4f259b74547e"",""d38eb7d2-e78b-5c2f-93e4-2e34846e80e6"",""33effc64-dcfe-5ced-badf-c4df49f68dc1"",""a3a03b99-34c0-504b-b529-32b798db318a"",""8b3ec7b0-123f-5597-95f7-1fafc5810d01"",""035c5442-19b8-5a84-8a59-b352a9660279"",""d6d45010-72fa-5741-b733-88958a8795d2"",""ab8215e5-b753-5a6a-a4e7-ad9caf42eeac"",""1b20061c-b208-551a-b06c-81ffeff623fc"",""9b6d0913-2ae6-5dab-ab36-d05e1c51b208"",""a27c1fb2-edc1-57e6-9d74-adb5a13fed3b"",""4696448b-8c21-591b-80cc-7344ea0b95ec"",""c1d75a33-928c-5636-b99c-def1fb29e0f5"",""61eebfb6-2555-5bce-ba71-7a750427392a"",""aba074a1-d451-595d-bc12-e257adbe7383"",""1ca34094-ee4d-5962-a78a-174d361a9cd3"",""7edb0577-da07-5c6f-8391-bb90e9822165"",""d7c5d484-54dc-5d1e-a3ac-65d60267a12c"",""f416cc8b-3bc2-5c4c-a91c-c56faf748684""]",,ea576a0e-0ebc-4faa-b929-dcac5d9e3c48,True,,[],SQL,M6-evaluator-v1,f8edaecf-8020-4564-bbf4-42b31ddc5d7a,d08816e6-d4d6-5f35-9de3-d86528fa7a96,True,26,,A,Native syntax/boot plus independent intact scaffold control,False,2026-10-07T14:44:54.415858Z,automatic,1,972066a9-40db-412d-b51a-dd1bcb10681b,351f4724-cd79-44e9-8ffd-b30433add7ec,1,explicit per metric; exact fractions and decimal display,,M6-evaluator-v1,observed,binary,1,decimal,A
M7-analysis-v5,0c44d85c-d8d9-572f-b0cb-1e52983adc6c,3,9c27f3d78fc59621cb82e18c166959e261aed1d7fbe46d64799a3887ce2865ff,E-P1R0,M6-T5-da78f8a6-a966-404b-bdf5-a3f78ff88f9c,c754045d-0c96-4210-ad04-836c38bb9cfe,9c27f3d78fc59621cb82e18c166959e261aed1d7fbe46d64799a3887ce2865ff,66a54e98-bbec-4fc4-9034-3f60765e64e5,8c6cccdc-37a3-46ac-82a5-a22d1d69000f,f8edaecf-8020-4564-bbf4-42b31ddc5d7a,2d9849af-4973-4fd8-a822-d8a60e17e5f5,81de6e6f-7d67-40af-b2be-f629e89085ed,completed,46fff238fb6d2caf7973ae538150ab3097c1fa1862c12a1b6c4ff163afb5f6c3,4eb1de1a-3682-4e43-9075-598dbaee7479,K1,2026-10-07T14:44:54.422828Z,T5,dbb63e68d4ed9e904fa985aa5b88d674205b6caab086a8d981ac8918a9c68fb5,empirical,"[""4afc763c-033e-501c-9c9c-453207d31e62"",""1fed9611-d0cc-51e5-86e7-4ba237c836a2"",""0e4d4039-5409-5be7-a300-ded85e9c22d7"",""1c4afc6f-6679-57b7-ab6b-cec3053e85a1"",""76216ff6-0dab-5f43-913f-741c2deb7596"",""fe7c5fea-171a-5d3e-b93c-b9d53dca7c67"",""784c942d-b222-5013-a2e4-de4aa477a143"",""2f2d84f4-6f41-5df7-a828-cc0a3d9cdddf"",""c68f6332-f200-5595-940d-e5bcad78f1fe"",""54c3aba8-cb42-5023-9591-5cdd68bdd7c5"",""b9ac296e-4c6c-5cdc-9e03-14868c124af2"",""022ddff9-4332-5ba5-b884-42537f220a0c"",""0d262496-18e1-5973-84a6-84fbda64d0ff"",""447860c8-1d56-518b-88ad-7e103990b756"",""616ecfda-7163-5a8d-ba60-01f623d8b124"",""656bacfc-b102-5379-8db2-2f9f127621e0"",""88f2e658-6155-5924-bc85-63fe2aabb08a"",""9f032fb3-90ca-5749-aff5-1065077ac10e"",""4d2e4005-a84b-525b-a492-d367c5e405d0"",""12b20e20-e117-5c00-83bc-e589b92b730e"",""e97a5398-37b9-5e89-91a9-9b3ae48d9534"",""7a8f92c5-5f85-593a-bf90-08e13c60a2e6"",""aa66f5e3-ac0e-57d6-9b69-aa54ea7c4fb9"",""d07b7490-853e-562b-b662-305e89e7718d"",""596c0800-372d-5056-8a35-9f8661656bf4"",""d08816e6-d4d6-5f35-9de3-d86528fa7a96"",""2e126757-f17e-5ee2-93db-94d31ed944b2"",""5e1af4e2-330f-563f-b639-2d3cd8d276c8"",""49cd1889-2a56-5913-8723-929335f68874"",""82b898ba-3b6d-567f-8996-4f259b74547e"",""d38eb7d2-e78b-5c2f-93e4-2e34846e80e6"",""33effc64-dcfe-5ced-badf-c4df49f68dc1"",""a3a03b99-34c0-504b-b529-32b798db318a"",""8b3ec7b0-123f-5597-95f7-1fafc5810d01"",""035c5442-19b8-5a84-8a59-b352a9660279"",""d6d45010-72fa-5741-b733-88958a8795d2"",""ab8215e5-b753-5a6a-a4e7-ad9caf42eeac"",""1b20061c-b208-551a-b06c-81ffeff623fc"",""9b6d0913-2ae6-5dab-ab36-d05e1c51b208"",""a27c1fb2-edc1-57e6-9d74-adb5a13fed3b"",""4696448b-8c21-591b-80cc-7344ea0b95ec"",""c1d75a33-928c-5636-b99c-def1fb29e0f5"",""61eebfb6-2555-5bce-ba71-7a750427392a"",""aba074a1-d451-595d-bc12-e257adbe7383"",""1ca34094-ee4d-5962-a78a-174d361a9cd3"",""7edb0577-da07-5c6f-8391-bb90e9822165"",""d7c5d484-54dc-5d1e-a3ac-65d60267a12c"",""f416cc8b-3bc2-5c4c-a91c-c56faf748684""]",,6e205ff5-2a72-44fa-b3cb-7eee9572ab97,True,,[],SQL,M6-evaluator-v1,f8edaecf-8020-4564-bbf4-42b31ddc5d7a,d08816e6-d4d6-5f35-9de3-d86528fa7a96,True,26,,A,Protected scaffold/allowlist and effective access routes against intact control; other semantic doubt stays open,False,2026-10-07T14:44:54.422824Z,automatic,1,972066a9-40db-412d-b51a-dd1bcb10681b,351f4724-cd79-44e9-8ffd-b30433add7ec,1,explicit per metric; exact fractions and decimal display,,M6-evaluator-v1,observed,binary,1,decimal,A
M7-analysis-v5,0c44d85c-d8d9-572f-b0cb-1e52983adc6c,3,30ec3a4367a06009151d9059514c4757403bfd6edf6efc78c899b6a5e7e6e751,E-AB,HUMAN-REVIEW-509670c1-9914-43fa-8801-d9b0df1c7dd8,3ddeafc6-6a7b-4a35-8a58-f0e9805fb99b,30ec3a4367a06009151d9059514c4757403bfd6edf6efc78c899b6a5e7e6e751,c7517415-b940-4383-a5ae-45badd70a9c6,8c6cccdc-37a3-46ac-82a5-a22d1d69000f,f8edaecf-8020-4564-bbf4-42b31ddc5d7a,2d9849af-4973-4fd8-a822-d8a60e17e5f5,81de6e6f-7d67-40af-b2be-f629e89085ed,completed,e1ea2ccf80fbb81f94b29b70bdd06508e2b9419500b1ca0ecfd5317a4540e358,37d46947-813a-4296-a328-81c505b1dba7,K1,2026-10-07T15:11:29.393209Z,T4,dbb63e68d4ed9e904fa985aa5b88d674205b6caab086a8d981ac8918a9c68fb5,empirical,"[""4afc763c-033e-501c-9c9c-453207d31e62"",""1fed9611-d0cc-51e5-86e7-4ba237c836a2"",""0e4d4039-5409-5be7-a300-ded85e9c22d7"",""1c4afc6f-6679-57b7-ab6b-cec3053e85a1"",""76216ff6-0dab-5f43-913f-741c2deb7596"",""fe7c5fea-171a-5d3e-b93c-b9d53dca7c67"",""784c942d-b222-5013-a2e4-de4aa477a143"",""2f2d84f4-6f41-5df7-a828-cc0a3d9cdddf"",""c68f6332-f200-5595-940d-e5bcad78f1fe"",""54c3aba8-cb42-5023-9591-5cdd68bdd7c5"",""b9ac296e-4c6c-5cdc-9e03-14868c124af2"",""022ddff9-4332-5ba5-b884-42537f220a0c"",""0d262496-18e1-5973-84a6-84fbda64d0ff"",""447860c8-1d56-518b-88ad-7e103990b756"",""616ecfda-7163-5a8d-ba60-01f623d8b124"",""656bacfc-b102-5379-8db2-2f9f127621e0"",""88f2e658-6155-5924-bc85-63fe2aabb08a"",""9f032fb3-90ca-5749-aff5-1065077ac10e"",""4d2e4005-a84b-525b-a492-d367c5e405d0"",""12b20e20-e117-5c00-83bc-e589b92b730e"",""e97a5398-37b9-5e89-91a9-9b3ae48d9534"",""7a8f92c5-5f85-593a-bf90-08e13c60a2e6"",""aa66f5e3-ac0e-57d6-9b69-aa54ea7c4fb9"",""d07b7490-853e-562b-b662-305e89e7718d"",""596c0800-372d-5056-8a35-9f8661656bf4"",""d08816e6-d4d6-5f35-9de3-d86528fa7a96"",""2e126757-f17e-5ee2-93db-94d31ed944b2"",""5e1af4e2-330f-563f-b639-2d3cd8d276c8"",""49cd1889-2a56-5913-8723-929335f68874"",""82b898ba-3b6d-567f-8996-4f259b74547e"",""d38eb7d2-e78b-5c2f-93e4-2e34846e80e6"",""33effc64-dcfe-5ced-badf-c4df49f68dc1"",""a3a03b99-34c0-504b-b529-32b798db318a"",""8b3ec7b0-123f-5597-95f7-1fafc5810d01"",""035c5442-19b8-5a84-8a59-b352a9660279"",""d6d45010-72fa-5741-b733-88958a8795d2"",""ab8215e5-b753-5a6a-a4e7-ad9caf42eeac"",""1b20061c-b208-551a-b06c-81ffeff623fc"",""9b6d0913-2ae6-5dab-ab36-d05e1c51b208"",""a27c1fb2-edc1-57e6-9d74-adb5a13fed3b"",""4696448b-8c21-591b-80cc-7344ea0b95ec"",""c1d75a33-928c-5636-b99c-def1fb29e0f5"",""61eebfb6-2555-5bce-ba71-7a750427392a"",""aba074a1-d451-595d-bc12-e257adbe7383"",""1ca34094-ee4d-5962-a78a-174d361a9cd3"",""7edb0577-da07-5c6f-8391-bb90e9822165"",""d7c5d484-54dc-5d1e-a3ac-65d60267a12c"",""f416cc8b-3bc2-5c4c-a91c-c56faf748684""]",app/Http/Controllers/Study/SqlInjectionController.php,f548d8b9-4be0-470b-8239-32dc215305b5,True,28-32,"[""1b35eadd-12a0-4803-b0a7-5e8842ed18b8""]",SQL,Noah Fiedler,f8edaecf-8020-4564-bbf4-42b31ddc5d7a,2e126757-f17e-5ee2-93db-94d31ed944b2,True,27,0012bbab-45d8-4ecd-8cc3-f310f69865f6,A,"Der Codepfad erfüllt den Codeanteil: Er übernimmt die geprüfte id, verwendet Laravel DB::connection('mysql')->table('users'), fragt ausschließlich first_name und last_name ab und gibt genau das Abfrageergebnis an die Blade-View weiter. Es wurden keine eigene mysqli-/PDO-Verbindung, fest codierten Nutzerlisten oder Ersatzdatenquellen im Anwendungsordner gefunden.",True,2026-10-07T15:11:29.393199Z,human,2,972066a9-40db-412d-b51a-dd1bcb10681b,0632a29b-5323-438e-b5d0-c2937d420d5d,1,explicit per metric; exact fractions and decimal display,,Menschliche lokale Selbstauskunft,observed,binary,1,decimal,B
M7-analysis-v5,0c44d85c-d8d9-572f-b0cb-1e52983adc6c,3,30ec3a4367a06009151d9059514c4757403bfd6edf6efc78c899b6a5e7e6e751,E-AB,HUMAN-REVIEW-bebd4fb0-415d-4af8-9b75-7c0de657f979,3ddeafc6-6a7b-4a35-8a58-f0e9805fb99b,30ec3a4367a06009151d9059514c4757403bfd6edf6efc78c899b6a5e7e6e751,c7517415-b940-4383-a5ae-45badd70a9c6,8c6cccdc-37a3-46ac-82a5-a22d1d69000f,f8edaecf-8020-4564-bbf4-42b31ddc5d7a,2d9849af-4973-4fd8-a822-d8a60e17e5f5,81de6e6f-7d67-40af-b2be-f629e89085ed,completed,e1ea2ccf80fbb81f94b29b70bdd06508e2b9419500b1ca0ecfd5317a4540e358,37d46947-813a-4296-a328-81c505b1dba7,K1,2026-10-07T15:10:50.217526Z,T2,dbb63e68d4ed9e904fa985aa5b88d674205b6caab086a8d981ac8918a9c68fb5,empirical,"[""4afc763c-033e-501c-9c9c-453207d31e62"",""1fed9611-d0cc-51e5-86e7-4ba237c836a2"",""0e4d4039-5409-5be7-a300-ded85e9c22d7"",""1c4afc6f-6679-57b7-ab6b-cec3053e85a1"",""76216ff6-0dab-5f43-913f-741c2deb7596"",""fe7c5fea-171a-5d3e-b93c-b9d53dca7c67"",""784c942d-b222-5013-a2e4-de4aa477a143"",""2f2d84f4-6f41-5df7-a828-cc0a3d9cdddf"",""c68f6332-f200-5595-940d-e5bcad78f1fe"",""54c3aba8-cb42-5023-9591-5cdd68bdd7c5"",""b9ac296e-4c6c-5cdc-9e03-14868c124af2"",""022ddff9-4332-5ba5-b884-42537f220a0c"",""0d262496-18e1-5973-84a6-84fbda64d0ff"",""447860c8-1d56-518b-88ad-7e103990b756"",""616ecfda-7163-5a8d-ba60-01f623d8b124"",""656bacfc-b102-5379-8db2-2f9f127621e0"",""88f2e658-6155-5924-bc85-63fe2aabb08a"",""9f032fb3-90ca-5749-aff5-1065077ac10e"",""4d2e4005-a84b-525b-a492-d367c5e405d0"",""12b20e20-e117-5c00-83bc-e589b92b730e"",""e97a5398-37b9-5e89-91a9-9b3ae48d9534"",""7a8f92c5-5f85-593a-bf90-08e13c60a2e6"",""aa66f5e3-ac0e-57d6-9b69-aa54ea7c4fb9"",""d07b7490-853e-562b-b662-305e89e7718d"",""596c0800-372d-5056-8a35-9f8661656bf4"",""d08816e6-d4d6-5f35-9de3-d86528fa7a96"",""2e126757-f17e-5ee2-93db-94d31ed944b2"",""5e1af4e2-330f-563f-b639-2d3cd8d276c8"",""49cd1889-2a56-5913-8723-929335f68874"",""82b898ba-3b6d-567f-8996-4f259b74547e"",""d38eb7d2-e78b-5c2f-93e4-2e34846e80e6"",""33effc64-dcfe-5ced-badf-c4df49f68dc1"",""a3a03b99-34c0-504b-b529-32b798db318a"",""8b3ec7b0-123f-5597-95f7-1fafc5810d01"",""035c5442-19b8-5a84-8a59-b352a9660279"",""d6d45010-72fa-5741-b733-88958a8795d2"",""ab8215e5-b753-5a6a-a4e7-ad9caf42eeac"",""1b20061c-b208-551a-b06c-81ffeff623fc"",""9b6d0913-2ae6-5dab-ab36-d05e1c51b208"",""a27c1fb2-edc1-57e6-9d74-adb5a13fed3b"",""4696448b-8c21-591b-80cc-7344ea0b95ec"",""c1d75a33-928c-5636-b99c-def1fb29e0f5"",""61eebfb6-2555-5bce-ba71-7a750427392a"",""aba074a1-d451-595d-bc12-e257adbe7383"",""1ca34094-ee4d-5962-a78a-174d361a9cd3"",""7edb0577-da07-5c6f-8391-bb90e9822165"",""d7c5d484-54dc-5d1e-a3ac-65d60267a12c"",""f416cc8b-3bc2-5c4c-a91c-c56faf748684""]",app/Http/Controllers/Study/SqlInjectionController.php,9f171f66-11ba-491c-95e1-b0c2afd5aeae,True,12-36,[],SQL,Noah Fiedler,f8edaecf-8020-4564-bbf4-42b31ddc5d7a,2e126757-f17e-5ee2-93db-94d31ed944b2,True,27,09f87ff3-d458-46fc-86c7-f0e261ad0f66,A,"Die GET-Route /study/sqli verweist auf SqlInjectionController::index. Die Methode entscheidet anhand des vorhandenen Parameters Submit zwischen Formulardarstellung und Verarbeitung. Sie validiert id, führt die Datenbankabfrage direkt im Controller aus und rendert anschließend die Seite. Es gibt im tatsächlich genutzten Pfad keinen Aufruf eines Legacy-Skripts oder ausgelagerten Legacy-Helfers.",True,2026-10-07T15:10:50.217520Z,human,2,972066a9-40db-412d-b51a-dd1bcb10681b,0632a29b-5323-438e-b5d0-c2937d420d5d,1,explicit per metric; exact fractions and decimal display,,Menschliche lokale Selbstauskunft,observed,binary,1,decimal,B
M7-analysis-v5,0c44d85c-d8d9-572f-b0cb-1e52983adc6c,3,30ec3a4367a06009151d9059514c4757403bfd6edf6efc78c899b6a5e7e6e751,E-AB,HUMAN-REVIEW-fc1ff860-38b7-421e-b2b9-f8e13d418e5f,61ffc522-1789-4cfa-9550-ddd2b77d8cb5,30ec3a4367a06009151d9059514c4757403bfd6edf6efc78c899b6a5e7e6e751,c7517415-b940-4383-a5ae-45badd70a9c6,8c6cccdc-37a3-46ac-82a5-a22d1d69000f,f8edaecf-8020-4564-bbf4-42b31ddc5d7a,2d9849af-4973-4fd8-a822-d8a60e17e5f5,81de6e6f-7d67-40af-b2be-f629e89085ed,completed,e1ea2ccf80fbb81f94b29b70bdd06508e2b9419500b1ca0ecfd5317a4540e358,37d46947-813a-4296-a328-81c505b1dba7,K1,2026-10-07T15:11:07.675270Z,T3,dbb63e68d4ed9e904fa985aa5b88d674205b6caab086a8d981ac8918a9c68fb5,empirical,"[""4afc763c-033e-501c-9c9c-453207d31e62"",""1fed9611-d0cc-51e5-86e7-4ba237c836a2"",""0e4d4039-5409-5be7-a300-ded85e9c22d7"",""1c4afc6f-6679-57b7-ab6b-cec3053e85a1"",""76216ff6-0dab-5f43-913f-741c2deb7596"",""fe7c5fea-171a-5d3e-b93c-b9d53dca7c67"",""784c942d-b222-5013-a2e4-de4aa477a143"",""2f2d84f4-6f41-5df7-a828-cc0a3d9cdddf"",""c68f6332-f200-5595-940d-e5bcad78f1fe"",""54c3aba8-cb42-5023-9591-5cdd68bdd7c5"",""b9ac296e-4c6c-5cdc-9e03-14868c124af2"",""022ddff9-4332-5ba5-b884-42537f220a0c"",""0d262496-18e1-5973-84a6-84fbda64d0ff"",""447860c8-1d56-518b-88ad-7e103990b756"",""616ecfda-7163-5a8d-ba60-01f623d8b124"",""656bacfc-b102-5379-8db2-2f9f127621e0"",""88f2e658-6155-5924-bc85-63fe2aabb08a"",""9f032fb3-90ca-5749-aff5-1065077ac10e"",""4d2e4005-a84b-525b-a492-d367c5e405d0"",""12b20e20-e117-5c00-83bc-e589b92b730e"",""e97a5398-37b9-5e89-91a9-9b3ae48d9534"",""7a8f92c5-5f85-593a-bf90-08e13c60a2e6"",""aa66f5e3-ac0e-57d6-9b69-aa54ea7c4fb9"",""d07b7490-853e-562b-b662-305e89e7718d"",""596c0800-372d-5056-8a35-9f8661656bf4"",""d08816e6-d4d6-5f35-9de3-d86528fa7a96"",""2e126757-f17e-5ee2-93db-94d31ed944b2"",""5e1af4e2-330f-563f-b639-2d3cd8d276c8"",""49cd1889-2a56-5913-8723-929335f68874"",""82b898ba-3b6d-567f-8996-4f259b74547e"",""d38eb7d2-e78b-5c2f-93e4-2e34846e80e6"",""33effc64-dcfe-5ced-badf-c4df49f68dc1"",""a3a03b99-34c0-504b-b529-32b798db318a"",""8b3ec7b0-123f-5597-95f7-1fafc5810d01"",""035c5442-19b8-5a84-8a59-b352a9660279"",""d6d45010-72fa-5741-b733-88958a8795d2"",""ab8215e5-b753-5a6a-a4e7-ad9caf42eeac"",""1b20061c-b208-551a-b06c-81ffeff623fc"",""9b6d0913-2ae6-5dab-ab36-d05e1c51b208"",""a27c1fb2-edc1-57e6-9d74-adb5a13fed3b"",""4696448b-8c21-591b-80cc-7344ea0b95ec"",""c1d75a33-928c-5636-b99c-def1fb29e0f5"",""61eebfb6-2555-5bce-ba71-7a750427392a"",""aba074a1-d451-595d-bc12-e257adbe7383"",""1ca34094-ee4d-5962-a78a-174d361a9cd3"",""7edb0577-da07-5c6f-8391-bb90e9822165"",""d7c5d484-54dc-5d1e-a3ac-65d60267a12c"",""f416cc8b-3bc2-5c4c-a91c-c56faf748684""]",resources/views/study/sqli.blade.php,b1174fb4-643f-4254-8411-4b97bb55c66f,True,10-18,[],SQL,Noah Fiedler,f8edaecf-8020-4564-bbf4-42b31ddc5d7a,2e126757-f17e-5ee2-93db-94d31ed944b2,True,27,f5986675-33dd-4592-9d78-74f3faf29b83,A,"Sämtliche Antwortzweige werden über page() mit response()->view('study.sqli', …) als Blade-View ausgegeben. Die View enthält das GET-Formular mit id und Submit. Sie zeigt bei Erfolg die vom Controller übergebbaren Felder first_name und last_name; Statusausgaben decken auch negative bzw. fehlerhafte Eingaben ab.",True,2026-10-07T15:11:07.675262Z,human,2,972066a9-40db-412d-b51a-dd1bcb10681b,0632a29b-5323-438e-b5d0-c2937d420d5d,1,explicit per metric; exact fractions and decimal display,,Menschliche lokale Selbstauskunft,observed,binary,1,decimal,B
M7-analysis-v5,0c44d85c-d8d9-572f-b0cb-1e52983adc6c,3,30ec3a4367a06009151d9059514c4757403bfd6edf6efc78c899b6a5e7e6e751,E-AB,M6-T1-20ae1f22-e811-4e35-b723-bad02a4bf261,8e84265e-07af-475b-a1d4-10db25299d41,30ec3a4367a06009151d9059514c4757403bfd6edf6efc78c899b6a5e7e6e751,c7517415-b940-4383-a5ae-45badd70a9c6,8c6cccdc-37a3-46ac-82a5-a22d1d69000f,f8edaecf-8020-4564-bbf4-42b31ddc5d7a,2d9849af-4973-4fd8-a822-d8a60e17e5f5,81de6e6f-7d67-40af-b2be-f629e89085ed,completed,e1ea2ccf80fbb81f94b29b70bdd06508e2b9419500b1ca0ecfd5317a4540e358,37d46947-813a-4296-a328-81c505b1dba7,K1,2026-10-07T15:07:07.040074Z,T1,dbb63e68d4ed9e904fa985aa5b88d674205b6caab086a8d981ac8918a9c68fb5,empirical,"[""4afc763c-033e-501c-9c9c-453207d31e62"",""1fed9611-d0cc-51e5-86e7-4ba237c836a2"",""0e4d4039-5409-5be7-a300-ded85e9c22d7"",""1c4afc6f-6679-57b7-ab6b-cec3053e85a1"",""76216ff6-0dab-5f43-913f-741c2deb7596"",""fe7c5fea-171a-5d3e-b93c-b9d53dca7c67"",""784c942d-b222-5013-a2e4-de4aa477a143"",""2f2d84f4-6f41-5df7-a828-cc0a3d9cdddf"",""c68f6332-f200-5595-940d-e5bcad78f1fe"",""54c3aba8-cb42-5023-9591-5cdd68bdd7c5"",""b9ac296e-4c6c-5cdc-9e03-14868c124af2"",""022ddff9-4332-5ba5-b884-42537f220a0c"",""0d262496-18e1-5973-84a6-84fbda64d0ff"",""447860c8-1d56-518b-88ad-7e103990b756"",""616ecfda-7163-5a8d-ba60-01f623d8b124"",""656bacfc-b102-5379-8db2-2f9f127621e0"",""88f2e658-6155-5924-bc85-63fe2aabb08a"",""9f032fb3-90ca-5749-aff5-1065077ac10e"",""4d2e4005-a84b-525b-a492-d367c5e405d0"",""12b20e20-e117-5c00-83bc-e589b92b730e"",""e97a5398-37b9-5e89-91a9-9b3ae48d9534"",""7a8f92c5-5f85-593a-bf90-08e13c60a2e6"",""aa66f5e3-ac0e-57d6-9b69-aa54ea7c4fb9"",""d07b7490-853e-562b-b662-305e89e7718d"",""596c0800-372d-5056-8a35-9f8661656bf4"",""d08816e6-d4d6-5f35-9de3-d86528fa7a96"",""2e126757-f17e-5ee2-93db-94d31ed944b2"",""5e1af4e2-330f-563f-b639-2d3cd8d276c8"",""49cd1889-2a56-5913-8723-929335f68874"",""82b898ba-3b6d-567f-8996-4f259b74547e"",""d38eb7d2-e78b-5c2f-93e4-2e34846e80e6"",""33effc64-dcfe-5ced-badf-c4df49f68dc1"",""a3a03b99-34c0-504b-b529-32b798db318a"",""8b3ec7b0-123f-5597-95f7-1fafc5810d01"",""035c5442-19b8-5a84-8a59-b352a9660279"",""d6d45010-72fa-5741-b733-88958a8795d2"",""ab8215e5-b753-5a6a-a4e7-ad9caf42eeac"",""1b20061c-b208-551a-b06c-81ffeff623fc"",""9b6d0913-2ae6-5dab-ab36-d05e1c51b208"",""a27c1fb2-edc1-57e6-9d74-adb5a13fed3b"",""4696448b-8c21-591b-80cc-7344ea0b95ec"",""c1d75a33-928c-5636-b99c-def1fb29e0f5"",""61eebfb6-2555-5bce-ba71-7a750427392a"",""aba074a1-d451-595d-bc12-e257adbe7383"",""1ca34094-ee4d-5962-a78a-174d361a9cd3"",""7edb0577-da07-5c6f-8391-bb90e9822165"",""d7c5d484-54dc-5d1e-a3ac-65d60267a12c"",""f416cc8b-3bc2-5c4c-a91c-c56faf748684""]",,255c05d1-7b5b-4f6e-9d75-d31a8c176aeb,True,,[],SQL,M6-evaluator-v1,f8edaecf-8020-4564-bbf4-42b31ddc5d7a,2e126757-f17e-5ee2-93db-94d31ed944b2,True,27,,A,Native syntax/boot plus independent intact scaffold control,True,2026-10-07T15:07:07.040053Z,automatic,1,972066a9-40db-412d-b51a-dd1bcb10681b,0632a29b-5323-438e-b5d0-c2937d420d5d,1,explicit per metric; exact fractions and decimal display,,M6-evaluator-v1,observed,binary,1,decimal,B
M7-analysis-v5,0c44d85c-d8d9-572f-b0cb-1e52983adc6c,3,30ec3a4367a06009151d9059514c4757403bfd6edf6efc78c899b6a5e7e6e751,E-AB,M6-T5-27b677b8-28c5-44da-a155-875e27d35e5a,f9e21fe3-a53e-41b7-bde3-9309029cd660,30ec3a4367a06009151d9059514c4757403bfd6edf6efc78c899b6a5e7e6e751,c7517415-b940-4383-a5ae-45badd70a9c6,8c6cccdc-37a3-46ac-82a5-a22d1d69000f,f8edaecf-8020-4564-bbf4-42b31ddc5d7a,2d9849af-4973-4fd8-a822-d8a60e17e5f5,81de6e6f-7d67-40af-b2be-f629e89085ed,completed,e1ea2ccf80fbb81f94b29b70bdd06508e2b9419500b1ca0ecfd5317a4540e358,37d46947-813a-4296-a328-81c505b1dba7,K1,2026-10-07T15:07:07.053181Z,T5,dbb63e68d4ed9e904fa985aa5b88d674205b6caab086a8d981ac8918a9c68fb5,empirical,"[""4afc763c-033e-501c-9c9c-453207d31e62"",""1fed9611-d0cc-51e5-86e7-4ba237c836a2"",""0e4d4039-5409-5be7-a300-ded85e9c22d7"",""1c4afc6f-6679-57b7-ab6b-cec3053e85a1"",""76216ff6-0dab-5f43-913f-741c2deb7596"",""fe7c5fea-171a-5d3e-b93c-b9d53dca7c67"",""784c942d-b222-5013-a2e4-de4aa477a143"",""2f2d84f4-6f41-5df7-a828-cc0a3d9cdddf"",""c68f6332-f200-5595-940d-e5bcad78f1fe"",""54c3aba8-cb42-5023-9591-5cdd68bdd7c5"",""b9ac296e-4c6c-5cdc-9e03-14868c124af2"",""022ddff9-4332-5ba5-b884-42537f220a0c"",""0d262496-18e1-5973-84a6-84fbda64d0ff"",""447860c8-1d56-518b-88ad-7e103990b756"",""616ecfda-7163-5a8d-ba60-01f623d8b124"",""656bacfc-b102-5379-8db2-2f9f127621e0"",""88f2e658-6155-5924-bc85-63fe2aabb08a"",""9f032fb3-90ca-5749-aff5-1065077ac10e"",""4d2e4005-a84b-525b-a492-d367c5e405d0"",""12b20e20-e117-5c00-83bc-e589b92b730e"",""e97a5398-37b9-5e89-91a9-9b3ae48d9534"",""7a8f92c5-5f85-593a-bf90-08e13c60a2e6"",""aa66f5e3-ac0e-57d6-9b69-aa54ea7c4fb9"",""d07b7490-853e-562b-b662-305e89e7718d"",""596c0800-372d-5056-8a35-9f8661656bf4"",""d08816e6-d4d6-5f35-9de3-d86528fa7a96"",""2e126757-f17e-5ee2-93db-94d31ed944b2"",""5e1af4e2-330f-563f-b639-2d3cd8d276c8"",""49cd1889-2a56-5913-8723-929335f68874"",""82b898ba-3b6d-567f-8996-4f259b74547e"",""d38eb7d2-e78b-5c2f-93e4-2e34846e80e6"",""33effc64-dcfe-5ced-badf-c4df49f68dc1"",""a3a03b99-34c0-504b-b529-32b798db318a"",""8b3ec7b0-123f-5597-95f7-1fafc5810d01"",""035c5442-19b8-5a84-8a59-b352a9660279"",""d6d45010-72fa-5741-b733-88958a8795d2"",""ab8215e5-b753-5a6a-a4e7-ad9caf42eeac"",""1b20061c-b208-551a-b06c-81ffeff623fc"",""9b6d0913-2ae6-5dab-ab36-d05e1c51b208"",""a27c1fb2-edc1-57e6-9d74-adb5a13fed3b"",""4696448b-8c21-591b-80cc-7344ea0b95ec"",""c1d75a33-928c-5636-b99c-def1fb29e0f5"",""61eebfb6-2555-5bce-ba71-7a750427392a"",""aba074a1-d451-595d-bc12-e257adbe7383"",""1ca34094-ee4d-5962-a78a-174d361a9cd3"",""7edb0577-da07-5c6f-8391-bb90e9822165"",""d7c5d484-54dc-5d1e-a3ac-65d60267a12c"",""f416cc8b-3bc2-5c4c-a91c-c56faf748684""]",,aaa3aea4-9152-436d-93ee-13b5ea8900be,True,,[],SQL,M6-evaluator-v1,f8edaecf-8020-4564-bbf4-42b31ddc5d7a,2e126757-f17e-5ee2-93db-94d31ed944b2,True,27,,A,Protected scaffold/allowlist and effective access routes against intact control; other semantic doubt stays open,True,2026-10-07T15:07:07.053173Z,automatic,1,972066a9-40db-412d-b51a-dd1bcb10681b,0632a29b-5323-438e-b5d0-c2937d420d5d,1,explicit per metric; exact fractions and decimal display,,M6-evaluator-v1,observed,binary,1,decimal,B
M7-analysis-v5,0c44d85c-d8d9-572f-b0cb-1e52983adc6c,3,12be8f9c519e2ba6a01e3c8eeac872eaf9912c54286cc3624b027d50b2de078a,C-SQL-0,HUMAN-REVIEW-88d5362b-3a1b-46b6-bd4d-6232f908e091,35f6aacb-96be-44a0-bc1c-b10f8fbdf196,12be8f9c519e2ba6a01e3c8eeac872eaf9912c54286cc3624b027d50b2de078a,c43908eb-5b53-43a6-a346-1431d2272808,8c6cccdc-37a3-46ac-82a5-a22d1d69000f,f8edaecf-8020-4564-bbf4-42b31ddc5d7a,2d9849af-4973-4fd8-a822-d8a60e17e5f5,81de6e6f-7d67-40af-b2be-f629e89085ed,completed,0294f6c032f413f4245e83b15db52ab8f50ccfa6163f315fda209ab5b27f96be,a132b12b-e7a2-4837-8603-2cfe9fd0228c,K0,2026-10-07T15:28:20.550385Z,T4,dbb63e68d4ed9e904fa985aa5b88d674205b6caab086a8d981ac8918a9c68fb5,empirical,"[""4afc763c-033e-501c-9c9c-453207d31e62"",""1fed9611-d0cc-51e5-86e7-4ba237c836a2"",""0e4d4039-5409-5be7-a300-ded85e9c22d7"",""1c4afc6f-6679-57b7-ab6b-cec3053e85a1"",""76216ff6-0dab-5f43-913f-741c2deb7596"",""fe7c5fea-171a-5d3e-b93c-b9d53dca7c67"",""784c942d-b222-5013-a2e4-de4aa477a143"",""2f2d84f4-6f41-5df7-a828-cc0a3d9cdddf"",""c68f6332-f200-5595-940d-e5bcad78f1fe"",""54c3aba8-cb42-5023-9591-5cdd68bdd7c5"",""b9ac296e-4c6c-5cdc-9e03-14868c124af2"",""022ddff9-4332-5ba5-b884-42537f220a0c"",""0d262496-18e1-5973-84a6-84fbda64d0ff"",""447860c8-1d56-518b-88ad-7e103990b756"",""616ecfda-7163-5a8d-ba60-01f623d8b124"",""656bacfc-b102-5379-8db2-2f9f127621e0"",""88f2e658-6155-5924-bc85-63fe2aabb08a"",""9f032fb3-90ca-5749-aff5-1065077ac10e"",""4d2e4005-a84b-525b-a492-d367c5e405d0"",""12b20e20-e117-5c00-83bc-e589b92b730e"",""e97a5398-37b9-5e89-91a9-9b3ae48d9534"",""7a8f92c5-5f85-593a-bf90-08e13c60a2e6"",""aa66f5e3-ac0e-57d6-9b69-aa54ea7c4fb9"",""d07b7490-853e-562b-b662-305e89e7718d"",""596c0800-372d-5056-8a35-9f8661656bf4"",""d08816e6-d4d6-5f35-9de3-d86528fa7a96"",""2e126757-f17e-5ee2-93db-94d31ed944b2"",""5e1af4e2-330f-563f-b639-2d3cd8d276c8"",""49cd1889-2a56-5913-8723-929335f68874"",""82b898ba-3b6d-567f-8996-4f259b74547e"",""d38eb7d2-e78b-5c2f-93e4-2e34846e80e6"",""33effc64-dcfe-5ced-badf-c4df49f68dc1"",""a3a03b99-34c0-504b-b529-32b798db318a"",""8b3ec7b0-123f-5597-95f7-1fafc5810d01"",""035c5442-19b8-5a84-8a59-b352a9660279"",""d6d45010-72fa-5741-b733-88958a8795d2"",""ab8215e5-b753-5a6a-a4e7-ad9caf42eeac"",""1b20061c-b208-551a-b06c-81ffeff623fc"",""9b6d0913-2ae6-5dab-ab36-d05e1c51b208"",""a27c1fb2-edc1-57e6-9d74-adb5a13fed3b"",""4696448b-8c21-591b-80cc-7344ea0b95ec"",""c1d75a33-928c-5636-b99c-def1fb29e0f5"",""61eebfb6-2555-5bce-ba71-7a750427392a"",""aba074a1-d451-595d-bc12-e257adbe7383"",""1ca34094-ee4d-5962-a78a-174d361a9cd3"",""7edb0577-da07-5c6f-8391-bb90e9822165"",""d7c5d484-54dc-5d1e-a3ac-65d60267a12c"",""f416cc8b-3bc2-5c4c-a91c-c56faf748684""]",app/Http/Controllers/Study/SqliController.php,c1ce2d43-12e8-424a-af1c-18ec356c856f,True,42-45,"[""9347e920-f165-4e47-8419-1cffe96ba6c7""]",SQL,Noah Fiedler,f8edaecf-8020-4564-bbf4-42b31ddc5d7a,5e1af4e2-330f-563f-b639-2d3cd8d276c8,True,28,75491f40-7abb-471a-bef8-884ed3a024b1,A,"Der Code verwendet erkennbar Laravels Query Builder über DB::connection('mysql')->table('users')->where(...)->first(...); die ausgegebenen Namen stammen aus dem Abfrageergebnis (Z. 55–58). Die MySQL-Verbindung ist auch konfiguriert (database.php, Z. 47–67), und das bereitgestellte Schema enthält users, first_name und last_name (users.sql, Z. 3–17).",True,2026-10-07T15:28:20.550379Z,human,2,972066a9-40db-412d-b51a-dd1bcb10681b,83921993-d57b-4192-9eac-70f2b859971e,1,explicit per metric; exact fractions and decimal display,,Menschliche lokale Selbstauskunft,observed,binary,1,decimal,A
M7-analysis-v5,0c44d85c-d8d9-572f-b0cb-1e52983adc6c,3,12be8f9c519e2ba6a01e3c8eeac872eaf9912c54286cc3624b027d50b2de078a,C-SQL-0,HUMAN-REVIEW-a05ce24d-b221-42a0-a055-603c6eb0f9b3,35f6aacb-96be-44a0-bc1c-b10f8fbdf196,12be8f9c519e2ba6a01e3c8eeac872eaf9912c54286cc3624b027d50b2de078a,c43908eb-5b53-43a6-a346-1431d2272808,8c6cccdc-37a3-46ac-82a5-a22d1d69000f,f8edaecf-8020-4564-bbf4-42b31ddc5d7a,2d9849af-4973-4fd8-a822-d8a60e17e5f5,81de6e6f-7d67-40af-b2be-f629e89085ed,completed,0294f6c032f413f4245e83b15db52ab8f50ccfa6163f315fda209ab5b27f96be,a132b12b-e7a2-4837-8603-2cfe9fd0228c,K0,2026-10-07T15:27:50.500406Z,T2,dbb63e68d4ed9e904fa985aa5b88d674205b6caab086a8d981ac8918a9c68fb5,empirical,"[""4afc763c-033e-501c-9c9c-453207d31e62"",""1fed9611-d0cc-51e5-86e7-4ba237c836a2"",""0e4d4039-5409-5be7-a300-ded85e9c22d7"",""1c4afc6f-6679-57b7-ab6b-cec3053e85a1"",""76216ff6-0dab-5f43-913f-741c2deb7596"",""fe7c5fea-171a-5d3e-b93c-b9d53dca7c67"",""784c942d-b222-5013-a2e4-de4aa477a143"",""2f2d84f4-6f41-5df7-a828-cc0a3d9cdddf"",""c68f6332-f200-5595-940d-e5bcad78f1fe"",""54c3aba8-cb42-5023-9591-5cdd68bdd7c5"",""b9ac296e-4c6c-5cdc-9e03-14868c124af2"",""022ddff9-4332-5ba5-b884-42537f220a0c"",""0d262496-18e1-5973-84a6-84fbda64d0ff"",""447860c8-1d56-518b-88ad-7e103990b756"",""616ecfda-7163-5a8d-ba60-01f623d8b124"",""656bacfc-b102-5379-8db2-2f9f127621e0"",""88f2e658-6155-5924-bc85-63fe2aabb08a"",""9f032fb3-90ca-5749-aff5-1065077ac10e"",""4d2e4005-a84b-525b-a492-d367c5e405d0"",""12b20e20-e117-5c00-83bc-e589b92b730e"",""e97a5398-37b9-5e89-91a9-9b3ae48d9534"",""7a8f92c5-5f85-593a-bf90-08e13c60a2e6"",""aa66f5e3-ac0e-57d6-9b69-aa54ea7c4fb9"",""d07b7490-853e-562b-b662-305e89e7718d"",""596c0800-372d-5056-8a35-9f8661656bf4"",""d08816e6-d4d6-5f35-9de3-d86528fa7a96"",""2e126757-f17e-5ee2-93db-94d31ed944b2"",""5e1af4e2-330f-563f-b639-2d3cd8d276c8"",""49cd1889-2a56-5913-8723-929335f68874"",""82b898ba-3b6d-567f-8996-4f259b74547e"",""d38eb7d2-e78b-5c2f-93e4-2e34846e80e6"",""33effc64-dcfe-5ced-badf-c4df49f68dc1"",""a3a03b99-34c0-504b-b529-32b798db318a"",""8b3ec7b0-123f-5597-95f7-1fafc5810d01"",""035c5442-19b8-5a84-8a59-b352a9660279"",""d6d45010-72fa-5741-b733-88958a8795d2"",""ab8215e5-b753-5a6a-a4e7-ad9caf42eeac"",""1b20061c-b208-551a-b06c-81ffeff623fc"",""9b6d0913-2ae6-5dab-ab36-d05e1c51b208"",""a27c1fb2-edc1-57e6-9d74-adb5a13fed3b"",""4696448b-8c21-591b-80cc-7344ea0b95ec"",""c1d75a33-928c-5636-b99c-def1fb29e0f5"",""61eebfb6-2555-5bce-ba71-7a750427392a"",""aba074a1-d451-595d-bc12-e257adbe7383"",""1ca34094-ee4d-5962-a78a-174d361a9cd3"",""7edb0577-da07-5c6f-8391-bb90e9822165"",""d7c5d484-54dc-5d1e-a3ac-65d60267a12c"",""f416cc8b-3bc2-5c4c-a91c-c56faf748684""]",app/Http/Controllers/Study/SqliController.php,34c02e43-490b-49bc-958b-f9cc9c9e8037,True,11-59,[],SQL,Noah Fiedler,f8edaecf-8020-4564-bbf4-42b31ddc5d7a,5e1af4e2-330f-563f-b639-2d3cd8d276c8,True,28,f73f699f-7c0c-4020-b620-39d5f79ee5b9,A,"Die Route /study/sqli ist dem SqliController::index zugeordnet (study.php, Z. 6). Die Controller-Methode verarbeitet Anzeige, fehlende/ungültige Eingaben, die Datenabfrage und das Ergebnis selbst; es gibt keine Legacy-Skript-Einbindung im Pfad.",True,2026-10-07T15:27:50.500398Z,human,2,972066a9-40db-412d-b51a-dd1bcb10681b,83921993-d57b-4192-9eac-70f2b859971e,1,explicit per metric; exact fractions and decimal display,,Menschliche lokale Selbstauskunft,observed,binary,1,decimal,A
M7-analysis-v5,0c44d85c-d8d9-572f-b0cb-1e52983adc6c,3,12be8f9c519e2ba6a01e3c8eeac872eaf9912c54286cc3624b027d50b2de078a,C-SQL-0,HUMAN-REVIEW-c707bffd-6fa5-432b-94ae-f0f69ec8e2ac,1feead5c-e569-41fa-9057-c0df1338e584,12be8f9c519e2ba6a01e3c8eeac872eaf9912c54286cc3624b027d50b2de078a,c43908eb-5b53-43a6-a346-1431d2272808,8c6cccdc-37a3-46ac-82a5-a22d1d69000f,f8edaecf-8020-4564-bbf4-42b31ddc5d7a,2d9849af-4973-4fd8-a822-d8a60e17e5f5,81de6e6f-7d67-40af-b2be-f629e89085ed,completed,0294f6c032f413f4245e83b15db52ab8f50ccfa6163f315fda209ab5b27f96be,a132b12b-e7a2-4837-8603-2cfe9fd0228c,K0,2026-10-07T15:28:04.103263Z,T3,dbb63e68d4ed9e904fa985aa5b88d674205b6caab086a8d981ac8918a9c68fb5,empirical,"[""4afc763c-033e-501c-9c9c-453207d31e62"",""1fed9611-d0cc-51e5-86e7-4ba237c836a2"",""0e4d4039-5409-5be7-a300-ded85e9c22d7"",""1c4afc6f-6679-57b7-ab6b-cec3053e85a1"",""76216ff6-0dab-5f43-913f-741c2deb7596"",""fe7c5fea-171a-5d3e-b93c-b9d53dca7c67"",""784c942d-b222-5013-a2e4-de4aa477a143"",""2f2d84f4-6f41-5df7-a828-cc0a3d9cdddf"",""c68f6332-f200-5595-940d-e5bcad78f1fe"",""54c3aba8-cb42-5023-9591-5cdd68bdd7c5"",""b9ac296e-4c6c-5cdc-9e03-14868c124af2"",""022ddff9-4332-5ba5-b884-42537f220a0c"",""0d262496-18e1-5973-84a6-84fbda64d0ff"",""447860c8-1d56-518b-88ad-7e103990b756"",""616ecfda-7163-5a8d-ba60-01f623d8b124"",""656bacfc-b102-5379-8db2-2f9f127621e0"",""88f2e658-6155-5924-bc85-63fe2aabb08a"",""9f032fb3-90ca-5749-aff5-1065077ac10e"",""4d2e4005-a84b-525b-a492-d367c5e405d0"",""12b20e20-e117-5c00-83bc-e589b92b730e"",""e97a5398-37b9-5e89-91a9-9b3ae48d9534"",""7a8f92c5-5f85-593a-bf90-08e13c60a2e6"",""aa66f5e3-ac0e-57d6-9b69-aa54ea7c4fb9"",""d07b7490-853e-562b-b662-305e89e7718d"",""596c0800-372d-5056-8a35-9f8661656bf4"",""d08816e6-d4d6-5f35-9de3-d86528fa7a96"",""2e126757-f17e-5ee2-93db-94d31ed944b2"",""5e1af4e2-330f-563f-b639-2d3cd8d276c8"",""49cd1889-2a56-5913-8723-929335f68874"",""82b898ba-3b6d-567f-8996-4f259b74547e"",""d38eb7d2-e78b-5c2f-93e4-2e34846e80e6"",""33effc64-dcfe-5ced-badf-c4df49f68dc1"",""a3a03b99-34c0-504b-b529-32b798db318a"",""8b3ec7b0-123f-5597-95f7-1fafc5810d01"",""035c5442-19b8-5a84-8a59-b352a9660279"",""d6d45010-72fa-5741-b733-88958a8795d2"",""ab8215e5-b753-5a6a-a4e7-ad9caf42eeac"",""1b20061c-b208-551a-b06c-81ffeff623fc"",""9b6d0913-2ae6-5dab-ab36-d05e1c51b208"",""a27c1fb2-edc1-57e6-9d74-adb5a13fed3b"",""4696448b-8c21-591b-80cc-7344ea0b95ec"",""c1d75a33-928c-5636-b99c-def1fb29e0f5"",""61eebfb6-2555-5bce-ba71-7a750427392a"",""aba074a1-d451-595d-bc12-e257adbe7383"",""1ca34094-ee4d-5962-a78a-174d361a9cd3"",""7edb0577-da07-5c6f-8391-bb90e9822165"",""d7c5d484-54dc-5d1e-a3ac-65d60267a12c"",""f416cc8b-3bc2-5c4c-a91c-c56faf748684""]",resources/views/study/sqli.blade.php,a409060a-77ee-45ee-8462-f4c5ed310619,True,10-20,[],SQL,Noah Fiedler,f8edaecf-8020-4564-bbf4-42b31ddc5d7a,5e1af4e2-330f-563f-b639-2d3cd8d276c8,True,28,db4a34b2-b574-4452-94dc-e0774fdf8902,A,"Die Blade-View enthält das GET-Formular mit id und Submit (Z. 10–14), gibt den Status aus (Z. 16–17) und rendert Vor- und Nachname bei Erfolg über Blade-Variablen (Z. 17–19). Der Controller verwendet für alle Antwortzweige response()->view('study.sqli', ...) (SqliController.php, Z. 16–21, 26–31, 34–39, 47–59).",True,2026-10-07T15:28:04.103255Z,human,2,972066a9-40db-412d-b51a-dd1bcb10681b,83921993-d57b-4192-9eac-70f2b859971e,1,explicit per metric; exact fractions and decimal display,,Menschliche lokale Selbstauskunft,observed,binary,1,decimal,A
M7-analysis-v5,0c44d85c-d8d9-572f-b0cb-1e52983adc6c,3,12be8f9c519e2ba6a01e3c8eeac872eaf9912c54286cc3624b027d50b2de078a,C-SQL-0,M6-T1-e8322aef-efe2-4aef-a9e6-d9178a1630bc,9f615c39-da51-4690-a2b7-705a5169c26a,12be8f9c519e2ba6a01e3c8eeac872eaf9912c54286cc3624b027d50b2de078a,c43908eb-5b53-43a6-a346-1431d2272808,8c6cccdc-37a3-46ac-82a5-a22d1d69000f,f8edaecf-8020-4564-bbf4-42b31ddc5d7a,2d9849af-4973-4fd8-a822-d8a60e17e5f5,81de6e6f-7d67-40af-b2be-f629e89085ed,completed,0294f6c032f413f4245e83b15db52ab8f50ccfa6163f315fda209ab5b27f96be,a132b12b-e7a2-4837-8603-2cfe9fd0228c,K0,2026-10-07T15:24:46.365880Z,T1,dbb63e68d4ed9e904fa985aa5b88d674205b6caab086a8d981ac8918a9c68fb5,empirical,"[""4afc763c-033e-501c-9c9c-453207d31e62"",""1fed9611-d0cc-51e5-86e7-4ba237c836a2"",""0e4d4039-5409-5be7-a300-ded85e9c22d7"",""1c4afc6f-6679-57b7-ab6b-cec3053e85a1"",""76216ff6-0dab-5f43-913f-741c2deb7596"",""fe7c5fea-171a-5d3e-b93c-b9d53dca7c67"",""784c942d-b222-5013-a2e4-de4aa477a143"",""2f2d84f4-6f41-5df7-a828-cc0a3d9cdddf"",""c68f6332-f200-5595-940d-e5bcad78f1fe"",""54c3aba8-cb42-5023-9591-5cdd68bdd7c5"",""b9ac296e-4c6c-5cdc-9e03-14868c124af2"",""022ddff9-4332-5ba5-b884-42537f220a0c"",""0d262496-18e1-5973-84a6-84fbda64d0ff"",""447860c8-1d56-518b-88ad-7e103990b756"",""616ecfda-7163-5a8d-ba60-01f623d8b124"",""656bacfc-b102-5379-8db2-2f9f127621e0"",""88f2e658-6155-5924-bc85-63fe2aabb08a"",""9f032fb3-90ca-5749-aff5-1065077ac10e"",""4d2e4005-a84b-525b-a492-d367c5e405d0"",""12b20e20-e117-5c00-83bc-e589b92b730e"",""e97a5398-37b9-5e89-91a9-9b3ae48d9534"",""7a8f92c5-5f85-593a-bf90-08e13c60a2e6"",""aa66f5e3-ac0e-57d6-9b69-aa54ea7c4fb9"",""d07b7490-853e-562b-b662-305e89e7718d"",""596c0800-372d-5056-8a35-9f8661656bf4"",""d08816e6-d4d6-5f35-9de3-d86528fa7a96"",""2e126757-f17e-5ee2-93db-94d31ed944b2"",""5e1af4e2-330f-563f-b639-2d3cd8d276c8"",""49cd1889-2a56-5913-8723-929335f68874"",""82b898ba-3b6d-567f-8996-4f259b74547e"",""d38eb7d2-e78b-5c2f-93e4-2e34846e80e6"",""33effc64-dcfe-5ced-badf-c4df49f68dc1"",""a3a03b99-34c0-504b-b529-32b798db318a"",""8b3ec7b0-123f-5597-95f7-1fafc5810d01"",""035c5442-19b8-5a84-8a59-b352a9660279"",""d6d45010-72fa-5741-b733-88958a8795d2"",""ab8215e5-b753-5a6a-a4e7-ad9caf42eeac"",""1b20061c-b208-551a-b06c-81ffeff623fc"",""9b6d0913-2ae6-5dab-ab36-d05e1c51b208"",""a27c1fb2-edc1-57e6-9d74-adb5a13fed3b"",""4696448b-8c21-591b-80cc-7344ea0b95ec"",""c1d75a33-928c-5636-b99c-def1fb29e0f5"",""61eebfb6-2555-5bce-ba71-7a750427392a"",""aba074a1-d451-595d-bc12-e257adbe7383"",""1ca34094-ee4d-5962-a78a-174d361a9cd3"",""7edb0577-da07-5c6f-8391-bb90e9822165"",""d7c5d484-54dc-5d1e-a3ac-65d60267a12c"",""f416cc8b-3bc2-5c4c-a91c-c56faf748684""]",,61ffd2aa-6f68-4b47-b69a-f3a587030261,True,,[],SQL,M6-evaluator-v1,f8edaecf-8020-4564-bbf4-42b31ddc5d7a,5e1af4e2-330f-563f-b639-2d3cd8d276c8,True,28,,A,Native syntax/boot plus independent intact scaffold control,True,2026-10-07T15:24:46.365869Z,automatic,1,972066a9-40db-412d-b51a-dd1bcb10681b,83921993-d57b-4192-9eac-70f2b859971e,1,explicit per metric; exact fractions and decimal display,,M6-evaluator-v1,observed,binary,1,decimal,A
M7-analysis-v5,0c44d85c-d8d9-572f-b0cb-1e52983adc6c,3,12be8f9c519e2ba6a01e3c8eeac872eaf9912c54286cc3624b027d50b2de078a,C-SQL-0,M6-T5-70f4c7d1-874d-430f-b03a-a7343e649727,4320d3bd-8c21-4b64-a148-e4742943c1e9,12be8f9c519e2ba6a01e3c8eeac872eaf9912c54286cc3624b027d50b2de078a,c43908eb-5b53-43a6-a346-1431d2272808,8c6cccdc-37a3-46ac-82a5-a22d1d69000f,f8edaecf-8020-4564-bbf4-42b31ddc5d7a,2d9849af-4973-4fd8-a822-d8a60e17e5f5,81de6e6f-7d67-40af-b2be-f629e89085ed,completed,0294f6c032f413f4245e83b15db52ab8f50ccfa6163f315fda209ab5b27f96be,a132b12b-e7a2-4837-8603-2cfe9fd0228c,K0,2026-10-07T15:24:46.380593Z,T5,dbb63e68d4ed9e904fa985aa5b88d674205b6caab086a8d981ac8918a9c68fb5,empirical,"[""4afc763c-033e-501c-9c9c-453207d31e62"",""1fed9611-d0cc-51e5-86e7-4ba237c836a2"",""0e4d4039-5409-5be7-a300-ded85e9c22d7"",""1c4afc6f-6679-57b7-ab6b-cec3053e85a1"",""76216ff6-0dab-5f43-913f-741c2deb7596"",""fe7c5fea-171a-5d3e-b93c-b9d53dca7c67"",""784c942d-b222-5013-a2e4-de4aa477a143"",""2f2d84f4-6f41-5df7-a828-cc0a3d9cdddf"",""c68f6332-f200-5595-940d-e5bcad78f1fe"",""54c3aba8-cb42-5023-9591-5cdd68bdd7c5"",""b9ac296e-4c6c-5cdc-9e03-14868c124af2"",""022ddff9-4332-5ba5-b884-42537f220a0c"",""0d262496-18e1-5973-84a6-84fbda64d0ff"",""447860c8-1d56-518b-88ad-7e103990b756"",""616ecfda-7163-5a8d-ba60-01f623d8b124"",""656bacfc-b102-5379-8db2-2f9f127621e0"",""88f2e658-6155-5924-bc85-63fe2aabb08a"",""9f032fb3-90ca-5749-aff5-1065077ac10e"",""4d2e4005-a84b-525b-a492-d367c5e405d0"",""12b20e20-e117-5c00-83bc-e589b92b730e"",""e97a5398-37b9-5e89-91a9-9b3ae48d9534"",""7a8f92c5-5f85-593a-bf90-08e13c60a2e6"",""aa66f5e3-ac0e-57d6-9b69-aa54ea7c4fb9"",""d07b7490-853e-562b-b662-305e89e7718d"",""596c0800-372d-5056-8a35-9f8661656bf4"",""d08816e6-d4d6-5f35-9de3-d86528fa7a96"",""2e126757-f17e-5ee2-93db-94d31ed944b2"",""5e1af4e2-330f-563f-b639-2d3cd8d276c8"",""49cd1889-2a56-5913-8723-929335f68874"",""82b898ba-3b6d-567f-8996-4f259b74547e"",""d38eb7d2-e78b-5c2f-93e4-2e34846e80e6"",""33effc64-dcfe-5ced-badf-c4df49f68dc1"",""a3a03b99-34c0-504b-b529-32b798db318a"",""8b3ec7b0-123f-5597-95f7-1fafc5810d01"",""035c5442-19b8-5a84-8a59-b352a9660279"",""d6d45010-72fa-5741-b733-88958a8795d2"",""ab8215e5-b753-5a6a-a4e7-ad9caf42eeac"",""1b20061c-b208-551a-b06c-81ffeff623fc"",""9b6d0913-2ae6-5dab-ab36-d05e1c51b208"",""a27c1fb2-edc1-57e6-9d74-adb5a13fed3b"",""4696448b-8c21-591b-80cc-7344ea0b95ec"",""c1d75a33-928c-5636-b99c-def1fb29e0f5"",""61eebfb6-2555-5bce-ba71-7a750427392a"",""aba074a1-d451-595d-bc12-e257adbe7383"",""1ca34094-ee4d-5962-a78a-174d361a9cd3"",""7edb0577-da07-5c6f-8391-bb90e9822165"",""d7c5d484-54dc-5d1e-a3ac-65d60267a12c"",""f416cc8b-3bc2-5c4c-a91c-c56faf748684""]",,3e5d1161-e2d6-42e2-9413-b147b50bd225,True,,[],SQL,M6-evaluator-v1,f8edaecf-8020-4564-bbf4-42b31ddc5d7a,5e1af4e2-330f-563f-b639-2d3cd8d276c8,True,28,,A,Protected scaffold/allowlist and effective access routes against intact control; other semantic doubt stays open,True,2026-10-07T15:24:46.380586Z,automatic,1,972066a9-40db-412d-b51a-dd1bcb10681b,83921993-d57b-4192-9eac-70f2b859971e,1,explicit per metric; exact fractions and decimal display,,M6-evaluator-v1,observed,binary,1,decimal,A
M7-analysis-v5,0c44d85c-d8d9-572f-b0cb-1e52983adc6c,3,316abc7801e345a7bed7064176878bd4a1961ca560b3a2cd3b43313c78f9bd45,E-P0R0,HUMAN-REVIEW-422df4c3-3853-4cd1-a5d5-b4f703cd9e65,9383c6c8-bb9e-4c6b-ade8-bfabbbea815d,316abc7801e345a7bed7064176878bd4a1961ca560b3a2cd3b43313c78f9bd45,4933e26d-ad2e-4207-9a82-5b31f7ac3ae8,8c6cccdc-37a3-46ac-82a5-a22d1d69000f,f8edaecf-8020-4564-bbf4-42b31ddc5d7a,2d9849af-4973-4fd8-a822-d8a60e17e5f5,81de6e6f-7d67-40af-b2be-f629e89085ed,completed,9992b253f08c976bf150bcd89ccfc9db54f8a1fda58ea3f4fad386b27c7c4138,c06be457-9745-422d-9d69-c0fa9cd7e0d5,K1,2026-10-07T15:44:09.850265Z,T2,dbb63e68d4ed9e904fa985aa5b88d674205b6caab086a8d981ac8918a9c68fb5,empirical,"[""4afc763c-033e-501c-9c9c-453207d31e62"",""1fed9611-d0cc-51e5-86e7-4ba237c836a2"",""0e4d4039-5409-5be7-a300-ded85e9c22d7"",""1c4afc6f-6679-57b7-ab6b-cec3053e85a1"",""76216ff6-0dab-5f43-913f-741c2deb7596"",""fe7c5fea-171a-5d3e-b93c-b9d53dca7c67"",""784c942d-b222-5013-a2e4-de4aa477a143"",""2f2d84f4-6f41-5df7-a828-cc0a3d9cdddf"",""c68f6332-f200-5595-940d-e5bcad78f1fe"",""54c3aba8-cb42-5023-9591-5cdd68bdd7c5"",""b9ac296e-4c6c-5cdc-9e03-14868c124af2"",""022ddff9-4332-5ba5-b884-42537f220a0c"",""0d262496-18e1-5973-84a6-84fbda64d0ff"",""447860c8-1d56-518b-88ad-7e103990b756"",""616ecfda-7163-5a8d-ba60-01f623d8b124"",""656bacfc-b102-5379-8db2-2f9f127621e0"",""88f2e658-6155-5924-bc85-63fe2aabb08a"",""9f032fb3-90ca-5749-aff5-1065077ac10e"",""4d2e4005-a84b-525b-a492-d367c5e405d0"",""12b20e20-e117-5c00-83bc-e589b92b730e"",""e97a5398-37b9-5e89-91a9-9b3ae48d9534"",""7a8f92c5-5f85-593a-bf90-08e13c60a2e6"",""aa66f5e3-ac0e-57d6-9b69-aa54ea7c4fb9"",""d07b7490-853e-562b-b662-305e89e7718d"",""596c0800-372d-5056-8a35-9f8661656bf4"",""d08816e6-d4d6-5f35-9de3-d86528fa7a96"",""2e126757-f17e-5ee2-93db-94d31ed944b2"",""5e1af4e2-330f-563f-b639-2d3cd8d276c8"",""49cd1889-2a56-5913-8723-929335f68874"",""82b898ba-3b6d-567f-8996-4f259b74547e"",""d38eb7d2-e78b-5c2f-93e4-2e34846e80e6"",""33effc64-dcfe-5ced-badf-c4df49f68dc1"",""a3a03b99-34c0-504b-b529-32b798db318a"",""8b3ec7b0-123f-5597-95f7-1fafc5810d01"",""035c5442-19b8-5a84-8a59-b352a9660279"",""d6d45010-72fa-5741-b733-88958a8795d2"",""ab8215e5-b753-5a6a-a4e7-ad9caf42eeac"",""1b20061c-b208-551a-b06c-81ffeff623fc"",""9b6d0913-2ae6-5dab-ab36-d05e1c51b208"",""a27c1fb2-edc1-57e6-9d74-adb5a13fed3b"",""4696448b-8c21-591b-80cc-7344ea0b95ec"",""c1d75a33-928c-5636-b99c-def1fb29e0f5"",""61eebfb6-2555-5bce-ba71-7a750427392a"",""aba074a1-d451-595d-bc12-e257adbe7383"",""1ca34094-ee4d-5962-a78a-174d361a9cd3"",""7edb0577-da07-5c6f-8391-bb90e9822165"",""d7c5d484-54dc-5d1e-a3ac-65d60267a12c"",""f416cc8b-3bc2-5c4c-a91c-c56faf748684""]",app/Http/Controllers/Study/SqlInjectionController.php,3d350638-15a2-4e90-b81f-e28923417e4c,True,11-35,[],SQL,Noah Fiedler,f8edaecf-8020-4564-bbf4-42b31ddc5d7a,49cd1889-2a56-5913-8723-929335f68874,False,29,1902536a-925b-400c-a735-52d2ea555662,A,"Die Route /study/sqli verweist auf SqlInjectionController::show (study.php: 4–5). Die Controller-Methode unterscheidet Formularanzeige ohne Submit (13–15), validiert die ID (17–21), führt die Abfrage aus (23–27) und behandelt negative sowie erfolgreiche Ergebnisse (29–35). Es gibt keinen Aufruf eines ausführbaren Legacy-Skripts.",False,2026-10-07T15:44:09.850258Z,human,2,972066a9-40db-412d-b51a-dd1bcb10681b,a3c586a7-dba2-4647-8473-c9ec4cdaf1e5,1,explicit per metric; exact fractions and decimal display,,Menschliche lokale Selbstauskunft,observed,binary,1,decimal,A
M7-analysis-v5,0c44d85c-d8d9-572f-b0cb-1e52983adc6c,3,316abc7801e345a7bed7064176878bd4a1961ca560b3a2cd3b43313c78f9bd45,E-P0R0,HUMAN-REVIEW-6ce77b98-cd78-459f-b308-dfae5b1acdb7,12d22f17-eed3-458b-ba77-d4fb23d030b6,316abc7801e345a7bed7064176878bd4a1961ca560b3a2cd3b43313c78f9bd45,4933e26d-ad2e-4207-9a82-5b31f7ac3ae8,8c6cccdc-37a3-46ac-82a5-a22d1d69000f,f8edaecf-8020-4564-bbf4-42b31ddc5d7a,2d9849af-4973-4fd8-a822-d8a60e17e5f5,81de6e6f-7d67-40af-b2be-f629e89085ed,completed,9992b253f08c976bf150bcd89ccfc9db54f8a1fda58ea3f4fad386b27c7c4138,c06be457-9745-422d-9d69-c0fa9cd7e0d5,K1,2026-10-07T15:44:24.106061Z,T3,dbb63e68d4ed9e904fa985aa5b88d674205b6caab086a8d981ac8918a9c68fb5,empirical,"[""4afc763c-033e-501c-9c9c-453207d31e62"",""1fed9611-d0cc-51e5-86e7-4ba237c836a2"",""0e4d4039-5409-5be7-a300-ded85e9c22d7"",""1c4afc6f-6679-57b7-ab6b-cec3053e85a1"",""76216ff6-0dab-5f43-913f-741c2deb7596"",""fe7c5fea-171a-5d3e-b93c-b9d53dca7c67"",""784c942d-b222-5013-a2e4-de4aa477a143"",""2f2d84f4-6f41-5df7-a828-cc0a3d9cdddf"",""c68f6332-f200-5595-940d-e5bcad78f1fe"",""54c3aba8-cb42-5023-9591-5cdd68bdd7c5"",""b9ac296e-4c6c-5cdc-9e03-14868c124af2"",""022ddff9-4332-5ba5-b884-42537f220a0c"",""0d262496-18e1-5973-84a6-84fbda64d0ff"",""447860c8-1d56-518b-88ad-7e103990b756"",""616ecfda-7163-5a8d-ba60-01f623d8b124"",""656bacfc-b102-5379-8db2-2f9f127621e0"",""88f2e658-6155-5924-bc85-63fe2aabb08a"",""9f032fb3-90ca-5749-aff5-1065077ac10e"",""4d2e4005-a84b-525b-a492-d367c5e405d0"",""12b20e20-e117-5c00-83bc-e589b92b730e"",""e97a5398-37b9-5e89-91a9-9b3ae48d9534"",""7a8f92c5-5f85-593a-bf90-08e13c60a2e6"",""aa66f5e3-ac0e-57d6-9b69-aa54ea7c4fb9"",""d07b7490-853e-562b-b662-305e89e7718d"",""596c0800-372d-5056-8a35-9f8661656bf4"",""d08816e6-d4d6-5f35-9de3-d86528fa7a96"",""2e126757-f17e-5ee2-93db-94d31ed944b2"",""5e1af4e2-330f-563f-b639-2d3cd8d276c8"",""49cd1889-2a56-5913-8723-929335f68874"",""82b898ba-3b6d-567f-8996-4f259b74547e"",""d38eb7d2-e78b-5c2f-93e4-2e34846e80e6"",""33effc64-dcfe-5ced-badf-c4df49f68dc1"",""a3a03b99-34c0-504b-b529-32b798db318a"",""8b3ec7b0-123f-5597-95f7-1fafc5810d01"",""035c5442-19b8-5a84-8a59-b352a9660279"",""d6d45010-72fa-5741-b733-88958a8795d2"",""ab8215e5-b753-5a6a-a4e7-ad9caf42eeac"",""1b20061c-b208-551a-b06c-81ffeff623fc"",""9b6d0913-2ae6-5dab-ab36-d05e1c51b208"",""a27c1fb2-edc1-57e6-9d74-adb5a13fed3b"",""4696448b-8c21-591b-80cc-7344ea0b95ec"",""c1d75a33-928c-5636-b99c-def1fb29e0f5"",""61eebfb6-2555-5bce-ba71-7a750427392a"",""aba074a1-d451-595d-bc12-e257adbe7383"",""1ca34094-ee4d-5962-a78a-174d361a9cd3"",""7edb0577-da07-5c6f-8391-bb90e9822165"",""d7c5d484-54dc-5d1e-a3ac-65d60267a12c"",""f416cc8b-3bc2-5c4c-a91c-c56faf748684""]",resources/views/study/sqli.blade.php,7bda19d2-2e56-4b6b-9dcc-01a4ba3d0185,True,8-16,[],SQL,Noah Fiedler,f8edaecf-8020-4564-bbf4-42b31ddc5d7a,49cd1889-2a56-5913-8723-929335f68874,False,29,8d487c36-d349-4007-8b97-e26d071460bd,A,"Der Controller rendert für alle Pfade die View study.sqli (SqlInjectionController.php: 39–42). Die Blade-View enthält das GET-Formular (8–12) sowie die bedingte Ausgabe von Status, Vor- und Nachname (14–16). Dadurch werden sowohl Erfolg als auch negative bzw. ungültige Eingaben über Blade ausgegeben.",False,2026-10-07T15:44:24.106055Z,human,2,972066a9-40db-412d-b51a-dd1bcb10681b,a3c586a7-dba2-4647-8473-c9ec4cdaf1e5,1,explicit per metric; exact fractions and decimal display,,Menschliche lokale Selbstauskunft,observed,binary,1,decimal,A
M7-analysis-v5,0c44d85c-d8d9-572f-b0cb-1e52983adc6c,3,316abc7801e345a7bed7064176878bd4a1961ca560b3a2cd3b43313c78f9bd45,E-P0R0,HUMAN-REVIEW-97762611-f75f-4622-ada2-0662944c2af0,9383c6c8-bb9e-4c6b-ade8-bfabbbea815d,316abc7801e345a7bed7064176878bd4a1961ca560b3a2cd3b43313c78f9bd45,4933e26d-ad2e-4207-9a82-5b31f7ac3ae8,8c6cccdc-37a3-46ac-82a5-a22d1d69000f,f8edaecf-8020-4564-bbf4-42b31ddc5d7a,2d9849af-4973-4fd8-a822-d8a60e17e5f5,81de6e6f-7d67-40af-b2be-f629e89085ed,completed,9992b253f08c976bf150bcd89ccfc9db54f8a1fda58ea3f4fad386b27c7c4138,c06be457-9745-422d-9d69-c0fa9cd7e0d5,K1,2026-10-07T15:44:43.691724Z,T4,dbb63e68d4ed9e904fa985aa5b88d674205b6caab086a8d981ac8918a9c68fb5,empirical,"[""4afc763c-033e-501c-9c9c-453207d31e62"",""1fed9611-d0cc-51e5-86e7-4ba237c836a2"",""0e4d4039-5409-5be7-a300-ded85e9c22d7"",""1c4afc6f-6679-57b7-ab6b-cec3053e85a1"",""76216ff6-0dab-5f43-913f-741c2deb7596"",""fe7c5fea-171a-5d3e-b93c-b9d53dca7c67"",""784c942d-b222-5013-a2e4-de4aa477a143"",""2f2d84f4-6f41-5df7-a828-cc0a3d9cdddf"",""c68f6332-f200-5595-940d-e5bcad78f1fe"",""54c3aba8-cb42-5023-9591-5cdd68bdd7c5"",""b9ac296e-4c6c-5cdc-9e03-14868c124af2"",""022ddff9-4332-5ba5-b884-42537f220a0c"",""0d262496-18e1-5973-84a6-84fbda64d0ff"",""447860c8-1d56-518b-88ad-7e103990b756"",""616ecfda-7163-5a8d-ba60-01f623d8b124"",""656bacfc-b102-5379-8db2-2f9f127621e0"",""88f2e658-6155-5924-bc85-63fe2aabb08a"",""9f032fb3-90ca-5749-aff5-1065077ac10e"",""4d2e4005-a84b-525b-a492-d367c5e405d0"",""12b20e20-e117-5c00-83bc-e589b92b730e"",""e97a5398-37b9-5e89-91a9-9b3ae48d9534"",""7a8f92c5-5f85-593a-bf90-08e13c60a2e6"",""aa66f5e3-ac0e-57d6-9b69-aa54ea7c4fb9"",""d07b7490-853e-562b-b662-305e89e7718d"",""596c0800-372d-5056-8a35-9f8661656bf4"",""d08816e6-d4d6-5f35-9de3-d86528fa7a96"",""2e126757-f17e-5ee2-93db-94d31ed944b2"",""5e1af4e2-330f-563f-b639-2d3cd8d276c8"",""49cd1889-2a56-5913-8723-929335f68874"",""82b898ba-3b6d-567f-8996-4f259b74547e"",""d38eb7d2-e78b-5c2f-93e4-2e34846e80e6"",""33effc64-dcfe-5ced-badf-c4df49f68dc1"",""a3a03b99-34c0-504b-b529-32b798db318a"",""8b3ec7b0-123f-5597-95f7-1fafc5810d01"",""035c5442-19b8-5a84-8a59-b352a9660279"",""d6d45010-72fa-5741-b733-88958a8795d2"",""ab8215e5-b753-5a6a-a4e7-ad9caf42eeac"",""1b20061c-b208-551a-b06c-81ffeff623fc"",""9b6d0913-2ae6-5dab-ab36-d05e1c51b208"",""a27c1fb2-edc1-57e6-9d74-adb5a13fed3b"",""4696448b-8c21-591b-80cc-7344ea0b95ec"",""c1d75a33-928c-5636-b99c-def1fb29e0f5"",""61eebfb6-2555-5bce-ba71-7a750427392a"",""aba074a1-d451-595d-bc12-e257adbe7383"",""1ca34094-ee4d-5962-a78a-174d361a9cd3"",""7edb0577-da07-5c6f-8391-bb90e9822165"",""d7c5d484-54dc-5d1e-a3ac-65d60267a12c"",""f416cc8b-3bc2-5c4c-a91c-c56faf748684""]",app/Http/Controllers/Study/SqlInjectionController.php,3316257b-010f-4995-985e-e573f90493c1,True,23-27,"[""f3761903-08de-4bff-9a3a-75a0400a4a0f""]",SQL,Noah Fiedler,f8edaecf-8020-4564-bbf4-42b31ddc5d7a,49cd1889-2a56-5913-8723-929335f68874,False,29,356c9c47-1c62-4c7e-b60d-703193f47d09,A,"Der Code verwendet den Laravel Query Builder über DB::connection('mysql'), liest aus users und selektiert first_name sowie last_name; die Felder werden anschließend aus dem Abfrageergebnis in die View-Daten übernommen (33–34). Die konfigurierte mysql-Verbindung ist in database.php: 41–61 vorhanden; die bereitgestellten Daten enthalten unterschiedliche Nutzerzuordnungen in users.sql: 1–2.",False,2026-10-07T15:44:43.691713Z,human,2,972066a9-40db-412d-b51a-dd1bcb10681b,a3c586a7-dba2-4647-8473-c9ec4cdaf1e5,1,explicit per metric; exact fractions and decimal display,,Menschliche lokale Selbstauskunft,observed,binary,1,decimal,A
M7-analysis-v5,0c44d85c-d8d9-572f-b0cb-1e52983adc6c,3,316abc7801e345a7bed7064176878bd4a1961ca560b3a2cd3b43313c78f9bd45,E-P0R0,M6-T1-26f09d7b-dfb4-448c-afa6-3f113854ebbf,8a6cd528-671e-48dc-b2cc-fe8831ab8339,316abc7801e345a7bed7064176878bd4a1961ca560b3a2cd3b43313c78f9bd45,4933e26d-ad2e-4207-9a82-5b31f7ac3ae8,8c6cccdc-37a3-46ac-82a5-a22d1d69000f,f8edaecf-8020-4564-bbf4-42b31ddc5d7a,2d9849af-4973-4fd8-a822-d8a60e17e5f5,81de6e6f-7d67-40af-b2be-f629e89085ed,completed,9992b253f08c976bf150bcd89ccfc9db54f8a1fda58ea3f4fad386b27c7c4138,c06be457-9745-422d-9d69-c0fa9cd7e0d5,K1,2026-10-07T15:40:48.000380Z,T1,dbb63e68d4ed9e904fa985aa5b88d674205b6caab086a8d981ac8918a9c68fb5,empirical,"[""4afc763c-033e-501c-9c9c-453207d31e62"",""1fed9611-d0cc-51e5-86e7-4ba237c836a2"",""0e4d4039-5409-5be7-a300-ded85e9c22d7"",""1c4afc6f-6679-57b7-ab6b-cec3053e85a1"",""76216ff6-0dab-5f43-913f-741c2deb7596"",""fe7c5fea-171a-5d3e-b93c-b9d53dca7c67"",""784c942d-b222-5013-a2e4-de4aa477a143"",""2f2d84f4-6f41-5df7-a828-cc0a3d9cdddf"",""c68f6332-f200-5595-940d-e5bcad78f1fe"",""54c3aba8-cb42-5023-9591-5cdd68bdd7c5"",""b9ac296e-4c6c-5cdc-9e03-14868c124af2"",""022ddff9-4332-5ba5-b884-42537f220a0c"",""0d262496-18e1-5973-84a6-84fbda64d0ff"",""447860c8-1d56-518b-88ad-7e103990b756"",""616ecfda-7163-5a8d-ba60-01f623d8b124"",""656bacfc-b102-5379-8db2-2f9f127621e0"",""88f2e658-6155-5924-bc85-63fe2aabb08a"",""9f032fb3-90ca-5749-aff5-1065077ac10e"",""4d2e4005-a84b-525b-a492-d367c5e405d0"",""12b20e20-e117-5c00-83bc-e589b92b730e"",""e97a5398-37b9-5e89-91a9-9b3ae48d9534"",""7a8f92c5-5f85-593a-bf90-08e13c60a2e6"",""aa66f5e3-ac0e-57d6-9b69-aa54ea7c4fb9"",""d07b7490-853e-562b-b662-305e89e7718d"",""596c0800-372d-5056-8a35-9f8661656bf4"",""d08816e6-d4d6-5f35-9de3-d86528fa7a96"",""2e126757-f17e-5ee2-93db-94d31ed944b2"",""5e1af4e2-330f-563f-b639-2d3cd8d276c8"",""49cd1889-2a56-5913-8723-929335f68874"",""82b898ba-3b6d-567f-8996-4f259b74547e"",""d38eb7d2-e78b-5c2f-93e4-2e34846e80e6"",""33effc64-dcfe-5ced-badf-c4df49f68dc1"",""a3a03b99-34c0-504b-b529-32b798db318a"",""8b3ec7b0-123f-5597-95f7-1fafc5810d01"",""035c5442-19b8-5a84-8a59-b352a9660279"",""d6d45010-72fa-5741-b733-88958a8795d2"",""ab8215e5-b753-5a6a-a4e7-ad9caf42eeac"",""1b20061c-b208-551a-b06c-81ffeff623fc"",""9b6d0913-2ae6-5dab-ab36-d05e1c51b208"",""a27c1fb2-edc1-57e6-9d74-adb5a13fed3b"",""4696448b-8c21-591b-80cc-7344ea0b95ec"",""c1d75a33-928c-5636-b99c-def1fb29e0f5"",""61eebfb6-2555-5bce-ba71-7a750427392a"",""aba074a1-d451-595d-bc12-e257adbe7383"",""1ca34094-ee4d-5962-a78a-174d361a9cd3"",""7edb0577-da07-5c6f-8391-bb90e9822165"",""d7c5d484-54dc-5d1e-a3ac-65d60267a12c"",""f416cc8b-3bc2-5c4c-a91c-c56faf748684""]",,dd50d1d1-cc7d-4d15-9145-12a805a8e47a,True,,[],SQL,M6-evaluator-v1,f8edaecf-8020-4564-bbf4-42b31ddc5d7a,49cd1889-2a56-5913-8723-929335f68874,False,29,,A,Native syntax/boot plus independent intact scaffold control,False,2026-10-07T15:40:48.000367Z,automatic,1,972066a9-40db-412d-b51a-dd1bcb10681b,a3c586a7-dba2-4647-8473-c9ec4cdaf1e5,1,explicit per metric; exact fractions and decimal display,,M6-evaluator-v1,observed,binary,1,decimal,A
M7-analysis-v5,0c44d85c-d8d9-572f-b0cb-1e52983adc6c,3,316abc7801e345a7bed7064176878bd4a1961ca560b3a2cd3b43313c78f9bd45,E-P0R0,M6-T5-956af68f-e2d3-44d9-9b9a-c561dd997911,5a89d01b-430e-4227-8af5-7f55d8566e2d,316abc7801e345a7bed7064176878bd4a1961ca560b3a2cd3b43313c78f9bd45,4933e26d-ad2e-4207-9a82-5b31f7ac3ae8,8c6cccdc-37a3-46ac-82a5-a22d1d69000f,f8edaecf-8020-4564-bbf4-42b31ddc5d7a,2d9849af-4973-4fd8-a822-d8a60e17e5f5,81de6e6f-7d67-40af-b2be-f629e89085ed,completed,9992b253f08c976bf150bcd89ccfc9db54f8a1fda58ea3f4fad386b27c7c4138,c06be457-9745-422d-9d69-c0fa9cd7e0d5,K1,2026-10-07T15:40:48.010019Z,T5,dbb63e68d4ed9e904fa985aa5b88d674205b6caab086a8d981ac8918a9c68fb5,empirical,"[""4afc763c-033e-501c-9c9c-453207d31e62"",""1fed9611-d0cc-51e5-86e7-4ba237c836a2"",""0e4d4039-5409-5be7-a300-ded85e9c22d7"",""1c4afc6f-6679-57b7-ab6b-cec3053e85a1"",""76216ff6-0dab-5f43-913f-741c2deb7596"",""fe7c5fea-171a-5d3e-b93c-b9d53dca7c67"",""784c942d-b222-5013-a2e4-de4aa477a143"",""2f2d84f4-6f41-5df7-a828-cc0a3d9cdddf"",""c68f6332-f200-5595-940d-e5bcad78f1fe"",""54c3aba8-cb42-5023-9591-5cdd68bdd7c5"",""b9ac296e-4c6c-5cdc-9e03-14868c124af2"",""022ddff9-4332-5ba5-b884-42537f220a0c"",""0d262496-18e1-5973-84a6-84fbda64d0ff"",""447860c8-1d56-518b-88ad-7e103990b756"",""616ecfda-7163-5a8d-ba60-01f623d8b124"",""656bacfc-b102-5379-8db2-2f9f127621e0"",""88f2e658-6155-5924-bc85-63fe2aabb08a"",""9f032fb3-90ca-5749-aff5-1065077ac10e"",""4d2e4005-a84b-525b-a492-d367c5e405d0"",""12b20e20-e117-5c00-83bc-e589b92b730e"",""e97a5398-37b9-5e89-91a9-9b3ae48d9534"",""7a8f92c5-5f85-593a-bf90-08e13c60a2e6"",""aa66f5e3-ac0e-57d6-9b69-aa54ea7c4fb9"",""d07b7490-853e-562b-b662-305e89e7718d"",""596c0800-372d-5056-8a35-9f8661656bf4"",""d08816e6-d4d6-5f35-9de3-d86528fa7a96"",""2e126757-f17e-5ee2-93db-94d31ed944b2"",""5e1af4e2-330f-563f-b639-2d3cd8d276c8"",""49cd1889-2a56-5913-8723-929335f68874"",""82b898ba-3b6d-567f-8996-4f259b74547e"",""d38eb7d2-e78b-5c2f-93e4-2e34846e80e6"",""33effc64-dcfe-5ced-badf-c4df49f68dc1"",""a3a03b99-34c0-504b-b529-32b798db318a"",""8b3ec7b0-123f-5597-95f7-1fafc5810d01"",""035c5442-19b8-5a84-8a59-b352a9660279"",""d6d45010-72fa-5741-b733-88958a8795d2"",""ab8215e5-b753-5a6a-a4e7-ad9caf42eeac"",""1b20061c-b208-551a-b06c-81ffeff623fc"",""9b6d0913-2ae6-5dab-ab36-d05e1c51b208"",""a27c1fb2-edc1-57e6-9d74-adb5a13fed3b"",""4696448b-8c21-591b-80cc-7344ea0b95ec"",""c1d75a33-928c-5636-b99c-def1fb29e0f5"",""61eebfb6-2555-5bce-ba71-7a750427392a"",""aba074a1-d451-595d-bc12-e257adbe7383"",""1ca34094-ee4d-5962-a78a-174d361a9cd3"",""7edb0577-da07-5c6f-8391-bb90e9822165"",""d7c5d484-54dc-5d1e-a3ac-65d60267a12c"",""f416cc8b-3bc2-5c4c-a91c-c56faf748684""]",,c35db202-a1e4-4c72-bcdd-01ba8176cc53,True,,[],SQL,M6-evaluator-v1,f8edaecf-8020-4564-bbf4-42b31ddc5d7a,49cd1889-2a56-5913-8723-929335f68874,False,29,,A,Protected scaffold/allowlist and effective access routes against intact control; other semantic doubt stays open,False,2026-10-07T15:40:48.010014Z,automatic,1,972066a9-40db-412d-b51a-dd1bcb10681b,a3c586a7-dba2-4647-8473-c9ec4cdaf1e5,1,explicit per metric; exact fractions and decimal display,,M6-evaluator-v1,observed,binary,1,decimal,A
M7-analysis-v5,0c44d85c-d8d9-572f-b0cb-1e52983adc6c,3,aafe24517e0c42aa10d7d213c640f9c2eafe82ec719a9d17b9b7df300a79e751,C-UP-1,HUMAN-REVIEW-26c160aa-21b4-426c-848a-1a139562ee5f,00ea0b79-0271-4d69-9d2b-f49f8982bed7,aafe24517e0c42aa10d7d213c640f9c2eafe82ec719a9d17b9b7df300a79e751,664f9dcc-2388-4c74-b12c-4d71a358dc9e,8c6cccdc-37a3-46ac-82a5-a22d1d69000f,f8edaecf-8020-4564-bbf4-42b31ddc5d7a,2d9849af-4973-4fd8-a822-d8a60e17e5f5,81de6e6f-7d67-40af-b2be-f629e89085ed,completed,697a8773c39d3aeb811def2802fdfd50db20dd75d55c50f4e8cf44982a79f651,8e15ece0-8ea4-4d53-b1a9-80d5a0796af7,K1,2026-10-07T16:03:13.595241Z,T3,dbb63e68d4ed9e904fa985aa5b88d674205b6caab086a8d981ac8918a9c68fb5,empirical,"[""4afc763c-033e-501c-9c9c-453207d31e62"",""1fed9611-d0cc-51e5-86e7-4ba237c836a2"",""0e4d4039-5409-5be7-a300-ded85e9c22d7"",""1c4afc6f-6679-57b7-ab6b-cec3053e85a1"",""76216ff6-0dab-5f43-913f-741c2deb7596"",""fe7c5fea-171a-5d3e-b93c-b9d53dca7c67"",""784c942d-b222-5013-a2e4-de4aa477a143"",""2f2d84f4-6f41-5df7-a828-cc0a3d9cdddf"",""c68f6332-f200-5595-940d-e5bcad78f1fe"",""54c3aba8-cb42-5023-9591-5cdd68bdd7c5"",""b9ac296e-4c6c-5cdc-9e03-14868c124af2"",""022ddff9-4332-5ba5-b884-42537f220a0c"",""0d262496-18e1-5973-84a6-84fbda64d0ff"",""447860c8-1d56-518b-88ad-7e103990b756"",""616ecfda-7163-5a8d-ba60-01f623d8b124"",""656bacfc-b102-5379-8db2-2f9f127621e0"",""88f2e658-6155-5924-bc85-63fe2aabb08a"",""9f032fb3-90ca-5749-aff5-1065077ac10e"",""4d2e4005-a84b-525b-a492-d367c5e405d0"",""12b20e20-e117-5c00-83bc-e589b92b730e"",""e97a5398-37b9-5e89-91a9-9b3ae48d9534"",""7a8f92c5-5f85-593a-bf90-08e13c60a2e6"",""aa66f5e3-ac0e-57d6-9b69-aa54ea7c4fb9"",""d07b7490-853e-562b-b662-305e89e7718d"",""596c0800-372d-5056-8a35-9f8661656bf4"",""d08816e6-d4d6-5f35-9de3-d86528fa7a96"",""2e126757-f17e-5ee2-93db-94d31ed944b2"",""5e1af4e2-330f-563f-b639-2d3cd8d276c8"",""49cd1889-2a56-5913-8723-929335f68874"",""82b898ba-3b6d-567f-8996-4f259b74547e"",""d38eb7d2-e78b-5c2f-93e4-2e34846e80e6"",""33effc64-dcfe-5ced-badf-c4df49f68dc1"",""a3a03b99-34c0-504b-b529-32b798db318a"",""8b3ec7b0-123f-5597-95f7-1fafc5810d01"",""035c5442-19b8-5a84-8a59-b352a9660279"",""d6d45010-72fa-5741-b733-88958a8795d2"",""ab8215e5-b753-5a6a-a4e7-ad9caf42eeac"",""1b20061c-b208-551a-b06c-81ffeff623fc"",""9b6d0913-2ae6-5dab-ab36-d05e1c51b208"",""a27c1fb2-edc1-57e6-9d74-adb5a13fed3b"",""4696448b-8c21-591b-80cc-7344ea0b95ec"",""c1d75a33-928c-5636-b99c-def1fb29e0f5"",""61eebfb6-2555-5bce-ba71-7a750427392a"",""aba074a1-d451-595d-bc12-e257adbe7383"",""1ca34094-ee4d-5962-a78a-174d361a9cd3"",""7edb0577-da07-5c6f-8391-bb90e9822165"",""d7c5d484-54dc-5d1e-a3ac-65d60267a12c"",""f416cc8b-3bc2-5c4c-a91c-c56faf748684""]",app/Http/Controllers/Study/UploadController.php,fb0282ee-0c9a-4d9f-9079-4db1e5d5c40d,True,162-166,[],UP,Noah Fiedler,f8edaecf-8020-4564-bbf4-42b31ddc5d7a,82b898ba-3b6d-567f-8996-4f259b74547e,True,30,855b30d6-17be-490d-8b8c-f031201d32fc,A,"Sämtliche GET- sowie POST-Antwortzweige laufen über page(), das die Blade-View study.upload zurückgibt. Die View enthält ein multipart/form-data-Formular mit CSRF-Token, Dateifeld und Upload-Aktion. Dieselbe Blade-Datei gibt außerdem Status und – bei Erfolg – den rückgemeldeten Pfad aus.",True,2026-10-07T16:03:13.595234Z,human,2,972066a9-40db-412d-b51a-dd1bcb10681b,c0d5b7eb-7f69-4787-8e55-d41af4ffdcab,1,explicit per metric; exact fractions and decimal display,,Menschliche lokale Selbstauskunft,observed,binary,1,decimal,A
M7-analysis-v5,0c44d85c-d8d9-572f-b0cb-1e52983adc6c,3,aafe24517e0c42aa10d7d213c640f9c2eafe82ec719a9d17b9b7df300a79e751,C-UP-1,HUMAN-REVIEW-35e772d7-77f1-4945-9403-d35ea410956f,00ea0b79-0271-4d69-9d2b-f49f8982bed7,aafe24517e0c42aa10d7d213c640f9c2eafe82ec719a9d17b9b7df300a79e751,664f9dcc-2388-4c74-b12c-4d71a358dc9e,8c6cccdc-37a3-46ac-82a5-a22d1d69000f,f8edaecf-8020-4564-bbf4-42b31ddc5d7a,2d9849af-4973-4fd8-a822-d8a60e17e5f5,81de6e6f-7d67-40af-b2be-f629e89085ed,completed,697a8773c39d3aeb811def2802fdfd50db20dd75d55c50f4e8cf44982a79f651,8e15ece0-8ea4-4d53-b1a9-80d5a0796af7,K1,2026-10-07T16:03:34.824479Z,T4,dbb63e68d4ed9e904fa985aa5b88d674205b6caab086a8d981ac8918a9c68fb5,empirical,"[""4afc763c-033e-501c-9c9c-453207d31e62"",""1fed9611-d0cc-51e5-86e7-4ba237c836a2"",""0e4d4039-5409-5be7-a300-ded85e9c22d7"",""1c4afc6f-6679-57b7-ab6b-cec3053e85a1"",""76216ff6-0dab-5f43-913f-741c2deb7596"",""fe7c5fea-171a-5d3e-b93c-b9d53dca7c67"",""784c942d-b222-5013-a2e4-de4aa477a143"",""2f2d84f4-6f41-5df7-a828-cc0a3d9cdddf"",""c68f6332-f200-5595-940d-e5bcad78f1fe"",""54c3aba8-cb42-5023-9591-5cdd68bdd7c5"",""b9ac296e-4c6c-5cdc-9e03-14868c124af2"",""022ddff9-4332-5ba5-b884-42537f220a0c"",""0d262496-18e1-5973-84a6-84fbda64d0ff"",""447860c8-1d56-518b-88ad-7e103990b756"",""616ecfda-7163-5a8d-ba60-01f623d8b124"",""656bacfc-b102-5379-8db2-2f9f127621e0"",""88f2e658-6155-5924-bc85-63fe2aabb08a"",""9f032fb3-90ca-5749-aff5-1065077ac10e"",""4d2e4005-a84b-525b-a492-d367c5e405d0"",""12b20e20-e117-5c00-83bc-e589b92b730e"",""e97a5398-37b9-5e89-91a9-9b3ae48d9534"",""7a8f92c5-5f85-593a-bf90-08e13c60a2e6"",""aa66f5e3-ac0e-57d6-9b69-aa54ea7c4fb9"",""d07b7490-853e-562b-b662-305e89e7718d"",""596c0800-372d-5056-8a35-9f8661656bf4"",""d08816e6-d4d6-5f35-9de3-d86528fa7a96"",""2e126757-f17e-5ee2-93db-94d31ed944b2"",""5e1af4e2-330f-563f-b639-2d3cd8d276c8"",""49cd1889-2a56-5913-8723-929335f68874"",""82b898ba-3b6d-567f-8996-4f259b74547e"",""d38eb7d2-e78b-5c2f-93e4-2e34846e80e6"",""33effc64-dcfe-5ced-badf-c4df49f68dc1"",""a3a03b99-34c0-504b-b529-32b798db318a"",""8b3ec7b0-123f-5597-95f7-1fafc5810d01"",""035c5442-19b8-5a84-8a59-b352a9660279"",""d6d45010-72fa-5741-b733-88958a8795d2"",""ab8215e5-b753-5a6a-a4e7-ad9caf42eeac"",""1b20061c-b208-551a-b06c-81ffeff623fc"",""9b6d0913-2ae6-5dab-ab36-d05e1c51b208"",""a27c1fb2-edc1-57e6-9d74-adb5a13fed3b"",""4696448b-8c21-591b-80cc-7344ea0b95ec"",""c1d75a33-928c-5636-b99c-def1fb29e0f5"",""61eebfb6-2555-5bce-ba71-7a750427392a"",""aba074a1-d451-595d-bc12-e257adbe7383"",""1ca34094-ee4d-5962-a78a-174d361a9cd3"",""7edb0577-da07-5c6f-8391-bb90e9822165"",""d7c5d484-54dc-5d1e-a3ac-65d60267a12c"",""f416cc8b-3bc2-5c4c-a91c-c56faf748684""]",app/Http/Controllers/Study/UploadController.php,4c4ae115-2388-488f-9647-894f555eb4de,True,125-140,"[""77106eff-591a-4539-a1b6-528077dc25c8""]",UP,Noah Fiedler,f8edaecf-8020-4564-bbf4-42b31ddc5d7a,82b898ba-3b6d-567f-8996-4f259b74547e,True,30,9e9e4981-085f-4a6d-9ad0-0455a7e50cac,A,"Der Code nimmt uploaded über Laravels Request-API entgegen, liest die Bytes und speichert sie über Storage::disk('study_uploads')->put(...). Der konfigurierte Disk zeigt auf storage/app/study/uploads; danach werden Existenz und gespeicherte Bytes gegen den Upload-Inhalt geprüft.",True,2026-10-07T16:03:34.824472Z,human,2,972066a9-40db-412d-b51a-dd1bcb10681b,c0d5b7eb-7f69-4787-8e55-d41af4ffdcab,1,explicit per metric; exact fractions and decimal display,,Menschliche lokale Selbstauskunft,observed,binary,1,decimal,A
M7-analysis-v5,0c44d85c-d8d9-572f-b0cb-1e52983adc6c,3,aafe24517e0c42aa10d7d213c640f9c2eafe82ec719a9d17b9b7df300a79e751,C-UP-1,HUMAN-REVIEW-b56c8db0-e574-4434-9e11-70b1d3f8d493,8e75a935-4ae5-42a5-bdd0-48ab0277ae99,aafe24517e0c42aa10d7d213c640f9c2eafe82ec719a9d17b9b7df300a79e751,664f9dcc-2388-4c74-b12c-4d71a358dc9e,8c6cccdc-37a3-46ac-82a5-a22d1d69000f,f8edaecf-8020-4564-bbf4-42b31ddc5d7a,2d9849af-4973-4fd8-a822-d8a60e17e5f5,81de6e6f-7d67-40af-b2be-f629e89085ed,completed,697a8773c39d3aeb811def2802fdfd50db20dd75d55c50f4e8cf44982a79f651,8e15ece0-8ea4-4d53-b1a9-80d5a0796af7,K1,2026-10-07T16:02:56.814547Z,T2,dbb63e68d4ed9e904fa985aa5b88d674205b6caab086a8d981ac8918a9c68fb5,empirical,"[""4afc763c-033e-501c-9c9c-453207d31e62"",""1fed9611-d0cc-51e5-86e7-4ba237c836a2"",""0e4d4039-5409-5be7-a300-ded85e9c22d7"",""1c4afc6f-6679-57b7-ab6b-cec3053e85a1"",""76216ff6-0dab-5f43-913f-741c2deb7596"",""fe7c5fea-171a-5d3e-b93c-b9d53dca7c67"",""784c942d-b222-5013-a2e4-de4aa477a143"",""2f2d84f4-6f41-5df7-a828-cc0a3d9cdddf"",""c68f6332-f200-5595-940d-e5bcad78f1fe"",""54c3aba8-cb42-5023-9591-5cdd68bdd7c5"",""b9ac296e-4c6c-5cdc-9e03-14868c124af2"",""022ddff9-4332-5ba5-b884-42537f220a0c"",""0d262496-18e1-5973-84a6-84fbda64d0ff"",""447860c8-1d56-518b-88ad-7e103990b756"",""616ecfda-7163-5a8d-ba60-01f623d8b124"",""656bacfc-b102-5379-8db2-2f9f127621e0"",""88f2e658-6155-5924-bc85-63fe2aabb08a"",""9f032fb3-90ca-5749-aff5-1065077ac10e"",""4d2e4005-a84b-525b-a492-d367c5e405d0"",""12b20e20-e117-5c00-83bc-e589b92b730e"",""e97a5398-37b9-5e89-91a9-9b3ae48d9534"",""7a8f92c5-5f85-593a-bf90-08e13c60a2e6"",""aa66f5e3-ac0e-57d6-9b69-aa54ea7c4fb9"",""d07b7490-853e-562b-b662-305e89e7718d"",""596c0800-372d-5056-8a35-9f8661656bf4"",""d08816e6-d4d6-5f35-9de3-d86528fa7a96"",""2e126757-f17e-5ee2-93db-94d31ed944b2"",""5e1af4e2-330f-563f-b639-2d3cd8d276c8"",""49cd1889-2a56-5913-8723-929335f68874"",""82b898ba-3b6d-567f-8996-4f259b74547e"",""d38eb7d2-e78b-5c2f-93e4-2e34846e80e6"",""33effc64-dcfe-5ced-badf-c4df49f68dc1"",""a3a03b99-34c0-504b-b529-32b798db318a"",""8b3ec7b0-123f-5597-95f7-1fafc5810d01"",""035c5442-19b8-5a84-8a59-b352a9660279"",""d6d45010-72fa-5741-b733-88958a8795d2"",""ab8215e5-b753-5a6a-a4e7-ad9caf42eeac"",""1b20061c-b208-551a-b06c-81ffeff623fc"",""9b6d0913-2ae6-5dab-ab36-d05e1c51b208"",""a27c1fb2-edc1-57e6-9d74-adb5a13fed3b"",""4696448b-8c21-591b-80cc-7344ea0b95ec"",""c1d75a33-928c-5636-b99c-def1fb29e0f5"",""61eebfb6-2555-5bce-ba71-7a750427392a"",""aba074a1-d451-595d-bc12-e257adbe7383"",""1ca34094-ee4d-5962-a78a-174d361a9cd3"",""7edb0577-da07-5c6f-8391-bb90e9822165"",""d7c5d484-54dc-5d1e-a3ac-65d60267a12c"",""f416cc8b-3bc2-5c4c-a91c-c56faf748684""]",routes/study.php,5384c876-78ba-4598-b829-3ca4e6800579,True,6-7,[],UP,Noah Fiedler,f8edaecf-8020-4564-bbf4-42b31ddc5d7a,82b898ba-3b6d-567f-8996-4f259b74547e,True,30,03d9d271-14d8-44f1-bc0f-5fa1cfff890f,A,"GET /study/upload ist UploadController::show und POST /study/upload ist UploadController::store zugeordnet. Die POST-Methode verarbeitet den Request, prüft die hochgeladene Datei, speichert sie über eine eigene Controllermethode und erzeugt anschließend die Antwort. Es gibt im geprüften Pfad keinen Aufruf eines Legacy-Skripts.",True,2026-10-07T16:02:56.814541Z,human,2,972066a9-40db-412d-b51a-dd1bcb10681b,c0d5b7eb-7f69-4787-8e55-d41af4ffdcab,1,explicit per metric; exact fractions and decimal display,,Menschliche lokale Selbstauskunft,observed,binary,1,decimal,A
M7-analysis-v5,0c44d85c-d8d9-572f-b0cb-1e52983adc6c,3,aafe24517e0c42aa10d7d213c640f9c2eafe82ec719a9d17b9b7df300a79e751,C-UP-1,M6-T1-83851ddb-d503-403a-9fab-1c7c88813787,7a7a3125-e65b-4585-a58b-7a519c0a6d8b,aafe24517e0c42aa10d7d213c640f9c2eafe82ec719a9d17b9b7df300a79e751,664f9dcc-2388-4c74-b12c-4d71a358dc9e,8c6cccdc-37a3-46ac-82a5-a22d1d69000f,f8edaecf-8020-4564-bbf4-42b31ddc5d7a,2d9849af-4973-4fd8-a822-d8a60e17e5f5,81de6e6f-7d67-40af-b2be-f629e89085ed,completed,697a8773c39d3aeb811def2802fdfd50db20dd75d55c50f4e8cf44982a79f651,8e15ece0-8ea4-4d53-b1a9-80d5a0796af7,K1,2026-10-07T15:59:10.077949Z,T1,dbb63e68d4ed9e904fa985aa5b88d674205b6caab086a8d981ac8918a9c68fb5,empirical,"[""4afc763c-033e-501c-9c9c-453207d31e62"",""1fed9611-d0cc-51e5-86e7-4ba237c836a2"",""0e4d4039-5409-5be7-a300-ded85e9c22d7"",""1c4afc6f-6679-57b7-ab6b-cec3053e85a1"",""76216ff6-0dab-5f43-913f-741c2deb7596"",""fe7c5fea-171a-5d3e-b93c-b9d53dca7c67"",""784c942d-b222-5013-a2e4-de4aa477a143"",""2f2d84f4-6f41-5df7-a828-cc0a3d9cdddf"",""c68f6332-f200-5595-940d-e5bcad78f1fe"",""54c3aba8-cb42-5023-9591-5cdd68bdd7c5"",""b9ac296e-4c6c-5cdc-9e03-14868c124af2"",""022ddff9-4332-5ba5-b884-42537f220a0c"",""0d262496-18e1-5973-84a6-84fbda64d0ff"",""447860c8-1d56-518b-88ad-7e103990b756"",""616ecfda-7163-5a8d-ba60-01f623d8b124"",""656bacfc-b102-5379-8db2-2f9f127621e0"",""88f2e658-6155-5924-bc85-63fe2aabb08a"",""9f032fb3-90ca-5749-aff5-1065077ac10e"",""4d2e4005-a84b-525b-a492-d367c5e405d0"",""12b20e20-e117-5c00-83bc-e589b92b730e"",""e97a5398-37b9-5e89-91a9-9b3ae48d9534"",""7a8f92c5-5f85-593a-bf90-08e13c60a2e6"",""aa66f5e3-ac0e-57d6-9b69-aa54ea7c4fb9"",""d07b7490-853e-562b-b662-305e89e7718d"",""596c0800-372d-5056-8a35-9f8661656bf4"",""d08816e6-d4d6-5f35-9de3-d86528fa7a96"",""2e126757-f17e-5ee2-93db-94d31ed944b2"",""5e1af4e2-330f-563f-b639-2d3cd8d276c8"",""49cd1889-2a56-5913-8723-929335f68874"",""82b898ba-3b6d-567f-8996-4f259b74547e"",""d38eb7d2-e78b-5c2f-93e4-2e34846e80e6"",""33effc64-dcfe-5ced-badf-c4df49f68dc1"",""a3a03b99-34c0-504b-b529-32b798db318a"",""8b3ec7b0-123f-5597-95f7-1fafc5810d01"",""035c5442-19b8-5a84-8a59-b352a9660279"",""d6d45010-72fa-5741-b733-88958a8795d2"",""ab8215e5-b753-5a6a-a4e7-ad9caf42eeac"",""1b20061c-b208-551a-b06c-81ffeff623fc"",""9b6d0913-2ae6-5dab-ab36-d05e1c51b208"",""a27c1fb2-edc1-57e6-9d74-adb5a13fed3b"",""4696448b-8c21-591b-80cc-7344ea0b95ec"",""c1d75a33-928c-5636-b99c-def1fb29e0f5"",""61eebfb6-2555-5bce-ba71-7a750427392a"",""aba074a1-d451-595d-bc12-e257adbe7383"",""1ca34094-ee4d-5962-a78a-174d361a9cd3"",""7edb0577-da07-5c6f-8391-bb90e9822165"",""d7c5d484-54dc-5d1e-a3ac-65d60267a12c"",""f416cc8b-3bc2-5c4c-a91c-c56faf748684""]",,17cb55e5-79c8-4f23-9a86-485d9e9abebf,True,,[],UP,M6-evaluator-v1,f8edaecf-8020-4564-bbf4-42b31ddc5d7a,82b898ba-3b6d-567f-8996-4f259b74547e,True,30,,A,Native syntax/boot plus independent intact scaffold control,True,2026-10-07T15:59:10.077930Z,automatic,1,972066a9-40db-412d-b51a-dd1bcb10681b,c0d5b7eb-7f69-4787-8e55-d41af4ffdcab,1,explicit per metric; exact fractions and decimal display,,M6-evaluator-v1,observed,binary,1,decimal,A
M7-analysis-v5,0c44d85c-d8d9-572f-b0cb-1e52983adc6c,3,aafe24517e0c42aa10d7d213c640f9c2eafe82ec719a9d17b9b7df300a79e751,C-UP-1,M6-T5-4f8ca3cf-2a6b-4028-be3f-0e8ff1d5601f,6b2d29a5-9a18-43f4-a8ba-da52e92bf024,aafe24517e0c42aa10d7d213c640f9c2eafe82ec719a9d17b9b7df300a79e751,664f9dcc-2388-4c74-b12c-4d71a358dc9e,8c6cccdc-37a3-46ac-82a5-a22d1d69000f,f8edaecf-8020-4564-bbf4-42b31ddc5d7a,2d9849af-4973-4fd8-a822-d8a60e17e5f5,81de6e6f-7d67-40af-b2be-f629e89085ed,completed,697a8773c39d3aeb811def2802fdfd50db20dd75d55c50f4e8cf44982a79f651,8e15ece0-8ea4-4d53-b1a9-80d5a0796af7,K1,2026-10-07T15:59:10.094671Z,T5,dbb63e68d4ed9e904fa985aa5b88d674205b6caab086a8d981ac8918a9c68fb5,empirical,"[""4afc763c-033e-501c-9c9c-453207d31e62"",""1fed9611-d0cc-51e5-86e7-4ba237c836a2"",""0e4d4039-5409-5be7-a300-ded85e9c22d7"",""1c4afc6f-6679-57b7-ab6b-cec3053e85a1"",""76216ff6-0dab-5f43-913f-741c2deb7596"",""fe7c5fea-171a-5d3e-b93c-b9d53dca7c67"",""784c942d-b222-5013-a2e4-de4aa477a143"",""2f2d84f4-6f41-5df7-a828-cc0a3d9cdddf"",""c68f6332-f200-5595-940d-e5bcad78f1fe"",""54c3aba8-cb42-5023-9591-5cdd68bdd7c5"",""b9ac296e-4c6c-5cdc-9e03-14868c124af2"",""022ddff9-4332-5ba5-b884-42537f220a0c"",""0d262496-18e1-5973-84a6-84fbda64d0ff"",""447860c8-1d56-518b-88ad-7e103990b756"",""616ecfda-7163-5a8d-ba60-01f623d8b124"",""656bacfc-b102-5379-8db2-2f9f127621e0"",""88f2e658-6155-5924-bc85-63fe2aabb08a"",""9f032fb3-90ca-5749-aff5-1065077ac10e"",""4d2e4005-a84b-525b-a492-d367c5e405d0"",""12b20e20-e117-5c00-83bc-e589b92b730e"",""e97a5398-37b9-5e89-91a9-9b3ae48d9534"",""7a8f92c5-5f85-593a-bf90-08e13c60a2e6"",""aa66f5e3-ac0e-57d6-9b69-aa54ea7c4fb9"",""d07b7490-853e-562b-b662-305e89e7718d"",""596c0800-372d-5056-8a35-9f8661656bf4"",""d08816e6-d4d6-5f35-9de3-d86528fa7a96"",""2e126757-f17e-5ee2-93db-94d31ed944b2"",""5e1af4e2-330f-563f-b639-2d3cd8d276c8"",""49cd1889-2a56-5913-8723-929335f68874"",""82b898ba-3b6d-567f-8996-4f259b74547e"",""d38eb7d2-e78b-5c2f-93e4-2e34846e80e6"",""33effc64-dcfe-5ced-badf-c4df49f68dc1"",""a3a03b99-34c0-504b-b529-32b798db318a"",""8b3ec7b0-123f-5597-95f7-1fafc5810d01"",""035c5442-19b8-5a84-8a59-b352a9660279"",""d6d45010-72fa-5741-b733-88958a8795d2"",""ab8215e5-b753-5a6a-a4e7-ad9caf42eeac"",""1b20061c-b208-551a-b06c-81ffeff623fc"",""9b6d0913-2ae6-5dab-ab36-d05e1c51b208"",""a27c1fb2-edc1-57e6-9d74-adb5a13fed3b"",""4696448b-8c21-591b-80cc-7344ea0b95ec"",""c1d75a33-928c-5636-b99c-def1fb29e0f5"",""61eebfb6-2555-5bce-ba71-7a750427392a"",""aba074a1-d451-595d-bc12-e257adbe7383"",""1ca34094-ee4d-5962-a78a-174d361a9cd3"",""7edb0577-da07-5c6f-8391-bb90e9822165"",""d7c5d484-54dc-5d1e-a3ac-65d60267a12c"",""f416cc8b-3bc2-5c4c-a91c-c56faf748684""]",,3a44eac8-cfc6-4b90-aee5-cd1e43c7ed11,True,,[],UP,M6-evaluator-v1,f8edaecf-8020-4564-bbf4-42b31ddc5d7a,82b898ba-3b6d-567f-8996-4f259b74547e,True,30,,A,Protected scaffold/allowlist and effective access routes against intact control; other semantic doubt stays open,True,2026-10-07T15:59:10.094653Z,automatic,1,972066a9-40db-412d-b51a-dd1bcb10681b,c0d5b7eb-7f69-4787-8e55-d41af4ffdcab,1,explicit per metric; exact fractions and decimal display,,M6-evaluator-v1,observed,binary,1,decimal,A
M7-analysis-v5,0c44d85c-d8d9-572f-b0cb-1e52983adc6c,3,16df8fd5c75e6555e176c2af2952b61e14007c9e5197ba7a07bde1664a3af864,E-P0R1,HUMAN-REVIEW-857a89b2-b61a-41af-8799-39f5f54d6e86,3fc90eab-8403-4464-9ca5-0eca770854c3,16df8fd5c75e6555e176c2af2952b61e14007c9e5197ba7a07bde1664a3af864,0a3d7540-d17c-469b-80fe-245b407091e2,8c6cccdc-37a3-46ac-82a5-a22d1d69000f,f8edaecf-8020-4564-bbf4-42b31ddc5d7a,2d9849af-4973-4fd8-a822-d8a60e17e5f5,81de6e6f-7d67-40af-b2be-f629e89085ed,completed,672365878648f984edbe331765fbaca28450124b7e3695518e4c97c917409fb1,42edf356-9e72-44ce-9889-267b2eb71de0,K1,2026-10-07T16:19:58.740850Z,T2,dbb63e68d4ed9e904fa985aa5b88d674205b6caab086a8d981ac8918a9c68fb5,empirical,"[""4afc763c-033e-501c-9c9c-453207d31e62"",""1fed9611-d0cc-51e5-86e7-4ba237c836a2"",""0e4d4039-5409-5be7-a300-ded85e9c22d7"",""1c4afc6f-6679-57b7-ab6b-cec3053e85a1"",""76216ff6-0dab-5f43-913f-741c2deb7596"",""fe7c5fea-171a-5d3e-b93c-b9d53dca7c67"",""784c942d-b222-5013-a2e4-de4aa477a143"",""2f2d84f4-6f41-5df7-a828-cc0a3d9cdddf"",""c68f6332-f200-5595-940d-e5bcad78f1fe"",""54c3aba8-cb42-5023-9591-5cdd68bdd7c5"",""b9ac296e-4c6c-5cdc-9e03-14868c124af2"",""022ddff9-4332-5ba5-b884-42537f220a0c"",""0d262496-18e1-5973-84a6-84fbda64d0ff"",""447860c8-1d56-518b-88ad-7e103990b756"",""616ecfda-7163-5a8d-ba60-01f623d8b124"",""656bacfc-b102-5379-8db2-2f9f127621e0"",""88f2e658-6155-5924-bc85-63fe2aabb08a"",""9f032fb3-90ca-5749-aff5-1065077ac10e"",""4d2e4005-a84b-525b-a492-d367c5e405d0"",""12b20e20-e117-5c00-83bc-e589b92b730e"",""e97a5398-37b9-5e89-91a9-9b3ae48d9534"",""7a8f92c5-5f85-593a-bf90-08e13c60a2e6"",""aa66f5e3-ac0e-57d6-9b69-aa54ea7c4fb9"",""d07b7490-853e-562b-b662-305e89e7718d"",""596c0800-372d-5056-8a35-9f8661656bf4"",""d08816e6-d4d6-5f35-9de3-d86528fa7a96"",""2e126757-f17e-5ee2-93db-94d31ed944b2"",""5e1af4e2-330f-563f-b639-2d3cd8d276c8"",""49cd1889-2a56-5913-8723-929335f68874"",""82b898ba-3b6d-567f-8996-4f259b74547e"",""d38eb7d2-e78b-5c2f-93e4-2e34846e80e6"",""33effc64-dcfe-5ced-badf-c4df49f68dc1"",""a3a03b99-34c0-504b-b529-32b798db318a"",""8b3ec7b0-123f-5597-95f7-1fafc5810d01"",""035c5442-19b8-5a84-8a59-b352a9660279"",""d6d45010-72fa-5741-b733-88958a8795d2"",""ab8215e5-b753-5a6a-a4e7-ad9caf42eeac"",""1b20061c-b208-551a-b06c-81ffeff623fc"",""9b6d0913-2ae6-5dab-ab36-d05e1c51b208"",""a27c1fb2-edc1-57e6-9d74-adb5a13fed3b"",""4696448b-8c21-591b-80cc-7344ea0b95ec"",""c1d75a33-928c-5636-b99c-def1fb29e0f5"",""61eebfb6-2555-5bce-ba71-7a750427392a"",""aba074a1-d451-595d-bc12-e257adbe7383"",""1ca34094-ee4d-5962-a78a-174d361a9cd3"",""7edb0577-da07-5c6f-8391-bb90e9822165"",""d7c5d484-54dc-5d1e-a3ac-65d60267a12c"",""f416cc8b-3bc2-5c4c-a91c-c56faf748684""]",app/Http/Controllers/Study/SqlInjectionController.php,1824b05f-0364-463c-8919-80fc41ad18e4,True,11-40,[],SQL,Noah Fiedler,f8edaecf-8020-4564-bbf4-42b31ddc5d7a,d38eb7d2-e78b-5c2f-93e4-2e34846e80e6,False,31,f2e0b482-bf37-4892-bd02-7e9d8237b90a,A,"Die Route ordnet /study/sqli der Methode SqlInjectionController::show zu (study.php, Z. 6). Der Controller prüft das Vorhandensein von Submit, verarbeitet id, behandelt ungültige Eingaben und führt die Datenabfrage selbst aus. Es gibt im tatsächlichen Pfad keinen Aufruf eines Legacy-Skripts.",True,2026-10-07T16:19:58.740842Z,human,2,972066a9-40db-412d-b51a-dd1bcb10681b,a7c714ed-7f98-4b74-b481-8fc9add30268,1,explicit per metric; exact fractions and decimal display,,Menschliche lokale Selbstauskunft,observed,binary,1,decimal,A
M7-analysis-v5,0c44d85c-d8d9-572f-b0cb-1e52983adc6c,3,16df8fd5c75e6555e176c2af2952b61e14007c9e5197ba7a07bde1664a3af864,E-P0R1,HUMAN-REVIEW-be577ba1-2ee7-439c-80f1-8a2dca9c564a,3fc90eab-8403-4464-9ca5-0eca770854c3,16df8fd5c75e6555e176c2af2952b61e14007c9e5197ba7a07bde1664a3af864,0a3d7540-d17c-469b-80fe-245b407091e2,8c6cccdc-37a3-46ac-82a5-a22d1d69000f,f8edaecf-8020-4564-bbf4-42b31ddc5d7a,2d9849af-4973-4fd8-a822-d8a60e17e5f5,81de6e6f-7d67-40af-b2be-f629e89085ed,completed,672365878648f984edbe331765fbaca28450124b7e3695518e4c97c917409fb1,42edf356-9e72-44ce-9889-267b2eb71de0,K1,2026-10-07T16:20:33.594263Z,T4,dbb63e68d4ed9e904fa985aa5b88d674205b6caab086a8d981ac8918a9c68fb5,empirical,"[""4afc763c-033e-501c-9c9c-453207d31e62"",""1fed9611-d0cc-51e5-86e7-4ba237c836a2"",""0e4d4039-5409-5be7-a300-ded85e9c22d7"",""1c4afc6f-6679-57b7-ab6b-cec3053e85a1"",""76216ff6-0dab-5f43-913f-741c2deb7596"",""fe7c5fea-171a-5d3e-b93c-b9d53dca7c67"",""784c942d-b222-5013-a2e4-de4aa477a143"",""2f2d84f4-6f41-5df7-a828-cc0a3d9cdddf"",""c68f6332-f200-5595-940d-e5bcad78f1fe"",""54c3aba8-cb42-5023-9591-5cdd68bdd7c5"",""b9ac296e-4c6c-5cdc-9e03-14868c124af2"",""022ddff9-4332-5ba5-b884-42537f220a0c"",""0d262496-18e1-5973-84a6-84fbda64d0ff"",""447860c8-1d56-518b-88ad-7e103990b756"",""616ecfda-7163-5a8d-ba60-01f623d8b124"",""656bacfc-b102-5379-8db2-2f9f127621e0"",""88f2e658-6155-5924-bc85-63fe2aabb08a"",""9f032fb3-90ca-5749-aff5-1065077ac10e"",""4d2e4005-a84b-525b-a492-d367c5e405d0"",""12b20e20-e117-5c00-83bc-e589b92b730e"",""e97a5398-37b9-5e89-91a9-9b3ae48d9534"",""7a8f92c5-5f85-593a-bf90-08e13c60a2e6"",""aa66f5e3-ac0e-57d6-9b69-aa54ea7c4fb9"",""d07b7490-853e-562b-b662-305e89e7718d"",""596c0800-372d-5056-8a35-9f8661656bf4"",""d08816e6-d4d6-5f35-9de3-d86528fa7a96"",""2e126757-f17e-5ee2-93db-94d31ed944b2"",""5e1af4e2-330f-563f-b639-2d3cd8d276c8"",""49cd1889-2a56-5913-8723-929335f68874"",""82b898ba-3b6d-567f-8996-4f259b74547e"",""d38eb7d2-e78b-5c2f-93e4-2e34846e80e6"",""33effc64-dcfe-5ced-badf-c4df49f68dc1"",""a3a03b99-34c0-504b-b529-32b798db318a"",""8b3ec7b0-123f-5597-95f7-1fafc5810d01"",""035c5442-19b8-5a84-8a59-b352a9660279"",""d6d45010-72fa-5741-b733-88958a8795d2"",""ab8215e5-b753-5a6a-a4e7-ad9caf42eeac"",""1b20061c-b208-551a-b06c-81ffeff623fc"",""9b6d0913-2ae6-5dab-ab36-d05e1c51b208"",""a27c1fb2-edc1-57e6-9d74-adb5a13fed3b"",""4696448b-8c21-591b-80cc-7344ea0b95ec"",""c1d75a33-928c-5636-b99c-def1fb29e0f5"",""61eebfb6-2555-5bce-ba71-7a750427392a"",""aba074a1-d451-595d-bc12-e257adbe7383"",""1ca34094-ee4d-5962-a78a-174d361a9cd3"",""7edb0577-da07-5c6f-8391-bb90e9822165"",""d7c5d484-54dc-5d1e-a3ac-65d60267a12c"",""f416cc8b-3bc2-5c4c-a91c-c56faf748684""]",app/Http/Controllers/Study/SqlInjectionController.php,abfe2722-44e3-4cc4-b1bb-02d91881ac34,True,31-35,"[""bed29476-3e17-4990-8ae0-4d748fa0f701""]",SQL,Noah Fiedler,f8edaecf-8020-4564-bbf4-42b31ddc5d7a,d38eb7d2-e78b-5c2f-93e4-2e34846e80e6,False,31,ff3dd1a0-3691-4d73-9a1c-c1bb14ab9bc6,A,"Der Code verwendet den Laravel Query Builder über DB::connection('mysql'), fragt die Tabelle users ab und liest first_name sowie last_name. Die Eingabe id wird in der where('user_id', '=', ...)-Bedingung verwendet; die View erhält anschließend genau dieses Abfrageergebnis (SqlInjectionController.php, Z. 37–40). Die konfigurierte Verbindung mysql nutzt den Laravel-Datenbankanschluss (database.php, Z. 47–67).",True,2026-10-07T16:20:33.594256Z,human,2,972066a9-40db-412d-b51a-dd1bcb10681b,a7c714ed-7f98-4b74-b481-8fc9add30268,1,explicit per metric; exact fractions and decimal display,,Menschliche lokale Selbstauskunft,observed,binary,1,decimal,A
M7-analysis-v5,0c44d85c-d8d9-572f-b0cb-1e52983adc6c,3,16df8fd5c75e6555e176c2af2952b61e14007c9e5197ba7a07bde1664a3af864,E-P0R1,HUMAN-REVIEW-ff123a03-a8df-499a-a6ff-4d426b238dea,1f29fd4b-261f-4274-8032-2daf7542dc5c,16df8fd5c75e6555e176c2af2952b61e14007c9e5197ba7a07bde1664a3af864,0a3d7540-d17c-469b-80fe-245b407091e2,8c6cccdc-37a3-46ac-82a5-a22d1d69000f,f8edaecf-8020-4564-bbf4-42b31ddc5d7a,2d9849af-4973-4fd8-a822-d8a60e17e5f5,81de6e6f-7d67-40af-b2be-f629e89085ed,completed,672365878648f984edbe331765fbaca28450124b7e3695518e4c97c917409fb1,42edf356-9e72-44ce-9889-267b2eb71de0,K1,2026-10-07T16:20:14.255811Z,T3,dbb63e68d4ed9e904fa985aa5b88d674205b6caab086a8d981ac8918a9c68fb5,empirical,"[""4afc763c-033e-501c-9c9c-453207d31e62"",""1fed9611-d0cc-51e5-86e7-4ba237c836a2"",""0e4d4039-5409-5be7-a300-ded85e9c22d7"",""1c4afc6f-6679-57b7-ab6b-cec3053e85a1"",""76216ff6-0dab-5f43-913f-741c2deb7596"",""fe7c5fea-171a-5d3e-b93c-b9d53dca7c67"",""784c942d-b222-5013-a2e4-de4aa477a143"",""2f2d84f4-6f41-5df7-a828-cc0a3d9cdddf"",""c68f6332-f200-5595-940d-e5bcad78f1fe"",""54c3aba8-cb42-5023-9591-5cdd68bdd7c5"",""b9ac296e-4c6c-5cdc-9e03-14868c124af2"",""022ddff9-4332-5ba5-b884-42537f220a0c"",""0d262496-18e1-5973-84a6-84fbda64d0ff"",""447860c8-1d56-518b-88ad-7e103990b756"",""616ecfda-7163-5a8d-ba60-01f623d8b124"",""656bacfc-b102-5379-8db2-2f9f127621e0"",""88f2e658-6155-5924-bc85-63fe2aabb08a"",""9f032fb3-90ca-5749-aff5-1065077ac10e"",""4d2e4005-a84b-525b-a492-d367c5e405d0"",""12b20e20-e117-5c00-83bc-e589b92b730e"",""e97a5398-37b9-5e89-91a9-9b3ae48d9534"",""7a8f92c5-5f85-593a-bf90-08e13c60a2e6"",""aa66f5e3-ac0e-57d6-9b69-aa54ea7c4fb9"",""d07b7490-853e-562b-b662-305e89e7718d"",""596c0800-372d-5056-8a35-9f8661656bf4"",""d08816e6-d4d6-5f35-9de3-d86528fa7a96"",""2e126757-f17e-5ee2-93db-94d31ed944b2"",""5e1af4e2-330f-563f-b639-2d3cd8d276c8"",""49cd1889-2a56-5913-8723-929335f68874"",""82b898ba-3b6d-567f-8996-4f259b74547e"",""d38eb7d2-e78b-5c2f-93e4-2e34846e80e6"",""33effc64-dcfe-5ced-badf-c4df49f68dc1"",""a3a03b99-34c0-504b-b529-32b798db318a"",""8b3ec7b0-123f-5597-95f7-1fafc5810d01"",""035c5442-19b8-5a84-8a59-b352a9660279"",""d6d45010-72fa-5741-b733-88958a8795d2"",""ab8215e5-b753-5a6a-a4e7-ad9caf42eeac"",""1b20061c-b208-551a-b06c-81ffeff623fc"",""9b6d0913-2ae6-5dab-ab36-d05e1c51b208"",""a27c1fb2-edc1-57e6-9d74-adb5a13fed3b"",""4696448b-8c21-591b-80cc-7344ea0b95ec"",""c1d75a33-928c-5636-b99c-def1fb29e0f5"",""61eebfb6-2555-5bce-ba71-7a750427392a"",""aba074a1-d451-595d-bc12-e257adbe7383"",""1ca34094-ee4d-5962-a78a-174d361a9cd3"",""7edb0577-da07-5c6f-8391-bb90e9822165"",""d7c5d484-54dc-5d1e-a3ac-65d60267a12c"",""f416cc8b-3bc2-5c4c-a91c-c56faf748684""]",resources/views/study/sqli.blade.php,b7b3d663-7d0d-4ff5-a3fc-1725f24f38e8,True,8-18,[],SQL,Noah Fiedler,f8edaecf-8020-4564-bbf4-42b31ddc5d7a,d38eb7d2-e78b-5c2f-93e4-2e34846e80e6,False,31,2dba5c66-1c00-4eb4-8ac8-ad1381797bdb,A,"Der Controller rendert in allen Antwortzweigen die View study.sqli (SqlInjectionController.php, Z. 15–19; Z. 24–28; Z. 37–40). Die Blade-Datei enthält das GET-Formular einschließlich id und Submit sowie die Ausgabe des Status. Bei Erfolg werden first_name und last_name aus dem an die View übergebenen $user ausgegeben; bei unbekannter ID erscheint der Status NEGATIVE, bei ungültiger/leerer Eingabe INPUT_ERROR.",True,2026-10-07T16:20:14.255805Z,human,2,972066a9-40db-412d-b51a-dd1bcb10681b,a7c714ed-7f98-4b74-b481-8fc9add30268,1,explicit per metric; exact fractions and decimal display,,Menschliche lokale Selbstauskunft,observed,binary,1,decimal,A
M7-analysis-v5,0c44d85c-d8d9-572f-b0cb-1e52983adc6c,3,16df8fd5c75e6555e176c2af2952b61e14007c9e5197ba7a07bde1664a3af864,E-P0R1,M6-T1-8c649b85-5e98-4a63-b81c-fb1cbf97f6a1,8e51de70-de61-449f-a1b4-362fcc3a9df5,16df8fd5c75e6555e176c2af2952b61e14007c9e5197ba7a07bde1664a3af864,0a3d7540-d17c-469b-80fe-245b407091e2,8c6cccdc-37a3-46ac-82a5-a22d1d69000f,f8edaecf-8020-4564-bbf4-42b31ddc5d7a,2d9849af-4973-4fd8-a822-d8a60e17e5f5,81de6e6f-7d67-40af-b2be-f629e89085ed,completed,672365878648f984edbe331765fbaca28450124b7e3695518e4c97c917409fb1,42edf356-9e72-44ce-9889-267b2eb71de0,K1,2026-10-07T16:16:35.028346Z,T1,dbb63e68d4ed9e904fa985aa5b88d674205b6caab086a8d981ac8918a9c68fb5,empirical,"[""4afc763c-033e-501c-9c9c-453207d31e62"",""1fed9611-d0cc-51e5-86e7-4ba237c836a2"",""0e4d4039-5409-5be7-a300-ded85e9c22d7"",""1c4afc6f-6679-57b7-ab6b-cec3053e85a1"",""76216ff6-0dab-5f43-913f-741c2deb7596"",""fe7c5fea-171a-5d3e-b93c-b9d53dca7c67"",""784c942d-b222-5013-a2e4-de4aa477a143"",""2f2d84f4-6f41-5df7-a828-cc0a3d9cdddf"",""c68f6332-f200-5595-940d-e5bcad78f1fe"",""54c3aba8-cb42-5023-9591-5cdd68bdd7c5"",""b9ac296e-4c6c-5cdc-9e03-14868c124af2"",""022ddff9-4332-5ba5-b884-42537f220a0c"",""0d262496-18e1-5973-84a6-84fbda64d0ff"",""447860c8-1d56-518b-88ad-7e103990b756"",""616ecfda-7163-5a8d-ba60-01f623d8b124"",""656bacfc-b102-5379-8db2-2f9f127621e0"",""88f2e658-6155-5924-bc85-63fe2aabb08a"",""9f032fb3-90ca-5749-aff5-1065077ac10e"",""4d2e4005-a84b-525b-a492-d367c5e405d0"",""12b20e20-e117-5c00-83bc-e589b92b730e"",""e97a5398-37b9-5e89-91a9-9b3ae48d9534"",""7a8f92c5-5f85-593a-bf90-08e13c60a2e6"",""aa66f5e3-ac0e-57d6-9b69-aa54ea7c4fb9"",""d07b7490-853e-562b-b662-305e89e7718d"",""596c0800-372d-5056-8a35-9f8661656bf4"",""d08816e6-d4d6-5f35-9de3-d86528fa7a96"",""2e126757-f17e-5ee2-93db-94d31ed944b2"",""5e1af4e2-330f-563f-b639-2d3cd8d276c8"",""49cd1889-2a56-5913-8723-929335f68874"",""82b898ba-3b6d-567f-8996-4f259b74547e"",""d38eb7d2-e78b-5c2f-93e4-2e34846e80e6"",""33effc64-dcfe-5ced-badf-c4df49f68dc1"",""a3a03b99-34c0-504b-b529-32b798db318a"",""8b3ec7b0-123f-5597-95f7-1fafc5810d01"",""035c5442-19b8-5a84-8a59-b352a9660279"",""d6d45010-72fa-5741-b733-88958a8795d2"",""ab8215e5-b753-5a6a-a4e7-ad9caf42eeac"",""1b20061c-b208-551a-b06c-81ffeff623fc"",""9b6d0913-2ae6-5dab-ab36-d05e1c51b208"",""a27c1fb2-edc1-57e6-9d74-adb5a13fed3b"",""4696448b-8c21-591b-80cc-7344ea0b95ec"",""c1d75a33-928c-5636-b99c-def1fb29e0f5"",""61eebfb6-2555-5bce-ba71-7a750427392a"",""aba074a1-d451-595d-bc12-e257adbe7383"",""1ca34094-ee4d-5962-a78a-174d361a9cd3"",""7edb0577-da07-5c6f-8391-bb90e9822165"",""d7c5d484-54dc-5d1e-a3ac-65d60267a12c"",""f416cc8b-3bc2-5c4c-a91c-c56faf748684""]",,6d047f13-6d41-493e-8497-0a574d3a3585,True,,[],SQL,M6-evaluator-v1,f8edaecf-8020-4564-bbf4-42b31ddc5d7a,d38eb7d2-e78b-5c2f-93e4-2e34846e80e6,False,31,,A,Native syntax/boot plus independent intact scaffold control,True,2026-10-07T16:16:35.028305Z,automatic,1,972066a9-40db-412d-b51a-dd1bcb10681b,a7c714ed-7f98-4b74-b481-8fc9add30268,1,explicit per metric; exact fractions and decimal display,,M6-evaluator-v1,observed,binary,1,decimal,A
M7-analysis-v5,0c44d85c-d8d9-572f-b0cb-1e52983adc6c,3,16df8fd5c75e6555e176c2af2952b61e14007c9e5197ba7a07bde1664a3af864,E-P0R1,M6-T5-a544cf88-89d4-4ddb-884f-3ddee103993a,357ec038-5ea2-4536-b5d0-b6a209655d22,16df8fd5c75e6555e176c2af2952b61e14007c9e5197ba7a07bde1664a3af864,0a3d7540-d17c-469b-80fe-245b407091e2,8c6cccdc-37a3-46ac-82a5-a22d1d69000f,f8edaecf-8020-4564-bbf4-42b31ddc5d7a,2d9849af-4973-4fd8-a822-d8a60e17e5f5,81de6e6f-7d67-40af-b2be-f629e89085ed,completed,672365878648f984edbe331765fbaca28450124b7e3695518e4c97c917409fb1,42edf356-9e72-44ce-9889-267b2eb71de0,K1,2026-10-07T16:16:35.041335Z,T5,dbb63e68d4ed9e904fa985aa5b88d674205b6caab086a8d981ac8918a9c68fb5,empirical,"[""4afc763c-033e-501c-9c9c-453207d31e62"",""1fed9611-d0cc-51e5-86e7-4ba237c836a2"",""0e4d4039-5409-5be7-a300-ded85e9c22d7"",""1c4afc6f-6679-57b7-ab6b-cec3053e85a1"",""76216ff6-0dab-5f43-913f-741c2deb7596"",""fe7c5fea-171a-5d3e-b93c-b9d53dca7c67"",""784c942d-b222-5013-a2e4-de4aa477a143"",""2f2d84f4-6f41-5df7-a828-cc0a3d9cdddf"",""c68f6332-f200-5595-940d-e5bcad78f1fe"",""54c3aba8-cb42-5023-9591-5cdd68bdd7c5"",""b9ac296e-4c6c-5cdc-9e03-14868c124af2"",""022ddff9-4332-5ba5-b884-42537f220a0c"",""0d262496-18e1-5973-84a6-84fbda64d0ff"",""447860c8-1d56-518b-88ad-7e103990b756"",""616ecfda-7163-5a8d-ba60-01f623d8b124"",""656bacfc-b102-5379-8db2-2f9f127621e0"",""88f2e658-6155-5924-bc85-63fe2aabb08a"",""9f032fb3-90ca-5749-aff5-1065077ac10e"",""4d2e4005-a84b-525b-a492-d367c5e405d0"",""12b20e20-e117-5c00-83bc-e589b92b730e"",""e97a5398-37b9-5e89-91a9-9b3ae48d9534"",""7a8f92c5-5f85-593a-bf90-08e13c60a2e6"",""aa66f5e3-ac0e-57d6-9b69-aa54ea7c4fb9"",""d07b7490-853e-562b-b662-305e89e7718d"",""596c0800-372d-5056-8a35-9f8661656bf4"",""d08816e6-d4d6-5f35-9de3-d86528fa7a96"",""2e126757-f17e-5ee2-93db-94d31ed944b2"",""5e1af4e2-330f-563f-b639-2d3cd8d276c8"",""49cd1889-2a56-5913-8723-929335f68874"",""82b898ba-3b6d-567f-8996-4f259b74547e"",""d38eb7d2-e78b-5c2f-93e4-2e34846e80e6"",""33effc64-dcfe-5ced-badf-c4df49f68dc1"",""a3a03b99-34c0-504b-b529-32b798db318a"",""8b3ec7b0-123f-5597-95f7-1fafc5810d01"",""035c5442-19b8-5a84-8a59-b352a9660279"",""d6d45010-72fa-5741-b733-88958a8795d2"",""ab8215e5-b753-5a6a-a4e7-ad9caf42eeac"",""1b20061c-b208-551a-b06c-81ffeff623fc"",""9b6d0913-2ae6-5dab-ab36-d05e1c51b208"",""a27c1fb2-edc1-57e6-9d74-adb5a13fed3b"",""4696448b-8c21-591b-80cc-7344ea0b95ec"",""c1d75a33-928c-5636-b99c-def1fb29e0f5"",""61eebfb6-2555-5bce-ba71-7a750427392a"",""aba074a1-d451-595d-bc12-e257adbe7383"",""1ca34094-ee4d-5962-a78a-174d361a9cd3"",""7edb0577-da07-5c6f-8391-bb90e9822165"",""d7c5d484-54dc-5d1e-a3ac-65d60267a12c"",""f416cc8b-3bc2-5c4c-a91c-c56faf748684""]",,57154103-89b5-43fe-8a2a-d22f506b8de4,True,,[],SQL,M6-evaluator-v1,f8edaecf-8020-4564-bbf4-42b31ddc5d7a,d38eb7d2-e78b-5c2f-93e4-2e34846e80e6,False,31,,A,Protected scaffold/allowlist and effective access routes against intact control; other semantic doubt stays open,True,2026-10-07T16:16:35.041318Z,automatic,1,972066a9-40db-412d-b51a-dd1bcb10681b,a7c714ed-7f98-4b74-b481-8fc9add30268,1,explicit per metric; exact fractions and decimal display,,M6-evaluator-v1,observed,binary,1,decimal,A
M7-analysis-v5,0c44d85c-d8d9-572f-b0cb-1e52983adc6c,3,3364aaff15489d73e0f438972fb88f9fcc3ecc893f96ede62a2565a1fe2e5f5d,C-UP-0,HUMAN-REVIEW-68ef80d1-f455-4de4-a09e-b8f389574fbf,2cbf2296-6ff1-4302-94ff-f406d69d3dd6,3364aaff15489d73e0f438972fb88f9fcc3ecc893f96ede62a2565a1fe2e5f5d,8dbef385-378b-432b-81b2-3dfa5ed0e5b4,8c6cccdc-37a3-46ac-82a5-a22d1d69000f,f8edaecf-8020-4564-bbf4-42b31ddc5d7a,2d9849af-4973-4fd8-a822-d8a60e17e5f5,81de6e6f-7d67-40af-b2be-f629e89085ed,completed,c9b1cb0ac1f796fd7d6ed58a0ff22c16832977bd6a97c5a7afbce6e1adc06824,bc62af86-8509-48fe-a3bb-42e1d77fa60f,K0,2026-10-07T16:42:56.425949Z,T3,dbb63e68d4ed9e904fa985aa5b88d674205b6caab086a8d981ac8918a9c68fb5,empirical,"[""4afc763c-033e-501c-9c9c-453207d31e62"",""1fed9611-d0cc-51e5-86e7-4ba237c836a2"",""0e4d4039-5409-5be7-a300-ded85e9c22d7"",""1c4afc6f-6679-57b7-ab6b-cec3053e85a1"",""76216ff6-0dab-5f43-913f-741c2deb7596"",""fe7c5fea-171a-5d3e-b93c-b9d53dca7c67"",""784c942d-b222-5013-a2e4-de4aa477a143"",""2f2d84f4-6f41-5df7-a828-cc0a3d9cdddf"",""c68f6332-f200-5595-940d-e5bcad78f1fe"",""54c3aba8-cb42-5023-9591-5cdd68bdd7c5"",""b9ac296e-4c6c-5cdc-9e03-14868c124af2"",""022ddff9-4332-5ba5-b884-42537f220a0c"",""0d262496-18e1-5973-84a6-84fbda64d0ff"",""447860c8-1d56-518b-88ad-7e103990b756"",""616ecfda-7163-5a8d-ba60-01f623d8b124"",""656bacfc-b102-5379-8db2-2f9f127621e0"",""88f2e658-6155-5924-bc85-63fe2aabb08a"",""9f032fb3-90ca-5749-aff5-1065077ac10e"",""4d2e4005-a84b-525b-a492-d367c5e405d0"",""12b20e20-e117-5c00-83bc-e589b92b730e"",""e97a5398-37b9-5e89-91a9-9b3ae48d9534"",""7a8f92c5-5f85-593a-bf90-08e13c60a2e6"",""aa66f5e3-ac0e-57d6-9b69-aa54ea7c4fb9"",""d07b7490-853e-562b-b662-305e89e7718d"",""596c0800-372d-5056-8a35-9f8661656bf4"",""d08816e6-d4d6-5f35-9de3-d86528fa7a96"",""2e126757-f17e-5ee2-93db-94d31ed944b2"",""5e1af4e2-330f-563f-b639-2d3cd8d276c8"",""49cd1889-2a56-5913-8723-929335f68874"",""82b898ba-3b6d-567f-8996-4f259b74547e"",""d38eb7d2-e78b-5c2f-93e4-2e34846e80e6"",""33effc64-dcfe-5ced-badf-c4df49f68dc1"",""a3a03b99-34c0-504b-b529-32b798db318a"",""8b3ec7b0-123f-5597-95f7-1fafc5810d01"",""035c5442-19b8-5a84-8a59-b352a9660279"",""d6d45010-72fa-5741-b733-88958a8795d2"",""ab8215e5-b753-5a6a-a4e7-ad9caf42eeac"",""1b20061c-b208-551a-b06c-81ffeff623fc"",""9b6d0913-2ae6-5dab-ab36-d05e1c51b208"",""a27c1fb2-edc1-57e6-9d74-adb5a13fed3b"",""4696448b-8c21-591b-80cc-7344ea0b95ec"",""c1d75a33-928c-5636-b99c-def1fb29e0f5"",""61eebfb6-2555-5bce-ba71-7a750427392a"",""aba074a1-d451-595d-bc12-e257adbe7383"",""1ca34094-ee4d-5962-a78a-174d361a9cd3"",""7edb0577-da07-5c6f-8391-bb90e9822165"",""d7c5d484-54dc-5d1e-a3ac-65d60267a12c"",""f416cc8b-3bc2-5c4c-a91c-c56faf748684""]",resources/views/study/upload.blade.php,d3f8a5e5-47b7-4678-8c0e-ce1e3d6ebacf,True,10-22,[],UP,Noah Fiedler,f8edaecf-8020-4564-bbf4-42b31ddc5d7a,33effc64-dcfe-5ced-badf-c4df49f68dc1,True,32,7b6012f2-3dd2-4252-b1cf-69e631b376e7,A,"Beide Controllerpfade verwenden über die gemeinsame Methode page() die Blade-View study.upload. Die View enthält ein POST-Multipart-Formular mit CSRF-Token, Datei-Feld uploaded und Aktion Upload. Sie rendert außerdem Status und – nur bei Erfolg – den vom Controller gelieferten relativen Pfad. Damit werden Formular, Erfolgs- und Fehlerantworten über Blade ausgegeben.",True,2026-10-07T16:42:56.425941Z,human,2,972066a9-40db-412d-b51a-dd1bcb10681b,746f1cf0-3302-4166-8bee-925cadccb62c,1,explicit per metric; exact fractions and decimal display,,Menschliche lokale Selbstauskunft,observed,binary,1,decimal,A
M7-analysis-v5,0c44d85c-d8d9-572f-b0cb-1e52983adc6c,3,3364aaff15489d73e0f438972fb88f9fcc3ecc893f96ede62a2565a1fe2e5f5d,C-UP-0,HUMAN-REVIEW-e130f97e-dea0-45ee-a994-6ec6bf368749,e8b2592d-cdaa-4a54-9f7c-5a583708b00d,3364aaff15489d73e0f438972fb88f9fcc3ecc893f96ede62a2565a1fe2e5f5d,8dbef385-378b-432b-81b2-3dfa5ed0e5b4,8c6cccdc-37a3-46ac-82a5-a22d1d69000f,f8edaecf-8020-4564-bbf4-42b31ddc5d7a,2d9849af-4973-4fd8-a822-d8a60e17e5f5,81de6e6f-7d67-40af-b2be-f629e89085ed,completed,c9b1cb0ac1f796fd7d6ed58a0ff22c16832977bd6a97c5a7afbce6e1adc06824,bc62af86-8509-48fe-a3bb-42e1d77fa60f,K0,2026-10-07T16:43:16.191159Z,T4,dbb63e68d4ed9e904fa985aa5b88d674205b6caab086a8d981ac8918a9c68fb5,empirical,"[""4afc763c-033e-501c-9c9c-453207d31e62"",""1fed9611-d0cc-51e5-86e7-4ba237c836a2"",""0e4d4039-5409-5be7-a300-ded85e9c22d7"",""1c4afc6f-6679-57b7-ab6b-cec3053e85a1"",""76216ff6-0dab-5f43-913f-741c2deb7596"",""fe7c5fea-171a-5d3e-b93c-b9d53dca7c67"",""784c942d-b222-5013-a2e4-de4aa477a143"",""2f2d84f4-6f41-5df7-a828-cc0a3d9cdddf"",""c68f6332-f200-5595-940d-e5bcad78f1fe"",""54c3aba8-cb42-5023-9591-5cdd68bdd7c5"",""b9ac296e-4c6c-5cdc-9e03-14868c124af2"",""022ddff9-4332-5ba5-b884-42537f220a0c"",""0d262496-18e1-5973-84a6-84fbda64d0ff"",""447860c8-1d56-518b-88ad-7e103990b756"",""616ecfda-7163-5a8d-ba60-01f623d8b124"",""656bacfc-b102-5379-8db2-2f9f127621e0"",""88f2e658-6155-5924-bc85-63fe2aabb08a"",""9f032fb3-90ca-5749-aff5-1065077ac10e"",""4d2e4005-a84b-525b-a492-d367c5e405d0"",""12b20e20-e117-5c00-83bc-e589b92b730e"",""e97a5398-37b9-5e89-91a9-9b3ae48d9534"",""7a8f92c5-5f85-593a-bf90-08e13c60a2e6"",""aa66f5e3-ac0e-57d6-9b69-aa54ea7c4fb9"",""d07b7490-853e-562b-b662-305e89e7718d"",""596c0800-372d-5056-8a35-9f8661656bf4"",""d08816e6-d4d6-5f35-9de3-d86528fa7a96"",""2e126757-f17e-5ee2-93db-94d31ed944b2"",""5e1af4e2-330f-563f-b639-2d3cd8d276c8"",""49cd1889-2a56-5913-8723-929335f68874"",""82b898ba-3b6d-567f-8996-4f259b74547e"",""d38eb7d2-e78b-5c2f-93e4-2e34846e80e6"",""33effc64-dcfe-5ced-badf-c4df49f68dc1"",""a3a03b99-34c0-504b-b529-32b798db318a"",""8b3ec7b0-123f-5597-95f7-1fafc5810d01"",""035c5442-19b8-5a84-8a59-b352a9660279"",""d6d45010-72fa-5741-b733-88958a8795d2"",""ab8215e5-b753-5a6a-a4e7-ad9caf42eeac"",""1b20061c-b208-551a-b06c-81ffeff623fc"",""9b6d0913-2ae6-5dab-ab36-d05e1c51b208"",""a27c1fb2-edc1-57e6-9d74-adb5a13fed3b"",""4696448b-8c21-591b-80cc-7344ea0b95ec"",""c1d75a33-928c-5636-b99c-def1fb29e0f5"",""61eebfb6-2555-5bce-ba71-7a750427392a"",""aba074a1-d451-595d-bc12-e257adbe7383"",""1ca34094-ee4d-5962-a78a-174d361a9cd3"",""7edb0577-da07-5c6f-8391-bb90e9822165"",""d7c5d484-54dc-5d1e-a3ac-65d60267a12c"",""f416cc8b-3bc2-5c4c-a91c-c56faf748684""]",app/Http/Controllers/Study/UploadController.php,8bcc2b5b-6344-4619-8090-87e71b4cfdc3,True,89-105,"[""9c8d925d-18bf-43cf-9835-ae1bde53128c""]",UP,Noah Fiedler,f8edaecf-8020-4564-bbf4-42b31ddc5d7a,33effc64-dcfe-5ced-badf-c4df49f68dc1,True,32,2174020a-1528-48e7-aa56-16a5c758af87,A,"Der Code spricht deutlich für die korrekte Laravel-Anbindung: Er liest uploaded über $request->file(...), nutzt Storage::disk('study_uploads'), speichert mit putFileAs, prüft danach Existenz, Größe und SHA-256 der geschriebenen Datei und liefert study/uploads/<Originalname> zurück. Die konfigurierte Disk zeigt auf storage/app/study/uploads.",True,2026-10-07T16:43:16.191144Z,human,2,972066a9-40db-412d-b51a-dd1bcb10681b,746f1cf0-3302-4166-8bee-925cadccb62c,1,explicit per metric; exact fractions and decimal display,,Menschliche lokale Selbstauskunft,observed,binary,1,decimal,A
M7-analysis-v5,0c44d85c-d8d9-572f-b0cb-1e52983adc6c,3,3364aaff15489d73e0f438972fb88f9fcc3ecc893f96ede62a2565a1fe2e5f5d,C-UP-0,HUMAN-REVIEW-f85e25c2-4b3f-48ab-be9a-8742f3d9174e,e8b2592d-cdaa-4a54-9f7c-5a583708b00d,3364aaff15489d73e0f438972fb88f9fcc3ecc893f96ede62a2565a1fe2e5f5d,8dbef385-378b-432b-81b2-3dfa5ed0e5b4,8c6cccdc-37a3-46ac-82a5-a22d1d69000f,f8edaecf-8020-4564-bbf4-42b31ddc5d7a,2d9849af-4973-4fd8-a822-d8a60e17e5f5,81de6e6f-7d67-40af-b2be-f629e89085ed,completed,c9b1cb0ac1f796fd7d6ed58a0ff22c16832977bd6a97c5a7afbce6e1adc06824,bc62af86-8509-48fe-a3bb-42e1d77fa60f,K0,2026-10-07T16:42:37.222486Z,T2,dbb63e68d4ed9e904fa985aa5b88d674205b6caab086a8d981ac8918a9c68fb5,empirical,"[""4afc763c-033e-501c-9c9c-453207d31e62"",""1fed9611-d0cc-51e5-86e7-4ba237c836a2"",""0e4d4039-5409-5be7-a300-ded85e9c22d7"",""1c4afc6f-6679-57b7-ab6b-cec3053e85a1"",""76216ff6-0dab-5f43-913f-741c2deb7596"",""fe7c5fea-171a-5d3e-b93c-b9d53dca7c67"",""784c942d-b222-5013-a2e4-de4aa477a143"",""2f2d84f4-6f41-5df7-a828-cc0a3d9cdddf"",""c68f6332-f200-5595-940d-e5bcad78f1fe"",""54c3aba8-cb42-5023-9591-5cdd68bdd7c5"",""b9ac296e-4c6c-5cdc-9e03-14868c124af2"",""022ddff9-4332-5ba5-b884-42537f220a0c"",""0d262496-18e1-5973-84a6-84fbda64d0ff"",""447860c8-1d56-518b-88ad-7e103990b756"",""616ecfda-7163-5a8d-ba60-01f623d8b124"",""656bacfc-b102-5379-8db2-2f9f127621e0"",""88f2e658-6155-5924-bc85-63fe2aabb08a"",""9f032fb3-90ca-5749-aff5-1065077ac10e"",""4d2e4005-a84b-525b-a492-d367c5e405d0"",""12b20e20-e117-5c00-83bc-e589b92b730e"",""e97a5398-37b9-5e89-91a9-9b3ae48d9534"",""7a8f92c5-5f85-593a-bf90-08e13c60a2e6"",""aa66f5e3-ac0e-57d6-9b69-aa54ea7c4fb9"",""d07b7490-853e-562b-b662-305e89e7718d"",""596c0800-372d-5056-8a35-9f8661656bf4"",""d08816e6-d4d6-5f35-9de3-d86528fa7a96"",""2e126757-f17e-5ee2-93db-94d31ed944b2"",""5e1af4e2-330f-563f-b639-2d3cd8d276c8"",""49cd1889-2a56-5913-8723-929335f68874"",""82b898ba-3b6d-567f-8996-4f259b74547e"",""d38eb7d2-e78b-5c2f-93e4-2e34846e80e6"",""33effc64-dcfe-5ced-badf-c4df49f68dc1"",""a3a03b99-34c0-504b-b529-32b798db318a"",""8b3ec7b0-123f-5597-95f7-1fafc5810d01"",""035c5442-19b8-5a84-8a59-b352a9660279"",""d6d45010-72fa-5741-b733-88958a8795d2"",""ab8215e5-b753-5a6a-a4e7-ad9caf42eeac"",""1b20061c-b208-551a-b06c-81ffeff623fc"",""9b6d0913-2ae6-5dab-ab36-d05e1c51b208"",""a27c1fb2-edc1-57e6-9d74-adb5a13fed3b"",""4696448b-8c21-591b-80cc-7344ea0b95ec"",""c1d75a33-928c-5636-b99c-def1fb29e0f5"",""61eebfb6-2555-5bce-ba71-7a750427392a"",""aba074a1-d451-595d-bc12-e257adbe7383"",""1ca34094-ee4d-5962-a78a-174d361a9cd3"",""7edb0577-da07-5c6f-8391-bb90e9822165"",""d7c5d484-54dc-5d1e-a3ac-65d60267a12c"",""f416cc8b-3bc2-5c4c-a91c-c56faf748684""]",app/Http/Controllers/Study/UploadController.php,35252a8d-523e-401d-9758-9bc03ee19fd8,True,19-30,[],UP,Noah Fiedler,f8edaecf-8020-4564-bbf4-42b31ddc5d7a,33effc64-dcfe-5ced-badf-c4df49f68dc1,True,32,de5d3757-3447-4ed0-be94-51748d5fa9bf,A,"GET und POST für /study/upload sind explizit den Methoden show bzw. store des UploadController zugeordnet. show() führt zur Seitendarstellung; store() verarbeitet die POST-Aktion, liest die hochgeladene Datei ein und gibt für Erfolg sowie Fehler die Seitenantwort zurück. Es gibt keinen Verweis auf ein Legacy-Skript.",True,2026-10-07T16:42:37.222478Z,human,2,972066a9-40db-412d-b51a-dd1bcb10681b,746f1cf0-3302-4166-8bee-925cadccb62c,1,explicit per metric; exact fractions and decimal display,,Menschliche lokale Selbstauskunft,observed,binary,1,decimal,A
M7-analysis-v5,0c44d85c-d8d9-572f-b0cb-1e52983adc6c,3,3364aaff15489d73e0f438972fb88f9fcc3ecc893f96ede62a2565a1fe2e5f5d,C-UP-0,M6-T1-8e9f2004-10d2-4df5-8247-a38ceb16e39a,6a030832-e663-4029-a7ee-c53e78898272,3364aaff15489d73e0f438972fb88f9fcc3ecc893f96ede62a2565a1fe2e5f5d,8dbef385-378b-432b-81b2-3dfa5ed0e5b4,8c6cccdc-37a3-46ac-82a5-a22d1d69000f,f8edaecf-8020-4564-bbf4-42b31ddc5d7a,2d9849af-4973-4fd8-a822-d8a60e17e5f5,81de6e6f-7d67-40af-b2be-f629e89085ed,completed,c9b1cb0ac1f796fd7d6ed58a0ff22c16832977bd6a97c5a7afbce6e1adc06824,bc62af86-8509-48fe-a3bb-42e1d77fa60f,K0,2026-10-07T16:38:57.945433Z,T1,dbb63e68d4ed9e904fa985aa5b88d674205b6caab086a8d981ac8918a9c68fb5,empirical,"[""4afc763c-033e-501c-9c9c-453207d31e62"",""1fed9611-d0cc-51e5-86e7-4ba237c836a2"",""0e4d4039-5409-5be7-a300-ded85e9c22d7"",""1c4afc6f-6679-57b7-ab6b-cec3053e85a1"",""76216ff6-0dab-5f43-913f-741c2deb7596"",""fe7c5fea-171a-5d3e-b93c-b9d53dca7c67"",""784c942d-b222-5013-a2e4-de4aa477a143"",""2f2d84f4-6f41-5df7-a828-cc0a3d9cdddf"",""c68f6332-f200-5595-940d-e5bcad78f1fe"",""54c3aba8-cb42-5023-9591-5cdd68bdd7c5"",""b9ac296e-4c6c-5cdc-9e03-14868c124af2"",""022ddff9-4332-5ba5-b884-42537f220a0c"",""0d262496-18e1-5973-84a6-84fbda64d0ff"",""447860c8-1d56-518b-88ad-7e103990b756"",""616ecfda-7163-5a8d-ba60-01f623d8b124"",""656bacfc-b102-5379-8db2-2f9f127621e0"",""88f2e658-6155-5924-bc85-63fe2aabb08a"",""9f032fb3-90ca-5749-aff5-1065077ac10e"",""4d2e4005-a84b-525b-a492-d367c5e405d0"",""12b20e20-e117-5c00-83bc-e589b92b730e"",""e97a5398-37b9-5e89-91a9-9b3ae48d9534"",""7a8f92c5-5f85-593a-bf90-08e13c60a2e6"",""aa66f5e3-ac0e-57d6-9b69-aa54ea7c4fb9"",""d07b7490-853e-562b-b662-305e89e7718d"",""596c0800-372d-5056-8a35-9f8661656bf4"",""d08816e6-d4d6-5f35-9de3-d86528fa7a96"",""2e126757-f17e-5ee2-93db-94d31ed944b2"",""5e1af4e2-330f-563f-b639-2d3cd8d276c8"",""49cd1889-2a56-5913-8723-929335f68874"",""82b898ba-3b6d-567f-8996-4f259b74547e"",""d38eb7d2-e78b-5c2f-93e4-2e34846e80e6"",""33effc64-dcfe-5ced-badf-c4df49f68dc1"",""a3a03b99-34c0-504b-b529-32b798db318a"",""8b3ec7b0-123f-5597-95f7-1fafc5810d01"",""035c5442-19b8-5a84-8a59-b352a9660279"",""d6d45010-72fa-5741-b733-88958a8795d2"",""ab8215e5-b753-5a6a-a4e7-ad9caf42eeac"",""1b20061c-b208-551a-b06c-81ffeff623fc"",""9b6d0913-2ae6-5dab-ab36-d05e1c51b208"",""a27c1fb2-edc1-57e6-9d74-adb5a13fed3b"",""4696448b-8c21-591b-80cc-7344ea0b95ec"",""c1d75a33-928c-5636-b99c-def1fb29e0f5"",""61eebfb6-2555-5bce-ba71-7a750427392a"",""aba074a1-d451-595d-bc12-e257adbe7383"",""1ca34094-ee4d-5962-a78a-174d361a9cd3"",""7edb0577-da07-5c6f-8391-bb90e9822165"",""d7c5d484-54dc-5d1e-a3ac-65d60267a12c"",""f416cc8b-3bc2-5c4c-a91c-c56faf748684""]",,7e33a2d3-cb39-47ec-a745-87fc3178e424,True,,[],UP,M6-evaluator-v1,f8edaecf-8020-4564-bbf4-42b31ddc5d7a,33effc64-dcfe-5ced-badf-c4df49f68dc1,True,32,,A,Native syntax/boot plus independent intact scaffold control,True,2026-10-07T16:38:57.945416Z,automatic,1,972066a9-40db-412d-b51a-dd1bcb10681b,746f1cf0-3302-4166-8bee-925cadccb62c,1,explicit per metric; exact fractions and decimal display,,M6-evaluator-v1,observed,binary,1,decimal,A
M7-analysis-v5,0c44d85c-d8d9-572f-b0cb-1e52983adc6c,3,3364aaff15489d73e0f438972fb88f9fcc3ecc893f96ede62a2565a1fe2e5f5d,C-UP-0,M6-T5-8a3ce261-1d4c-474b-9acb-d98977b95efd,d9081b8d-e5c2-4e9a-8d3e-296b354b118a,3364aaff15489d73e0f438972fb88f9fcc3ecc893f96ede62a2565a1fe2e5f5d,8dbef385-378b-432b-81b2-3dfa5ed0e5b4,8c6cccdc-37a3-46ac-82a5-a22d1d69000f,f8edaecf-8020-4564-bbf4-42b31ddc5d7a,2d9849af-4973-4fd8-a822-d8a60e17e5f5,81de6e6f-7d67-40af-b2be-f629e89085ed,completed,c9b1cb0ac1f796fd7d6ed58a0ff22c16832977bd6a97c5a7afbce6e1adc06824,bc62af86-8509-48fe-a3bb-42e1d77fa60f,K0,2026-10-07T16:38:57.953233Z,T5,dbb63e68d4ed9e904fa985aa5b88d674205b6caab086a8d981ac8918a9c68fb5,empirical,"[""4afc763c-033e-501c-9c9c-453207d31e62"",""1fed9611-d0cc-51e5-86e7-4ba237c836a2"",""0e4d4039-5409-5be7-a300-ded85e9c22d7"",""1c4afc6f-6679-57b7-ab6b-cec3053e85a1"",""76216ff6-0dab-5f43-913f-741c2deb7596"",""fe7c5fea-171a-5d3e-b93c-b9d53dca7c67"",""784c942d-b222-5013-a2e4-de4aa477a143"",""2f2d84f4-6f41-5df7-a828-cc0a3d9cdddf"",""c68f6332-f200-5595-940d-e5bcad78f1fe"",""54c3aba8-cb42-5023-9591-5cdd68bdd7c5"",""b9ac296e-4c6c-5cdc-9e03-14868c124af2"",""022ddff9-4332-5ba5-b884-42537f220a0c"",""0d262496-18e1-5973-84a6-84fbda64d0ff"",""447860c8-1d56-518b-88ad-7e103990b756"",""616ecfda-7163-5a8d-ba60-01f623d8b124"",""656bacfc-b102-5379-8db2-2f9f127621e0"",""88f2e658-6155-5924-bc85-63fe2aabb08a"",""9f032fb3-90ca-5749-aff5-1065077ac10e"",""4d2e4005-a84b-525b-a492-d367c5e405d0"",""12b20e20-e117-5c00-83bc-e589b92b730e"",""e97a5398-37b9-5e89-91a9-9b3ae48d9534"",""7a8f92c5-5f85-593a-bf90-08e13c60a2e6"",""aa66f5e3-ac0e-57d6-9b69-aa54ea7c4fb9"",""d07b7490-853e-562b-b662-305e89e7718d"",""596c0800-372d-5056-8a35-9f8661656bf4"",""d08816e6-d4d6-5f35-9de3-d86528fa7a96"",""2e126757-f17e-5ee2-93db-94d31ed944b2"",""5e1af4e2-330f-563f-b639-2d3cd8d276c8"",""49cd1889-2a56-5913-8723-929335f68874"",""82b898ba-3b6d-567f-8996-4f259b74547e"",""d38eb7d2-e78b-5c2f-93e4-2e34846e80e6"",""33effc64-dcfe-5ced-badf-c4df49f68dc1"",""a3a03b99-34c0-504b-b529-32b798db318a"",""8b3ec7b0-123f-5597-95f7-1fafc5810d01"",""035c5442-19b8-5a84-8a59-b352a9660279"",""d6d45010-72fa-5741-b733-88958a8795d2"",""ab8215e5-b753-5a6a-a4e7-ad9caf42eeac"",""1b20061c-b208-551a-b06c-81ffeff623fc"",""9b6d0913-2ae6-5dab-ab36-d05e1c51b208"",""a27c1fb2-edc1-57e6-9d74-adb5a13fed3b"",""4696448b-8c21-591b-80cc-7344ea0b95ec"",""c1d75a33-928c-5636-b99c-def1fb29e0f5"",""61eebfb6-2555-5bce-ba71-7a750427392a"",""aba074a1-d451-595d-bc12-e257adbe7383"",""1ca34094-ee4d-5962-a78a-174d361a9cd3"",""7edb0577-da07-5c6f-8391-bb90e9822165"",""d7c5d484-54dc-5d1e-a3ac-65d60267a12c"",""f416cc8b-3bc2-5c4c-a91c-c56faf748684""]",,ec8780fd-839e-414c-82b0-5cd66494a5fa,True,,[],UP,M6-evaluator-v1,f8edaecf-8020-4564-bbf4-42b31ddc5d7a,33effc64-dcfe-5ced-badf-c4df49f68dc1,True,32,,A,Protected scaffold/allowlist and effective access routes against intact control; other semantic doubt stays open,True,2026-10-07T16:38:57.953228Z,automatic,1,972066a9-40db-412d-b51a-dd1bcb10681b,746f1cf0-3302-4166-8bee-925cadccb62c,1,explicit per metric; exact fractions and decimal display,,M6-evaluator-v1,observed,binary,1,decimal,A
M7-analysis-v5,0c44d85c-d8d9-572f-b0cb-1e52983adc6c,3,5f187b71962c8fc43f0c431196239ba2c422245270ebb8b46072e8c1312dd8ca,E-BA,HUMAN-REVIEW-3c6705cd-5114-4fb1-a81a-1704f1d18775,69c02683-ecc0-4cb4-a419-23cf9e049220,5f187b71962c8fc43f0c431196239ba2c422245270ebb8b46072e8c1312dd8ca,77c6932e-6e19-4e24-815e-8d2325eae231,8c6cccdc-37a3-46ac-82a5-a22d1d69000f,f8edaecf-8020-4564-bbf4-42b31ddc5d7a,2d9849af-4973-4fd8-a822-d8a60e17e5f5,81de6e6f-7d67-40af-b2be-f629e89085ed,completed,c95570638786f34bdf300259908c703357f319349529bd0f72711c0b41f6d98a,bcba9767-41cd-49d9-aa5e-687d9d4d0032,K1,2026-10-07T17:07:54.985097Z,T2,dbb63e68d4ed9e904fa985aa5b88d674205b6caab086a8d981ac8918a9c68fb5,empirical,"[""4afc763c-033e-501c-9c9c-453207d31e62"",""1fed9611-d0cc-51e5-86e7-4ba237c836a2"",""0e4d4039-5409-5be7-a300-ded85e9c22d7"",""1c4afc6f-6679-57b7-ab6b-cec3053e85a1"",""76216ff6-0dab-5f43-913f-741c2deb7596"",""fe7c5fea-171a-5d3e-b93c-b9d53dca7c67"",""784c942d-b222-5013-a2e4-de4aa477a143"",""2f2d84f4-6f41-5df7-a828-cc0a3d9cdddf"",""c68f6332-f200-5595-940d-e5bcad78f1fe"",""54c3aba8-cb42-5023-9591-5cdd68bdd7c5"",""b9ac296e-4c6c-5cdc-9e03-14868c124af2"",""022ddff9-4332-5ba5-b884-42537f220a0c"",""0d262496-18e1-5973-84a6-84fbda64d0ff"",""447860c8-1d56-518b-88ad-7e103990b756"",""616ecfda-7163-5a8d-ba60-01f623d8b124"",""656bacfc-b102-5379-8db2-2f9f127621e0"",""88f2e658-6155-5924-bc85-63fe2aabb08a"",""9f032fb3-90ca-5749-aff5-1065077ac10e"",""4d2e4005-a84b-525b-a492-d367c5e405d0"",""12b20e20-e117-5c00-83bc-e589b92b730e"",""e97a5398-37b9-5e89-91a9-9b3ae48d9534"",""7a8f92c5-5f85-593a-bf90-08e13c60a2e6"",""aa66f5e3-ac0e-57d6-9b69-aa54ea7c4fb9"",""d07b7490-853e-562b-b662-305e89e7718d"",""596c0800-372d-5056-8a35-9f8661656bf4"",""d08816e6-d4d6-5f35-9de3-d86528fa7a96"",""2e126757-f17e-5ee2-93db-94d31ed944b2"",""5e1af4e2-330f-563f-b639-2d3cd8d276c8"",""49cd1889-2a56-5913-8723-929335f68874"",""82b898ba-3b6d-567f-8996-4f259b74547e"",""d38eb7d2-e78b-5c2f-93e4-2e34846e80e6"",""33effc64-dcfe-5ced-badf-c4df49f68dc1"",""a3a03b99-34c0-504b-b529-32b798db318a"",""8b3ec7b0-123f-5597-95f7-1fafc5810d01"",""035c5442-19b8-5a84-8a59-b352a9660279"",""d6d45010-72fa-5741-b733-88958a8795d2"",""ab8215e5-b753-5a6a-a4e7-ad9caf42eeac"",""1b20061c-b208-551a-b06c-81ffeff623fc"",""9b6d0913-2ae6-5dab-ab36-d05e1c51b208"",""a27c1fb2-edc1-57e6-9d74-adb5a13fed3b"",""4696448b-8c21-591b-80cc-7344ea0b95ec"",""c1d75a33-928c-5636-b99c-def1fb29e0f5"",""61eebfb6-2555-5bce-ba71-7a750427392a"",""aba074a1-d451-595d-bc12-e257adbe7383"",""1ca34094-ee4d-5962-a78a-174d361a9cd3"",""7edb0577-da07-5c6f-8391-bb90e9822165"",""d7c5d484-54dc-5d1e-a3ac-65d60267a12c"",""f416cc8b-3bc2-5c4c-a91c-c56faf748684""]",app/Http/Controllers/Study/SqliController.php,f8579f89-896f-4c4b-8e9b-01d5f50bead9,True,15-45,[],SQL,Noah Fiedler,f8edaecf-8020-4564-bbf4-42b31ddc5d7a,a3a03b99-34c0-504b-b529-32b798db318a,True,33,9b4d0b07-5996-45e7-886a-3a3dd483a0fa,B,"Die Route /study/sqli verweist auf SqliController::show. Die Methode unterscheidet Formularanzeige ohne Submit, Eingabefehler, nicht gefundene IDs und erfolgreiche Treffer. Die Verarbeitung erfolgt direkt im Controller; im verfolgten Pfad gibt es keine Einbindung eines Legacy-Skripts.",True,2026-10-07T17:07:54.985090Z,human,2,972066a9-40db-412d-b51a-dd1bcb10681b,edc938ec-9bf1-48cf-8cef-6f6a5b20ad29,1,explicit per metric; exact fractions and decimal display,,Menschliche lokale Selbstauskunft,observed,binary,1,decimal,A
M7-analysis-v5,0c44d85c-d8d9-572f-b0cb-1e52983adc6c,3,5f187b71962c8fc43f0c431196239ba2c422245270ebb8b46072e8c1312dd8ca,E-BA,HUMAN-REVIEW-852bed3c-362b-4831-bd5e-4d081ba011cf,69c02683-ecc0-4cb4-a419-23cf9e049220,5f187b71962c8fc43f0c431196239ba2c422245270ebb8b46072e8c1312dd8ca,77c6932e-6e19-4e24-815e-8d2325eae231,8c6cccdc-37a3-46ac-82a5-a22d1d69000f,f8edaecf-8020-4564-bbf4-42b31ddc5d7a,2d9849af-4973-4fd8-a822-d8a60e17e5f5,81de6e6f-7d67-40af-b2be-f629e89085ed,completed,c95570638786f34bdf300259908c703357f319349529bd0f72711c0b41f6d98a,bcba9767-41cd-49d9-aa5e-687d9d4d0032,K1,2026-10-07T17:08:26.969814Z,T4,dbb63e68d4ed9e904fa985aa5b88d674205b6caab086a8d981ac8918a9c68fb5,empirical,"[""4afc763c-033e-501c-9c9c-453207d31e62"",""1fed9611-d0cc-51e5-86e7-4ba237c836a2"",""0e4d4039-5409-5be7-a300-ded85e9c22d7"",""1c4afc6f-6679-57b7-ab6b-cec3053e85a1"",""76216ff6-0dab-5f43-913f-741c2deb7596"",""fe7c5fea-171a-5d3e-b93c-b9d53dca7c67"",""784c942d-b222-5013-a2e4-de4aa477a143"",""2f2d84f4-6f41-5df7-a828-cc0a3d9cdddf"",""c68f6332-f200-5595-940d-e5bcad78f1fe"",""54c3aba8-cb42-5023-9591-5cdd68bdd7c5"",""b9ac296e-4c6c-5cdc-9e03-14868c124af2"",""022ddff9-4332-5ba5-b884-42537f220a0c"",""0d262496-18e1-5973-84a6-84fbda64d0ff"",""447860c8-1d56-518b-88ad-7e103990b756"",""616ecfda-7163-5a8d-ba60-01f623d8b124"",""656bacfc-b102-5379-8db2-2f9f127621e0"",""88f2e658-6155-5924-bc85-63fe2aabb08a"",""9f032fb3-90ca-5749-aff5-1065077ac10e"",""4d2e4005-a84b-525b-a492-d367c5e405d0"",""12b20e20-e117-5c00-83bc-e589b92b730e"",""e97a5398-37b9-5e89-91a9-9b3ae48d9534"",""7a8f92c5-5f85-593a-bf90-08e13c60a2e6"",""aa66f5e3-ac0e-57d6-9b69-aa54ea7c4fb9"",""d07b7490-853e-562b-b662-305e89e7718d"",""596c0800-372d-5056-8a35-9f8661656bf4"",""d08816e6-d4d6-5f35-9de3-d86528fa7a96"",""2e126757-f17e-5ee2-93db-94d31ed944b2"",""5e1af4e2-330f-563f-b639-2d3cd8d276c8"",""49cd1889-2a56-5913-8723-929335f68874"",""82b898ba-3b6d-567f-8996-4f259b74547e"",""d38eb7d2-e78b-5c2f-93e4-2e34846e80e6"",""33effc64-dcfe-5ced-badf-c4df49f68dc1"",""a3a03b99-34c0-504b-b529-32b798db318a"",""8b3ec7b0-123f-5597-95f7-1fafc5810d01"",""035c5442-19b8-5a84-8a59-b352a9660279"",""d6d45010-72fa-5741-b733-88958a8795d2"",""ab8215e5-b753-5a6a-a4e7-ad9caf42eeac"",""1b20061c-b208-551a-b06c-81ffeff623fc"",""9b6d0913-2ae6-5dab-ab36-d05e1c51b208"",""a27c1fb2-edc1-57e6-9d74-adb5a13fed3b"",""4696448b-8c21-591b-80cc-7344ea0b95ec"",""c1d75a33-928c-5636-b99c-def1fb29e0f5"",""61eebfb6-2555-5bce-ba71-7a750427392a"",""aba074a1-d451-595d-bc12-e257adbe7383"",""1ca34094-ee4d-5962-a78a-174d361a9cd3"",""7edb0577-da07-5c6f-8391-bb90e9822165"",""d7c5d484-54dc-5d1e-a3ac-65d60267a12c"",""f416cc8b-3bc2-5c4c-a91c-c56faf748684""]",app/Http/Controllers/Study/SqliController.php,5bb2809a-a4b4-4270-9cfc-7d54cb0b72b6,True,31-44,"[""ef3fd2ca-c585-4907-8242-a773cd99a75a""]",SQL,Noah Fiedler,f8edaecf-8020-4564-bbf4-42b31ddc5d7a,a3a03b99-34c0-504b-b529-32b798db318a,True,33,411bab40-3998-4ee4-b9f5-050e7f1bd6fe,B,"Der Quellcode spricht klar für eine korrekte Laravel-Anbindung: Die validierte ID wird mittels Eloquent über User::query()->where('user_id', …)->first(...) abgefragt; Vor- und Nachname stammen unmittelbar aus dem zurückgegebenen Modell. Das Modell verweist auf die Tabelle users, und die Compose-Konfiguration bindet Schema und Entwicklungsdaten in MySQL ein.",True,2026-10-07T17:08:26.969808Z,human,2,972066a9-40db-412d-b51a-dd1bcb10681b,edc938ec-9bf1-48cf-8cef-6f6a5b20ad29,1,explicit per metric; exact fractions and decimal display,,Menschliche lokale Selbstauskunft,observed,binary,1,decimal,A
M7-analysis-v5,0c44d85c-d8d9-572f-b0cb-1e52983adc6c,3,5f187b71962c8fc43f0c431196239ba2c422245270ebb8b46072e8c1312dd8ca,E-BA,HUMAN-REVIEW-d0e56b94-b731-4a23-95dd-00db4eed8fb4,aae87857-de63-4cfe-8608-71ad290a9048,5f187b71962c8fc43f0c431196239ba2c422245270ebb8b46072e8c1312dd8ca,77c6932e-6e19-4e24-815e-8d2325eae231,8c6cccdc-37a3-46ac-82a5-a22d1d69000f,f8edaecf-8020-4564-bbf4-42b31ddc5d7a,2d9849af-4973-4fd8-a822-d8a60e17e5f5,81de6e6f-7d67-40af-b2be-f629e89085ed,completed,c95570638786f34bdf300259908c703357f319349529bd0f72711c0b41f6d98a,bcba9767-41cd-49d9-aa5e-687d9d4d0032,K1,2026-10-07T17:08:11.856137Z,T3,dbb63e68d4ed9e904fa985aa5b88d674205b6caab086a8d981ac8918a9c68fb5,empirical,"[""4afc763c-033e-501c-9c9c-453207d31e62"",""1fed9611-d0cc-51e5-86e7-4ba237c836a2"",""0e4d4039-5409-5be7-a300-ded85e9c22d7"",""1c4afc6f-6679-57b7-ab6b-cec3053e85a1"",""76216ff6-0dab-5f43-913f-741c2deb7596"",""fe7c5fea-171a-5d3e-b93c-b9d53dca7c67"",""784c942d-b222-5013-a2e4-de4aa477a143"",""2f2d84f4-6f41-5df7-a828-cc0a3d9cdddf"",""c68f6332-f200-5595-940d-e5bcad78f1fe"",""54c3aba8-cb42-5023-9591-5cdd68bdd7c5"",""b9ac296e-4c6c-5cdc-9e03-14868c124af2"",""022ddff9-4332-5ba5-b884-42537f220a0c"",""0d262496-18e1-5973-84a6-84fbda64d0ff"",""447860c8-1d56-518b-88ad-7e103990b756"",""616ecfda-7163-5a8d-ba60-01f623d8b124"",""656bacfc-b102-5379-8db2-2f9f127621e0"",""88f2e658-6155-5924-bc85-63fe2aabb08a"",""9f032fb3-90ca-5749-aff5-1065077ac10e"",""4d2e4005-a84b-525b-a492-d367c5e405d0"",""12b20e20-e117-5c00-83bc-e589b92b730e"",""e97a5398-37b9-5e89-91a9-9b3ae48d9534"",""7a8f92c5-5f85-593a-bf90-08e13c60a2e6"",""aa66f5e3-ac0e-57d6-9b69-aa54ea7c4fb9"",""d07b7490-853e-562b-b662-305e89e7718d"",""596c0800-372d-5056-8a35-9f8661656bf4"",""d08816e6-d4d6-5f35-9de3-d86528fa7a96"",""2e126757-f17e-5ee2-93db-94d31ed944b2"",""5e1af4e2-330f-563f-b639-2d3cd8d276c8"",""49cd1889-2a56-5913-8723-929335f68874"",""82b898ba-3b6d-567f-8996-4f259b74547e"",""d38eb7d2-e78b-5c2f-93e4-2e34846e80e6"",""33effc64-dcfe-5ced-badf-c4df49f68dc1"",""a3a03b99-34c0-504b-b529-32b798db318a"",""8b3ec7b0-123f-5597-95f7-1fafc5810d01"",""035c5442-19b8-5a84-8a59-b352a9660279"",""d6d45010-72fa-5741-b733-88958a8795d2"",""ab8215e5-b753-5a6a-a4e7-ad9caf42eeac"",""1b20061c-b208-551a-b06c-81ffeff623fc"",""9b6d0913-2ae6-5dab-ab36-d05e1c51b208"",""a27c1fb2-edc1-57e6-9d74-adb5a13fed3b"",""4696448b-8c21-591b-80cc-7344ea0b95ec"",""c1d75a33-928c-5636-b99c-def1fb29e0f5"",""61eebfb6-2555-5bce-ba71-7a750427392a"",""aba074a1-d451-595d-bc12-e257adbe7383"",""1ca34094-ee4d-5962-a78a-174d361a9cd3"",""7edb0577-da07-5c6f-8391-bb90e9822165"",""d7c5d484-54dc-5d1e-a3ac-65d60267a12c"",""f416cc8b-3bc2-5c4c-a91c-c56faf748684""]",resources/views/study/sqli.blade.php,d0217795-52f5-4323-8948-abcea6d936bc,True,10-24,[],SQL,Noah Fiedler,f8edaecf-8020-4564-bbf4-42b31ddc5d7a,a3a03b99-34c0-504b-b529-32b798db318a,True,33,6825b48b-f7a9-4285-945f-424ebdb7602d,B,"Sämtliche Antwortzweige des Controllers verwenden response()->view('study.sqli', ...). Die Blade-Datei enthält das GET-Formular sowie eine bedingte Ergebnisausgabe. Sie zeigt den Status für Fehler bzw. nicht gefundene IDs und bei Erfolg Vor- und Nachname aus den vom Controller übergebenen Daten.",True,2026-10-07T17:08:11.856129Z,human,2,972066a9-40db-412d-b51a-dd1bcb10681b,edc938ec-9bf1-48cf-8cef-6f6a5b20ad29,1,explicit per metric; exact fractions and decimal display,,Menschliche lokale Selbstauskunft,observed,binary,1,decimal,A
M7-analysis-v5,0c44d85c-d8d9-572f-b0cb-1e52983adc6c,3,5f187b71962c8fc43f0c431196239ba2c422245270ebb8b46072e8c1312dd8ca,E-BA,M6-T1-d276c18a-f168-4d75-8a9f-2f742588d31b,7cb2ec18-b513-45c6-a4fd-0e246b6bb4fd,5f187b71962c8fc43f0c431196239ba2c422245270ebb8b46072e8c1312dd8ca,77c6932e-6e19-4e24-815e-8d2325eae231,8c6cccdc-37a3-46ac-82a5-a22d1d69000f,f8edaecf-8020-4564-bbf4-42b31ddc5d7a,2d9849af-4973-4fd8-a822-d8a60e17e5f5,81de6e6f-7d67-40af-b2be-f629e89085ed,completed,c95570638786f34bdf300259908c703357f319349529bd0f72711c0b41f6d98a,bcba9767-41cd-49d9-aa5e-687d9d4d0032,K1,2026-10-07T17:04:21.694589Z,T1,dbb63e68d4ed9e904fa985aa5b88d674205b6caab086a8d981ac8918a9c68fb5,empirical,"[""4afc763c-033e-501c-9c9c-453207d31e62"",""1fed9611-d0cc-51e5-86e7-4ba237c836a2"",""0e4d4039-5409-5be7-a300-ded85e9c22d7"",""1c4afc6f-6679-57b7-ab6b-cec3053e85a1"",""76216ff6-0dab-5f43-913f-741c2deb7596"",""fe7c5fea-171a-5d3e-b93c-b9d53dca7c67"",""784c942d-b222-5013-a2e4-de4aa477a143"",""2f2d84f4-6f41-5df7-a828-cc0a3d9cdddf"",""c68f6332-f200-5595-940d-e5bcad78f1fe"",""54c3aba8-cb42-5023-9591-5cdd68bdd7c5"",""b9ac296e-4c6c-5cdc-9e03-14868c124af2"",""022ddff9-4332-5ba5-b884-42537f220a0c"",""0d262496-18e1-5973-84a6-84fbda64d0ff"",""447860c8-1d56-518b-88ad-7e103990b756"",""616ecfda-7163-5a8d-ba60-01f623d8b124"",""656bacfc-b102-5379-8db2-2f9f127621e0"",""88f2e658-6155-5924-bc85-63fe2aabb08a"",""9f032fb3-90ca-5749-aff5-1065077ac10e"",""4d2e4005-a84b-525b-a492-d367c5e405d0"",""12b20e20-e117-5c00-83bc-e589b92b730e"",""e97a5398-37b9-5e89-91a9-9b3ae48d9534"",""7a8f92c5-5f85-593a-bf90-08e13c60a2e6"",""aa66f5e3-ac0e-57d6-9b69-aa54ea7c4fb9"",""d07b7490-853e-562b-b662-305e89e7718d"",""596c0800-372d-5056-8a35-9f8661656bf4"",""d08816e6-d4d6-5f35-9de3-d86528fa7a96"",""2e126757-f17e-5ee2-93db-94d31ed944b2"",""5e1af4e2-330f-563f-b639-2d3cd8d276c8"",""49cd1889-2a56-5913-8723-929335f68874"",""82b898ba-3b6d-567f-8996-4f259b74547e"",""d38eb7d2-e78b-5c2f-93e4-2e34846e80e6"",""33effc64-dcfe-5ced-badf-c4df49f68dc1"",""a3a03b99-34c0-504b-b529-32b798db318a"",""8b3ec7b0-123f-5597-95f7-1fafc5810d01"",""035c5442-19b8-5a84-8a59-b352a9660279"",""d6d45010-72fa-5741-b733-88958a8795d2"",""ab8215e5-b753-5a6a-a4e7-ad9caf42eeac"",""1b20061c-b208-551a-b06c-81ffeff623fc"",""9b6d0913-2ae6-5dab-ab36-d05e1c51b208"",""a27c1fb2-edc1-57e6-9d74-adb5a13fed3b"",""4696448b-8c21-591b-80cc-7344ea0b95ec"",""c1d75a33-928c-5636-b99c-def1fb29e0f5"",""61eebfb6-2555-5bce-ba71-7a750427392a"",""aba074a1-d451-595d-bc12-e257adbe7383"",""1ca34094-ee4d-5962-a78a-174d361a9cd3"",""7edb0577-da07-5c6f-8391-bb90e9822165"",""d7c5d484-54dc-5d1e-a3ac-65d60267a12c"",""f416cc8b-3bc2-5c4c-a91c-c56faf748684""]",,1916f479-b0ba-4e18-9bec-d01e55374c1a,True,,[],SQL,M6-evaluator-v1,f8edaecf-8020-4564-bbf4-42b31ddc5d7a,a3a03b99-34c0-504b-b529-32b798db318a,True,33,,B,Native syntax/boot plus independent intact scaffold control,True,2026-10-07T17:04:21.694575Z,automatic,1,972066a9-40db-412d-b51a-dd1bcb10681b,edc938ec-9bf1-48cf-8cef-6f6a5b20ad29,1,explicit per metric; exact fractions and decimal display,,M6-evaluator-v1,observed,binary,1,decimal,A
M7-analysis-v5,0c44d85c-d8d9-572f-b0cb-1e52983adc6c,3,5f187b71962c8fc43f0c431196239ba2c422245270ebb8b46072e8c1312dd8ca,E-BA,M6-T5-fcc65418-251f-4dd7-b172-4f25242e98de,f7caa9ca-ec4a-4866-80dd-121410b501b3,5f187b71962c8fc43f0c431196239ba2c422245270ebb8b46072e8c1312dd8ca,77c6932e-6e19-4e24-815e-8d2325eae231,8c6cccdc-37a3-46ac-82a5-a22d1d69000f,f8edaecf-8020-4564-bbf4-42b31ddc5d7a,2d9849af-4973-4fd8-a822-d8a60e17e5f5,81de6e6f-7d67-40af-b2be-f629e89085ed,completed,c95570638786f34bdf300259908c703357f319349529bd0f72711c0b41f6d98a,bcba9767-41cd-49d9-aa5e-687d9d4d0032,K1,2026-10-07T17:04:21.703351Z,T5,dbb63e68d4ed9e904fa985aa5b88d674205b6caab086a8d981ac8918a9c68fb5,empirical,"[""4afc763c-033e-501c-9c9c-453207d31e62"",""1fed9611-d0cc-51e5-86e7-4ba237c836a2"",""0e4d4039-5409-5be7-a300-ded85e9c22d7"",""1c4afc6f-6679-57b7-ab6b-cec3053e85a1"",""76216ff6-0dab-5f43-913f-741c2deb7596"",""fe7c5fea-171a-5d3e-b93c-b9d53dca7c67"",""784c942d-b222-5013-a2e4-de4aa477a143"",""2f2d84f4-6f41-5df7-a828-cc0a3d9cdddf"",""c68f6332-f200-5595-940d-e5bcad78f1fe"",""54c3aba8-cb42-5023-9591-5cdd68bdd7c5"",""b9ac296e-4c6c-5cdc-9e03-14868c124af2"",""022ddff9-4332-5ba5-b884-42537f220a0c"",""0d262496-18e1-5973-84a6-84fbda64d0ff"",""447860c8-1d56-518b-88ad-7e103990b756"",""616ecfda-7163-5a8d-ba60-01f623d8b124"",""656bacfc-b102-5379-8db2-2f9f127621e0"",""88f2e658-6155-5924-bc85-63fe2aabb08a"",""9f032fb3-90ca-5749-aff5-1065077ac10e"",""4d2e4005-a84b-525b-a492-d367c5e405d0"",""12b20e20-e117-5c00-83bc-e589b92b730e"",""e97a5398-37b9-5e89-91a9-9b3ae48d9534"",""7a8f92c5-5f85-593a-bf90-08e13c60a2e6"",""aa66f5e3-ac0e-57d6-9b69-aa54ea7c4fb9"",""d07b7490-853e-562b-b662-305e89e7718d"",""596c0800-372d-5056-8a35-9f8661656bf4"",""d08816e6-d4d6-5f35-9de3-d86528fa7a96"",""2e126757-f17e-5ee2-93db-94d31ed944b2"",""5e1af4e2-330f-563f-b639-2d3cd8d276c8"",""49cd1889-2a56-5913-8723-929335f68874"",""82b898ba-3b6d-567f-8996-4f259b74547e"",""d38eb7d2-e78b-5c2f-93e4-2e34846e80e6"",""33effc64-dcfe-5ced-badf-c4df49f68dc1"",""a3a03b99-34c0-504b-b529-32b798db318a"",""8b3ec7b0-123f-5597-95f7-1fafc5810d01"",""035c5442-19b8-5a84-8a59-b352a9660279"",""d6d45010-72fa-5741-b733-88958a8795d2"",""ab8215e5-b753-5a6a-a4e7-ad9caf42eeac"",""1b20061c-b208-551a-b06c-81ffeff623fc"",""9b6d0913-2ae6-5dab-ab36-d05e1c51b208"",""a27c1fb2-edc1-57e6-9d74-adb5a13fed3b"",""4696448b-8c21-591b-80cc-7344ea0b95ec"",""c1d75a33-928c-5636-b99c-def1fb29e0f5"",""61eebfb6-2555-5bce-ba71-7a750427392a"",""aba074a1-d451-595d-bc12-e257adbe7383"",""1ca34094-ee4d-5962-a78a-174d361a9cd3"",""7edb0577-da07-5c6f-8391-bb90e9822165"",""d7c5d484-54dc-5d1e-a3ac-65d60267a12c"",""f416cc8b-3bc2-5c4c-a91c-c56faf748684""]",,cbbc93bf-0bd7-49e8-99b7-a30e0aa38ec4,True,,[],SQL,M6-evaluator-v1,f8edaecf-8020-4564-bbf4-42b31ddc5d7a,a3a03b99-34c0-504b-b529-32b798db318a,True,33,,B,Protected scaffold/allowlist and effective access routes against intact control; other semantic doubt stays open,True,2026-10-07T17:04:21.703339Z,automatic,1,972066a9-40db-412d-b51a-dd1bcb10681b,edc938ec-9bf1-48cf-8cef-6f6a5b20ad29,1,explicit per metric; exact fractions and decimal display,,M6-evaluator-v1,observed,binary,1,decimal,A
M7-analysis-v5,0c44d85c-d8d9-572f-b0cb-1e52983adc6c,3,5b543ea7abc08ec54717d24b23b424f4c9147a8e7c70489cdbcf04fdfbfdd696,C-SQL-1,HUMAN-REVIEW-550bb123-6eef-4ea7-96cf-a72d29521168,a9a636de-e55a-44bf-909d-480d6af70c21,5b543ea7abc08ec54717d24b23b424f4c9147a8e7c70489cdbcf04fdfbfdd696,fa7d1b82-4d53-4136-aad5-1c8a33203fc2,8c6cccdc-37a3-46ac-82a5-a22d1d69000f,f8edaecf-8020-4564-bbf4-42b31ddc5d7a,2d9849af-4973-4fd8-a822-d8a60e17e5f5,81de6e6f-7d67-40af-b2be-f629e89085ed,completed,27b8151da86242809dca0369f6ae8205b3d9e19866f42442c95f91863350f15a,6f7f3a3c-8647-488b-b587-d1d430125ce9,K1,2026-10-07T17:30:01.563537Z,T2,dbb63e68d4ed9e904fa985aa5b88d674205b6caab086a8d981ac8918a9c68fb5,empirical,"[""4afc763c-033e-501c-9c9c-453207d31e62"",""1fed9611-d0cc-51e5-86e7-4ba237c836a2"",""0e4d4039-5409-5be7-a300-ded85e9c22d7"",""1c4afc6f-6679-57b7-ab6b-cec3053e85a1"",""76216ff6-0dab-5f43-913f-741c2deb7596"",""fe7c5fea-171a-5d3e-b93c-b9d53dca7c67"",""784c942d-b222-5013-a2e4-de4aa477a143"",""2f2d84f4-6f41-5df7-a828-cc0a3d9cdddf"",""c68f6332-f200-5595-940d-e5bcad78f1fe"",""54c3aba8-cb42-5023-9591-5cdd68bdd7c5"",""b9ac296e-4c6c-5cdc-9e03-14868c124af2"",""022ddff9-4332-5ba5-b884-42537f220a0c"",""0d262496-18e1-5973-84a6-84fbda64d0ff"",""447860c8-1d56-518b-88ad-7e103990b756"",""616ecfda-7163-5a8d-ba60-01f623d8b124"",""656bacfc-b102-5379-8db2-2f9f127621e0"",""88f2e658-6155-5924-bc85-63fe2aabb08a"",""9f032fb3-90ca-5749-aff5-1065077ac10e"",""4d2e4005-a84b-525b-a492-d367c5e405d0"",""12b20e20-e117-5c00-83bc-e589b92b730e"",""e97a5398-37b9-5e89-91a9-9b3ae48d9534"",""7a8f92c5-5f85-593a-bf90-08e13c60a2e6"",""aa66f5e3-ac0e-57d6-9b69-aa54ea7c4fb9"",""d07b7490-853e-562b-b662-305e89e7718d"",""596c0800-372d-5056-8a35-9f8661656bf4"",""d08816e6-d4d6-5f35-9de3-d86528fa7a96"",""2e126757-f17e-5ee2-93db-94d31ed944b2"",""5e1af4e2-330f-563f-b639-2d3cd8d276c8"",""49cd1889-2a56-5913-8723-929335f68874"",""82b898ba-3b6d-567f-8996-4f259b74547e"",""d38eb7d2-e78b-5c2f-93e4-2e34846e80e6"",""33effc64-dcfe-5ced-badf-c4df49f68dc1"",""a3a03b99-34c0-504b-b529-32b798db318a"",""8b3ec7b0-123f-5597-95f7-1fafc5810d01"",""035c5442-19b8-5a84-8a59-b352a9660279"",""d6d45010-72fa-5741-b733-88958a8795d2"",""ab8215e5-b753-5a6a-a4e7-ad9caf42eeac"",""1b20061c-b208-551a-b06c-81ffeff623fc"",""9b6d0913-2ae6-5dab-ab36-d05e1c51b208"",""a27c1fb2-edc1-57e6-9d74-adb5a13fed3b"",""4696448b-8c21-591b-80cc-7344ea0b95ec"",""c1d75a33-928c-5636-b99c-def1fb29e0f5"",""61eebfb6-2555-5bce-ba71-7a750427392a"",""aba074a1-d451-595d-bc12-e257adbe7383"",""1ca34094-ee4d-5962-a78a-174d361a9cd3"",""7edb0577-da07-5c6f-8391-bb90e9822165"",""d7c5d484-54dc-5d1e-a3ac-65d60267a12c"",""f416cc8b-3bc2-5c4c-a91c-c56faf748684""]",app/Http/Controllers/Study/SqlInjectionController.php,c82fb146-0c2e-44e0-8409-ecd3534c1cab,True,12-50,[],SQL,Noah Fiedler,f8edaecf-8020-4564-bbf4-42b31ddc5d7a,8b3ec7b0-123f-5597-95f7-1fafc5810d01,True,34,5125e1f6-0ba0-4089-84d2-98ce7fd7fbff,A,"Die Route /study/sqli ist dem Controller SqlInjectionController::show zugeordnet (study.php: 6). Die Methode behandelt sowohl die Formularanzeige ohne Submit (14–20) als auch ID-Eingaben, Validierung, Datenabfrage und Ergebniszustände (22–50). Kein Legacy-Skript oder ausgelagerter ausführbarer Altpfad ist beteiligt.",True,2026-10-07T17:30:01.563529Z,human,2,972066a9-40db-412d-b51a-dd1bcb10681b,0cc540ca-a9db-4a2a-982e-99e203d674e1,1,explicit per metric; exact fractions and decimal display,,Menschliche lokale Selbstauskunft,observed,binary,1,decimal,A
M7-analysis-v5,0c44d85c-d8d9-572f-b0cb-1e52983adc6c,3,5b543ea7abc08ec54717d24b23b424f4c9147a8e7c70489cdbcf04fdfbfdd696,C-SQL-1,HUMAN-REVIEW-734cff70-b6cd-48ff-84fb-290ee4f6e4f9,a9a636de-e55a-44bf-909d-480d6af70c21,5b543ea7abc08ec54717d24b23b424f4c9147a8e7c70489cdbcf04fdfbfdd696,fa7d1b82-4d53-4136-aad5-1c8a33203fc2,8c6cccdc-37a3-46ac-82a5-a22d1d69000f,f8edaecf-8020-4564-bbf4-42b31ddc5d7a,2d9849af-4973-4fd8-a822-d8a60e17e5f5,81de6e6f-7d67-40af-b2be-f629e89085ed,completed,27b8151da86242809dca0369f6ae8205b3d9e19866f42442c95f91863350f15a,6f7f3a3c-8647-488b-b587-d1d430125ce9,K1,2026-10-07T17:30:36.044735Z,T4,dbb63e68d4ed9e904fa985aa5b88d674205b6caab086a8d981ac8918a9c68fb5,empirical,"[""4afc763c-033e-501c-9c9c-453207d31e62"",""1fed9611-d0cc-51e5-86e7-4ba237c836a2"",""0e4d4039-5409-5be7-a300-ded85e9c22d7"",""1c4afc6f-6679-57b7-ab6b-cec3053e85a1"",""76216ff6-0dab-5f43-913f-741c2deb7596"",""fe7c5fea-171a-5d3e-b93c-b9d53dca7c67"",""784c942d-b222-5013-a2e4-de4aa477a143"",""2f2d84f4-6f41-5df7-a828-cc0a3d9cdddf"",""c68f6332-f200-5595-940d-e5bcad78f1fe"",""54c3aba8-cb42-5023-9591-5cdd68bdd7c5"",""b9ac296e-4c6c-5cdc-9e03-14868c124af2"",""022ddff9-4332-5ba5-b884-42537f220a0c"",""0d262496-18e1-5973-84a6-84fbda64d0ff"",""447860c8-1d56-518b-88ad-7e103990b756"",""616ecfda-7163-5a8d-ba60-01f623d8b124"",""656bacfc-b102-5379-8db2-2f9f127621e0"",""88f2e658-6155-5924-bc85-63fe2aabb08a"",""9f032fb3-90ca-5749-aff5-1065077ac10e"",""4d2e4005-a84b-525b-a492-d367c5e405d0"",""12b20e20-e117-5c00-83bc-e589b92b730e"",""e97a5398-37b9-5e89-91a9-9b3ae48d9534"",""7a8f92c5-5f85-593a-bf90-08e13c60a2e6"",""aa66f5e3-ac0e-57d6-9b69-aa54ea7c4fb9"",""d07b7490-853e-562b-b662-305e89e7718d"",""596c0800-372d-5056-8a35-9f8661656bf4"",""d08816e6-d4d6-5f35-9de3-d86528fa7a96"",""2e126757-f17e-5ee2-93db-94d31ed944b2"",""5e1af4e2-330f-563f-b639-2d3cd8d276c8"",""49cd1889-2a56-5913-8723-929335f68874"",""82b898ba-3b6d-567f-8996-4f259b74547e"",""d38eb7d2-e78b-5c2f-93e4-2e34846e80e6"",""33effc64-dcfe-5ced-badf-c4df49f68dc1"",""a3a03b99-34c0-504b-b529-32b798db318a"",""8b3ec7b0-123f-5597-95f7-1fafc5810d01"",""035c5442-19b8-5a84-8a59-b352a9660279"",""d6d45010-72fa-5741-b733-88958a8795d2"",""ab8215e5-b753-5a6a-a4e7-ad9caf42eeac"",""1b20061c-b208-551a-b06c-81ffeff623fc"",""9b6d0913-2ae6-5dab-ab36-d05e1c51b208"",""a27c1fb2-edc1-57e6-9d74-adb5a13fed3b"",""4696448b-8c21-591b-80cc-7344ea0b95ec"",""c1d75a33-928c-5636-b99c-def1fb29e0f5"",""61eebfb6-2555-5bce-ba71-7a750427392a"",""aba074a1-d451-595d-bc12-e257adbe7383"",""1ca34094-ee4d-5962-a78a-174d361a9cd3"",""7edb0577-da07-5c6f-8391-bb90e9822165"",""d7c5d484-54dc-5d1e-a3ac-65d60267a12c"",""f416cc8b-3bc2-5c4c-a91c-c56faf748684""]",app/Http/Controllers/Study/SqlInjectionController.php,edf7171c-841c-4299-88ac-79f2b65a7470,True,40-49,"[""f2b7e2af-f9fb-4766-9a1b-3972addcc414""]",SQL,Noah Fiedler,f8edaecf-8020-4564-bbf4-42b31ddc5d7a,8b3ec7b0-123f-5597-95f7-1fafc5810d01,True,34,e8ed6bba-8d84-4726-b3d6-d58cfc0597b4,A,"Die validierte ID wird mit Laravels Query Builder über die explizite mysql-Verbindung aus users gelesen (40–44). Die View erhält genau dieses Abfrageergebnis (46–49) und gibt daraus first_name/last_name aus. Die Laufzeitprüfung bestätigte: ID 211 → Cedar Brook, ID 734 → Fern Vale, unbekannte ID 999 → NEGATIVE. Diese Zuordnungen entsprechen den bereitgestellten Fixtures in development-users.sql: 1–2. Die MySQL-Anbindung ist im Prüflauf konfiguriert (compose.json: 35–40, 87–90).",True,2026-10-07T17:30:36.044729Z,human,2,972066a9-40db-412d-b51a-dd1bcb10681b,0cc540ca-a9db-4a2a-982e-99e203d674e1,1,explicit per metric; exact fractions and decimal display,,Menschliche lokale Selbstauskunft,observed,binary,1,decimal,A
M7-analysis-v5,0c44d85c-d8d9-572f-b0cb-1e52983adc6c,3,5b543ea7abc08ec54717d24b23b424f4c9147a8e7c70489cdbcf04fdfbfdd696,C-SQL-1,HUMAN-REVIEW-f57ab94b-b571-4caa-9f54-1cc90a6eb7bf,7589e498-c6e5-4146-9891-5d6e98553f93,5b543ea7abc08ec54717d24b23b424f4c9147a8e7c70489cdbcf04fdfbfdd696,fa7d1b82-4d53-4136-aad5-1c8a33203fc2,8c6cccdc-37a3-46ac-82a5-a22d1d69000f,f8edaecf-8020-4564-bbf4-42b31ddc5d7a,2d9849af-4973-4fd8-a822-d8a60e17e5f5,81de6e6f-7d67-40af-b2be-f629e89085ed,completed,27b8151da86242809dca0369f6ae8205b3d9e19866f42442c95f91863350f15a,6f7f3a3c-8647-488b-b587-d1d430125ce9,K1,2026-10-07T17:30:16.793296Z,T3,dbb63e68d4ed9e904fa985aa5b88d674205b6caab086a8d981ac8918a9c68fb5,empirical,"[""4afc763c-033e-501c-9c9c-453207d31e62"",""1fed9611-d0cc-51e5-86e7-4ba237c836a2"",""0e4d4039-5409-5be7-a300-ded85e9c22d7"",""1c4afc6f-6679-57b7-ab6b-cec3053e85a1"",""76216ff6-0dab-5f43-913f-741c2deb7596"",""fe7c5fea-171a-5d3e-b93c-b9d53dca7c67"",""784c942d-b222-5013-a2e4-de4aa477a143"",""2f2d84f4-6f41-5df7-a828-cc0a3d9cdddf"",""c68f6332-f200-5595-940d-e5bcad78f1fe"",""54c3aba8-cb42-5023-9591-5cdd68bdd7c5"",""b9ac296e-4c6c-5cdc-9e03-14868c124af2"",""022ddff9-4332-5ba5-b884-42537f220a0c"",""0d262496-18e1-5973-84a6-84fbda64d0ff"",""447860c8-1d56-518b-88ad-7e103990b756"",""616ecfda-7163-5a8d-ba60-01f623d8b124"",""656bacfc-b102-5379-8db2-2f9f127621e0"",""88f2e658-6155-5924-bc85-63fe2aabb08a"",""9f032fb3-90ca-5749-aff5-1065077ac10e"",""4d2e4005-a84b-525b-a492-d367c5e405d0"",""12b20e20-e117-5c00-83bc-e589b92b730e"",""e97a5398-37b9-5e89-91a9-9b3ae48d9534"",""7a8f92c5-5f85-593a-bf90-08e13c60a2e6"",""aa66f5e3-ac0e-57d6-9b69-aa54ea7c4fb9"",""d07b7490-853e-562b-b662-305e89e7718d"",""596c0800-372d-5056-8a35-9f8661656bf4"",""d08816e6-d4d6-5f35-9de3-d86528fa7a96"",""2e126757-f17e-5ee2-93db-94d31ed944b2"",""5e1af4e2-330f-563f-b639-2d3cd8d276c8"",""49cd1889-2a56-5913-8723-929335f68874"",""82b898ba-3b6d-567f-8996-4f259b74547e"",""d38eb7d2-e78b-5c2f-93e4-2e34846e80e6"",""33effc64-dcfe-5ced-badf-c4df49f68dc1"",""a3a03b99-34c0-504b-b529-32b798db318a"",""8b3ec7b0-123f-5597-95f7-1fafc5810d01"",""035c5442-19b8-5a84-8a59-b352a9660279"",""d6d45010-72fa-5741-b733-88958a8795d2"",""ab8215e5-b753-5a6a-a4e7-ad9caf42eeac"",""1b20061c-b208-551a-b06c-81ffeff623fc"",""9b6d0913-2ae6-5dab-ab36-d05e1c51b208"",""a27c1fb2-edc1-57e6-9d74-adb5a13fed3b"",""4696448b-8c21-591b-80cc-7344ea0b95ec"",""c1d75a33-928c-5636-b99c-def1fb29e0f5"",""61eebfb6-2555-5bce-ba71-7a750427392a"",""aba074a1-d451-595d-bc12-e257adbe7383"",""1ca34094-ee4d-5962-a78a-174d361a9cd3"",""7edb0577-da07-5c6f-8391-bb90e9822165"",""d7c5d484-54dc-5d1e-a3ac-65d60267a12c"",""f416cc8b-3bc2-5c4c-a91c-c56faf748684""]",resources/views/study/sqli.blade.php,cd24ca82-baa7-479a-a56e-bcf325e80d81,True,10-22,[],SQL,Noah Fiedler,f8edaecf-8020-4564-bbf4-42b31ddc5d7a,8b3ec7b0-123f-5597-95f7-1fafc5810d01,True,34,dbb03500-a5b3-4b12-851e-d8cedaa7aa3e,A,"Das Blade-Template enthält das GET-Formular einschließlich id und Submit (10–14). Es gibt den Status aus (16–17) und stellt bei vorhandenem Datenbankergebnis Vor- und Nachnamen dar (18–21). Der Controller rendert diese View sowohl für Formular-, Fehler- als auch Ergebniszweige (SqlInjectionController.php: 15–19, 25–29, 33–37, 46–50).",True,2026-10-07T17:30:16.793291Z,human,2,972066a9-40db-412d-b51a-dd1bcb10681b,0cc540ca-a9db-4a2a-982e-99e203d674e1,1,explicit per metric; exact fractions and decimal display,,Menschliche lokale Selbstauskunft,observed,binary,1,decimal,A
M7-analysis-v5,0c44d85c-d8d9-572f-b0cb-1e52983adc6c,3,5b543ea7abc08ec54717d24b23b424f4c9147a8e7c70489cdbcf04fdfbfdd696,C-SQL-1,M6-T1-7eb79234-6371-4b7a-acae-e79df40e18da,ab1d2f01-17f3-4813-b39e-bbeddc1226cf,5b543ea7abc08ec54717d24b23b424f4c9147a8e7c70489cdbcf04fdfbfdd696,fa7d1b82-4d53-4136-aad5-1c8a33203fc2,8c6cccdc-37a3-46ac-82a5-a22d1d69000f,f8edaecf-8020-4564-bbf4-42b31ddc5d7a,2d9849af-4973-4fd8-a822-d8a60e17e5f5,81de6e6f-7d67-40af-b2be-f629e89085ed,completed,27b8151da86242809dca0369f6ae8205b3d9e19866f42442c95f91863350f15a,6f7f3a3c-8647-488b-b587-d1d430125ce9,K1,2026-10-07T17:25:41.822407Z,T1,dbb63e68d4ed9e904fa985aa5b88d674205b6caab086a8d981ac8918a9c68fb5,empirical,"[""4afc763c-033e-501c-9c9c-453207d31e62"",""1fed9611-d0cc-51e5-86e7-4ba237c836a2"",""0e4d4039-5409-5be7-a300-ded85e9c22d7"",""1c4afc6f-6679-57b7-ab6b-cec3053e85a1"",""76216ff6-0dab-5f43-913f-741c2deb7596"",""fe7c5fea-171a-5d3e-b93c-b9d53dca7c67"",""784c942d-b222-5013-a2e4-de4aa477a143"",""2f2d84f4-6f41-5df7-a828-cc0a3d9cdddf"",""c68f6332-f200-5595-940d-e5bcad78f1fe"",""54c3aba8-cb42-5023-9591-5cdd68bdd7c5"",""b9ac296e-4c6c-5cdc-9e03-14868c124af2"",""022ddff9-4332-5ba5-b884-42537f220a0c"",""0d262496-18e1-5973-84a6-84fbda64d0ff"",""447860c8-1d56-518b-88ad-7e103990b756"",""616ecfda-7163-5a8d-ba60-01f623d8b124"",""656bacfc-b102-5379-8db2-2f9f127621e0"",""88f2e658-6155-5924-bc85-63fe2aabb08a"",""9f032fb3-90ca-5749-aff5-1065077ac10e"",""4d2e4005-a84b-525b-a492-d367c5e405d0"",""12b20e20-e117-5c00-83bc-e589b92b730e"",""e97a5398-37b9-5e89-91a9-9b3ae48d9534"",""7a8f92c5-5f85-593a-bf90-08e13c60a2e6"",""aa66f5e3-ac0e-57d6-9b69-aa54ea7c4fb9"",""d07b7490-853e-562b-b662-305e89e7718d"",""596c0800-372d-5056-8a35-9f8661656bf4"",""d08816e6-d4d6-5f35-9de3-d86528fa7a96"",""2e126757-f17e-5ee2-93db-94d31ed944b2"",""5e1af4e2-330f-563f-b639-2d3cd8d276c8"",""49cd1889-2a56-5913-8723-929335f68874"",""82b898ba-3b6d-567f-8996-4f259b74547e"",""d38eb7d2-e78b-5c2f-93e4-2e34846e80e6"",""33effc64-dcfe-5ced-badf-c4df49f68dc1"",""a3a03b99-34c0-504b-b529-32b798db318a"",""8b3ec7b0-123f-5597-95f7-1fafc5810d01"",""035c5442-19b8-5a84-8a59-b352a9660279"",""d6d45010-72fa-5741-b733-88958a8795d2"",""ab8215e5-b753-5a6a-a4e7-ad9caf42eeac"",""1b20061c-b208-551a-b06c-81ffeff623fc"",""9b6d0913-2ae6-5dab-ab36-d05e1c51b208"",""a27c1fb2-edc1-57e6-9d74-adb5a13fed3b"",""4696448b-8c21-591b-80cc-7344ea0b95ec"",""c1d75a33-928c-5636-b99c-def1fb29e0f5"",""61eebfb6-2555-5bce-ba71-7a750427392a"",""aba074a1-d451-595d-bc12-e257adbe7383"",""1ca34094-ee4d-5962-a78a-174d361a9cd3"",""7edb0577-da07-5c6f-8391-bb90e9822165"",""d7c5d484-54dc-5d1e-a3ac-65d60267a12c"",""f416cc8b-3bc2-5c4c-a91c-c56faf748684""]",,b20c7915-482b-42bd-904d-58774bf31e42,True,,[],SQL,M6-evaluator-v1,f8edaecf-8020-4564-bbf4-42b31ddc5d7a,8b3ec7b0-123f-5597-95f7-1fafc5810d01,True,34,,A,Native syntax/boot plus independent intact scaffold control,True,2026-10-07T17:25:41.822391Z,automatic,1,972066a9-40db-412d-b51a-dd1bcb10681b,0cc540ca-a9db-4a2a-982e-99e203d674e1,1,explicit per metric; exact fractions and decimal display,,M6-evaluator-v1,observed,binary,1,decimal,A
M7-analysis-v5,0c44d85c-d8d9-572f-b0cb-1e52983adc6c,3,5b543ea7abc08ec54717d24b23b424f4c9147a8e7c70489cdbcf04fdfbfdd696,C-SQL-1,M6-T5-d6c9b021-a6ea-49d5-a3db-d98280426a29,53d247f5-fdbb-4b8a-9a83-976fb32b8796,5b543ea7abc08ec54717d24b23b424f4c9147a8e7c70489cdbcf04fdfbfdd696,fa7d1b82-4d53-4136-aad5-1c8a33203fc2,8c6cccdc-37a3-46ac-82a5-a22d1d69000f,f8edaecf-8020-4564-bbf4-42b31ddc5d7a,2d9849af-4973-4fd8-a822-d8a60e17e5f5,81de6e6f-7d67-40af-b2be-f629e89085ed,completed,27b8151da86242809dca0369f6ae8205b3d9e19866f42442c95f91863350f15a,6f7f3a3c-8647-488b-b587-d1d430125ce9,K1,2026-10-07T17:25:41.839413Z,T5,dbb63e68d4ed9e904fa985aa5b88d674205b6caab086a8d981ac8918a9c68fb5,empirical,"[""4afc763c-033e-501c-9c9c-453207d31e62"",""1fed9611-d0cc-51e5-86e7-4ba237c836a2"",""0e4d4039-5409-5be7-a300-ded85e9c22d7"",""1c4afc6f-6679-57b7-ab6b-cec3053e85a1"",""76216ff6-0dab-5f43-913f-741c2deb7596"",""fe7c5fea-171a-5d3e-b93c-b9d53dca7c67"",""784c942d-b222-5013-a2e4-de4aa477a143"",""2f2d84f4-6f41-5df7-a828-cc0a3d9cdddf"",""c68f6332-f200-5595-940d-e5bcad78f1fe"",""54c3aba8-cb42-5023-9591-5cdd68bdd7c5"",""b9ac296e-4c6c-5cdc-9e03-14868c124af2"",""022ddff9-4332-5ba5-b884-42537f220a0c"",""0d262496-18e1-5973-84a6-84fbda64d0ff"",""447860c8-1d56-518b-88ad-7e103990b756"",""616ecfda-7163-5a8d-ba60-01f623d8b124"",""656bacfc-b102-5379-8db2-2f9f127621e0"",""88f2e658-6155-5924-bc85-63fe2aabb08a"",""9f032fb3-90ca-5749-aff5-1065077ac10e"",""4d2e4005-a84b-525b-a492-d367c5e405d0"",""12b20e20-e117-5c00-83bc-e589b92b730e"",""e97a5398-37b9-5e89-91a9-9b3ae48d9534"",""7a8f92c5-5f85-593a-bf90-08e13c60a2e6"",""aa66f5e3-ac0e-57d6-9b69-aa54ea7c4fb9"",""d07b7490-853e-562b-b662-305e89e7718d"",""596c0800-372d-5056-8a35-9f8661656bf4"",""d08816e6-d4d6-5f35-9de3-d86528fa7a96"",""2e126757-f17e-5ee2-93db-94d31ed944b2"",""5e1af4e2-330f-563f-b639-2d3cd8d276c8"",""49cd1889-2a56-5913-8723-929335f68874"",""82b898ba-3b6d-567f-8996-4f259b74547e"",""d38eb7d2-e78b-5c2f-93e4-2e34846e80e6"",""33effc64-dcfe-5ced-badf-c4df49f68dc1"",""a3a03b99-34c0-504b-b529-32b798db318a"",""8b3ec7b0-123f-5597-95f7-1fafc5810d01"",""035c5442-19b8-5a84-8a59-b352a9660279"",""d6d45010-72fa-5741-b733-88958a8795d2"",""ab8215e5-b753-5a6a-a4e7-ad9caf42eeac"",""1b20061c-b208-551a-b06c-81ffeff623fc"",""9b6d0913-2ae6-5dab-ab36-d05e1c51b208"",""a27c1fb2-edc1-57e6-9d74-adb5a13fed3b"",""4696448b-8c21-591b-80cc-7344ea0b95ec"",""c1d75a33-928c-5636-b99c-def1fb29e0f5"",""61eebfb6-2555-5bce-ba71-7a750427392a"",""aba074a1-d451-595d-bc12-e257adbe7383"",""1ca34094-ee4d-5962-a78a-174d361a9cd3"",""7edb0577-da07-5c6f-8391-bb90e9822165"",""d7c5d484-54dc-5d1e-a3ac-65d60267a12c"",""f416cc8b-3bc2-5c4c-a91c-c56faf748684""]",,3620903b-5524-408d-9440-512cbf4e4ed5,True,,[],SQL,M6-evaluator-v1,f8edaecf-8020-4564-bbf4-42b31ddc5d7a,8b3ec7b0-123f-5597-95f7-1fafc5810d01,True,34,,A,Protected scaffold/allowlist and effective access routes against intact control; other semantic doubt stays open,True,2026-10-07T17:25:41.839404Z,automatic,1,972066a9-40db-412d-b51a-dd1bcb10681b,0cc540ca-a9db-4a2a-982e-99e203d674e1,1,explicit per metric; exact fractions and decimal display,,M6-evaluator-v1,observed,binary,1,decimal,A
M7-analysis-v5,0c44d85c-d8d9-572f-b0cb-1e52983adc6c,3,6911cdc858aa79c2c07111aa648bb7962d234961be7ce229045171034d4c13b9,E-BB,HUMAN-REVIEW-7fe13ecc-d413-4ff0-b0b2-4437b00c869a,6c678e02-d020-4abc-b832-000dc871d9c4,6911cdc858aa79c2c07111aa648bb7962d234961be7ce229045171034d4c13b9,2d8e23ec-dab1-4d39-a309-6e2a93ce737b,8c6cccdc-37a3-46ac-82a5-a22d1d69000f,f8edaecf-8020-4564-bbf4-42b31ddc5d7a,2d9849af-4973-4fd8-a822-d8a60e17e5f5,81de6e6f-7d67-40af-b2be-f629e89085ed,completed,b26081b6041d83b27d357511d1cbaa4be007a74fd351a784a31834412284db93,26c9e1ce-c552-46f9-9d50-4cc6179591a3,K1,2026-10-07T18:30:34.471253Z,T2,dbb63e68d4ed9e904fa985aa5b88d674205b6caab086a8d981ac8918a9c68fb5,empirical,"[""4afc763c-033e-501c-9c9c-453207d31e62"",""1fed9611-d0cc-51e5-86e7-4ba237c836a2"",""0e4d4039-5409-5be7-a300-ded85e9c22d7"",""1c4afc6f-6679-57b7-ab6b-cec3053e85a1"",""76216ff6-0dab-5f43-913f-741c2deb7596"",""fe7c5fea-171a-5d3e-b93c-b9d53dca7c67"",""784c942d-b222-5013-a2e4-de4aa477a143"",""2f2d84f4-6f41-5df7-a828-cc0a3d9cdddf"",""c68f6332-f200-5595-940d-e5bcad78f1fe"",""54c3aba8-cb42-5023-9591-5cdd68bdd7c5"",""b9ac296e-4c6c-5cdc-9e03-14868c124af2"",""022ddff9-4332-5ba5-b884-42537f220a0c"",""0d262496-18e1-5973-84a6-84fbda64d0ff"",""447860c8-1d56-518b-88ad-7e103990b756"",""616ecfda-7163-5a8d-ba60-01f623d8b124"",""656bacfc-b102-5379-8db2-2f9f127621e0"",""88f2e658-6155-5924-bc85-63fe2aabb08a"",""9f032fb3-90ca-5749-aff5-1065077ac10e"",""4d2e4005-a84b-525b-a492-d367c5e405d0"",""12b20e20-e117-5c00-83bc-e589b92b730e"",""e97a5398-37b9-5e89-91a9-9b3ae48d9534"",""7a8f92c5-5f85-593a-bf90-08e13c60a2e6"",""aa66f5e3-ac0e-57d6-9b69-aa54ea7c4fb9"",""d07b7490-853e-562b-b662-305e89e7718d"",""596c0800-372d-5056-8a35-9f8661656bf4"",""d08816e6-d4d6-5f35-9de3-d86528fa7a96"",""2e126757-f17e-5ee2-93db-94d31ed944b2"",""5e1af4e2-330f-563f-b639-2d3cd8d276c8"",""49cd1889-2a56-5913-8723-929335f68874"",""82b898ba-3b6d-567f-8996-4f259b74547e"",""d38eb7d2-e78b-5c2f-93e4-2e34846e80e6"",""33effc64-dcfe-5ced-badf-c4df49f68dc1"",""a3a03b99-34c0-504b-b529-32b798db318a"",""8b3ec7b0-123f-5597-95f7-1fafc5810d01"",""035c5442-19b8-5a84-8a59-b352a9660279"",""d6d45010-72fa-5741-b733-88958a8795d2"",""ab8215e5-b753-5a6a-a4e7-ad9caf42eeac"",""1b20061c-b208-551a-b06c-81ffeff623fc"",""9b6d0913-2ae6-5dab-ab36-d05e1c51b208"",""a27c1fb2-edc1-57e6-9d74-adb5a13fed3b"",""4696448b-8c21-591b-80cc-7344ea0b95ec"",""c1d75a33-928c-5636-b99c-def1fb29e0f5"",""61eebfb6-2555-5bce-ba71-7a750427392a"",""aba074a1-d451-595d-bc12-e257adbe7383"",""1ca34094-ee4d-5962-a78a-174d361a9cd3"",""7edb0577-da07-5c6f-8391-bb90e9822165"",""d7c5d484-54dc-5d1e-a3ac-65d60267a12c"",""f416cc8b-3bc2-5c4c-a91c-c56faf748684""]",app/Http/Controllers/Study/SqliController.php,d84f168a-d785-4a68-9ed2-bbe6786ad410,True,16-49,[],SQL,Noah Fiedler,f8edaecf-8020-4564-bbf4-42b31ddc5d7a,035c5442-19b8-5a84-8a59-b352a9660279,True,35,0f286abb-d181-418f-ba13-7421fb3a2ba9,B,"Die GET-Route /study/sqli ist dem SqliController::show zugeordnet. Die Methode unterscheidet zwischen Anzeige ohne Submit und Verarbeitung mit Submit, liest id, behandelt leere/ungültige Eingaben sowie unbekannte IDs und verarbeitet bekannte IDs selbst im Controllerpfad. Es ist kein Aufruf eines Legacy-Skripts erkennbar.",True,2026-10-07T18:30:34.471246Z,human,2,972066a9-40db-412d-b51a-dd1bcb10681b,ce40a18c-aa8e-40fc-9d13-83adabe5993f,1,explicit per metric; exact fractions and decimal display,,Menschliche lokale Selbstauskunft,observed,binary,1,decimal,B
M7-analysis-v5,0c44d85c-d8d9-572f-b0cb-1e52983adc6c,3,6911cdc858aa79c2c07111aa648bb7962d234961be7ce229045171034d4c13b9,E-BB,HUMAN-REVIEW-86595517-a369-44e3-b938-1acd3daf2d47,6c678e02-d020-4abc-b832-000dc871d9c4,6911cdc858aa79c2c07111aa648bb7962d234961be7ce229045171034d4c13b9,2d8e23ec-dab1-4d39-a309-6e2a93ce737b,8c6cccdc-37a3-46ac-82a5-a22d1d69000f,f8edaecf-8020-4564-bbf4-42b31ddc5d7a,2d9849af-4973-4fd8-a822-d8a60e17e5f5,81de6e6f-7d67-40af-b2be-f629e89085ed,completed,b26081b6041d83b27d357511d1cbaa4be007a74fd351a784a31834412284db93,26c9e1ce-c552-46f9-9d50-4cc6179591a3,K1,2026-10-07T18:31:14.035688Z,T4,dbb63e68d4ed9e904fa985aa5b88d674205b6caab086a8d981ac8918a9c68fb5,empirical,"[""4afc763c-033e-501c-9c9c-453207d31e62"",""1fed9611-d0cc-51e5-86e7-4ba237c836a2"",""0e4d4039-5409-5be7-a300-ded85e9c22d7"",""1c4afc6f-6679-57b7-ab6b-cec3053e85a1"",""76216ff6-0dab-5f43-913f-741c2deb7596"",""fe7c5fea-171a-5d3e-b93c-b9d53dca7c67"",""784c942d-b222-5013-a2e4-de4aa477a143"",""2f2d84f4-6f41-5df7-a828-cc0a3d9cdddf"",""c68f6332-f200-5595-940d-e5bcad78f1fe"",""54c3aba8-cb42-5023-9591-5cdd68bdd7c5"",""b9ac296e-4c6c-5cdc-9e03-14868c124af2"",""022ddff9-4332-5ba5-b884-42537f220a0c"",""0d262496-18e1-5973-84a6-84fbda64d0ff"",""447860c8-1d56-518b-88ad-7e103990b756"",""616ecfda-7163-5a8d-ba60-01f623d8b124"",""656bacfc-b102-5379-8db2-2f9f127621e0"",""88f2e658-6155-5924-bc85-63fe2aabb08a"",""9f032fb3-90ca-5749-aff5-1065077ac10e"",""4d2e4005-a84b-525b-a492-d367c5e405d0"",""12b20e20-e117-5c00-83bc-e589b92b730e"",""e97a5398-37b9-5e89-91a9-9b3ae48d9534"",""7a8f92c5-5f85-593a-bf90-08e13c60a2e6"",""aa66f5e3-ac0e-57d6-9b69-aa54ea7c4fb9"",""d07b7490-853e-562b-b662-305e89e7718d"",""596c0800-372d-5056-8a35-9f8661656bf4"",""d08816e6-d4d6-5f35-9de3-d86528fa7a96"",""2e126757-f17e-5ee2-93db-94d31ed944b2"",""5e1af4e2-330f-563f-b639-2d3cd8d276c8"",""49cd1889-2a56-5913-8723-929335f68874"",""82b898ba-3b6d-567f-8996-4f259b74547e"",""d38eb7d2-e78b-5c2f-93e4-2e34846e80e6"",""33effc64-dcfe-5ced-badf-c4df49f68dc1"",""a3a03b99-34c0-504b-b529-32b798db318a"",""8b3ec7b0-123f-5597-95f7-1fafc5810d01"",""035c5442-19b8-5a84-8a59-b352a9660279"",""d6d45010-72fa-5741-b733-88958a8795d2"",""ab8215e5-b753-5a6a-a4e7-ad9caf42eeac"",""1b20061c-b208-551a-b06c-81ffeff623fc"",""9b6d0913-2ae6-5dab-ab36-d05e1c51b208"",""a27c1fb2-edc1-57e6-9d74-adb5a13fed3b"",""4696448b-8c21-591b-80cc-7344ea0b95ec"",""c1d75a33-928c-5636-b99c-def1fb29e0f5"",""61eebfb6-2555-5bce-ba71-7a750427392a"",""aba074a1-d451-595d-bc12-e257adbe7383"",""1ca34094-ee4d-5962-a78a-174d361a9cd3"",""7edb0577-da07-5c6f-8391-bb90e9822165"",""d7c5d484-54dc-5d1e-a3ac-65d60267a12c"",""f416cc8b-3bc2-5c4c-a91c-c56faf748684""]",app/Http/Controllers/Study/SqliController.php,445b1fc8-b733-4fc3-8594-e924131b8791,True,37-48,"[""fbe79261-2259-47d6-bc8d-0a65b0592923""]",SQL,Noah Fiedler,f8edaecf-8020-4564-bbf4-42b31ddc5d7a,035c5442-19b8-5a84-8a59-b352a9660279,True,35,9304fbc5-db49-4b71-84c8-825a38683144,B,"Der Code verwendet eindeutig Eloquent: Die ID wird in einer where('user_id', …)-Abfrage aufgelöst; Vor- und Nachname stammen direkt aus dem erhaltenen Datensatz. Das Modell ist auf die Laravel-Verbindung mysql, die Tabelle users und den Primärschlüssel user_id konfiguriert. Die Laufzeitkonfiguration bindet MySQL-Dienst und Schema ein.",True,2026-10-07T18:31:14.035682Z,human,2,972066a9-40db-412d-b51a-dd1bcb10681b,ce40a18c-aa8e-40fc-9d13-83adabe5993f,1,explicit per metric; exact fractions and decimal display,,Menschliche lokale Selbstauskunft,observed,binary,1,decimal,B
M7-analysis-v5,0c44d85c-d8d9-572f-b0cb-1e52983adc6c,3,6911cdc858aa79c2c07111aa648bb7962d234961be7ce229045171034d4c13b9,E-BB,HUMAN-REVIEW-86b9e0bf-5d0f-44fd-bc7a-4b18e6874755,315751dd-69cf-486d-bfe9-0ce95e5568a4,6911cdc858aa79c2c07111aa648bb7962d234961be7ce229045171034d4c13b9,2d8e23ec-dab1-4d39-a309-6e2a93ce737b,8c6cccdc-37a3-46ac-82a5-a22d1d69000f,f8edaecf-8020-4564-bbf4-42b31ddc5d7a,2d9849af-4973-4fd8-a822-d8a60e17e5f5,81de6e6f-7d67-40af-b2be-f629e89085ed,completed,b26081b6041d83b27d357511d1cbaa4be007a74fd351a784a31834412284db93,26c9e1ce-c552-46f9-9d50-4cc6179591a3,K1,2026-10-07T18:30:53.604103Z,T3,dbb63e68d4ed9e904fa985aa5b88d674205b6caab086a8d981ac8918a9c68fb5,empirical,"[""4afc763c-033e-501c-9c9c-453207d31e62"",""1fed9611-d0cc-51e5-86e7-4ba237c836a2"",""0e4d4039-5409-5be7-a300-ded85e9c22d7"",""1c4afc6f-6679-57b7-ab6b-cec3053e85a1"",""76216ff6-0dab-5f43-913f-741c2deb7596"",""fe7c5fea-171a-5d3e-b93c-b9d53dca7c67"",""784c942d-b222-5013-a2e4-de4aa477a143"",""2f2d84f4-6f41-5df7-a828-cc0a3d9cdddf"",""c68f6332-f200-5595-940d-e5bcad78f1fe"",""54c3aba8-cb42-5023-9591-5cdd68bdd7c5"",""b9ac296e-4c6c-5cdc-9e03-14868c124af2"",""022ddff9-4332-5ba5-b884-42537f220a0c"",""0d262496-18e1-5973-84a6-84fbda64d0ff"",""447860c8-1d56-518b-88ad-7e103990b756"",""616ecfda-7163-5a8d-ba60-01f623d8b124"",""656bacfc-b102-5379-8db2-2f9f127621e0"",""88f2e658-6155-5924-bc85-63fe2aabb08a"",""9f032fb3-90ca-5749-aff5-1065077ac10e"",""4d2e4005-a84b-525b-a492-d367c5e405d0"",""12b20e20-e117-5c00-83bc-e589b92b730e"",""e97a5398-37b9-5e89-91a9-9b3ae48d9534"",""7a8f92c5-5f85-593a-bf90-08e13c60a2e6"",""aa66f5e3-ac0e-57d6-9b69-aa54ea7c4fb9"",""d07b7490-853e-562b-b662-305e89e7718d"",""596c0800-372d-5056-8a35-9f8661656bf4"",""d08816e6-d4d6-5f35-9de3-d86528fa7a96"",""2e126757-f17e-5ee2-93db-94d31ed944b2"",""5e1af4e2-330f-563f-b639-2d3cd8d276c8"",""49cd1889-2a56-5913-8723-929335f68874"",""82b898ba-3b6d-567f-8996-4f259b74547e"",""d38eb7d2-e78b-5c2f-93e4-2e34846e80e6"",""33effc64-dcfe-5ced-badf-c4df49f68dc1"",""a3a03b99-34c0-504b-b529-32b798db318a"",""8b3ec7b0-123f-5597-95f7-1fafc5810d01"",""035c5442-19b8-5a84-8a59-b352a9660279"",""d6d45010-72fa-5741-b733-88958a8795d2"",""ab8215e5-b753-5a6a-a4e7-ad9caf42eeac"",""1b20061c-b208-551a-b06c-81ffeff623fc"",""9b6d0913-2ae6-5dab-ab36-d05e1c51b208"",""a27c1fb2-edc1-57e6-9d74-adb5a13fed3b"",""4696448b-8c21-591b-80cc-7344ea0b95ec"",""c1d75a33-928c-5636-b99c-def1fb29e0f5"",""61eebfb6-2555-5bce-ba71-7a750427392a"",""aba074a1-d451-595d-bc12-e257adbe7383"",""1ca34094-ee4d-5962-a78a-174d361a9cd3"",""7edb0577-da07-5c6f-8391-bb90e9822165"",""d7c5d484-54dc-5d1e-a3ac-65d60267a12c"",""f416cc8b-3bc2-5c4c-a91c-c56faf748684""]",resources/views/study/sqli.blade.php,d1dc3157-58cb-45df-8524-9d8238574bb3,True,9-16,[],SQL,Noah Fiedler,f8edaecf-8020-4564-bbf4-42b31ddc5d7a,035c5442-19b8-5a84-8a59-b352a9660279,True,35,983310e7-b081-4948-8a6a-00c96537b7cf,B,"Sämtliche Antwortzweige laufen über die private render-Methode, die die Blade-View study.sqli rendert. Die View enthält das GET-Formular sowie die Ausgabezweige für Erfolg (SUCCESS mit Vor- und Nachname), unbekannte/ungültige ID (NEGATIVE) und fehlende/leere ID (INPUT_ERROR).",True,2026-10-07T18:30:53.604093Z,human,2,972066a9-40db-412d-b51a-dd1bcb10681b,ce40a18c-aa8e-40fc-9d13-83adabe5993f,1,explicit per metric; exact fractions and decimal display,,Menschliche lokale Selbstauskunft,observed,binary,1,decimal,B
M7-analysis-v5,0c44d85c-d8d9-572f-b0cb-1e52983adc6c,3,6911cdc858aa79c2c07111aa648bb7962d234961be7ce229045171034d4c13b9,E-BB,M6-T1-2cf40a51-bfda-47e0-9705-cd76e9882d68,1774f73d-51c0-45d1-bc48-7fa9dbc69e4e,6911cdc858aa79c2c07111aa648bb7962d234961be7ce229045171034d4c13b9,2d8e23ec-dab1-4d39-a309-6e2a93ce737b,8c6cccdc-37a3-46ac-82a5-a22d1d69000f,f8edaecf-8020-4564-bbf4-42b31ddc5d7a,2d9849af-4973-4fd8-a822-d8a60e17e5f5,81de6e6f-7d67-40af-b2be-f629e89085ed,completed,b26081b6041d83b27d357511d1cbaa4be007a74fd351a784a31834412284db93,26c9e1ce-c552-46f9-9d50-4cc6179591a3,K1,2026-10-07T18:27:07.173603Z,T1,dbb63e68d4ed9e904fa985aa5b88d674205b6caab086a8d981ac8918a9c68fb5,empirical,"[""4afc763c-033e-501c-9c9c-453207d31e62"",""1fed9611-d0cc-51e5-86e7-4ba237c836a2"",""0e4d4039-5409-5be7-a300-ded85e9c22d7"",""1c4afc6f-6679-57b7-ab6b-cec3053e85a1"",""76216ff6-0dab-5f43-913f-741c2deb7596"",""fe7c5fea-171a-5d3e-b93c-b9d53dca7c67"",""784c942d-b222-5013-a2e4-de4aa477a143"",""2f2d84f4-6f41-5df7-a828-cc0a3d9cdddf"",""c68f6332-f200-5595-940d-e5bcad78f1fe"",""54c3aba8-cb42-5023-9591-5cdd68bdd7c5"",""b9ac296e-4c6c-5cdc-9e03-14868c124af2"",""022ddff9-4332-5ba5-b884-42537f220a0c"",""0d262496-18e1-5973-84a6-84fbda64d0ff"",""447860c8-1d56-518b-88ad-7e103990b756"",""616ecfda-7163-5a8d-ba60-01f623d8b124"",""656bacfc-b102-5379-8db2-2f9f127621e0"",""88f2e658-6155-5924-bc85-63fe2aabb08a"",""9f032fb3-90ca-5749-aff5-1065077ac10e"",""4d2e4005-a84b-525b-a492-d367c5e405d0"",""12b20e20-e117-5c00-83bc-e589b92b730e"",""e97a5398-37b9-5e89-91a9-9b3ae48d9534"",""7a8f92c5-5f85-593a-bf90-08e13c60a2e6"",""aa66f5e3-ac0e-57d6-9b69-aa54ea7c4fb9"",""d07b7490-853e-562b-b662-305e89e7718d"",""596c0800-372d-5056-8a35-9f8661656bf4"",""d08816e6-d4d6-5f35-9de3-d86528fa7a96"",""2e126757-f17e-5ee2-93db-94d31ed944b2"",""5e1af4e2-330f-563f-b639-2d3cd8d276c8"",""49cd1889-2a56-5913-8723-929335f68874"",""82b898ba-3b6d-567f-8996-4f259b74547e"",""d38eb7d2-e78b-5c2f-93e4-2e34846e80e6"",""33effc64-dcfe-5ced-badf-c4df49f68dc1"",""a3a03b99-34c0-504b-b529-32b798db318a"",""8b3ec7b0-123f-5597-95f7-1fafc5810d01"",""035c5442-19b8-5a84-8a59-b352a9660279"",""d6d45010-72fa-5741-b733-88958a8795d2"",""ab8215e5-b753-5a6a-a4e7-ad9caf42eeac"",""1b20061c-b208-551a-b06c-81ffeff623fc"",""9b6d0913-2ae6-5dab-ab36-d05e1c51b208"",""a27c1fb2-edc1-57e6-9d74-adb5a13fed3b"",""4696448b-8c21-591b-80cc-7344ea0b95ec"",""c1d75a33-928c-5636-b99c-def1fb29e0f5"",""61eebfb6-2555-5bce-ba71-7a750427392a"",""aba074a1-d451-595d-bc12-e257adbe7383"",""1ca34094-ee4d-5962-a78a-174d361a9cd3"",""7edb0577-da07-5c6f-8391-bb90e9822165"",""d7c5d484-54dc-5d1e-a3ac-65d60267a12c"",""f416cc8b-3bc2-5c4c-a91c-c56faf748684""]",,1e5ad7eb-15db-4bf0-b244-bee445602e7e,True,,[],SQL,M6-evaluator-v1,f8edaecf-8020-4564-bbf4-42b31ddc5d7a,035c5442-19b8-5a84-8a59-b352a9660279,True,35,,B,Native syntax/boot plus independent intact scaffold control,True,2026-10-07T18:27:07.173589Z,automatic,1,972066a9-40db-412d-b51a-dd1bcb10681b,ce40a18c-aa8e-40fc-9d13-83adabe5993f,1,explicit per metric; exact fractions and decimal display,,M6-evaluator-v1,observed,binary,1,decimal,B
M7-analysis-v5,0c44d85c-d8d9-572f-b0cb-1e52983adc6c,3,6911cdc858aa79c2c07111aa648bb7962d234961be7ce229045171034d4c13b9,E-BB,M6-T5-39e06ba7-6ae9-4a03-a0a1-ab2425acacb0,d130066f-fbe3-4123-970a-436952624ecc,6911cdc858aa79c2c07111aa648bb7962d234961be7ce229045171034d4c13b9,2d8e23ec-dab1-4d39-a309-6e2a93ce737b,8c6cccdc-37a3-46ac-82a5-a22d1d69000f,f8edaecf-8020-4564-bbf4-42b31ddc5d7a,2d9849af-4973-4fd8-a822-d8a60e17e5f5,81de6e6f-7d67-40af-b2be-f629e89085ed,completed,b26081b6041d83b27d357511d1cbaa4be007a74fd351a784a31834412284db93,26c9e1ce-c552-46f9-9d50-4cc6179591a3,K1,2026-10-07T18:27:07.180842Z,T5,dbb63e68d4ed9e904fa985aa5b88d674205b6caab086a8d981ac8918a9c68fb5,empirical,"[""4afc763c-033e-501c-9c9c-453207d31e62"",""1fed9611-d0cc-51e5-86e7-4ba237c836a2"",""0e4d4039-5409-5be7-a300-ded85e9c22d7"",""1c4afc6f-6679-57b7-ab6b-cec3053e85a1"",""76216ff6-0dab-5f43-913f-741c2deb7596"",""fe7c5fea-171a-5d3e-b93c-b9d53dca7c67"",""784c942d-b222-5013-a2e4-de4aa477a143"",""2f2d84f4-6f41-5df7-a828-cc0a3d9cdddf"",""c68f6332-f200-5595-940d-e5bcad78f1fe"",""54c3aba8-cb42-5023-9591-5cdd68bdd7c5"",""b9ac296e-4c6c-5cdc-9e03-14868c124af2"",""022ddff9-4332-5ba5-b884-42537f220a0c"",""0d262496-18e1-5973-84a6-84fbda64d0ff"",""447860c8-1d56-518b-88ad-7e103990b756"",""616ecfda-7163-5a8d-ba60-01f623d8b124"",""656bacfc-b102-5379-8db2-2f9f127621e0"",""88f2e658-6155-5924-bc85-63fe2aabb08a"",""9f032fb3-90ca-5749-aff5-1065077ac10e"",""4d2e4005-a84b-525b-a492-d367c5e405d0"",""12b20e20-e117-5c00-83bc-e589b92b730e"",""e97a5398-37b9-5e89-91a9-9b3ae48d9534"",""7a8f92c5-5f85-593a-bf90-08e13c60a2e6"",""aa66f5e3-ac0e-57d6-9b69-aa54ea7c4fb9"",""d07b7490-853e-562b-b662-305e89e7718d"",""596c0800-372d-5056-8a35-9f8661656bf4"",""d08816e6-d4d6-5f35-9de3-d86528fa7a96"",""2e126757-f17e-5ee2-93db-94d31ed944b2"",""5e1af4e2-330f-563f-b639-2d3cd8d276c8"",""49cd1889-2a56-5913-8723-929335f68874"",""82b898ba-3b6d-567f-8996-4f259b74547e"",""d38eb7d2-e78b-5c2f-93e4-2e34846e80e6"",""33effc64-dcfe-5ced-badf-c4df49f68dc1"",""a3a03b99-34c0-504b-b529-32b798db318a"",""8b3ec7b0-123f-5597-95f7-1fafc5810d01"",""035c5442-19b8-5a84-8a59-b352a9660279"",""d6d45010-72fa-5741-b733-88958a8795d2"",""ab8215e5-b753-5a6a-a4e7-ad9caf42eeac"",""1b20061c-b208-551a-b06c-81ffeff623fc"",""9b6d0913-2ae6-5dab-ab36-d05e1c51b208"",""a27c1fb2-edc1-57e6-9d74-adb5a13fed3b"",""4696448b-8c21-591b-80cc-7344ea0b95ec"",""c1d75a33-928c-5636-b99c-def1fb29e0f5"",""61eebfb6-2555-5bce-ba71-7a750427392a"",""aba074a1-d451-595d-bc12-e257adbe7383"",""1ca34094-ee4d-5962-a78a-174d361a9cd3"",""7edb0577-da07-5c6f-8391-bb90e9822165"",""d7c5d484-54dc-5d1e-a3ac-65d60267a12c"",""f416cc8b-3bc2-5c4c-a91c-c56faf748684""]",,a94ce9aa-b5da-46b0-8736-f403b291628a,True,,[],SQL,M6-evaluator-v1,f8edaecf-8020-4564-bbf4-42b31ddc5d7a,035c5442-19b8-5a84-8a59-b352a9660279,True,35,,B,Protected scaffold/allowlist and effective access routes against intact control; other semantic doubt stays open,True,2026-10-07T18:27:07.180833Z,automatic,1,972066a9-40db-412d-b51a-dd1bcb10681b,ce40a18c-aa8e-40fc-9d13-83adabe5993f,1,explicit per metric; exact fractions and decimal display,,M6-evaluator-v1,observed,binary,1,decimal,B
M7-analysis-v5,0c44d85c-d8d9-572f-b0cb-1e52983adc6c,3,951958a3600621e43a708a8a0db2baf850b4bfbdb25a57ca24f42805e2da6d5a,C-BF-0,HUMAN-REVIEW-50067f52-923b-44b9-8e72-0a58633e46fb,0e43da0c-3146-48ed-8c9f-40940781fead,951958a3600621e43a708a8a0db2baf850b4bfbdb25a57ca24f42805e2da6d5a,8621d2b1-1136-4993-824c-90982a428139,8c6cccdc-37a3-46ac-82a5-a22d1d69000f,f8edaecf-8020-4564-bbf4-42b31ddc5d7a,2d9849af-4973-4fd8-a822-d8a60e17e5f5,81de6e6f-7d67-40af-b2be-f629e89085ed,completed,19fa6fbf4f554673689996213945dcaed831a9bf0fbdc6988698abb77fd647ee,90318496-3af4-49cd-a20d-b85db76e5a0a,K0,2026-10-07T18:52:47.948866Z,T3,dbb63e68d4ed9e904fa985aa5b88d674205b6caab086a8d981ac8918a9c68fb5,empirical,"[""4afc763c-033e-501c-9c9c-453207d31e62"",""1fed9611-d0cc-51e5-86e7-4ba237c836a2"",""0e4d4039-5409-5be7-a300-ded85e9c22d7"",""1c4afc6f-6679-57b7-ab6b-cec3053e85a1"",""76216ff6-0dab-5f43-913f-741c2deb7596"",""fe7c5fea-171a-5d3e-b93c-b9d53dca7c67"",""784c942d-b222-5013-a2e4-de4aa477a143"",""2f2d84f4-6f41-5df7-a828-cc0a3d9cdddf"",""c68f6332-f200-5595-940d-e5bcad78f1fe"",""54c3aba8-cb42-5023-9591-5cdd68bdd7c5"",""b9ac296e-4c6c-5cdc-9e03-14868c124af2"",""022ddff9-4332-5ba5-b884-42537f220a0c"",""0d262496-18e1-5973-84a6-84fbda64d0ff"",""447860c8-1d56-518b-88ad-7e103990b756"",""616ecfda-7163-5a8d-ba60-01f623d8b124"",""656bacfc-b102-5379-8db2-2f9f127621e0"",""88f2e658-6155-5924-bc85-63fe2aabb08a"",""9f032fb3-90ca-5749-aff5-1065077ac10e"",""4d2e4005-a84b-525b-a492-d367c5e405d0"",""12b20e20-e117-5c00-83bc-e589b92b730e"",""e97a5398-37b9-5e89-91a9-9b3ae48d9534"",""7a8f92c5-5f85-593a-bf90-08e13c60a2e6"",""aa66f5e3-ac0e-57d6-9b69-aa54ea7c4fb9"",""d07b7490-853e-562b-b662-305e89e7718d"",""596c0800-372d-5056-8a35-9f8661656bf4"",""d08816e6-d4d6-5f35-9de3-d86528fa7a96"",""2e126757-f17e-5ee2-93db-94d31ed944b2"",""5e1af4e2-330f-563f-b639-2d3cd8d276c8"",""49cd1889-2a56-5913-8723-929335f68874"",""82b898ba-3b6d-567f-8996-4f259b74547e"",""d38eb7d2-e78b-5c2f-93e4-2e34846e80e6"",""33effc64-dcfe-5ced-badf-c4df49f68dc1"",""a3a03b99-34c0-504b-b529-32b798db318a"",""8b3ec7b0-123f-5597-95f7-1fafc5810d01"",""035c5442-19b8-5a84-8a59-b352a9660279"",""d6d45010-72fa-5741-b733-88958a8795d2"",""ab8215e5-b753-5a6a-a4e7-ad9caf42eeac"",""1b20061c-b208-551a-b06c-81ffeff623fc"",""9b6d0913-2ae6-5dab-ab36-d05e1c51b208"",""a27c1fb2-edc1-57e6-9d74-adb5a13fed3b"",""4696448b-8c21-591b-80cc-7344ea0b95ec"",""c1d75a33-928c-5636-b99c-def1fb29e0f5"",""61eebfb6-2555-5bce-ba71-7a750427392a"",""aba074a1-d451-595d-bc12-e257adbe7383"",""1ca34094-ee4d-5962-a78a-174d361a9cd3"",""7edb0577-da07-5c6f-8391-bb90e9822165"",""d7c5d484-54dc-5d1e-a3ac-65d60267a12c"",""f416cc8b-3bc2-5c4c-a91c-c56faf748684""]",resources/views/study/brute.blade.php,7fdef69d-f197-44cc-b7c4-34f2468ac451,True,10-20,[],BF,Noah Fiedler,f8edaecf-8020-4564-bbf4-42b31ddc5d7a,d6d45010-72fa-5741-b733-88958a8795d2,True,36,93247090-6e62-47a5-81f9-d2cc2595def6,A,"Der Controller rendert in allen Antwortzweigen study.brute und übergibt status sowie avatar (BruteForceController.php, Z. 43–50). Die Blade-View erzeugt das GET-Formular (Z. 10–18) und gibt Status sowie bei Erfolg den Avatar aus (Z. 20). Damit laufen Anzeige, positive, negative und Eingabefehler-Antworten über Blade.",True,2026-10-07T18:52:47.948859Z,human,2,972066a9-40db-412d-b51a-dd1bcb10681b,eb52c0d2-2314-4577-9c3c-7281d4db059e,1,explicit per metric; exact fractions and decimal display,,Menschliche lokale Selbstauskunft,observed,binary,1,decimal,A
M7-analysis-v5,0c44d85c-d8d9-572f-b0cb-1e52983adc6c,3,951958a3600621e43a708a8a0db2baf850b4bfbdb25a57ca24f42805e2da6d5a,C-BF-0,HUMAN-REVIEW-51627f8b-24f9-4cdf-b57f-1e1e4ed6be72,b4d5a011-a0b2-4563-a189-c2ed98e9b358,951958a3600621e43a708a8a0db2baf850b4bfbdb25a57ca24f42805e2da6d5a,8621d2b1-1136-4993-824c-90982a428139,8c6cccdc-37a3-46ac-82a5-a22d1d69000f,f8edaecf-8020-4564-bbf4-42b31ddc5d7a,2d9849af-4973-4fd8-a822-d8a60e17e5f5,81de6e6f-7d67-40af-b2be-f629e89085ed,completed,19fa6fbf4f554673689996213945dcaed831a9bf0fbdc6988698abb77fd647ee,90318496-3af4-49cd-a20d-b85db76e5a0a,K0,2026-10-07T18:52:28.639809Z,T2,dbb63e68d4ed9e904fa985aa5b88d674205b6caab086a8d981ac8918a9c68fb5,empirical,"[""4afc763c-033e-501c-9c9c-453207d31e62"",""1fed9611-d0cc-51e5-86e7-4ba237c836a2"",""0e4d4039-5409-5be7-a300-ded85e9c22d7"",""1c4afc6f-6679-57b7-ab6b-cec3053e85a1"",""76216ff6-0dab-5f43-913f-741c2deb7596"",""fe7c5fea-171a-5d3e-b93c-b9d53dca7c67"",""784c942d-b222-5013-a2e4-de4aa477a143"",""2f2d84f4-6f41-5df7-a828-cc0a3d9cdddf"",""c68f6332-f200-5595-940d-e5bcad78f1fe"",""54c3aba8-cb42-5023-9591-5cdd68bdd7c5"",""b9ac296e-4c6c-5cdc-9e03-14868c124af2"",""022ddff9-4332-5ba5-b884-42537f220a0c"",""0d262496-18e1-5973-84a6-84fbda64d0ff"",""447860c8-1d56-518b-88ad-7e103990b756"",""616ecfda-7163-5a8d-ba60-01f623d8b124"",""656bacfc-b102-5379-8db2-2f9f127621e0"",""88f2e658-6155-5924-bc85-63fe2aabb08a"",""9f032fb3-90ca-5749-aff5-1065077ac10e"",""4d2e4005-a84b-525b-a492-d367c5e405d0"",""12b20e20-e117-5c00-83bc-e589b92b730e"",""e97a5398-37b9-5e89-91a9-9b3ae48d9534"",""7a8f92c5-5f85-593a-bf90-08e13c60a2e6"",""aa66f5e3-ac0e-57d6-9b69-aa54ea7c4fb9"",""d07b7490-853e-562b-b662-305e89e7718d"",""596c0800-372d-5056-8a35-9f8661656bf4"",""d08816e6-d4d6-5f35-9de3-d86528fa7a96"",""2e126757-f17e-5ee2-93db-94d31ed944b2"",""5e1af4e2-330f-563f-b639-2d3cd8d276c8"",""49cd1889-2a56-5913-8723-929335f68874"",""82b898ba-3b6d-567f-8996-4f259b74547e"",""d38eb7d2-e78b-5c2f-93e4-2e34846e80e6"",""33effc64-dcfe-5ced-badf-c4df49f68dc1"",""a3a03b99-34c0-504b-b529-32b798db318a"",""8b3ec7b0-123f-5597-95f7-1fafc5810d01"",""035c5442-19b8-5a84-8a59-b352a9660279"",""d6d45010-72fa-5741-b733-88958a8795d2"",""ab8215e5-b753-5a6a-a4e7-ad9caf42eeac"",""1b20061c-b208-551a-b06c-81ffeff623fc"",""9b6d0913-2ae6-5dab-ab36-d05e1c51b208"",""a27c1fb2-edc1-57e6-9d74-adb5a13fed3b"",""4696448b-8c21-591b-80cc-7344ea0b95ec"",""c1d75a33-928c-5636-b99c-def1fb29e0f5"",""61eebfb6-2555-5bce-ba71-7a750427392a"",""aba074a1-d451-595d-bc12-e257adbe7383"",""1ca34094-ee4d-5962-a78a-174d361a9cd3"",""7edb0577-da07-5c6f-8391-bb90e9822165"",""d7c5d484-54dc-5d1e-a3ac-65d60267a12c"",""f416cc8b-3bc2-5c4c-a91c-c56faf748684""]",app/Http/Controllers/Study/BruteForceController.php,6684a059-c566-4fb0-8f9d-f026b0c218b1,True,12-40,[],BF,Noah Fiedler,f8edaecf-8020-4564-bbf4-42b31ddc5d7a,d6d45010-72fa-5741-b733-88958a8795d2,True,36,b25d8fb0-1f3c-4790-aa7b-f19fbc36d941,A,"Die GET-Route verweist auf BruteForceController::show (study.php, Z. 6–7). Der Controller zeigt ohne Login das Formular (Z. 16–18), verarbeitet mit Login Benutzername und Passwort einschließlich Validierung (Z. 20–28), Datenzugriff und Ergebniszweigen (Z. 30–40). Keine Legacy-Einbindung im tatsächlichen Pfad festgestellt.",True,2026-10-07T18:52:28.639803Z,human,2,972066a9-40db-412d-b51a-dd1bcb10681b,eb52c0d2-2314-4577-9c3c-7281d4db059e,1,explicit per metric; exact fractions and decimal display,,Menschliche lokale Selbstauskunft,observed,binary,1,decimal,A
M7-analysis-v5,0c44d85c-d8d9-572f-b0cb-1e52983adc6c,3,951958a3600621e43a708a8a0db2baf850b4bfbdb25a57ca24f42805e2da6d5a,C-BF-0,HUMAN-REVIEW-6b6d98c3-f706-47f8-948d-9d2320c7dde8,b4d5a011-a0b2-4563-a189-c2ed98e9b358,951958a3600621e43a708a8a0db2baf850b4bfbdb25a57ca24f42805e2da6d5a,8621d2b1-1136-4993-824c-90982a428139,8c6cccdc-37a3-46ac-82a5-a22d1d69000f,f8edaecf-8020-4564-bbf4-42b31ddc5d7a,2d9849af-4973-4fd8-a822-d8a60e17e5f5,81de6e6f-7d67-40af-b2be-f629e89085ed,completed,19fa6fbf4f554673689996213945dcaed831a9bf0fbdc6988698abb77fd647ee,90318496-3af4-49cd-a20d-b85db76e5a0a,K0,2026-10-07T18:53:04.405789Z,T4,dbb63e68d4ed9e904fa985aa5b88d674205b6caab086a8d981ac8918a9c68fb5,empirical,"[""4afc763c-033e-501c-9c9c-453207d31e62"",""1fed9611-d0cc-51e5-86e7-4ba237c836a2"",""0e4d4039-5409-5be7-a300-ded85e9c22d7"",""1c4afc6f-6679-57b7-ab6b-cec3053e85a1"",""76216ff6-0dab-5f43-913f-741c2deb7596"",""fe7c5fea-171a-5d3e-b93c-b9d53dca7c67"",""784c942d-b222-5013-a2e4-de4aa477a143"",""2f2d84f4-6f41-5df7-a828-cc0a3d9cdddf"",""c68f6332-f200-5595-940d-e5bcad78f1fe"",""54c3aba8-cb42-5023-9591-5cdd68bdd7c5"",""b9ac296e-4c6c-5cdc-9e03-14868c124af2"",""022ddff9-4332-5ba5-b884-42537f220a0c"",""0d262496-18e1-5973-84a6-84fbda64d0ff"",""447860c8-1d56-518b-88ad-7e103990b756"",""616ecfda-7163-5a8d-ba60-01f623d8b124"",""656bacfc-b102-5379-8db2-2f9f127621e0"",""88f2e658-6155-5924-bc85-63fe2aabb08a"",""9f032fb3-90ca-5749-aff5-1065077ac10e"",""4d2e4005-a84b-525b-a492-d367c5e405d0"",""12b20e20-e117-5c00-83bc-e589b92b730e"",""e97a5398-37b9-5e89-91a9-9b3ae48d9534"",""7a8f92c5-5f85-593a-bf90-08e13c60a2e6"",""aa66f5e3-ac0e-57d6-9b69-aa54ea7c4fb9"",""d07b7490-853e-562b-b662-305e89e7718d"",""596c0800-372d-5056-8a35-9f8661656bf4"",""d08816e6-d4d6-5f35-9de3-d86528fa7a96"",""2e126757-f17e-5ee2-93db-94d31ed944b2"",""5e1af4e2-330f-563f-b639-2d3cd8d276c8"",""49cd1889-2a56-5913-8723-929335f68874"",""82b898ba-3b6d-567f-8996-4f259b74547e"",""d38eb7d2-e78b-5c2f-93e4-2e34846e80e6"",""33effc64-dcfe-5ced-badf-c4df49f68dc1"",""a3a03b99-34c0-504b-b529-32b798db318a"",""8b3ec7b0-123f-5597-95f7-1fafc5810d01"",""035c5442-19b8-5a84-8a59-b352a9660279"",""d6d45010-72fa-5741-b733-88958a8795d2"",""ab8215e5-b753-5a6a-a4e7-ad9caf42eeac"",""1b20061c-b208-551a-b06c-81ffeff623fc"",""9b6d0913-2ae6-5dab-ab36-d05e1c51b208"",""a27c1fb2-edc1-57e6-9d74-adb5a13fed3b"",""4696448b-8c21-591b-80cc-7344ea0b95ec"",""c1d75a33-928c-5636-b99c-def1fb29e0f5"",""61eebfb6-2555-5bce-ba71-7a750427392a"",""aba074a1-d451-595d-bc12-e257adbe7383"",""1ca34094-ee4d-5962-a78a-174d361a9cd3"",""7edb0577-da07-5c6f-8391-bb90e9822165"",""d7c5d484-54dc-5d1e-a3ac-65d60267a12c"",""f416cc8b-3bc2-5c4c-a91c-c56faf748684""]",app/Http/Controllers/Study/BruteForceController.php,0d49e416-aa91-4647-86b6-ebd8768f0eb0,True,30-37,"[""5f491338-1cc2-43fb-96d1-8ef7dd39fb62""]",BF,Noah Fiedler,f8edaecf-8020-4564-bbf4-42b31ddc5d7a,d6d45010-72fa-5741-b733-88958a8795d2,True,36,2a53b6ba-3309-4a73-b4e0-3e5a6aa176bd,A,"Der Code nutzt den Laravel Query Builder über die konfigurierte mysql-Verbindung, liest password und avatar aus users und gibt bei erfolgreichem Passwortvergleich den Avatar des gelesenen Datensatzes weiter. Die Laravel-mysql-Anbindung ist in database.php, Z. 47–67, konfiguriert.",True,2026-10-07T18:53:04.405782Z,human,2,972066a9-40db-412d-b51a-dd1bcb10681b,eb52c0d2-2314-4577-9c3c-7281d4db059e,1,explicit per metric; exact fractions and decimal display,,Menschliche lokale Selbstauskunft,observed,binary,1,decimal,A
M7-analysis-v5,0c44d85c-d8d9-572f-b0cb-1e52983adc6c,3,951958a3600621e43a708a8a0db2baf850b4bfbdb25a57ca24f42805e2da6d5a,C-BF-0,M6-T1-4fe3a54b-37f6-479f-a7ac-efac58dfe1da,1c33effd-b975-4379-b1a8-36ea2ef239d5,951958a3600621e43a708a8a0db2baf850b4bfbdb25a57ca24f42805e2da6d5a,8621d2b1-1136-4993-824c-90982a428139,8c6cccdc-37a3-46ac-82a5-a22d1d69000f,f8edaecf-8020-4564-bbf4-42b31ddc5d7a,2d9849af-4973-4fd8-a822-d8a60e17e5f5,81de6e6f-7d67-40af-b2be-f629e89085ed,completed,19fa6fbf4f554673689996213945dcaed831a9bf0fbdc6988698abb77fd647ee,90318496-3af4-49cd-a20d-b85db76e5a0a,K0,2026-10-07T18:46:37.474259Z,T1,dbb63e68d4ed9e904fa985aa5b88d674205b6caab086a8d981ac8918a9c68fb5,empirical,"[""4afc763c-033e-501c-9c9c-453207d31e62"",""1fed9611-d0cc-51e5-86e7-4ba237c836a2"",""0e4d4039-5409-5be7-a300-ded85e9c22d7"",""1c4afc6f-6679-57b7-ab6b-cec3053e85a1"",""76216ff6-0dab-5f43-913f-741c2deb7596"",""fe7c5fea-171a-5d3e-b93c-b9d53dca7c67"",""784c942d-b222-5013-a2e4-de4aa477a143"",""2f2d84f4-6f41-5df7-a828-cc0a3d9cdddf"",""c68f6332-f200-5595-940d-e5bcad78f1fe"",""54c3aba8-cb42-5023-9591-5cdd68bdd7c5"",""b9ac296e-4c6c-5cdc-9e03-14868c124af2"",""022ddff9-4332-5ba5-b884-42537f220a0c"",""0d262496-18e1-5973-84a6-84fbda64d0ff"",""447860c8-1d56-518b-88ad-7e103990b756"",""616ecfda-7163-5a8d-ba60-01f623d8b124"",""656bacfc-b102-5379-8db2-2f9f127621e0"",""88f2e658-6155-5924-bc85-63fe2aabb08a"",""9f032fb3-90ca-5749-aff5-1065077ac10e"",""4d2e4005-a84b-525b-a492-d367c5e405d0"",""12b20e20-e117-5c00-83bc-e589b92b730e"",""e97a5398-37b9-5e89-91a9-9b3ae48d9534"",""7a8f92c5-5f85-593a-bf90-08e13c60a2e6"",""aa66f5e3-ac0e-57d6-9b69-aa54ea7c4fb9"",""d07b7490-853e-562b-b662-305e89e7718d"",""596c0800-372d-5056-8a35-9f8661656bf4"",""d08816e6-d4d6-5f35-9de3-d86528fa7a96"",""2e126757-f17e-5ee2-93db-94d31ed944b2"",""5e1af4e2-330f-563f-b639-2d3cd8d276c8"",""49cd1889-2a56-5913-8723-929335f68874"",""82b898ba-3b6d-567f-8996-4f259b74547e"",""d38eb7d2-e78b-5c2f-93e4-2e34846e80e6"",""33effc64-dcfe-5ced-badf-c4df49f68dc1"",""a3a03b99-34c0-504b-b529-32b798db318a"",""8b3ec7b0-123f-5597-95f7-1fafc5810d01"",""035c5442-19b8-5a84-8a59-b352a9660279"",""d6d45010-72fa-5741-b733-88958a8795d2"",""ab8215e5-b753-5a6a-a4e7-ad9caf42eeac"",""1b20061c-b208-551a-b06c-81ffeff623fc"",""9b6d0913-2ae6-5dab-ab36-d05e1c51b208"",""a27c1fb2-edc1-57e6-9d74-adb5a13fed3b"",""4696448b-8c21-591b-80cc-7344ea0b95ec"",""c1d75a33-928c-5636-b99c-def1fb29e0f5"",""61eebfb6-2555-5bce-ba71-7a750427392a"",""aba074a1-d451-595d-bc12-e257adbe7383"",""1ca34094-ee4d-5962-a78a-174d361a9cd3"",""7edb0577-da07-5c6f-8391-bb90e9822165"",""d7c5d484-54dc-5d1e-a3ac-65d60267a12c"",""f416cc8b-3bc2-5c4c-a91c-c56faf748684""]",,65b6581e-3460-4bf9-aaf1-0be63ebb1057,True,,[],BF,M6-evaluator-v1,f8edaecf-8020-4564-bbf4-42b31ddc5d7a,d6d45010-72fa-5741-b733-88958a8795d2,True,36,,A,Native syntax/boot plus independent intact scaffold control,True,2026-10-07T18:46:37.474239Z,automatic,1,972066a9-40db-412d-b51a-dd1bcb10681b,eb52c0d2-2314-4577-9c3c-7281d4db059e,1,explicit per metric; exact fractions and decimal display,,M6-evaluator-v1,observed,binary,1,decimal,A
M7-analysis-v5,0c44d85c-d8d9-572f-b0cb-1e52983adc6c,3,951958a3600621e43a708a8a0db2baf850b4bfbdb25a57ca24f42805e2da6d5a,C-BF-0,M6-T5-d6fa4982-77e0-4e50-bdbf-9abb3ec5f134,f72487ba-8f87-4454-995a-a9a831a7b05e,951958a3600621e43a708a8a0db2baf850b4bfbdb25a57ca24f42805e2da6d5a,8621d2b1-1136-4993-824c-90982a428139,8c6cccdc-37a3-46ac-82a5-a22d1d69000f,f8edaecf-8020-4564-bbf4-42b31ddc5d7a,2d9849af-4973-4fd8-a822-d8a60e17e5f5,81de6e6f-7d67-40af-b2be-f629e89085ed,completed,19fa6fbf4f554673689996213945dcaed831a9bf0fbdc6988698abb77fd647ee,90318496-3af4-49cd-a20d-b85db76e5a0a,K0,2026-10-07T18:46:37.485041Z,T5,dbb63e68d4ed9e904fa985aa5b88d674205b6caab086a8d981ac8918a9c68fb5,empirical,"[""4afc763c-033e-501c-9c9c-453207d31e62"",""1fed9611-d0cc-51e5-86e7-4ba237c836a2"",""0e4d4039-5409-5be7-a300-ded85e9c22d7"",""1c4afc6f-6679-57b7-ab6b-cec3053e85a1"",""76216ff6-0dab-5f43-913f-741c2deb7596"",""fe7c5fea-171a-5d3e-b93c-b9d53dca7c67"",""784c942d-b222-5013-a2e4-de4aa477a143"",""2f2d84f4-6f41-5df7-a828-cc0a3d9cdddf"",""c68f6332-f200-5595-940d-e5bcad78f1fe"",""54c3aba8-cb42-5023-9591-5cdd68bdd7c5"",""b9ac296e-4c6c-5cdc-9e03-14868c124af2"",""022ddff9-4332-5ba5-b884-42537f220a0c"",""0d262496-18e1-5973-84a6-84fbda64d0ff"",""447860c8-1d56-518b-88ad-7e103990b756"",""616ecfda-7163-5a8d-ba60-01f623d8b124"",""656bacfc-b102-5379-8db2-2f9f127621e0"",""88f2e658-6155-5924-bc85-63fe2aabb08a"",""9f032fb3-90ca-5749-aff5-1065077ac10e"",""4d2e4005-a84b-525b-a492-d367c5e405d0"",""12b20e20-e117-5c00-83bc-e589b92b730e"",""e97a5398-37b9-5e89-91a9-9b3ae48d9534"",""7a8f92c5-5f85-593a-bf90-08e13c60a2e6"",""aa66f5e3-ac0e-57d6-9b69-aa54ea7c4fb9"",""d07b7490-853e-562b-b662-305e89e7718d"",""596c0800-372d-5056-8a35-9f8661656bf4"",""d08816e6-d4d6-5f35-9de3-d86528fa7a96"",""2e126757-f17e-5ee2-93db-94d31ed944b2"",""5e1af4e2-330f-563f-b639-2d3cd8d276c8"",""49cd1889-2a56-5913-8723-929335f68874"",""82b898ba-3b6d-567f-8996-4f259b74547e"",""d38eb7d2-e78b-5c2f-93e4-2e34846e80e6"",""33effc64-dcfe-5ced-badf-c4df49f68dc1"",""a3a03b99-34c0-504b-b529-32b798db318a"",""8b3ec7b0-123f-5597-95f7-1fafc5810d01"",""035c5442-19b8-5a84-8a59-b352a9660279"",""d6d45010-72fa-5741-b733-88958a8795d2"",""ab8215e5-b753-5a6a-a4e7-ad9caf42eeac"",""1b20061c-b208-551a-b06c-81ffeff623fc"",""9b6d0913-2ae6-5dab-ab36-d05e1c51b208"",""a27c1fb2-edc1-57e6-9d74-adb5a13fed3b"",""4696448b-8c21-591b-80cc-7344ea0b95ec"",""c1d75a33-928c-5636-b99c-def1fb29e0f5"",""61eebfb6-2555-5bce-ba71-7a750427392a"",""aba074a1-d451-595d-bc12-e257adbe7383"",""1ca34094-ee4d-5962-a78a-174d361a9cd3"",""7edb0577-da07-5c6f-8391-bb90e9822165"",""d7c5d484-54dc-5d1e-a3ac-65d60267a12c"",""f416cc8b-3bc2-5c4c-a91c-c56faf748684""]",,1a7c026c-bc8f-49b4-9b02-f1d904453414,True,,[],BF,M6-evaluator-v1,f8edaecf-8020-4564-bbf4-42b31ddc5d7a,d6d45010-72fa-5741-b733-88958a8795d2,True,36,,A,Protected scaffold/allowlist and effective access routes against intact control; other semantic doubt stays open,True,2026-10-07T18:46:37.485034Z,automatic,1,972066a9-40db-412d-b51a-dd1bcb10681b,eb52c0d2-2314-4577-9c3c-7281d4db059e,1,explicit per metric; exact fractions and decimal display,,M6-evaluator-v1,observed,binary,1,decimal,A
M7-analysis-v5,184b05d2-2f8e-5d0c-89a1-eddf992ccdf9,4,da6ea9e9345987541cd7c36ae422262583816e19fb5a29b5cab23e44577d756a,C-BF-0,HUMAN-REVIEW-3038a3b6-795c-4156-8214-a4fd6e4cf95d,80437e3d-ea6a-4078-8cd5-ccbe030e143d,da6ea9e9345987541cd7c36ae422262583816e19fb5a29b5cab23e44577d756a,7965e6be-14d6-48da-8f5b-cae3e07a257d,8c6cccdc-37a3-46ac-82a5-a22d1d69000f,f8edaecf-8020-4564-bbf4-42b31ddc5d7a,2d9849af-4973-4fd8-a822-d8a60e17e5f5,81de6e6f-7d67-40af-b2be-f629e89085ed,completed,19fa6fbf4f554673689996213945dcaed831a9bf0fbdc6988698abb77fd647ee,90318496-3af4-49cd-a20d-b85db76e5a0a,K0,2026-10-07T19:12:38.839965Z,T2,dbb63e68d4ed9e904fa985aa5b88d674205b6caab086a8d981ac8918a9c68fb5,empirical,"[""4afc763c-033e-501c-9c9c-453207d31e62"",""1fed9611-d0cc-51e5-86e7-4ba237c836a2"",""0e4d4039-5409-5be7-a300-ded85e9c22d7"",""1c4afc6f-6679-57b7-ab6b-cec3053e85a1"",""76216ff6-0dab-5f43-913f-741c2deb7596"",""fe7c5fea-171a-5d3e-b93c-b9d53dca7c67"",""784c942d-b222-5013-a2e4-de4aa477a143"",""2f2d84f4-6f41-5df7-a828-cc0a3d9cdddf"",""c68f6332-f200-5595-940d-e5bcad78f1fe"",""54c3aba8-cb42-5023-9591-5cdd68bdd7c5"",""b9ac296e-4c6c-5cdc-9e03-14868c124af2"",""022ddff9-4332-5ba5-b884-42537f220a0c"",""0d262496-18e1-5973-84a6-84fbda64d0ff"",""447860c8-1d56-518b-88ad-7e103990b756"",""616ecfda-7163-5a8d-ba60-01f623d8b124"",""656bacfc-b102-5379-8db2-2f9f127621e0"",""88f2e658-6155-5924-bc85-63fe2aabb08a"",""9f032fb3-90ca-5749-aff5-1065077ac10e"",""4d2e4005-a84b-525b-a492-d367c5e405d0"",""12b20e20-e117-5c00-83bc-e589b92b730e"",""e97a5398-37b9-5e89-91a9-9b3ae48d9534"",""7a8f92c5-5f85-593a-bf90-08e13c60a2e6"",""aa66f5e3-ac0e-57d6-9b69-aa54ea7c4fb9"",""d07b7490-853e-562b-b662-305e89e7718d"",""596c0800-372d-5056-8a35-9f8661656bf4"",""d08816e6-d4d6-5f35-9de3-d86528fa7a96"",""2e126757-f17e-5ee2-93db-94d31ed944b2"",""5e1af4e2-330f-563f-b639-2d3cd8d276c8"",""49cd1889-2a56-5913-8723-929335f68874"",""82b898ba-3b6d-567f-8996-4f259b74547e"",""d38eb7d2-e78b-5c2f-93e4-2e34846e80e6"",""33effc64-dcfe-5ced-badf-c4df49f68dc1"",""a3a03b99-34c0-504b-b529-32b798db318a"",""8b3ec7b0-123f-5597-95f7-1fafc5810d01"",""035c5442-19b8-5a84-8a59-b352a9660279"",""d6d45010-72fa-5741-b733-88958a8795d2"",""ab8215e5-b753-5a6a-a4e7-ad9caf42eeac"",""1b20061c-b208-551a-b06c-81ffeff623fc"",""9b6d0913-2ae6-5dab-ab36-d05e1c51b208"",""a27c1fb2-edc1-57e6-9d74-adb5a13fed3b"",""4696448b-8c21-591b-80cc-7344ea0b95ec"",""c1d75a33-928c-5636-b99c-def1fb29e0f5"",""61eebfb6-2555-5bce-ba71-7a750427392a"",""aba074a1-d451-595d-bc12-e257adbe7383"",""1ca34094-ee4d-5962-a78a-174d361a9cd3"",""7edb0577-da07-5c6f-8391-bb90e9822165"",""d7c5d484-54dc-5d1e-a3ac-65d60267a12c"",""f416cc8b-3bc2-5c4c-a91c-c56faf748684""]",app/Http/Controllers/Study/BruteForceController.php,94543ab3-8f66-4aea-895c-7e88d2e57be4,False,12-40,[],BF,Noah Fiedler,f8edaecf-8020-4564-bbf4-42b31ddc5d7a,ab8215e5-b753-5a6a-a4e7-ad9caf42eeac,True,37,64c55581-480d-482f-a3c2-c07fa9fccf23,A,"Die GET-Route /study/brute verweist auf BruteForceController::show. Die Methode behandelt getrennt die Formularanzeige ohne Login, Eingabefehler, die Benutzer-/Passwortprüfung sowie das negative Ergebnis. Es gibt in diesem Verarbeitungspfad keine Legacy-Einbindung (include/require).",True,2026-10-07T19:12:38.839959Z,human,2,972066a9-40db-412d-b51a-dd1bcb10681b,c9e2f4a7-a3de-4249-8e90-be53fda87bef,1,explicit per metric; exact fractions and decimal display,,Menschliche lokale Selbstauskunft,observed,binary,1,decimal,A
M7-analysis-v5,184b05d2-2f8e-5d0c-89a1-eddf992ccdf9,4,da6ea9e9345987541cd7c36ae422262583816e19fb5a29b5cab23e44577d756a,C-BF-0,HUMAN-REVIEW-486e14f7-997a-4bbb-ba37-fe89402063ea,80437e3d-ea6a-4078-8cd5-ccbe030e143d,da6ea9e9345987541cd7c36ae422262583816e19fb5a29b5cab23e44577d756a,7965e6be-14d6-48da-8f5b-cae3e07a257d,8c6cccdc-37a3-46ac-82a5-a22d1d69000f,f8edaecf-8020-4564-bbf4-42b31ddc5d7a,2d9849af-4973-4fd8-a822-d8a60e17e5f5,81de6e6f-7d67-40af-b2be-f629e89085ed,completed,19fa6fbf4f554673689996213945dcaed831a9bf0fbdc6988698abb77fd647ee,90318496-3af4-49cd-a20d-b85db76e5a0a,K0,2026-10-07T19:13:23.478017Z,T4,dbb63e68d4ed9e904fa985aa5b88d674205b6caab086a8d981ac8918a9c68fb5,empirical,"[""4afc763c-033e-501c-9c9c-453207d31e62"",""1fed9611-d0cc-51e5-86e7-4ba237c836a2"",""0e4d4039-5409-5be7-a300-ded85e9c22d7"",""1c4afc6f-6679-57b7-ab6b-cec3053e85a1"",""76216ff6-0dab-5f43-913f-741c2deb7596"",""fe7c5fea-171a-5d3e-b93c-b9d53dca7c67"",""784c942d-b222-5013-a2e4-de4aa477a143"",""2f2d84f4-6f41-5df7-a828-cc0a3d9cdddf"",""c68f6332-f200-5595-940d-e5bcad78f1fe"",""54c3aba8-cb42-5023-9591-5cdd68bdd7c5"",""b9ac296e-4c6c-5cdc-9e03-14868c124af2"",""022ddff9-4332-5ba5-b884-42537f220a0c"",""0d262496-18e1-5973-84a6-84fbda64d0ff"",""447860c8-1d56-518b-88ad-7e103990b756"",""616ecfda-7163-5a8d-ba60-01f623d8b124"",""656bacfc-b102-5379-8db2-2f9f127621e0"",""88f2e658-6155-5924-bc85-63fe2aabb08a"",""9f032fb3-90ca-5749-aff5-1065077ac10e"",""4d2e4005-a84b-525b-a492-d367c5e405d0"",""12b20e20-e117-5c00-83bc-e589b92b730e"",""e97a5398-37b9-5e89-91a9-9b3ae48d9534"",""7a8f92c5-5f85-593a-bf90-08e13c60a2e6"",""aa66f5e3-ac0e-57d6-9b69-aa54ea7c4fb9"",""d07b7490-853e-562b-b662-305e89e7718d"",""596c0800-372d-5056-8a35-9f8661656bf4"",""d08816e6-d4d6-5f35-9de3-d86528fa7a96"",""2e126757-f17e-5ee2-93db-94d31ed944b2"",""5e1af4e2-330f-563f-b639-2d3cd8d276c8"",""49cd1889-2a56-5913-8723-929335f68874"",""82b898ba-3b6d-567f-8996-4f259b74547e"",""d38eb7d2-e78b-5c2f-93e4-2e34846e80e6"",""33effc64-dcfe-5ced-badf-c4df49f68dc1"",""a3a03b99-34c0-504b-b529-32b798db318a"",""8b3ec7b0-123f-5597-95f7-1fafc5810d01"",""035c5442-19b8-5a84-8a59-b352a9660279"",""d6d45010-72fa-5741-b733-88958a8795d2"",""ab8215e5-b753-5a6a-a4e7-ad9caf42eeac"",""1b20061c-b208-551a-b06c-81ffeff623fc"",""9b6d0913-2ae6-5dab-ab36-d05e1c51b208"",""a27c1fb2-edc1-57e6-9d74-adb5a13fed3b"",""4696448b-8c21-591b-80cc-7344ea0b95ec"",""c1d75a33-928c-5636-b99c-def1fb29e0f5"",""61eebfb6-2555-5bce-ba71-7a750427392a"",""aba074a1-d451-595d-bc12-e257adbe7383"",""1ca34094-ee4d-5962-a78a-174d361a9cd3"",""7edb0577-da07-5c6f-8391-bb90e9822165"",""d7c5d484-54dc-5d1e-a3ac-65d60267a12c"",""f416cc8b-3bc2-5c4c-a91c-c56faf748684""]",app/Http/Controllers/Study/BruteForceController.php,f1efcd02-21cb-4888-9c94-d5659fe35ada,False,30-36,"[""64340244-c3b3-44cd-8291-5cae3e24ba22""]",BF,Noah Fiedler,f8edaecf-8020-4564-bbf4-42b31ddc5d7a,ab8215e5-b753-5a6a-a4e7-ad9caf42eeac,True,37,70a16a50-0a71-426f-9980-b00e26394d41,A,"Der Code verwendet nachvollziehbar den Laravel Query Builder: Er liest password und avatar aus der Tabelle users, filtert parametrisiert nach dem eingegebenen Benutzernamen und verwendet den aus dem Datensatz gelesenen Avatar für die Erfolgsantwort. Das Schema enthält die abgefragten Felder.",True,2026-10-07T19:13:23.478011Z,human,2,972066a9-40db-412d-b51a-dd1bcb10681b,c9e2f4a7-a3de-4249-8e90-be53fda87bef,1,explicit per metric; exact fractions and decimal display,,Menschliche lokale Selbstauskunft,observed,binary,1,decimal,A
M7-analysis-v5,184b05d2-2f8e-5d0c-89a1-eddf992ccdf9,4,da6ea9e9345987541cd7c36ae422262583816e19fb5a29b5cab23e44577d756a,C-BF-0,HUMAN-REVIEW-e1b0a23e-18fc-46c1-8061-76cd90bd9ed9,152a66e6-0ae9-4de0-b188-381baebae51a,da6ea9e9345987541cd7c36ae422262583816e19fb5a29b5cab23e44577d756a,7965e6be-14d6-48da-8f5b-cae3e07a257d,8c6cccdc-37a3-46ac-82a5-a22d1d69000f,f8edaecf-8020-4564-bbf4-42b31ddc5d7a,2d9849af-4973-4fd8-a822-d8a60e17e5f5,81de6e6f-7d67-40af-b2be-f629e89085ed,completed,19fa6fbf4f554673689996213945dcaed831a9bf0fbdc6988698abb77fd647ee,90318496-3af4-49cd-a20d-b85db76e5a0a,K0,2026-10-07T19:12:57.927095Z,T3,dbb63e68d4ed9e904fa985aa5b88d674205b6caab086a8d981ac8918a9c68fb5,empirical,"[""4afc763c-033e-501c-9c9c-453207d31e62"",""1fed9611-d0cc-51e5-86e7-4ba237c836a2"",""0e4d4039-5409-5be7-a300-ded85e9c22d7"",""1c4afc6f-6679-57b7-ab6b-cec3053e85a1"",""76216ff6-0dab-5f43-913f-741c2deb7596"",""fe7c5fea-171a-5d3e-b93c-b9d53dca7c67"",""784c942d-b222-5013-a2e4-de4aa477a143"",""2f2d84f4-6f41-5df7-a828-cc0a3d9cdddf"",""c68f6332-f200-5595-940d-e5bcad78f1fe"",""54c3aba8-cb42-5023-9591-5cdd68bdd7c5"",""b9ac296e-4c6c-5cdc-9e03-14868c124af2"",""022ddff9-4332-5ba5-b884-42537f220a0c"",""0d262496-18e1-5973-84a6-84fbda64d0ff"",""447860c8-1d56-518b-88ad-7e103990b756"",""616ecfda-7163-5a8d-ba60-01f623d8b124"",""656bacfc-b102-5379-8db2-2f9f127621e0"",""88f2e658-6155-5924-bc85-63fe2aabb08a"",""9f032fb3-90ca-5749-aff5-1065077ac10e"",""4d2e4005-a84b-525b-a492-d367c5e405d0"",""12b20e20-e117-5c00-83bc-e589b92b730e"",""e97a5398-37b9-5e89-91a9-9b3ae48d9534"",""7a8f92c5-5f85-593a-bf90-08e13c60a2e6"",""aa66f5e3-ac0e-57d6-9b69-aa54ea7c4fb9"",""d07b7490-853e-562b-b662-305e89e7718d"",""596c0800-372d-5056-8a35-9f8661656bf4"",""d08816e6-d4d6-5f35-9de3-d86528fa7a96"",""2e126757-f17e-5ee2-93db-94d31ed944b2"",""5e1af4e2-330f-563f-b639-2d3cd8d276c8"",""49cd1889-2a56-5913-8723-929335f68874"",""82b898ba-3b6d-567f-8996-4f259b74547e"",""d38eb7d2-e78b-5c2f-93e4-2e34846e80e6"",""33effc64-dcfe-5ced-badf-c4df49f68dc1"",""a3a03b99-34c0-504b-b529-32b798db318a"",""8b3ec7b0-123f-5597-95f7-1fafc5810d01"",""035c5442-19b8-5a84-8a59-b352a9660279"",""d6d45010-72fa-5741-b733-88958a8795d2"",""ab8215e5-b753-5a6a-a4e7-ad9caf42eeac"",""1b20061c-b208-551a-b06c-81ffeff623fc"",""9b6d0913-2ae6-5dab-ab36-d05e1c51b208"",""a27c1fb2-edc1-57e6-9d74-adb5a13fed3b"",""4696448b-8c21-591b-80cc-7344ea0b95ec"",""c1d75a33-928c-5636-b99c-def1fb29e0f5"",""61eebfb6-2555-5bce-ba71-7a750427392a"",""aba074a1-d451-595d-bc12-e257adbe7383"",""1ca34094-ee4d-5962-a78a-174d361a9cd3"",""7edb0577-da07-5c6f-8391-bb90e9822165"",""d7c5d484-54dc-5d1e-a3ac-65d60267a12c"",""f416cc8b-3bc2-5c4c-a91c-c56faf748684""]",resources/views/study/brute.blade.php,42713b14-97e8-4185-b665-a797d81d5524,False,8-18,[],BF,Noah Fiedler,f8edaecf-8020-4564-bbf4-42b31ddc5d7a,ab8215e5-b753-5a6a-a4e7-ad9caf42eeac,True,37,65282f93-eea8-4d26-bd14-e36b8c25346e,A,"Der Controller erzeugt sämtliche Antworten über response()->view('study.brute', ...) und übergibt Status sowie Avatar. Die tatsächlich referenzierte Blade-Datei enthält das GET-Formular und rendert Status und – bei Erfolg – den übergebenen Avatar. Damit laufen sowohl Anzeige als auch Ergebniszweige über Blade.",True,2026-10-07T19:12:57.927090Z,human,2,972066a9-40db-412d-b51a-dd1bcb10681b,c9e2f4a7-a3de-4249-8e90-be53fda87bef,1,explicit per metric; exact fractions and decimal display,,Menschliche lokale Selbstauskunft,observed,binary,1,decimal,A
M7-analysis-v5,184b05d2-2f8e-5d0c-89a1-eddf992ccdf9,4,da6ea9e9345987541cd7c36ae422262583816e19fb5a29b5cab23e44577d756a,C-BF-0,M6-T1-73463a02-d453-4d4d-937b-bdc0cc32b2ec,4994dfc4-0f6e-44f0-a6df-8c0c8594833a,da6ea9e9345987541cd7c36ae422262583816e19fb5a29b5cab23e44577d756a,7965e6be-14d6-48da-8f5b-cae3e07a257d,8c6cccdc-37a3-46ac-82a5-a22d1d69000f,f8edaecf-8020-4564-bbf4-42b31ddc5d7a,2d9849af-4973-4fd8-a822-d8a60e17e5f5,81de6e6f-7d67-40af-b2be-f629e89085ed,completed,19fa6fbf4f554673689996213945dcaed831a9bf0fbdc6988698abb77fd647ee,90318496-3af4-49cd-a20d-b85db76e5a0a,K0,2026-10-07T19:09:13.956802Z,T1,dbb63e68d4ed9e904fa985aa5b88d674205b6caab086a8d981ac8918a9c68fb5,empirical,"[""4afc763c-033e-501c-9c9c-453207d31e62"",""1fed9611-d0cc-51e5-86e7-4ba237c836a2"",""0e4d4039-5409-5be7-a300-ded85e9c22d7"",""1c4afc6f-6679-57b7-ab6b-cec3053e85a1"",""76216ff6-0dab-5f43-913f-741c2deb7596"",""fe7c5fea-171a-5d3e-b93c-b9d53dca7c67"",""784c942d-b222-5013-a2e4-de4aa477a143"",""2f2d84f4-6f41-5df7-a828-cc0a3d9cdddf"",""c68f6332-f200-5595-940d-e5bcad78f1fe"",""54c3aba8-cb42-5023-9591-5cdd68bdd7c5"",""b9ac296e-4c6c-5cdc-9e03-14868c124af2"",""022ddff9-4332-5ba5-b884-42537f220a0c"",""0d262496-18e1-5973-84a6-84fbda64d0ff"",""447860c8-1d56-518b-88ad-7e103990b756"",""616ecfda-7163-5a8d-ba60-01f623d8b124"",""656bacfc-b102-5379-8db2-2f9f127621e0"",""88f2e658-6155-5924-bc85-63fe2aabb08a"",""9f032fb3-90ca-5749-aff5-1065077ac10e"",""4d2e4005-a84b-525b-a492-d367c5e405d0"",""12b20e20-e117-5c00-83bc-e589b92b730e"",""e97a5398-37b9-5e89-91a9-9b3ae48d9534"",""7a8f92c5-5f85-593a-bf90-08e13c60a2e6"",""aa66f5e3-ac0e-57d6-9b69-aa54ea7c4fb9"",""d07b7490-853e-562b-b662-305e89e7718d"",""596c0800-372d-5056-8a35-9f8661656bf4"",""d08816e6-d4d6-5f35-9de3-d86528fa7a96"",""2e126757-f17e-5ee2-93db-94d31ed944b2"",""5e1af4e2-330f-563f-b639-2d3cd8d276c8"",""49cd1889-2a56-5913-8723-929335f68874"",""82b898ba-3b6d-567f-8996-4f259b74547e"",""d38eb7d2-e78b-5c2f-93e4-2e34846e80e6"",""33effc64-dcfe-5ced-badf-c4df49f68dc1"",""a3a03b99-34c0-504b-b529-32b798db318a"",""8b3ec7b0-123f-5597-95f7-1fafc5810d01"",""035c5442-19b8-5a84-8a59-b352a9660279"",""d6d45010-72fa-5741-b733-88958a8795d2"",""ab8215e5-b753-5a6a-a4e7-ad9caf42eeac"",""1b20061c-b208-551a-b06c-81ffeff623fc"",""9b6d0913-2ae6-5dab-ab36-d05e1c51b208"",""a27c1fb2-edc1-57e6-9d74-adb5a13fed3b"",""4696448b-8c21-591b-80cc-7344ea0b95ec"",""c1d75a33-928c-5636-b99c-def1fb29e0f5"",""61eebfb6-2555-5bce-ba71-7a750427392a"",""aba074a1-d451-595d-bc12-e257adbe7383"",""1ca34094-ee4d-5962-a78a-174d361a9cd3"",""7edb0577-da07-5c6f-8391-bb90e9822165"",""d7c5d484-54dc-5d1e-a3ac-65d60267a12c"",""f416cc8b-3bc2-5c4c-a91c-c56faf748684""]",,edcb4423-50a1-4dab-9616-7b60cc8e7b11,False,,[],BF,M6-evaluator-v1,f8edaecf-8020-4564-bbf4-42b31ddc5d7a,ab8215e5-b753-5a6a-a4e7-ad9caf42eeac,True,37,,A,Native syntax/boot plus independent intact scaffold control,True,2026-10-07T19:09:13.956790Z,automatic,1,972066a9-40db-412d-b51a-dd1bcb10681b,c9e2f4a7-a3de-4249-8e90-be53fda87bef,1,explicit per metric; exact fractions and decimal display,,M6-evaluator-v1,observed,binary,1,decimal,A
M7-analysis-v5,184b05d2-2f8e-5d0c-89a1-eddf992ccdf9,4,da6ea9e9345987541cd7c36ae422262583816e19fb5a29b5cab23e44577d756a,C-BF-0,M6-T5-3966f92e-1bd0-40f7-8ca0-e6db19a3f361,7f13955e-26c9-471b-b2ed-d3bac61ca880,da6ea9e9345987541cd7c36ae422262583816e19fb5a29b5cab23e44577d756a,7965e6be-14d6-48da-8f5b-cae3e07a257d,8c6cccdc-37a3-46ac-82a5-a22d1d69000f,f8edaecf-8020-4564-bbf4-42b31ddc5d7a,2d9849af-4973-4fd8-a822-d8a60e17e5f5,81de6e6f-7d67-40af-b2be-f629e89085ed,completed,19fa6fbf4f554673689996213945dcaed831a9bf0fbdc6988698abb77fd647ee,90318496-3af4-49cd-a20d-b85db76e5a0a,K0,2026-10-07T19:09:13.964898Z,T5,dbb63e68d4ed9e904fa985aa5b88d674205b6caab086a8d981ac8918a9c68fb5,empirical,"[""4afc763c-033e-501c-9c9c-453207d31e62"",""1fed9611-d0cc-51e5-86e7-4ba237c836a2"",""0e4d4039-5409-5be7-a300-ded85e9c22d7"",""1c4afc6f-6679-57b7-ab6b-cec3053e85a1"",""76216ff6-0dab-5f43-913f-741c2deb7596"",""fe7c5fea-171a-5d3e-b93c-b9d53dca7c67"",""784c942d-b222-5013-a2e4-de4aa477a143"",""2f2d84f4-6f41-5df7-a828-cc0a3d9cdddf"",""c68f6332-f200-5595-940d-e5bcad78f1fe"",""54c3aba8-cb42-5023-9591-5cdd68bdd7c5"",""b9ac296e-4c6c-5cdc-9e03-14868c124af2"",""022ddff9-4332-5ba5-b884-42537f220a0c"",""0d262496-18e1-5973-84a6-84fbda64d0ff"",""447860c8-1d56-518b-88ad-7e103990b756"",""616ecfda-7163-5a8d-ba60-01f623d8b124"",""656bacfc-b102-5379-8db2-2f9f127621e0"",""88f2e658-6155-5924-bc85-63fe2aabb08a"",""9f032fb3-90ca-5749-aff5-1065077ac10e"",""4d2e4005-a84b-525b-a492-d367c5e405d0"",""12b20e20-e117-5c00-83bc-e589b92b730e"",""e97a5398-37b9-5e89-91a9-9b3ae48d9534"",""7a8f92c5-5f85-593a-bf90-08e13c60a2e6"",""aa66f5e3-ac0e-57d6-9b69-aa54ea7c4fb9"",""d07b7490-853e-562b-b662-305e89e7718d"",""596c0800-372d-5056-8a35-9f8661656bf4"",""d08816e6-d4d6-5f35-9de3-d86528fa7a96"",""2e126757-f17e-5ee2-93db-94d31ed944b2"",""5e1af4e2-330f-563f-b639-2d3cd8d276c8"",""49cd1889-2a56-5913-8723-929335f68874"",""82b898ba-3b6d-567f-8996-4f259b74547e"",""d38eb7d2-e78b-5c2f-93e4-2e34846e80e6"",""33effc64-dcfe-5ced-badf-c4df49f68dc1"",""a3a03b99-34c0-504b-b529-32b798db318a"",""8b3ec7b0-123f-5597-95f7-1fafc5810d01"",""035c5442-19b8-5a84-8a59-b352a9660279"",""d6d45010-72fa-5741-b733-88958a8795d2"",""ab8215e5-b753-5a6a-a4e7-ad9caf42eeac"",""1b20061c-b208-551a-b06c-81ffeff623fc"",""9b6d0913-2ae6-5dab-ab36-d05e1c51b208"",""a27c1fb2-edc1-57e6-9d74-adb5a13fed3b"",""4696448b-8c21-591b-80cc-7344ea0b95ec"",""c1d75a33-928c-5636-b99c-def1fb29e0f5"",""61eebfb6-2555-5bce-ba71-7a750427392a"",""aba074a1-d451-595d-bc12-e257adbe7383"",""1ca34094-ee4d-5962-a78a-174d361a9cd3"",""7edb0577-da07-5c6f-8391-bb90e9822165"",""d7c5d484-54dc-5d1e-a3ac-65d60267a12c"",""f416cc8b-3bc2-5c4c-a91c-c56faf748684""]",,bf15a782-a549-41fd-b213-7febb4b82d46,False,,[],BF,M6-evaluator-v1,f8edaecf-8020-4564-bbf4-42b31ddc5d7a,ab8215e5-b753-5a6a-a4e7-ad9caf42eeac,True,37,,A,Protected scaffold/allowlist and effective access routes against intact control; other semantic doubt stays open,True,2026-10-07T19:09:13.964888Z,automatic,1,972066a9-40db-412d-b51a-dd1bcb10681b,c9e2f4a7-a3de-4249-8e90-be53fda87bef,1,explicit per metric; exact fractions and decimal display,,M6-evaluator-v1,observed,binary,1,decimal,A
M7-analysis-v5,184b05d2-2f8e-5d0c-89a1-eddf992ccdf9,4,d020e075003de022dcc8cccdb5d8ecedd97130b1e85e33a119c5726f874860fc,C-BF-1,HUMAN-REVIEW-094ff8ec-d155-430a-a842-1f78578c84eb,33731b4f-945c-45dc-9e6e-9c060ea97788,d020e075003de022dcc8cccdb5d8ecedd97130b1e85e33a119c5726f874860fc,15b9310b-1c10-4e5e-a266-44d45b0050dc,8c6cccdc-37a3-46ac-82a5-a22d1d69000f,f8edaecf-8020-4564-bbf4-42b31ddc5d7a,2d9849af-4973-4fd8-a822-d8a60e17e5f5,81de6e6f-7d67-40af-b2be-f629e89085ed,completed,202e1e0a33d9d0d7b92585572740cd6b1ca70f7699cac883e8579e11bac45057,651e080b-10b7-40ff-9204-1dd148ce6638,K1,2026-10-07T19:33:48.284451Z,T3,dbb63e68d4ed9e904fa985aa5b88d674205b6caab086a8d981ac8918a9c68fb5,empirical,"[""4afc763c-033e-501c-9c9c-453207d31e62"",""1fed9611-d0cc-51e5-86e7-4ba237c836a2"",""0e4d4039-5409-5be7-a300-ded85e9c22d7"",""1c4afc6f-6679-57b7-ab6b-cec3053e85a1"",""76216ff6-0dab-5f43-913f-741c2deb7596"",""fe7c5fea-171a-5d3e-b93c-b9d53dca7c67"",""784c942d-b222-5013-a2e4-de4aa477a143"",""2f2d84f4-6f41-5df7-a828-cc0a3d9cdddf"",""c68f6332-f200-5595-940d-e5bcad78f1fe"",""54c3aba8-cb42-5023-9591-5cdd68bdd7c5"",""b9ac296e-4c6c-5cdc-9e03-14868c124af2"",""022ddff9-4332-5ba5-b884-42537f220a0c"",""0d262496-18e1-5973-84a6-84fbda64d0ff"",""447860c8-1d56-518b-88ad-7e103990b756"",""616ecfda-7163-5a8d-ba60-01f623d8b124"",""656bacfc-b102-5379-8db2-2f9f127621e0"",""88f2e658-6155-5924-bc85-63fe2aabb08a"",""9f032fb3-90ca-5749-aff5-1065077ac10e"",""4d2e4005-a84b-525b-a492-d367c5e405d0"",""12b20e20-e117-5c00-83bc-e589b92b730e"",""e97a5398-37b9-5e89-91a9-9b3ae48d9534"",""7a8f92c5-5f85-593a-bf90-08e13c60a2e6"",""aa66f5e3-ac0e-57d6-9b69-aa54ea7c4fb9"",""d07b7490-853e-562b-b662-305e89e7718d"",""596c0800-372d-5056-8a35-9f8661656bf4"",""d08816e6-d4d6-5f35-9de3-d86528fa7a96"",""2e126757-f17e-5ee2-93db-94d31ed944b2"",""5e1af4e2-330f-563f-b639-2d3cd8d276c8"",""49cd1889-2a56-5913-8723-929335f68874"",""82b898ba-3b6d-567f-8996-4f259b74547e"",""d38eb7d2-e78b-5c2f-93e4-2e34846e80e6"",""33effc64-dcfe-5ced-badf-c4df49f68dc1"",""a3a03b99-34c0-504b-b529-32b798db318a"",""8b3ec7b0-123f-5597-95f7-1fafc5810d01"",""035c5442-19b8-5a84-8a59-b352a9660279"",""d6d45010-72fa-5741-b733-88958a8795d2"",""ab8215e5-b753-5a6a-a4e7-ad9caf42eeac"",""1b20061c-b208-551a-b06c-81ffeff623fc"",""9b6d0913-2ae6-5dab-ab36-d05e1c51b208"",""a27c1fb2-edc1-57e6-9d74-adb5a13fed3b"",""4696448b-8c21-591b-80cc-7344ea0b95ec"",""c1d75a33-928c-5636-b99c-def1fb29e0f5"",""61eebfb6-2555-5bce-ba71-7a750427392a"",""aba074a1-d451-595d-bc12-e257adbe7383"",""1ca34094-ee4d-5962-a78a-174d361a9cd3"",""7edb0577-da07-5c6f-8391-bb90e9822165"",""d7c5d484-54dc-5d1e-a3ac-65d60267a12c"",""f416cc8b-3bc2-5c4c-a91c-c56faf748684""]",resources/views/study/brute.blade.php,5b356b02-275a-4e55-aeb7-4884b95715db,False,8-16,[],BF,Noah Fiedler,f8edaecf-8020-4564-bbf4-42b31ddc5d7a,1b20061c-b208-551a-b06c-81ffeff623fc,True,38,4b82cf34-b797-44f4-b2d6-3591584b5965,A,"Das Formular entsteht in Blade (Z. 8–14). Status und das Avatar-Ergebnis werden in derselben Blade-View bedingt ausgegeben (Z. 16). Der Controller rendert in allen Antwortzweigen study.brute, einschließlich Formularanzeige, Eingabefehler, negativer Antwort und Erfolg (BruteForceController.php, Z. 16–57).",True,2026-10-07T19:33:48.284442Z,human,2,972066a9-40db-412d-b51a-dd1bcb10681b,0dcdded8-ae9f-420c-af06-5e7a2dfc1af7,1,explicit per metric; exact fractions and decimal display,,Menschliche lokale Selbstauskunft,observed,binary,1,decimal,A
M7-analysis-v5,184b05d2-2f8e-5d0c-89a1-eddf992ccdf9,4,d020e075003de022dcc8cccdb5d8ecedd97130b1e85e33a119c5726f874860fc,C-BF-1,HUMAN-REVIEW-5e68a1ed-f719-4f97-bba1-984fbdc1b66e,e2f48c3f-af01-44e9-a441-768894a229fc,d020e075003de022dcc8cccdb5d8ecedd97130b1e85e33a119c5726f874860fc,15b9310b-1c10-4e5e-a266-44d45b0050dc,8c6cccdc-37a3-46ac-82a5-a22d1d69000f,f8edaecf-8020-4564-bbf4-42b31ddc5d7a,2d9849af-4973-4fd8-a822-d8a60e17e5f5,81de6e6f-7d67-40af-b2be-f629e89085ed,completed,202e1e0a33d9d0d7b92585572740cd6b1ca70f7699cac883e8579e11bac45057,651e080b-10b7-40ff-9204-1dd148ce6638,K1,2026-10-07T19:33:31.200544Z,T2,dbb63e68d4ed9e904fa985aa5b88d674205b6caab086a8d981ac8918a9c68fb5,empirical,"[""4afc763c-033e-501c-9c9c-453207d31e62"",""1fed9611-d0cc-51e5-86e7-4ba237c836a2"",""0e4d4039-5409-5be7-a300-ded85e9c22d7"",""1c4afc6f-6679-57b7-ab6b-cec3053e85a1"",""76216ff6-0dab-5f43-913f-741c2deb7596"",""fe7c5fea-171a-5d3e-b93c-b9d53dca7c67"",""784c942d-b222-5013-a2e4-de4aa477a143"",""2f2d84f4-6f41-5df7-a828-cc0a3d9cdddf"",""c68f6332-f200-5595-940d-e5bcad78f1fe"",""54c3aba8-cb42-5023-9591-5cdd68bdd7c5"",""b9ac296e-4c6c-5cdc-9e03-14868c124af2"",""022ddff9-4332-5ba5-b884-42537f220a0c"",""0d262496-18e1-5973-84a6-84fbda64d0ff"",""447860c8-1d56-518b-88ad-7e103990b756"",""616ecfda-7163-5a8d-ba60-01f623d8b124"",""656bacfc-b102-5379-8db2-2f9f127621e0"",""88f2e658-6155-5924-bc85-63fe2aabb08a"",""9f032fb3-90ca-5749-aff5-1065077ac10e"",""4d2e4005-a84b-525b-a492-d367c5e405d0"",""12b20e20-e117-5c00-83bc-e589b92b730e"",""e97a5398-37b9-5e89-91a9-9b3ae48d9534"",""7a8f92c5-5f85-593a-bf90-08e13c60a2e6"",""aa66f5e3-ac0e-57d6-9b69-aa54ea7c4fb9"",""d07b7490-853e-562b-b662-305e89e7718d"",""596c0800-372d-5056-8a35-9f8661656bf4"",""d08816e6-d4d6-5f35-9de3-d86528fa7a96"",""2e126757-f17e-5ee2-93db-94d31ed944b2"",""5e1af4e2-330f-563f-b639-2d3cd8d276c8"",""49cd1889-2a56-5913-8723-929335f68874"",""82b898ba-3b6d-567f-8996-4f259b74547e"",""d38eb7d2-e78b-5c2f-93e4-2e34846e80e6"",""33effc64-dcfe-5ced-badf-c4df49f68dc1"",""a3a03b99-34c0-504b-b529-32b798db318a"",""8b3ec7b0-123f-5597-95f7-1fafc5810d01"",""035c5442-19b8-5a84-8a59-b352a9660279"",""d6d45010-72fa-5741-b733-88958a8795d2"",""ab8215e5-b753-5a6a-a4e7-ad9caf42eeac"",""1b20061c-b208-551a-b06c-81ffeff623fc"",""9b6d0913-2ae6-5dab-ab36-d05e1c51b208"",""a27c1fb2-edc1-57e6-9d74-adb5a13fed3b"",""4696448b-8c21-591b-80cc-7344ea0b95ec"",""c1d75a33-928c-5636-b99c-def1fb29e0f5"",""61eebfb6-2555-5bce-ba71-7a750427392a"",""aba074a1-d451-595d-bc12-e257adbe7383"",""1ca34094-ee4d-5962-a78a-174d361a9cd3"",""7edb0577-da07-5c6f-8391-bb90e9822165"",""d7c5d484-54dc-5d1e-a3ac-65d60267a12c"",""f416cc8b-3bc2-5c4c-a91c-c56faf748684""]",app/Http/Controllers/Study/BruteForceController.php,1209830f-b87a-46ab-ac4a-296d2ffaf16f,False,12-58,[],BF,Noah Fiedler,f8edaecf-8020-4564-bbf4-42b31ddc5d7a,1b20061c-b208-551a-b06c-81ffeff623fc,True,38,7d9ac3b9-9dcc-45a4-9b30-9cda082892ff,A,"Die GET-Route /study/brute ist dem Modulcontroller BruteForceController::show zugeordnet (study.php, Z. 6). Der Controller behandelt sowohl die Anzeige ohne Login (Z. 16–21) als auch Eingabe-, Negativ- und Erfolgsfälle (Z. 23–57). Im Controllerpfad gibt es keine include-, require- oder Legacy-Datenbankanbindung.",True,2026-10-07T19:33:31.200538Z,human,2,972066a9-40db-412d-b51a-dd1bcb10681b,0dcdded8-ae9f-420c-af06-5e7a2dfc1af7,1,explicit per metric; exact fractions and decimal display,,Menschliche lokale Selbstauskunft,observed,binary,1,decimal,A
M7-analysis-v5,184b05d2-2f8e-5d0c-89a1-eddf992ccdf9,4,d020e075003de022dcc8cccdb5d8ecedd97130b1e85e33a119c5726f874860fc,C-BF-1,HUMAN-REVIEW-fb1ea3c0-e97b-4233-9b4f-1bcd3ac73010,e2f48c3f-af01-44e9-a441-768894a229fc,d020e075003de022dcc8cccdb5d8ecedd97130b1e85e33a119c5726f874860fc,15b9310b-1c10-4e5e-a266-44d45b0050dc,8c6cccdc-37a3-46ac-82a5-a22d1d69000f,f8edaecf-8020-4564-bbf4-42b31ddc5d7a,2d9849af-4973-4fd8-a822-d8a60e17e5f5,81de6e6f-7d67-40af-b2be-f629e89085ed,completed,202e1e0a33d9d0d7b92585572740cd6b1ca70f7699cac883e8579e11bac45057,651e080b-10b7-40ff-9204-1dd148ce6638,K1,2026-10-07T19:34:10.165143Z,T4,dbb63e68d4ed9e904fa985aa5b88d674205b6caab086a8d981ac8918a9c68fb5,empirical,"[""4afc763c-033e-501c-9c9c-453207d31e62"",""1fed9611-d0cc-51e5-86e7-4ba237c836a2"",""0e4d4039-5409-5be7-a300-ded85e9c22d7"",""1c4afc6f-6679-57b7-ab6b-cec3053e85a1"",""76216ff6-0dab-5f43-913f-741c2deb7596"",""fe7c5fea-171a-5d3e-b93c-b9d53dca7c67"",""784c942d-b222-5013-a2e4-de4aa477a143"",""2f2d84f4-6f41-5df7-a828-cc0a3d9cdddf"",""c68f6332-f200-5595-940d-e5bcad78f1fe"",""54c3aba8-cb42-5023-9591-5cdd68bdd7c5"",""b9ac296e-4c6c-5cdc-9e03-14868c124af2"",""022ddff9-4332-5ba5-b884-42537f220a0c"",""0d262496-18e1-5973-84a6-84fbda64d0ff"",""447860c8-1d56-518b-88ad-7e103990b756"",""616ecfda-7163-5a8d-ba60-01f623d8b124"",""656bacfc-b102-5379-8db2-2f9f127621e0"",""88f2e658-6155-5924-bc85-63fe2aabb08a"",""9f032fb3-90ca-5749-aff5-1065077ac10e"",""4d2e4005-a84b-525b-a492-d367c5e405d0"",""12b20e20-e117-5c00-83bc-e589b92b730e"",""e97a5398-37b9-5e89-91a9-9b3ae48d9534"",""7a8f92c5-5f85-593a-bf90-08e13c60a2e6"",""aa66f5e3-ac0e-57d6-9b69-aa54ea7c4fb9"",""d07b7490-853e-562b-b662-305e89e7718d"",""596c0800-372d-5056-8a35-9f8661656bf4"",""d08816e6-d4d6-5f35-9de3-d86528fa7a96"",""2e126757-f17e-5ee2-93db-94d31ed944b2"",""5e1af4e2-330f-563f-b639-2d3cd8d276c8"",""49cd1889-2a56-5913-8723-929335f68874"",""82b898ba-3b6d-567f-8996-4f259b74547e"",""d38eb7d2-e78b-5c2f-93e4-2e34846e80e6"",""33effc64-dcfe-5ced-badf-c4df49f68dc1"",""a3a03b99-34c0-504b-b529-32b798db318a"",""8b3ec7b0-123f-5597-95f7-1fafc5810d01"",""035c5442-19b8-5a84-8a59-b352a9660279"",""d6d45010-72fa-5741-b733-88958a8795d2"",""ab8215e5-b753-5a6a-a4e7-ad9caf42eeac"",""1b20061c-b208-551a-b06c-81ffeff623fc"",""9b6d0913-2ae6-5dab-ab36-d05e1c51b208"",""a27c1fb2-edc1-57e6-9d74-adb5a13fed3b"",""4696448b-8c21-591b-80cc-7344ea0b95ec"",""c1d75a33-928c-5636-b99c-def1fb29e0f5"",""61eebfb6-2555-5bce-ba71-7a750427392a"",""aba074a1-d451-595d-bc12-e257adbe7383"",""1ca34094-ee4d-5962-a78a-174d361a9cd3"",""7edb0577-da07-5c6f-8391-bb90e9822165"",""d7c5d484-54dc-5d1e-a3ac-65d60267a12c"",""f416cc8b-3bc2-5c4c-a91c-c56faf748684""]",app/Http/Controllers/Study/BruteForceController.php,018f0101-31bb-42b0-bf1c-3d9acff077b2,False,43-56,"[""ccd7774f-bfbc-49e4-a777-86a68c46c789""]",BF,Noah Fiedler,f8edaecf-8020-4564-bbf4-42b31ddc5d7a,1b20061c-b208-551a-b06c-81ffeff623fc,True,38,22ac0330-3683-4919-8d40-1bf36bd49d2c,A,"Der Code verwendet nachvollziehbar Laravels Query Builder: DB::connection('mysql')->table('users')->where('user', $username)->first() (Z. 43–47). Passwort-Hash und Avatar werden aus dem Abfrageergebnis verwendet (Z. 49–56); die benannte mysql-Verbindung ist als MySQL-Laravel-Verbindung konfiguriert (database.php, Z. 47–64).",True,2026-10-07T19:34:10.165136Z,human,2,972066a9-40db-412d-b51a-dd1bcb10681b,0dcdded8-ae9f-420c-af06-5e7a2dfc1af7,1,explicit per metric; exact fractions and decimal display,,Menschliche lokale Selbstauskunft,observed,binary,1,decimal,A
M7-analysis-v5,184b05d2-2f8e-5d0c-89a1-eddf992ccdf9,4,d020e075003de022dcc8cccdb5d8ecedd97130b1e85e33a119c5726f874860fc,C-BF-1,M6-T1-98ede5ed-7884-4bf7-b10e-d85475bbba7c,4c644114-eaab-4804-8d31-b95c7bb09330,d020e075003de022dcc8cccdb5d8ecedd97130b1e85e33a119c5726f874860fc,15b9310b-1c10-4e5e-a266-44d45b0050dc,8c6cccdc-37a3-46ac-82a5-a22d1d69000f,f8edaecf-8020-4564-bbf4-42b31ddc5d7a,2d9849af-4973-4fd8-a822-d8a60e17e5f5,81de6e6f-7d67-40af-b2be-f629e89085ed,completed,202e1e0a33d9d0d7b92585572740cd6b1ca70f7699cac883e8579e11bac45057,651e080b-10b7-40ff-9204-1dd148ce6638,K1,2026-10-07T19:28:50.192708Z,T1,dbb63e68d4ed9e904fa985aa5b88d674205b6caab086a8d981ac8918a9c68fb5,empirical,"[""4afc763c-033e-501c-9c9c-453207d31e62"",""1fed9611-d0cc-51e5-86e7-4ba237c836a2"",""0e4d4039-5409-5be7-a300-ded85e9c22d7"",""1c4afc6f-6679-57b7-ab6b-cec3053e85a1"",""76216ff6-0dab-5f43-913f-741c2deb7596"",""fe7c5fea-171a-5d3e-b93c-b9d53dca7c67"",""784c942d-b222-5013-a2e4-de4aa477a143"",""2f2d84f4-6f41-5df7-a828-cc0a3d9cdddf"",""c68f6332-f200-5595-940d-e5bcad78f1fe"",""54c3aba8-cb42-5023-9591-5cdd68bdd7c5"",""b9ac296e-4c6c-5cdc-9e03-14868c124af2"",""022ddff9-4332-5ba5-b884-42537f220a0c"",""0d262496-18e1-5973-84a6-84fbda64d0ff"",""447860c8-1d56-518b-88ad-7e103990b756"",""616ecfda-7163-5a8d-ba60-01f623d8b124"",""656bacfc-b102-5379-8db2-2f9f127621e0"",""88f2e658-6155-5924-bc85-63fe2aabb08a"",""9f032fb3-90ca-5749-aff5-1065077ac10e"",""4d2e4005-a84b-525b-a492-d367c5e405d0"",""12b20e20-e117-5c00-83bc-e589b92b730e"",""e97a5398-37b9-5e89-91a9-9b3ae48d9534"",""7a8f92c5-5f85-593a-bf90-08e13c60a2e6"",""aa66f5e3-ac0e-57d6-9b69-aa54ea7c4fb9"",""d07b7490-853e-562b-b662-305e89e7718d"",""596c0800-372d-5056-8a35-9f8661656bf4"",""d08816e6-d4d6-5f35-9de3-d86528fa7a96"",""2e126757-f17e-5ee2-93db-94d31ed944b2"",""5e1af4e2-330f-563f-b639-2d3cd8d276c8"",""49cd1889-2a56-5913-8723-929335f68874"",""82b898ba-3b6d-567f-8996-4f259b74547e"",""d38eb7d2-e78b-5c2f-93e4-2e34846e80e6"",""33effc64-dcfe-5ced-badf-c4df49f68dc1"",""a3a03b99-34c0-504b-b529-32b798db318a"",""8b3ec7b0-123f-5597-95f7-1fafc5810d01"",""035c5442-19b8-5a84-8a59-b352a9660279"",""d6d45010-72fa-5741-b733-88958a8795d2"",""ab8215e5-b753-5a6a-a4e7-ad9caf42eeac"",""1b20061c-b208-551a-b06c-81ffeff623fc"",""9b6d0913-2ae6-5dab-ab36-d05e1c51b208"",""a27c1fb2-edc1-57e6-9d74-adb5a13fed3b"",""4696448b-8c21-591b-80cc-7344ea0b95ec"",""c1d75a33-928c-5636-b99c-def1fb29e0f5"",""61eebfb6-2555-5bce-ba71-7a750427392a"",""aba074a1-d451-595d-bc12-e257adbe7383"",""1ca34094-ee4d-5962-a78a-174d361a9cd3"",""7edb0577-da07-5c6f-8391-bb90e9822165"",""d7c5d484-54dc-5d1e-a3ac-65d60267a12c"",""f416cc8b-3bc2-5c4c-a91c-c56faf748684""]",,dca0e4dc-b90e-459b-a6d7-3bb1db712d73,False,,[],BF,M6-evaluator-v1,f8edaecf-8020-4564-bbf4-42b31ddc5d7a,1b20061c-b208-551a-b06c-81ffeff623fc,True,38,,A,Native syntax/boot plus independent intact scaffold control,True,2026-10-07T19:28:50.192686Z,automatic,1,972066a9-40db-412d-b51a-dd1bcb10681b,0dcdded8-ae9f-420c-af06-5e7a2dfc1af7,1,explicit per metric; exact fractions and decimal display,,M6-evaluator-v1,observed,binary,1,decimal,A
M7-analysis-v5,184b05d2-2f8e-5d0c-89a1-eddf992ccdf9,4,d020e075003de022dcc8cccdb5d8ecedd97130b1e85e33a119c5726f874860fc,C-BF-1,M6-T5-69fe15e3-065f-4b18-a525-75906e2ffa8c,5b391cc9-a74a-447d-96f4-0faf2aeafef4,d020e075003de022dcc8cccdb5d8ecedd97130b1e85e33a119c5726f874860fc,15b9310b-1c10-4e5e-a266-44d45b0050dc,8c6cccdc-37a3-46ac-82a5-a22d1d69000f,f8edaecf-8020-4564-bbf4-42b31ddc5d7a,2d9849af-4973-4fd8-a822-d8a60e17e5f5,81de6e6f-7d67-40af-b2be-f629e89085ed,completed,202e1e0a33d9d0d7b92585572740cd6b1ca70f7699cac883e8579e11bac45057,651e080b-10b7-40ff-9204-1dd148ce6638,K1,2026-10-07T19:28:50.201767Z,T5,dbb63e68d4ed9e904fa985aa5b88d674205b6caab086a8d981ac8918a9c68fb5,empirical,"[""4afc763c-033e-501c-9c9c-453207d31e62"",""1fed9611-d0cc-51e5-86e7-4ba237c836a2"",""0e4d4039-5409-5be7-a300-ded85e9c22d7"",""1c4afc6f-6679-57b7-ab6b-cec3053e85a1"",""76216ff6-0dab-5f43-913f-741c2deb7596"",""fe7c5fea-171a-5d3e-b93c-b9d53dca7c67"",""784c942d-b222-5013-a2e4-de4aa477a143"",""2f2d84f4-6f41-5df7-a828-cc0a3d9cdddf"",""c68f6332-f200-5595-940d-e5bcad78f1fe"",""54c3aba8-cb42-5023-9591-5cdd68bdd7c5"",""b9ac296e-4c6c-5cdc-9e03-14868c124af2"",""022ddff9-4332-5ba5-b884-42537f220a0c"",""0d262496-18e1-5973-84a6-84fbda64d0ff"",""447860c8-1d56-518b-88ad-7e103990b756"",""616ecfda-7163-5a8d-ba60-01f623d8b124"",""656bacfc-b102-5379-8db2-2f9f127621e0"",""88f2e658-6155-5924-bc85-63fe2aabb08a"",""9f032fb3-90ca-5749-aff5-1065077ac10e"",""4d2e4005-a84b-525b-a492-d367c5e405d0"",""12b20e20-e117-5c00-83bc-e589b92b730e"",""e97a5398-37b9-5e89-91a9-9b3ae48d9534"",""7a8f92c5-5f85-593a-bf90-08e13c60a2e6"",""aa66f5e3-ac0e-57d6-9b69-aa54ea7c4fb9"",""d07b7490-853e-562b-b662-305e89e7718d"",""596c0800-372d-5056-8a35-9f8661656bf4"",""d08816e6-d4d6-5f35-9de3-d86528fa7a96"",""2e126757-f17e-5ee2-93db-94d31ed944b2"",""5e1af4e2-330f-563f-b639-2d3cd8d276c8"",""49cd1889-2a56-5913-8723-929335f68874"",""82b898ba-3b6d-567f-8996-4f259b74547e"",""d38eb7d2-e78b-5c2f-93e4-2e34846e80e6"",""33effc64-dcfe-5ced-badf-c4df49f68dc1"",""a3a03b99-34c0-504b-b529-32b798db318a"",""8b3ec7b0-123f-5597-95f7-1fafc5810d01"",""035c5442-19b8-5a84-8a59-b352a9660279"",""d6d45010-72fa-5741-b733-88958a8795d2"",""ab8215e5-b753-5a6a-a4e7-ad9caf42eeac"",""1b20061c-b208-551a-b06c-81ffeff623fc"",""9b6d0913-2ae6-5dab-ab36-d05e1c51b208"",""a27c1fb2-edc1-57e6-9d74-adb5a13fed3b"",""4696448b-8c21-591b-80cc-7344ea0b95ec"",""c1d75a33-928c-5636-b99c-def1fb29e0f5"",""61eebfb6-2555-5bce-ba71-7a750427392a"",""aba074a1-d451-595d-bc12-e257adbe7383"",""1ca34094-ee4d-5962-a78a-174d361a9cd3"",""7edb0577-da07-5c6f-8391-bb90e9822165"",""d7c5d484-54dc-5d1e-a3ac-65d60267a12c"",""f416cc8b-3bc2-5c4c-a91c-c56faf748684""]",,1eda0bb6-d944-4a52-b37c-0826a0f35dc6,False,,[],BF,M6-evaluator-v1,f8edaecf-8020-4564-bbf4-42b31ddc5d7a,1b20061c-b208-551a-b06c-81ffeff623fc,True,38,,A,Protected scaffold/allowlist and effective access routes against intact control; other semantic doubt stays open,True,2026-10-07T19:28:50.201753Z,automatic,1,972066a9-40db-412d-b51a-dd1bcb10681b,0dcdded8-ae9f-420c-af06-5e7a2dfc1af7,1,explicit per metric; exact fractions and decimal display,,M6-evaluator-v1,observed,binary,1,decimal,A
M7-analysis-v5,184b05d2-2f8e-5d0c-89a1-eddf992ccdf9,4,310fc93aaef35c7f963d2fd9a0f10aeab94aa92fc21a8664cf712aa51ef57de8,C-SQL-0,HUMAN-REVIEW-c26f61ea-089d-4a7b-8163-8c11af8b2fd1,38edb2e1-1033-447c-8c09-1e3396a70793,310fc93aaef35c7f963d2fd9a0f10aeab94aa92fc21a8664cf712aa51ef57de8,a3013e67-2966-48f7-8d52-ea4e8ff1a616,8c6cccdc-37a3-46ac-82a5-a22d1d69000f,f8edaecf-8020-4564-bbf4-42b31ddc5d7a,2d9849af-4973-4fd8-a822-d8a60e17e5f5,81de6e6f-7d67-40af-b2be-f629e89085ed,completed,0294f6c032f413f4245e83b15db52ab8f50ccfa6163f315fda209ab5b27f96be,a132b12b-e7a2-4837-8603-2cfe9fd0228c,K0,2026-10-07T19:52:57.993528Z,T2,dbb63e68d4ed9e904fa985aa5b88d674205b6caab086a8d981ac8918a9c68fb5,empirical,"[""4afc763c-033e-501c-9c9c-453207d31e62"",""1fed9611-d0cc-51e5-86e7-4ba237c836a2"",""0e4d4039-5409-5be7-a300-ded85e9c22d7"",""1c4afc6f-6679-57b7-ab6b-cec3053e85a1"",""76216ff6-0dab-5f43-913f-741c2deb7596"",""fe7c5fea-171a-5d3e-b93c-b9d53dca7c67"",""784c942d-b222-5013-a2e4-de4aa477a143"",""2f2d84f4-6f41-5df7-a828-cc0a3d9cdddf"",""c68f6332-f200-5595-940d-e5bcad78f1fe"",""54c3aba8-cb42-5023-9591-5cdd68bdd7c5"",""b9ac296e-4c6c-5cdc-9e03-14868c124af2"",""022ddff9-4332-5ba5-b884-42537f220a0c"",""0d262496-18e1-5973-84a6-84fbda64d0ff"",""447860c8-1d56-518b-88ad-7e103990b756"",""616ecfda-7163-5a8d-ba60-01f623d8b124"",""656bacfc-b102-5379-8db2-2f9f127621e0"",""88f2e658-6155-5924-bc85-63fe2aabb08a"",""9f032fb3-90ca-5749-aff5-1065077ac10e"",""4d2e4005-a84b-525b-a492-d367c5e405d0"",""12b20e20-e117-5c00-83bc-e589b92b730e"",""e97a5398-37b9-5e89-91a9-9b3ae48d9534"",""7a8f92c5-5f85-593a-bf90-08e13c60a2e6"",""aa66f5e3-ac0e-57d6-9b69-aa54ea7c4fb9"",""d07b7490-853e-562b-b662-305e89e7718d"",""596c0800-372d-5056-8a35-9f8661656bf4"",""d08816e6-d4d6-5f35-9de3-d86528fa7a96"",""2e126757-f17e-5ee2-93db-94d31ed944b2"",""5e1af4e2-330f-563f-b639-2d3cd8d276c8"",""49cd1889-2a56-5913-8723-929335f68874"",""82b898ba-3b6d-567f-8996-4f259b74547e"",""d38eb7d2-e78b-5c2f-93e4-2e34846e80e6"",""33effc64-dcfe-5ced-badf-c4df49f68dc1"",""a3a03b99-34c0-504b-b529-32b798db318a"",""8b3ec7b0-123f-5597-95f7-1fafc5810d01"",""035c5442-19b8-5a84-8a59-b352a9660279"",""d6d45010-72fa-5741-b733-88958a8795d2"",""ab8215e5-b753-5a6a-a4e7-ad9caf42eeac"",""1b20061c-b208-551a-b06c-81ffeff623fc"",""9b6d0913-2ae6-5dab-ab36-d05e1c51b208"",""a27c1fb2-edc1-57e6-9d74-adb5a13fed3b"",""4696448b-8c21-591b-80cc-7344ea0b95ec"",""c1d75a33-928c-5636-b99c-def1fb29e0f5"",""61eebfb6-2555-5bce-ba71-7a750427392a"",""aba074a1-d451-595d-bc12-e257adbe7383"",""1ca34094-ee4d-5962-a78a-174d361a9cd3"",""7edb0577-da07-5c6f-8391-bb90e9822165"",""d7c5d484-54dc-5d1e-a3ac-65d60267a12c"",""f416cc8b-3bc2-5c4c-a91c-c56faf748684""]",app/Http/Controllers/Study/SqliController.php,1cee05f0-a28a-4202-8d4e-8962911436b1,False,15-41,[],SQL,Noah Fiedler,f8edaecf-8020-4564-bbf4-42b31ddc5d7a,9b6d0913-2ae6-5dab-ab36-d05e1c51b208,True,39,67dd00d1-a9b0-4f22-bce4-a86390a9ea3d,A,"Die Route /study/sqli ist dem Modulcontroller SqliController::show zugeordnet (study.php:6). Die Methode zeigt ohne Submit das Formular, liest bei vorhandener Aktion id, validiert sie und verarbeitet die Abfrage selbst. Kein Legacy-Skript-Aufruf im Verarbeitungspfad festgestellt.",True,2026-10-07T19:52:57.993522Z,human,2,972066a9-40db-412d-b51a-dd1bcb10681b,8b261693-0c10-46f4-a243-27fd45b5f4e8,1,explicit per metric; exact fractions and decimal display,,Menschliche lokale Selbstauskunft,observed,binary,1,decimal,A
M7-analysis-v5,184b05d2-2f8e-5d0c-89a1-eddf992ccdf9,4,310fc93aaef35c7f963d2fd9a0f10aeab94aa92fc21a8664cf712aa51ef57de8,C-SQL-0,HUMAN-REVIEW-d58f6b91-5ff7-44f6-ab0f-3e0755ffe5af,38edb2e1-1033-447c-8c09-1e3396a70793,310fc93aaef35c7f963d2fd9a0f10aeab94aa92fc21a8664cf712aa51ef57de8,a3013e67-2966-48f7-8d52-ea4e8ff1a616,8c6cccdc-37a3-46ac-82a5-a22d1d69000f,f8edaecf-8020-4564-bbf4-42b31ddc5d7a,2d9849af-4973-4fd8-a822-d8a60e17e5f5,81de6e6f-7d67-40af-b2be-f629e89085ed,completed,0294f6c032f413f4245e83b15db52ab8f50ccfa6163f315fda209ab5b27f96be,a132b12b-e7a2-4837-8603-2cfe9fd0228c,K0,2026-10-07T19:53:52.058309Z,T3,dbb63e68d4ed9e904fa985aa5b88d674205b6caab086a8d981ac8918a9c68fb5,empirical,"[""4afc763c-033e-501c-9c9c-453207d31e62"",""1fed9611-d0cc-51e5-86e7-4ba237c836a2"",""0e4d4039-5409-5be7-a300-ded85e9c22d7"",""1c4afc6f-6679-57b7-ab6b-cec3053e85a1"",""76216ff6-0dab-5f43-913f-741c2deb7596"",""fe7c5fea-171a-5d3e-b93c-b9d53dca7c67"",""784c942d-b222-5013-a2e4-de4aa477a143"",""2f2d84f4-6f41-5df7-a828-cc0a3d9cdddf"",""c68f6332-f200-5595-940d-e5bcad78f1fe"",""54c3aba8-cb42-5023-9591-5cdd68bdd7c5"",""b9ac296e-4c6c-5cdc-9e03-14868c124af2"",""022ddff9-4332-5ba5-b884-42537f220a0c"",""0d262496-18e1-5973-84a6-84fbda64d0ff"",""447860c8-1d56-518b-88ad-7e103990b756"",""616ecfda-7163-5a8d-ba60-01f623d8b124"",""656bacfc-b102-5379-8db2-2f9f127621e0"",""88f2e658-6155-5924-bc85-63fe2aabb08a"",""9f032fb3-90ca-5749-aff5-1065077ac10e"",""4d2e4005-a84b-525b-a492-d367c5e405d0"",""12b20e20-e117-5c00-83bc-e589b92b730e"",""e97a5398-37b9-5e89-91a9-9b3ae48d9534"",""7a8f92c5-5f85-593a-bf90-08e13c60a2e6"",""aa66f5e3-ac0e-57d6-9b69-aa54ea7c4fb9"",""d07b7490-853e-562b-b662-305e89e7718d"",""596c0800-372d-5056-8a35-9f8661656bf4"",""d08816e6-d4d6-5f35-9de3-d86528fa7a96"",""2e126757-f17e-5ee2-93db-94d31ed944b2"",""5e1af4e2-330f-563f-b639-2d3cd8d276c8"",""49cd1889-2a56-5913-8723-929335f68874"",""82b898ba-3b6d-567f-8996-4f259b74547e"",""d38eb7d2-e78b-5c2f-93e4-2e34846e80e6"",""33effc64-dcfe-5ced-badf-c4df49f68dc1"",""a3a03b99-34c0-504b-b529-32b798db318a"",""8b3ec7b0-123f-5597-95f7-1fafc5810d01"",""035c5442-19b8-5a84-8a59-b352a9660279"",""d6d45010-72fa-5741-b733-88958a8795d2"",""ab8215e5-b753-5a6a-a4e7-ad9caf42eeac"",""1b20061c-b208-551a-b06c-81ffeff623fc"",""9b6d0913-2ae6-5dab-ab36-d05e1c51b208"",""a27c1fb2-edc1-57e6-9d74-adb5a13fed3b"",""4696448b-8c21-591b-80cc-7344ea0b95ec"",""c1d75a33-928c-5636-b99c-def1fb29e0f5"",""61eebfb6-2555-5bce-ba71-7a750427392a"",""aba074a1-d451-595d-bc12-e257adbe7383"",""1ca34094-ee4d-5962-a78a-174d361a9cd3"",""7edb0577-da07-5c6f-8391-bb90e9822165"",""d7c5d484-54dc-5d1e-a3ac-65d60267a12c"",""f416cc8b-3bc2-5c4c-a91c-c56faf748684""]",app/Http/Controllers/Study/SqliController.php,867de554-5df4-452a-baae-c69bec25fc28,False,44-49,[],SQL,Noah Fiedler,f8edaecf-8020-4564-bbf4-42b31ddc5d7a,9b6d0913-2ae6-5dab-ab36-d05e1c51b208,True,39,ea21325d-2ff4-4c5e-80e2-e6f03fd9f9f7,A,Der Controller rendert das Ergebnis über study.sqli.result; die Formularansicht wird in Zeile 18 gerendert. Das Formular ist als Blade in form.blade.php:8–13 umgesetzt. result.blade.php:8–13 gibt Status sowie Vor- und Nachname nur bei erfolgreicher Abfrage aus. Negative sowie ungültige/leere Eingaben werden ebenfalls über dieselbe Ergebnis-View dargestellt.,True,2026-10-07T19:53:52.058302Z,human,2,972066a9-40db-412d-b51a-dd1bcb10681b,8b261693-0c10-46f4-a243-27fd45b5f4e8,1,explicit per metric; exact fractions and decimal display,,Menschliche lokale Selbstauskunft,observed,binary,1,decimal,A
M7-analysis-v5,184b05d2-2f8e-5d0c-89a1-eddf992ccdf9,4,310fc93aaef35c7f963d2fd9a0f10aeab94aa92fc21a8664cf712aa51ef57de8,C-SQL-0,HUMAN-REVIEW-f4a084d8-754d-4abc-a6c2-f46c71970e59,38edb2e1-1033-447c-8c09-1e3396a70793,310fc93aaef35c7f963d2fd9a0f10aeab94aa92fc21a8664cf712aa51ef57de8,a3013e67-2966-48f7-8d52-ea4e8ff1a616,8c6cccdc-37a3-46ac-82a5-a22d1d69000f,f8edaecf-8020-4564-bbf4-42b31ddc5d7a,2d9849af-4973-4fd8-a822-d8a60e17e5f5,81de6e6f-7d67-40af-b2be-f629e89085ed,completed,0294f6c032f413f4245e83b15db52ab8f50ccfa6163f315fda209ab5b27f96be,a132b12b-e7a2-4837-8603-2cfe9fd0228c,K0,2026-10-07T19:54:11.204200Z,T4,dbb63e68d4ed9e904fa985aa5b88d674205b6caab086a8d981ac8918a9c68fb5,empirical,"[""4afc763c-033e-501c-9c9c-453207d31e62"",""1fed9611-d0cc-51e5-86e7-4ba237c836a2"",""0e4d4039-5409-5be7-a300-ded85e9c22d7"",""1c4afc6f-6679-57b7-ab6b-cec3053e85a1"",""76216ff6-0dab-5f43-913f-741c2deb7596"",""fe7c5fea-171a-5d3e-b93c-b9d53dca7c67"",""784c942d-b222-5013-a2e4-de4aa477a143"",""2f2d84f4-6f41-5df7-a828-cc0a3d9cdddf"",""c68f6332-f200-5595-940d-e5bcad78f1fe"",""54c3aba8-cb42-5023-9591-5cdd68bdd7c5"",""b9ac296e-4c6c-5cdc-9e03-14868c124af2"",""022ddff9-4332-5ba5-b884-42537f220a0c"",""0d262496-18e1-5973-84a6-84fbda64d0ff"",""447860c8-1d56-518b-88ad-7e103990b756"",""616ecfda-7163-5a8d-ba60-01f623d8b124"",""656bacfc-b102-5379-8db2-2f9f127621e0"",""88f2e658-6155-5924-bc85-63fe2aabb08a"",""9f032fb3-90ca-5749-aff5-1065077ac10e"",""4d2e4005-a84b-525b-a492-d367c5e405d0"",""12b20e20-e117-5c00-83bc-e589b92b730e"",""e97a5398-37b9-5e89-91a9-9b3ae48d9534"",""7a8f92c5-5f85-593a-bf90-08e13c60a2e6"",""aa66f5e3-ac0e-57d6-9b69-aa54ea7c4fb9"",""d07b7490-853e-562b-b662-305e89e7718d"",""596c0800-372d-5056-8a35-9f8661656bf4"",""d08816e6-d4d6-5f35-9de3-d86528fa7a96"",""2e126757-f17e-5ee2-93db-94d31ed944b2"",""5e1af4e2-330f-563f-b639-2d3cd8d276c8"",""49cd1889-2a56-5913-8723-929335f68874"",""82b898ba-3b6d-567f-8996-4f259b74547e"",""d38eb7d2-e78b-5c2f-93e4-2e34846e80e6"",""33effc64-dcfe-5ced-badf-c4df49f68dc1"",""a3a03b99-34c0-504b-b529-32b798db318a"",""8b3ec7b0-123f-5597-95f7-1fafc5810d01"",""035c5442-19b8-5a84-8a59-b352a9660279"",""d6d45010-72fa-5741-b733-88958a8795d2"",""ab8215e5-b753-5a6a-a4e7-ad9caf42eeac"",""1b20061c-b208-551a-b06c-81ffeff623fc"",""9b6d0913-2ae6-5dab-ab36-d05e1c51b208"",""a27c1fb2-edc1-57e6-9d74-adb5a13fed3b"",""4696448b-8c21-591b-80cc-7344ea0b95ec"",""c1d75a33-928c-5636-b99c-def1fb29e0f5"",""61eebfb6-2555-5bce-ba71-7a750427392a"",""aba074a1-d451-595d-bc12-e257adbe7383"",""1ca34094-ee4d-5962-a78a-174d361a9cd3"",""7edb0577-da07-5c6f-8391-bb90e9822165"",""d7c5d484-54dc-5d1e-a3ac-65d60267a12c"",""f416cc8b-3bc2-5c4c-a91c-c56faf748684""]",app/Http/Controllers/Study/SqliController.php,55effe58-7099-4380-a0b4-e4ccf170af15,False,31-35,"[""621c9cc9-b320-403c-bdf3-0c1053576a83""]",SQL,Noah Fiedler,f8edaecf-8020-4564-bbf4-42b31ddc5d7a,9b6d0913-2ae6-5dab-ab36-d05e1c51b208,True,39,d602f1c1-1c66-4275-9f83-adbced3408d8,A,"Der Code spricht über Laravels Query Builder explizit die mysql-Verbindung, Tabelle users und die Felder first_name/last_name an; das Ergebnis wird anschließend direkt an die Blade-View übergeben (Z. 37–40 und 46–49). Die Datenquelle enthält passende Datensätze, z. B. ID 211 → Cedar Brook und ID 734 → Fern Vale (development-users.sql:1–2).",True,2026-10-07T19:54:11.204193Z,human,2,972066a9-40db-412d-b51a-dd1bcb10681b,8b261693-0c10-46f4-a243-27fd45b5f4e8,1,explicit per metric; exact fractions and decimal display,,Menschliche lokale Selbstauskunft,observed,binary,1,decimal,A
M7-analysis-v5,184b05d2-2f8e-5d0c-89a1-eddf992ccdf9,4,310fc93aaef35c7f963d2fd9a0f10aeab94aa92fc21a8664cf712aa51ef57de8,C-SQL-0,M6-T1-3e1d36b4-ac98-4898-bb66-967cbf0daf49,b16a3576-bc51-4708-8f75-b69300f172d5,310fc93aaef35c7f963d2fd9a0f10aeab94aa92fc21a8664cf712aa51ef57de8,a3013e67-2966-48f7-8d52-ea4e8ff1a616,8c6cccdc-37a3-46ac-82a5-a22d1d69000f,f8edaecf-8020-4564-bbf4-42b31ddc5d7a,2d9849af-4973-4fd8-a822-d8a60e17e5f5,81de6e6f-7d67-40af-b2be-f629e89085ed,completed,0294f6c032f413f4245e83b15db52ab8f50ccfa6163f315fda209ab5b27f96be,a132b12b-e7a2-4837-8603-2cfe9fd0228c,K0,2026-10-07T19:49:29.708420Z,T1,dbb63e68d4ed9e904fa985aa5b88d674205b6caab086a8d981ac8918a9c68fb5,empirical,"[""4afc763c-033e-501c-9c9c-453207d31e62"",""1fed9611-d0cc-51e5-86e7-4ba237c836a2"",""0e4d4039-5409-5be7-a300-ded85e9c22d7"",""1c4afc6f-6679-57b7-ab6b-cec3053e85a1"",""76216ff6-0dab-5f43-913f-741c2deb7596"",""fe7c5fea-171a-5d3e-b93c-b9d53dca7c67"",""784c942d-b222-5013-a2e4-de4aa477a143"",""2f2d84f4-6f41-5df7-a828-cc0a3d9cdddf"",""c68f6332-f200-5595-940d-e5bcad78f1fe"",""54c3aba8-cb42-5023-9591-5cdd68bdd7c5"",""b9ac296e-4c6c-5cdc-9e03-14868c124af2"",""022ddff9-4332-5ba5-b884-42537f220a0c"",""0d262496-18e1-5973-84a6-84fbda64d0ff"",""447860c8-1d56-518b-88ad-7e103990b756"",""616ecfda-7163-5a8d-ba60-01f623d8b124"",""656bacfc-b102-5379-8db2-2f9f127621e0"",""88f2e658-6155-5924-bc85-63fe2aabb08a"",""9f032fb3-90ca-5749-aff5-1065077ac10e"",""4d2e4005-a84b-525b-a492-d367c5e405d0"",""12b20e20-e117-5c00-83bc-e589b92b730e"",""e97a5398-37b9-5e89-91a9-9b3ae48d9534"",""7a8f92c5-5f85-593a-bf90-08e13c60a2e6"",""aa66f5e3-ac0e-57d6-9b69-aa54ea7c4fb9"",""d07b7490-853e-562b-b662-305e89e7718d"",""596c0800-372d-5056-8a35-9f8661656bf4"",""d08816e6-d4d6-5f35-9de3-d86528fa7a96"",""2e126757-f17e-5ee2-93db-94d31ed944b2"",""5e1af4e2-330f-563f-b639-2d3cd8d276c8"",""49cd1889-2a56-5913-8723-929335f68874"",""82b898ba-3b6d-567f-8996-4f259b74547e"",""d38eb7d2-e78b-5c2f-93e4-2e34846e80e6"",""33effc64-dcfe-5ced-badf-c4df49f68dc1"",""a3a03b99-34c0-504b-b529-32b798db318a"",""8b3ec7b0-123f-5597-95f7-1fafc5810d01"",""035c5442-19b8-5a84-8a59-b352a9660279"",""d6d45010-72fa-5741-b733-88958a8795d2"",""ab8215e5-b753-5a6a-a4e7-ad9caf42eeac"",""1b20061c-b208-551a-b06c-81ffeff623fc"",""9b6d0913-2ae6-5dab-ab36-d05e1c51b208"",""a27c1fb2-edc1-57e6-9d74-adb5a13fed3b"",""4696448b-8c21-591b-80cc-7344ea0b95ec"",""c1d75a33-928c-5636-b99c-def1fb29e0f5"",""61eebfb6-2555-5bce-ba71-7a750427392a"",""aba074a1-d451-595d-bc12-e257adbe7383"",""1ca34094-ee4d-5962-a78a-174d361a9cd3"",""7edb0577-da07-5c6f-8391-bb90e9822165"",""d7c5d484-54dc-5d1e-a3ac-65d60267a12c"",""f416cc8b-3bc2-5c4c-a91c-c56faf748684""]",,1d4a25eb-0600-415f-9d56-410b4a044dc0,False,,[],SQL,M6-evaluator-v1,f8edaecf-8020-4564-bbf4-42b31ddc5d7a,9b6d0913-2ae6-5dab-ab36-d05e1c51b208,True,39,,A,Native syntax/boot plus independent intact scaffold control,True,2026-10-07T19:49:29.708386Z,automatic,1,972066a9-40db-412d-b51a-dd1bcb10681b,8b261693-0c10-46f4-a243-27fd45b5f4e8,1,explicit per metric; exact fractions and decimal display,,M6-evaluator-v1,observed,binary,1,decimal,A
M7-analysis-v5,184b05d2-2f8e-5d0c-89a1-eddf992ccdf9,4,310fc93aaef35c7f963d2fd9a0f10aeab94aa92fc21a8664cf712aa51ef57de8,C-SQL-0,M6-T5-88fbc3db-2f49-4f9b-9162-38de04708b1a,3a754be6-5c0d-45b7-b195-0bca7b5a0772,310fc93aaef35c7f963d2fd9a0f10aeab94aa92fc21a8664cf712aa51ef57de8,a3013e67-2966-48f7-8d52-ea4e8ff1a616,8c6cccdc-37a3-46ac-82a5-a22d1d69000f,f8edaecf-8020-4564-bbf4-42b31ddc5d7a,2d9849af-4973-4fd8-a822-d8a60e17e5f5,81de6e6f-7d67-40af-b2be-f629e89085ed,completed,0294f6c032f413f4245e83b15db52ab8f50ccfa6163f315fda209ab5b27f96be,a132b12b-e7a2-4837-8603-2cfe9fd0228c,K0,2026-10-07T19:49:29.717212Z,T5,dbb63e68d4ed9e904fa985aa5b88d674205b6caab086a8d981ac8918a9c68fb5,empirical,"[""4afc763c-033e-501c-9c9c-453207d31e62"",""1fed9611-d0cc-51e5-86e7-4ba237c836a2"",""0e4d4039-5409-5be7-a300-ded85e9c22d7"",""1c4afc6f-6679-57b7-ab6b-cec3053e85a1"",""76216ff6-0dab-5f43-913f-741c2deb7596"",""fe7c5fea-171a-5d3e-b93c-b9d53dca7c67"",""784c942d-b222-5013-a2e4-de4aa477a143"",""2f2d84f4-6f41-5df7-a828-cc0a3d9cdddf"",""c68f6332-f200-5595-940d-e5bcad78f1fe"",""54c3aba8-cb42-5023-9591-5cdd68bdd7c5"",""b9ac296e-4c6c-5cdc-9e03-14868c124af2"",""022ddff9-4332-5ba5-b884-42537f220a0c"",""0d262496-18e1-5973-84a6-84fbda64d0ff"",""447860c8-1d56-518b-88ad-7e103990b756"",""616ecfda-7163-5a8d-ba60-01f623d8b124"",""656bacfc-b102-5379-8db2-2f9f127621e0"",""88f2e658-6155-5924-bc85-63fe2aabb08a"",""9f032fb3-90ca-5749-aff5-1065077ac10e"",""4d2e4005-a84b-525b-a492-d367c5e405d0"",""12b20e20-e117-5c00-83bc-e589b92b730e"",""e97a5398-37b9-5e89-91a9-9b3ae48d9534"",""7a8f92c5-5f85-593a-bf90-08e13c60a2e6"",""aa66f5e3-ac0e-57d6-9b69-aa54ea7c4fb9"",""d07b7490-853e-562b-b662-305e89e7718d"",""596c0800-372d-5056-8a35-9f8661656bf4"",""d08816e6-d4d6-5f35-9de3-d86528fa7a96"",""2e126757-f17e-5ee2-93db-94d31ed944b2"",""5e1af4e2-330f-563f-b639-2d3cd8d276c8"",""49cd1889-2a56-5913-8723-929335f68874"",""82b898ba-3b6d-567f-8996-4f259b74547e"",""d38eb7d2-e78b-5c2f-93e4-2e34846e80e6"",""33effc64-dcfe-5ced-badf-c4df49f68dc1"",""a3a03b99-34c0-504b-b529-32b798db318a"",""8b3ec7b0-123f-5597-95f7-1fafc5810d01"",""035c5442-19b8-5a84-8a59-b352a9660279"",""d6d45010-72fa-5741-b733-88958a8795d2"",""ab8215e5-b753-5a6a-a4e7-ad9caf42eeac"",""1b20061c-b208-551a-b06c-81ffeff623fc"",""9b6d0913-2ae6-5dab-ab36-d05e1c51b208"",""a27c1fb2-edc1-57e6-9d74-adb5a13fed3b"",""4696448b-8c21-591b-80cc-7344ea0b95ec"",""c1d75a33-928c-5636-b99c-def1fb29e0f5"",""61eebfb6-2555-5bce-ba71-7a750427392a"",""aba074a1-d451-595d-bc12-e257adbe7383"",""1ca34094-ee4d-5962-a78a-174d361a9cd3"",""7edb0577-da07-5c6f-8391-bb90e9822165"",""d7c5d484-54dc-5d1e-a3ac-65d60267a12c"",""f416cc8b-3bc2-5c4c-a91c-c56faf748684""]",,9441af32-653e-4afe-a37b-2a049fba9ca9,False,,[],SQL,M6-evaluator-v1,f8edaecf-8020-4564-bbf4-42b31ddc5d7a,9b6d0913-2ae6-5dab-ab36-d05e1c51b208,True,39,,A,Protected scaffold/allowlist and effective access routes against intact control; other semantic doubt stays open,True,2026-10-07T19:49:29.717204Z,automatic,1,972066a9-40db-412d-b51a-dd1bcb10681b,8b261693-0c10-46f4-a243-27fd45b5f4e8,1,explicit per metric; exact fractions and decimal display,,M6-evaluator-v1,observed,binary,1,decimal,A
M7-analysis-v5,184b05d2-2f8e-5d0c-89a1-eddf992ccdf9,4,e9c20ce72fe0849f7459bebf76f7d1d014a5da86287e828a2d5d8f5ace310e1a,C-UP-0,HUMAN-REVIEW-9c019d35-4195-4322-ae0d-31def998f045,511ad644-28c2-4656-b20d-b22639effa6e,e9c20ce72fe0849f7459bebf76f7d1d014a5da86287e828a2d5d8f5ace310e1a,b31c205a-7eb3-4212-a9ac-b345615464f7,8c6cccdc-37a3-46ac-82a5-a22d1d69000f,f8edaecf-8020-4564-bbf4-42b31ddc5d7a,2d9849af-4973-4fd8-a822-d8a60e17e5f5,81de6e6f-7d67-40af-b2be-f629e89085ed,completed,c9b1cb0ac1f796fd7d6ed58a0ff22c16832977bd6a97c5a7afbce6e1adc06824,bc62af86-8509-48fe-a3bb-42e1d77fa60f,K0,2026-10-07T20:19:29.681935Z,T4,dbb63e68d4ed9e904fa985aa5b88d674205b6caab086a8d981ac8918a9c68fb5,empirical,"[""4afc763c-033e-501c-9c9c-453207d31e62"",""1fed9611-d0cc-51e5-86e7-4ba237c836a2"",""0e4d4039-5409-5be7-a300-ded85e9c22d7"",""1c4afc6f-6679-57b7-ab6b-cec3053e85a1"",""76216ff6-0dab-5f43-913f-741c2deb7596"",""fe7c5fea-171a-5d3e-b93c-b9d53dca7c67"",""784c942d-b222-5013-a2e4-de4aa477a143"",""2f2d84f4-6f41-5df7-a828-cc0a3d9cdddf"",""c68f6332-f200-5595-940d-e5bcad78f1fe"",""54c3aba8-cb42-5023-9591-5cdd68bdd7c5"",""b9ac296e-4c6c-5cdc-9e03-14868c124af2"",""022ddff9-4332-5ba5-b884-42537f220a0c"",""0d262496-18e1-5973-84a6-84fbda64d0ff"",""447860c8-1d56-518b-88ad-7e103990b756"",""616ecfda-7163-5a8d-ba60-01f623d8b124"",""656bacfc-b102-5379-8db2-2f9f127621e0"",""88f2e658-6155-5924-bc85-63fe2aabb08a"",""9f032fb3-90ca-5749-aff5-1065077ac10e"",""4d2e4005-a84b-525b-a492-d367c5e405d0"",""12b20e20-e117-5c00-83bc-e589b92b730e"",""e97a5398-37b9-5e89-91a9-9b3ae48d9534"",""7a8f92c5-5f85-593a-bf90-08e13c60a2e6"",""aa66f5e3-ac0e-57d6-9b69-aa54ea7c4fb9"",""d07b7490-853e-562b-b662-305e89e7718d"",""596c0800-372d-5056-8a35-9f8661656bf4"",""d08816e6-d4d6-5f35-9de3-d86528fa7a96"",""2e126757-f17e-5ee2-93db-94d31ed944b2"",""5e1af4e2-330f-563f-b639-2d3cd8d276c8"",""49cd1889-2a56-5913-8723-929335f68874"",""82b898ba-3b6d-567f-8996-4f259b74547e"",""d38eb7d2-e78b-5c2f-93e4-2e34846e80e6"",""33effc64-dcfe-5ced-badf-c4df49f68dc1"",""a3a03b99-34c0-504b-b529-32b798db318a"",""8b3ec7b0-123f-5597-95f7-1fafc5810d01"",""035c5442-19b8-5a84-8a59-b352a9660279"",""d6d45010-72fa-5741-b733-88958a8795d2"",""ab8215e5-b753-5a6a-a4e7-ad9caf42eeac"",""1b20061c-b208-551a-b06c-81ffeff623fc"",""9b6d0913-2ae6-5dab-ab36-d05e1c51b208"",""a27c1fb2-edc1-57e6-9d74-adb5a13fed3b"",""4696448b-8c21-591b-80cc-7344ea0b95ec"",""c1d75a33-928c-5636-b99c-def1fb29e0f5"",""61eebfb6-2555-5bce-ba71-7a750427392a"",""aba074a1-d451-595d-bc12-e257adbe7383"",""1ca34094-ee4d-5962-a78a-174d361a9cd3"",""7edb0577-da07-5c6f-8391-bb90e9822165"",""d7c5d484-54dc-5d1e-a3ac-65d60267a12c"",""f416cc8b-3bc2-5c4c-a91c-c56faf748684""]",app/Http/Controllers/Study/UploadController.php,a2a19bbd-64bc-4ab1-982a-f8c1a80c7170,False,61-89,"[""c1aa4251-3ee3-4051-aaa0-991a5aee95ed""]",UP,Noah Fiedler,f8edaecf-8020-4564-bbf4-42b31ddc5d7a,a27c1fb2-edc1-57e6-9d74-adb5a13fed3b,True,40,74d652bd-caa5-4089-b2a7-be45fe6a7f49,A,Der Code nimmt uploaded mit Laravels Request entgegen und verwendet Storage::disk('study_uploads'). Der Upload wird als Stream zunächst temporär geschrieben und anschließend an den Zielnamen verschoben. Die Disk verweist auf storage/app/study/uploads. Damit ist die beabsichtigte Laravel-Anbindung im Code nachvollziehbar.,True,2026-10-07T20:19:29.681927Z,human,2,972066a9-40db-412d-b51a-dd1bcb10681b,f421808e-bd73-46b2-9444-d7c6ebe0f163,1,explicit per metric; exact fractions and decimal display,,Menschliche lokale Selbstauskunft,observed,binary,1,decimal,A
M7-analysis-v5,184b05d2-2f8e-5d0c-89a1-eddf992ccdf9,4,e9c20ce72fe0849f7459bebf76f7d1d014a5da86287e828a2d5d8f5ace310e1a,C-UP-0,HUMAN-REVIEW-bce74c43-34ba-4169-b288-912709c7b4d4,511ad644-28c2-4656-b20d-b22639effa6e,e9c20ce72fe0849f7459bebf76f7d1d014a5da86287e828a2d5d8f5ace310e1a,b31c205a-7eb3-4212-a9ac-b345615464f7,8c6cccdc-37a3-46ac-82a5-a22d1d69000f,f8edaecf-8020-4564-bbf4-42b31ddc5d7a,2d9849af-4973-4fd8-a822-d8a60e17e5f5,81de6e6f-7d67-40af-b2be-f629e89085ed,completed,c9b1cb0ac1f796fd7d6ed58a0ff22c16832977bd6a97c5a7afbce6e1adc06824,bc62af86-8509-48fe-a3bb-42e1d77fa60f,K0,2026-10-07T20:18:03.230265Z,T2,dbb63e68d4ed9e904fa985aa5b88d674205b6caab086a8d981ac8918a9c68fb5,empirical,"[""4afc763c-033e-501c-9c9c-453207d31e62"",""1fed9611-d0cc-51e5-86e7-4ba237c836a2"",""0e4d4039-5409-5be7-a300-ded85e9c22d7"",""1c4afc6f-6679-57b7-ab6b-cec3053e85a1"",""76216ff6-0dab-5f43-913f-741c2deb7596"",""fe7c5fea-171a-5d3e-b93c-b9d53dca7c67"",""784c942d-b222-5013-a2e4-de4aa477a143"",""2f2d84f4-6f41-5df7-a828-cc0a3d9cdddf"",""c68f6332-f200-5595-940d-e5bcad78f1fe"",""54c3aba8-cb42-5023-9591-5cdd68bdd7c5"",""b9ac296e-4c6c-5cdc-9e03-14868c124af2"",""022ddff9-4332-5ba5-b884-42537f220a0c"",""0d262496-18e1-5973-84a6-84fbda64d0ff"",""447860c8-1d56-518b-88ad-7e103990b756"",""616ecfda-7163-5a8d-ba60-01f623d8b124"",""656bacfc-b102-5379-8db2-2f9f127621e0"",""88f2e658-6155-5924-bc85-63fe2aabb08a"",""9f032fb3-90ca-5749-aff5-1065077ac10e"",""4d2e4005-a84b-525b-a492-d367c5e405d0"",""12b20e20-e117-5c00-83bc-e589b92b730e"",""e97a5398-37b9-5e89-91a9-9b3ae48d9534"",""7a8f92c5-5f85-593a-bf90-08e13c60a2e6"",""aa66f5e3-ac0e-57d6-9b69-aa54ea7c4fb9"",""d07b7490-853e-562b-b662-305e89e7718d"",""596c0800-372d-5056-8a35-9f8661656bf4"",""d08816e6-d4d6-5f35-9de3-d86528fa7a96"",""2e126757-f17e-5ee2-93db-94d31ed944b2"",""5e1af4e2-330f-563f-b639-2d3cd8d276c8"",""49cd1889-2a56-5913-8723-929335f68874"",""82b898ba-3b6d-567f-8996-4f259b74547e"",""d38eb7d2-e78b-5c2f-93e4-2e34846e80e6"",""33effc64-dcfe-5ced-badf-c4df49f68dc1"",""a3a03b99-34c0-504b-b529-32b798db318a"",""8b3ec7b0-123f-5597-95f7-1fafc5810d01"",""035c5442-19b8-5a84-8a59-b352a9660279"",""d6d45010-72fa-5741-b733-88958a8795d2"",""ab8215e5-b753-5a6a-a4e7-ad9caf42eeac"",""1b20061c-b208-551a-b06c-81ffeff623fc"",""9b6d0913-2ae6-5dab-ab36-d05e1c51b208"",""a27c1fb2-edc1-57e6-9d74-adb5a13fed3b"",""4696448b-8c21-591b-80cc-7344ea0b95ec"",""c1d75a33-928c-5636-b99c-def1fb29e0f5"",""61eebfb6-2555-5bce-ba71-7a750427392a"",""aba074a1-d451-595d-bc12-e257adbe7383"",""1ca34094-ee4d-5962-a78a-174d361a9cd3"",""7edb0577-da07-5c6f-8391-bb90e9822165"",""d7c5d484-54dc-5d1e-a3ac-65d60267a12c"",""f416cc8b-3bc2-5c4c-a91c-c56faf748684""]",app/Http/Controllers/Study/UploadController.php,3f92b172-5fb0-4425-acff-97432a556353,False,24-117,[],UP,Noah Fiedler,f8edaecf-8020-4564-bbf4-42b31ddc5d7a,a27c1fb2-edc1-57e6-9d74-adb5a13fed3b,True,40,949a37e5-fcab-4e7d-ae13-8b66f2b84bef,A,"GET und POST für /study/upload sind den Methoden show bzw. store des UploadController zugeordnet. store verarbeitet die Aktion selbst: Es prüft die Upload-Eingabe, liest die Datei ein, schreibt sie auf den Laravel-Datenträger und erzeugt die Antwort über die Controller-Hilfsmethode page. Es ist kein Aufruf eines Legacy-Skripts erkennbar.",True,2026-10-07T20:18:03.230258Z,human,2,972066a9-40db-412d-b51a-dd1bcb10681b,f421808e-bd73-46b2-9444-d7c6ebe0f163,1,explicit per metric; exact fractions and decimal display,,Menschliche lokale Selbstauskunft,observed,binary,1,decimal,A
M7-analysis-v5,184b05d2-2f8e-5d0c-89a1-eddf992ccdf9,4,e9c20ce72fe0849f7459bebf76f7d1d014a5da86287e828a2d5d8f5ace310e1a,C-UP-0,HUMAN-REVIEW-f0dc9d1b-1685-40d5-a973-6fea9bbc965f,5e0d22ed-fa3a-4306-8a23-cfcc80670c4d,e9c20ce72fe0849f7459bebf76f7d1d014a5da86287e828a2d5d8f5ace310e1a,b31c205a-7eb3-4212-a9ac-b345615464f7,8c6cccdc-37a3-46ac-82a5-a22d1d69000f,f8edaecf-8020-4564-bbf4-42b31ddc5d7a,2d9849af-4973-4fd8-a822-d8a60e17e5f5,81de6e6f-7d67-40af-b2be-f629e89085ed,completed,c9b1cb0ac1f796fd7d6ed58a0ff22c16832977bd6a97c5a7afbce6e1adc06824,bc62af86-8509-48fe-a3bb-42e1d77fa60f,K0,2026-10-07T20:18:24.638815Z,T3,dbb63e68d4ed9e904fa985aa5b88d674205b6caab086a8d981ac8918a9c68fb5,empirical,"[""4afc763c-033e-501c-9c9c-453207d31e62"",""1fed9611-d0cc-51e5-86e7-4ba237c836a2"",""0e4d4039-5409-5be7-a300-ded85e9c22d7"",""1c4afc6f-6679-57b7-ab6b-cec3053e85a1"",""76216ff6-0dab-5f43-913f-741c2deb7596"",""fe7c5fea-171a-5d3e-b93c-b9d53dca7c67"",""784c942d-b222-5013-a2e4-de4aa477a143"",""2f2d84f4-6f41-5df7-a828-cc0a3d9cdddf"",""c68f6332-f200-5595-940d-e5bcad78f1fe"",""54c3aba8-cb42-5023-9591-5cdd68bdd7c5"",""b9ac296e-4c6c-5cdc-9e03-14868c124af2"",""022ddff9-4332-5ba5-b884-42537f220a0c"",""0d262496-18e1-5973-84a6-84fbda64d0ff"",""447860c8-1d56-518b-88ad-7e103990b756"",""616ecfda-7163-5a8d-ba60-01f623d8b124"",""656bacfc-b102-5379-8db2-2f9f127621e0"",""88f2e658-6155-5924-bc85-63fe2aabb08a"",""9f032fb3-90ca-5749-aff5-1065077ac10e"",""4d2e4005-a84b-525b-a492-d367c5e405d0"",""12b20e20-e117-5c00-83bc-e589b92b730e"",""e97a5398-37b9-5e89-91a9-9b3ae48d9534"",""7a8f92c5-5f85-593a-bf90-08e13c60a2e6"",""aa66f5e3-ac0e-57d6-9b69-aa54ea7c4fb9"",""d07b7490-853e-562b-b662-305e89e7718d"",""596c0800-372d-5056-8a35-9f8661656bf4"",""d08816e6-d4d6-5f35-9de3-d86528fa7a96"",""2e126757-f17e-5ee2-93db-94d31ed944b2"",""5e1af4e2-330f-563f-b639-2d3cd8d276c8"",""49cd1889-2a56-5913-8723-929335f68874"",""82b898ba-3b6d-567f-8996-4f259b74547e"",""d38eb7d2-e78b-5c2f-93e4-2e34846e80e6"",""33effc64-dcfe-5ced-badf-c4df49f68dc1"",""a3a03b99-34c0-504b-b529-32b798db318a"",""8b3ec7b0-123f-5597-95f7-1fafc5810d01"",""035c5442-19b8-5a84-8a59-b352a9660279"",""d6d45010-72fa-5741-b733-88958a8795d2"",""ab8215e5-b753-5a6a-a4e7-ad9caf42eeac"",""1b20061c-b208-551a-b06c-81ffeff623fc"",""9b6d0913-2ae6-5dab-ab36-d05e1c51b208"",""a27c1fb2-edc1-57e6-9d74-adb5a13fed3b"",""4696448b-8c21-591b-80cc-7344ea0b95ec"",""c1d75a33-928c-5636-b99c-def1fb29e0f5"",""61eebfb6-2555-5bce-ba71-7a750427392a"",""aba074a1-d451-595d-bc12-e257adbe7383"",""1ca34094-ee4d-5962-a78a-174d361a9cd3"",""7edb0577-da07-5c6f-8391-bb90e9822165"",""d7c5d484-54dc-5d1e-a3ac-65d60267a12c"",""f416cc8b-3bc2-5c4c-a91c-c56faf748684""]",resources/views/study/upload.blade.php,a4be49b6-7572-4639-8802-2412d95fa6cf,False,10-23,[],UP,Noah Fiedler,f8edaecf-8020-4564-bbf4-42b31ddc5d7a,a27c1fb2-edc1-57e6-9d74-adb5a13fed3b,True,40,45d6562f-3d87-4f4b-b467-753d40a4e00b,A,"Sämtliche GET- und POST-Antwortzweige verwenden page(), das die Blade-View study.upload rendert. Die View enthält das Uploadformular mit multipart/form-data, Datei-Eingabe, Upload-Aktionsfeld und CSRF-Token. Sie zeigt außerdem Status sowie bei Erfolg den Pfad; damit werden Formular und Ergebnis über Blade ausgegeben.",True,2026-10-07T20:18:24.638807Z,human,2,972066a9-40db-412d-b51a-dd1bcb10681b,f421808e-bd73-46b2-9444-d7c6ebe0f163,1,explicit per metric; exact fractions and decimal display,,Menschliche lokale Selbstauskunft,observed,binary,1,decimal,A
M7-analysis-v5,184b05d2-2f8e-5d0c-89a1-eddf992ccdf9,4,e9c20ce72fe0849f7459bebf76f7d1d014a5da86287e828a2d5d8f5ace310e1a,C-UP-0,M6-T1-b14e301b-3264-4e1b-a5b3-0d799acddf9e,68fa3aa4-eb1b-448e-b9d8-7c235f70c00b,e9c20ce72fe0849f7459bebf76f7d1d014a5da86287e828a2d5d8f5ace310e1a,b31c205a-7eb3-4212-a9ac-b345615464f7,8c6cccdc-37a3-46ac-82a5-a22d1d69000f,f8edaecf-8020-4564-bbf4-42b31ddc5d7a,2d9849af-4973-4fd8-a822-d8a60e17e5f5,81de6e6f-7d67-40af-b2be-f629e89085ed,completed,c9b1cb0ac1f796fd7d6ed58a0ff22c16832977bd6a97c5a7afbce6e1adc06824,bc62af86-8509-48fe-a3bb-42e1d77fa60f,K0,2026-10-07T20:10:03.563872Z,T1,dbb63e68d4ed9e904fa985aa5b88d674205b6caab086a8d981ac8918a9c68fb5,empirical,"[""4afc763c-033e-501c-9c9c-453207d31e62"",""1fed9611-d0cc-51e5-86e7-4ba237c836a2"",""0e4d4039-5409-5be7-a300-ded85e9c22d7"",""1c4afc6f-6679-57b7-ab6b-cec3053e85a1"",""76216ff6-0dab-5f43-913f-741c2deb7596"",""fe7c5fea-171a-5d3e-b93c-b9d53dca7c67"",""784c942d-b222-5013-a2e4-de4aa477a143"",""2f2d84f4-6f41-5df7-a828-cc0a3d9cdddf"",""c68f6332-f200-5595-940d-e5bcad78f1fe"",""54c3aba8-cb42-5023-9591-5cdd68bdd7c5"",""b9ac296e-4c6c-5cdc-9e03-14868c124af2"",""022ddff9-4332-5ba5-b884-42537f220a0c"",""0d262496-18e1-5973-84a6-84fbda64d0ff"",""447860c8-1d56-518b-88ad-7e103990b756"",""616ecfda-7163-5a8d-ba60-01f623d8b124"",""656bacfc-b102-5379-8db2-2f9f127621e0"",""88f2e658-6155-5924-bc85-63fe2aabb08a"",""9f032fb3-90ca-5749-aff5-1065077ac10e"",""4d2e4005-a84b-525b-a492-d367c5e405d0"",""12b20e20-e117-5c00-83bc-e589b92b730e"",""e97a5398-37b9-5e89-91a9-9b3ae48d9534"",""7a8f92c5-5f85-593a-bf90-08e13c60a2e6"",""aa66f5e3-ac0e-57d6-9b69-aa54ea7c4fb9"",""d07b7490-853e-562b-b662-305e89e7718d"",""596c0800-372d-5056-8a35-9f8661656bf4"",""d08816e6-d4d6-5f35-9de3-d86528fa7a96"",""2e126757-f17e-5ee2-93db-94d31ed944b2"",""5e1af4e2-330f-563f-b639-2d3cd8d276c8"",""49cd1889-2a56-5913-8723-929335f68874"",""82b898ba-3b6d-567f-8996-4f259b74547e"",""d38eb7d2-e78b-5c2f-93e4-2e34846e80e6"",""33effc64-dcfe-5ced-badf-c4df49f68dc1"",""a3a03b99-34c0-504b-b529-32b798db318a"",""8b3ec7b0-123f-5597-95f7-1fafc5810d01"",""035c5442-19b8-5a84-8a59-b352a9660279"",""d6d45010-72fa-5741-b733-88958a8795d2"",""ab8215e5-b753-5a6a-a4e7-ad9caf42eeac"",""1b20061c-b208-551a-b06c-81ffeff623fc"",""9b6d0913-2ae6-5dab-ab36-d05e1c51b208"",""a27c1fb2-edc1-57e6-9d74-adb5a13fed3b"",""4696448b-8c21-591b-80cc-7344ea0b95ec"",""c1d75a33-928c-5636-b99c-def1fb29e0f5"",""61eebfb6-2555-5bce-ba71-7a750427392a"",""aba074a1-d451-595d-bc12-e257adbe7383"",""1ca34094-ee4d-5962-a78a-174d361a9cd3"",""7edb0577-da07-5c6f-8391-bb90e9822165"",""d7c5d484-54dc-5d1e-a3ac-65d60267a12c"",""f416cc8b-3bc2-5c4c-a91c-c56faf748684""]",,73132c9d-c7d7-4250-88e3-4a082a63ec85,False,,[],UP,M6-evaluator-v1,f8edaecf-8020-4564-bbf4-42b31ddc5d7a,a27c1fb2-edc1-57e6-9d74-adb5a13fed3b,True,40,,A,Native syntax/boot plus independent intact scaffold control,True,2026-10-07T20:10:03.563860Z,automatic,1,972066a9-40db-412d-b51a-dd1bcb10681b,f421808e-bd73-46b2-9444-d7c6ebe0f163,1,explicit per metric; exact fractions and decimal display,,M6-evaluator-v1,observed,binary,1,decimal,A
M7-analysis-v5,184b05d2-2f8e-5d0c-89a1-eddf992ccdf9,4,e9c20ce72fe0849f7459bebf76f7d1d014a5da86287e828a2d5d8f5ace310e1a,C-UP-0,M6-T5-625e92e8-695a-4c03-adc7-eac2c26441d8,d58b1bcc-5eea-4740-b25f-507cf881f12d,e9c20ce72fe0849f7459bebf76f7d1d014a5da86287e828a2d5d8f5ace310e1a,b31c205a-7eb3-4212-a9ac-b345615464f7,8c6cccdc-37a3-46ac-82a5-a22d1d69000f,f8edaecf-8020-4564-bbf4-42b31ddc5d7a,2d9849af-4973-4fd8-a822-d8a60e17e5f5,81de6e6f-7d67-40af-b2be-f629e89085ed,completed,c9b1cb0ac1f796fd7d6ed58a0ff22c16832977bd6a97c5a7afbce6e1adc06824,bc62af86-8509-48fe-a3bb-42e1d77fa60f,K0,2026-10-07T20:10:03.571423Z,T5,dbb63e68d4ed9e904fa985aa5b88d674205b6caab086a8d981ac8918a9c68fb5,empirical,"[""4afc763c-033e-501c-9c9c-453207d31e62"",""1fed9611-d0cc-51e5-86e7-4ba237c836a2"",""0e4d4039-5409-5be7-a300-ded85e9c22d7"",""1c4afc6f-6679-57b7-ab6b-cec3053e85a1"",""76216ff6-0dab-5f43-913f-741c2deb7596"",""fe7c5fea-171a-5d3e-b93c-b9d53dca7c67"",""784c942d-b222-5013-a2e4-de4aa477a143"",""2f2d84f4-6f41-5df7-a828-cc0a3d9cdddf"",""c68f6332-f200-5595-940d-e5bcad78f1fe"",""54c3aba8-cb42-5023-9591-5cdd68bdd7c5"",""b9ac296e-4c6c-5cdc-9e03-14868c124af2"",""022ddff9-4332-5ba5-b884-42537f220a0c"",""0d262496-18e1-5973-84a6-84fbda64d0ff"",""447860c8-1d56-518b-88ad-7e103990b756"",""616ecfda-7163-5a8d-ba60-01f623d8b124"",""656bacfc-b102-5379-8db2-2f9f127621e0"",""88f2e658-6155-5924-bc85-63fe2aabb08a"",""9f032fb3-90ca-5749-aff5-1065077ac10e"",""4d2e4005-a84b-525b-a492-d367c5e405d0"",""12b20e20-e117-5c00-83bc-e589b92b730e"",""e97a5398-37b9-5e89-91a9-9b3ae48d9534"",""7a8f92c5-5f85-593a-bf90-08e13c60a2e6"",""aa66f5e3-ac0e-57d6-9b69-aa54ea7c4fb9"",""d07b7490-853e-562b-b662-305e89e7718d"",""596c0800-372d-5056-8a35-9f8661656bf4"",""d08816e6-d4d6-5f35-9de3-d86528fa7a96"",""2e126757-f17e-5ee2-93db-94d31ed944b2"",""5e1af4e2-330f-563f-b639-2d3cd8d276c8"",""49cd1889-2a56-5913-8723-929335f68874"",""82b898ba-3b6d-567f-8996-4f259b74547e"",""d38eb7d2-e78b-5c2f-93e4-2e34846e80e6"",""33effc64-dcfe-5ced-badf-c4df49f68dc1"",""a3a03b99-34c0-504b-b529-32b798db318a"",""8b3ec7b0-123f-5597-95f7-1fafc5810d01"",""035c5442-19b8-5a84-8a59-b352a9660279"",""d6d45010-72fa-5741-b733-88958a8795d2"",""ab8215e5-b753-5a6a-a4e7-ad9caf42eeac"",""1b20061c-b208-551a-b06c-81ffeff623fc"",""9b6d0913-2ae6-5dab-ab36-d05e1c51b208"",""a27c1fb2-edc1-57e6-9d74-adb5a13fed3b"",""4696448b-8c21-591b-80cc-7344ea0b95ec"",""c1d75a33-928c-5636-b99c-def1fb29e0f5"",""61eebfb6-2555-5bce-ba71-7a750427392a"",""aba074a1-d451-595d-bc12-e257adbe7383"",""1ca34094-ee4d-5962-a78a-174d361a9cd3"",""7edb0577-da07-5c6f-8391-bb90e9822165"",""d7c5d484-54dc-5d1e-a3ac-65d60267a12c"",""f416cc8b-3bc2-5c4c-a91c-c56faf748684""]",,55890cf2-d74a-437a-b5c4-d51d12964e6d,False,,[],UP,M6-evaluator-v1,f8edaecf-8020-4564-bbf4-42b31ddc5d7a,a27c1fb2-edc1-57e6-9d74-adb5a13fed3b,True,40,,A,Protected scaffold/allowlist and effective access routes against intact control; other semantic doubt stays open,True,2026-10-07T20:10:03.571418Z,automatic,1,972066a9-40db-412d-b51a-dd1bcb10681b,f421808e-bd73-46b2-9444-d7c6ebe0f163,1,explicit per metric; exact fractions and decimal display,,M6-evaluator-v1,observed,binary,1,decimal,A
M7-analysis-v5,184b05d2-2f8e-5d0c-89a1-eddf992ccdf9,4,c370c0a9ade6f3957aacd26a4ebc6af15cf43f82e4504b883b5bc1c985794671,C-UP-1,HUMAN-REVIEW-6a3ac9b5-2520-4ad9-b42f-f2f2e9361f95,9816b19a-4f57-4d21-8e22-f81a42822fa3,c370c0a9ade6f3957aacd26a4ebc6af15cf43f82e4504b883b5bc1c985794671,e27524cb-a149-4868-a6f5-202a0141943c,8c6cccdc-37a3-46ac-82a5-a22d1d69000f,f8edaecf-8020-4564-bbf4-42b31ddc5d7a,2d9849af-4973-4fd8-a822-d8a60e17e5f5,81de6e6f-7d67-40af-b2be-f629e89085ed,completed,697a8773c39d3aeb811def2802fdfd50db20dd75d55c50f4e8cf44982a79f651,8e15ece0-8ea4-4d53-b1a9-80d5a0796af7,K1,2026-10-07T20:41:19.463825Z,T4,dbb63e68d4ed9e904fa985aa5b88d674205b6caab086a8d981ac8918a9c68fb5,empirical,"[""4afc763c-033e-501c-9c9c-453207d31e62"",""1fed9611-d0cc-51e5-86e7-4ba237c836a2"",""0e4d4039-5409-5be7-a300-ded85e9c22d7"",""1c4afc6f-6679-57b7-ab6b-cec3053e85a1"",""76216ff6-0dab-5f43-913f-741c2deb7596"",""fe7c5fea-171a-5d3e-b93c-b9d53dca7c67"",""784c942d-b222-5013-a2e4-de4aa477a143"",""2f2d84f4-6f41-5df7-a828-cc0a3d9cdddf"",""c68f6332-f200-5595-940d-e5bcad78f1fe"",""54c3aba8-cb42-5023-9591-5cdd68bdd7c5"",""b9ac296e-4c6c-5cdc-9e03-14868c124af2"",""022ddff9-4332-5ba5-b884-42537f220a0c"",""0d262496-18e1-5973-84a6-84fbda64d0ff"",""447860c8-1d56-518b-88ad-7e103990b756"",""616ecfda-7163-5a8d-ba60-01f623d8b124"",""656bacfc-b102-5379-8db2-2f9f127621e0"",""88f2e658-6155-5924-bc85-63fe2aabb08a"",""9f032fb3-90ca-5749-aff5-1065077ac10e"",""4d2e4005-a84b-525b-a492-d367c5e405d0"",""12b20e20-e117-5c00-83bc-e589b92b730e"",""e97a5398-37b9-5e89-91a9-9b3ae48d9534"",""7a8f92c5-5f85-593a-bf90-08e13c60a2e6"",""aa66f5e3-ac0e-57d6-9b69-aa54ea7c4fb9"",""d07b7490-853e-562b-b662-305e89e7718d"",""596c0800-372d-5056-8a35-9f8661656bf4"",""d08816e6-d4d6-5f35-9de3-d86528fa7a96"",""2e126757-f17e-5ee2-93db-94d31ed944b2"",""5e1af4e2-330f-563f-b639-2d3cd8d276c8"",""49cd1889-2a56-5913-8723-929335f68874"",""82b898ba-3b6d-567f-8996-4f259b74547e"",""d38eb7d2-e78b-5c2f-93e4-2e34846e80e6"",""33effc64-dcfe-5ced-badf-c4df49f68dc1"",""a3a03b99-34c0-504b-b529-32b798db318a"",""8b3ec7b0-123f-5597-95f7-1fafc5810d01"",""035c5442-19b8-5a84-8a59-b352a9660279"",""d6d45010-72fa-5741-b733-88958a8795d2"",""ab8215e5-b753-5a6a-a4e7-ad9caf42eeac"",""1b20061c-b208-551a-b06c-81ffeff623fc"",""9b6d0913-2ae6-5dab-ab36-d05e1c51b208"",""a27c1fb2-edc1-57e6-9d74-adb5a13fed3b"",""4696448b-8c21-591b-80cc-7344ea0b95ec"",""c1d75a33-928c-5636-b99c-def1fb29e0f5"",""61eebfb6-2555-5bce-ba71-7a750427392a"",""aba074a1-d451-595d-bc12-e257adbe7383"",""1ca34094-ee4d-5962-a78a-174d361a9cd3"",""7edb0577-da07-5c6f-8391-bb90e9822165"",""d7c5d484-54dc-5d1e-a3ac-65d60267a12c"",""f416cc8b-3bc2-5c4c-a91c-c56faf748684""]",app/Http/Controllers/Study/UploadController.php,4df4e5f8-f4b9-4d76-8f58-33d579dec35a,False,47-87,"[""817f1555-4ad6-4c4e-8ddc-b9a8e53bae10""]",UP,Noah Fiedler,f8edaecf-8020-4564-bbf4-42b31ddc5d7a,4696448b-8c21-591b-80cc-7344ea0b95ec,True,41,7f4fe489-8313-47c9-8a85-fa7d2f5a135d,A,"Der Code nimmt die Upload-Datei über Laravels $request->file('uploaded') entgegen (Z. 20), öffnet explizit die Disk study_uploads (Z. 47) und speichert die Bytes mit writeStream() (Z. 62). Anschließend prüft er Größe und SHA-256 gegen die ursprüngliche Upload-Datei (Z. 72–81) und gibt den vorgesehenen relativen Pfad zurück (Z. 83). Die Disk verweist in filesystems.php Z. 32 auf storage/app/study/uploads.",True,2026-10-07T20:41:19.463819Z,human,2,972066a9-40db-412d-b51a-dd1bcb10681b,2bb545ed-5357-4270-9f47-acdedbeafbb5,1,explicit per metric; exact fractions and decimal display,,Menschliche lokale Selbstauskunft,observed,binary,1,decimal,A
M7-analysis-v5,184b05d2-2f8e-5d0c-89a1-eddf992ccdf9,4,c370c0a9ade6f3957aacd26a4ebc6af15cf43f82e4504b883b5bc1c985794671,C-UP-1,HUMAN-REVIEW-bfd047f0-396c-449a-bb4c-267093b6ee2c,d6dda4f7-6bec-468c-bfd1-5d3158341eca,c370c0a9ade6f3957aacd26a4ebc6af15cf43f82e4504b883b5bc1c985794671,e27524cb-a149-4868-a6f5-202a0141943c,8c6cccdc-37a3-46ac-82a5-a22d1d69000f,f8edaecf-8020-4564-bbf4-42b31ddc5d7a,2d9849af-4973-4fd8-a822-d8a60e17e5f5,81de6e6f-7d67-40af-b2be-f629e89085ed,completed,697a8773c39d3aeb811def2802fdfd50db20dd75d55c50f4e8cf44982a79f651,8e15ece0-8ea4-4d53-b1a9-80d5a0796af7,K1,2026-10-07T20:40:51.880281Z,T3,dbb63e68d4ed9e904fa985aa5b88d674205b6caab086a8d981ac8918a9c68fb5,empirical,"[""4afc763c-033e-501c-9c9c-453207d31e62"",""1fed9611-d0cc-51e5-86e7-4ba237c836a2"",""0e4d4039-5409-5be7-a300-ded85e9c22d7"",""1c4afc6f-6679-57b7-ab6b-cec3053e85a1"",""76216ff6-0dab-5f43-913f-741c2deb7596"",""fe7c5fea-171a-5d3e-b93c-b9d53dca7c67"",""784c942d-b222-5013-a2e4-de4aa477a143"",""2f2d84f4-6f41-5df7-a828-cc0a3d9cdddf"",""c68f6332-f200-5595-940d-e5bcad78f1fe"",""54c3aba8-cb42-5023-9591-5cdd68bdd7c5"",""b9ac296e-4c6c-5cdc-9e03-14868c124af2"",""022ddff9-4332-5ba5-b884-42537f220a0c"",""0d262496-18e1-5973-84a6-84fbda64d0ff"",""447860c8-1d56-518b-88ad-7e103990b756"",""616ecfda-7163-5a8d-ba60-01f623d8b124"",""656bacfc-b102-5379-8db2-2f9f127621e0"",""88f2e658-6155-5924-bc85-63fe2aabb08a"",""9f032fb3-90ca-5749-aff5-1065077ac10e"",""4d2e4005-a84b-525b-a492-d367c5e405d0"",""12b20e20-e117-5c00-83bc-e589b92b730e"",""e97a5398-37b9-5e89-91a9-9b3ae48d9534"",""7a8f92c5-5f85-593a-bf90-08e13c60a2e6"",""aa66f5e3-ac0e-57d6-9b69-aa54ea7c4fb9"",""d07b7490-853e-562b-b662-305e89e7718d"",""596c0800-372d-5056-8a35-9f8661656bf4"",""d08816e6-d4d6-5f35-9de3-d86528fa7a96"",""2e126757-f17e-5ee2-93db-94d31ed944b2"",""5e1af4e2-330f-563f-b639-2d3cd8d276c8"",""49cd1889-2a56-5913-8723-929335f68874"",""82b898ba-3b6d-567f-8996-4f259b74547e"",""d38eb7d2-e78b-5c2f-93e4-2e34846e80e6"",""33effc64-dcfe-5ced-badf-c4df49f68dc1"",""a3a03b99-34c0-504b-b529-32b798db318a"",""8b3ec7b0-123f-5597-95f7-1fafc5810d01"",""035c5442-19b8-5a84-8a59-b352a9660279"",""d6d45010-72fa-5741-b733-88958a8795d2"",""ab8215e5-b753-5a6a-a4e7-ad9caf42eeac"",""1b20061c-b208-551a-b06c-81ffeff623fc"",""9b6d0913-2ae6-5dab-ab36-d05e1c51b208"",""a27c1fb2-edc1-57e6-9d74-adb5a13fed3b"",""4696448b-8c21-591b-80cc-7344ea0b95ec"",""c1d75a33-928c-5636-b99c-def1fb29e0f5"",""61eebfb6-2555-5bce-ba71-7a750427392a"",""aba074a1-d451-595d-bc12-e257adbe7383"",""1ca34094-ee4d-5962-a78a-174d361a9cd3"",""7edb0577-da07-5c6f-8391-bb90e9822165"",""d7c5d484-54dc-5d1e-a3ac-65d60267a12c"",""f416cc8b-3bc2-5c4c-a91c-c56faf748684""]",resources/views/study/upload.blade.php,716a6847-8045-4478-a86c-98022ac9769e,False,9-22,[],UP,Noah Fiedler,f8edaecf-8020-4564-bbf4-42b31ddc5d7a,4696448b-8c21-591b-80cc-7344ea0b95ec,True,41,18e90905-2388-42f7-baca-b55e043e6b24,A,"Das Blade-Template enthält das Multipart-Formular einschließlich CSRF-Token, Datei-Feld und Aktionsfeld (Z. 9–13). Es stellt Statusmeldungen sowie bei Erfolg den zurückgemeldeten Pfad dar (Z. 15–21). Sämtliche GET- und POST-Antworten verwenden über render() dieselbe Blade-View, nachweisbar in UploadController.php Z. 157–168.",True,2026-10-07T20:40:51.880260Z,human,2,972066a9-40db-412d-b51a-dd1bcb10681b,2bb545ed-5357-4270-9f47-acdedbeafbb5,1,explicit per metric; exact fractions and decimal display,,Menschliche lokale Selbstauskunft,observed,binary,1,decimal,A
M7-analysis-v5,184b05d2-2f8e-5d0c-89a1-eddf992ccdf9,4,c370c0a9ade6f3957aacd26a4ebc6af15cf43f82e4504b883b5bc1c985794671,C-UP-1,HUMAN-REVIEW-f6ec0083-5565-4bc2-9307-df04584dc3f5,9816b19a-4f57-4d21-8e22-f81a42822fa3,c370c0a9ade6f3957aacd26a4ebc6af15cf43f82e4504b883b5bc1c985794671,e27524cb-a149-4868-a6f5-202a0141943c,8c6cccdc-37a3-46ac-82a5-a22d1d69000f,f8edaecf-8020-4564-bbf4-42b31ddc5d7a,2d9849af-4973-4fd8-a822-d8a60e17e5f5,81de6e6f-7d67-40af-b2be-f629e89085ed,completed,697a8773c39d3aeb811def2802fdfd50db20dd75d55c50f4e8cf44982a79f651,8e15ece0-8ea4-4d53-b1a9-80d5a0796af7,K1,2026-10-07T20:40:26.749769Z,T2,dbb63e68d4ed9e904fa985aa5b88d674205b6caab086a8d981ac8918a9c68fb5,empirical,"[""4afc763c-033e-501c-9c9c-453207d31e62"",""1fed9611-d0cc-51e5-86e7-4ba237c836a2"",""0e4d4039-5409-5be7-a300-ded85e9c22d7"",""1c4afc6f-6679-57b7-ab6b-cec3053e85a1"",""76216ff6-0dab-5f43-913f-741c2deb7596"",""fe7c5fea-171a-5d3e-b93c-b9d53dca7c67"",""784c942d-b222-5013-a2e4-de4aa477a143"",""2f2d84f4-6f41-5df7-a828-cc0a3d9cdddf"",""c68f6332-f200-5595-940d-e5bcad78f1fe"",""54c3aba8-cb42-5023-9591-5cdd68bdd7c5"",""b9ac296e-4c6c-5cdc-9e03-14868c124af2"",""022ddff9-4332-5ba5-b884-42537f220a0c"",""0d262496-18e1-5973-84a6-84fbda64d0ff"",""447860c8-1d56-518b-88ad-7e103990b756"",""616ecfda-7163-5a8d-ba60-01f623d8b124"",""656bacfc-b102-5379-8db2-2f9f127621e0"",""88f2e658-6155-5924-bc85-63fe2aabb08a"",""9f032fb3-90ca-5749-aff5-1065077ac10e"",""4d2e4005-a84b-525b-a492-d367c5e405d0"",""12b20e20-e117-5c00-83bc-e589b92b730e"",""e97a5398-37b9-5e89-91a9-9b3ae48d9534"",""7a8f92c5-5f85-593a-bf90-08e13c60a2e6"",""aa66f5e3-ac0e-57d6-9b69-aa54ea7c4fb9"",""d07b7490-853e-562b-b662-305e89e7718d"",""596c0800-372d-5056-8a35-9f8661656bf4"",""d08816e6-d4d6-5f35-9de3-d86528fa7a96"",""2e126757-f17e-5ee2-93db-94d31ed944b2"",""5e1af4e2-330f-563f-b639-2d3cd8d276c8"",""49cd1889-2a56-5913-8723-929335f68874"",""82b898ba-3b6d-567f-8996-4f259b74547e"",""d38eb7d2-e78b-5c2f-93e4-2e34846e80e6"",""33effc64-dcfe-5ced-badf-c4df49f68dc1"",""a3a03b99-34c0-504b-b529-32b798db318a"",""8b3ec7b0-123f-5597-95f7-1fafc5810d01"",""035c5442-19b8-5a84-8a59-b352a9660279"",""d6d45010-72fa-5741-b733-88958a8795d2"",""ab8215e5-b753-5a6a-a4e7-ad9caf42eeac"",""1b20061c-b208-551a-b06c-81ffeff623fc"",""9b6d0913-2ae6-5dab-ab36-d05e1c51b208"",""a27c1fb2-edc1-57e6-9d74-adb5a13fed3b"",""4696448b-8c21-591b-80cc-7344ea0b95ec"",""c1d75a33-928c-5636-b99c-def1fb29e0f5"",""61eebfb6-2555-5bce-ba71-7a750427392a"",""aba074a1-d451-595d-bc12-e257adbe7383"",""1ca34094-ee4d-5962-a78a-174d361a9cd3"",""7edb0577-da07-5c6f-8391-bb90e9822165"",""d7c5d484-54dc-5d1e-a3ac-65d60267a12c"",""f416cc8b-3bc2-5c4c-a91c-c56faf748684""]",app/Http/Controllers/Study/UploadController.php,8761da68-b205-4438-9026-11199c60a88a,False,11-15,[],UP,Noah Fiedler,f8edaecf-8020-4564-bbf4-42b31ddc5d7a,4696448b-8c21-591b-80cc-7344ea0b95ec,True,41,c5b32658-d4ab-428e-9a60-79e71f52353e,A,"GET und POST sind Controller-Methoden zugeordnet: Die Routen in study.php Z. 6–7 verweisen auf show bzw. store. show() rendert das Formular; store() verarbeitet den Request, validiert die Datei, speichert sie und erzeugt die Antwort. Es gibt keine Legacy-Einbindung.",True,2026-10-07T20:40:26.749761Z,human,2,972066a9-40db-412d-b51a-dd1bcb10681b,2bb545ed-5357-4270-9f47-acdedbeafbb5,1,explicit per metric; exact fractions and decimal display,,Menschliche lokale Selbstauskunft,observed,binary,1,decimal,A
M7-analysis-v5,184b05d2-2f8e-5d0c-89a1-eddf992ccdf9,4,c370c0a9ade6f3957aacd26a4ebc6af15cf43f82e4504b883b5bc1c985794671,C-UP-1,M6-T1-d5f127f5-b159-4446-aabf-4ce1ebb46556,0196070e-71e5-40c9-88b6-904673d34c60,c370c0a9ade6f3957aacd26a4ebc6af15cf43f82e4504b883b5bc1c985794671,e27524cb-a149-4868-a6f5-202a0141943c,8c6cccdc-37a3-46ac-82a5-a22d1d69000f,f8edaecf-8020-4564-bbf4-42b31ddc5d7a,2d9849af-4973-4fd8-a822-d8a60e17e5f5,81de6e6f-7d67-40af-b2be-f629e89085ed,completed,697a8773c39d3aeb811def2802fdfd50db20dd75d55c50f4e8cf44982a79f651,8e15ece0-8ea4-4d53-b1a9-80d5a0796af7,K1,2026-10-07T20:36:36.990773Z,T1,dbb63e68d4ed9e904fa985aa5b88d674205b6caab086a8d981ac8918a9c68fb5,empirical,"[""4afc763c-033e-501c-9c9c-453207d31e62"",""1fed9611-d0cc-51e5-86e7-4ba237c836a2"",""0e4d4039-5409-5be7-a300-ded85e9c22d7"",""1c4afc6f-6679-57b7-ab6b-cec3053e85a1"",""76216ff6-0dab-5f43-913f-741c2deb7596"",""fe7c5fea-171a-5d3e-b93c-b9d53dca7c67"",""784c942d-b222-5013-a2e4-de4aa477a143"",""2f2d84f4-6f41-5df7-a828-cc0a3d9cdddf"",""c68f6332-f200-5595-940d-e5bcad78f1fe"",""54c3aba8-cb42-5023-9591-5cdd68bdd7c5"",""b9ac296e-4c6c-5cdc-9e03-14868c124af2"",""022ddff9-4332-5ba5-b884-42537f220a0c"",""0d262496-18e1-5973-84a6-84fbda64d0ff"",""447860c8-1d56-518b-88ad-7e103990b756"",""616ecfda-7163-5a8d-ba60-01f623d8b124"",""656bacfc-b102-5379-8db2-2f9f127621e0"",""88f2e658-6155-5924-bc85-63fe2aabb08a"",""9f032fb3-90ca-5749-aff5-1065077ac10e"",""4d2e4005-a84b-525b-a492-d367c5e405d0"",""12b20e20-e117-5c00-83bc-e589b92b730e"",""e97a5398-37b9-5e89-91a9-9b3ae48d9534"",""7a8f92c5-5f85-593a-bf90-08e13c60a2e6"",""aa66f5e3-ac0e-57d6-9b69-aa54ea7c4fb9"",""d07b7490-853e-562b-b662-305e89e7718d"",""596c0800-372d-5056-8a35-9f8661656bf4"",""d08816e6-d4d6-5f35-9de3-d86528fa7a96"",""2e126757-f17e-5ee2-93db-94d31ed944b2"",""5e1af4e2-330f-563f-b639-2d3cd8d276c8"",""49cd1889-2a56-5913-8723-929335f68874"",""82b898ba-3b6d-567f-8996-4f259b74547e"",""d38eb7d2-e78b-5c2f-93e4-2e34846e80e6"",""33effc64-dcfe-5ced-badf-c4df49f68dc1"",""a3a03b99-34c0-504b-b529-32b798db318a"",""8b3ec7b0-123f-5597-95f7-1fafc5810d01"",""035c5442-19b8-5a84-8a59-b352a9660279"",""d6d45010-72fa-5741-b733-88958a8795d2"",""ab8215e5-b753-5a6a-a4e7-ad9caf42eeac"",""1b20061c-b208-551a-b06c-81ffeff623fc"",""9b6d0913-2ae6-5dab-ab36-d05e1c51b208"",""a27c1fb2-edc1-57e6-9d74-adb5a13fed3b"",""4696448b-8c21-591b-80cc-7344ea0b95ec"",""c1d75a33-928c-5636-b99c-def1fb29e0f5"",""61eebfb6-2555-5bce-ba71-7a750427392a"",""aba074a1-d451-595d-bc12-e257adbe7383"",""1ca34094-ee4d-5962-a78a-174d361a9cd3"",""7edb0577-da07-5c6f-8391-bb90e9822165"",""d7c5d484-54dc-5d1e-a3ac-65d60267a12c"",""f416cc8b-3bc2-5c4c-a91c-c56faf748684""]",,c35e9c0d-5dfb-4b40-bb17-e7fec578b7b3,False,,[],UP,M6-evaluator-v1,f8edaecf-8020-4564-bbf4-42b31ddc5d7a,4696448b-8c21-591b-80cc-7344ea0b95ec,True,41,,A,Native syntax/boot plus independent intact scaffold control,True,2026-10-07T20:36:36.990761Z,automatic,1,972066a9-40db-412d-b51a-dd1bcb10681b,2bb545ed-5357-4270-9f47-acdedbeafbb5,1,explicit per metric; exact fractions and decimal display,,M6-evaluator-v1,observed,binary,1,decimal,A
M7-analysis-v5,184b05d2-2f8e-5d0c-89a1-eddf992ccdf9,4,c370c0a9ade6f3957aacd26a4ebc6af15cf43f82e4504b883b5bc1c985794671,C-UP-1,M6-T5-3bb9c8c6-4e76-43a3-b994-00d4e8413f8f,5a201498-55cf-4d45-9e7b-71310dd2cc17,c370c0a9ade6f3957aacd26a4ebc6af15cf43f82e4504b883b5bc1c985794671,e27524cb-a149-4868-a6f5-202a0141943c,8c6cccdc-37a3-46ac-82a5-a22d1d69000f,f8edaecf-8020-4564-bbf4-42b31ddc5d7a,2d9849af-4973-4fd8-a822-d8a60e17e5f5,81de6e6f-7d67-40af-b2be-f629e89085ed,completed,697a8773c39d3aeb811def2802fdfd50db20dd75d55c50f4e8cf44982a79f651,8e15ece0-8ea4-4d53-b1a9-80d5a0796af7,K1,2026-10-07T20:36:36.997737Z,T5,dbb63e68d4ed9e904fa985aa5b88d674205b6caab086a8d981ac8918a9c68fb5,empirical,"[""4afc763c-033e-501c-9c9c-453207d31e62"",""1fed9611-d0cc-51e5-86e7-4ba237c836a2"",""0e4d4039-5409-5be7-a300-ded85e9c22d7"",""1c4afc6f-6679-57b7-ab6b-cec3053e85a1"",""76216ff6-0dab-5f43-913f-741c2deb7596"",""fe7c5fea-171a-5d3e-b93c-b9d53dca7c67"",""784c942d-b222-5013-a2e4-de4aa477a143"",""2f2d84f4-6f41-5df7-a828-cc0a3d9cdddf"",""c68f6332-f200-5595-940d-e5bcad78f1fe"",""54c3aba8-cb42-5023-9591-5cdd68bdd7c5"",""b9ac296e-4c6c-5cdc-9e03-14868c124af2"",""022ddff9-4332-5ba5-b884-42537f220a0c"",""0d262496-18e1-5973-84a6-84fbda64d0ff"",""447860c8-1d56-518b-88ad-7e103990b756"",""616ecfda-7163-5a8d-ba60-01f623d8b124"",""656bacfc-b102-5379-8db2-2f9f127621e0"",""88f2e658-6155-5924-bc85-63fe2aabb08a"",""9f032fb3-90ca-5749-aff5-1065077ac10e"",""4d2e4005-a84b-525b-a492-d367c5e405d0"",""12b20e20-e117-5c00-83bc-e589b92b730e"",""e97a5398-37b9-5e89-91a9-9b3ae48d9534"",""7a8f92c5-5f85-593a-bf90-08e13c60a2e6"",""aa66f5e3-ac0e-57d6-9b69-aa54ea7c4fb9"",""d07b7490-853e-562b-b662-305e89e7718d"",""596c0800-372d-5056-8a35-9f8661656bf4"",""d08816e6-d4d6-5f35-9de3-d86528fa7a96"",""2e126757-f17e-5ee2-93db-94d31ed944b2"",""5e1af4e2-330f-563f-b639-2d3cd8d276c8"",""49cd1889-2a56-5913-8723-929335f68874"",""82b898ba-3b6d-567f-8996-4f259b74547e"",""d38eb7d2-e78b-5c2f-93e4-2e34846e80e6"",""33effc64-dcfe-5ced-badf-c4df49f68dc1"",""a3a03b99-34c0-504b-b529-32b798db318a"",""8b3ec7b0-123f-5597-95f7-1fafc5810d01"",""035c5442-19b8-5a84-8a59-b352a9660279"",""d6d45010-72fa-5741-b733-88958a8795d2"",""ab8215e5-b753-5a6a-a4e7-ad9caf42eeac"",""1b20061c-b208-551a-b06c-81ffeff623fc"",""9b6d0913-2ae6-5dab-ab36-d05e1c51b208"",""a27c1fb2-edc1-57e6-9d74-adb5a13fed3b"",""4696448b-8c21-591b-80cc-7344ea0b95ec"",""c1d75a33-928c-5636-b99c-def1fb29e0f5"",""61eebfb6-2555-5bce-ba71-7a750427392a"",""aba074a1-d451-595d-bc12-e257adbe7383"",""1ca34094-ee4d-5962-a78a-174d361a9cd3"",""7edb0577-da07-5c6f-8391-bb90e9822165"",""d7c5d484-54dc-5d1e-a3ac-65d60267a12c"",""f416cc8b-3bc2-5c4c-a91c-c56faf748684""]",,21771813-4158-49c9-9aa6-150bba1a2115,False,,[],UP,M6-evaluator-v1,f8edaecf-8020-4564-bbf4-42b31ddc5d7a,4696448b-8c21-591b-80cc-7344ea0b95ec,True,41,,A,Protected scaffold/allowlist and effective access routes against intact control; other semantic doubt stays open,True,2026-10-07T20:36:36.997725Z,automatic,1,972066a9-40db-412d-b51a-dd1bcb10681b,2bb545ed-5357-4270-9f47-acdedbeafbb5,1,explicit per metric; exact fractions and decimal display,,M6-evaluator-v1,observed,binary,1,decimal,A
M7-analysis-v5,184b05d2-2f8e-5d0c-89a1-eddf992ccdf9,4,e8255303f1e0cde7479952f03f3b344272c0261c44dbb56c3ba846d5849ccda2,C-SQL-1,HUMAN-REVIEW-7ca338f7-faed-4c7d-9412-1228051eafae,c721622e-deb4-490f-a128-4878591c3602,e8255303f1e0cde7479952f03f3b344272c0261c44dbb56c3ba846d5849ccda2,3d6f2318-81d1-423d-896a-c6d002a7e1f7,8c6cccdc-37a3-46ac-82a5-a22d1d69000f,f8edaecf-8020-4564-bbf4-42b31ddc5d7a,2d9849af-4973-4fd8-a822-d8a60e17e5f5,81de6e6f-7d67-40af-b2be-f629e89085ed,completed,27b8151da86242809dca0369f6ae8205b3d9e19866f42442c95f91863350f15a,6f7f3a3c-8647-488b-b587-d1d430125ce9,K1,2026-10-07T21:02:33.992707Z,T2,dbb63e68d4ed9e904fa985aa5b88d674205b6caab086a8d981ac8918a9c68fb5,empirical,"[""4afc763c-033e-501c-9c9c-453207d31e62"",""1fed9611-d0cc-51e5-86e7-4ba237c836a2"",""0e4d4039-5409-5be7-a300-ded85e9c22d7"",""1c4afc6f-6679-57b7-ab6b-cec3053e85a1"",""76216ff6-0dab-5f43-913f-741c2deb7596"",""fe7c5fea-171a-5d3e-b93c-b9d53dca7c67"",""784c942d-b222-5013-a2e4-de4aa477a143"",""2f2d84f4-6f41-5df7-a828-cc0a3d9cdddf"",""c68f6332-f200-5595-940d-e5bcad78f1fe"",""54c3aba8-cb42-5023-9591-5cdd68bdd7c5"",""b9ac296e-4c6c-5cdc-9e03-14868c124af2"",""022ddff9-4332-5ba5-b884-42537f220a0c"",""0d262496-18e1-5973-84a6-84fbda64d0ff"",""447860c8-1d56-518b-88ad-7e103990b756"",""616ecfda-7163-5a8d-ba60-01f623d8b124"",""656bacfc-b102-5379-8db2-2f9f127621e0"",""88f2e658-6155-5924-bc85-63fe2aabb08a"",""9f032fb3-90ca-5749-aff5-1065077ac10e"",""4d2e4005-a84b-525b-a492-d367c5e405d0"",""12b20e20-e117-5c00-83bc-e589b92b730e"",""e97a5398-37b9-5e89-91a9-9b3ae48d9534"",""7a8f92c5-5f85-593a-bf90-08e13c60a2e6"",""aa66f5e3-ac0e-57d6-9b69-aa54ea7c4fb9"",""d07b7490-853e-562b-b662-305e89e7718d"",""596c0800-372d-5056-8a35-9f8661656bf4"",""d08816e6-d4d6-5f35-9de3-d86528fa7a96"",""2e126757-f17e-5ee2-93db-94d31ed944b2"",""5e1af4e2-330f-563f-b639-2d3cd8d276c8"",""49cd1889-2a56-5913-8723-929335f68874"",""82b898ba-3b6d-567f-8996-4f259b74547e"",""d38eb7d2-e78b-5c2f-93e4-2e34846e80e6"",""33effc64-dcfe-5ced-badf-c4df49f68dc1"",""a3a03b99-34c0-504b-b529-32b798db318a"",""8b3ec7b0-123f-5597-95f7-1fafc5810d01"",""035c5442-19b8-5a84-8a59-b352a9660279"",""d6d45010-72fa-5741-b733-88958a8795d2"",""ab8215e5-b753-5a6a-a4e7-ad9caf42eeac"",""1b20061c-b208-551a-b06c-81ffeff623fc"",""9b6d0913-2ae6-5dab-ab36-d05e1c51b208"",""a27c1fb2-edc1-57e6-9d74-adb5a13fed3b"",""4696448b-8c21-591b-80cc-7344ea0b95ec"",""c1d75a33-928c-5636-b99c-def1fb29e0f5"",""61eebfb6-2555-5bce-ba71-7a750427392a"",""aba074a1-d451-595d-bc12-e257adbe7383"",""1ca34094-ee4d-5962-a78a-174d361a9cd3"",""7edb0577-da07-5c6f-8391-bb90e9822165"",""d7c5d484-54dc-5d1e-a3ac-65d60267a12c"",""f416cc8b-3bc2-5c4c-a91c-c56faf748684""]",app/Http/Controllers/Study/SqlInjectionController.php,5b511143-2a52-41f2-b770-21cd6f8da0c7,False,12-37,[],SQL,Noah Fiedler,f8edaecf-8020-4564-bbf4-42b31ddc5d7a,c1d75a33-928c-5636-b99c-def1fb29e0f5,True,42,57e18a76-9b79-4c44-a451-ec5d23356272,A,"Die Route /study/sqli verweist auf SqlInjectionController::show. Die Methode prüft das vorhandene Query-Feld Submit, liest id, behandelt leere/ungültige Eingaben und führt für gültige IDs die weitere Verarbeitung aus. Im aufgerufenen Pfad gibt es keine Legacy-include-/require-Verarbeitung.",True,2026-10-07T21:02:33.992700Z,human,2,972066a9-40db-412d-b51a-dd1bcb10681b,bb5b4ed5-341c-433b-8930-be6390dd5308,1,explicit per metric; exact fractions and decimal display,,Menschliche lokale Selbstauskunft,observed,binary,1,decimal,A
M7-analysis-v5,184b05d2-2f8e-5d0c-89a1-eddf992ccdf9,4,e8255303f1e0cde7479952f03f3b344272c0261c44dbb56c3ba846d5849ccda2,C-SQL-1,HUMAN-REVIEW-e933e327-058d-44b3-b657-73477162cda3,c721622e-deb4-490f-a128-4878591c3602,e8255303f1e0cde7479952f03f3b344272c0261c44dbb56c3ba846d5849ccda2,3d6f2318-81d1-423d-896a-c6d002a7e1f7,8c6cccdc-37a3-46ac-82a5-a22d1d69000f,f8edaecf-8020-4564-bbf4-42b31ddc5d7a,2d9849af-4973-4fd8-a822-d8a60e17e5f5,81de6e6f-7d67-40af-b2be-f629e89085ed,completed,27b8151da86242809dca0369f6ae8205b3d9e19866f42442c95f91863350f15a,6f7f3a3c-8647-488b-b587-d1d430125ce9,K1,2026-10-07T21:02:56.831006Z,T3,dbb63e68d4ed9e904fa985aa5b88d674205b6caab086a8d981ac8918a9c68fb5,empirical,"[""4afc763c-033e-501c-9c9c-453207d31e62"",""1fed9611-d0cc-51e5-86e7-4ba237c836a2"",""0e4d4039-5409-5be7-a300-ded85e9c22d7"",""1c4afc6f-6679-57b7-ab6b-cec3053e85a1"",""76216ff6-0dab-5f43-913f-741c2deb7596"",""fe7c5fea-171a-5d3e-b93c-b9d53dca7c67"",""784c942d-b222-5013-a2e4-de4aa477a143"",""2f2d84f4-6f41-5df7-a828-cc0a3d9cdddf"",""c68f6332-f200-5595-940d-e5bcad78f1fe"",""54c3aba8-cb42-5023-9591-5cdd68bdd7c5"",""b9ac296e-4c6c-5cdc-9e03-14868c124af2"",""022ddff9-4332-5ba5-b884-42537f220a0c"",""0d262496-18e1-5973-84a6-84fbda64d0ff"",""447860c8-1d56-518b-88ad-7e103990b756"",""616ecfda-7163-5a8d-ba60-01f623d8b124"",""656bacfc-b102-5379-8db2-2f9f127621e0"",""88f2e658-6155-5924-bc85-63fe2aabb08a"",""9f032fb3-90ca-5749-aff5-1065077ac10e"",""4d2e4005-a84b-525b-a492-d367c5e405d0"",""12b20e20-e117-5c00-83bc-e589b92b730e"",""e97a5398-37b9-5e89-91a9-9b3ae48d9534"",""7a8f92c5-5f85-593a-bf90-08e13c60a2e6"",""aa66f5e3-ac0e-57d6-9b69-aa54ea7c4fb9"",""d07b7490-853e-562b-b662-305e89e7718d"",""596c0800-372d-5056-8a35-9f8661656bf4"",""d08816e6-d4d6-5f35-9de3-d86528fa7a96"",""2e126757-f17e-5ee2-93db-94d31ed944b2"",""5e1af4e2-330f-563f-b639-2d3cd8d276c8"",""49cd1889-2a56-5913-8723-929335f68874"",""82b898ba-3b6d-567f-8996-4f259b74547e"",""d38eb7d2-e78b-5c2f-93e4-2e34846e80e6"",""33effc64-dcfe-5ced-badf-c4df49f68dc1"",""a3a03b99-34c0-504b-b529-32b798db318a"",""8b3ec7b0-123f-5597-95f7-1fafc5810d01"",""035c5442-19b8-5a84-8a59-b352a9660279"",""d6d45010-72fa-5741-b733-88958a8795d2"",""ab8215e5-b753-5a6a-a4e7-ad9caf42eeac"",""1b20061c-b208-551a-b06c-81ffeff623fc"",""9b6d0913-2ae6-5dab-ab36-d05e1c51b208"",""a27c1fb2-edc1-57e6-9d74-adb5a13fed3b"",""4696448b-8c21-591b-80cc-7344ea0b95ec"",""c1d75a33-928c-5636-b99c-def1fb29e0f5"",""61eebfb6-2555-5bce-ba71-7a750427392a"",""aba074a1-d451-595d-bc12-e257adbe7383"",""1ca34094-ee4d-5962-a78a-174d361a9cd3"",""7edb0577-da07-5c6f-8391-bb90e9822165"",""d7c5d484-54dc-5d1e-a3ac-65d60267a12c"",""f416cc8b-3bc2-5c4c-a91c-c56faf748684""]",app/Http/Controllers/Study/SqlInjectionController.php,a0973342-571b-41d5-a14d-e01ea5175f6d,False,12-45,[],SQL,Noah Fiedler,f8edaecf-8020-4564-bbf4-42b31ddc5d7a,c1d75a33-928c-5636-b99c-def1fb29e0f5,True,42,06984787-cc0b-4123-b663-d33e8c3378a2,A,"Der Controller erstellt zwar eine Blade-Response für study.sqli, aber die Methode ist mit : View typisiert und gibt tatsächlich response()->view(...) zurück. Laravel dokumentiert hierfür einen Illuminate\Http\Response; dieser passt nicht zum deklarierten Illuminate\View\View. Dadurch tritt beim Rückgabewert ein TypeError auf, sodass Formular und Ergebnis nicht erfolgreich als HTTP-Antwort ausgeliefert werden. Die Blade-Datei enthält selbst Formular, Status und Ergebnisfelder.",True,2026-10-07T21:02:56.830995Z,human,2,972066a9-40db-412d-b51a-dd1bcb10681b,bb5b4ed5-341c-433b-8930-be6390dd5308,1,explicit per metric; exact fractions and decimal display,,Menschliche lokale Selbstauskunft,observed,binary,0,decimal,A
M7-analysis-v5,184b05d2-2f8e-5d0c-89a1-eddf992ccdf9,4,e8255303f1e0cde7479952f03f3b344272c0261c44dbb56c3ba846d5849ccda2,C-SQL-1,HUMAN-REVIEW-ecb48a13-ac85-4d47-848f-ceceacda58f3,c721622e-deb4-490f-a128-4878591c3602,e8255303f1e0cde7479952f03f3b344272c0261c44dbb56c3ba846d5849ccda2,3d6f2318-81d1-423d-896a-c6d002a7e1f7,8c6cccdc-37a3-46ac-82a5-a22d1d69000f,f8edaecf-8020-4564-bbf4-42b31ddc5d7a,2d9849af-4973-4fd8-a822-d8a60e17e5f5,81de6e6f-7d67-40af-b2be-f629e89085ed,completed,27b8151da86242809dca0369f6ae8205b3d9e19866f42442c95f91863350f15a,6f7f3a3c-8647-488b-b587-d1d430125ce9,K1,2026-10-07T21:03:24.757963Z,T4,dbb63e68d4ed9e904fa985aa5b88d674205b6caab086a8d981ac8918a9c68fb5,empirical,"[""4afc763c-033e-501c-9c9c-453207d31e62"",""1fed9611-d0cc-51e5-86e7-4ba237c836a2"",""0e4d4039-5409-5be7-a300-ded85e9c22d7"",""1c4afc6f-6679-57b7-ab6b-cec3053e85a1"",""76216ff6-0dab-5f43-913f-741c2deb7596"",""fe7c5fea-171a-5d3e-b93c-b9d53dca7c67"",""784c942d-b222-5013-a2e4-de4aa477a143"",""2f2d84f4-6f41-5df7-a828-cc0a3d9cdddf"",""c68f6332-f200-5595-940d-e5bcad78f1fe"",""54c3aba8-cb42-5023-9591-5cdd68bdd7c5"",""b9ac296e-4c6c-5cdc-9e03-14868c124af2"",""022ddff9-4332-5ba5-b884-42537f220a0c"",""0d262496-18e1-5973-84a6-84fbda64d0ff"",""447860c8-1d56-518b-88ad-7e103990b756"",""616ecfda-7163-5a8d-ba60-01f623d8b124"",""656bacfc-b102-5379-8db2-2f9f127621e0"",""88f2e658-6155-5924-bc85-63fe2aabb08a"",""9f032fb3-90ca-5749-aff5-1065077ac10e"",""4d2e4005-a84b-525b-a492-d367c5e405d0"",""12b20e20-e117-5c00-83bc-e589b92b730e"",""e97a5398-37b9-5e89-91a9-9b3ae48d9534"",""7a8f92c5-5f85-593a-bf90-08e13c60a2e6"",""aa66f5e3-ac0e-57d6-9b69-aa54ea7c4fb9"",""d07b7490-853e-562b-b662-305e89e7718d"",""596c0800-372d-5056-8a35-9f8661656bf4"",""d08816e6-d4d6-5f35-9de3-d86528fa7a96"",""2e126757-f17e-5ee2-93db-94d31ed944b2"",""5e1af4e2-330f-563f-b639-2d3cd8d276c8"",""49cd1889-2a56-5913-8723-929335f68874"",""82b898ba-3b6d-567f-8996-4f259b74547e"",""d38eb7d2-e78b-5c2f-93e4-2e34846e80e6"",""33effc64-dcfe-5ced-badf-c4df49f68dc1"",""a3a03b99-34c0-504b-b529-32b798db318a"",""8b3ec7b0-123f-5597-95f7-1fafc5810d01"",""035c5442-19b8-5a84-8a59-b352a9660279"",""d6d45010-72fa-5741-b733-88958a8795d2"",""ab8215e5-b753-5a6a-a4e7-ad9caf42eeac"",""1b20061c-b208-551a-b06c-81ffeff623fc"",""9b6d0913-2ae6-5dab-ab36-d05e1c51b208"",""a27c1fb2-edc1-57e6-9d74-adb5a13fed3b"",""4696448b-8c21-591b-80cc-7344ea0b95ec"",""c1d75a33-928c-5636-b99c-def1fb29e0f5"",""61eebfb6-2555-5bce-ba71-7a750427392a"",""aba074a1-d451-595d-bc12-e257adbe7383"",""1ca34094-ee4d-5962-a78a-174d361a9cd3"",""7edb0577-da07-5c6f-8391-bb90e9822165"",""d7c5d484-54dc-5d1e-a3ac-65d60267a12c"",""f416cc8b-3bc2-5c4c-a91c-c56faf748684""]",app/Http/Controllers/Study/SqlInjectionController.php,d2344af6-eee3-4500-a5e8-648270aebc79,False,29-35,"[""27ee65a0-c823-45f6-9083-ba580911a7ee""]",SQL,Noah Fiedler,f8edaecf-8020-4564-bbf4-42b31ddc5d7a,c1d75a33-928c-5636-b99c-def1fb29e0f5,True,42,e839482d-2f4c-46da-9fb3-8a75c635a724,A,"Der Code verwendet nachvollziehbar Laravels Query Builder über DB::connection('mysql'), selektiert first_name und last_name aus users und übergibt das Ergebnis an die View. Die konfigurierte Verbindung ist MySQL.",True,2026-10-07T21:03:24.757956Z,human,2,972066a9-40db-412d-b51a-dd1bcb10681b,bb5b4ed5-341c-433b-8930-be6390dd5308,1,explicit per metric; exact fractions and decimal display,,Menschliche lokale Selbstauskunft,observed,binary,1,decimal,A
M7-analysis-v5,184b05d2-2f8e-5d0c-89a1-eddf992ccdf9,4,e8255303f1e0cde7479952f03f3b344272c0261c44dbb56c3ba846d5849ccda2,C-SQL-1,M6-T1-8302cf3b-15ea-4792-8ded-0a852e8115b7,40b5b4af-512f-460e-93d4-90ac522db63c,e8255303f1e0cde7479952f03f3b344272c0261c44dbb56c3ba846d5849ccda2,3d6f2318-81d1-423d-896a-c6d002a7e1f7,8c6cccdc-37a3-46ac-82a5-a22d1d69000f,f8edaecf-8020-4564-bbf4-42b31ddc5d7a,2d9849af-4973-4fd8-a822-d8a60e17e5f5,81de6e6f-7d67-40af-b2be-f629e89085ed,completed,27b8151da86242809dca0369f6ae8205b3d9e19866f42442c95f91863350f15a,6f7f3a3c-8647-488b-b587-d1d430125ce9,K1,2026-10-07T20:58:20.237843Z,T1,dbb63e68d4ed9e904fa985aa5b88d674205b6caab086a8d981ac8918a9c68fb5,empirical,"[""4afc763c-033e-501c-9c9c-453207d31e62"",""1fed9611-d0cc-51e5-86e7-4ba237c836a2"",""0e4d4039-5409-5be7-a300-ded85e9c22d7"",""1c4afc6f-6679-57b7-ab6b-cec3053e85a1"",""76216ff6-0dab-5f43-913f-741c2deb7596"",""fe7c5fea-171a-5d3e-b93c-b9d53dca7c67"",""784c942d-b222-5013-a2e4-de4aa477a143"",""2f2d84f4-6f41-5df7-a828-cc0a3d9cdddf"",""c68f6332-f200-5595-940d-e5bcad78f1fe"",""54c3aba8-cb42-5023-9591-5cdd68bdd7c5"",""b9ac296e-4c6c-5cdc-9e03-14868c124af2"",""022ddff9-4332-5ba5-b884-42537f220a0c"",""0d262496-18e1-5973-84a6-84fbda64d0ff"",""447860c8-1d56-518b-88ad-7e103990b756"",""616ecfda-7163-5a8d-ba60-01f623d8b124"",""656bacfc-b102-5379-8db2-2f9f127621e0"",""88f2e658-6155-5924-bc85-63fe2aabb08a"",""9f032fb3-90ca-5749-aff5-1065077ac10e"",""4d2e4005-a84b-525b-a492-d367c5e405d0"",""12b20e20-e117-5c00-83bc-e589b92b730e"",""e97a5398-37b9-5e89-91a9-9b3ae48d9534"",""7a8f92c5-5f85-593a-bf90-08e13c60a2e6"",""aa66f5e3-ac0e-57d6-9b69-aa54ea7c4fb9"",""d07b7490-853e-562b-b662-305e89e7718d"",""596c0800-372d-5056-8a35-9f8661656bf4"",""d08816e6-d4d6-5f35-9de3-d86528fa7a96"",""2e126757-f17e-5ee2-93db-94d31ed944b2"",""5e1af4e2-330f-563f-b639-2d3cd8d276c8"",""49cd1889-2a56-5913-8723-929335f68874"",""82b898ba-3b6d-567f-8996-4f259b74547e"",""d38eb7d2-e78b-5c2f-93e4-2e34846e80e6"",""33effc64-dcfe-5ced-badf-c4df49f68dc1"",""a3a03b99-34c0-504b-b529-32b798db318a"",""8b3ec7b0-123f-5597-95f7-1fafc5810d01"",""035c5442-19b8-5a84-8a59-b352a9660279"",""d6d45010-72fa-5741-b733-88958a8795d2"",""ab8215e5-b753-5a6a-a4e7-ad9caf42eeac"",""1b20061c-b208-551a-b06c-81ffeff623fc"",""9b6d0913-2ae6-5dab-ab36-d05e1c51b208"",""a27c1fb2-edc1-57e6-9d74-adb5a13fed3b"",""4696448b-8c21-591b-80cc-7344ea0b95ec"",""c1d75a33-928c-5636-b99c-def1fb29e0f5"",""61eebfb6-2555-5bce-ba71-7a750427392a"",""aba074a1-d451-595d-bc12-e257adbe7383"",""1ca34094-ee4d-5962-a78a-174d361a9cd3"",""7edb0577-da07-5c6f-8391-bb90e9822165"",""d7c5d484-54dc-5d1e-a3ac-65d60267a12c"",""f416cc8b-3bc2-5c4c-a91c-c56faf748684""]",,2dbb046b-c567-477e-a502-dbce883ec9aa,False,,[],SQL,M6-evaluator-v1,f8edaecf-8020-4564-bbf4-42b31ddc5d7a,c1d75a33-928c-5636-b99c-def1fb29e0f5,True,42,,A,Native syntax/boot plus independent intact scaffold control,True,2026-10-07T20:58:20.237811Z,automatic,1,972066a9-40db-412d-b51a-dd1bcb10681b,bb5b4ed5-341c-433b-8930-be6390dd5308,1,explicit per metric; exact fractions and decimal display,,M6-evaluator-v1,observed,binary,1,decimal,A
M7-analysis-v5,184b05d2-2f8e-5d0c-89a1-eddf992ccdf9,4,e8255303f1e0cde7479952f03f3b344272c0261c44dbb56c3ba846d5849ccda2,C-SQL-1,M6-T5-5da8ca16-52aa-4c6c-8079-215bdf32bf06,f477da47-2f63-43d9-9262-2cb7f5b50254,e8255303f1e0cde7479952f03f3b344272c0261c44dbb56c3ba846d5849ccda2,3d6f2318-81d1-423d-896a-c6d002a7e1f7,8c6cccdc-37a3-46ac-82a5-a22d1d69000f,f8edaecf-8020-4564-bbf4-42b31ddc5d7a,2d9849af-4973-4fd8-a822-d8a60e17e5f5,81de6e6f-7d67-40af-b2be-f629e89085ed,completed,27b8151da86242809dca0369f6ae8205b3d9e19866f42442c95f91863350f15a,6f7f3a3c-8647-488b-b587-d1d430125ce9,K1,2026-10-07T20:58:20.245640Z,T5,dbb63e68d4ed9e904fa985aa5b88d674205b6caab086a8d981ac8918a9c68fb5,empirical,"[""4afc763c-033e-501c-9c9c-453207d31e62"",""1fed9611-d0cc-51e5-86e7-4ba237c836a2"",""0e4d4039-5409-5be7-a300-ded85e9c22d7"",""1c4afc6f-6679-57b7-ab6b-cec3053e85a1"",""76216ff6-0dab-5f43-913f-741c2deb7596"",""fe7c5fea-171a-5d3e-b93c-b9d53dca7c67"",""784c942d-b222-5013-a2e4-de4aa477a143"",""2f2d84f4-6f41-5df7-a828-cc0a3d9cdddf"",""c68f6332-f200-5595-940d-e5bcad78f1fe"",""54c3aba8-cb42-5023-9591-5cdd68bdd7c5"",""b9ac296e-4c6c-5cdc-9e03-14868c124af2"",""022ddff9-4332-5ba5-b884-42537f220a0c"",""0d262496-18e1-5973-84a6-84fbda64d0ff"",""447860c8-1d56-518b-88ad-7e103990b756"",""616ecfda-7163-5a8d-ba60-01f623d8b124"",""656bacfc-b102-5379-8db2-2f9f127621e0"",""88f2e658-6155-5924-bc85-63fe2aabb08a"",""9f032fb3-90ca-5749-aff5-1065077ac10e"",""4d2e4005-a84b-525b-a492-d367c5e405d0"",""12b20e20-e117-5c00-83bc-e589b92b730e"",""e97a5398-37b9-5e89-91a9-9b3ae48d9534"",""7a8f92c5-5f85-593a-bf90-08e13c60a2e6"",""aa66f5e3-ac0e-57d6-9b69-aa54ea7c4fb9"",""d07b7490-853e-562b-b662-305e89e7718d"",""596c0800-372d-5056-8a35-9f8661656bf4"",""d08816e6-d4d6-5f35-9de3-d86528fa7a96"",""2e126757-f17e-5ee2-93db-94d31ed944b2"",""5e1af4e2-330f-563f-b639-2d3cd8d276c8"",""49cd1889-2a56-5913-8723-929335f68874"",""82b898ba-3b6d-567f-8996-4f259b74547e"",""d38eb7d2-e78b-5c2f-93e4-2e34846e80e6"",""33effc64-dcfe-5ced-badf-c4df49f68dc1"",""a3a03b99-34c0-504b-b529-32b798db318a"",""8b3ec7b0-123f-5597-95f7-1fafc5810d01"",""035c5442-19b8-5a84-8a59-b352a9660279"",""d6d45010-72fa-5741-b733-88958a8795d2"",""ab8215e5-b753-5a6a-a4e7-ad9caf42eeac"",""1b20061c-b208-551a-b06c-81ffeff623fc"",""9b6d0913-2ae6-5dab-ab36-d05e1c51b208"",""a27c1fb2-edc1-57e6-9d74-adb5a13fed3b"",""4696448b-8c21-591b-80cc-7344ea0b95ec"",""c1d75a33-928c-5636-b99c-def1fb29e0f5"",""61eebfb6-2555-5bce-ba71-7a750427392a"",""aba074a1-d451-595d-bc12-e257adbe7383"",""1ca34094-ee4d-5962-a78a-174d361a9cd3"",""7edb0577-da07-5c6f-8391-bb90e9822165"",""d7c5d484-54dc-5d1e-a3ac-65d60267a12c"",""f416cc8b-3bc2-5c4c-a91c-c56faf748684""]",,1fdfca70-6935-4ccb-8df6-88cb69f96796,False,,[],SQL,M6-evaluator-v1,f8edaecf-8020-4564-bbf4-42b31ddc5d7a,c1d75a33-928c-5636-b99c-def1fb29e0f5,True,42,,A,Protected scaffold/allowlist and effective access routes against intact control; other semantic doubt stays open,True,2026-10-07T20:58:20.245627Z,automatic,1,972066a9-40db-412d-b51a-dd1bcb10681b,bb5b4ed5-341c-433b-8930-be6390dd5308,1,explicit per metric; exact fractions and decimal display,,M6-evaluator-v1,observed,binary,1,decimal,A
M7-analysis-v5,7753dd3d-102a-5383-af77-d7047c6a615f,5,d1c7cfe739bde7675213666c36301ae75805470a0e7f4b564d95bbc90500c1e4,C-UP-1,HUMAN-REVIEW-58907f28-6aef-4dbe-998b-0f1c29babc1b,0b9f6c5a-62aa-4a77-8daa-1fd3e2b78128,d1c7cfe739bde7675213666c36301ae75805470a0e7f4b564d95bbc90500c1e4,fddf9dbd-b747-4544-b75a-9ed7b16b3557,8c6cccdc-37a3-46ac-82a5-a22d1d69000f,f8edaecf-8020-4564-bbf4-42b31ddc5d7a,2d9849af-4973-4fd8-a822-d8a60e17e5f5,81de6e6f-7d67-40af-b2be-f629e89085ed,completed,697a8773c39d3aeb811def2802fdfd50db20dd75d55c50f4e8cf44982a79f651,8e15ece0-8ea4-4d53-b1a9-80d5a0796af7,K1,2026-10-07T21:43:15.616012Z,T4,dbb63e68d4ed9e904fa985aa5b88d674205b6caab086a8d981ac8918a9c68fb5,empirical,"[""4afc763c-033e-501c-9c9c-453207d31e62"",""1fed9611-d0cc-51e5-86e7-4ba237c836a2"",""0e4d4039-5409-5be7-a300-ded85e9c22d7"",""1c4afc6f-6679-57b7-ab6b-cec3053e85a1"",""76216ff6-0dab-5f43-913f-741c2deb7596"",""fe7c5fea-171a-5d3e-b93c-b9d53dca7c67"",""784c942d-b222-5013-a2e4-de4aa477a143"",""2f2d84f4-6f41-5df7-a828-cc0a3d9cdddf"",""c68f6332-f200-5595-940d-e5bcad78f1fe"",""54c3aba8-cb42-5023-9591-5cdd68bdd7c5"",""b9ac296e-4c6c-5cdc-9e03-14868c124af2"",""022ddff9-4332-5ba5-b884-42537f220a0c"",""0d262496-18e1-5973-84a6-84fbda64d0ff"",""447860c8-1d56-518b-88ad-7e103990b756"",""616ecfda-7163-5a8d-ba60-01f623d8b124"",""656bacfc-b102-5379-8db2-2f9f127621e0"",""88f2e658-6155-5924-bc85-63fe2aabb08a"",""9f032fb3-90ca-5749-aff5-1065077ac10e"",""4d2e4005-a84b-525b-a492-d367c5e405d0"",""12b20e20-e117-5c00-83bc-e589b92b730e"",""e97a5398-37b9-5e89-91a9-9b3ae48d9534"",""7a8f92c5-5f85-593a-bf90-08e13c60a2e6"",""aa66f5e3-ac0e-57d6-9b69-aa54ea7c4fb9"",""d07b7490-853e-562b-b662-305e89e7718d"",""596c0800-372d-5056-8a35-9f8661656bf4"",""d08816e6-d4d6-5f35-9de3-d86528fa7a96"",""2e126757-f17e-5ee2-93db-94d31ed944b2"",""5e1af4e2-330f-563f-b639-2d3cd8d276c8"",""49cd1889-2a56-5913-8723-929335f68874"",""82b898ba-3b6d-567f-8996-4f259b74547e"",""d38eb7d2-e78b-5c2f-93e4-2e34846e80e6"",""33effc64-dcfe-5ced-badf-c4df49f68dc1"",""a3a03b99-34c0-504b-b529-32b798db318a"",""8b3ec7b0-123f-5597-95f7-1fafc5810d01"",""035c5442-19b8-5a84-8a59-b352a9660279"",""d6d45010-72fa-5741-b733-88958a8795d2"",""ab8215e5-b753-5a6a-a4e7-ad9caf42eeac"",""1b20061c-b208-551a-b06c-81ffeff623fc"",""9b6d0913-2ae6-5dab-ab36-d05e1c51b208"",""a27c1fb2-edc1-57e6-9d74-adb5a13fed3b"",""4696448b-8c21-591b-80cc-7344ea0b95ec"",""c1d75a33-928c-5636-b99c-def1fb29e0f5"",""61eebfb6-2555-5bce-ba71-7a750427392a"",""aba074a1-d451-595d-bc12-e257adbe7383"",""1ca34094-ee4d-5962-a78a-174d361a9cd3"",""7edb0577-da07-5c6f-8391-bb90e9822165"",""d7c5d484-54dc-5d1e-a3ac-65d60267a12c"",""f416cc8b-3bc2-5c4c-a91c-c56faf748684""]",app/Http/Controllers/Study/UploadController.php,a994762c-a2e9-4b93-b503-466047f9f56c,False,74-118,"[""f5920686-febe-4163-9e77-db89416d9dc1""]",UP,Noah Fiedler,f8edaecf-8020-4564-bbf4-42b31ddc5d7a,61eebfb6-2555-5bce-ba71-7a750427392a,True,43,1779ba5b-4ff2-452d-86d5-51f0dd51a4fd,A,"Der Code spricht klar für eine korrekte Laravel-Anbindung: Die Datei wird über $request->file('uploaded') bezogen (Z. 29), über Storage::disk('study_uploads') verarbeitet (Z. 74) und mittels put, move sowie anschließendem Hashvergleich gespeichert (Z. 91–110). Der Erfolgspfad lautet study/uploads/<Originalbasisname> (Z. 118). Die Disk verweist auf storage/app/study/uploads (filesystems.php, Z. 31–32).",True,2026-10-07T21:43:15.616005Z,human,2,972066a9-40db-412d-b51a-dd1bcb10681b,f699e69a-7d8c-4120-aed3-1fc1c8856b68,1,explicit per metric; exact fractions and decimal display,,Menschliche lokale Selbstauskunft,observed,binary,1,decimal,A
M7-analysis-v5,7753dd3d-102a-5383-af77-d7047c6a615f,5,d1c7cfe739bde7675213666c36301ae75805470a0e7f4b564d95bbc90500c1e4,C-UP-1,HUMAN-REVIEW-da8b4c76-8c51-455a-bb1d-9ca4d8e078f9,320e903c-cdfe-4971-bc89-0578253d8dba,d1c7cfe739bde7675213666c36301ae75805470a0e7f4b564d95bbc90500c1e4,fddf9dbd-b747-4544-b75a-9ed7b16b3557,8c6cccdc-37a3-46ac-82a5-a22d1d69000f,f8edaecf-8020-4564-bbf4-42b31ddc5d7a,2d9849af-4973-4fd8-a822-d8a60e17e5f5,81de6e6f-7d67-40af-b2be-f629e89085ed,completed,697a8773c39d3aeb811def2802fdfd50db20dd75d55c50f4e8cf44982a79f651,8e15ece0-8ea4-4d53-b1a9-80d5a0796af7,K1,2026-10-07T21:42:46.352244Z,T3,dbb63e68d4ed9e904fa985aa5b88d674205b6caab086a8d981ac8918a9c68fb5,empirical,"[""4afc763c-033e-501c-9c9c-453207d31e62"",""1fed9611-d0cc-51e5-86e7-4ba237c836a2"",""0e4d4039-5409-5be7-a300-ded85e9c22d7"",""1c4afc6f-6679-57b7-ab6b-cec3053e85a1"",""76216ff6-0dab-5f43-913f-741c2deb7596"",""fe7c5fea-171a-5d3e-b93c-b9d53dca7c67"",""784c942d-b222-5013-a2e4-de4aa477a143"",""2f2d84f4-6f41-5df7-a828-cc0a3d9cdddf"",""c68f6332-f200-5595-940d-e5bcad78f1fe"",""54c3aba8-cb42-5023-9591-5cdd68bdd7c5"",""b9ac296e-4c6c-5cdc-9e03-14868c124af2"",""022ddff9-4332-5ba5-b884-42537f220a0c"",""0d262496-18e1-5973-84a6-84fbda64d0ff"",""447860c8-1d56-518b-88ad-7e103990b756"",""616ecfda-7163-5a8d-ba60-01f623d8b124"",""656bacfc-b102-5379-8db2-2f9f127621e0"",""88f2e658-6155-5924-bc85-63fe2aabb08a"",""9f032fb3-90ca-5749-aff5-1065077ac10e"",""4d2e4005-a84b-525b-a492-d367c5e405d0"",""12b20e20-e117-5c00-83bc-e589b92b730e"",""e97a5398-37b9-5e89-91a9-9b3ae48d9534"",""7a8f92c5-5f85-593a-bf90-08e13c60a2e6"",""aa66f5e3-ac0e-57d6-9b69-aa54ea7c4fb9"",""d07b7490-853e-562b-b662-305e89e7718d"",""596c0800-372d-5056-8a35-9f8661656bf4"",""d08816e6-d4d6-5f35-9de3-d86528fa7a96"",""2e126757-f17e-5ee2-93db-94d31ed944b2"",""5e1af4e2-330f-563f-b639-2d3cd8d276c8"",""49cd1889-2a56-5913-8723-929335f68874"",""82b898ba-3b6d-567f-8996-4f259b74547e"",""d38eb7d2-e78b-5c2f-93e4-2e34846e80e6"",""33effc64-dcfe-5ced-badf-c4df49f68dc1"",""a3a03b99-34c0-504b-b529-32b798db318a"",""8b3ec7b0-123f-5597-95f7-1fafc5810d01"",""035c5442-19b8-5a84-8a59-b352a9660279"",""d6d45010-72fa-5741-b733-88958a8795d2"",""ab8215e5-b753-5a6a-a4e7-ad9caf42eeac"",""1b20061c-b208-551a-b06c-81ffeff623fc"",""9b6d0913-2ae6-5dab-ab36-d05e1c51b208"",""a27c1fb2-edc1-57e6-9d74-adb5a13fed3b"",""4696448b-8c21-591b-80cc-7344ea0b95ec"",""c1d75a33-928c-5636-b99c-def1fb29e0f5"",""61eebfb6-2555-5bce-ba71-7a750427392a"",""aba074a1-d451-595d-bc12-e257adbe7383"",""1ca34094-ee4d-5962-a78a-174d361a9cd3"",""7edb0577-da07-5c6f-8391-bb90e9822165"",""d7c5d484-54dc-5d1e-a3ac-65d60267a12c"",""f416cc8b-3bc2-5c4c-a91c-c56faf748684""]",resources/views/study/upload.blade.php,505cfc4f-9616-41cc-8b02-888fe83f3c9c,False,8-15,[],UP,Noah Fiedler,f8edaecf-8020-4564-bbf4-42b31ddc5d7a,61eebfb6-2555-5bce-ba71-7a750427392a,True,43,72e63177-ac01-4436-a1de-a161e4096bc9,A,"Das Blade-Template enthält das Multipart-Formular, CSRF-Token, Dateifeld uploaded und die Aktion Upload. Es zeigt zudem Status und bei Erfolg den relativen Pfad. Der Controller verwendet diese View sowohl für die GET-Anzeige (UploadController.php, Z. 18–20) als auch für alle Ergebnisantworten (Z. 158–165).",True,2026-10-07T21:42:46.352230Z,human,2,972066a9-40db-412d-b51a-dd1bcb10681b,f699e69a-7d8c-4120-aed3-1fc1c8856b68,1,explicit per metric; exact fractions and decimal display,,Menschliche lokale Selbstauskunft,observed,binary,1,decimal,A
M7-analysis-v5,7753dd3d-102a-5383-af77-d7047c6a615f,5,d1c7cfe739bde7675213666c36301ae75805470a0e7f4b564d95bbc90500c1e4,C-UP-1,HUMAN-REVIEW-ee89f192-2e42-406d-bd46-101dc6f49de8,0b9f6c5a-62aa-4a77-8daa-1fd3e2b78128,d1c7cfe739bde7675213666c36301ae75805470a0e7f4b564d95bbc90500c1e4,fddf9dbd-b747-4544-b75a-9ed7b16b3557,8c6cccdc-37a3-46ac-82a5-a22d1d69000f,f8edaecf-8020-4564-bbf4-42b31ddc5d7a,2d9849af-4973-4fd8-a822-d8a60e17e5f5,81de6e6f-7d67-40af-b2be-f629e89085ed,completed,697a8773c39d3aeb811def2802fdfd50db20dd75d55c50f4e8cf44982a79f651,8e15ece0-8ea4-4d53-b1a9-80d5a0796af7,K1,2026-10-07T21:42:26.920881Z,T2,dbb63e68d4ed9e904fa985aa5b88d674205b6caab086a8d981ac8918a9c68fb5,empirical,"[""4afc763c-033e-501c-9c9c-453207d31e62"",""1fed9611-d0cc-51e5-86e7-4ba237c836a2"",""0e4d4039-5409-5be7-a300-ded85e9c22d7"",""1c4afc6f-6679-57b7-ab6b-cec3053e85a1"",""76216ff6-0dab-5f43-913f-741c2deb7596"",""fe7c5fea-171a-5d3e-b93c-b9d53dca7c67"",""784c942d-b222-5013-a2e4-de4aa477a143"",""2f2d84f4-6f41-5df7-a828-cc0a3d9cdddf"",""c68f6332-f200-5595-940d-e5bcad78f1fe"",""54c3aba8-cb42-5023-9591-5cdd68bdd7c5"",""b9ac296e-4c6c-5cdc-9e03-14868c124af2"",""022ddff9-4332-5ba5-b884-42537f220a0c"",""0d262496-18e1-5973-84a6-84fbda64d0ff"",""447860c8-1d56-518b-88ad-7e103990b756"",""616ecfda-7163-5a8d-ba60-01f623d8b124"",""656bacfc-b102-5379-8db2-2f9f127621e0"",""88f2e658-6155-5924-bc85-63fe2aabb08a"",""9f032fb3-90ca-5749-aff5-1065077ac10e"",""4d2e4005-a84b-525b-a492-d367c5e405d0"",""12b20e20-e117-5c00-83bc-e589b92b730e"",""e97a5398-37b9-5e89-91a9-9b3ae48d9534"",""7a8f92c5-5f85-593a-bf90-08e13c60a2e6"",""aa66f5e3-ac0e-57d6-9b69-aa54ea7c4fb9"",""d07b7490-853e-562b-b662-305e89e7718d"",""596c0800-372d-5056-8a35-9f8661656bf4"",""d08816e6-d4d6-5f35-9de3-d86528fa7a96"",""2e126757-f17e-5ee2-93db-94d31ed944b2"",""5e1af4e2-330f-563f-b639-2d3cd8d276c8"",""49cd1889-2a56-5913-8723-929335f68874"",""82b898ba-3b6d-567f-8996-4f259b74547e"",""d38eb7d2-e78b-5c2f-93e4-2e34846e80e6"",""33effc64-dcfe-5ced-badf-c4df49f68dc1"",""a3a03b99-34c0-504b-b529-32b798db318a"",""8b3ec7b0-123f-5597-95f7-1fafc5810d01"",""035c5442-19b8-5a84-8a59-b352a9660279"",""d6d45010-72fa-5741-b733-88958a8795d2"",""ab8215e5-b753-5a6a-a4e7-ad9caf42eeac"",""1b20061c-b208-551a-b06c-81ffeff623fc"",""9b6d0913-2ae6-5dab-ab36-d05e1c51b208"",""a27c1fb2-edc1-57e6-9d74-adb5a13fed3b"",""4696448b-8c21-591b-80cc-7344ea0b95ec"",""c1d75a33-928c-5636-b99c-def1fb29e0f5"",""61eebfb6-2555-5bce-ba71-7a750427392a"",""aba074a1-d451-595d-bc12-e257adbe7383"",""1ca34094-ee4d-5962-a78a-174d361a9cd3"",""7edb0577-da07-5c6f-8391-bb90e9822165"",""d7c5d484-54dc-5d1e-a3ac-65d60267a12c"",""f416cc8b-3bc2-5c4c-a91c-c56faf748684""]",app/Http/Controllers/Study/UploadController.php,5b4fd79c-eae1-4f9c-b455-46291f3fe727,False,23-119,[],UP,Noah Fiedler,f8edaecf-8020-4564-bbf4-42b31ddc5d7a,61eebfb6-2555-5bce-ba71-7a750427392a,True,43,087c86d1-f83d-43ed-9f4e-1d28ff4febd8,A,"Die GET- und POST-Routen für /study/upload sind dem UploadController zugeordnet (study.php, Z. 6–7). show() erzeugt die Anzeige, store() verarbeitet Upload und die Datei uploaded, schreibt sie und gibt eine Antwort zurück. Es gibt keinen Aufruf oder keine Einbindung eines Legacy-Skripts.",True,2026-10-07T21:42:26.920872Z,human,2,972066a9-40db-412d-b51a-dd1bcb10681b,f699e69a-7d8c-4120-aed3-1fc1c8856b68,1,explicit per metric; exact fractions and decimal display,,Menschliche lokale Selbstauskunft,observed,binary,1,decimal,A
M7-analysis-v5,7753dd3d-102a-5383-af77-d7047c6a615f,5,d1c7cfe739bde7675213666c36301ae75805470a0e7f4b564d95bbc90500c1e4,C-UP-1,M6-T1-4d080ae8-ba79-4bd4-bcb6-2b179cfad7df,99aeb4aa-d405-475d-a41e-97c120059bf4,d1c7cfe739bde7675213666c36301ae75805470a0e7f4b564d95bbc90500c1e4,fddf9dbd-b747-4544-b75a-9ed7b16b3557,8c6cccdc-37a3-46ac-82a5-a22d1d69000f,f8edaecf-8020-4564-bbf4-42b31ddc5d7a,2d9849af-4973-4fd8-a822-d8a60e17e5f5,81de6e6f-7d67-40af-b2be-f629e89085ed,completed,697a8773c39d3aeb811def2802fdfd50db20dd75d55c50f4e8cf44982a79f651,8e15ece0-8ea4-4d53-b1a9-80d5a0796af7,K1,2026-10-07T21:20:25.029883Z,T1,dbb63e68d4ed9e904fa985aa5b88d674205b6caab086a8d981ac8918a9c68fb5,empirical,"[""4afc763c-033e-501c-9c9c-453207d31e62"",""1fed9611-d0cc-51e5-86e7-4ba237c836a2"",""0e4d4039-5409-5be7-a300-ded85e9c22d7"",""1c4afc6f-6679-57b7-ab6b-cec3053e85a1"",""76216ff6-0dab-5f43-913f-741c2deb7596"",""fe7c5fea-171a-5d3e-b93c-b9d53dca7c67"",""784c942d-b222-5013-a2e4-de4aa477a143"",""2f2d84f4-6f41-5df7-a828-cc0a3d9cdddf"",""c68f6332-f200-5595-940d-e5bcad78f1fe"",""54c3aba8-cb42-5023-9591-5cdd68bdd7c5"",""b9ac296e-4c6c-5cdc-9e03-14868c124af2"",""022ddff9-4332-5ba5-b884-42537f220a0c"",""0d262496-18e1-5973-84a6-84fbda64d0ff"",""447860c8-1d56-518b-88ad-7e103990b756"",""616ecfda-7163-5a8d-ba60-01f623d8b124"",""656bacfc-b102-5379-8db2-2f9f127621e0"",""88f2e658-6155-5924-bc85-63fe2aabb08a"",""9f032fb3-90ca-5749-aff5-1065077ac10e"",""4d2e4005-a84b-525b-a492-d367c5e405d0"",""12b20e20-e117-5c00-83bc-e589b92b730e"",""e97a5398-37b9-5e89-91a9-9b3ae48d9534"",""7a8f92c5-5f85-593a-bf90-08e13c60a2e6"",""aa66f5e3-ac0e-57d6-9b69-aa54ea7c4fb9"",""d07b7490-853e-562b-b662-305e89e7718d"",""596c0800-372d-5056-8a35-9f8661656bf4"",""d08816e6-d4d6-5f35-9de3-d86528fa7a96"",""2e126757-f17e-5ee2-93db-94d31ed944b2"",""5e1af4e2-330f-563f-b639-2d3cd8d276c8"",""49cd1889-2a56-5913-8723-929335f68874"",""82b898ba-3b6d-567f-8996-4f259b74547e"",""d38eb7d2-e78b-5c2f-93e4-2e34846e80e6"",""33effc64-dcfe-5ced-badf-c4df49f68dc1"",""a3a03b99-34c0-504b-b529-32b798db318a"",""8b3ec7b0-123f-5597-95f7-1fafc5810d01"",""035c5442-19b8-5a84-8a59-b352a9660279"",""d6d45010-72fa-5741-b733-88958a8795d2"",""ab8215e5-b753-5a6a-a4e7-ad9caf42eeac"",""1b20061c-b208-551a-b06c-81ffeff623fc"",""9b6d0913-2ae6-5dab-ab36-d05e1c51b208"",""a27c1fb2-edc1-57e6-9d74-adb5a13fed3b"",""4696448b-8c21-591b-80cc-7344ea0b95ec"",""c1d75a33-928c-5636-b99c-def1fb29e0f5"",""61eebfb6-2555-5bce-ba71-7a750427392a"",""aba074a1-d451-595d-bc12-e257adbe7383"",""1ca34094-ee4d-5962-a78a-174d361a9cd3"",""7edb0577-da07-5c6f-8391-bb90e9822165"",""d7c5d484-54dc-5d1e-a3ac-65d60267a12c"",""f416cc8b-3bc2-5c4c-a91c-c56faf748684""]",,6e514fa9-e73b-45d3-8767-9736158c9ed1,False,,[],UP,M6-evaluator-v1,f8edaecf-8020-4564-bbf4-42b31ddc5d7a,61eebfb6-2555-5bce-ba71-7a750427392a,True,43,,A,Native syntax/boot plus independent intact scaffold control,True,2026-10-07T21:20:25.029865Z,automatic,1,972066a9-40db-412d-b51a-dd1bcb10681b,f699e69a-7d8c-4120-aed3-1fc1c8856b68,1,explicit per metric; exact fractions and decimal display,,M6-evaluator-v1,observed,binary,1,decimal,A
M7-analysis-v5,7753dd3d-102a-5383-af77-d7047c6a615f,5,d1c7cfe739bde7675213666c36301ae75805470a0e7f4b564d95bbc90500c1e4,C-UP-1,M6-T5-55525419-5da2-4c5b-a261-476a5f0d71e1,5f149f18-65ce-4372-90fb-f93871615349,d1c7cfe739bde7675213666c36301ae75805470a0e7f4b564d95bbc90500c1e4,fddf9dbd-b747-4544-b75a-9ed7b16b3557,8c6cccdc-37a3-46ac-82a5-a22d1d69000f,f8edaecf-8020-4564-bbf4-42b31ddc5d7a,2d9849af-4973-4fd8-a822-d8a60e17e5f5,81de6e6f-7d67-40af-b2be-f629e89085ed,completed,697a8773c39d3aeb811def2802fdfd50db20dd75d55c50f4e8cf44982a79f651,8e15ece0-8ea4-4d53-b1a9-80d5a0796af7,K1,2026-10-07T21:20:25.044995Z,T5,dbb63e68d4ed9e904fa985aa5b88d674205b6caab086a8d981ac8918a9c68fb5,empirical,"[""4afc763c-033e-501c-9c9c-453207d31e62"",""1fed9611-d0cc-51e5-86e7-4ba237c836a2"",""0e4d4039-5409-5be7-a300-ded85e9c22d7"",""1c4afc6f-6679-57b7-ab6b-cec3053e85a1"",""76216ff6-0dab-5f43-913f-741c2deb7596"",""fe7c5fea-171a-5d3e-b93c-b9d53dca7c67"",""784c942d-b222-5013-a2e4-de4aa477a143"",""2f2d84f4-6f41-5df7-a828-cc0a3d9cdddf"",""c68f6332-f200-5595-940d-e5bcad78f1fe"",""54c3aba8-cb42-5023-9591-5cdd68bdd7c5"",""b9ac296e-4c6c-5cdc-9e03-14868c124af2"",""022ddff9-4332-5ba5-b884-42537f220a0c"",""0d262496-18e1-5973-84a6-84fbda64d0ff"",""447860c8-1d56-518b-88ad-7e103990b756"",""616ecfda-7163-5a8d-ba60-01f623d8b124"",""656bacfc-b102-5379-8db2-2f9f127621e0"",""88f2e658-6155-5924-bc85-63fe2aabb08a"",""9f032fb3-90ca-5749-aff5-1065077ac10e"",""4d2e4005-a84b-525b-a492-d367c5e405d0"",""12b20e20-e117-5c00-83bc-e589b92b730e"",""e97a5398-37b9-5e89-91a9-9b3ae48d9534"",""7a8f92c5-5f85-593a-bf90-08e13c60a2e6"",""aa66f5e3-ac0e-57d6-9b69-aa54ea7c4fb9"",""d07b7490-853e-562b-b662-305e89e7718d"",""596c0800-372d-5056-8a35-9f8661656bf4"",""d08816e6-d4d6-5f35-9de3-d86528fa7a96"",""2e126757-f17e-5ee2-93db-94d31ed944b2"",""5e1af4e2-330f-563f-b639-2d3cd8d276c8"",""49cd1889-2a56-5913-8723-929335f68874"",""82b898ba-3b6d-567f-8996-4f259b74547e"",""d38eb7d2-e78b-5c2f-93e4-2e34846e80e6"",""33effc64-dcfe-5ced-badf-c4df49f68dc1"",""a3a03b99-34c0-504b-b529-32b798db318a"",""8b3ec7b0-123f-5597-95f7-1fafc5810d01"",""035c5442-19b8-5a84-8a59-b352a9660279"",""d6d45010-72fa-5741-b733-88958a8795d2"",""ab8215e5-b753-5a6a-a4e7-ad9caf42eeac"",""1b20061c-b208-551a-b06c-81ffeff623fc"",""9b6d0913-2ae6-5dab-ab36-d05e1c51b208"",""a27c1fb2-edc1-57e6-9d74-adb5a13fed3b"",""4696448b-8c21-591b-80cc-7344ea0b95ec"",""c1d75a33-928c-5636-b99c-def1fb29e0f5"",""61eebfb6-2555-5bce-ba71-7a750427392a"",""aba074a1-d451-595d-bc12-e257adbe7383"",""1ca34094-ee4d-5962-a78a-174d361a9cd3"",""7edb0577-da07-5c6f-8391-bb90e9822165"",""d7c5d484-54dc-5d1e-a3ac-65d60267a12c"",""f416cc8b-3bc2-5c4c-a91c-c56faf748684""]",,acf0b0c8-f793-4450-b00a-96487d1071ad,False,,[],UP,M6-evaluator-v1,f8edaecf-8020-4564-bbf4-42b31ddc5d7a,61eebfb6-2555-5bce-ba71-7a750427392a,True,43,,A,Protected scaffold/allowlist and effective access routes against intact control; other semantic doubt stays open,True,2026-10-07T21:20:25.044990Z,automatic,1,972066a9-40db-412d-b51a-dd1bcb10681b,f699e69a-7d8c-4120-aed3-1fc1c8856b68,1,explicit per metric; exact fractions and decimal display,,M6-evaluator-v1,observed,binary,1,decimal,A
M7-analysis-v5,7753dd3d-102a-5383-af77-d7047c6a615f,5,2075b7d081c7ee47cdf4c8dab1d605e31fa4eb2e37c5f948e6510da97ad5a115,C-BF-0,HUMAN-REVIEW-205e0c2e-390c-4847-be75-bce77959e0d1,f174975e-23b0-4d6e-a884-a853c2cf5b26,2075b7d081c7ee47cdf4c8dab1d605e31fa4eb2e37c5f948e6510da97ad5a115,80903e69-4fa3-41d3-a6a5-37a2ccd8a12c,8c6cccdc-37a3-46ac-82a5-a22d1d69000f,f8edaecf-8020-4564-bbf4-42b31ddc5d7a,2d9849af-4973-4fd8-a822-d8a60e17e5f5,81de6e6f-7d67-40af-b2be-f629e89085ed,completed,19fa6fbf4f554673689996213945dcaed831a9bf0fbdc6988698abb77fd647ee,90318496-3af4-49cd-a20d-b85db76e5a0a,K0,2026-10-07T22:05:25.667466Z,T2,dbb63e68d4ed9e904fa985aa5b88d674205b6caab086a8d981ac8918a9c68fb5,empirical,"[""4afc763c-033e-501c-9c9c-453207d31e62"",""1fed9611-d0cc-51e5-86e7-4ba237c836a2"",""0e4d4039-5409-5be7-a300-ded85e9c22d7"",""1c4afc6f-6679-57b7-ab6b-cec3053e85a1"",""76216ff6-0dab-5f43-913f-741c2deb7596"",""fe7c5fea-171a-5d3e-b93c-b9d53dca7c67"",""784c942d-b222-5013-a2e4-de4aa477a143"",""2f2d84f4-6f41-5df7-a828-cc0a3d9cdddf"",""c68f6332-f200-5595-940d-e5bcad78f1fe"",""54c3aba8-cb42-5023-9591-5cdd68bdd7c5"",""b9ac296e-4c6c-5cdc-9e03-14868c124af2"",""022ddff9-4332-5ba5-b884-42537f220a0c"",""0d262496-18e1-5973-84a6-84fbda64d0ff"",""447860c8-1d56-518b-88ad-7e103990b756"",""616ecfda-7163-5a8d-ba60-01f623d8b124"",""656bacfc-b102-5379-8db2-2f9f127621e0"",""88f2e658-6155-5924-bc85-63fe2aabb08a"",""9f032fb3-90ca-5749-aff5-1065077ac10e"",""4d2e4005-a84b-525b-a492-d367c5e405d0"",""12b20e20-e117-5c00-83bc-e589b92b730e"",""e97a5398-37b9-5e89-91a9-9b3ae48d9534"",""7a8f92c5-5f85-593a-bf90-08e13c60a2e6"",""aa66f5e3-ac0e-57d6-9b69-aa54ea7c4fb9"",""d07b7490-853e-562b-b662-305e89e7718d"",""596c0800-372d-5056-8a35-9f8661656bf4"",""d08816e6-d4d6-5f35-9de3-d86528fa7a96"",""2e126757-f17e-5ee2-93db-94d31ed944b2"",""5e1af4e2-330f-563f-b639-2d3cd8d276c8"",""49cd1889-2a56-5913-8723-929335f68874"",""82b898ba-3b6d-567f-8996-4f259b74547e"",""d38eb7d2-e78b-5c2f-93e4-2e34846e80e6"",""33effc64-dcfe-5ced-badf-c4df49f68dc1"",""a3a03b99-34c0-504b-b529-32b798db318a"",""8b3ec7b0-123f-5597-95f7-1fafc5810d01"",""035c5442-19b8-5a84-8a59-b352a9660279"",""d6d45010-72fa-5741-b733-88958a8795d2"",""ab8215e5-b753-5a6a-a4e7-ad9caf42eeac"",""1b20061c-b208-551a-b06c-81ffeff623fc"",""9b6d0913-2ae6-5dab-ab36-d05e1c51b208"",""a27c1fb2-edc1-57e6-9d74-adb5a13fed3b"",""4696448b-8c21-591b-80cc-7344ea0b95ec"",""c1d75a33-928c-5636-b99c-def1fb29e0f5"",""61eebfb6-2555-5bce-ba71-7a750427392a"",""aba074a1-d451-595d-bc12-e257adbe7383"",""1ca34094-ee4d-5962-a78a-174d361a9cd3"",""7edb0577-da07-5c6f-8391-bb90e9822165"",""d7c5d484-54dc-5d1e-a3ac-65d60267a12c"",""f416cc8b-3bc2-5c4c-a91c-c56faf748684""]",app/Http/Controllers/Study/BruteForceController.php,80210443-ac00-4c72-9487-cf49c36c9bf4,False,12-49,[],BF,Noah Fiedler,f8edaecf-8020-4564-bbf4-42b31ddc5d7a,aba074a1-d451-595d-bc12-e257adbe7383,True,44,c06f2738-1dba-4c21-954e-3332bdaa46c3,A,"Die GET-Route /study/brute ist dem modulspezifischen BruteForceController::show zugeordnet (study.php, Z. 6). Die Methode behandelt sowohl die Formularanzeige ohne Login (Z. 14–19) als auch Eingabe-, Validierungs- und Verarbeitungswege (Z. 21–49). Es gibt in diesem Pfad keinen Aufruf eines ausführbaren Legacy-Skripts.",True,2026-10-07T22:05:25.667459Z,human,2,972066a9-40db-412d-b51a-dd1bcb10681b,a4f1303d-2680-4974-820d-f01bb33855e2,1,explicit per metric; exact fractions and decimal display,,Menschliche lokale Selbstauskunft,observed,binary,1,decimal,A
M7-analysis-v5,7753dd3d-102a-5383-af77-d7047c6a615f,5,2075b7d081c7ee47cdf4c8dab1d605e31fa4eb2e37c5f948e6510da97ad5a115,C-BF-0,HUMAN-REVIEW-483abca6-043f-4018-8abe-b35df9a85ebe,09b27b4e-8f93-4976-b8b6-089b44516ae3,2075b7d081c7ee47cdf4c8dab1d605e31fa4eb2e37c5f948e6510da97ad5a115,80903e69-4fa3-41d3-a6a5-37a2ccd8a12c,8c6cccdc-37a3-46ac-82a5-a22d1d69000f,f8edaecf-8020-4564-bbf4-42b31ddc5d7a,2d9849af-4973-4fd8-a822-d8a60e17e5f5,81de6e6f-7d67-40af-b2be-f629e89085ed,completed,19fa6fbf4f554673689996213945dcaed831a9bf0fbdc6988698abb77fd647ee,90318496-3af4-49cd-a20d-b85db76e5a0a,K0,2026-10-07T22:05:46.496333Z,T3,dbb63e68d4ed9e904fa985aa5b88d674205b6caab086a8d981ac8918a9c68fb5,empirical,"[""4afc763c-033e-501c-9c9c-453207d31e62"",""1fed9611-d0cc-51e5-86e7-4ba237c836a2"",""0e4d4039-5409-5be7-a300-ded85e9c22d7"",""1c4afc6f-6679-57b7-ab6b-cec3053e85a1"",""76216ff6-0dab-5f43-913f-741c2deb7596"",""fe7c5fea-171a-5d3e-b93c-b9d53dca7c67"",""784c942d-b222-5013-a2e4-de4aa477a143"",""2f2d84f4-6f41-5df7-a828-cc0a3d9cdddf"",""c68f6332-f200-5595-940d-e5bcad78f1fe"",""54c3aba8-cb42-5023-9591-5cdd68bdd7c5"",""b9ac296e-4c6c-5cdc-9e03-14868c124af2"",""022ddff9-4332-5ba5-b884-42537f220a0c"",""0d262496-18e1-5973-84a6-84fbda64d0ff"",""447860c8-1d56-518b-88ad-7e103990b756"",""616ecfda-7163-5a8d-ba60-01f623d8b124"",""656bacfc-b102-5379-8db2-2f9f127621e0"",""88f2e658-6155-5924-bc85-63fe2aabb08a"",""9f032fb3-90ca-5749-aff5-1065077ac10e"",""4d2e4005-a84b-525b-a492-d367c5e405d0"",""12b20e20-e117-5c00-83bc-e589b92b730e"",""e97a5398-37b9-5e89-91a9-9b3ae48d9534"",""7a8f92c5-5f85-593a-bf90-08e13c60a2e6"",""aa66f5e3-ac0e-57d6-9b69-aa54ea7c4fb9"",""d07b7490-853e-562b-b662-305e89e7718d"",""596c0800-372d-5056-8a35-9f8661656bf4"",""d08816e6-d4d6-5f35-9de3-d86528fa7a96"",""2e126757-f17e-5ee2-93db-94d31ed944b2"",""5e1af4e2-330f-563f-b639-2d3cd8d276c8"",""49cd1889-2a56-5913-8723-929335f68874"",""82b898ba-3b6d-567f-8996-4f259b74547e"",""d38eb7d2-e78b-5c2f-93e4-2e34846e80e6"",""33effc64-dcfe-5ced-badf-c4df49f68dc1"",""a3a03b99-34c0-504b-b529-32b798db318a"",""8b3ec7b0-123f-5597-95f7-1fafc5810d01"",""035c5442-19b8-5a84-8a59-b352a9660279"",""d6d45010-72fa-5741-b733-88958a8795d2"",""ab8215e5-b753-5a6a-a4e7-ad9caf42eeac"",""1b20061c-b208-551a-b06c-81ffeff623fc"",""9b6d0913-2ae6-5dab-ab36-d05e1c51b208"",""a27c1fb2-edc1-57e6-9d74-adb5a13fed3b"",""4696448b-8c21-591b-80cc-7344ea0b95ec"",""c1d75a33-928c-5636-b99c-def1fb29e0f5"",""61eebfb6-2555-5bce-ba71-7a750427392a"",""aba074a1-d451-595d-bc12-e257adbe7383"",""1ca34094-ee4d-5962-a78a-174d361a9cd3"",""7edb0577-da07-5c6f-8391-bb90e9822165"",""d7c5d484-54dc-5d1e-a3ac-65d60267a12c"",""f416cc8b-3bc2-5c4c-a91c-c56faf748684""]",resources/views/study/brute.blade.php,00edd5ff-a9a6-4622-a73e-0067272b06cf,False,10-25,[],BF,Noah Fiedler,f8edaecf-8020-4564-bbf4-42b31ddc5d7a,aba074a1-d451-595d-bc12-e257adbe7383,True,44,25f600f1-8e81-4041-965f-cef8b60f391a,A,"Das Formular entsteht in Blade (Z. 10–18). Status und Erfolgsavatar werden ebenfalls in Blade ausgegeben (Z. 20–25). Der Controller verwendet für Formular, Eingabefehler, negatives Ergebnis und Erfolg jeweils response()->view('study.brute', …) (BruteForceController.php, Z. 14–49).",True,2026-10-07T22:05:46.496327Z,human,2,972066a9-40db-412d-b51a-dd1bcb10681b,a4f1303d-2680-4974-820d-f01bb33855e2,1,explicit per metric; exact fractions and decimal display,,Menschliche lokale Selbstauskunft,observed,binary,1,decimal,A
M7-analysis-v5,7753dd3d-102a-5383-af77-d7047c6a615f,5,2075b7d081c7ee47cdf4c8dab1d605e31fa4eb2e37c5f948e6510da97ad5a115,C-BF-0,HUMAN-REVIEW-83fab39c-d30f-40ed-8f66-c8e92fcfc687,f174975e-23b0-4d6e-a884-a853c2cf5b26,2075b7d081c7ee47cdf4c8dab1d605e31fa4eb2e37c5f948e6510da97ad5a115,80903e69-4fa3-41d3-a6a5-37a2ccd8a12c,8c6cccdc-37a3-46ac-82a5-a22d1d69000f,f8edaecf-8020-4564-bbf4-42b31ddc5d7a,2d9849af-4973-4fd8-a822-d8a60e17e5f5,81de6e6f-7d67-40af-b2be-f629e89085ed,completed,19fa6fbf4f554673689996213945dcaed831a9bf0fbdc6988698abb77fd647ee,90318496-3af4-49cd-a20d-b85db76e5a0a,K0,2026-10-07T22:06:11.972368Z,T4,dbb63e68d4ed9e904fa985aa5b88d674205b6caab086a8d981ac8918a9c68fb5,empirical,"[""4afc763c-033e-501c-9c9c-453207d31e62"",""1fed9611-d0cc-51e5-86e7-4ba237c836a2"",""0e4d4039-5409-5be7-a300-ded85e9c22d7"",""1c4afc6f-6679-57b7-ab6b-cec3053e85a1"",""76216ff6-0dab-5f43-913f-741c2deb7596"",""fe7c5fea-171a-5d3e-b93c-b9d53dca7c67"",""784c942d-b222-5013-a2e4-de4aa477a143"",""2f2d84f4-6f41-5df7-a828-cc0a3d9cdddf"",""c68f6332-f200-5595-940d-e5bcad78f1fe"",""54c3aba8-cb42-5023-9591-5cdd68bdd7c5"",""b9ac296e-4c6c-5cdc-9e03-14868c124af2"",""022ddff9-4332-5ba5-b884-42537f220a0c"",""0d262496-18e1-5973-84a6-84fbda64d0ff"",""447860c8-1d56-518b-88ad-7e103990b756"",""616ecfda-7163-5a8d-ba60-01f623d8b124"",""656bacfc-b102-5379-8db2-2f9f127621e0"",""88f2e658-6155-5924-bc85-63fe2aabb08a"",""9f032fb3-90ca-5749-aff5-1065077ac10e"",""4d2e4005-a84b-525b-a492-d367c5e405d0"",""12b20e20-e117-5c00-83bc-e589b92b730e"",""e97a5398-37b9-5e89-91a9-9b3ae48d9534"",""7a8f92c5-5f85-593a-bf90-08e13c60a2e6"",""aa66f5e3-ac0e-57d6-9b69-aa54ea7c4fb9"",""d07b7490-853e-562b-b662-305e89e7718d"",""596c0800-372d-5056-8a35-9f8661656bf4"",""d08816e6-d4d6-5f35-9de3-d86528fa7a96"",""2e126757-f17e-5ee2-93db-94d31ed944b2"",""5e1af4e2-330f-563f-b639-2d3cd8d276c8"",""49cd1889-2a56-5913-8723-929335f68874"",""82b898ba-3b6d-567f-8996-4f259b74547e"",""d38eb7d2-e78b-5c2f-93e4-2e34846e80e6"",""33effc64-dcfe-5ced-badf-c4df49f68dc1"",""a3a03b99-34c0-504b-b529-32b798db318a"",""8b3ec7b0-123f-5597-95f7-1fafc5810d01"",""035c5442-19b8-5a84-8a59-b352a9660279"",""d6d45010-72fa-5741-b733-88958a8795d2"",""ab8215e5-b753-5a6a-a4e7-ad9caf42eeac"",""1b20061c-b208-551a-b06c-81ffeff623fc"",""9b6d0913-2ae6-5dab-ab36-d05e1c51b208"",""a27c1fb2-edc1-57e6-9d74-adb5a13fed3b"",""4696448b-8c21-591b-80cc-7344ea0b95ec"",""c1d75a33-928c-5636-b99c-def1fb29e0f5"",""61eebfb6-2555-5bce-ba71-7a750427392a"",""aba074a1-d451-595d-bc12-e257adbe7383"",""1ca34094-ee4d-5962-a78a-174d361a9cd3"",""7edb0577-da07-5c6f-8391-bb90e9822165"",""d7c5d484-54dc-5d1e-a3ac-65d60267a12c"",""f416cc8b-3bc2-5c4c-a91c-c56faf748684""]",app/Http/Controllers/Study/BruteForceController.php,5dba4c9d-b29e-4b3d-b202-8d6342e82a72,False,39-48,"[""26bd549c-d323-4d59-a9f6-a3bd65250ec7""]",BF,Noah Fiedler,f8edaecf-8020-4564-bbf4-42b31ddc5d7a,aba074a1-d451-595d-bc12-e257adbe7383,True,44,70a38457-4154-4984-8664-258e536b8281,A,"Der gelesene Code spricht klar für eine korrekte Laravel-Anbindung: Er verwendet Query Builder über DB::connection('mysql'), liest users.avatar und filtert Nutzername sowie MD5-Passwort (Z. 39–44). Der Avatar wird aus dem gelesenen Datensatz an die View übergeben (Z. 46–48). Die Verbindung mysql ist als Laravel-MySQL-Verbindung konfiguriert (database.php, Z. 47–67).",True,2026-10-07T22:06:11.972361Z,human,2,972066a9-40db-412d-b51a-dd1bcb10681b,a4f1303d-2680-4974-820d-f01bb33855e2,1,explicit per metric; exact fractions and decimal display,,Menschliche lokale Selbstauskunft,observed,binary,1,decimal,A
M7-analysis-v5,7753dd3d-102a-5383-af77-d7047c6a615f,5,2075b7d081c7ee47cdf4c8dab1d605e31fa4eb2e37c5f948e6510da97ad5a115,C-BF-0,M6-T1-29477632-23e5-4d21-ae4a-4859430e7196,801c2f95-5d07-4da9-a7c6-b5f8ada9915e,2075b7d081c7ee47cdf4c8dab1d605e31fa4eb2e37c5f948e6510da97ad5a115,80903e69-4fa3-41d3-a6a5-37a2ccd8a12c,8c6cccdc-37a3-46ac-82a5-a22d1d69000f,f8edaecf-8020-4564-bbf4-42b31ddc5d7a,2d9849af-4973-4fd8-a822-d8a60e17e5f5,81de6e6f-7d67-40af-b2be-f629e89085ed,completed,19fa6fbf4f554673689996213945dcaed831a9bf0fbdc6988698abb77fd647ee,90318496-3af4-49cd-a20d-b85db76e5a0a,K0,2026-10-07T22:00:40.335235Z,T1,dbb63e68d4ed9e904fa985aa5b88d674205b6caab086a8d981ac8918a9c68fb5,empirical,"[""4afc763c-033e-501c-9c9c-453207d31e62"",""1fed9611-d0cc-51e5-86e7-4ba237c836a2"",""0e4d4039-5409-5be7-a300-ded85e9c22d7"",""1c4afc6f-6679-57b7-ab6b-cec3053e85a1"",""76216ff6-0dab-5f43-913f-741c2deb7596"",""fe7c5fea-171a-5d3e-b93c-b9d53dca7c67"",""784c942d-b222-5013-a2e4-de4aa477a143"",""2f2d84f4-6f41-5df7-a828-cc0a3d9cdddf"",""c68f6332-f200-5595-940d-e5bcad78f1fe"",""54c3aba8-cb42-5023-9591-5cdd68bdd7c5"",""b9ac296e-4c6c-5cdc-9e03-14868c124af2"",""022ddff9-4332-5ba5-b884-42537f220a0c"",""0d262496-18e1-5973-84a6-84fbda64d0ff"",""447860c8-1d56-518b-88ad-7e103990b756"",""616ecfda-7163-5a8d-ba60-01f623d8b124"",""656bacfc-b102-5379-8db2-2f9f127621e0"",""88f2e658-6155-5924-bc85-63fe2aabb08a"",""9f032fb3-90ca-5749-aff5-1065077ac10e"",""4d2e4005-a84b-525b-a492-d367c5e405d0"",""12b20e20-e117-5c00-83bc-e589b92b730e"",""e97a5398-37b9-5e89-91a9-9b3ae48d9534"",""7a8f92c5-5f85-593a-bf90-08e13c60a2e6"",""aa66f5e3-ac0e-57d6-9b69-aa54ea7c4fb9"",""d07b7490-853e-562b-b662-305e89e7718d"",""596c0800-372d-5056-8a35-9f8661656bf4"",""d08816e6-d4d6-5f35-9de3-d86528fa7a96"",""2e126757-f17e-5ee2-93db-94d31ed944b2"",""5e1af4e2-330f-563f-b639-2d3cd8d276c8"",""49cd1889-2a56-5913-8723-929335f68874"",""82b898ba-3b6d-567f-8996-4f259b74547e"",""d38eb7d2-e78b-5c2f-93e4-2e34846e80e6"",""33effc64-dcfe-5ced-badf-c4df49f68dc1"",""a3a03b99-34c0-504b-b529-32b798db318a"",""8b3ec7b0-123f-5597-95f7-1fafc5810d01"",""035c5442-19b8-5a84-8a59-b352a9660279"",""d6d45010-72fa-5741-b733-88958a8795d2"",""ab8215e5-b753-5a6a-a4e7-ad9caf42eeac"",""1b20061c-b208-551a-b06c-81ffeff623fc"",""9b6d0913-2ae6-5dab-ab36-d05e1c51b208"",""a27c1fb2-edc1-57e6-9d74-adb5a13fed3b"",""4696448b-8c21-591b-80cc-7344ea0b95ec"",""c1d75a33-928c-5636-b99c-def1fb29e0f5"",""61eebfb6-2555-5bce-ba71-7a750427392a"",""aba074a1-d451-595d-bc12-e257adbe7383"",""1ca34094-ee4d-5962-a78a-174d361a9cd3"",""7edb0577-da07-5c6f-8391-bb90e9822165"",""d7c5d484-54dc-5d1e-a3ac-65d60267a12c"",""f416cc8b-3bc2-5c4c-a91c-c56faf748684""]",,b02c1665-5838-4104-a10d-1eeebc8296c7,False,,[],BF,M6-evaluator-v1,f8edaecf-8020-4564-bbf4-42b31ddc5d7a,aba074a1-d451-595d-bc12-e257adbe7383,True,44,,A,Native syntax/boot plus independent intact scaffold control,True,2026-10-07T22:00:40.335215Z,automatic,1,972066a9-40db-412d-b51a-dd1bcb10681b,a4f1303d-2680-4974-820d-f01bb33855e2,1,explicit per metric; exact fractions and decimal display,,M6-evaluator-v1,observed,binary,1,decimal,A
M7-analysis-v5,7753dd3d-102a-5383-af77-d7047c6a615f,5,2075b7d081c7ee47cdf4c8dab1d605e31fa4eb2e37c5f948e6510da97ad5a115,C-BF-0,M6-T5-50c4b9c6-350a-4dbc-884c-d906933f41f5,554931b5-bf64-4d48-8242-103bad868c5a,2075b7d081c7ee47cdf4c8dab1d605e31fa4eb2e37c5f948e6510da97ad5a115,80903e69-4fa3-41d3-a6a5-37a2ccd8a12c,8c6cccdc-37a3-46ac-82a5-a22d1d69000f,f8edaecf-8020-4564-bbf4-42b31ddc5d7a,2d9849af-4973-4fd8-a822-d8a60e17e5f5,81de6e6f-7d67-40af-b2be-f629e89085ed,completed,19fa6fbf4f554673689996213945dcaed831a9bf0fbdc6988698abb77fd647ee,90318496-3af4-49cd-a20d-b85db76e5a0a,K0,2026-10-07T22:00:40.344416Z,T5,dbb63e68d4ed9e904fa985aa5b88d674205b6caab086a8d981ac8918a9c68fb5,empirical,"[""4afc763c-033e-501c-9c9c-453207d31e62"",""1fed9611-d0cc-51e5-86e7-4ba237c836a2"",""0e4d4039-5409-5be7-a300-ded85e9c22d7"",""1c4afc6f-6679-57b7-ab6b-cec3053e85a1"",""76216ff6-0dab-5f43-913f-741c2deb7596"",""fe7c5fea-171a-5d3e-b93c-b9d53dca7c67"",""784c942d-b222-5013-a2e4-de4aa477a143"",""2f2d84f4-6f41-5df7-a828-cc0a3d9cdddf"",""c68f6332-f200-5595-940d-e5bcad78f1fe"",""54c3aba8-cb42-5023-9591-5cdd68bdd7c5"",""b9ac296e-4c6c-5cdc-9e03-14868c124af2"",""022ddff9-4332-5ba5-b884-42537f220a0c"",""0d262496-18e1-5973-84a6-84fbda64d0ff"",""447860c8-1d56-518b-88ad-7e103990b756"",""616ecfda-7163-5a8d-ba60-01f623d8b124"",""656bacfc-b102-5379-8db2-2f9f127621e0"",""88f2e658-6155-5924-bc85-63fe2aabb08a"",""9f032fb3-90ca-5749-aff5-1065077ac10e"",""4d2e4005-a84b-525b-a492-d367c5e405d0"",""12b20e20-e117-5c00-83bc-e589b92b730e"",""e97a5398-37b9-5e89-91a9-9b3ae48d9534"",""7a8f92c5-5f85-593a-bf90-08e13c60a2e6"",""aa66f5e3-ac0e-57d6-9b69-aa54ea7c4fb9"",""d07b7490-853e-562b-b662-305e89e7718d"",""596c0800-372d-5056-8a35-9f8661656bf4"",""d08816e6-d4d6-5f35-9de3-d86528fa7a96"",""2e126757-f17e-5ee2-93db-94d31ed944b2"",""5e1af4e2-330f-563f-b639-2d3cd8d276c8"",""49cd1889-2a56-5913-8723-929335f68874"",""82b898ba-3b6d-567f-8996-4f259b74547e"",""d38eb7d2-e78b-5c2f-93e4-2e34846e80e6"",""33effc64-dcfe-5ced-badf-c4df49f68dc1"",""a3a03b99-34c0-504b-b529-32b798db318a"",""8b3ec7b0-123f-5597-95f7-1fafc5810d01"",""035c5442-19b8-5a84-8a59-b352a9660279"",""d6d45010-72fa-5741-b733-88958a8795d2"",""ab8215e5-b753-5a6a-a4e7-ad9caf42eeac"",""1b20061c-b208-551a-b06c-81ffeff623fc"",""9b6d0913-2ae6-5dab-ab36-d05e1c51b208"",""a27c1fb2-edc1-57e6-9d74-adb5a13fed3b"",""4696448b-8c21-591b-80cc-7344ea0b95ec"",""c1d75a33-928c-5636-b99c-def1fb29e0f5"",""61eebfb6-2555-5bce-ba71-7a750427392a"",""aba074a1-d451-595d-bc12-e257adbe7383"",""1ca34094-ee4d-5962-a78a-174d361a9cd3"",""7edb0577-da07-5c6f-8391-bb90e9822165"",""d7c5d484-54dc-5d1e-a3ac-65d60267a12c"",""f416cc8b-3bc2-5c4c-a91c-c56faf748684""]",,70e175b1-0e86-4369-a3c1-5d1675b514e4,False,,[],BF,M6-evaluator-v1,f8edaecf-8020-4564-bbf4-42b31ddc5d7a,aba074a1-d451-595d-bc12-e257adbe7383,True,44,,A,Protected scaffold/allowlist and effective access routes against intact control; other semantic doubt stays open,True,2026-10-07T22:00:40.344407Z,automatic,1,972066a9-40db-412d-b51a-dd1bcb10681b,a4f1303d-2680-4974-820d-f01bb33855e2,1,explicit per metric; exact fractions and decimal display,,M6-evaluator-v1,observed,binary,1,decimal,A
M7-analysis-v5,7753dd3d-102a-5383-af77-d7047c6a615f,5,2d9681d9c609b4fa7b683579eeaccebb7a585916edbd34795f95dc2f16b47e4b,C-UP-0,HUMAN-REVIEW-1c7f50bc-db8f-4e42-b158-281852d42e66,de653b4b-73e4-46ab-8b8c-e65a0b93697b,2d9681d9c609b4fa7b683579eeaccebb7a585916edbd34795f95dc2f16b47e4b,79509eca-fb77-4867-8bad-f58e9318e6dc,8c6cccdc-37a3-46ac-82a5-a22d1d69000f,f8edaecf-8020-4564-bbf4-42b31ddc5d7a,2d9849af-4973-4fd8-a822-d8a60e17e5f5,81de6e6f-7d67-40af-b2be-f629e89085ed,completed,c9b1cb0ac1f796fd7d6ed58a0ff22c16832977bd6a97c5a7afbce6e1adc06824,bc62af86-8509-48fe-a3bb-42e1d77fa60f,K0,2026-10-07T22:27:26.428906Z,T3,dbb63e68d4ed9e904fa985aa5b88d674205b6caab086a8d981ac8918a9c68fb5,empirical,"[""4afc763c-033e-501c-9c9c-453207d31e62"",""1fed9611-d0cc-51e5-86e7-4ba237c836a2"",""0e4d4039-5409-5be7-a300-ded85e9c22d7"",""1c4afc6f-6679-57b7-ab6b-cec3053e85a1"",""76216ff6-0dab-5f43-913f-741c2deb7596"",""fe7c5fea-171a-5d3e-b93c-b9d53dca7c67"",""784c942d-b222-5013-a2e4-de4aa477a143"",""2f2d84f4-6f41-5df7-a828-cc0a3d9cdddf"",""c68f6332-f200-5595-940d-e5bcad78f1fe"",""54c3aba8-cb42-5023-9591-5cdd68bdd7c5"",""b9ac296e-4c6c-5cdc-9e03-14868c124af2"",""022ddff9-4332-5ba5-b884-42537f220a0c"",""0d262496-18e1-5973-84a6-84fbda64d0ff"",""447860c8-1d56-518b-88ad-7e103990b756"",""616ecfda-7163-5a8d-ba60-01f623d8b124"",""656bacfc-b102-5379-8db2-2f9f127621e0"",""88f2e658-6155-5924-bc85-63fe2aabb08a"",""9f032fb3-90ca-5749-aff5-1065077ac10e"",""4d2e4005-a84b-525b-a492-d367c5e405d0"",""12b20e20-e117-5c00-83bc-e589b92b730e"",""e97a5398-37b9-5e89-91a9-9b3ae48d9534"",""7a8f92c5-5f85-593a-bf90-08e13c60a2e6"",""aa66f5e3-ac0e-57d6-9b69-aa54ea7c4fb9"",""d07b7490-853e-562b-b662-305e89e7718d"",""596c0800-372d-5056-8a35-9f8661656bf4"",""d08816e6-d4d6-5f35-9de3-d86528fa7a96"",""2e126757-f17e-5ee2-93db-94d31ed944b2"",""5e1af4e2-330f-563f-b639-2d3cd8d276c8"",""49cd1889-2a56-5913-8723-929335f68874"",""82b898ba-3b6d-567f-8996-4f259b74547e"",""d38eb7d2-e78b-5c2f-93e4-2e34846e80e6"",""33effc64-dcfe-5ced-badf-c4df49f68dc1"",""a3a03b99-34c0-504b-b529-32b798db318a"",""8b3ec7b0-123f-5597-95f7-1fafc5810d01"",""035c5442-19b8-5a84-8a59-b352a9660279"",""d6d45010-72fa-5741-b733-88958a8795d2"",""ab8215e5-b753-5a6a-a4e7-ad9caf42eeac"",""1b20061c-b208-551a-b06c-81ffeff623fc"",""9b6d0913-2ae6-5dab-ab36-d05e1c51b208"",""a27c1fb2-edc1-57e6-9d74-adb5a13fed3b"",""4696448b-8c21-591b-80cc-7344ea0b95ec"",""c1d75a33-928c-5636-b99c-def1fb29e0f5"",""61eebfb6-2555-5bce-ba71-7a750427392a"",""aba074a1-d451-595d-bc12-e257adbe7383"",""1ca34094-ee4d-5962-a78a-174d361a9cd3"",""7edb0577-da07-5c6f-8391-bb90e9822165"",""d7c5d484-54dc-5d1e-a3ac-65d60267a12c"",""f416cc8b-3bc2-5c4c-a91c-c56faf748684""]",resources/views/study/upload.blade.php,4b32b5cb-40dd-42c9-b31b-3992f983528c,False,11-23,[],UP,Noah Fiedler,f8edaecf-8020-4564-bbf4-42b31ddc5d7a,1ca34094-ee4d-5962-a78a-174d361a9cd3,True,45,e68aa096-3d23-4929-b6e1-3f8571e7d967,A,"Die Controller-Methode page erzeugt sämtliche Antworten mit der Blade-View study.upload. Die View enthält ein POST-Multipart-Formular mit CSRF-Token und Datei-Input sowie die Ergebniszweige für Status, Erfolgspfad und Fehlerstatus.",True,2026-10-07T22:27:26.428899Z,human,2,972066a9-40db-412d-b51a-dd1bcb10681b,6bbe94d3-45b9-4203-be9d-d1c1c93b2869,1,explicit per metric; exact fractions and decimal display,,Menschliche lokale Selbstauskunft,observed,binary,1,decimal,A
M7-analysis-v5,7753dd3d-102a-5383-af77-d7047c6a615f,5,2d9681d9c609b4fa7b683579eeaccebb7a585916edbd34795f95dc2f16b47e4b,C-UP-0,HUMAN-REVIEW-ddec951f-5352-4a18-9efd-b9dfa62ed895,048e2efe-6167-4e67-889c-54fcd7cc1cb9,2d9681d9c609b4fa7b683579eeaccebb7a585916edbd34795f95dc2f16b47e4b,79509eca-fb77-4867-8bad-f58e9318e6dc,8c6cccdc-37a3-46ac-82a5-a22d1d69000f,f8edaecf-8020-4564-bbf4-42b31ddc5d7a,2d9849af-4973-4fd8-a822-d8a60e17e5f5,81de6e6f-7d67-40af-b2be-f629e89085ed,completed,c9b1cb0ac1f796fd7d6ed58a0ff22c16832977bd6a97c5a7afbce6e1adc06824,bc62af86-8509-48fe-a3bb-42e1d77fa60f,K0,2026-10-07T22:27:55.333279Z,T4,dbb63e68d4ed9e904fa985aa5b88d674205b6caab086a8d981ac8918a9c68fb5,empirical,"[""4afc763c-033e-501c-9c9c-453207d31e62"",""1fed9611-d0cc-51e5-86e7-4ba237c836a2"",""0e4d4039-5409-5be7-a300-ded85e9c22d7"",""1c4afc6f-6679-57b7-ab6b-cec3053e85a1"",""76216ff6-0dab-5f43-913f-741c2deb7596"",""fe7c5fea-171a-5d3e-b93c-b9d53dca7c67"",""784c942d-b222-5013-a2e4-de4aa477a143"",""2f2d84f4-6f41-5df7-a828-cc0a3d9cdddf"",""c68f6332-f200-5595-940d-e5bcad78f1fe"",""54c3aba8-cb42-5023-9591-5cdd68bdd7c5"",""b9ac296e-4c6c-5cdc-9e03-14868c124af2"",""022ddff9-4332-5ba5-b884-42537f220a0c"",""0d262496-18e1-5973-84a6-84fbda64d0ff"",""447860c8-1d56-518b-88ad-7e103990b756"",""616ecfda-7163-5a8d-ba60-01f623d8b124"",""656bacfc-b102-5379-8db2-2f9f127621e0"",""88f2e658-6155-5924-bc85-63fe2aabb08a"",""9f032fb3-90ca-5749-aff5-1065077ac10e"",""4d2e4005-a84b-525b-a492-d367c5e405d0"",""12b20e20-e117-5c00-83bc-e589b92b730e"",""e97a5398-37b9-5e89-91a9-9b3ae48d9534"",""7a8f92c5-5f85-593a-bf90-08e13c60a2e6"",""aa66f5e3-ac0e-57d6-9b69-aa54ea7c4fb9"",""d07b7490-853e-562b-b662-305e89e7718d"",""596c0800-372d-5056-8a35-9f8661656bf4"",""d08816e6-d4d6-5f35-9de3-d86528fa7a96"",""2e126757-f17e-5ee2-93db-94d31ed944b2"",""5e1af4e2-330f-563f-b639-2d3cd8d276c8"",""49cd1889-2a56-5913-8723-929335f68874"",""82b898ba-3b6d-567f-8996-4f259b74547e"",""d38eb7d2-e78b-5c2f-93e4-2e34846e80e6"",""33effc64-dcfe-5ced-badf-c4df49f68dc1"",""a3a03b99-34c0-504b-b529-32b798db318a"",""8b3ec7b0-123f-5597-95f7-1fafc5810d01"",""035c5442-19b8-5a84-8a59-b352a9660279"",""d6d45010-72fa-5741-b733-88958a8795d2"",""ab8215e5-b753-5a6a-a4e7-ad9caf42eeac"",""1b20061c-b208-551a-b06c-81ffeff623fc"",""9b6d0913-2ae6-5dab-ab36-d05e1c51b208"",""a27c1fb2-edc1-57e6-9d74-adb5a13fed3b"",""4696448b-8c21-591b-80cc-7344ea0b95ec"",""c1d75a33-928c-5636-b99c-def1fb29e0f5"",""61eebfb6-2555-5bce-ba71-7a750427392a"",""aba074a1-d451-595d-bc12-e257adbe7383"",""1ca34094-ee4d-5962-a78a-174d361a9cd3"",""7edb0577-da07-5c6f-8391-bb90e9822165"",""d7c5d484-54dc-5d1e-a3ac-65d60267a12c"",""f416cc8b-3bc2-5c4c-a91c-c56faf748684""]",app/Http/Controllers/Study/UploadController.php,88ce63a5-1769-4e96-88eb-7ca8aea5f92c,False,42-68,"[""5385efc0-8209-41ae-b33b-3e34a0df820e""]",UP,Noah Fiedler,f8edaecf-8020-4564-bbf4-42b31ddc5d7a,1ca34094-ee4d-5962-a78a-174d361a9cd3,True,45,7660f4d6-3a54-4fc4-9112-76375c8725d4,A,"Der Code spricht deutlich für eine korrekte Umsetzung: Die Datei wird mittels $request->file('uploaded') übernommen, über Storage::disk('study_uploads') mit putFileAs geschrieben und anschließend durch Größen- und SHA-256-Vergleich gegen die gespeicherten Bytes geprüft. Die Disk verweist auf storage/app/study/uploads; der rückgemeldete Pfad lautet study/uploads/<Dateiname>.",True,2026-10-07T22:27:55.333273Z,human,2,972066a9-40db-412d-b51a-dd1bcb10681b,6bbe94d3-45b9-4203-be9d-d1c1c93b2869,1,explicit per metric; exact fractions and decimal display,,Menschliche lokale Selbstauskunft,observed,binary,1,decimal,A
M7-analysis-v5,7753dd3d-102a-5383-af77-d7047c6a615f,5,2d9681d9c609b4fa7b683579eeaccebb7a585916edbd34795f95dc2f16b47e4b,C-UP-0,HUMAN-REVIEW-eb2dcabd-720c-4d66-bbec-7dc574e9576f,048e2efe-6167-4e67-889c-54fcd7cc1cb9,2d9681d9c609b4fa7b683579eeaccebb7a585916edbd34795f95dc2f16b47e4b,79509eca-fb77-4867-8bad-f58e9318e6dc,8c6cccdc-37a3-46ac-82a5-a22d1d69000f,f8edaecf-8020-4564-bbf4-42b31ddc5d7a,2d9849af-4973-4fd8-a822-d8a60e17e5f5,81de6e6f-7d67-40af-b2be-f629e89085ed,completed,c9b1cb0ac1f796fd7d6ed58a0ff22c16832977bd6a97c5a7afbce6e1adc06824,bc62af86-8509-48fe-a3bb-42e1d77fa60f,K0,2026-10-07T22:27:07.219816Z,T2,dbb63e68d4ed9e904fa985aa5b88d674205b6caab086a8d981ac8918a9c68fb5,empirical,"[""4afc763c-033e-501c-9c9c-453207d31e62"",""1fed9611-d0cc-51e5-86e7-4ba237c836a2"",""0e4d4039-5409-5be7-a300-ded85e9c22d7"",""1c4afc6f-6679-57b7-ab6b-cec3053e85a1"",""76216ff6-0dab-5f43-913f-741c2deb7596"",""fe7c5fea-171a-5d3e-b93c-b9d53dca7c67"",""784c942d-b222-5013-a2e4-de4aa477a143"",""2f2d84f4-6f41-5df7-a828-cc0a3d9cdddf"",""c68f6332-f200-5595-940d-e5bcad78f1fe"",""54c3aba8-cb42-5023-9591-5cdd68bdd7c5"",""b9ac296e-4c6c-5cdc-9e03-14868c124af2"",""022ddff9-4332-5ba5-b884-42537f220a0c"",""0d262496-18e1-5973-84a6-84fbda64d0ff"",""447860c8-1d56-518b-88ad-7e103990b756"",""616ecfda-7163-5a8d-ba60-01f623d8b124"",""656bacfc-b102-5379-8db2-2f9f127621e0"",""88f2e658-6155-5924-bc85-63fe2aabb08a"",""9f032fb3-90ca-5749-aff5-1065077ac10e"",""4d2e4005-a84b-525b-a492-d367c5e405d0"",""12b20e20-e117-5c00-83bc-e589b92b730e"",""e97a5398-37b9-5e89-91a9-9b3ae48d9534"",""7a8f92c5-5f85-593a-bf90-08e13c60a2e6"",""aa66f5e3-ac0e-57d6-9b69-aa54ea7c4fb9"",""d07b7490-853e-562b-b662-305e89e7718d"",""596c0800-372d-5056-8a35-9f8661656bf4"",""d08816e6-d4d6-5f35-9de3-d86528fa7a96"",""2e126757-f17e-5ee2-93db-94d31ed944b2"",""5e1af4e2-330f-563f-b639-2d3cd8d276c8"",""49cd1889-2a56-5913-8723-929335f68874"",""82b898ba-3b6d-567f-8996-4f259b74547e"",""d38eb7d2-e78b-5c2f-93e4-2e34846e80e6"",""33effc64-dcfe-5ced-badf-c4df49f68dc1"",""a3a03b99-34c0-504b-b529-32b798db318a"",""8b3ec7b0-123f-5597-95f7-1fafc5810d01"",""035c5442-19b8-5a84-8a59-b352a9660279"",""d6d45010-72fa-5741-b733-88958a8795d2"",""ab8215e5-b753-5a6a-a4e7-ad9caf42eeac"",""1b20061c-b208-551a-b06c-81ffeff623fc"",""9b6d0913-2ae6-5dab-ab36-d05e1c51b208"",""a27c1fb2-edc1-57e6-9d74-adb5a13fed3b"",""4696448b-8c21-591b-80cc-7344ea0b95ec"",""c1d75a33-928c-5636-b99c-def1fb29e0f5"",""61eebfb6-2555-5bce-ba71-7a750427392a"",""aba074a1-d451-595d-bc12-e257adbe7383"",""1ca34094-ee4d-5962-a78a-174d361a9cd3"",""7edb0577-da07-5c6f-8391-bb90e9822165"",""d7c5d484-54dc-5d1e-a3ac-65d60267a12c"",""f416cc8b-3bc2-5c4c-a91c-c56faf748684""]",app/Http/Controllers/Study/UploadController.php,d278f69b-c384-4329-bafb-a08aa673a816,False,19-84,[],UP,Noah Fiedler,f8edaecf-8020-4564-bbf4-42b31ddc5d7a,1ca34094-ee4d-5962-a78a-174d361a9cd3,True,45,b7514b9a-9d82-4ecc-8398-30605a12060c,A,"GET /study/upload und POST /study/upload sind den Methoden show bzw. store des UploadController zugeordnet. store liest die hochgeladene Datei über den Laravel-Request, prüft sie und führt die Speicherung aus; es ist keine Legacy-Skript-Einbindung erkennbar.",True,2026-10-07T22:27:07.219809Z,human,2,972066a9-40db-412d-b51a-dd1bcb10681b,6bbe94d3-45b9-4203-be9d-d1c1c93b2869,1,explicit per metric; exact fractions and decimal display,,Menschliche lokale Selbstauskunft,observed,binary,1,decimal,A
M7-analysis-v5,7753dd3d-102a-5383-af77-d7047c6a615f,5,2d9681d9c609b4fa7b683579eeaccebb7a585916edbd34795f95dc2f16b47e4b,C-UP-0,M6-T1-73da25f3-6beb-45e2-97cf-1d7e074d48f9,6e5ff4ff-a6e0-457a-b65f-ea632ab8e8d7,2d9681d9c609b4fa7b683579eeaccebb7a585916edbd34795f95dc2f16b47e4b,79509eca-fb77-4867-8bad-f58e9318e6dc,8c6cccdc-37a3-46ac-82a5-a22d1d69000f,f8edaecf-8020-4564-bbf4-42b31ddc5d7a,2d9849af-4973-4fd8-a822-d8a60e17e5f5,81de6e6f-7d67-40af-b2be-f629e89085ed,completed,c9b1cb0ac1f796fd7d6ed58a0ff22c16832977bd6a97c5a7afbce6e1adc06824,bc62af86-8509-48fe-a3bb-42e1d77fa60f,K0,2026-10-07T22:22:47.319105Z,T1,dbb63e68d4ed9e904fa985aa5b88d674205b6caab086a8d981ac8918a9c68fb5,empirical,"[""4afc763c-033e-501c-9c9c-453207d31e62"",""1fed9611-d0cc-51e5-86e7-4ba237c836a2"",""0e4d4039-5409-5be7-a300-ded85e9c22d7"",""1c4afc6f-6679-57b7-ab6b-cec3053e85a1"",""76216ff6-0dab-5f43-913f-741c2deb7596"",""fe7c5fea-171a-5d3e-b93c-b9d53dca7c67"",""784c942d-b222-5013-a2e4-de4aa477a143"",""2f2d84f4-6f41-5df7-a828-cc0a3d9cdddf"",""c68f6332-f200-5595-940d-e5bcad78f1fe"",""54c3aba8-cb42-5023-9591-5cdd68bdd7c5"",""b9ac296e-4c6c-5cdc-9e03-14868c124af2"",""022ddff9-4332-5ba5-b884-42537f220a0c"",""0d262496-18e1-5973-84a6-84fbda64d0ff"",""447860c8-1d56-518b-88ad-7e103990b756"",""616ecfda-7163-5a8d-ba60-01f623d8b124"",""656bacfc-b102-5379-8db2-2f9f127621e0"",""88f2e658-6155-5924-bc85-63fe2aabb08a"",""9f032fb3-90ca-5749-aff5-1065077ac10e"",""4d2e4005-a84b-525b-a492-d367c5e405d0"",""12b20e20-e117-5c00-83bc-e589b92b730e"",""e97a5398-37b9-5e89-91a9-9b3ae48d9534"",""7a8f92c5-5f85-593a-bf90-08e13c60a2e6"",""aa66f5e3-ac0e-57d6-9b69-aa54ea7c4fb9"",""d07b7490-853e-562b-b662-305e89e7718d"",""596c0800-372d-5056-8a35-9f8661656bf4"",""d08816e6-d4d6-5f35-9de3-d86528fa7a96"",""2e126757-f17e-5ee2-93db-94d31ed944b2"",""5e1af4e2-330f-563f-b639-2d3cd8d276c8"",""49cd1889-2a56-5913-8723-929335f68874"",""82b898ba-3b6d-567f-8996-4f259b74547e"",""d38eb7d2-e78b-5c2f-93e4-2e34846e80e6"",""33effc64-dcfe-5ced-badf-c4df49f68dc1"",""a3a03b99-34c0-504b-b529-32b798db318a"",""8b3ec7b0-123f-5597-95f7-1fafc5810d01"",""035c5442-19b8-5a84-8a59-b352a9660279"",""d6d45010-72fa-5741-b733-88958a8795d2"",""ab8215e5-b753-5a6a-a4e7-ad9caf42eeac"",""1b20061c-b208-551a-b06c-81ffeff623fc"",""9b6d0913-2ae6-5dab-ab36-d05e1c51b208"",""a27c1fb2-edc1-57e6-9d74-adb5a13fed3b"",""4696448b-8c21-591b-80cc-7344ea0b95ec"",""c1d75a33-928c-5636-b99c-def1fb29e0f5"",""61eebfb6-2555-5bce-ba71-7a750427392a"",""aba074a1-d451-595d-bc12-e257adbe7383"",""1ca34094-ee4d-5962-a78a-174d361a9cd3"",""7edb0577-da07-5c6f-8391-bb90e9822165"",""d7c5d484-54dc-5d1e-a3ac-65d60267a12c"",""f416cc8b-3bc2-5c4c-a91c-c56faf748684""]",,4ce891a2-a7e4-414f-903d-f0b13b05b138,False,,[],UP,M6-evaluator-v1,f8edaecf-8020-4564-bbf4-42b31ddc5d7a,1ca34094-ee4d-5962-a78a-174d361a9cd3,True,45,,A,Native syntax/boot plus independent intact scaffold control,True,2026-10-07T22:22:47.319088Z,automatic,1,972066a9-40db-412d-b51a-dd1bcb10681b,6bbe94d3-45b9-4203-be9d-d1c1c93b2869,1,explicit per metric; exact fractions and decimal display,,M6-evaluator-v1,observed,binary,1,decimal,A
M7-analysis-v5,7753dd3d-102a-5383-af77-d7047c6a615f,5,2d9681d9c609b4fa7b683579eeaccebb7a585916edbd34795f95dc2f16b47e4b,C-UP-0,M6-T5-c3161dd0-ccd9-425e-b0c0-7e9d3aa4ec35,f143db37-e5ec-43c4-b7df-eb73edce9cc1,2d9681d9c609b4fa7b683579eeaccebb7a585916edbd34795f95dc2f16b47e4b,79509eca-fb77-4867-8bad-f58e9318e6dc,8c6cccdc-37a3-46ac-82a5-a22d1d69000f,f8edaecf-8020-4564-bbf4-42b31ddc5d7a,2d9849af-4973-4fd8-a822-d8a60e17e5f5,81de6e6f-7d67-40af-b2be-f629e89085ed,completed,c9b1cb0ac1f796fd7d6ed58a0ff22c16832977bd6a97c5a7afbce6e1adc06824,bc62af86-8509-48fe-a3bb-42e1d77fa60f,K0,2026-10-07T22:22:47.326323Z,T5,dbb63e68d4ed9e904fa985aa5b88d674205b6caab086a8d981ac8918a9c68fb5,empirical,"[""4afc763c-033e-501c-9c9c-453207d31e62"",""1fed9611-d0cc-51e5-86e7-4ba237c836a2"",""0e4d4039-5409-5be7-a300-ded85e9c22d7"",""1c4afc6f-6679-57b7-ab6b-cec3053e85a1"",""76216ff6-0dab-5f43-913f-741c2deb7596"",""fe7c5fea-171a-5d3e-b93c-b9d53dca7c67"",""784c942d-b222-5013-a2e4-de4aa477a143"",""2f2d84f4-6f41-5df7-a828-cc0a3d9cdddf"",""c68f6332-f200-5595-940d-e5bcad78f1fe"",""54c3aba8-cb42-5023-9591-5cdd68bdd7c5"",""b9ac296e-4c6c-5cdc-9e03-14868c124af2"",""022ddff9-4332-5ba5-b884-42537f220a0c"",""0d262496-18e1-5973-84a6-84fbda64d0ff"",""447860c8-1d56-518b-88ad-7e103990b756"",""616ecfda-7163-5a8d-ba60-01f623d8b124"",""656bacfc-b102-5379-8db2-2f9f127621e0"",""88f2e658-6155-5924-bc85-63fe2aabb08a"",""9f032fb3-90ca-5749-aff5-1065077ac10e"",""4d2e4005-a84b-525b-a492-d367c5e405d0"",""12b20e20-e117-5c00-83bc-e589b92b730e"",""e97a5398-37b9-5e89-91a9-9b3ae48d9534"",""7a8f92c5-5f85-593a-bf90-08e13c60a2e6"",""aa66f5e3-ac0e-57d6-9b69-aa54ea7c4fb9"",""d07b7490-853e-562b-b662-305e89e7718d"",""596c0800-372d-5056-8a35-9f8661656bf4"",""d08816e6-d4d6-5f35-9de3-d86528fa7a96"",""2e126757-f17e-5ee2-93db-94d31ed944b2"",""5e1af4e2-330f-563f-b639-2d3cd8d276c8"",""49cd1889-2a56-5913-8723-929335f68874"",""82b898ba-3b6d-567f-8996-4f259b74547e"",""d38eb7d2-e78b-5c2f-93e4-2e34846e80e6"",""33effc64-dcfe-5ced-badf-c4df49f68dc1"",""a3a03b99-34c0-504b-b529-32b798db318a"",""8b3ec7b0-123f-5597-95f7-1fafc5810d01"",""035c5442-19b8-5a84-8a59-b352a9660279"",""d6d45010-72fa-5741-b733-88958a8795d2"",""ab8215e5-b753-5a6a-a4e7-ad9caf42eeac"",""1b20061c-b208-551a-b06c-81ffeff623fc"",""9b6d0913-2ae6-5dab-ab36-d05e1c51b208"",""a27c1fb2-edc1-57e6-9d74-adb5a13fed3b"",""4696448b-8c21-591b-80cc-7344ea0b95ec"",""c1d75a33-928c-5636-b99c-def1fb29e0f5"",""61eebfb6-2555-5bce-ba71-7a750427392a"",""aba074a1-d451-595d-bc12-e257adbe7383"",""1ca34094-ee4d-5962-a78a-174d361a9cd3"",""7edb0577-da07-5c6f-8391-bb90e9822165"",""d7c5d484-54dc-5d1e-a3ac-65d60267a12c"",""f416cc8b-3bc2-5c4c-a91c-c56faf748684""]",,1ca67f69-b399-4afa-9a0e-148c20cde77f,False,,[],UP,M6-evaluator-v1,f8edaecf-8020-4564-bbf4-42b31ddc5d7a,1ca34094-ee4d-5962-a78a-174d361a9cd3,True,45,,A,Protected scaffold/allowlist and effective access routes against intact control; other semantic doubt stays open,True,2026-10-07T22:22:47.326315Z,automatic,1,972066a9-40db-412d-b51a-dd1bcb10681b,6bbe94d3-45b9-4203-be9d-d1c1c93b2869,1,explicit per metric; exact fractions and decimal display,,M6-evaluator-v1,observed,binary,1,decimal,A
M7-analysis-v5,7753dd3d-102a-5383-af77-d7047c6a615f,5,e69a389b85bb3f5d5e8e0358da9e10571b709538eded76ca43c8eb44718fff38,C-BF-1,HUMAN-REVIEW-52bf80b8-62b4-4b67-8c77-50265138add4,d1523c3d-55b7-4430-b5e2-4606e9c3ac45,e69a389b85bb3f5d5e8e0358da9e10571b709538eded76ca43c8eb44718fff38,7480b100-1434-4688-9467-9cc2703d95fc,8c6cccdc-37a3-46ac-82a5-a22d1d69000f,f8edaecf-8020-4564-bbf4-42b31ddc5d7a,2d9849af-4973-4fd8-a822-d8a60e17e5f5,81de6e6f-7d67-40af-b2be-f629e89085ed,completed,202e1e0a33d9d0d7b92585572740cd6b1ca70f7699cac883e8579e11bac45057,651e080b-10b7-40ff-9204-1dd148ce6638,K1,2026-10-08T00:38:16.113551Z,T3,dbb63e68d4ed9e904fa985aa5b88d674205b6caab086a8d981ac8918a9c68fb5,empirical,"[""4afc763c-033e-501c-9c9c-453207d31e62"",""1fed9611-d0cc-51e5-86e7-4ba237c836a2"",""0e4d4039-5409-5be7-a300-ded85e9c22d7"",""1c4afc6f-6679-57b7-ab6b-cec3053e85a1"",""76216ff6-0dab-5f43-913f-741c2deb7596"",""fe7c5fea-171a-5d3e-b93c-b9d53dca7c67"",""784c942d-b222-5013-a2e4-de4aa477a143"",""2f2d84f4-6f41-5df7-a828-cc0a3d9cdddf"",""c68f6332-f200-5595-940d-e5bcad78f1fe"",""54c3aba8-cb42-5023-9591-5cdd68bdd7c5"",""b9ac296e-4c6c-5cdc-9e03-14868c124af2"",""022ddff9-4332-5ba5-b884-42537f220a0c"",""0d262496-18e1-5973-84a6-84fbda64d0ff"",""447860c8-1d56-518b-88ad-7e103990b756"",""616ecfda-7163-5a8d-ba60-01f623d8b124"",""656bacfc-b102-5379-8db2-2f9f127621e0"",""88f2e658-6155-5924-bc85-63fe2aabb08a"",""9f032fb3-90ca-5749-aff5-1065077ac10e"",""4d2e4005-a84b-525b-a492-d367c5e405d0"",""12b20e20-e117-5c00-83bc-e589b92b730e"",""e97a5398-37b9-5e89-91a9-9b3ae48d9534"",""7a8f92c5-5f85-593a-bf90-08e13c60a2e6"",""aa66f5e3-ac0e-57d6-9b69-aa54ea7c4fb9"",""d07b7490-853e-562b-b662-305e89e7718d"",""596c0800-372d-5056-8a35-9f8661656bf4"",""d08816e6-d4d6-5f35-9de3-d86528fa7a96"",""2e126757-f17e-5ee2-93db-94d31ed944b2"",""5e1af4e2-330f-563f-b639-2d3cd8d276c8"",""49cd1889-2a56-5913-8723-929335f68874"",""82b898ba-3b6d-567f-8996-4f259b74547e"",""d38eb7d2-e78b-5c2f-93e4-2e34846e80e6"",""33effc64-dcfe-5ced-badf-c4df49f68dc1"",""a3a03b99-34c0-504b-b529-32b798db318a"",""8b3ec7b0-123f-5597-95f7-1fafc5810d01"",""035c5442-19b8-5a84-8a59-b352a9660279"",""d6d45010-72fa-5741-b733-88958a8795d2"",""ab8215e5-b753-5a6a-a4e7-ad9caf42eeac"",""1b20061c-b208-551a-b06c-81ffeff623fc"",""9b6d0913-2ae6-5dab-ab36-d05e1c51b208"",""a27c1fb2-edc1-57e6-9d74-adb5a13fed3b"",""4696448b-8c21-591b-80cc-7344ea0b95ec"",""c1d75a33-928c-5636-b99c-def1fb29e0f5"",""61eebfb6-2555-5bce-ba71-7a750427392a"",""aba074a1-d451-595d-bc12-e257adbe7383"",""1ca34094-ee4d-5962-a78a-174d361a9cd3"",""7edb0577-da07-5c6f-8391-bb90e9822165"",""d7c5d484-54dc-5d1e-a3ac-65d60267a12c"",""f416cc8b-3bc2-5c4c-a91c-c56faf748684""]",resources/views/study/brute.blade.php,f71b5464-be9e-43fe-8bf5-be4107298718,False,8-23,[],BF,Noah Fiedler,f8edaecf-8020-4564-bbf4-42b31ddc5d7a,7edb0577-da07-5c6f-8391-bb90e9822165,True,46,2c883baf-f011-4d06-a9b5-4043bccb48a3,A,Der Controller rendert in allen Antwortzweigen study.brute und übergibt Status sowie Avatar. Die Blade-View enthält das GET-Formular mit dem Aktionsfeld Login und zeigt Statuswerte sowie bei SUCCESS den Avatar an. Damit entstehen Formular und Ergebnisdarstellung über Blade.,True,2026-10-08T00:38:16.113544Z,human,2,972066a9-40db-412d-b51a-dd1bcb10681b,65ab8c0f-8e90-4b88-8520-97b2399c3ba2,1,explicit per metric; exact fractions and decimal display,,Menschliche lokale Selbstauskunft,observed,binary,1,decimal,A
M7-analysis-v5,7753dd3d-102a-5383-af77-d7047c6a615f,5,e69a389b85bb3f5d5e8e0358da9e10571b709538eded76ca43c8eb44718fff38,C-BF-1,HUMAN-REVIEW-902d28cc-d2e8-4633-8c5e-c81ca453e3d3,59644a24-78d2-413a-8fca-f7ceb4436b80,e69a389b85bb3f5d5e8e0358da9e10571b709538eded76ca43c8eb44718fff38,7480b100-1434-4688-9467-9cc2703d95fc,8c6cccdc-37a3-46ac-82a5-a22d1d69000f,f8edaecf-8020-4564-bbf4-42b31ddc5d7a,2d9849af-4973-4fd8-a822-d8a60e17e5f5,81de6e6f-7d67-40af-b2be-f629e89085ed,completed,202e1e0a33d9d0d7b92585572740cd6b1ca70f7699cac883e8579e11bac45057,651e080b-10b7-40ff-9204-1dd148ce6638,K1,2026-10-08T00:39:24.973620Z,T4,dbb63e68d4ed9e904fa985aa5b88d674205b6caab086a8d981ac8918a9c68fb5,empirical,"[""4afc763c-033e-501c-9c9c-453207d31e62"",""1fed9611-d0cc-51e5-86e7-4ba237c836a2"",""0e4d4039-5409-5be7-a300-ded85e9c22d7"",""1c4afc6f-6679-57b7-ab6b-cec3053e85a1"",""76216ff6-0dab-5f43-913f-741c2deb7596"",""fe7c5fea-171a-5d3e-b93c-b9d53dca7c67"",""784c942d-b222-5013-a2e4-de4aa477a143"",""2f2d84f4-6f41-5df7-a828-cc0a3d9cdddf"",""c68f6332-f200-5595-940d-e5bcad78f1fe"",""54c3aba8-cb42-5023-9591-5cdd68bdd7c5"",""b9ac296e-4c6c-5cdc-9e03-14868c124af2"",""022ddff9-4332-5ba5-b884-42537f220a0c"",""0d262496-18e1-5973-84a6-84fbda64d0ff"",""447860c8-1d56-518b-88ad-7e103990b756"",""616ecfda-7163-5a8d-ba60-01f623d8b124"",""656bacfc-b102-5379-8db2-2f9f127621e0"",""88f2e658-6155-5924-bc85-63fe2aabb08a"",""9f032fb3-90ca-5749-aff5-1065077ac10e"",""4d2e4005-a84b-525b-a492-d367c5e405d0"",""12b20e20-e117-5c00-83bc-e589b92b730e"",""e97a5398-37b9-5e89-91a9-9b3ae48d9534"",""7a8f92c5-5f85-593a-bf90-08e13c60a2e6"",""aa66f5e3-ac0e-57d6-9b69-aa54ea7c4fb9"",""d07b7490-853e-562b-b662-305e89e7718d"",""596c0800-372d-5056-8a35-9f8661656bf4"",""d08816e6-d4d6-5f35-9de3-d86528fa7a96"",""2e126757-f17e-5ee2-93db-94d31ed944b2"",""5e1af4e2-330f-563f-b639-2d3cd8d276c8"",""49cd1889-2a56-5913-8723-929335f68874"",""82b898ba-3b6d-567f-8996-4f259b74547e"",""d38eb7d2-e78b-5c2f-93e4-2e34846e80e6"",""33effc64-dcfe-5ced-badf-c4df49f68dc1"",""a3a03b99-34c0-504b-b529-32b798db318a"",""8b3ec7b0-123f-5597-95f7-1fafc5810d01"",""035c5442-19b8-5a84-8a59-b352a9660279"",""d6d45010-72fa-5741-b733-88958a8795d2"",""ab8215e5-b753-5a6a-a4e7-ad9caf42eeac"",""1b20061c-b208-551a-b06c-81ffeff623fc"",""9b6d0913-2ae6-5dab-ab36-d05e1c51b208"",""a27c1fb2-edc1-57e6-9d74-adb5a13fed3b"",""4696448b-8c21-591b-80cc-7344ea0b95ec"",""c1d75a33-928c-5636-b99c-def1fb29e0f5"",""61eebfb6-2555-5bce-ba71-7a750427392a"",""aba074a1-d451-595d-bc12-e257adbe7383"",""1ca34094-ee4d-5962-a78a-174d361a9cd3"",""7edb0577-da07-5c6f-8391-bb90e9822165"",""d7c5d484-54dc-5d1e-a3ac-65d60267a12c"",""f416cc8b-3bc2-5c4c-a91c-c56faf748684""]",app/Http/Controllers/Study/BruteForceController.php,ab5b34f3-9400-4865-9fe1-f50262a66a92,False,49-58,"[""649c45f7-6c19-4a61-a568-1e38b0bcab8b""]",BF,Noah Fiedler,f8edaecf-8020-4564-bbf4-42b31ddc5d7a,7edb0577-da07-5c6f-8391-bb90e9822165,True,46,a3a76976-4703-4477-b2b0-70fd03f6cf57,A,"Der Code verwendet eindeutig Laravels Query Builder über DB::connection('mysql')->table('users'), liest das Feld avatar aus dem gefundenen Datensatz und gibt es bei erfolgreicher Passwortprüfung an die Blade-View weiter. Die Konfiguration enthält die passende MySQL-Verbindung; die Fixtures enthalten unterschiedliche Benutzer und Avatarwerte.",True,2026-10-08T00:39:24.973613Z,human,2,972066a9-40db-412d-b51a-dd1bcb10681b,65ab8c0f-8e90-4b88-8520-97b2399c3ba2,1,explicit per metric; exact fractions and decimal display,,Menschliche lokale Selbstauskunft,observed,binary,1,decimal,A
M7-analysis-v5,7753dd3d-102a-5383-af77-d7047c6a615f,5,e69a389b85bb3f5d5e8e0358da9e10571b709538eded76ca43c8eb44718fff38,C-BF-1,HUMAN-REVIEW-ff9c8944-6b1a-4ad3-b287-cb568292af69,59644a24-78d2-413a-8fca-f7ceb4436b80,e69a389b85bb3f5d5e8e0358da9e10571b709538eded76ca43c8eb44718fff38,7480b100-1434-4688-9467-9cc2703d95fc,8c6cccdc-37a3-46ac-82a5-a22d1d69000f,f8edaecf-8020-4564-bbf4-42b31ddc5d7a,2d9849af-4973-4fd8-a822-d8a60e17e5f5,81de6e6f-7d67-40af-b2be-f629e89085ed,completed,202e1e0a33d9d0d7b92585572740cd6b1ca70f7699cac883e8579e11bac45057,651e080b-10b7-40ff-9204-1dd148ce6638,K1,2026-10-08T00:37:52.493404Z,T2,dbb63e68d4ed9e904fa985aa5b88d674205b6caab086a8d981ac8918a9c68fb5,empirical,"[""4afc763c-033e-501c-9c9c-453207d31e62"",""1fed9611-d0cc-51e5-86e7-4ba237c836a2"",""0e4d4039-5409-5be7-a300-ded85e9c22d7"",""1c4afc6f-6679-57b7-ab6b-cec3053e85a1"",""76216ff6-0dab-5f43-913f-741c2deb7596"",""fe7c5fea-171a-5d3e-b93c-b9d53dca7c67"",""784c942d-b222-5013-a2e4-de4aa477a143"",""2f2d84f4-6f41-5df7-a828-cc0a3d9cdddf"",""c68f6332-f200-5595-940d-e5bcad78f1fe"",""54c3aba8-cb42-5023-9591-5cdd68bdd7c5"",""b9ac296e-4c6c-5cdc-9e03-14868c124af2"",""022ddff9-4332-5ba5-b884-42537f220a0c"",""0d262496-18e1-5973-84a6-84fbda64d0ff"",""447860c8-1d56-518b-88ad-7e103990b756"",""616ecfda-7163-5a8d-ba60-01f623d8b124"",""656bacfc-b102-5379-8db2-2f9f127621e0"",""88f2e658-6155-5924-bc85-63fe2aabb08a"",""9f032fb3-90ca-5749-aff5-1065077ac10e"",""4d2e4005-a84b-525b-a492-d367c5e405d0"",""12b20e20-e117-5c00-83bc-e589b92b730e"",""e97a5398-37b9-5e89-91a9-9b3ae48d9534"",""7a8f92c5-5f85-593a-bf90-08e13c60a2e6"",""aa66f5e3-ac0e-57d6-9b69-aa54ea7c4fb9"",""d07b7490-853e-562b-b662-305e89e7718d"",""596c0800-372d-5056-8a35-9f8661656bf4"",""d08816e6-d4d6-5f35-9de3-d86528fa7a96"",""2e126757-f17e-5ee2-93db-94d31ed944b2"",""5e1af4e2-330f-563f-b639-2d3cd8d276c8"",""49cd1889-2a56-5913-8723-929335f68874"",""82b898ba-3b6d-567f-8996-4f259b74547e"",""d38eb7d2-e78b-5c2f-93e4-2e34846e80e6"",""33effc64-dcfe-5ced-badf-c4df49f68dc1"",""a3a03b99-34c0-504b-b529-32b798db318a"",""8b3ec7b0-123f-5597-95f7-1fafc5810d01"",""035c5442-19b8-5a84-8a59-b352a9660279"",""d6d45010-72fa-5741-b733-88958a8795d2"",""ab8215e5-b753-5a6a-a4e7-ad9caf42eeac"",""1b20061c-b208-551a-b06c-81ffeff623fc"",""9b6d0913-2ae6-5dab-ab36-d05e1c51b208"",""a27c1fb2-edc1-57e6-9d74-adb5a13fed3b"",""4696448b-8c21-591b-80cc-7344ea0b95ec"",""c1d75a33-928c-5636-b99c-def1fb29e0f5"",""61eebfb6-2555-5bce-ba71-7a750427392a"",""aba074a1-d451-595d-bc12-e257adbe7383"",""1ca34094-ee4d-5962-a78a-174d361a9cd3"",""7edb0577-da07-5c6f-8391-bb90e9822165"",""d7c5d484-54dc-5d1e-a3ac-65d60267a12c"",""f416cc8b-3bc2-5c4c-a91c-c56faf748684""]",app/Http/Controllers/Study/BruteForceController.php,8a650add-6a4f-4f72-9000-3fab7de024d5,False,14-68,[],BF,Noah Fiedler,f8edaecf-8020-4564-bbf4-42b31ddc5d7a,7edb0577-da07-5c6f-8391-bb90e9822165,True,46,7d818d98-1c78-4661-bd31-02d149a50239,A,Die GET-Route /study/brute ist dem modulspezifischen BruteForceController::show zugeordnet. Die Methode behandelt sowohl die reine Formularanzeige ohne Login als auch den Verarbeitungspfad mit username und password; eine Ausführung eines Legacy-Skripts oder include/require ist im Pfad nicht vorhanden.,True,2026-10-08T00:37:52.493397Z,human,2,972066a9-40db-412d-b51a-dd1bcb10681b,65ab8c0f-8e90-4b88-8520-97b2399c3ba2,1,explicit per metric; exact fractions and decimal display,,Menschliche lokale Selbstauskunft,observed,binary,1,decimal,A
M7-analysis-v5,7753dd3d-102a-5383-af77-d7047c6a615f,5,e69a389b85bb3f5d5e8e0358da9e10571b709538eded76ca43c8eb44718fff38,C-BF-1,M6-T1-93ac60be-1403-47ee-bad7-dbf3cb3c02b4,fcd9603f-4d32-4255-b436-71c8debfc93e,e69a389b85bb3f5d5e8e0358da9e10571b709538eded76ca43c8eb44718fff38,7480b100-1434-4688-9467-9cc2703d95fc,8c6cccdc-37a3-46ac-82a5-a22d1d69000f,f8edaecf-8020-4564-bbf4-42b31ddc5d7a,2d9849af-4973-4fd8-a822-d8a60e17e5f5,81de6e6f-7d67-40af-b2be-f629e89085ed,completed,202e1e0a33d9d0d7b92585572740cd6b1ca70f7699cac883e8579e11bac45057,651e080b-10b7-40ff-9204-1dd148ce6638,K1,2026-10-07T22:45:53.427229Z,T1,dbb63e68d4ed9e904fa985aa5b88d674205b6caab086a8d981ac8918a9c68fb5,empirical,"[""4afc763c-033e-501c-9c9c-453207d31e62"",""1fed9611-d0cc-51e5-86e7-4ba237c836a2"",""0e4d4039-5409-5be7-a300-ded85e9c22d7"",""1c4afc6f-6679-57b7-ab6b-cec3053e85a1"",""76216ff6-0dab-5f43-913f-741c2deb7596"",""fe7c5fea-171a-5d3e-b93c-b9d53dca7c67"",""784c942d-b222-5013-a2e4-de4aa477a143"",""2f2d84f4-6f41-5df7-a828-cc0a3d9cdddf"",""c68f6332-f200-5595-940d-e5bcad78f1fe"",""54c3aba8-cb42-5023-9591-5cdd68bdd7c5"",""b9ac296e-4c6c-5cdc-9e03-14868c124af2"",""022ddff9-4332-5ba5-b884-42537f220a0c"",""0d262496-18e1-5973-84a6-84fbda64d0ff"",""447860c8-1d56-518b-88ad-7e103990b756"",""616ecfda-7163-5a8d-ba60-01f623d8b124"",""656bacfc-b102-5379-8db2-2f9f127621e0"",""88f2e658-6155-5924-bc85-63fe2aabb08a"",""9f032fb3-90ca-5749-aff5-1065077ac10e"",""4d2e4005-a84b-525b-a492-d367c5e405d0"",""12b20e20-e117-5c00-83bc-e589b92b730e"",""e97a5398-37b9-5e89-91a9-9b3ae48d9534"",""7a8f92c5-5f85-593a-bf90-08e13c60a2e6"",""aa66f5e3-ac0e-57d6-9b69-aa54ea7c4fb9"",""d07b7490-853e-562b-b662-305e89e7718d"",""596c0800-372d-5056-8a35-9f8661656bf4"",""d08816e6-d4d6-5f35-9de3-d86528fa7a96"",""2e126757-f17e-5ee2-93db-94d31ed944b2"",""5e1af4e2-330f-563f-b639-2d3cd8d276c8"",""49cd1889-2a56-5913-8723-929335f68874"",""82b898ba-3b6d-567f-8996-4f259b74547e"",""d38eb7d2-e78b-5c2f-93e4-2e34846e80e6"",""33effc64-dcfe-5ced-badf-c4df49f68dc1"",""a3a03b99-34c0-504b-b529-32b798db318a"",""8b3ec7b0-123f-5597-95f7-1fafc5810d01"",""035c5442-19b8-5a84-8a59-b352a9660279"",""d6d45010-72fa-5741-b733-88958a8795d2"",""ab8215e5-b753-5a6a-a4e7-ad9caf42eeac"",""1b20061c-b208-551a-b06c-81ffeff623fc"",""9b6d0913-2ae6-5dab-ab36-d05e1c51b208"",""a27c1fb2-edc1-57e6-9d74-adb5a13fed3b"",""4696448b-8c21-591b-80cc-7344ea0b95ec"",""c1d75a33-928c-5636-b99c-def1fb29e0f5"",""61eebfb6-2555-5bce-ba71-7a750427392a"",""aba074a1-d451-595d-bc12-e257adbe7383"",""1ca34094-ee4d-5962-a78a-174d361a9cd3"",""7edb0577-da07-5c6f-8391-bb90e9822165"",""d7c5d484-54dc-5d1e-a3ac-65d60267a12c"",""f416cc8b-3bc2-5c4c-a91c-c56faf748684""]",,6803f58c-dead-4345-8ebe-2d30c5b006e2,False,,[],BF,M6-evaluator-v1,f8edaecf-8020-4564-bbf4-42b31ddc5d7a,7edb0577-da07-5c6f-8391-bb90e9822165,True,46,,A,Native syntax/boot plus independent intact scaffold control,True,2026-10-07T22:45:53.427202Z,automatic,1,972066a9-40db-412d-b51a-dd1bcb10681b,65ab8c0f-8e90-4b88-8520-97b2399c3ba2,1,explicit per metric; exact fractions and decimal display,,M6-evaluator-v1,observed,binary,1,decimal,A
M7-analysis-v5,7753dd3d-102a-5383-af77-d7047c6a615f,5,e69a389b85bb3f5d5e8e0358da9e10571b709538eded76ca43c8eb44718fff38,C-BF-1,M6-T5-e6e7a66b-4ec4-4c70-9d91-61d594093bac,11f88106-16cb-4bc5-a036-78ec1b29f0b5,e69a389b85bb3f5d5e8e0358da9e10571b709538eded76ca43c8eb44718fff38,7480b100-1434-4688-9467-9cc2703d95fc,8c6cccdc-37a3-46ac-82a5-a22d1d69000f,f8edaecf-8020-4564-bbf4-42b31ddc5d7a,2d9849af-4973-4fd8-a822-d8a60e17e5f5,81de6e6f-7d67-40af-b2be-f629e89085ed,completed,202e1e0a33d9d0d7b92585572740cd6b1ca70f7699cac883e8579e11bac45057,651e080b-10b7-40ff-9204-1dd148ce6638,K1,2026-10-07T22:45:53.434582Z,T5,dbb63e68d4ed9e904fa985aa5b88d674205b6caab086a8d981ac8918a9c68fb5,empirical,"[""4afc763c-033e-501c-9c9c-453207d31e62"",""1fed9611-d0cc-51e5-86e7-4ba237c836a2"",""0e4d4039-5409-5be7-a300-ded85e9c22d7"",""1c4afc6f-6679-57b7-ab6b-cec3053e85a1"",""76216ff6-0dab-5f43-913f-741c2deb7596"",""fe7c5fea-171a-5d3e-b93c-b9d53dca7c67"",""784c942d-b222-5013-a2e4-de4aa477a143"",""2f2d84f4-6f41-5df7-a828-cc0a3d9cdddf"",""c68f6332-f200-5595-940d-e5bcad78f1fe"",""54c3aba8-cb42-5023-9591-5cdd68bdd7c5"",""b9ac296e-4c6c-5cdc-9e03-14868c124af2"",""022ddff9-4332-5ba5-b884-42537f220a0c"",""0d262496-18e1-5973-84a6-84fbda64d0ff"",""447860c8-1d56-518b-88ad-7e103990b756"",""616ecfda-7163-5a8d-ba60-01f623d8b124"",""656bacfc-b102-5379-8db2-2f9f127621e0"",""88f2e658-6155-5924-bc85-63fe2aabb08a"",""9f032fb3-90ca-5749-aff5-1065077ac10e"",""4d2e4005-a84b-525b-a492-d367c5e405d0"",""12b20e20-e117-5c00-83bc-e589b92b730e"",""e97a5398-37b9-5e89-91a9-9b3ae48d9534"",""7a8f92c5-5f85-593a-bf90-08e13c60a2e6"",""aa66f5e3-ac0e-57d6-9b69-aa54ea7c4fb9"",""d07b7490-853e-562b-b662-305e89e7718d"",""596c0800-372d-5056-8a35-9f8661656bf4"",""d08816e6-d4d6-5f35-9de3-d86528fa7a96"",""2e126757-f17e-5ee2-93db-94d31ed944b2"",""5e1af4e2-330f-563f-b639-2d3cd8d276c8"",""49cd1889-2a56-5913-8723-929335f68874"",""82b898ba-3b6d-567f-8996-4f259b74547e"",""d38eb7d2-e78b-5c2f-93e4-2e34846e80e6"",""33effc64-dcfe-5ced-badf-c4df49f68dc1"",""a3a03b99-34c0-504b-b529-32b798db318a"",""8b3ec7b0-123f-5597-95f7-1fafc5810d01"",""035c5442-19b8-5a84-8a59-b352a9660279"",""d6d45010-72fa-5741-b733-88958a8795d2"",""ab8215e5-b753-5a6a-a4e7-ad9caf42eeac"",""1b20061c-b208-551a-b06c-81ffeff623fc"",""9b6d0913-2ae6-5dab-ab36-d05e1c51b208"",""a27c1fb2-edc1-57e6-9d74-adb5a13fed3b"",""4696448b-8c21-591b-80cc-7344ea0b95ec"",""c1d75a33-928c-5636-b99c-def1fb29e0f5"",""61eebfb6-2555-5bce-ba71-7a750427392a"",""aba074a1-d451-595d-bc12-e257adbe7383"",""1ca34094-ee4d-5962-a78a-174d361a9cd3"",""7edb0577-da07-5c6f-8391-bb90e9822165"",""d7c5d484-54dc-5d1e-a3ac-65d60267a12c"",""f416cc8b-3bc2-5c4c-a91c-c56faf748684""]",,fc43afca-64e1-42ec-99cd-f5d97cecf579,False,,[],BF,M6-evaluator-v1,f8edaecf-8020-4564-bbf4-42b31ddc5d7a,7edb0577-da07-5c6f-8391-bb90e9822165,True,46,,A,Protected scaffold/allowlist and effective access routes against intact control; other semantic doubt stays open,True,2026-10-07T22:45:53.434575Z,automatic,1,972066a9-40db-412d-b51a-dd1bcb10681b,65ab8c0f-8e90-4b88-8520-97b2399c3ba2,1,explicit per metric; exact fractions and decimal display,,M6-evaluator-v1,observed,binary,1,decimal,A
M7-analysis-v5,7753dd3d-102a-5383-af77-d7047c6a615f,5,af64451f35d73e78d45599c56b254ad16f027493556fd397ad7b9cae48a9ba82,C-SQL-0,HUMAN-REVIEW-33b38a59-ac71-463a-80cb-36d46d2d840f,42a05482-d392-4949-8460-2d3defd67499,af64451f35d73e78d45599c56b254ad16f027493556fd397ad7b9cae48a9ba82,527b703a-065c-40bc-b39f-5134419a462f,8c6cccdc-37a3-46ac-82a5-a22d1d69000f,f8edaecf-8020-4564-bbf4-42b31ddc5d7a,2d9849af-4973-4fd8-a822-d8a60e17e5f5,81de6e6f-7d67-40af-b2be-f629e89085ed,completed,0294f6c032f413f4245e83b15db52ab8f50ccfa6163f315fda209ab5b27f96be,a132b12b-e7a2-4837-8603-2cfe9fd0228c,K0,2026-10-08T01:14:38.425028Z,T3,dbb63e68d4ed9e904fa985aa5b88d674205b6caab086a8d981ac8918a9c68fb5,empirical,"[""4afc763c-033e-501c-9c9c-453207d31e62"",""1fed9611-d0cc-51e5-86e7-4ba237c836a2"",""0e4d4039-5409-5be7-a300-ded85e9c22d7"",""1c4afc6f-6679-57b7-ab6b-cec3053e85a1"",""76216ff6-0dab-5f43-913f-741c2deb7596"",""fe7c5fea-171a-5d3e-b93c-b9d53dca7c67"",""784c942d-b222-5013-a2e4-de4aa477a143"",""2f2d84f4-6f41-5df7-a828-cc0a3d9cdddf"",""c68f6332-f200-5595-940d-e5bcad78f1fe"",""54c3aba8-cb42-5023-9591-5cdd68bdd7c5"",""b9ac296e-4c6c-5cdc-9e03-14868c124af2"",""022ddff9-4332-5ba5-b884-42537f220a0c"",""0d262496-18e1-5973-84a6-84fbda64d0ff"",""447860c8-1d56-518b-88ad-7e103990b756"",""616ecfda-7163-5a8d-ba60-01f623d8b124"",""656bacfc-b102-5379-8db2-2f9f127621e0"",""88f2e658-6155-5924-bc85-63fe2aabb08a"",""9f032fb3-90ca-5749-aff5-1065077ac10e"",""4d2e4005-a84b-525b-a492-d367c5e405d0"",""12b20e20-e117-5c00-83bc-e589b92b730e"",""e97a5398-37b9-5e89-91a9-9b3ae48d9534"",""7a8f92c5-5f85-593a-bf90-08e13c60a2e6"",""aa66f5e3-ac0e-57d6-9b69-aa54ea7c4fb9"",""d07b7490-853e-562b-b662-305e89e7718d"",""596c0800-372d-5056-8a35-9f8661656bf4"",""d08816e6-d4d6-5f35-9de3-d86528fa7a96"",""2e126757-f17e-5ee2-93db-94d31ed944b2"",""5e1af4e2-330f-563f-b639-2d3cd8d276c8"",""49cd1889-2a56-5913-8723-929335f68874"",""82b898ba-3b6d-567f-8996-4f259b74547e"",""d38eb7d2-e78b-5c2f-93e4-2e34846e80e6"",""33effc64-dcfe-5ced-badf-c4df49f68dc1"",""a3a03b99-34c0-504b-b529-32b798db318a"",""8b3ec7b0-123f-5597-95f7-1fafc5810d01"",""035c5442-19b8-5a84-8a59-b352a9660279"",""d6d45010-72fa-5741-b733-88958a8795d2"",""ab8215e5-b753-5a6a-a4e7-ad9caf42eeac"",""1b20061c-b208-551a-b06c-81ffeff623fc"",""9b6d0913-2ae6-5dab-ab36-d05e1c51b208"",""a27c1fb2-edc1-57e6-9d74-adb5a13fed3b"",""4696448b-8c21-591b-80cc-7344ea0b95ec"",""c1d75a33-928c-5636-b99c-def1fb29e0f5"",""61eebfb6-2555-5bce-ba71-7a750427392a"",""aba074a1-d451-595d-bc12-e257adbe7383"",""1ca34094-ee4d-5962-a78a-174d361a9cd3"",""7edb0577-da07-5c6f-8391-bb90e9822165"",""d7c5d484-54dc-5d1e-a3ac-65d60267a12c"",""f416cc8b-3bc2-5c4c-a91c-c56faf748684""]",resources/views/study/sqli.blade.php,2e39b9f4-5734-4a22-bf50-15990ece137f,False,8-14,[],SQL,Noah Fiedler,f8edaecf-8020-4564-bbf4-42b31ddc5d7a,d7c5d484-54dc-5d1e-a3ac-65d60267a12c,True,47,a87d652a-8bac-4ea9-b6f7-ccc73416bfaa,A,"Alle Controllerantworten laufen über render() und damit über response()->view('study.sqli', ...). Die Blade-Datei enthält sowohl das GET-Formular als auch die bedingte Status- und Ergebnisausgabe. Bei erfolgreicher Abfrage werden first_name und last_name aus dem vom Controller übergebenen $user dargestellt; bei unbekannter oder ungültiger ID erscheint der jeweilige Status ohne Benutzerdaten.",True,2026-10-08T01:14:38.425016Z,human,2,972066a9-40db-412d-b51a-dd1bcb10681b,9d2a8092-df15-47cc-bd7a-a5f32ea63b35,1,explicit per metric; exact fractions and decimal display,,Menschliche lokale Selbstauskunft,observed,binary,1,decimal,A
M7-analysis-v5,7753dd3d-102a-5383-af77-d7047c6a615f,5,af64451f35d73e78d45599c56b254ad16f027493556fd397ad7b9cae48a9ba82,C-SQL-0,HUMAN-REVIEW-3463c8e0-e614-4d69-8669-9651d296294f,3e30c6ba-29bf-40cc-b457-d904ef5b2353,af64451f35d73e78d45599c56b254ad16f027493556fd397ad7b9cae48a9ba82,527b703a-065c-40bc-b39f-5134419a462f,8c6cccdc-37a3-46ac-82a5-a22d1d69000f,f8edaecf-8020-4564-bbf4-42b31ddc5d7a,2d9849af-4973-4fd8-a822-d8a60e17e5f5,81de6e6f-7d67-40af-b2be-f629e89085ed,completed,0294f6c032f413f4245e83b15db52ab8f50ccfa6163f315fda209ab5b27f96be,a132b12b-e7a2-4837-8603-2cfe9fd0228c,K0,2026-10-08T01:15:41.289893Z,T4,dbb63e68d4ed9e904fa985aa5b88d674205b6caab086a8d981ac8918a9c68fb5,empirical,"[""4afc763c-033e-501c-9c9c-453207d31e62"",""1fed9611-d0cc-51e5-86e7-4ba237c836a2"",""0e4d4039-5409-5be7-a300-ded85e9c22d7"",""1c4afc6f-6679-57b7-ab6b-cec3053e85a1"",""76216ff6-0dab-5f43-913f-741c2deb7596"",""fe7c5fea-171a-5d3e-b93c-b9d53dca7c67"",""784c942d-b222-5013-a2e4-de4aa477a143"",""2f2d84f4-6f41-5df7-a828-cc0a3d9cdddf"",""c68f6332-f200-5595-940d-e5bcad78f1fe"",""54c3aba8-cb42-5023-9591-5cdd68bdd7c5"",""b9ac296e-4c6c-5cdc-9e03-14868c124af2"",""022ddff9-4332-5ba5-b884-42537f220a0c"",""0d262496-18e1-5973-84a6-84fbda64d0ff"",""447860c8-1d56-518b-88ad-7e103990b756"",""616ecfda-7163-5a8d-ba60-01f623d8b124"",""656bacfc-b102-5379-8db2-2f9f127621e0"",""88f2e658-6155-5924-bc85-63fe2aabb08a"",""9f032fb3-90ca-5749-aff5-1065077ac10e"",""4d2e4005-a84b-525b-a492-d367c5e405d0"",""12b20e20-e117-5c00-83bc-e589b92b730e"",""e97a5398-37b9-5e89-91a9-9b3ae48d9534"",""7a8f92c5-5f85-593a-bf90-08e13c60a2e6"",""aa66f5e3-ac0e-57d6-9b69-aa54ea7c4fb9"",""d07b7490-853e-562b-b662-305e89e7718d"",""596c0800-372d-5056-8a35-9f8661656bf4"",""d08816e6-d4d6-5f35-9de3-d86528fa7a96"",""2e126757-f17e-5ee2-93db-94d31ed944b2"",""5e1af4e2-330f-563f-b639-2d3cd8d276c8"",""49cd1889-2a56-5913-8723-929335f68874"",""82b898ba-3b6d-567f-8996-4f259b74547e"",""d38eb7d2-e78b-5c2f-93e4-2e34846e80e6"",""33effc64-dcfe-5ced-badf-c4df49f68dc1"",""a3a03b99-34c0-504b-b529-32b798db318a"",""8b3ec7b0-123f-5597-95f7-1fafc5810d01"",""035c5442-19b8-5a84-8a59-b352a9660279"",""d6d45010-72fa-5741-b733-88958a8795d2"",""ab8215e5-b753-5a6a-a4e7-ad9caf42eeac"",""1b20061c-b208-551a-b06c-81ffeff623fc"",""9b6d0913-2ae6-5dab-ab36-d05e1c51b208"",""a27c1fb2-edc1-57e6-9d74-adb5a13fed3b"",""4696448b-8c21-591b-80cc-7344ea0b95ec"",""c1d75a33-928c-5636-b99c-def1fb29e0f5"",""61eebfb6-2555-5bce-ba71-7a750427392a"",""aba074a1-d451-595d-bc12-e257adbe7383"",""1ca34094-ee4d-5962-a78a-174d361a9cd3"",""7edb0577-da07-5c6f-8391-bb90e9822165"",""d7c5d484-54dc-5d1e-a3ac-65d60267a12c"",""f416cc8b-3bc2-5c4c-a91c-c56faf748684""]",app/Http/Controllers/Study/SqlInjectionController.php,a8aabcf7-f936-46f6-aeb2-54306fb26fec,False,26-32,"[""d6282a0b-c69a-4a4d-bfbc-aae666df643f""]",SQL,Noah Fiedler,f8edaecf-8020-4564-bbf4-42b31ddc5d7a,d7c5d484-54dc-5d1e-a3ac-65d60267a12c,True,47,aed8fd22-297e-4978-b84e-0ba064e3a22f,A,"Der Code belegt klar eine Laravel-Query-Builder-Abfrage über die konfigurierte mysql-Verbindung: Die validierte ID wird in where('user_id', (int) $id) verwendet, und Vor-/Nachname werden aus dem Ergebnisobjekt an die View gegeben. Ein Ersatz durch feste Namenslisten, mysqli oder eine eigene SQLite-Verbindung ist im Modulpfad nicht vorhanden.",True,2026-10-08T01:15:41.289887Z,human,2,972066a9-40db-412d-b51a-dd1bcb10681b,9d2a8092-df15-47cc-bd7a-a5f32ea63b35,1,explicit per metric; exact fractions and decimal display,,Menschliche lokale Selbstauskunft,observed,binary,1,decimal,A
M7-analysis-v5,7753dd3d-102a-5383-af77-d7047c6a615f,5,af64451f35d73e78d45599c56b254ad16f027493556fd397ad7b9cae48a9ba82,C-SQL-0,HUMAN-REVIEW-4e7ee4cf-b3b0-4f1f-956a-4053e68e9c6a,3e30c6ba-29bf-40cc-b457-d904ef5b2353,af64451f35d73e78d45599c56b254ad16f027493556fd397ad7b9cae48a9ba82,527b703a-065c-40bc-b39f-5134419a462f,8c6cccdc-37a3-46ac-82a5-a22d1d69000f,f8edaecf-8020-4564-bbf4-42b31ddc5d7a,2d9849af-4973-4fd8-a822-d8a60e17e5f5,81de6e6f-7d67-40af-b2be-f629e89085ed,completed,0294f6c032f413f4245e83b15db52ab8f50ccfa6163f315fda209ab5b27f96be,a132b12b-e7a2-4837-8603-2cfe9fd0228c,K0,2026-10-08T01:14:01.947255Z,T2,dbb63e68d4ed9e904fa985aa5b88d674205b6caab086a8d981ac8918a9c68fb5,empirical,"[""4afc763c-033e-501c-9c9c-453207d31e62"",""1fed9611-d0cc-51e5-86e7-4ba237c836a2"",""0e4d4039-5409-5be7-a300-ded85e9c22d7"",""1c4afc6f-6679-57b7-ab6b-cec3053e85a1"",""76216ff6-0dab-5f43-913f-741c2deb7596"",""fe7c5fea-171a-5d3e-b93c-b9d53dca7c67"",""784c942d-b222-5013-a2e4-de4aa477a143"",""2f2d84f4-6f41-5df7-a828-cc0a3d9cdddf"",""c68f6332-f200-5595-940d-e5bcad78f1fe"",""54c3aba8-cb42-5023-9591-5cdd68bdd7c5"",""b9ac296e-4c6c-5cdc-9e03-14868c124af2"",""022ddff9-4332-5ba5-b884-42537f220a0c"",""0d262496-18e1-5973-84a6-84fbda64d0ff"",""447860c8-1d56-518b-88ad-7e103990b756"",""616ecfda-7163-5a8d-ba60-01f623d8b124"",""656bacfc-b102-5379-8db2-2f9f127621e0"",""88f2e658-6155-5924-bc85-63fe2aabb08a"",""9f032fb3-90ca-5749-aff5-1065077ac10e"",""4d2e4005-a84b-525b-a492-d367c5e405d0"",""12b20e20-e117-5c00-83bc-e589b92b730e"",""e97a5398-37b9-5e89-91a9-9b3ae48d9534"",""7a8f92c5-5f85-593a-bf90-08e13c60a2e6"",""aa66f5e3-ac0e-57d6-9b69-aa54ea7c4fb9"",""d07b7490-853e-562b-b662-305e89e7718d"",""596c0800-372d-5056-8a35-9f8661656bf4"",""d08816e6-d4d6-5f35-9de3-d86528fa7a96"",""2e126757-f17e-5ee2-93db-94d31ed944b2"",""5e1af4e2-330f-563f-b639-2d3cd8d276c8"",""49cd1889-2a56-5913-8723-929335f68874"",""82b898ba-3b6d-567f-8996-4f259b74547e"",""d38eb7d2-e78b-5c2f-93e4-2e34846e80e6"",""33effc64-dcfe-5ced-badf-c4df49f68dc1"",""a3a03b99-34c0-504b-b529-32b798db318a"",""8b3ec7b0-123f-5597-95f7-1fafc5810d01"",""035c5442-19b8-5a84-8a59-b352a9660279"",""d6d45010-72fa-5741-b733-88958a8795d2"",""ab8215e5-b753-5a6a-a4e7-ad9caf42eeac"",""1b20061c-b208-551a-b06c-81ffeff623fc"",""9b6d0913-2ae6-5dab-ab36-d05e1c51b208"",""a27c1fb2-edc1-57e6-9d74-adb5a13fed3b"",""4696448b-8c21-591b-80cc-7344ea0b95ec"",""c1d75a33-928c-5636-b99c-def1fb29e0f5"",""61eebfb6-2555-5bce-ba71-7a750427392a"",""aba074a1-d451-595d-bc12-e257adbe7383"",""1ca34094-ee4d-5962-a78a-174d361a9cd3"",""7edb0577-da07-5c6f-8391-bb90e9822165"",""d7c5d484-54dc-5d1e-a3ac-65d60267a12c"",""f416cc8b-3bc2-5c4c-a91c-c56faf748684""]",app/Http/Controllers/Study/SqlInjectionController.php,8ef0530b-6a03-40d7-b549-613125ff7157,False,14-32,[],SQL,Noah Fiedler,f8edaecf-8020-4564-bbf4-42b31ddc5d7a,d7c5d484-54dc-5d1e-a3ac-65d60267a12c,True,47,fe5b1ca9-b435-421a-acc7-5d41c3c71d4b,A,"Die GET-Route /study/sqli verweist auf SqlInjectionController::show. Die Controllermethode unterscheidet Formularanzeige ohne Submit, validiert die ID bei Submit und verarbeitet die Abfrage selbst. Es gibt im tatsächlichen Pfad keinen Aufruf eines Legacy-Skripts oder ausgelagerten ausführbaren Codes.",True,2026-10-08T01:14:01.947242Z,human,2,972066a9-40db-412d-b51a-dd1bcb10681b,9d2a8092-df15-47cc-bd7a-a5f32ea63b35,1,explicit per metric; exact fractions and decimal display,,Menschliche lokale Selbstauskunft,observed,binary,1,decimal,A
M7-analysis-v5,7753dd3d-102a-5383-af77-d7047c6a615f,5,af64451f35d73e78d45599c56b254ad16f027493556fd397ad7b9cae48a9ba82,C-SQL-0,M6-T1-21cce196-f4f4-4a09-bcc8-af06eb4c8ee3,a86f304b-938f-49fc-8697-f91f6d0a3cb2,af64451f35d73e78d45599c56b254ad16f027493556fd397ad7b9cae48a9ba82,527b703a-065c-40bc-b39f-5134419a462f,8c6cccdc-37a3-46ac-82a5-a22d1d69000f,f8edaecf-8020-4564-bbf4-42b31ddc5d7a,2d9849af-4973-4fd8-a822-d8a60e17e5f5,81de6e6f-7d67-40af-b2be-f629e89085ed,completed,0294f6c032f413f4245e83b15db52ab8f50ccfa6163f315fda209ab5b27f96be,a132b12b-e7a2-4837-8603-2cfe9fd0228c,K0,2026-10-08T00:59:58.970262Z,T1,dbb63e68d4ed9e904fa985aa5b88d674205b6caab086a8d981ac8918a9c68fb5,empirical,"[""4afc763c-033e-501c-9c9c-453207d31e62"",""1fed9611-d0cc-51e5-86e7-4ba237c836a2"",""0e4d4039-5409-5be7-a300-ded85e9c22d7"",""1c4afc6f-6679-57b7-ab6b-cec3053e85a1"",""76216ff6-0dab-5f43-913f-741c2deb7596"",""fe7c5fea-171a-5d3e-b93c-b9d53dca7c67"",""784c942d-b222-5013-a2e4-de4aa477a143"",""2f2d84f4-6f41-5df7-a828-cc0a3d9cdddf"",""c68f6332-f200-5595-940d-e5bcad78f1fe"",""54c3aba8-cb42-5023-9591-5cdd68bdd7c5"",""b9ac296e-4c6c-5cdc-9e03-14868c124af2"",""022ddff9-4332-5ba5-b884-42537f220a0c"",""0d262496-18e1-5973-84a6-84fbda64d0ff"",""447860c8-1d56-518b-88ad-7e103990b756"",""616ecfda-7163-5a8d-ba60-01f623d8b124"",""656bacfc-b102-5379-8db2-2f9f127621e0"",""88f2e658-6155-5924-bc85-63fe2aabb08a"",""9f032fb3-90ca-5749-aff5-1065077ac10e"",""4d2e4005-a84b-525b-a492-d367c5e405d0"",""12b20e20-e117-5c00-83bc-e589b92b730e"",""e97a5398-37b9-5e89-91a9-9b3ae48d9534"",""7a8f92c5-5f85-593a-bf90-08e13c60a2e6"",""aa66f5e3-ac0e-57d6-9b69-aa54ea7c4fb9"",""d07b7490-853e-562b-b662-305e89e7718d"",""596c0800-372d-5056-8a35-9f8661656bf4"",""d08816e6-d4d6-5f35-9de3-d86528fa7a96"",""2e126757-f17e-5ee2-93db-94d31ed944b2"",""5e1af4e2-330f-563f-b639-2d3cd8d276c8"",""49cd1889-2a56-5913-8723-929335f68874"",""82b898ba-3b6d-567f-8996-4f259b74547e"",""d38eb7d2-e78b-5c2f-93e4-2e34846e80e6"",""33effc64-dcfe-5ced-badf-c4df49f68dc1"",""a3a03b99-34c0-504b-b529-32b798db318a"",""8b3ec7b0-123f-5597-95f7-1fafc5810d01"",""035c5442-19b8-5a84-8a59-b352a9660279"",""d6d45010-72fa-5741-b733-88958a8795d2"",""ab8215e5-b753-5a6a-a4e7-ad9caf42eeac"",""1b20061c-b208-551a-b06c-81ffeff623fc"",""9b6d0913-2ae6-5dab-ab36-d05e1c51b208"",""a27c1fb2-edc1-57e6-9d74-adb5a13fed3b"",""4696448b-8c21-591b-80cc-7344ea0b95ec"",""c1d75a33-928c-5636-b99c-def1fb29e0f5"",""61eebfb6-2555-5bce-ba71-7a750427392a"",""aba074a1-d451-595d-bc12-e257adbe7383"",""1ca34094-ee4d-5962-a78a-174d361a9cd3"",""7edb0577-da07-5c6f-8391-bb90e9822165"",""d7c5d484-54dc-5d1e-a3ac-65d60267a12c"",""f416cc8b-3bc2-5c4c-a91c-c56faf748684""]",,b3f08b45-c4f3-4af4-86ea-8c90532379c0,False,,[],SQL,M6-evaluator-v1,f8edaecf-8020-4564-bbf4-42b31ddc5d7a,d7c5d484-54dc-5d1e-a3ac-65d60267a12c,True,47,,A,Native syntax/boot plus independent intact scaffold control,True,2026-10-08T00:59:58.970236Z,automatic,1,972066a9-40db-412d-b51a-dd1bcb10681b,9d2a8092-df15-47cc-bd7a-a5f32ea63b35,1,explicit per metric; exact fractions and decimal display,,M6-evaluator-v1,observed,binary,1,decimal,A
M7-analysis-v5,7753dd3d-102a-5383-af77-d7047c6a615f,5,af64451f35d73e78d45599c56b254ad16f027493556fd397ad7b9cae48a9ba82,C-SQL-0,M6-T5-87c9a57a-e2ad-4017-841a-409baa3ad8a8,a5d03cd0-5d3b-4d31-88fb-acb2bfa3065e,af64451f35d73e78d45599c56b254ad16f027493556fd397ad7b9cae48a9ba82,527b703a-065c-40bc-b39f-5134419a462f,8c6cccdc-37a3-46ac-82a5-a22d1d69000f,f8edaecf-8020-4564-bbf4-42b31ddc5d7a,2d9849af-4973-4fd8-a822-d8a60e17e5f5,81de6e6f-7d67-40af-b2be-f629e89085ed,completed,0294f6c032f413f4245e83b15db52ab8f50ccfa6163f315fda209ab5b27f96be,a132b12b-e7a2-4837-8603-2cfe9fd0228c,K0,2026-10-08T00:59:58.978383Z,T5,dbb63e68d4ed9e904fa985aa5b88d674205b6caab086a8d981ac8918a9c68fb5,empirical,"[""4afc763c-033e-501c-9c9c-453207d31e62"",""1fed9611-d0cc-51e5-86e7-4ba237c836a2"",""0e4d4039-5409-5be7-a300-ded85e9c22d7"",""1c4afc6f-6679-57b7-ab6b-cec3053e85a1"",""76216ff6-0dab-5f43-913f-741c2deb7596"",""fe7c5fea-171a-5d3e-b93c-b9d53dca7c67"",""784c942d-b222-5013-a2e4-de4aa477a143"",""2f2d84f4-6f41-5df7-a828-cc0a3d9cdddf"",""c68f6332-f200-5595-940d-e5bcad78f1fe"",""54c3aba8-cb42-5023-9591-5cdd68bdd7c5"",""b9ac296e-4c6c-5cdc-9e03-14868c124af2"",""022ddff9-4332-5ba5-b884-42537f220a0c"",""0d262496-18e1-5973-84a6-84fbda64d0ff"",""447860c8-1d56-518b-88ad-7e103990b756"",""616ecfda-7163-5a8d-ba60-01f623d8b124"",""656bacfc-b102-5379-8db2-2f9f127621e0"",""88f2e658-6155-5924-bc85-63fe2aabb08a"",""9f032fb3-90ca-5749-aff5-1065077ac10e"",""4d2e4005-a84b-525b-a492-d367c5e405d0"",""12b20e20-e117-5c00-83bc-e589b92b730e"",""e97a5398-37b9-5e89-91a9-9b3ae48d9534"",""7a8f92c5-5f85-593a-bf90-08e13c60a2e6"",""aa66f5e3-ac0e-57d6-9b69-aa54ea7c4fb9"",""d07b7490-853e-562b-b662-305e89e7718d"",""596c0800-372d-5056-8a35-9f8661656bf4"",""d08816e6-d4d6-5f35-9de3-d86528fa7a96"",""2e126757-f17e-5ee2-93db-94d31ed944b2"",""5e1af4e2-330f-563f-b639-2d3cd8d276c8"",""49cd1889-2a56-5913-8723-929335f68874"",""82b898ba-3b6d-567f-8996-4f259b74547e"",""d38eb7d2-e78b-5c2f-93e4-2e34846e80e6"",""33effc64-dcfe-5ced-badf-c4df49f68dc1"",""a3a03b99-34c0-504b-b529-32b798db318a"",""8b3ec7b0-123f-5597-95f7-1fafc5810d01"",""035c5442-19b8-5a84-8a59-b352a9660279"",""d6d45010-72fa-5741-b733-88958a8795d2"",""ab8215e5-b753-5a6a-a4e7-ad9caf42eeac"",""1b20061c-b208-551a-b06c-81ffeff623fc"",""9b6d0913-2ae6-5dab-ab36-d05e1c51b208"",""a27c1fb2-edc1-57e6-9d74-adb5a13fed3b"",""4696448b-8c21-591b-80cc-7344ea0b95ec"",""c1d75a33-928c-5636-b99c-def1fb29e0f5"",""61eebfb6-2555-5bce-ba71-7a750427392a"",""aba074a1-d451-595d-bc12-e257adbe7383"",""1ca34094-ee4d-5962-a78a-174d361a9cd3"",""7edb0577-da07-5c6f-8391-bb90e9822165"",""d7c5d484-54dc-5d1e-a3ac-65d60267a12c"",""f416cc8b-3bc2-5c4c-a91c-c56faf748684""]",,1a9e1159-597e-4de3-8ddf-6ed8e662b88d,False,,[],SQL,M6-evaluator-v1,f8edaecf-8020-4564-bbf4-42b31ddc5d7a,d7c5d484-54dc-5d1e-a3ac-65d60267a12c,True,47,,A,Protected scaffold/allowlist and effective access routes against intact control; other semantic doubt stays open,True,2026-10-08T00:59:58.978373Z,automatic,1,972066a9-40db-412d-b51a-dd1bcb10681b,9d2a8092-df15-47cc-bd7a-a5f32ea63b35,1,explicit per metric; exact fractions and decimal display,,M6-evaluator-v1,observed,binary,1,decimal,A
M7-analysis-v5,7753dd3d-102a-5383-af77-d7047c6a615f,5,5e2cd784e68194e6618d1eb854a2f1d53c92faa75346b94870e0f79c1d33a8fc,C-SQL-1,HUMAN-REVIEW-0d25b887-bdae-420a-ad91-fed9f11df84c,57738e4c-5f3d-4b23-acc2-84674fbb689e,5e2cd784e68194e6618d1eb854a2f1d53c92faa75346b94870e0f79c1d33a8fc,79622251-24db-4140-8645-c8b503fbf751,8c6cccdc-37a3-46ac-82a5-a22d1d69000f,f8edaecf-8020-4564-bbf4-42b31ddc5d7a,2d9849af-4973-4fd8-a822-d8a60e17e5f5,81de6e6f-7d67-40af-b2be-f629e89085ed,completed,27b8151da86242809dca0369f6ae8205b3d9e19866f42442c95f91863350f15a,6f7f3a3c-8647-488b-b587-d1d430125ce9,K1,2026-10-08T01:39:42.446145Z,T3,dbb63e68d4ed9e904fa985aa5b88d674205b6caab086a8d981ac8918a9c68fb5,empirical,"[""4afc763c-033e-501c-9c9c-453207d31e62"",""1fed9611-d0cc-51e5-86e7-4ba237c836a2"",""0e4d4039-5409-5be7-a300-ded85e9c22d7"",""1c4afc6f-6679-57b7-ab6b-cec3053e85a1"",""76216ff6-0dab-5f43-913f-741c2deb7596"",""fe7c5fea-171a-5d3e-b93c-b9d53dca7c67"",""784c942d-b222-5013-a2e4-de4aa477a143"",""2f2d84f4-6f41-5df7-a828-cc0a3d9cdddf"",""c68f6332-f200-5595-940d-e5bcad78f1fe"",""54c3aba8-cb42-5023-9591-5cdd68bdd7c5"",""b9ac296e-4c6c-5cdc-9e03-14868c124af2"",""022ddff9-4332-5ba5-b884-42537f220a0c"",""0d262496-18e1-5973-84a6-84fbda64d0ff"",""447860c8-1d56-518b-88ad-7e103990b756"",""616ecfda-7163-5a8d-ba60-01f623d8b124"",""656bacfc-b102-5379-8db2-2f9f127621e0"",""88f2e658-6155-5924-bc85-63fe2aabb08a"",""9f032fb3-90ca-5749-aff5-1065077ac10e"",""4d2e4005-a84b-525b-a492-d367c5e405d0"",""12b20e20-e117-5c00-83bc-e589b92b730e"",""e97a5398-37b9-5e89-91a9-9b3ae48d9534"",""7a8f92c5-5f85-593a-bf90-08e13c60a2e6"",""aa66f5e3-ac0e-57d6-9b69-aa54ea7c4fb9"",""d07b7490-853e-562b-b662-305e89e7718d"",""596c0800-372d-5056-8a35-9f8661656bf4"",""d08816e6-d4d6-5f35-9de3-d86528fa7a96"",""2e126757-f17e-5ee2-93db-94d31ed944b2"",""5e1af4e2-330f-563f-b639-2d3cd8d276c8"",""49cd1889-2a56-5913-8723-929335f68874"",""82b898ba-3b6d-567f-8996-4f259b74547e"",""d38eb7d2-e78b-5c2f-93e4-2e34846e80e6"",""33effc64-dcfe-5ced-badf-c4df49f68dc1"",""a3a03b99-34c0-504b-b529-32b798db318a"",""8b3ec7b0-123f-5597-95f7-1fafc5810d01"",""035c5442-19b8-5a84-8a59-b352a9660279"",""d6d45010-72fa-5741-b733-88958a8795d2"",""ab8215e5-b753-5a6a-a4e7-ad9caf42eeac"",""1b20061c-b208-551a-b06c-81ffeff623fc"",""9b6d0913-2ae6-5dab-ab36-d05e1c51b208"",""a27c1fb2-edc1-57e6-9d74-adb5a13fed3b"",""4696448b-8c21-591b-80cc-7344ea0b95ec"",""c1d75a33-928c-5636-b99c-def1fb29e0f5"",""61eebfb6-2555-5bce-ba71-7a750427392a"",""aba074a1-d451-595d-bc12-e257adbe7383"",""1ca34094-ee4d-5962-a78a-174d361a9cd3"",""7edb0577-da07-5c6f-8391-bb90e9822165"",""d7c5d484-54dc-5d1e-a3ac-65d60267a12c"",""f416cc8b-3bc2-5c4c-a91c-c56faf748684""]",resources/views/study/sqli.blade.php,7bf78343-fd2f-41dc-8126-bf7e981a90f8,False,10-22,[],SQL,Noah Fiedler,f8edaecf-8020-4564-bbf4-42b31ddc5d7a,f416cc8b-3bc2-5c4c-a91c-c56faf748684,True,48,5ed6cab0-0859-4249-85d9-aa71a2eca00e,A,"Das Formular wird in Blade gerendert (Zeilen 10–14). Die Ergebnisanzeige verwendet Blade-Bedingungen und die vom Controller übergebenen Daten: Status in Zeile 17 sowie Vor- und Nachname in Zeilen 18–21. Alle Controller-Antwortzweige – Formular, ungültige/leere Eingabe und Abfrageergebnis – rendern dieselbe Blade-View (SqlInjectionController.php, Zeilen 14–19, 24–29, 38–42).",True,2026-10-08T01:39:42.446138Z,human,2,972066a9-40db-412d-b51a-dd1bcb10681b,ca01d777-1bf3-4bae-96d4-974ae4f9359d,1,explicit per metric; exact fractions and decimal display,,Menschliche lokale Selbstauskunft,observed,binary,1,decimal,A
M7-analysis-v5,7753dd3d-102a-5383-af77-d7047c6a615f,5,5e2cd784e68194e6618d1eb854a2f1d53c92faa75346b94870e0f79c1d33a8fc,C-SQL-1,HUMAN-REVIEW-60508847-a394-43ae-ae37-0b4408e26fd1,09ab0f98-8285-4ae6-8f89-75dc1c39a7e4,5e2cd784e68194e6618d1eb854a2f1d53c92faa75346b94870e0f79c1d33a8fc,79622251-24db-4140-8645-c8b503fbf751,8c6cccdc-37a3-46ac-82a5-a22d1d69000f,f8edaecf-8020-4564-bbf4-42b31ddc5d7a,2d9849af-4973-4fd8-a822-d8a60e17e5f5,81de6e6f-7d67-40af-b2be-f629e89085ed,completed,27b8151da86242809dca0369f6ae8205b3d9e19866f42442c95f91863350f15a,6f7f3a3c-8647-488b-b587-d1d430125ce9,K1,2026-10-08T01:39:15.174023Z,T2,dbb63e68d4ed9e904fa985aa5b88d674205b6caab086a8d981ac8918a9c68fb5,empirical,"[""4afc763c-033e-501c-9c9c-453207d31e62"",""1fed9611-d0cc-51e5-86e7-4ba237c836a2"",""0e4d4039-5409-5be7-a300-ded85e9c22d7"",""1c4afc6f-6679-57b7-ab6b-cec3053e85a1"",""76216ff6-0dab-5f43-913f-741c2deb7596"",""fe7c5fea-171a-5d3e-b93c-b9d53dca7c67"",""784c942d-b222-5013-a2e4-de4aa477a143"",""2f2d84f4-6f41-5df7-a828-cc0a3d9cdddf"",""c68f6332-f200-5595-940d-e5bcad78f1fe"",""54c3aba8-cb42-5023-9591-5cdd68bdd7c5"",""b9ac296e-4c6c-5cdc-9e03-14868c124af2"",""022ddff9-4332-5ba5-b884-42537f220a0c"",""0d262496-18e1-5973-84a6-84fbda64d0ff"",""447860c8-1d56-518b-88ad-7e103990b756"",""616ecfda-7163-5a8d-ba60-01f623d8b124"",""656bacfc-b102-5379-8db2-2f9f127621e0"",""88f2e658-6155-5924-bc85-63fe2aabb08a"",""9f032fb3-90ca-5749-aff5-1065077ac10e"",""4d2e4005-a84b-525b-a492-d367c5e405d0"",""12b20e20-e117-5c00-83bc-e589b92b730e"",""e97a5398-37b9-5e89-91a9-9b3ae48d9534"",""7a8f92c5-5f85-593a-bf90-08e13c60a2e6"",""aa66f5e3-ac0e-57d6-9b69-aa54ea7c4fb9"",""d07b7490-853e-562b-b662-305e89e7718d"",""596c0800-372d-5056-8a35-9f8661656bf4"",""d08816e6-d4d6-5f35-9de3-d86528fa7a96"",""2e126757-f17e-5ee2-93db-94d31ed944b2"",""5e1af4e2-330f-563f-b639-2d3cd8d276c8"",""49cd1889-2a56-5913-8723-929335f68874"",""82b898ba-3b6d-567f-8996-4f259b74547e"",""d38eb7d2-e78b-5c2f-93e4-2e34846e80e6"",""33effc64-dcfe-5ced-badf-c4df49f68dc1"",""a3a03b99-34c0-504b-b529-32b798db318a"",""8b3ec7b0-123f-5597-95f7-1fafc5810d01"",""035c5442-19b8-5a84-8a59-b352a9660279"",""d6d45010-72fa-5741-b733-88958a8795d2"",""ab8215e5-b753-5a6a-a4e7-ad9caf42eeac"",""1b20061c-b208-551a-b06c-81ffeff623fc"",""9b6d0913-2ae6-5dab-ab36-d05e1c51b208"",""a27c1fb2-edc1-57e6-9d74-adb5a13fed3b"",""4696448b-8c21-591b-80cc-7344ea0b95ec"",""c1d75a33-928c-5636-b99c-def1fb29e0f5"",""61eebfb6-2555-5bce-ba71-7a750427392a"",""aba074a1-d451-595d-bc12-e257adbe7383"",""1ca34094-ee4d-5962-a78a-174d361a9cd3"",""7edb0577-da07-5c6f-8391-bb90e9822165"",""d7c5d484-54dc-5d1e-a3ac-65d60267a12c"",""f416cc8b-3bc2-5c4c-a91c-c56faf748684""]",app/Http/Controllers/Study/SqlInjectionController.php,fb654b6c-a45a-47ec-a5a5-3de3ae12aa28,False,12-42,[],SQL,Noah Fiedler,f8edaecf-8020-4564-bbf4-42b31ddc5d7a,f416cc8b-3bc2-5c4c-a91c-c56faf748684,True,48,2a15455f-b690-44bf-805a-c22774a3157e,A,"Die Route /study/sqli ist dem Controller SqlInjectionController@show zugeordnet (study.php, Zeile 6; zusätzlich per php artisan route:list bestätigt). Die Controller-Methode zeigt ohne Submit das Formular (Zeilen 14–20), verarbeitet mit Submit die ID einschließlich Validierung (Zeilen 22–30) und führt die Abfrage selbst aus (Zeilen 32–36). Kein Aufruf eines Legacy-Skripts im verfolgten Pfad.",True,2026-10-08T01:39:15.174015Z,human,2,972066a9-40db-412d-b51a-dd1bcb10681b,ca01d777-1bf3-4bae-96d4-974ae4f9359d,1,explicit per metric; exact fractions and decimal display,,Menschliche lokale Selbstauskunft,observed,binary,1,decimal,A
M7-analysis-v5,7753dd3d-102a-5383-af77-d7047c6a615f,5,5e2cd784e68194e6618d1eb854a2f1d53c92faa75346b94870e0f79c1d33a8fc,C-SQL-1,HUMAN-REVIEW-c255ade5-994a-460a-bbd4-af2b40ebeabf,09ab0f98-8285-4ae6-8f89-75dc1c39a7e4,5e2cd784e68194e6618d1eb854a2f1d53c92faa75346b94870e0f79c1d33a8fc,79622251-24db-4140-8645-c8b503fbf751,8c6cccdc-37a3-46ac-82a5-a22d1d69000f,f8edaecf-8020-4564-bbf4-42b31ddc5d7a,2d9849af-4973-4fd8-a822-d8a60e17e5f5,81de6e6f-7d67-40af-b2be-f629e89085ed,completed,27b8151da86242809dca0369f6ae8205b3d9e19866f42442c95f91863350f15a,6f7f3a3c-8647-488b-b587-d1d430125ce9,K1,2026-10-08T01:40:05.032683Z,T4,dbb63e68d4ed9e904fa985aa5b88d674205b6caab086a8d981ac8918a9c68fb5,empirical,"[""4afc763c-033e-501c-9c9c-453207d31e62"",""1fed9611-d0cc-51e5-86e7-4ba237c836a2"",""0e4d4039-5409-5be7-a300-ded85e9c22d7"",""1c4afc6f-6679-57b7-ab6b-cec3053e85a1"",""76216ff6-0dab-5f43-913f-741c2deb7596"",""fe7c5fea-171a-5d3e-b93c-b9d53dca7c67"",""784c942d-b222-5013-a2e4-de4aa477a143"",""2f2d84f4-6f41-5df7-a828-cc0a3d9cdddf"",""c68f6332-f200-5595-940d-e5bcad78f1fe"",""54c3aba8-cb42-5023-9591-5cdd68bdd7c5"",""b9ac296e-4c6c-5cdc-9e03-14868c124af2"",""022ddff9-4332-5ba5-b884-42537f220a0c"",""0d262496-18e1-5973-84a6-84fbda64d0ff"",""447860c8-1d56-518b-88ad-7e103990b756"",""616ecfda-7163-5a8d-ba60-01f623d8b124"",""656bacfc-b102-5379-8db2-2f9f127621e0"",""88f2e658-6155-5924-bc85-63fe2aabb08a"",""9f032fb3-90ca-5749-aff5-1065077ac10e"",""4d2e4005-a84b-525b-a492-d367c5e405d0"",""12b20e20-e117-5c00-83bc-e589b92b730e"",""e97a5398-37b9-5e89-91a9-9b3ae48d9534"",""7a8f92c5-5f85-593a-bf90-08e13c60a2e6"",""aa66f5e3-ac0e-57d6-9b69-aa54ea7c4fb9"",""d07b7490-853e-562b-b662-305e89e7718d"",""596c0800-372d-5056-8a35-9f8661656bf4"",""d08816e6-d4d6-5f35-9de3-d86528fa7a96"",""2e126757-f17e-5ee2-93db-94d31ed944b2"",""5e1af4e2-330f-563f-b639-2d3cd8d276c8"",""49cd1889-2a56-5913-8723-929335f68874"",""82b898ba-3b6d-567f-8996-4f259b74547e"",""d38eb7d2-e78b-5c2f-93e4-2e34846e80e6"",""33effc64-dcfe-5ced-badf-c4df49f68dc1"",""a3a03b99-34c0-504b-b529-32b798db318a"",""8b3ec7b0-123f-5597-95f7-1fafc5810d01"",""035c5442-19b8-5a84-8a59-b352a9660279"",""d6d45010-72fa-5741-b733-88958a8795d2"",""ab8215e5-b753-5a6a-a4e7-ad9caf42eeac"",""1b20061c-b208-551a-b06c-81ffeff623fc"",""9b6d0913-2ae6-5dab-ab36-d05e1c51b208"",""a27c1fb2-edc1-57e6-9d74-adb5a13fed3b"",""4696448b-8c21-591b-80cc-7344ea0b95ec"",""c1d75a33-928c-5636-b99c-def1fb29e0f5"",""61eebfb6-2555-5bce-ba71-7a750427392a"",""aba074a1-d451-595d-bc12-e257adbe7383"",""1ca34094-ee4d-5962-a78a-174d361a9cd3"",""7edb0577-da07-5c6f-8391-bb90e9822165"",""d7c5d484-54dc-5d1e-a3ac-65d60267a12c"",""f416cc8b-3bc2-5c4c-a91c-c56faf748684""]",app/Http/Controllers/Study/SqlInjectionController.php,2239c6a3-018b-4523-b8ef-dcdf59dd7ee6,False,32-36,"[""bf7dd0ba-cd47-4472-af94-3554a00f3b56""]",SQL,Noah Fiedler,f8edaecf-8020-4564-bbf4-42b31ddc5d7a,f416cc8b-3bc2-5c4c-a91c-c56faf748684,True,48,3cf6717a-9d0b-4a00-a7d1-7bc4ea86b7d0,A,"Der Code spricht für eine korrekte Umsetzung: Die validierte ID wird über Laravels Query Builder an die MySQL-Verbindung übergeben, aus users werden first_name und last_name gelesen (Zeilen 32–36). Diese Felder entsprechen dem bereitgestellten Schema (users.sql, Zeilen 3–6) und werden in Blade ausgegeben (sqli.blade.php, Zeilen 19–20).",True,2026-10-08T01:40:05.032677Z,human,2,972066a9-40db-412d-b51a-dd1bcb10681b,ca01d777-1bf3-4bae-96d4-974ae4f9359d,1,explicit per metric; exact fractions and decimal display,,Menschliche lokale Selbstauskunft,observed,binary,1,decimal,A
M7-analysis-v5,7753dd3d-102a-5383-af77-d7047c6a615f,5,5e2cd784e68194e6618d1eb854a2f1d53c92faa75346b94870e0f79c1d33a8fc,C-SQL-1,M6-T1-b1d9302e-b1ea-4c7c-91ff-951ed2acdab6,0c415bf7-1377-4b02-a341-7894154d8f4a,5e2cd784e68194e6618d1eb854a2f1d53c92faa75346b94870e0f79c1d33a8fc,79622251-24db-4140-8645-c8b503fbf751,8c6cccdc-37a3-46ac-82a5-a22d1d69000f,f8edaecf-8020-4564-bbf4-42b31ddc5d7a,2d9849af-4973-4fd8-a822-d8a60e17e5f5,81de6e6f-7d67-40af-b2be-f629e89085ed,completed,27b8151da86242809dca0369f6ae8205b3d9e19866f42442c95f91863350f15a,6f7f3a3c-8647-488b-b587-d1d430125ce9,K1,2026-10-08T01:35:41.309371Z,T1,dbb63e68d4ed9e904fa985aa5b88d674205b6caab086a8d981ac8918a9c68fb5,empirical,"[""4afc763c-033e-501c-9c9c-453207d31e62"",""1fed9611-d0cc-51e5-86e7-4ba237c836a2"",""0e4d4039-5409-5be7-a300-ded85e9c22d7"",""1c4afc6f-6679-57b7-ab6b-cec3053e85a1"",""76216ff6-0dab-5f43-913f-741c2deb7596"",""fe7c5fea-171a-5d3e-b93c-b9d53dca7c67"",""784c942d-b222-5013-a2e4-de4aa477a143"",""2f2d84f4-6f41-5df7-a828-cc0a3d9cdddf"",""c68f6332-f200-5595-940d-e5bcad78f1fe"",""54c3aba8-cb42-5023-9591-5cdd68bdd7c5"",""b9ac296e-4c6c-5cdc-9e03-14868c124af2"",""022ddff9-4332-5ba5-b884-42537f220a0c"",""0d262496-18e1-5973-84a6-84fbda64d0ff"",""447860c8-1d56-518b-88ad-7e103990b756"",""616ecfda-7163-5a8d-ba60-01f623d8b124"",""656bacfc-b102-5379-8db2-2f9f127621e0"",""88f2e658-6155-5924-bc85-63fe2aabb08a"",""9f032fb3-90ca-5749-aff5-1065077ac10e"",""4d2e4005-a84b-525b-a492-d367c5e405d0"",""12b20e20-e117-5c00-83bc-e589b92b730e"",""e97a5398-37b9-5e89-91a9-9b3ae48d9534"",""7a8f92c5-5f85-593a-bf90-08e13c60a2e6"",""aa66f5e3-ac0e-57d6-9b69-aa54ea7c4fb9"",""d07b7490-853e-562b-b662-305e89e7718d"",""596c0800-372d-5056-8a35-9f8661656bf4"",""d08816e6-d4d6-5f35-9de3-d86528fa7a96"",""2e126757-f17e-5ee2-93db-94d31ed944b2"",""5e1af4e2-330f-563f-b639-2d3cd8d276c8"",""49cd1889-2a56-5913-8723-929335f68874"",""82b898ba-3b6d-567f-8996-4f259b74547e"",""d38eb7d2-e78b-5c2f-93e4-2e34846e80e6"",""33effc64-dcfe-5ced-badf-c4df49f68dc1"",""a3a03b99-34c0-504b-b529-32b798db318a"",""8b3ec7b0-123f-5597-95f7-1fafc5810d01"",""035c5442-19b8-5a84-8a59-b352a9660279"",""d6d45010-72fa-5741-b733-88958a8795d2"",""ab8215e5-b753-5a6a-a4e7-ad9caf42eeac"",""1b20061c-b208-551a-b06c-81ffeff623fc"",""9b6d0913-2ae6-5dab-ab36-d05e1c51b208"",""a27c1fb2-edc1-57e6-9d74-adb5a13fed3b"",""4696448b-8c21-591b-80cc-7344ea0b95ec"",""c1d75a33-928c-5636-b99c-def1fb29e0f5"",""61eebfb6-2555-5bce-ba71-7a750427392a"",""aba074a1-d451-595d-bc12-e257adbe7383"",""1ca34094-ee4d-5962-a78a-174d361a9cd3"",""7edb0577-da07-5c6f-8391-bb90e9822165"",""d7c5d484-54dc-5d1e-a3ac-65d60267a12c"",""f416cc8b-3bc2-5c4c-a91c-c56faf748684""]",,2e2fb1f1-882c-4e45-9585-0c408d1bdefb,False,,[],SQL,M6-evaluator-v1,f8edaecf-8020-4564-bbf4-42b31ddc5d7a,f416cc8b-3bc2-5c4c-a91c-c56faf748684,True,48,,A,Native syntax/boot plus independent intact scaffold control,True,2026-10-08T01:35:41.309359Z,automatic,1,972066a9-40db-412d-b51a-dd1bcb10681b,ca01d777-1bf3-4bae-96d4-974ae4f9359d,1,explicit per metric; exact fractions and decimal display,,M6-evaluator-v1,observed,binary,1,decimal,A
M7-analysis-v5,7753dd3d-102a-5383-af77-d7047c6a615f,5,5e2cd784e68194e6618d1eb854a2f1d53c92faa75346b94870e0f79c1d33a8fc,C-SQL-1,M6-T5-21718017-68b3-4593-82b2-434233e996ea,9001dcb3-7ec3-4a47-a291-fb949d2a317b,5e2cd784e68194e6618d1eb854a2f1d53c92faa75346b94870e0f79c1d33a8fc,79622251-24db-4140-8645-c8b503fbf751,8c6cccdc-37a3-46ac-82a5-a22d1d69000f,f8edaecf-8020-4564-bbf4-42b31ddc5d7a,2d9849af-4973-4fd8-a822-d8a60e17e5f5,81de6e6f-7d67-40af-b2be-f629e89085ed,completed,27b8151da86242809dca0369f6ae8205b3d9e19866f42442c95f91863350f15a,6f7f3a3c-8647-488b-b587-d1d430125ce9,K1,2026-10-08T01:35:41.317928Z,T5,dbb63e68d4ed9e904fa985aa5b88d674205b6caab086a8d981ac8918a9c68fb5,empirical,"[""4afc763c-033e-501c-9c9c-453207d31e62"",""1fed9611-d0cc-51e5-86e7-4ba237c836a2"",""0e4d4039-5409-5be7-a300-ded85e9c22d7"",""1c4afc6f-6679-57b7-ab6b-cec3053e85a1"",""76216ff6-0dab-5f43-913f-741c2deb7596"",""fe7c5fea-171a-5d3e-b93c-b9d53dca7c67"",""784c942d-b222-5013-a2e4-de4aa477a143"",""2f2d84f4-6f41-5df7-a828-cc0a3d9cdddf"",""c68f6332-f200-5595-940d-e5bcad78f1fe"",""54c3aba8-cb42-5023-9591-5cdd68bdd7c5"",""b9ac296e-4c6c-5cdc-9e03-14868c124af2"",""022ddff9-4332-5ba5-b884-42537f220a0c"",""0d262496-18e1-5973-84a6-84fbda64d0ff"",""447860c8-1d56-518b-88ad-7e103990b756"",""616ecfda-7163-5a8d-ba60-01f623d8b124"",""656bacfc-b102-5379-8db2-2f9f127621e0"",""88f2e658-6155-5924-bc85-63fe2aabb08a"",""9f032fb3-90ca-5749-aff5-1065077ac10e"",""4d2e4005-a84b-525b-a492-d367c5e405d0"",""12b20e20-e117-5c00-83bc-e589b92b730e"",""e97a5398-37b9-5e89-91a9-9b3ae48d9534"",""7a8f92c5-5f85-593a-bf90-08e13c60a2e6"",""aa66f5e3-ac0e-57d6-9b69-aa54ea7c4fb9"",""d07b7490-853e-562b-b662-305e89e7718d"",""596c0800-372d-5056-8a35-9f8661656bf4"",""d08816e6-d4d6-5f35-9de3-d86528fa7a96"",""2e126757-f17e-5ee2-93db-94d31ed944b2"",""5e1af4e2-330f-563f-b639-2d3cd8d276c8"",""49cd1889-2a56-5913-8723-929335f68874"",""82b898ba-3b6d-567f-8996-4f259b74547e"",""d38eb7d2-e78b-5c2f-93e4-2e34846e80e6"",""33effc64-dcfe-5ced-badf-c4df49f68dc1"",""a3a03b99-34c0-504b-b529-32b798db318a"",""8b3ec7b0-123f-5597-95f7-1fafc5810d01"",""035c5442-19b8-5a84-8a59-b352a9660279"",""d6d45010-72fa-5741-b733-88958a8795d2"",""ab8215e5-b753-5a6a-a4e7-ad9caf42eeac"",""1b20061c-b208-551a-b06c-81ffeff623fc"",""9b6d0913-2ae6-5dab-ab36-d05e1c51b208"",""a27c1fb2-edc1-57e6-9d74-adb5a13fed3b"",""4696448b-8c21-591b-80cc-7344ea0b95ec"",""c1d75a33-928c-5636-b99c-def1fb29e0f5"",""61eebfb6-2555-5bce-ba71-7a750427392a"",""aba074a1-d451-595d-bc12-e257adbe7383"",""1ca34094-ee4d-5962-a78a-174d361a9cd3"",""7edb0577-da07-5c6f-8391-bb90e9822165"",""d7c5d484-54dc-5d1e-a3ac-65d60267a12c"",""f416cc8b-3bc2-5c4c-a91c-c56faf748684""]",,089b57f9-5b40-448b-8038-6b0a5275ca18,False,,[],SQL,M6-evaluator-v1,f8edaecf-8020-4564-bbf4-42b31ddc5d7a,f416cc8b-3bc2-5c4c-a91c-c56faf748684,True,48,,A,Protected scaffold/allowlist and effective access routes against intact control; other semantic doubt stays open,True,2026-10-08T01:35:41.317915Z,automatic,1,972066a9-40db-412d-b51a-dd1bcb10681b,ca01d777-1bf3-4bae-96d4-974ae4f9359d,1,explicit per metric; exact fractions and decimal display,,M6-evaluator-v1,observed,binary,1,decimal,A
