analysis_version,block_id,block_index,candidate_hash,cell_key,context,data_hash,denominator_sets.BF.complete_pair_block_ids,denominator_sets.BF.missing_ids,denominator_sets.BF.observed_ids,denominator_sets.BF.planned_ids,denominator_sets.SQL.complete_pair_block_ids,denominator_sets.SQL.missing_ids,denominator_sets.SQL.observed_ids,denominator_sets.SQL.planned_ids,denominator_sets.UP.complete_pair_block_ids,denominator_sets.UP.missing_ids,denominator_sets.UP.observed_ids,denominator_sets.UP.planned_ids,display_x,metric,planned_id,run_id,table_unit,value
M7-analysis-v5,2394b234-0bc9-5e4f-b3e2-b83fed46e68b,1,3f7b25cee4fd7476653c5b7444369736cf61ac4199da6648e3573f7618d555da,C-BF-1,K1,dbb63e68d4ed9e904fa985aa5b88d674205b6caab086a8d981ac8918a9c68fb5,"[""2394b234-0bc9-5e4f-b3e2-b83fed46e68b"",""f9faff59-3259-5804-8713-ca7f4006c343"",""0c44d85c-d8d9-572f-b0cb-1e52983adc6c"",""184b05d2-2f8e-5d0c-89a1-eddf992ccdf9"",""7753dd3d-102a-5383-af77-d7047c6a615f""]",[],"[""fe7c5fea-171a-5d3e-b93c-b9d53dca7c67"",""1fed9611-d0cc-51e5-86e7-4ba237c836a2"",""88f2e658-6155-5924-bc85-63fe2aabb08a"",""0d262496-18e1-5973-84a6-84fbda64d0ff"",""d6d45010-72fa-5741-b733-88958a8795d2"",""596c0800-372d-5056-8a35-9f8661656bf4"",""ab8215e5-b753-5a6a-a4e7-ad9caf42eeac"",""1b20061c-b208-551a-b06c-81ffeff623fc"",""aba074a1-d451-595d-bc12-e257adbe7383"",""7edb0577-da07-5c6f-8391-bb90e9822165""]","[""1fed9611-d0cc-51e5-86e7-4ba237c836a2"",""fe7c5fea-171a-5d3e-b93c-b9d53dca7c67"",""0d262496-18e1-5973-84a6-84fbda64d0ff"",""88f2e658-6155-5924-bc85-63fe2aabb08a"",""596c0800-372d-5056-8a35-9f8661656bf4"",""d6d45010-72fa-5741-b733-88958a8795d2"",""ab8215e5-b753-5a6a-a4e7-ad9caf42eeac"",""1b20061c-b208-551a-b06c-81ffeff623fc"",""aba074a1-d451-595d-bc12-e257adbe7383"",""7edb0577-da07-5c6f-8391-bb90e9822165""]","[""2394b234-0bc9-5e4f-b3e2-b83fed46e68b"",""f9faff59-3259-5804-8713-ca7f4006c343"",""0c44d85c-d8d9-572f-b0cb-1e52983adc6c"",""184b05d2-2f8e-5d0c-89a1-eddf992ccdf9"",""7753dd3d-102a-5383-af77-d7047c6a615f""]",[],"[""1c4afc6f-6679-57b7-ab6b-cec3053e85a1"",""022ddff9-4332-5ba5-b884-42537f220a0c"",""9f032fb3-90ca-5749-aff5-1065077ac10e"",""616ecfda-7163-5a8d-ba60-01f623d8b124"",""5e1af4e2-330f-563f-b639-2d3cd8d276c8"",""8b3ec7b0-123f-5597-95f7-1fafc5810d01"",""9b6d0913-2ae6-5dab-ab36-d05e1c51b208"",""c1d75a33-928c-5636-b99c-def1fb29e0f5"",""d7c5d484-54dc-5d1e-a3ac-65d60267a12c"",""f416cc8b-3bc2-5c4c-a91c-c56faf748684""]","[""1c4afc6f-6679-57b7-ab6b-cec3053e85a1"",""022ddff9-4332-5ba5-b884-42537f220a0c"",""616ecfda-7163-5a8d-ba60-01f623d8b124"",""9f032fb3-90ca-5749-aff5-1065077ac10e"",""5e1af4e2-330f-563f-b639-2d3cd8d276c8"",""8b3ec7b0-123f-5597-95f7-1fafc5810d01"",""9b6d0913-2ae6-5dab-ab36-d05e1c51b208"",""c1d75a33-928c-5636-b99c-def1fb29e0f5"",""d7c5d484-54dc-5d1e-a3ac-65d60267a12c"",""f416cc8b-3bc2-5c4c-a91c-c56faf748684""]","[""2394b234-0bc9-5e4f-b3e2-b83fed46e68b"",""f9faff59-3259-5804-8713-ca7f4006c343"",""0c44d85c-d8d9-572f-b0cb-1e52983adc6c"",""184b05d2-2f8e-5d0c-89a1-eddf992ccdf9"",""7753dd3d-102a-5383-af77-d7047c6a615f""]",[],"[""c68f6332-f200-5595-940d-e5bcad78f1fe"",""54c3aba8-cb42-5023-9591-5cdd68bdd7c5"",""656bacfc-b102-5379-8db2-2f9f127621e0"",""447860c8-1d56-518b-88ad-7e103990b756"",""33effc64-dcfe-5ced-badf-c4df49f68dc1"",""82b898ba-3b6d-567f-8996-4f259b74547e"",""a27c1fb2-edc1-57e6-9d74-adb5a13fed3b"",""4696448b-8c21-591b-80cc-7344ea0b95ec"",""1ca34094-ee4d-5962-a78a-174d361a9cd3"",""61eebfb6-2555-5bce-ba71-7a750427392a""]","[""c68f6332-f200-5595-940d-e5bcad78f1fe"",""54c3aba8-cb42-5023-9591-5cdd68bdd7c5"",""447860c8-1d56-518b-88ad-7e103990b756"",""656bacfc-b102-5379-8db2-2f9f127621e0"",""82b898ba-3b6d-567f-8996-4f259b74547e"",""33effc64-dcfe-5ced-badf-c4df49f68dc1"",""a27c1fb2-edc1-57e6-9d74-adb5a13fed3b"",""4696448b-8c21-591b-80cc-7344ea0b95ec"",""61eebfb6-2555-5bce-ba71-7a750427392a"",""1ca34094-ee4d-5962-a78a-174d361a9cd3""]",1.12,S,1fed9611-d0cc-51e5-86e7-4ba237c836a2,adff56bd-3d96-437d-8ee8-4923e1b0b2b9,diagnoses_per_100_lines,0
M7-analysis-v5,2394b234-0bc9-5e4f-b3e2-b83fed46e68b,1,5e0fbfc05fae86466156411ca5406afbafd0bf52c6a8714a5a061a4369bcd6c8,C-UP-1,K1,dbb63e68d4ed9e904fa985aa5b88d674205b6caab086a8d981ac8918a9c68fb5,"[""2394b234-0bc9-5e4f-b3e2-b83fed46e68b"",""f9faff59-3259-5804-8713-ca7f4006c343"",""0c44d85c-d8d9-572f-b0cb-1e52983adc6c"",""184b05d2-2f8e-5d0c-89a1-eddf992ccdf9"",""7753dd3d-102a-5383-af77-d7047c6a615f""]",[],"[""fe7c5fea-171a-5d3e-b93c-b9d53dca7c67"",""1fed9611-d0cc-51e5-86e7-4ba237c836a2"",""88f2e658-6155-5924-bc85-63fe2aabb08a"",""0d262496-18e1-5973-84a6-84fbda64d0ff"",""d6d45010-72fa-5741-b733-88958a8795d2"",""596c0800-372d-5056-8a35-9f8661656bf4"",""ab8215e5-b753-5a6a-a4e7-ad9caf42eeac"",""1b20061c-b208-551a-b06c-81ffeff623fc"",""aba074a1-d451-595d-bc12-e257adbe7383"",""7edb0577-da07-5c6f-8391-bb90e9822165""]","[""1fed9611-d0cc-51e5-86e7-4ba237c836a2"",""fe7c5fea-171a-5d3e-b93c-b9d53dca7c67"",""0d262496-18e1-5973-84a6-84fbda64d0ff"",""88f2e658-6155-5924-bc85-63fe2aabb08a"",""596c0800-372d-5056-8a35-9f8661656bf4"",""d6d45010-72fa-5741-b733-88958a8795d2"",""ab8215e5-b753-5a6a-a4e7-ad9caf42eeac"",""1b20061c-b208-551a-b06c-81ffeff623fc"",""aba074a1-d451-595d-bc12-e257adbe7383"",""7edb0577-da07-5c6f-8391-bb90e9822165""]","[""2394b234-0bc9-5e4f-b3e2-b83fed46e68b"",""f9faff59-3259-5804-8713-ca7f4006c343"",""0c44d85c-d8d9-572f-b0cb-1e52983adc6c"",""184b05d2-2f8e-5d0c-89a1-eddf992ccdf9"",""7753dd3d-102a-5383-af77-d7047c6a615f""]",[],"[""1c4afc6f-6679-57b7-ab6b-cec3053e85a1"",""022ddff9-4332-5ba5-b884-42537f220a0c"",""9f032fb3-90ca-5749-aff5-1065077ac10e"",""616ecfda-7163-5a8d-ba60-01f623d8b124"",""5e1af4e2-330f-563f-b639-2d3cd8d276c8"",""8b3ec7b0-123f-5597-95f7-1fafc5810d01"",""9b6d0913-2ae6-5dab-ab36-d05e1c51b208"",""c1d75a33-928c-5636-b99c-def1fb29e0f5"",""d7c5d484-54dc-5d1e-a3ac-65d60267a12c"",""f416cc8b-3bc2-5c4c-a91c-c56faf748684""]","[""1c4afc6f-6679-57b7-ab6b-cec3053e85a1"",""022ddff9-4332-5ba5-b884-42537f220a0c"",""616ecfda-7163-5a8d-ba60-01f623d8b124"",""9f032fb3-90ca-5749-aff5-1065077ac10e"",""5e1af4e2-330f-563f-b639-2d3cd8d276c8"",""8b3ec7b0-123f-5597-95f7-1fafc5810d01"",""9b6d0913-2ae6-5dab-ab36-d05e1c51b208"",""c1d75a33-928c-5636-b99c-def1fb29e0f5"",""d7c5d484-54dc-5d1e-a3ac-65d60267a12c"",""f416cc8b-3bc2-5c4c-a91c-c56faf748684""]","[""2394b234-0bc9-5e4f-b3e2-b83fed46e68b"",""f9faff59-3259-5804-8713-ca7f4006c343"",""0c44d85c-d8d9-572f-b0cb-1e52983adc6c"",""184b05d2-2f8e-5d0c-89a1-eddf992ccdf9"",""7753dd3d-102a-5383-af77-d7047c6a615f""]",[],"[""c68f6332-f200-5595-940d-e5bcad78f1fe"",""54c3aba8-cb42-5023-9591-5cdd68bdd7c5"",""656bacfc-b102-5379-8db2-2f9f127621e0"",""447860c8-1d56-518b-88ad-7e103990b756"",""33effc64-dcfe-5ced-badf-c4df49f68dc1"",""82b898ba-3b6d-567f-8996-4f259b74547e"",""a27c1fb2-edc1-57e6-9d74-adb5a13fed3b"",""4696448b-8c21-591b-80cc-7344ea0b95ec"",""1ca34094-ee4d-5962-a78a-174d361a9cd3"",""61eebfb6-2555-5bce-ba71-7a750427392a""]","[""c68f6332-f200-5595-940d-e5bcad78f1fe"",""54c3aba8-cb42-5023-9591-5cdd68bdd7c5"",""447860c8-1d56-518b-88ad-7e103990b756"",""656bacfc-b102-5379-8db2-2f9f127621e0"",""82b898ba-3b6d-567f-8996-4f259b74547e"",""33effc64-dcfe-5ced-badf-c4df49f68dc1"",""a27c1fb2-edc1-57e6-9d74-adb5a13fed3b"",""4696448b-8c21-591b-80cc-7344ea0b95ec"",""61eebfb6-2555-5bce-ba71-7a750427392a"",""1ca34094-ee4d-5962-a78a-174d361a9cd3""]",1.12,S,54c3aba8-cb42-5023-9591-5cdd68bdd7c5,6852f6bd-ec09-4aa3-98a6-6aa6065e725e,diagnoses_per_100_lines,100/53
M7-analysis-v5,2394b234-0bc9-5e4f-b3e2-b83fed46e68b,1,ccba2ef5b0e0aacecff5dc4dda7a2f2396b2db7fbe4467b206a640c006dec3b1,C-UP-0,K0,dbb63e68d4ed9e904fa985aa5b88d674205b6caab086a8d981ac8918a9c68fb5,"[""2394b234-0bc9-5e4f-b3e2-b83fed46e68b"",""f9faff59-3259-5804-8713-ca7f4006c343"",""0c44d85c-d8d9-572f-b0cb-1e52983adc6c"",""184b05d2-2f8e-5d0c-89a1-eddf992ccdf9"",""7753dd3d-102a-5383-af77-d7047c6a615f""]",[],"[""fe7c5fea-171a-5d3e-b93c-b9d53dca7c67"",""1fed9611-d0cc-51e5-86e7-4ba237c836a2"",""88f2e658-6155-5924-bc85-63fe2aabb08a"",""0d262496-18e1-5973-84a6-84fbda64d0ff"",""d6d45010-72fa-5741-b733-88958a8795d2"",""596c0800-372d-5056-8a35-9f8661656bf4"",""ab8215e5-b753-5a6a-a4e7-ad9caf42eeac"",""1b20061c-b208-551a-b06c-81ffeff623fc"",""aba074a1-d451-595d-bc12-e257adbe7383"",""7edb0577-da07-5c6f-8391-bb90e9822165""]","[""1fed9611-d0cc-51e5-86e7-4ba237c836a2"",""fe7c5fea-171a-5d3e-b93c-b9d53dca7c67"",""0d262496-18e1-5973-84a6-84fbda64d0ff"",""88f2e658-6155-5924-bc85-63fe2aabb08a"",""596c0800-372d-5056-8a35-9f8661656bf4"",""d6d45010-72fa-5741-b733-88958a8795d2"",""ab8215e5-b753-5a6a-a4e7-ad9caf42eeac"",""1b20061c-b208-551a-b06c-81ffeff623fc"",""aba074a1-d451-595d-bc12-e257adbe7383"",""7edb0577-da07-5c6f-8391-bb90e9822165""]","[""2394b234-0bc9-5e4f-b3e2-b83fed46e68b"",""f9faff59-3259-5804-8713-ca7f4006c343"",""0c44d85c-d8d9-572f-b0cb-1e52983adc6c"",""184b05d2-2f8e-5d0c-89a1-eddf992ccdf9"",""7753dd3d-102a-5383-af77-d7047c6a615f""]",[],"[""1c4afc6f-6679-57b7-ab6b-cec3053e85a1"",""022ddff9-4332-5ba5-b884-42537f220a0c"",""9f032fb3-90ca-5749-aff5-1065077ac10e"",""616ecfda-7163-5a8d-ba60-01f623d8b124"",""5e1af4e2-330f-563f-b639-2d3cd8d276c8"",""8b3ec7b0-123f-5597-95f7-1fafc5810d01"",""9b6d0913-2ae6-5dab-ab36-d05e1c51b208"",""c1d75a33-928c-5636-b99c-def1fb29e0f5"",""d7c5d484-54dc-5d1e-a3ac-65d60267a12c"",""f416cc8b-3bc2-5c4c-a91c-c56faf748684""]","[""1c4afc6f-6679-57b7-ab6b-cec3053e85a1"",""022ddff9-4332-5ba5-b884-42537f220a0c"",""616ecfda-7163-5a8d-ba60-01f623d8b124"",""9f032fb3-90ca-5749-aff5-1065077ac10e"",""5e1af4e2-330f-563f-b639-2d3cd8d276c8"",""8b3ec7b0-123f-5597-95f7-1fafc5810d01"",""9b6d0913-2ae6-5dab-ab36-d05e1c51b208"",""c1d75a33-928c-5636-b99c-def1fb29e0f5"",""d7c5d484-54dc-5d1e-a3ac-65d60267a12c"",""f416cc8b-3bc2-5c4c-a91c-c56faf748684""]","[""2394b234-0bc9-5e4f-b3e2-b83fed46e68b"",""f9faff59-3259-5804-8713-ca7f4006c343"",""0c44d85c-d8d9-572f-b0cb-1e52983adc6c"",""184b05d2-2f8e-5d0c-89a1-eddf992ccdf9"",""7753dd3d-102a-5383-af77-d7047c6a615f""]",[],"[""c68f6332-f200-5595-940d-e5bcad78f1fe"",""54c3aba8-cb42-5023-9591-5cdd68bdd7c5"",""656bacfc-b102-5379-8db2-2f9f127621e0"",""447860c8-1d56-518b-88ad-7e103990b756"",""33effc64-dcfe-5ced-badf-c4df49f68dc1"",""82b898ba-3b6d-567f-8996-4f259b74547e"",""a27c1fb2-edc1-57e6-9d74-adb5a13fed3b"",""4696448b-8c21-591b-80cc-7344ea0b95ec"",""1ca34094-ee4d-5962-a78a-174d361a9cd3"",""61eebfb6-2555-5bce-ba71-7a750427392a""]","[""c68f6332-f200-5595-940d-e5bcad78f1fe"",""54c3aba8-cb42-5023-9591-5cdd68bdd7c5"",""447860c8-1d56-518b-88ad-7e103990b756"",""656bacfc-b102-5379-8db2-2f9f127621e0"",""82b898ba-3b6d-567f-8996-4f259b74547e"",""33effc64-dcfe-5ced-badf-c4df49f68dc1"",""a27c1fb2-edc1-57e6-9d74-adb5a13fed3b"",""4696448b-8c21-591b-80cc-7344ea0b95ec"",""61eebfb6-2555-5bce-ba71-7a750427392a"",""1ca34094-ee4d-5962-a78a-174d361a9cd3""]",0.88,S,c68f6332-f200-5595-940d-e5bcad78f1fe,7cd402ff-ad21-43c9-af63-6dd50d569082,diagnoses_per_100_lines,25/33
M7-analysis-v5,2394b234-0bc9-5e4f-b3e2-b83fed46e68b,1,d209b611d531fdc1b61ed8a2e01309ae3145d8b93453a46e7586c90514390c53,C-SQL-1,K1,dbb63e68d4ed9e904fa985aa5b88d674205b6caab086a8d981ac8918a9c68fb5,"[""2394b234-0bc9-5e4f-b3e2-b83fed46e68b"",""f9faff59-3259-5804-8713-ca7f4006c343"",""0c44d85c-d8d9-572f-b0cb-1e52983adc6c"",""184b05d2-2f8e-5d0c-89a1-eddf992ccdf9"",""7753dd3d-102a-5383-af77-d7047c6a615f""]",[],"[""fe7c5fea-171a-5d3e-b93c-b9d53dca7c67"",""1fed9611-d0cc-51e5-86e7-4ba237c836a2"",""88f2e658-6155-5924-bc85-63fe2aabb08a"",""0d262496-18e1-5973-84a6-84fbda64d0ff"",""d6d45010-72fa-5741-b733-88958a8795d2"",""596c0800-372d-5056-8a35-9f8661656bf4"",""ab8215e5-b753-5a6a-a4e7-ad9caf42eeac"",""1b20061c-b208-551a-b06c-81ffeff623fc"",""aba074a1-d451-595d-bc12-e257adbe7383"",""7edb0577-da07-5c6f-8391-bb90e9822165""]","[""1fed9611-d0cc-51e5-86e7-4ba237c836a2"",""fe7c5fea-171a-5d3e-b93c-b9d53dca7c67"",""0d262496-18e1-5973-84a6-84fbda64d0ff"",""88f2e658-6155-5924-bc85-63fe2aabb08a"",""596c0800-372d-5056-8a35-9f8661656bf4"",""d6d45010-72fa-5741-b733-88958a8795d2"",""ab8215e5-b753-5a6a-a4e7-ad9caf42eeac"",""1b20061c-b208-551a-b06c-81ffeff623fc"",""aba074a1-d451-595d-bc12-e257adbe7383"",""7edb0577-da07-5c6f-8391-bb90e9822165""]","[""2394b234-0bc9-5e4f-b3e2-b83fed46e68b"",""f9faff59-3259-5804-8713-ca7f4006c343"",""0c44d85c-d8d9-572f-b0cb-1e52983adc6c"",""184b05d2-2f8e-5d0c-89a1-eddf992ccdf9"",""7753dd3d-102a-5383-af77-d7047c6a615f""]",[],"[""1c4afc6f-6679-57b7-ab6b-cec3053e85a1"",""022ddff9-4332-5ba5-b884-42537f220a0c"",""9f032fb3-90ca-5749-aff5-1065077ac10e"",""616ecfda-7163-5a8d-ba60-01f623d8b124"",""5e1af4e2-330f-563f-b639-2d3cd8d276c8"",""8b3ec7b0-123f-5597-95f7-1fafc5810d01"",""9b6d0913-2ae6-5dab-ab36-d05e1c51b208"",""c1d75a33-928c-5636-b99c-def1fb29e0f5"",""d7c5d484-54dc-5d1e-a3ac-65d60267a12c"",""f416cc8b-3bc2-5c4c-a91c-c56faf748684""]","[""1c4afc6f-6679-57b7-ab6b-cec3053e85a1"",""022ddff9-4332-5ba5-b884-42537f220a0c"",""616ecfda-7163-5a8d-ba60-01f623d8b124"",""9f032fb3-90ca-5749-aff5-1065077ac10e"",""5e1af4e2-330f-563f-b639-2d3cd8d276c8"",""8b3ec7b0-123f-5597-95f7-1fafc5810d01"",""9b6d0913-2ae6-5dab-ab36-d05e1c51b208"",""c1d75a33-928c-5636-b99c-def1fb29e0f5"",""d7c5d484-54dc-5d1e-a3ac-65d60267a12c"",""f416cc8b-3bc2-5c4c-a91c-c56faf748684""]","[""2394b234-0bc9-5e4f-b3e2-b83fed46e68b"",""f9faff59-3259-5804-8713-ca7f4006c343"",""0c44d85c-d8d9-572f-b0cb-1e52983adc6c"",""184b05d2-2f8e-5d0c-89a1-eddf992ccdf9"",""7753dd3d-102a-5383-af77-d7047c6a615f""]",[],"[""c68f6332-f200-5595-940d-e5bcad78f1fe"",""54c3aba8-cb42-5023-9591-5cdd68bdd7c5"",""656bacfc-b102-5379-8db2-2f9f127621e0"",""447860c8-1d56-518b-88ad-7e103990b756"",""33effc64-dcfe-5ced-badf-c4df49f68dc1"",""82b898ba-3b6d-567f-8996-4f259b74547e"",""a27c1fb2-edc1-57e6-9d74-adb5a13fed3b"",""4696448b-8c21-591b-80cc-7344ea0b95ec"",""1ca34094-ee4d-5962-a78a-174d361a9cd3"",""61eebfb6-2555-5bce-ba71-7a750427392a""]","[""c68f6332-f200-5595-940d-e5bcad78f1fe"",""54c3aba8-cb42-5023-9591-5cdd68bdd7c5"",""447860c8-1d56-518b-88ad-7e103990b756"",""656bacfc-b102-5379-8db2-2f9f127621e0"",""82b898ba-3b6d-567f-8996-4f259b74547e"",""33effc64-dcfe-5ced-badf-c4df49f68dc1"",""a27c1fb2-edc1-57e6-9d74-adb5a13fed3b"",""4696448b-8c21-591b-80cc-7344ea0b95ec"",""61eebfb6-2555-5bce-ba71-7a750427392a"",""1ca34094-ee4d-5962-a78a-174d361a9cd3""]",1.12,S,022ddff9-4332-5ba5-b884-42537f220a0c,a2d1e4bd-ae41-4f2b-8b92-9416f7ffb783,diagnoses_per_100_lines,0
M7-analysis-v5,2394b234-0bc9-5e4f-b3e2-b83fed46e68b,1,f271356ffd8f5b943bef61c4d70ab406e48733c1d29b2b806edcf1d9e2d1263c,C-SQL-0,K0,dbb63e68d4ed9e904fa985aa5b88d674205b6caab086a8d981ac8918a9c68fb5,"[""2394b234-0bc9-5e4f-b3e2-b83fed46e68b"",""f9faff59-3259-5804-8713-ca7f4006c343"",""0c44d85c-d8d9-572f-b0cb-1e52983adc6c"",""184b05d2-2f8e-5d0c-89a1-eddf992ccdf9"",""7753dd3d-102a-5383-af77-d7047c6a615f""]",[],"[""fe7c5fea-171a-5d3e-b93c-b9d53dca7c67"",""1fed9611-d0cc-51e5-86e7-4ba237c836a2"",""88f2e658-6155-5924-bc85-63fe2aabb08a"",""0d262496-18e1-5973-84a6-84fbda64d0ff"",""d6d45010-72fa-5741-b733-88958a8795d2"",""596c0800-372d-5056-8a35-9f8661656bf4"",""ab8215e5-b753-5a6a-a4e7-ad9caf42eeac"",""1b20061c-b208-551a-b06c-81ffeff623fc"",""aba074a1-d451-595d-bc12-e257adbe7383"",""7edb0577-da07-5c6f-8391-bb90e9822165""]","[""1fed9611-d0cc-51e5-86e7-4ba237c836a2"",""fe7c5fea-171a-5d3e-b93c-b9d53dca7c67"",""0d262496-18e1-5973-84a6-84fbda64d0ff"",""88f2e658-6155-5924-bc85-63fe2aabb08a"",""596c0800-372d-5056-8a35-9f8661656bf4"",""d6d45010-72fa-5741-b733-88958a8795d2"",""ab8215e5-b753-5a6a-a4e7-ad9caf42eeac"",""1b20061c-b208-551a-b06c-81ffeff623fc"",""aba074a1-d451-595d-bc12-e257adbe7383"",""7edb0577-da07-5c6f-8391-bb90e9822165""]","[""2394b234-0bc9-5e4f-b3e2-b83fed46e68b"",""f9faff59-3259-5804-8713-ca7f4006c343"",""0c44d85c-d8d9-572f-b0cb-1e52983adc6c"",""184b05d2-2f8e-5d0c-89a1-eddf992ccdf9"",""7753dd3d-102a-5383-af77-d7047c6a615f""]",[],"[""1c4afc6f-6679-57b7-ab6b-cec3053e85a1"",""022ddff9-4332-5ba5-b884-42537f220a0c"",""9f032fb3-90ca-5749-aff5-1065077ac10e"",""616ecfda-7163-5a8d-ba60-01f623d8b124"",""5e1af4e2-330f-563f-b639-2d3cd8d276c8"",""8b3ec7b0-123f-5597-95f7-1fafc5810d01"",""9b6d0913-2ae6-5dab-ab36-d05e1c51b208"",""c1d75a33-928c-5636-b99c-def1fb29e0f5"",""d7c5d484-54dc-5d1e-a3ac-65d60267a12c"",""f416cc8b-3bc2-5c4c-a91c-c56faf748684""]","[""1c4afc6f-6679-57b7-ab6b-cec3053e85a1"",""022ddff9-4332-5ba5-b884-42537f220a0c"",""616ecfda-7163-5a8d-ba60-01f623d8b124"",""9f032fb3-90ca-5749-aff5-1065077ac10e"",""5e1af4e2-330f-563f-b639-2d3cd8d276c8"",""8b3ec7b0-123f-5597-95f7-1fafc5810d01"",""9b6d0913-2ae6-5dab-ab36-d05e1c51b208"",""c1d75a33-928c-5636-b99c-def1fb29e0f5"",""d7c5d484-54dc-5d1e-a3ac-65d60267a12c"",""f416cc8b-3bc2-5c4c-a91c-c56faf748684""]","[""2394b234-0bc9-5e4f-b3e2-b83fed46e68b"",""f9faff59-3259-5804-8713-ca7f4006c343"",""0c44d85c-d8d9-572f-b0cb-1e52983adc6c"",""184b05d2-2f8e-5d0c-89a1-eddf992ccdf9"",""7753dd3d-102a-5383-af77-d7047c6a615f""]",[],"[""c68f6332-f200-5595-940d-e5bcad78f1fe"",""54c3aba8-cb42-5023-9591-5cdd68bdd7c5"",""656bacfc-b102-5379-8db2-2f9f127621e0"",""447860c8-1d56-518b-88ad-7e103990b756"",""33effc64-dcfe-5ced-badf-c4df49f68dc1"",""82b898ba-3b6d-567f-8996-4f259b74547e"",""a27c1fb2-edc1-57e6-9d74-adb5a13fed3b"",""4696448b-8c21-591b-80cc-7344ea0b95ec"",""1ca34094-ee4d-5962-a78a-174d361a9cd3"",""61eebfb6-2555-5bce-ba71-7a750427392a""]","[""c68f6332-f200-5595-940d-e5bcad78f1fe"",""54c3aba8-cb42-5023-9591-5cdd68bdd7c5"",""447860c8-1d56-518b-88ad-7e103990b756"",""656bacfc-b102-5379-8db2-2f9f127621e0"",""82b898ba-3b6d-567f-8996-4f259b74547e"",""33effc64-dcfe-5ced-badf-c4df49f68dc1"",""a27c1fb2-edc1-57e6-9d74-adb5a13fed3b"",""4696448b-8c21-591b-80cc-7344ea0b95ec"",""61eebfb6-2555-5bce-ba71-7a750427392a"",""1ca34094-ee4d-5962-a78a-174d361a9cd3""]",0.88,S,1c4afc6f-6679-57b7-ab6b-cec3053e85a1,3b91cf74-bb6c-467f-ab64-f517331a4cfe,diagnoses_per_100_lines,0
M7-analysis-v5,2394b234-0bc9-5e4f-b3e2-b83fed46e68b,1,f4daa00795d8b8c066ed906a153a4662a3a929fd280a400a6a25b55f1e35f467,C-BF-0,K0,dbb63e68d4ed9e904fa985aa5b88d674205b6caab086a8d981ac8918a9c68fb5,"[""2394b234-0bc9-5e4f-b3e2-b83fed46e68b"",""f9faff59-3259-5804-8713-ca7f4006c343"",""0c44d85c-d8d9-572f-b0cb-1e52983adc6c"",""184b05d2-2f8e-5d0c-89a1-eddf992ccdf9"",""7753dd3d-102a-5383-af77-d7047c6a615f""]",[],"[""fe7c5fea-171a-5d3e-b93c-b9d53dca7c67"",""1fed9611-d0cc-51e5-86e7-4ba237c836a2"",""88f2e658-6155-5924-bc85-63fe2aabb08a"",""0d262496-18e1-5973-84a6-84fbda64d0ff"",""d6d45010-72fa-5741-b733-88958a8795d2"",""596c0800-372d-5056-8a35-9f8661656bf4"",""ab8215e5-b753-5a6a-a4e7-ad9caf42eeac"",""1b20061c-b208-551a-b06c-81ffeff623fc"",""aba074a1-d451-595d-bc12-e257adbe7383"",""7edb0577-da07-5c6f-8391-bb90e9822165""]","[""1fed9611-d0cc-51e5-86e7-4ba237c836a2"",""fe7c5fea-171a-5d3e-b93c-b9d53dca7c67"",""0d262496-18e1-5973-84a6-84fbda64d0ff"",""88f2e658-6155-5924-bc85-63fe2aabb08a"",""596c0800-372d-5056-8a35-9f8661656bf4"",""d6d45010-72fa-5741-b733-88958a8795d2"",""ab8215e5-b753-5a6a-a4e7-ad9caf42eeac"",""1b20061c-b208-551a-b06c-81ffeff623fc"",""aba074a1-d451-595d-bc12-e257adbe7383"",""7edb0577-da07-5c6f-8391-bb90e9822165""]","[""2394b234-0bc9-5e4f-b3e2-b83fed46e68b"",""f9faff59-3259-5804-8713-ca7f4006c343"",""0c44d85c-d8d9-572f-b0cb-1e52983adc6c"",""184b05d2-2f8e-5d0c-89a1-eddf992ccdf9"",""7753dd3d-102a-5383-af77-d7047c6a615f""]",[],"[""1c4afc6f-6679-57b7-ab6b-cec3053e85a1"",""022ddff9-4332-5ba5-b884-42537f220a0c"",""9f032fb3-90ca-5749-aff5-1065077ac10e"",""616ecfda-7163-5a8d-ba60-01f623d8b124"",""5e1af4e2-330f-563f-b639-2d3cd8d276c8"",""8b3ec7b0-123f-5597-95f7-1fafc5810d01"",""9b6d0913-2ae6-5dab-ab36-d05e1c51b208"",""c1d75a33-928c-5636-b99c-def1fb29e0f5"",""d7c5d484-54dc-5d1e-a3ac-65d60267a12c"",""f416cc8b-3bc2-5c4c-a91c-c56faf748684""]","[""1c4afc6f-6679-57b7-ab6b-cec3053e85a1"",""022ddff9-4332-5ba5-b884-42537f220a0c"",""616ecfda-7163-5a8d-ba60-01f623d8b124"",""9f032fb3-90ca-5749-aff5-1065077ac10e"",""5e1af4e2-330f-563f-b639-2d3cd8d276c8"",""8b3ec7b0-123f-5597-95f7-1fafc5810d01"",""9b6d0913-2ae6-5dab-ab36-d05e1c51b208"",""c1d75a33-928c-5636-b99c-def1fb29e0f5"",""d7c5d484-54dc-5d1e-a3ac-65d60267a12c"",""f416cc8b-3bc2-5c4c-a91c-c56faf748684""]","[""2394b234-0bc9-5e4f-b3e2-b83fed46e68b"",""f9faff59-3259-5804-8713-ca7f4006c343"",""0c44d85c-d8d9-572f-b0cb-1e52983adc6c"",""184b05d2-2f8e-5d0c-89a1-eddf992ccdf9"",""7753dd3d-102a-5383-af77-d7047c6a615f""]",[],"[""c68f6332-f200-5595-940d-e5bcad78f1fe"",""54c3aba8-cb42-5023-9591-5cdd68bdd7c5"",""656bacfc-b102-5379-8db2-2f9f127621e0"",""447860c8-1d56-518b-88ad-7e103990b756"",""33effc64-dcfe-5ced-badf-c4df49f68dc1"",""82b898ba-3b6d-567f-8996-4f259b74547e"",""a27c1fb2-edc1-57e6-9d74-adb5a13fed3b"",""4696448b-8c21-591b-80cc-7344ea0b95ec"",""1ca34094-ee4d-5962-a78a-174d361a9cd3"",""61eebfb6-2555-5bce-ba71-7a750427392a""]","[""c68f6332-f200-5595-940d-e5bcad78f1fe"",""54c3aba8-cb42-5023-9591-5cdd68bdd7c5"",""447860c8-1d56-518b-88ad-7e103990b756"",""656bacfc-b102-5379-8db2-2f9f127621e0"",""82b898ba-3b6d-567f-8996-4f259b74547e"",""33effc64-dcfe-5ced-badf-c4df49f68dc1"",""a27c1fb2-edc1-57e6-9d74-adb5a13fed3b"",""4696448b-8c21-591b-80cc-7344ea0b95ec"",""61eebfb6-2555-5bce-ba71-7a750427392a"",""1ca34094-ee4d-5962-a78a-174d361a9cd3""]",0.88,S,fe7c5fea-171a-5d3e-b93c-b9d53dca7c67,322b5c28-24cc-4e55-b016-02ba95419407,diagnoses_per_100_lines,0
M7-analysis-v5,f9faff59-3259-5804-8713-ca7f4006c343,2,12a588a973e24157d490acab23e57ec685cde24dfc7dc6390638cd1317a9a8cc,C-SQL-1,K1,dbb63e68d4ed9e904fa985aa5b88d674205b6caab086a8d981ac8918a9c68fb5,"[""2394b234-0bc9-5e4f-b3e2-b83fed46e68b"",""f9faff59-3259-5804-8713-ca7f4006c343"",""0c44d85c-d8d9-572f-b0cb-1e52983adc6c"",""184b05d2-2f8e-5d0c-89a1-eddf992ccdf9"",""7753dd3d-102a-5383-af77-d7047c6a615f""]",[],"[""fe7c5fea-171a-5d3e-b93c-b9d53dca7c67"",""1fed9611-d0cc-51e5-86e7-4ba237c836a2"",""88f2e658-6155-5924-bc85-63fe2aabb08a"",""0d262496-18e1-5973-84a6-84fbda64d0ff"",""d6d45010-72fa-5741-b733-88958a8795d2"",""596c0800-372d-5056-8a35-9f8661656bf4"",""ab8215e5-b753-5a6a-a4e7-ad9caf42eeac"",""1b20061c-b208-551a-b06c-81ffeff623fc"",""aba074a1-d451-595d-bc12-e257adbe7383"",""7edb0577-da07-5c6f-8391-bb90e9822165""]","[""1fed9611-d0cc-51e5-86e7-4ba237c836a2"",""fe7c5fea-171a-5d3e-b93c-b9d53dca7c67"",""0d262496-18e1-5973-84a6-84fbda64d0ff"",""88f2e658-6155-5924-bc85-63fe2aabb08a"",""596c0800-372d-5056-8a35-9f8661656bf4"",""d6d45010-72fa-5741-b733-88958a8795d2"",""ab8215e5-b753-5a6a-a4e7-ad9caf42eeac"",""1b20061c-b208-551a-b06c-81ffeff623fc"",""aba074a1-d451-595d-bc12-e257adbe7383"",""7edb0577-da07-5c6f-8391-bb90e9822165""]","[""2394b234-0bc9-5e4f-b3e2-b83fed46e68b"",""f9faff59-3259-5804-8713-ca7f4006c343"",""0c44d85c-d8d9-572f-b0cb-1e52983adc6c"",""184b05d2-2f8e-5d0c-89a1-eddf992ccdf9"",""7753dd3d-102a-5383-af77-d7047c6a615f""]",[],"[""1c4afc6f-6679-57b7-ab6b-cec3053e85a1"",""022ddff9-4332-5ba5-b884-42537f220a0c"",""9f032fb3-90ca-5749-aff5-1065077ac10e"",""616ecfda-7163-5a8d-ba60-01f623d8b124"",""5e1af4e2-330f-563f-b639-2d3cd8d276c8"",""8b3ec7b0-123f-5597-95f7-1fafc5810d01"",""9b6d0913-2ae6-5dab-ab36-d05e1c51b208"",""c1d75a33-928c-5636-b99c-def1fb29e0f5"",""d7c5d484-54dc-5d1e-a3ac-65d60267a12c"",""f416cc8b-3bc2-5c4c-a91c-c56faf748684""]","[""1c4afc6f-6679-57b7-ab6b-cec3053e85a1"",""022ddff9-4332-5ba5-b884-42537f220a0c"",""616ecfda-7163-5a8d-ba60-01f623d8b124"",""9f032fb3-90ca-5749-aff5-1065077ac10e"",""5e1af4e2-330f-563f-b639-2d3cd8d276c8"",""8b3ec7b0-123f-5597-95f7-1fafc5810d01"",""9b6d0913-2ae6-5dab-ab36-d05e1c51b208"",""c1d75a33-928c-5636-b99c-def1fb29e0f5"",""d7c5d484-54dc-5d1e-a3ac-65d60267a12c"",""f416cc8b-3bc2-5c4c-a91c-c56faf748684""]","[""2394b234-0bc9-5e4f-b3e2-b83fed46e68b"",""f9faff59-3259-5804-8713-ca7f4006c343"",""0c44d85c-d8d9-572f-b0cb-1e52983adc6c"",""184b05d2-2f8e-5d0c-89a1-eddf992ccdf9"",""7753dd3d-102a-5383-af77-d7047c6a615f""]",[],"[""c68f6332-f200-5595-940d-e5bcad78f1fe"",""54c3aba8-cb42-5023-9591-5cdd68bdd7c5"",""656bacfc-b102-5379-8db2-2f9f127621e0"",""447860c8-1d56-518b-88ad-7e103990b756"",""33effc64-dcfe-5ced-badf-c4df49f68dc1"",""82b898ba-3b6d-567f-8996-4f259b74547e"",""a27c1fb2-edc1-57e6-9d74-adb5a13fed3b"",""4696448b-8c21-591b-80cc-7344ea0b95ec"",""1ca34094-ee4d-5962-a78a-174d361a9cd3"",""61eebfb6-2555-5bce-ba71-7a750427392a""]","[""c68f6332-f200-5595-940d-e5bcad78f1fe"",""54c3aba8-cb42-5023-9591-5cdd68bdd7c5"",""447860c8-1d56-518b-88ad-7e103990b756"",""656bacfc-b102-5379-8db2-2f9f127621e0"",""82b898ba-3b6d-567f-8996-4f259b74547e"",""33effc64-dcfe-5ced-badf-c4df49f68dc1"",""a27c1fb2-edc1-57e6-9d74-adb5a13fed3b"",""4696448b-8c21-591b-80cc-7344ea0b95ec"",""61eebfb6-2555-5bce-ba71-7a750427392a"",""1ca34094-ee4d-5962-a78a-174d361a9cd3""]",2.12,S,616ecfda-7163-5a8d-ba60-01f623d8b124,6c45fdb5-7960-4501-8cf4-04e09f4bcb87,diagnoses_per_100_lines,0
M7-analysis-v5,f9faff59-3259-5804-8713-ca7f4006c343,2,5f359546bb2d8d2beef7b168cb3aa5fee35ca1bfb4149ef3a7f66b8fa5876661,C-BF-1,K1,dbb63e68d4ed9e904fa985aa5b88d674205b6caab086a8d981ac8918a9c68fb5,"[""2394b234-0bc9-5e4f-b3e2-b83fed46e68b"",""f9faff59-3259-5804-8713-ca7f4006c343"",""0c44d85c-d8d9-572f-b0cb-1e52983adc6c"",""184b05d2-2f8e-5d0c-89a1-eddf992ccdf9"",""7753dd3d-102a-5383-af77-d7047c6a615f""]",[],"[""fe7c5fea-171a-5d3e-b93c-b9d53dca7c67"",""1fed9611-d0cc-51e5-86e7-4ba237c836a2"",""88f2e658-6155-5924-bc85-63fe2aabb08a"",""0d262496-18e1-5973-84a6-84fbda64d0ff"",""d6d45010-72fa-5741-b733-88958a8795d2"",""596c0800-372d-5056-8a35-9f8661656bf4"",""ab8215e5-b753-5a6a-a4e7-ad9caf42eeac"",""1b20061c-b208-551a-b06c-81ffeff623fc"",""aba074a1-d451-595d-bc12-e257adbe7383"",""7edb0577-da07-5c6f-8391-bb90e9822165""]","[""1fed9611-d0cc-51e5-86e7-4ba237c836a2"",""fe7c5fea-171a-5d3e-b93c-b9d53dca7c67"",""0d262496-18e1-5973-84a6-84fbda64d0ff"",""88f2e658-6155-5924-bc85-63fe2aabb08a"",""596c0800-372d-5056-8a35-9f8661656bf4"",""d6d45010-72fa-5741-b733-88958a8795d2"",""ab8215e5-b753-5a6a-a4e7-ad9caf42eeac"",""1b20061c-b208-551a-b06c-81ffeff623fc"",""aba074a1-d451-595d-bc12-e257adbe7383"",""7edb0577-da07-5c6f-8391-bb90e9822165""]","[""2394b234-0bc9-5e4f-b3e2-b83fed46e68b"",""f9faff59-3259-5804-8713-ca7f4006c343"",""0c44d85c-d8d9-572f-b0cb-1e52983adc6c"",""184b05d2-2f8e-5d0c-89a1-eddf992ccdf9"",""7753dd3d-102a-5383-af77-d7047c6a615f""]",[],"[""1c4afc6f-6679-57b7-ab6b-cec3053e85a1"",""022ddff9-4332-5ba5-b884-42537f220a0c"",""9f032fb3-90ca-5749-aff5-1065077ac10e"",""616ecfda-7163-5a8d-ba60-01f623d8b124"",""5e1af4e2-330f-563f-b639-2d3cd8d276c8"",""8b3ec7b0-123f-5597-95f7-1fafc5810d01"",""9b6d0913-2ae6-5dab-ab36-d05e1c51b208"",""c1d75a33-928c-5636-b99c-def1fb29e0f5"",""d7c5d484-54dc-5d1e-a3ac-65d60267a12c"",""f416cc8b-3bc2-5c4c-a91c-c56faf748684""]","[""1c4afc6f-6679-57b7-ab6b-cec3053e85a1"",""022ddff9-4332-5ba5-b884-42537f220a0c"",""616ecfda-7163-5a8d-ba60-01f623d8b124"",""9f032fb3-90ca-5749-aff5-1065077ac10e"",""5e1af4e2-330f-563f-b639-2d3cd8d276c8"",""8b3ec7b0-123f-5597-95f7-1fafc5810d01"",""9b6d0913-2ae6-5dab-ab36-d05e1c51b208"",""c1d75a33-928c-5636-b99c-def1fb29e0f5"",""d7c5d484-54dc-5d1e-a3ac-65d60267a12c"",""f416cc8b-3bc2-5c4c-a91c-c56faf748684""]","[""2394b234-0bc9-5e4f-b3e2-b83fed46e68b"",""f9faff59-3259-5804-8713-ca7f4006c343"",""0c44d85c-d8d9-572f-b0cb-1e52983adc6c"",""184b05d2-2f8e-5d0c-89a1-eddf992ccdf9"",""7753dd3d-102a-5383-af77-d7047c6a615f""]",[],"[""c68f6332-f200-5595-940d-e5bcad78f1fe"",""54c3aba8-cb42-5023-9591-5cdd68bdd7c5"",""656bacfc-b102-5379-8db2-2f9f127621e0"",""447860c8-1d56-518b-88ad-7e103990b756"",""33effc64-dcfe-5ced-badf-c4df49f68dc1"",""82b898ba-3b6d-567f-8996-4f259b74547e"",""a27c1fb2-edc1-57e6-9d74-adb5a13fed3b"",""4696448b-8c21-591b-80cc-7344ea0b95ec"",""1ca34094-ee4d-5962-a78a-174d361a9cd3"",""61eebfb6-2555-5bce-ba71-7a750427392a""]","[""c68f6332-f200-5595-940d-e5bcad78f1fe"",""54c3aba8-cb42-5023-9591-5cdd68bdd7c5"",""447860c8-1d56-518b-88ad-7e103990b756"",""656bacfc-b102-5379-8db2-2f9f127621e0"",""82b898ba-3b6d-567f-8996-4f259b74547e"",""33effc64-dcfe-5ced-badf-c4df49f68dc1"",""a27c1fb2-edc1-57e6-9d74-adb5a13fed3b"",""4696448b-8c21-591b-80cc-7344ea0b95ec"",""61eebfb6-2555-5bce-ba71-7a750427392a"",""1ca34094-ee4d-5962-a78a-174d361a9cd3""]",2.12,S,0d262496-18e1-5973-84a6-84fbda64d0ff,c490b29c-6106-45b1-b975-fd9cb9950d81,diagnoses_per_100_lines,100/49
M7-analysis-v5,f9faff59-3259-5804-8713-ca7f4006c343,2,70a33e71cf64cb1bd0f149592270b9746071b252454a55bbfc3f9b46d3e0421c,C-SQL-0,K0,dbb63e68d4ed9e904fa985aa5b88d674205b6caab086a8d981ac8918a9c68fb5,"[""2394b234-0bc9-5e4f-b3e2-b83fed46e68b"",""f9faff59-3259-5804-8713-ca7f4006c343"",""0c44d85c-d8d9-572f-b0cb-1e52983adc6c"",""184b05d2-2f8e-5d0c-89a1-eddf992ccdf9"",""7753dd3d-102a-5383-af77-d7047c6a615f""]",[],"[""fe7c5fea-171a-5d3e-b93c-b9d53dca7c67"",""1fed9611-d0cc-51e5-86e7-4ba237c836a2"",""88f2e658-6155-5924-bc85-63fe2aabb08a"",""0d262496-18e1-5973-84a6-84fbda64d0ff"",""d6d45010-72fa-5741-b733-88958a8795d2"",""596c0800-372d-5056-8a35-9f8661656bf4"",""ab8215e5-b753-5a6a-a4e7-ad9caf42eeac"",""1b20061c-b208-551a-b06c-81ffeff623fc"",""aba074a1-d451-595d-bc12-e257adbe7383"",""7edb0577-da07-5c6f-8391-bb90e9822165""]","[""1fed9611-d0cc-51e5-86e7-4ba237c836a2"",""fe7c5fea-171a-5d3e-b93c-b9d53dca7c67"",""0d262496-18e1-5973-84a6-84fbda64d0ff"",""88f2e658-6155-5924-bc85-63fe2aabb08a"",""596c0800-372d-5056-8a35-9f8661656bf4"",""d6d45010-72fa-5741-b733-88958a8795d2"",""ab8215e5-b753-5a6a-a4e7-ad9caf42eeac"",""1b20061c-b208-551a-b06c-81ffeff623fc"",""aba074a1-d451-595d-bc12-e257adbe7383"",""7edb0577-da07-5c6f-8391-bb90e9822165""]","[""2394b234-0bc9-5e4f-b3e2-b83fed46e68b"",""f9faff59-3259-5804-8713-ca7f4006c343"",""0c44d85c-d8d9-572f-b0cb-1e52983adc6c"",""184b05d2-2f8e-5d0c-89a1-eddf992ccdf9"",""7753dd3d-102a-5383-af77-d7047c6a615f""]",[],"[""1c4afc6f-6679-57b7-ab6b-cec3053e85a1"",""022ddff9-4332-5ba5-b884-42537f220a0c"",""9f032fb3-90ca-5749-aff5-1065077ac10e"",""616ecfda-7163-5a8d-ba60-01f623d8b124"",""5e1af4e2-330f-563f-b639-2d3cd8d276c8"",""8b3ec7b0-123f-5597-95f7-1fafc5810d01"",""9b6d0913-2ae6-5dab-ab36-d05e1c51b208"",""c1d75a33-928c-5636-b99c-def1fb29e0f5"",""d7c5d484-54dc-5d1e-a3ac-65d60267a12c"",""f416cc8b-3bc2-5c4c-a91c-c56faf748684""]","[""1c4afc6f-6679-57b7-ab6b-cec3053e85a1"",""022ddff9-4332-5ba5-b884-42537f220a0c"",""616ecfda-7163-5a8d-ba60-01f623d8b124"",""9f032fb3-90ca-5749-aff5-1065077ac10e"",""5e1af4e2-330f-563f-b639-2d3cd8d276c8"",""8b3ec7b0-123f-5597-95f7-1fafc5810d01"",""9b6d0913-2ae6-5dab-ab36-d05e1c51b208"",""c1d75a33-928c-5636-b99c-def1fb29e0f5"",""d7c5d484-54dc-5d1e-a3ac-65d60267a12c"",""f416cc8b-3bc2-5c4c-a91c-c56faf748684""]","[""2394b234-0bc9-5e4f-b3e2-b83fed46e68b"",""f9faff59-3259-5804-8713-ca7f4006c343"",""0c44d85c-d8d9-572f-b0cb-1e52983adc6c"",""184b05d2-2f8e-5d0c-89a1-eddf992ccdf9"",""7753dd3d-102a-5383-af77-d7047c6a615f""]",[],"[""c68f6332-f200-5595-940d-e5bcad78f1fe"",""54c3aba8-cb42-5023-9591-5cdd68bdd7c5"",""656bacfc-b102-5379-8db2-2f9f127621e0"",""447860c8-1d56-518b-88ad-7e103990b756"",""33effc64-dcfe-5ced-badf-c4df49f68dc1"",""82b898ba-3b6d-567f-8996-4f259b74547e"",""a27c1fb2-edc1-57e6-9d74-adb5a13fed3b"",""4696448b-8c21-591b-80cc-7344ea0b95ec"",""1ca34094-ee4d-5962-a78a-174d361a9cd3"",""61eebfb6-2555-5bce-ba71-7a750427392a""]","[""c68f6332-f200-5595-940d-e5bcad78f1fe"",""54c3aba8-cb42-5023-9591-5cdd68bdd7c5"",""447860c8-1d56-518b-88ad-7e103990b756"",""656bacfc-b102-5379-8db2-2f9f127621e0"",""82b898ba-3b6d-567f-8996-4f259b74547e"",""33effc64-dcfe-5ced-badf-c4df49f68dc1"",""a27c1fb2-edc1-57e6-9d74-adb5a13fed3b"",""4696448b-8c21-591b-80cc-7344ea0b95ec"",""61eebfb6-2555-5bce-ba71-7a750427392a"",""1ca34094-ee4d-5962-a78a-174d361a9cd3""]",1.88,S,9f032fb3-90ca-5749-aff5-1065077ac10e,d0716952-aac2-418b-b525-c9bff75b683c,diagnoses_per_100_lines,0
M7-analysis-v5,f9faff59-3259-5804-8713-ca7f4006c343,2,ab3de02cd2dcb666e4e84e0e76df1f61b62c2df3fb548bf556f8f158f2bf18c7,C-UP-0,K0,dbb63e68d4ed9e904fa985aa5b88d674205b6caab086a8d981ac8918a9c68fb5,"[""2394b234-0bc9-5e4f-b3e2-b83fed46e68b"",""f9faff59-3259-5804-8713-ca7f4006c343"",""0c44d85c-d8d9-572f-b0cb-1e52983adc6c"",""184b05d2-2f8e-5d0c-89a1-eddf992ccdf9"",""7753dd3d-102a-5383-af77-d7047c6a615f""]",[],"[""fe7c5fea-171a-5d3e-b93c-b9d53dca7c67"",""1fed9611-d0cc-51e5-86e7-4ba237c836a2"",""88f2e658-6155-5924-bc85-63fe2aabb08a"",""0d262496-18e1-5973-84a6-84fbda64d0ff"",""d6d45010-72fa-5741-b733-88958a8795d2"",""596c0800-372d-5056-8a35-9f8661656bf4"",""ab8215e5-b753-5a6a-a4e7-ad9caf42eeac"",""1b20061c-b208-551a-b06c-81ffeff623fc"",""aba074a1-d451-595d-bc12-e257adbe7383"",""7edb0577-da07-5c6f-8391-bb90e9822165""]","[""1fed9611-d0cc-51e5-86e7-4ba237c836a2"",""fe7c5fea-171a-5d3e-b93c-b9d53dca7c67"",""0d262496-18e1-5973-84a6-84fbda64d0ff"",""88f2e658-6155-5924-bc85-63fe2aabb08a"",""596c0800-372d-5056-8a35-9f8661656bf4"",""d6d45010-72fa-5741-b733-88958a8795d2"",""ab8215e5-b753-5a6a-a4e7-ad9caf42eeac"",""1b20061c-b208-551a-b06c-81ffeff623fc"",""aba074a1-d451-595d-bc12-e257adbe7383"",""7edb0577-da07-5c6f-8391-bb90e9822165""]","[""2394b234-0bc9-5e4f-b3e2-b83fed46e68b"",""f9faff59-3259-5804-8713-ca7f4006c343"",""0c44d85c-d8d9-572f-b0cb-1e52983adc6c"",""184b05d2-2f8e-5d0c-89a1-eddf992ccdf9"",""7753dd3d-102a-5383-af77-d7047c6a615f""]",[],"[""1c4afc6f-6679-57b7-ab6b-cec3053e85a1"",""022ddff9-4332-5ba5-b884-42537f220a0c"",""9f032fb3-90ca-5749-aff5-1065077ac10e"",""616ecfda-7163-5a8d-ba60-01f623d8b124"",""5e1af4e2-330f-563f-b639-2d3cd8d276c8"",""8b3ec7b0-123f-5597-95f7-1fafc5810d01"",""9b6d0913-2ae6-5dab-ab36-d05e1c51b208"",""c1d75a33-928c-5636-b99c-def1fb29e0f5"",""d7c5d484-54dc-5d1e-a3ac-65d60267a12c"",""f416cc8b-3bc2-5c4c-a91c-c56faf748684""]","[""1c4afc6f-6679-57b7-ab6b-cec3053e85a1"",""022ddff9-4332-5ba5-b884-42537f220a0c"",""616ecfda-7163-5a8d-ba60-01f623d8b124"",""9f032fb3-90ca-5749-aff5-1065077ac10e"",""5e1af4e2-330f-563f-b639-2d3cd8d276c8"",""8b3ec7b0-123f-5597-95f7-1fafc5810d01"",""9b6d0913-2ae6-5dab-ab36-d05e1c51b208"",""c1d75a33-928c-5636-b99c-def1fb29e0f5"",""d7c5d484-54dc-5d1e-a3ac-65d60267a12c"",""f416cc8b-3bc2-5c4c-a91c-c56faf748684""]","[""2394b234-0bc9-5e4f-b3e2-b83fed46e68b"",""f9faff59-3259-5804-8713-ca7f4006c343"",""0c44d85c-d8d9-572f-b0cb-1e52983adc6c"",""184b05d2-2f8e-5d0c-89a1-eddf992ccdf9"",""7753dd3d-102a-5383-af77-d7047c6a615f""]",[],"[""c68f6332-f200-5595-940d-e5bcad78f1fe"",""54c3aba8-cb42-5023-9591-5cdd68bdd7c5"",""656bacfc-b102-5379-8db2-2f9f127621e0"",""447860c8-1d56-518b-88ad-7e103990b756"",""33effc64-dcfe-5ced-badf-c4df49f68dc1"",""82b898ba-3b6d-567f-8996-4f259b74547e"",""a27c1fb2-edc1-57e6-9d74-adb5a13fed3b"",""4696448b-8c21-591b-80cc-7344ea0b95ec"",""1ca34094-ee4d-5962-a78a-174d361a9cd3"",""61eebfb6-2555-5bce-ba71-7a750427392a""]","[""c68f6332-f200-5595-940d-e5bcad78f1fe"",""54c3aba8-cb42-5023-9591-5cdd68bdd7c5"",""447860c8-1d56-518b-88ad-7e103990b756"",""656bacfc-b102-5379-8db2-2f9f127621e0"",""82b898ba-3b6d-567f-8996-4f259b74547e"",""33effc64-dcfe-5ced-badf-c4df49f68dc1"",""a27c1fb2-edc1-57e6-9d74-adb5a13fed3b"",""4696448b-8c21-591b-80cc-7344ea0b95ec"",""61eebfb6-2555-5bce-ba71-7a750427392a"",""1ca34094-ee4d-5962-a78a-174d361a9cd3""]",1.88,S,656bacfc-b102-5379-8db2-2f9f127621e0,91d2cc0f-ca64-4f35-a998-b56d0438b753,diagnoses_per_100_lines,15/8
M7-analysis-v5,f9faff59-3259-5804-8713-ca7f4006c343,2,d34b62b0247cfed84c639c1428d6133b9ccb95cbad7b52132414c2c4b1df51d2,C-BF-0,K0,dbb63e68d4ed9e904fa985aa5b88d674205b6caab086a8d981ac8918a9c68fb5,"[""2394b234-0bc9-5e4f-b3e2-b83fed46e68b"",""f9faff59-3259-5804-8713-ca7f4006c343"",""0c44d85c-d8d9-572f-b0cb-1e52983adc6c"",""184b05d2-2f8e-5d0c-89a1-eddf992ccdf9"",""7753dd3d-102a-5383-af77-d7047c6a615f""]",[],"[""fe7c5fea-171a-5d3e-b93c-b9d53dca7c67"",""1fed9611-d0cc-51e5-86e7-4ba237c836a2"",""88f2e658-6155-5924-bc85-63fe2aabb08a"",""0d262496-18e1-5973-84a6-84fbda64d0ff"",""d6d45010-72fa-5741-b733-88958a8795d2"",""596c0800-372d-5056-8a35-9f8661656bf4"",""ab8215e5-b753-5a6a-a4e7-ad9caf42eeac"",""1b20061c-b208-551a-b06c-81ffeff623fc"",""aba074a1-d451-595d-bc12-e257adbe7383"",""7edb0577-da07-5c6f-8391-bb90e9822165""]","[""1fed9611-d0cc-51e5-86e7-4ba237c836a2"",""fe7c5fea-171a-5d3e-b93c-b9d53dca7c67"",""0d262496-18e1-5973-84a6-84fbda64d0ff"",""88f2e658-6155-5924-bc85-63fe2aabb08a"",""596c0800-372d-5056-8a35-9f8661656bf4"",""d6d45010-72fa-5741-b733-88958a8795d2"",""ab8215e5-b753-5a6a-a4e7-ad9caf42eeac"",""1b20061c-b208-551a-b06c-81ffeff623fc"",""aba074a1-d451-595d-bc12-e257adbe7383"",""7edb0577-da07-5c6f-8391-bb90e9822165""]","[""2394b234-0bc9-5e4f-b3e2-b83fed46e68b"",""f9faff59-3259-5804-8713-ca7f4006c343"",""0c44d85c-d8d9-572f-b0cb-1e52983adc6c"",""184b05d2-2f8e-5d0c-89a1-eddf992ccdf9"",""7753dd3d-102a-5383-af77-d7047c6a615f""]",[],"[""1c4afc6f-6679-57b7-ab6b-cec3053e85a1"",""022ddff9-4332-5ba5-b884-42537f220a0c"",""9f032fb3-90ca-5749-aff5-1065077ac10e"",""616ecfda-7163-5a8d-ba60-01f623d8b124"",""5e1af4e2-330f-563f-b639-2d3cd8d276c8"",""8b3ec7b0-123f-5597-95f7-1fafc5810d01"",""9b6d0913-2ae6-5dab-ab36-d05e1c51b208"",""c1d75a33-928c-5636-b99c-def1fb29e0f5"",""d7c5d484-54dc-5d1e-a3ac-65d60267a12c"",""f416cc8b-3bc2-5c4c-a91c-c56faf748684""]","[""1c4afc6f-6679-57b7-ab6b-cec3053e85a1"",""022ddff9-4332-5ba5-b884-42537f220a0c"",""616ecfda-7163-5a8d-ba60-01f623d8b124"",""9f032fb3-90ca-5749-aff5-1065077ac10e"",""5e1af4e2-330f-563f-b639-2d3cd8d276c8"",""8b3ec7b0-123f-5597-95f7-1fafc5810d01"",""9b6d0913-2ae6-5dab-ab36-d05e1c51b208"",""c1d75a33-928c-5636-b99c-def1fb29e0f5"",""d7c5d484-54dc-5d1e-a3ac-65d60267a12c"",""f416cc8b-3bc2-5c4c-a91c-c56faf748684""]","[""2394b234-0bc9-5e4f-b3e2-b83fed46e68b"",""f9faff59-3259-5804-8713-ca7f4006c343"",""0c44d85c-d8d9-572f-b0cb-1e52983adc6c"",""184b05d2-2f8e-5d0c-89a1-eddf992ccdf9"",""7753dd3d-102a-5383-af77-d7047c6a615f""]",[],"[""c68f6332-f200-5595-940d-e5bcad78f1fe"",""54c3aba8-cb42-5023-9591-5cdd68bdd7c5"",""656bacfc-b102-5379-8db2-2f9f127621e0"",""447860c8-1d56-518b-88ad-7e103990b756"",""33effc64-dcfe-5ced-badf-c4df49f68dc1"",""82b898ba-3b6d-567f-8996-4f259b74547e"",""a27c1fb2-edc1-57e6-9d74-adb5a13fed3b"",""4696448b-8c21-591b-80cc-7344ea0b95ec"",""1ca34094-ee4d-5962-a78a-174d361a9cd3"",""61eebfb6-2555-5bce-ba71-7a750427392a""]","[""c68f6332-f200-5595-940d-e5bcad78f1fe"",""54c3aba8-cb42-5023-9591-5cdd68bdd7c5"",""447860c8-1d56-518b-88ad-7e103990b756"",""656bacfc-b102-5379-8db2-2f9f127621e0"",""82b898ba-3b6d-567f-8996-4f259b74547e"",""33effc64-dcfe-5ced-badf-c4df49f68dc1"",""a27c1fb2-edc1-57e6-9d74-adb5a13fed3b"",""4696448b-8c21-591b-80cc-7344ea0b95ec"",""61eebfb6-2555-5bce-ba71-7a750427392a"",""1ca34094-ee4d-5962-a78a-174d361a9cd3""]",1.88,S,88f2e658-6155-5924-bc85-63fe2aabb08a,9a92774e-b5f2-4bd4-9f9b-0a480a4316de,diagnoses_per_100_lines,0
M7-analysis-v5,f9faff59-3259-5804-8713-ca7f4006c343,2,e9cf9cb8af782dba885623dfbfd60980d42e42259e9654ecae36f604b6513896,C-UP-1,K1,dbb63e68d4ed9e904fa985aa5b88d674205b6caab086a8d981ac8918a9c68fb5,"[""2394b234-0bc9-5e4f-b3e2-b83fed46e68b"",""f9faff59-3259-5804-8713-ca7f4006c343"",""0c44d85c-d8d9-572f-b0cb-1e52983adc6c"",""184b05d2-2f8e-5d0c-89a1-eddf992ccdf9"",""7753dd3d-102a-5383-af77-d7047c6a615f""]",[],"[""fe7c5fea-171a-5d3e-b93c-b9d53dca7c67"",""1fed9611-d0cc-51e5-86e7-4ba237c836a2"",""88f2e658-6155-5924-bc85-63fe2aabb08a"",""0d262496-18e1-5973-84a6-84fbda64d0ff"",""d6d45010-72fa-5741-b733-88958a8795d2"",""596c0800-372d-5056-8a35-9f8661656bf4"",""ab8215e5-b753-5a6a-a4e7-ad9caf42eeac"",""1b20061c-b208-551a-b06c-81ffeff623fc"",""aba074a1-d451-595d-bc12-e257adbe7383"",""7edb0577-da07-5c6f-8391-bb90e9822165""]","[""1fed9611-d0cc-51e5-86e7-4ba237c836a2"",""fe7c5fea-171a-5d3e-b93c-b9d53dca7c67"",""0d262496-18e1-5973-84a6-84fbda64d0ff"",""88f2e658-6155-5924-bc85-63fe2aabb08a"",""596c0800-372d-5056-8a35-9f8661656bf4"",""d6d45010-72fa-5741-b733-88958a8795d2"",""ab8215e5-b753-5a6a-a4e7-ad9caf42eeac"",""1b20061c-b208-551a-b06c-81ffeff623fc"",""aba074a1-d451-595d-bc12-e257adbe7383"",""7edb0577-da07-5c6f-8391-bb90e9822165""]","[""2394b234-0bc9-5e4f-b3e2-b83fed46e68b"",""f9faff59-3259-5804-8713-ca7f4006c343"",""0c44d85c-d8d9-572f-b0cb-1e52983adc6c"",""184b05d2-2f8e-5d0c-89a1-eddf992ccdf9"",""7753dd3d-102a-5383-af77-d7047c6a615f""]",[],"[""1c4afc6f-6679-57b7-ab6b-cec3053e85a1"",""022ddff9-4332-5ba5-b884-42537f220a0c"",""9f032fb3-90ca-5749-aff5-1065077ac10e"",""616ecfda-7163-5a8d-ba60-01f623d8b124"",""5e1af4e2-330f-563f-b639-2d3cd8d276c8"",""8b3ec7b0-123f-5597-95f7-1fafc5810d01"",""9b6d0913-2ae6-5dab-ab36-d05e1c51b208"",""c1d75a33-928c-5636-b99c-def1fb29e0f5"",""d7c5d484-54dc-5d1e-a3ac-65d60267a12c"",""f416cc8b-3bc2-5c4c-a91c-c56faf748684""]","[""1c4afc6f-6679-57b7-ab6b-cec3053e85a1"",""022ddff9-4332-5ba5-b884-42537f220a0c"",""616ecfda-7163-5a8d-ba60-01f623d8b124"",""9f032fb3-90ca-5749-aff5-1065077ac10e"",""5e1af4e2-330f-563f-b639-2d3cd8d276c8"",""8b3ec7b0-123f-5597-95f7-1fafc5810d01"",""9b6d0913-2ae6-5dab-ab36-d05e1c51b208"",""c1d75a33-928c-5636-b99c-def1fb29e0f5"",""d7c5d484-54dc-5d1e-a3ac-65d60267a12c"",""f416cc8b-3bc2-5c4c-a91c-c56faf748684""]","[""2394b234-0bc9-5e4f-b3e2-b83fed46e68b"",""f9faff59-3259-5804-8713-ca7f4006c343"",""0c44d85c-d8d9-572f-b0cb-1e52983adc6c"",""184b05d2-2f8e-5d0c-89a1-eddf992ccdf9"",""7753dd3d-102a-5383-af77-d7047c6a615f""]",[],"[""c68f6332-f200-5595-940d-e5bcad78f1fe"",""54c3aba8-cb42-5023-9591-5cdd68bdd7c5"",""656bacfc-b102-5379-8db2-2f9f127621e0"",""447860c8-1d56-518b-88ad-7e103990b756"",""33effc64-dcfe-5ced-badf-c4df49f68dc1"",""82b898ba-3b6d-567f-8996-4f259b74547e"",""a27c1fb2-edc1-57e6-9d74-adb5a13fed3b"",""4696448b-8c21-591b-80cc-7344ea0b95ec"",""1ca34094-ee4d-5962-a78a-174d361a9cd3"",""61eebfb6-2555-5bce-ba71-7a750427392a""]","[""c68f6332-f200-5595-940d-e5bcad78f1fe"",""54c3aba8-cb42-5023-9591-5cdd68bdd7c5"",""447860c8-1d56-518b-88ad-7e103990b756"",""656bacfc-b102-5379-8db2-2f9f127621e0"",""82b898ba-3b6d-567f-8996-4f259b74547e"",""33effc64-dcfe-5ced-badf-c4df49f68dc1"",""a27c1fb2-edc1-57e6-9d74-adb5a13fed3b"",""4696448b-8c21-591b-80cc-7344ea0b95ec"",""61eebfb6-2555-5bce-ba71-7a750427392a"",""1ca34094-ee4d-5962-a78a-174d361a9cd3""]",2.12,S,447860c8-1d56-518b-88ad-7e103990b756,cfeaa0aa-6dd8-4858-8882-fd4719f86af4,diagnoses_per_100_lines,100/33
M7-analysis-v5,0c44d85c-d8d9-572f-b0cb-1e52983adc6c,3,12be8f9c519e2ba6a01e3c8eeac872eaf9912c54286cc3624b027d50b2de078a,C-SQL-0,K0,dbb63e68d4ed9e904fa985aa5b88d674205b6caab086a8d981ac8918a9c68fb5,"[""2394b234-0bc9-5e4f-b3e2-b83fed46e68b"",""f9faff59-3259-5804-8713-ca7f4006c343"",""0c44d85c-d8d9-572f-b0cb-1e52983adc6c"",""184b05d2-2f8e-5d0c-89a1-eddf992ccdf9"",""7753dd3d-102a-5383-af77-d7047c6a615f""]",[],"[""fe7c5fea-171a-5d3e-b93c-b9d53dca7c67"",""1fed9611-d0cc-51e5-86e7-4ba237c836a2"",""88f2e658-6155-5924-bc85-63fe2aabb08a"",""0d262496-18e1-5973-84a6-84fbda64d0ff"",""d6d45010-72fa-5741-b733-88958a8795d2"",""596c0800-372d-5056-8a35-9f8661656bf4"",""ab8215e5-b753-5a6a-a4e7-ad9caf42eeac"",""1b20061c-b208-551a-b06c-81ffeff623fc"",""aba074a1-d451-595d-bc12-e257adbe7383"",""7edb0577-da07-5c6f-8391-bb90e9822165""]","[""1fed9611-d0cc-51e5-86e7-4ba237c836a2"",""fe7c5fea-171a-5d3e-b93c-b9d53dca7c67"",""0d262496-18e1-5973-84a6-84fbda64d0ff"",""88f2e658-6155-5924-bc85-63fe2aabb08a"",""596c0800-372d-5056-8a35-9f8661656bf4"",""d6d45010-72fa-5741-b733-88958a8795d2"",""ab8215e5-b753-5a6a-a4e7-ad9caf42eeac"",""1b20061c-b208-551a-b06c-81ffeff623fc"",""aba074a1-d451-595d-bc12-e257adbe7383"",""7edb0577-da07-5c6f-8391-bb90e9822165""]","[""2394b234-0bc9-5e4f-b3e2-b83fed46e68b"",""f9faff59-3259-5804-8713-ca7f4006c343"",""0c44d85c-d8d9-572f-b0cb-1e52983adc6c"",""184b05d2-2f8e-5d0c-89a1-eddf992ccdf9"",""7753dd3d-102a-5383-af77-d7047c6a615f""]",[],"[""1c4afc6f-6679-57b7-ab6b-cec3053e85a1"",""022ddff9-4332-5ba5-b884-42537f220a0c"",""9f032fb3-90ca-5749-aff5-1065077ac10e"",""616ecfda-7163-5a8d-ba60-01f623d8b124"",""5e1af4e2-330f-563f-b639-2d3cd8d276c8"",""8b3ec7b0-123f-5597-95f7-1fafc5810d01"",""9b6d0913-2ae6-5dab-ab36-d05e1c51b208"",""c1d75a33-928c-5636-b99c-def1fb29e0f5"",""d7c5d484-54dc-5d1e-a3ac-65d60267a12c"",""f416cc8b-3bc2-5c4c-a91c-c56faf748684""]","[""1c4afc6f-6679-57b7-ab6b-cec3053e85a1"",""022ddff9-4332-5ba5-b884-42537f220a0c"",""616ecfda-7163-5a8d-ba60-01f623d8b124"",""9f032fb3-90ca-5749-aff5-1065077ac10e"",""5e1af4e2-330f-563f-b639-2d3cd8d276c8"",""8b3ec7b0-123f-5597-95f7-1fafc5810d01"",""9b6d0913-2ae6-5dab-ab36-d05e1c51b208"",""c1d75a33-928c-5636-b99c-def1fb29e0f5"",""d7c5d484-54dc-5d1e-a3ac-65d60267a12c"",""f416cc8b-3bc2-5c4c-a91c-c56faf748684""]","[""2394b234-0bc9-5e4f-b3e2-b83fed46e68b"",""f9faff59-3259-5804-8713-ca7f4006c343"",""0c44d85c-d8d9-572f-b0cb-1e52983adc6c"",""184b05d2-2f8e-5d0c-89a1-eddf992ccdf9"",""7753dd3d-102a-5383-af77-d7047c6a615f""]",[],"[""c68f6332-f200-5595-940d-e5bcad78f1fe"",""54c3aba8-cb42-5023-9591-5cdd68bdd7c5"",""656bacfc-b102-5379-8db2-2f9f127621e0"",""447860c8-1d56-518b-88ad-7e103990b756"",""33effc64-dcfe-5ced-badf-c4df49f68dc1"",""82b898ba-3b6d-567f-8996-4f259b74547e"",""a27c1fb2-edc1-57e6-9d74-adb5a13fed3b"",""4696448b-8c21-591b-80cc-7344ea0b95ec"",""1ca34094-ee4d-5962-a78a-174d361a9cd3"",""61eebfb6-2555-5bce-ba71-7a750427392a""]","[""c68f6332-f200-5595-940d-e5bcad78f1fe"",""54c3aba8-cb42-5023-9591-5cdd68bdd7c5"",""447860c8-1d56-518b-88ad-7e103990b756"",""656bacfc-b102-5379-8db2-2f9f127621e0"",""82b898ba-3b6d-567f-8996-4f259b74547e"",""33effc64-dcfe-5ced-badf-c4df49f68dc1"",""a27c1fb2-edc1-57e6-9d74-adb5a13fed3b"",""4696448b-8c21-591b-80cc-7344ea0b95ec"",""61eebfb6-2555-5bce-ba71-7a750427392a"",""1ca34094-ee4d-5962-a78a-174d361a9cd3""]",2.88,S,5e1af4e2-330f-563f-b639-2d3cd8d276c8,83921993-d57b-4192-9eac-70f2b859971e,diagnoses_per_100_lines,0
M7-analysis-v5,0c44d85c-d8d9-572f-b0cb-1e52983adc6c,3,2f39dc921e759f25a00ada18fb11a07038e6d909b1e250ac0cd5b547b90f39e0,C-BF-1,K1,dbb63e68d4ed9e904fa985aa5b88d674205b6caab086a8d981ac8918a9c68fb5,"[""2394b234-0bc9-5e4f-b3e2-b83fed46e68b"",""f9faff59-3259-5804-8713-ca7f4006c343"",""0c44d85c-d8d9-572f-b0cb-1e52983adc6c"",""184b05d2-2f8e-5d0c-89a1-eddf992ccdf9"",""7753dd3d-102a-5383-af77-d7047c6a615f""]",[],"[""fe7c5fea-171a-5d3e-b93c-b9d53dca7c67"",""1fed9611-d0cc-51e5-86e7-4ba237c836a2"",""88f2e658-6155-5924-bc85-63fe2aabb08a"",""0d262496-18e1-5973-84a6-84fbda64d0ff"",""d6d45010-72fa-5741-b733-88958a8795d2"",""596c0800-372d-5056-8a35-9f8661656bf4"",""ab8215e5-b753-5a6a-a4e7-ad9caf42eeac"",""1b20061c-b208-551a-b06c-81ffeff623fc"",""aba074a1-d451-595d-bc12-e257adbe7383"",""7edb0577-da07-5c6f-8391-bb90e9822165""]","[""1fed9611-d0cc-51e5-86e7-4ba237c836a2"",""fe7c5fea-171a-5d3e-b93c-b9d53dca7c67"",""0d262496-18e1-5973-84a6-84fbda64d0ff"",""88f2e658-6155-5924-bc85-63fe2aabb08a"",""596c0800-372d-5056-8a35-9f8661656bf4"",""d6d45010-72fa-5741-b733-88958a8795d2"",""ab8215e5-b753-5a6a-a4e7-ad9caf42eeac"",""1b20061c-b208-551a-b06c-81ffeff623fc"",""aba074a1-d451-595d-bc12-e257adbe7383"",""7edb0577-da07-5c6f-8391-bb90e9822165""]","[""2394b234-0bc9-5e4f-b3e2-b83fed46e68b"",""f9faff59-3259-5804-8713-ca7f4006c343"",""0c44d85c-d8d9-572f-b0cb-1e52983adc6c"",""184b05d2-2f8e-5d0c-89a1-eddf992ccdf9"",""7753dd3d-102a-5383-af77-d7047c6a615f""]",[],"[""1c4afc6f-6679-57b7-ab6b-cec3053e85a1"",""022ddff9-4332-5ba5-b884-42537f220a0c"",""9f032fb3-90ca-5749-aff5-1065077ac10e"",""616ecfda-7163-5a8d-ba60-01f623d8b124"",""5e1af4e2-330f-563f-b639-2d3cd8d276c8"",""8b3ec7b0-123f-5597-95f7-1fafc5810d01"",""9b6d0913-2ae6-5dab-ab36-d05e1c51b208"",""c1d75a33-928c-5636-b99c-def1fb29e0f5"",""d7c5d484-54dc-5d1e-a3ac-65d60267a12c"",""f416cc8b-3bc2-5c4c-a91c-c56faf748684""]","[""1c4afc6f-6679-57b7-ab6b-cec3053e85a1"",""022ddff9-4332-5ba5-b884-42537f220a0c"",""616ecfda-7163-5a8d-ba60-01f623d8b124"",""9f032fb3-90ca-5749-aff5-1065077ac10e"",""5e1af4e2-330f-563f-b639-2d3cd8d276c8"",""8b3ec7b0-123f-5597-95f7-1fafc5810d01"",""9b6d0913-2ae6-5dab-ab36-d05e1c51b208"",""c1d75a33-928c-5636-b99c-def1fb29e0f5"",""d7c5d484-54dc-5d1e-a3ac-65d60267a12c"",""f416cc8b-3bc2-5c4c-a91c-c56faf748684""]","[""2394b234-0bc9-5e4f-b3e2-b83fed46e68b"",""f9faff59-3259-5804-8713-ca7f4006c343"",""0c44d85c-d8d9-572f-b0cb-1e52983adc6c"",""184b05d2-2f8e-5d0c-89a1-eddf992ccdf9"",""7753dd3d-102a-5383-af77-d7047c6a615f""]",[],"[""c68f6332-f200-5595-940d-e5bcad78f1fe"",""54c3aba8-cb42-5023-9591-5cdd68bdd7c5"",""656bacfc-b102-5379-8db2-2f9f127621e0"",""447860c8-1d56-518b-88ad-7e103990b756"",""33effc64-dcfe-5ced-badf-c4df49f68dc1"",""82b898ba-3b6d-567f-8996-4f259b74547e"",""a27c1fb2-edc1-57e6-9d74-adb5a13fed3b"",""4696448b-8c21-591b-80cc-7344ea0b95ec"",""1ca34094-ee4d-5962-a78a-174d361a9cd3"",""61eebfb6-2555-5bce-ba71-7a750427392a""]","[""c68f6332-f200-5595-940d-e5bcad78f1fe"",""54c3aba8-cb42-5023-9591-5cdd68bdd7c5"",""447860c8-1d56-518b-88ad-7e103990b756"",""656bacfc-b102-5379-8db2-2f9f127621e0"",""82b898ba-3b6d-567f-8996-4f259b74547e"",""33effc64-dcfe-5ced-badf-c4df49f68dc1"",""a27c1fb2-edc1-57e6-9d74-adb5a13fed3b"",""4696448b-8c21-591b-80cc-7344ea0b95ec"",""61eebfb6-2555-5bce-ba71-7a750427392a"",""1ca34094-ee4d-5962-a78a-174d361a9cd3""]",3.12,S,596c0800-372d-5056-8a35-9f8661656bf4,11197ac3-74e7-49be-b708-accc9dbbf5d0,diagnoses_per_100_lines,0
M7-analysis-v5,0c44d85c-d8d9-572f-b0cb-1e52983adc6c,3,3364aaff15489d73e0f438972fb88f9fcc3ecc893f96ede62a2565a1fe2e5f5d,C-UP-0,K0,dbb63e68d4ed9e904fa985aa5b88d674205b6caab086a8d981ac8918a9c68fb5,"[""2394b234-0bc9-5e4f-b3e2-b83fed46e68b"",""f9faff59-3259-5804-8713-ca7f4006c343"",""0c44d85c-d8d9-572f-b0cb-1e52983adc6c"",""184b05d2-2f8e-5d0c-89a1-eddf992ccdf9"",""7753dd3d-102a-5383-af77-d7047c6a615f""]",[],"[""fe7c5fea-171a-5d3e-b93c-b9d53dca7c67"",""1fed9611-d0cc-51e5-86e7-4ba237c836a2"",""88f2e658-6155-5924-bc85-63fe2aabb08a"",""0d262496-18e1-5973-84a6-84fbda64d0ff"",""d6d45010-72fa-5741-b733-88958a8795d2"",""596c0800-372d-5056-8a35-9f8661656bf4"",""ab8215e5-b753-5a6a-a4e7-ad9caf42eeac"",""1b20061c-b208-551a-b06c-81ffeff623fc"",""aba074a1-d451-595d-bc12-e257adbe7383"",""7edb0577-da07-5c6f-8391-bb90e9822165""]","[""1fed9611-d0cc-51e5-86e7-4ba237c836a2"",""fe7c5fea-171a-5d3e-b93c-b9d53dca7c67"",""0d262496-18e1-5973-84a6-84fbda64d0ff"",""88f2e658-6155-5924-bc85-63fe2aabb08a"",""596c0800-372d-5056-8a35-9f8661656bf4"",""d6d45010-72fa-5741-b733-88958a8795d2"",""ab8215e5-b753-5a6a-a4e7-ad9caf42eeac"",""1b20061c-b208-551a-b06c-81ffeff623fc"",""aba074a1-d451-595d-bc12-e257adbe7383"",""7edb0577-da07-5c6f-8391-bb90e9822165""]","[""2394b234-0bc9-5e4f-b3e2-b83fed46e68b"",""f9faff59-3259-5804-8713-ca7f4006c343"",""0c44d85c-d8d9-572f-b0cb-1e52983adc6c"",""184b05d2-2f8e-5d0c-89a1-eddf992ccdf9"",""7753dd3d-102a-5383-af77-d7047c6a615f""]",[],"[""1c4afc6f-6679-57b7-ab6b-cec3053e85a1"",""022ddff9-4332-5ba5-b884-42537f220a0c"",""9f032fb3-90ca-5749-aff5-1065077ac10e"",""616ecfda-7163-5a8d-ba60-01f623d8b124"",""5e1af4e2-330f-563f-b639-2d3cd8d276c8"",""8b3ec7b0-123f-5597-95f7-1fafc5810d01"",""9b6d0913-2ae6-5dab-ab36-d05e1c51b208"",""c1d75a33-928c-5636-b99c-def1fb29e0f5"",""d7c5d484-54dc-5d1e-a3ac-65d60267a12c"",""f416cc8b-3bc2-5c4c-a91c-c56faf748684""]","[""1c4afc6f-6679-57b7-ab6b-cec3053e85a1"",""022ddff9-4332-5ba5-b884-42537f220a0c"",""616ecfda-7163-5a8d-ba60-01f623d8b124"",""9f032fb3-90ca-5749-aff5-1065077ac10e"",""5e1af4e2-330f-563f-b639-2d3cd8d276c8"",""8b3ec7b0-123f-5597-95f7-1fafc5810d01"",""9b6d0913-2ae6-5dab-ab36-d05e1c51b208"",""c1d75a33-928c-5636-b99c-def1fb29e0f5"",""d7c5d484-54dc-5d1e-a3ac-65d60267a12c"",""f416cc8b-3bc2-5c4c-a91c-c56faf748684""]","[""2394b234-0bc9-5e4f-b3e2-b83fed46e68b"",""f9faff59-3259-5804-8713-ca7f4006c343"",""0c44d85c-d8d9-572f-b0cb-1e52983adc6c"",""184b05d2-2f8e-5d0c-89a1-eddf992ccdf9"",""7753dd3d-102a-5383-af77-d7047c6a615f""]",[],"[""c68f6332-f200-5595-940d-e5bcad78f1fe"",""54c3aba8-cb42-5023-9591-5cdd68bdd7c5"",""656bacfc-b102-5379-8db2-2f9f127621e0"",""447860c8-1d56-518b-88ad-7e103990b756"",""33effc64-dcfe-5ced-badf-c4df49f68dc1"",""82b898ba-3b6d-567f-8996-4f259b74547e"",""a27c1fb2-edc1-57e6-9d74-adb5a13fed3b"",""4696448b-8c21-591b-80cc-7344ea0b95ec"",""1ca34094-ee4d-5962-a78a-174d361a9cd3"",""61eebfb6-2555-5bce-ba71-7a750427392a""]","[""c68f6332-f200-5595-940d-e5bcad78f1fe"",""54c3aba8-cb42-5023-9591-5cdd68bdd7c5"",""447860c8-1d56-518b-88ad-7e103990b756"",""656bacfc-b102-5379-8db2-2f9f127621e0"",""82b898ba-3b6d-567f-8996-4f259b74547e"",""33effc64-dcfe-5ced-badf-c4df49f68dc1"",""a27c1fb2-edc1-57e6-9d74-adb5a13fed3b"",""4696448b-8c21-591b-80cc-7344ea0b95ec"",""61eebfb6-2555-5bce-ba71-7a750427392a"",""1ca34094-ee4d-5962-a78a-174d361a9cd3""]",2.88,S,33effc64-dcfe-5ced-badf-c4df49f68dc1,746f1cf0-3302-4166-8bee-925cadccb62c,diagnoses_per_100_lines,200/97
M7-analysis-v5,0c44d85c-d8d9-572f-b0cb-1e52983adc6c,3,5b543ea7abc08ec54717d24b23b424f4c9147a8e7c70489cdbcf04fdfbfdd696,C-SQL-1,K1,dbb63e68d4ed9e904fa985aa5b88d674205b6caab086a8d981ac8918a9c68fb5,"[""2394b234-0bc9-5e4f-b3e2-b83fed46e68b"",""f9faff59-3259-5804-8713-ca7f4006c343"",""0c44d85c-d8d9-572f-b0cb-1e52983adc6c"",""184b05d2-2f8e-5d0c-89a1-eddf992ccdf9"",""7753dd3d-102a-5383-af77-d7047c6a615f""]",[],"[""fe7c5fea-171a-5d3e-b93c-b9d53dca7c67"",""1fed9611-d0cc-51e5-86e7-4ba237c836a2"",""88f2e658-6155-5924-bc85-63fe2aabb08a"",""0d262496-18e1-5973-84a6-84fbda64d0ff"",""d6d45010-72fa-5741-b733-88958a8795d2"",""596c0800-372d-5056-8a35-9f8661656bf4"",""ab8215e5-b753-5a6a-a4e7-ad9caf42eeac"",""1b20061c-b208-551a-b06c-81ffeff623fc"",""aba074a1-d451-595d-bc12-e257adbe7383"",""7edb0577-da07-5c6f-8391-bb90e9822165""]","[""1fed9611-d0cc-51e5-86e7-4ba237c836a2"",""fe7c5fea-171a-5d3e-b93c-b9d53dca7c67"",""0d262496-18e1-5973-84a6-84fbda64d0ff"",""88f2e658-6155-5924-bc85-63fe2aabb08a"",""596c0800-372d-5056-8a35-9f8661656bf4"",""d6d45010-72fa-5741-b733-88958a8795d2"",""ab8215e5-b753-5a6a-a4e7-ad9caf42eeac"",""1b20061c-b208-551a-b06c-81ffeff623fc"",""aba074a1-d451-595d-bc12-e257adbe7383"",""7edb0577-da07-5c6f-8391-bb90e9822165""]","[""2394b234-0bc9-5e4f-b3e2-b83fed46e68b"",""f9faff59-3259-5804-8713-ca7f4006c343"",""0c44d85c-d8d9-572f-b0cb-1e52983adc6c"",""184b05d2-2f8e-5d0c-89a1-eddf992ccdf9"",""7753dd3d-102a-5383-af77-d7047c6a615f""]",[],"[""1c4afc6f-6679-57b7-ab6b-cec3053e85a1"",""022ddff9-4332-5ba5-b884-42537f220a0c"",""9f032fb3-90ca-5749-aff5-1065077ac10e"",""616ecfda-7163-5a8d-ba60-01f623d8b124"",""5e1af4e2-330f-563f-b639-2d3cd8d276c8"",""8b3ec7b0-123f-5597-95f7-1fafc5810d01"",""9b6d0913-2ae6-5dab-ab36-d05e1c51b208"",""c1d75a33-928c-5636-b99c-def1fb29e0f5"",""d7c5d484-54dc-5d1e-a3ac-65d60267a12c"",""f416cc8b-3bc2-5c4c-a91c-c56faf748684""]","[""1c4afc6f-6679-57b7-ab6b-cec3053e85a1"",""022ddff9-4332-5ba5-b884-42537f220a0c"",""616ecfda-7163-5a8d-ba60-01f623d8b124"",""9f032fb3-90ca-5749-aff5-1065077ac10e"",""5e1af4e2-330f-563f-b639-2d3cd8d276c8"",""8b3ec7b0-123f-5597-95f7-1fafc5810d01"",""9b6d0913-2ae6-5dab-ab36-d05e1c51b208"",""c1d75a33-928c-5636-b99c-def1fb29e0f5"",""d7c5d484-54dc-5d1e-a3ac-65d60267a12c"",""f416cc8b-3bc2-5c4c-a91c-c56faf748684""]","[""2394b234-0bc9-5e4f-b3e2-b83fed46e68b"",""f9faff59-3259-5804-8713-ca7f4006c343"",""0c44d85c-d8d9-572f-b0cb-1e52983adc6c"",""184b05d2-2f8e-5d0c-89a1-eddf992ccdf9"",""7753dd3d-102a-5383-af77-d7047c6a615f""]",[],"[""c68f6332-f200-5595-940d-e5bcad78f1fe"",""54c3aba8-cb42-5023-9591-5cdd68bdd7c5"",""656bacfc-b102-5379-8db2-2f9f127621e0"",""447860c8-1d56-518b-88ad-7e103990b756"",""33effc64-dcfe-5ced-badf-c4df49f68dc1"",""82b898ba-3b6d-567f-8996-4f259b74547e"",""a27c1fb2-edc1-57e6-9d74-adb5a13fed3b"",""4696448b-8c21-591b-80cc-7344ea0b95ec"",""1ca34094-ee4d-5962-a78a-174d361a9cd3"",""61eebfb6-2555-5bce-ba71-7a750427392a""]","[""c68f6332-f200-5595-940d-e5bcad78f1fe"",""54c3aba8-cb42-5023-9591-5cdd68bdd7c5"",""447860c8-1d56-518b-88ad-7e103990b756"",""656bacfc-b102-5379-8db2-2f9f127621e0"",""82b898ba-3b6d-567f-8996-4f259b74547e"",""33effc64-dcfe-5ced-badf-c4df49f68dc1"",""a27c1fb2-edc1-57e6-9d74-adb5a13fed3b"",""4696448b-8c21-591b-80cc-7344ea0b95ec"",""61eebfb6-2555-5bce-ba71-7a750427392a"",""1ca34094-ee4d-5962-a78a-174d361a9cd3""]",3.12,S,8b3ec7b0-123f-5597-95f7-1fafc5810d01,0cc540ca-a9db-4a2a-982e-99e203d674e1,diagnoses_per_100_lines,0
M7-analysis-v5,0c44d85c-d8d9-572f-b0cb-1e52983adc6c,3,951958a3600621e43a708a8a0db2baf850b4bfbdb25a57ca24f42805e2da6d5a,C-BF-0,K0,dbb63e68d4ed9e904fa985aa5b88d674205b6caab086a8d981ac8918a9c68fb5,"[""2394b234-0bc9-5e4f-b3e2-b83fed46e68b"",""f9faff59-3259-5804-8713-ca7f4006c343"",""0c44d85c-d8d9-572f-b0cb-1e52983adc6c"",""184b05d2-2f8e-5d0c-89a1-eddf992ccdf9"",""7753dd3d-102a-5383-af77-d7047c6a615f""]",[],"[""fe7c5fea-171a-5d3e-b93c-b9d53dca7c67"",""1fed9611-d0cc-51e5-86e7-4ba237c836a2"",""88f2e658-6155-5924-bc85-63fe2aabb08a"",""0d262496-18e1-5973-84a6-84fbda64d0ff"",""d6d45010-72fa-5741-b733-88958a8795d2"",""596c0800-372d-5056-8a35-9f8661656bf4"",""ab8215e5-b753-5a6a-a4e7-ad9caf42eeac"",""1b20061c-b208-551a-b06c-81ffeff623fc"",""aba074a1-d451-595d-bc12-e257adbe7383"",""7edb0577-da07-5c6f-8391-bb90e9822165""]","[""1fed9611-d0cc-51e5-86e7-4ba237c836a2"",""fe7c5fea-171a-5d3e-b93c-b9d53dca7c67"",""0d262496-18e1-5973-84a6-84fbda64d0ff"",""88f2e658-6155-5924-bc85-63fe2aabb08a"",""596c0800-372d-5056-8a35-9f8661656bf4"",""d6d45010-72fa-5741-b733-88958a8795d2"",""ab8215e5-b753-5a6a-a4e7-ad9caf42eeac"",""1b20061c-b208-551a-b06c-81ffeff623fc"",""aba074a1-d451-595d-bc12-e257adbe7383"",""7edb0577-da07-5c6f-8391-bb90e9822165""]","[""2394b234-0bc9-5e4f-b3e2-b83fed46e68b"",""f9faff59-3259-5804-8713-ca7f4006c343"",""0c44d85c-d8d9-572f-b0cb-1e52983adc6c"",""184b05d2-2f8e-5d0c-89a1-eddf992ccdf9"",""7753dd3d-102a-5383-af77-d7047c6a615f""]",[],"[""1c4afc6f-6679-57b7-ab6b-cec3053e85a1"",""022ddff9-4332-5ba5-b884-42537f220a0c"",""9f032fb3-90ca-5749-aff5-1065077ac10e"",""616ecfda-7163-5a8d-ba60-01f623d8b124"",""5e1af4e2-330f-563f-b639-2d3cd8d276c8"",""8b3ec7b0-123f-5597-95f7-1fafc5810d01"",""9b6d0913-2ae6-5dab-ab36-d05e1c51b208"",""c1d75a33-928c-5636-b99c-def1fb29e0f5"",""d7c5d484-54dc-5d1e-a3ac-65d60267a12c"",""f416cc8b-3bc2-5c4c-a91c-c56faf748684""]","[""1c4afc6f-6679-57b7-ab6b-cec3053e85a1"",""022ddff9-4332-5ba5-b884-42537f220a0c"",""616ecfda-7163-5a8d-ba60-01f623d8b124"",""9f032fb3-90ca-5749-aff5-1065077ac10e"",""5e1af4e2-330f-563f-b639-2d3cd8d276c8"",""8b3ec7b0-123f-5597-95f7-1fafc5810d01"",""9b6d0913-2ae6-5dab-ab36-d05e1c51b208"",""c1d75a33-928c-5636-b99c-def1fb29e0f5"",""d7c5d484-54dc-5d1e-a3ac-65d60267a12c"",""f416cc8b-3bc2-5c4c-a91c-c56faf748684""]","[""2394b234-0bc9-5e4f-b3e2-b83fed46e68b"",""f9faff59-3259-5804-8713-ca7f4006c343"",""0c44d85c-d8d9-572f-b0cb-1e52983adc6c"",""184b05d2-2f8e-5d0c-89a1-eddf992ccdf9"",""7753dd3d-102a-5383-af77-d7047c6a615f""]",[],"[""c68f6332-f200-5595-940d-e5bcad78f1fe"",""54c3aba8-cb42-5023-9591-5cdd68bdd7c5"",""656bacfc-b102-5379-8db2-2f9f127621e0"",""447860c8-1d56-518b-88ad-7e103990b756"",""33effc64-dcfe-5ced-badf-c4df49f68dc1"",""82b898ba-3b6d-567f-8996-4f259b74547e"",""a27c1fb2-edc1-57e6-9d74-adb5a13fed3b"",""4696448b-8c21-591b-80cc-7344ea0b95ec"",""1ca34094-ee4d-5962-a78a-174d361a9cd3"",""61eebfb6-2555-5bce-ba71-7a750427392a""]","[""c68f6332-f200-5595-940d-e5bcad78f1fe"",""54c3aba8-cb42-5023-9591-5cdd68bdd7c5"",""447860c8-1d56-518b-88ad-7e103990b756"",""656bacfc-b102-5379-8db2-2f9f127621e0"",""82b898ba-3b6d-567f-8996-4f259b74547e"",""33effc64-dcfe-5ced-badf-c4df49f68dc1"",""a27c1fb2-edc1-57e6-9d74-adb5a13fed3b"",""4696448b-8c21-591b-80cc-7344ea0b95ec"",""61eebfb6-2555-5bce-ba71-7a750427392a"",""1ca34094-ee4d-5962-a78a-174d361a9cd3""]",2.88,S,d6d45010-72fa-5741-b733-88958a8795d2,eb52c0d2-2314-4577-9c3c-7281d4db059e,diagnoses_per_100_lines,20/9
M7-analysis-v5,0c44d85c-d8d9-572f-b0cb-1e52983adc6c,3,aafe24517e0c42aa10d7d213c640f9c2eafe82ec719a9d17b9b7df300a79e751,C-UP-1,K1,dbb63e68d4ed9e904fa985aa5b88d674205b6caab086a8d981ac8918a9c68fb5,"[""2394b234-0bc9-5e4f-b3e2-b83fed46e68b"",""f9faff59-3259-5804-8713-ca7f4006c343"",""0c44d85c-d8d9-572f-b0cb-1e52983adc6c"",""184b05d2-2f8e-5d0c-89a1-eddf992ccdf9"",""7753dd3d-102a-5383-af77-d7047c6a615f""]",[],"[""fe7c5fea-171a-5d3e-b93c-b9d53dca7c67"",""1fed9611-d0cc-51e5-86e7-4ba237c836a2"",""88f2e658-6155-5924-bc85-63fe2aabb08a"",""0d262496-18e1-5973-84a6-84fbda64d0ff"",""d6d45010-72fa-5741-b733-88958a8795d2"",""596c0800-372d-5056-8a35-9f8661656bf4"",""ab8215e5-b753-5a6a-a4e7-ad9caf42eeac"",""1b20061c-b208-551a-b06c-81ffeff623fc"",""aba074a1-d451-595d-bc12-e257adbe7383"",""7edb0577-da07-5c6f-8391-bb90e9822165""]","[""1fed9611-d0cc-51e5-86e7-4ba237c836a2"",""fe7c5fea-171a-5d3e-b93c-b9d53dca7c67"",""0d262496-18e1-5973-84a6-84fbda64d0ff"",""88f2e658-6155-5924-bc85-63fe2aabb08a"",""596c0800-372d-5056-8a35-9f8661656bf4"",""d6d45010-72fa-5741-b733-88958a8795d2"",""ab8215e5-b753-5a6a-a4e7-ad9caf42eeac"",""1b20061c-b208-551a-b06c-81ffeff623fc"",""aba074a1-d451-595d-bc12-e257adbe7383"",""7edb0577-da07-5c6f-8391-bb90e9822165""]","[""2394b234-0bc9-5e4f-b3e2-b83fed46e68b"",""f9faff59-3259-5804-8713-ca7f4006c343"",""0c44d85c-d8d9-572f-b0cb-1e52983adc6c"",""184b05d2-2f8e-5d0c-89a1-eddf992ccdf9"",""7753dd3d-102a-5383-af77-d7047c6a615f""]",[],"[""1c4afc6f-6679-57b7-ab6b-cec3053e85a1"",""022ddff9-4332-5ba5-b884-42537f220a0c"",""9f032fb3-90ca-5749-aff5-1065077ac10e"",""616ecfda-7163-5a8d-ba60-01f623d8b124"",""5e1af4e2-330f-563f-b639-2d3cd8d276c8"",""8b3ec7b0-123f-5597-95f7-1fafc5810d01"",""9b6d0913-2ae6-5dab-ab36-d05e1c51b208"",""c1d75a33-928c-5636-b99c-def1fb29e0f5"",""d7c5d484-54dc-5d1e-a3ac-65d60267a12c"",""f416cc8b-3bc2-5c4c-a91c-c56faf748684""]","[""1c4afc6f-6679-57b7-ab6b-cec3053e85a1"",""022ddff9-4332-5ba5-b884-42537f220a0c"",""616ecfda-7163-5a8d-ba60-01f623d8b124"",""9f032fb3-90ca-5749-aff5-1065077ac10e"",""5e1af4e2-330f-563f-b639-2d3cd8d276c8"",""8b3ec7b0-123f-5597-95f7-1fafc5810d01"",""9b6d0913-2ae6-5dab-ab36-d05e1c51b208"",""c1d75a33-928c-5636-b99c-def1fb29e0f5"",""d7c5d484-54dc-5d1e-a3ac-65d60267a12c"",""f416cc8b-3bc2-5c4c-a91c-c56faf748684""]","[""2394b234-0bc9-5e4f-b3e2-b83fed46e68b"",""f9faff59-3259-5804-8713-ca7f4006c343"",""0c44d85c-d8d9-572f-b0cb-1e52983adc6c"",""184b05d2-2f8e-5d0c-89a1-eddf992ccdf9"",""7753dd3d-102a-5383-af77-d7047c6a615f""]",[],"[""c68f6332-f200-5595-940d-e5bcad78f1fe"",""54c3aba8-cb42-5023-9591-5cdd68bdd7c5"",""656bacfc-b102-5379-8db2-2f9f127621e0"",""447860c8-1d56-518b-88ad-7e103990b756"",""33effc64-dcfe-5ced-badf-c4df49f68dc1"",""82b898ba-3b6d-567f-8996-4f259b74547e"",""a27c1fb2-edc1-57e6-9d74-adb5a13fed3b"",""4696448b-8c21-591b-80cc-7344ea0b95ec"",""1ca34094-ee4d-5962-a78a-174d361a9cd3"",""61eebfb6-2555-5bce-ba71-7a750427392a""]","[""c68f6332-f200-5595-940d-e5bcad78f1fe"",""54c3aba8-cb42-5023-9591-5cdd68bdd7c5"",""447860c8-1d56-518b-88ad-7e103990b756"",""656bacfc-b102-5379-8db2-2f9f127621e0"",""82b898ba-3b6d-567f-8996-4f259b74547e"",""33effc64-dcfe-5ced-badf-c4df49f68dc1"",""a27c1fb2-edc1-57e6-9d74-adb5a13fed3b"",""4696448b-8c21-591b-80cc-7344ea0b95ec"",""61eebfb6-2555-5bce-ba71-7a750427392a"",""1ca34094-ee4d-5962-a78a-174d361a9cd3""]",3.12,S,82b898ba-3b6d-567f-8996-4f259b74547e,c0d5b7eb-7f69-4787-8e55-d41af4ffdcab,diagnoses_per_100_lines,175/32
M7-analysis-v5,184b05d2-2f8e-5d0c-89a1-eddf992ccdf9,4,310fc93aaef35c7f963d2fd9a0f10aeab94aa92fc21a8664cf712aa51ef57de8,C-SQL-0,K0,dbb63e68d4ed9e904fa985aa5b88d674205b6caab086a8d981ac8918a9c68fb5,"[""2394b234-0bc9-5e4f-b3e2-b83fed46e68b"",""f9faff59-3259-5804-8713-ca7f4006c343"",""0c44d85c-d8d9-572f-b0cb-1e52983adc6c"",""184b05d2-2f8e-5d0c-89a1-eddf992ccdf9"",""7753dd3d-102a-5383-af77-d7047c6a615f""]",[],"[""fe7c5fea-171a-5d3e-b93c-b9d53dca7c67"",""1fed9611-d0cc-51e5-86e7-4ba237c836a2"",""88f2e658-6155-5924-bc85-63fe2aabb08a"",""0d262496-18e1-5973-84a6-84fbda64d0ff"",""d6d45010-72fa-5741-b733-88958a8795d2"",""596c0800-372d-5056-8a35-9f8661656bf4"",""ab8215e5-b753-5a6a-a4e7-ad9caf42eeac"",""1b20061c-b208-551a-b06c-81ffeff623fc"",""aba074a1-d451-595d-bc12-e257adbe7383"",""7edb0577-da07-5c6f-8391-bb90e9822165""]","[""1fed9611-d0cc-51e5-86e7-4ba237c836a2"",""fe7c5fea-171a-5d3e-b93c-b9d53dca7c67"",""0d262496-18e1-5973-84a6-84fbda64d0ff"",""88f2e658-6155-5924-bc85-63fe2aabb08a"",""596c0800-372d-5056-8a35-9f8661656bf4"",""d6d45010-72fa-5741-b733-88958a8795d2"",""ab8215e5-b753-5a6a-a4e7-ad9caf42eeac"",""1b20061c-b208-551a-b06c-81ffeff623fc"",""aba074a1-d451-595d-bc12-e257adbe7383"",""7edb0577-da07-5c6f-8391-bb90e9822165""]","[""2394b234-0bc9-5e4f-b3e2-b83fed46e68b"",""f9faff59-3259-5804-8713-ca7f4006c343"",""0c44d85c-d8d9-572f-b0cb-1e52983adc6c"",""184b05d2-2f8e-5d0c-89a1-eddf992ccdf9"",""7753dd3d-102a-5383-af77-d7047c6a615f""]",[],"[""1c4afc6f-6679-57b7-ab6b-cec3053e85a1"",""022ddff9-4332-5ba5-b884-42537f220a0c"",""9f032fb3-90ca-5749-aff5-1065077ac10e"",""616ecfda-7163-5a8d-ba60-01f623d8b124"",""5e1af4e2-330f-563f-b639-2d3cd8d276c8"",""8b3ec7b0-123f-5597-95f7-1fafc5810d01"",""9b6d0913-2ae6-5dab-ab36-d05e1c51b208"",""c1d75a33-928c-5636-b99c-def1fb29e0f5"",""d7c5d484-54dc-5d1e-a3ac-65d60267a12c"",""f416cc8b-3bc2-5c4c-a91c-c56faf748684""]","[""1c4afc6f-6679-57b7-ab6b-cec3053e85a1"",""022ddff9-4332-5ba5-b884-42537f220a0c"",""616ecfda-7163-5a8d-ba60-01f623d8b124"",""9f032fb3-90ca-5749-aff5-1065077ac10e"",""5e1af4e2-330f-563f-b639-2d3cd8d276c8"",""8b3ec7b0-123f-5597-95f7-1fafc5810d01"",""9b6d0913-2ae6-5dab-ab36-d05e1c51b208"",""c1d75a33-928c-5636-b99c-def1fb29e0f5"",""d7c5d484-54dc-5d1e-a3ac-65d60267a12c"",""f416cc8b-3bc2-5c4c-a91c-c56faf748684""]","[""2394b234-0bc9-5e4f-b3e2-b83fed46e68b"",""f9faff59-3259-5804-8713-ca7f4006c343"",""0c44d85c-d8d9-572f-b0cb-1e52983adc6c"",""184b05d2-2f8e-5d0c-89a1-eddf992ccdf9"",""7753dd3d-102a-5383-af77-d7047c6a615f""]",[],"[""c68f6332-f200-5595-940d-e5bcad78f1fe"",""54c3aba8-cb42-5023-9591-5cdd68bdd7c5"",""656bacfc-b102-5379-8db2-2f9f127621e0"",""447860c8-1d56-518b-88ad-7e103990b756"",""33effc64-dcfe-5ced-badf-c4df49f68dc1"",""82b898ba-3b6d-567f-8996-4f259b74547e"",""a27c1fb2-edc1-57e6-9d74-adb5a13fed3b"",""4696448b-8c21-591b-80cc-7344ea0b95ec"",""1ca34094-ee4d-5962-a78a-174d361a9cd3"",""61eebfb6-2555-5bce-ba71-7a750427392a""]","[""c68f6332-f200-5595-940d-e5bcad78f1fe"",""54c3aba8-cb42-5023-9591-5cdd68bdd7c5"",""447860c8-1d56-518b-88ad-7e103990b756"",""656bacfc-b102-5379-8db2-2f9f127621e0"",""82b898ba-3b6d-567f-8996-4f259b74547e"",""33effc64-dcfe-5ced-badf-c4df49f68dc1"",""a27c1fb2-edc1-57e6-9d74-adb5a13fed3b"",""4696448b-8c21-591b-80cc-7344ea0b95ec"",""61eebfb6-2555-5bce-ba71-7a750427392a"",""1ca34094-ee4d-5962-a78a-174d361a9cd3""]",3.88,S,9b6d0913-2ae6-5dab-ab36-d05e1c51b208,8b261693-0c10-46f4-a243-27fd45b5f4e8,diagnoses_per_100_lines,0
M7-analysis-v5,184b05d2-2f8e-5d0c-89a1-eddf992ccdf9,4,c370c0a9ade6f3957aacd26a4ebc6af15cf43f82e4504b883b5bc1c985794671,C-UP-1,K1,dbb63e68d4ed9e904fa985aa5b88d674205b6caab086a8d981ac8918a9c68fb5,"[""2394b234-0bc9-5e4f-b3e2-b83fed46e68b"",""f9faff59-3259-5804-8713-ca7f4006c343"",""0c44d85c-d8d9-572f-b0cb-1e52983adc6c"",""184b05d2-2f8e-5d0c-89a1-eddf992ccdf9"",""7753dd3d-102a-5383-af77-d7047c6a615f""]",[],"[""fe7c5fea-171a-5d3e-b93c-b9d53dca7c67"",""1fed9611-d0cc-51e5-86e7-4ba237c836a2"",""88f2e658-6155-5924-bc85-63fe2aabb08a"",""0d262496-18e1-5973-84a6-84fbda64d0ff"",""d6d45010-72fa-5741-b733-88958a8795d2"",""596c0800-372d-5056-8a35-9f8661656bf4"",""ab8215e5-b753-5a6a-a4e7-ad9caf42eeac"",""1b20061c-b208-551a-b06c-81ffeff623fc"",""aba074a1-d451-595d-bc12-e257adbe7383"",""7edb0577-da07-5c6f-8391-bb90e9822165""]","[""1fed9611-d0cc-51e5-86e7-4ba237c836a2"",""fe7c5fea-171a-5d3e-b93c-b9d53dca7c67"",""0d262496-18e1-5973-84a6-84fbda64d0ff"",""88f2e658-6155-5924-bc85-63fe2aabb08a"",""596c0800-372d-5056-8a35-9f8661656bf4"",""d6d45010-72fa-5741-b733-88958a8795d2"",""ab8215e5-b753-5a6a-a4e7-ad9caf42eeac"",""1b20061c-b208-551a-b06c-81ffeff623fc"",""aba074a1-d451-595d-bc12-e257adbe7383"",""7edb0577-da07-5c6f-8391-bb90e9822165""]","[""2394b234-0bc9-5e4f-b3e2-b83fed46e68b"",""f9faff59-3259-5804-8713-ca7f4006c343"",""0c44d85c-d8d9-572f-b0cb-1e52983adc6c"",""184b05d2-2f8e-5d0c-89a1-eddf992ccdf9"",""7753dd3d-102a-5383-af77-d7047c6a615f""]",[],"[""1c4afc6f-6679-57b7-ab6b-cec3053e85a1"",""022ddff9-4332-5ba5-b884-42537f220a0c"",""9f032fb3-90ca-5749-aff5-1065077ac10e"",""616ecfda-7163-5a8d-ba60-01f623d8b124"",""5e1af4e2-330f-563f-b639-2d3cd8d276c8"",""8b3ec7b0-123f-5597-95f7-1fafc5810d01"",""9b6d0913-2ae6-5dab-ab36-d05e1c51b208"",""c1d75a33-928c-5636-b99c-def1fb29e0f5"",""d7c5d484-54dc-5d1e-a3ac-65d60267a12c"",""f416cc8b-3bc2-5c4c-a91c-c56faf748684""]","[""1c4afc6f-6679-57b7-ab6b-cec3053e85a1"",""022ddff9-4332-5ba5-b884-42537f220a0c"",""616ecfda-7163-5a8d-ba60-01f623d8b124"",""9f032fb3-90ca-5749-aff5-1065077ac10e"",""5e1af4e2-330f-563f-b639-2d3cd8d276c8"",""8b3ec7b0-123f-5597-95f7-1fafc5810d01"",""9b6d0913-2ae6-5dab-ab36-d05e1c51b208"",""c1d75a33-928c-5636-b99c-def1fb29e0f5"",""d7c5d484-54dc-5d1e-a3ac-65d60267a12c"",""f416cc8b-3bc2-5c4c-a91c-c56faf748684""]","[""2394b234-0bc9-5e4f-b3e2-b83fed46e68b"",""f9faff59-3259-5804-8713-ca7f4006c343"",""0c44d85c-d8d9-572f-b0cb-1e52983adc6c"",""184b05d2-2f8e-5d0c-89a1-eddf992ccdf9"",""7753dd3d-102a-5383-af77-d7047c6a615f""]",[],"[""c68f6332-f200-5595-940d-e5bcad78f1fe"",""54c3aba8-cb42-5023-9591-5cdd68bdd7c5"",""656bacfc-b102-5379-8db2-2f9f127621e0"",""447860c8-1d56-518b-88ad-7e103990b756"",""33effc64-dcfe-5ced-badf-c4df49f68dc1"",""82b898ba-3b6d-567f-8996-4f259b74547e"",""a27c1fb2-edc1-57e6-9d74-adb5a13fed3b"",""4696448b-8c21-591b-80cc-7344ea0b95ec"",""1ca34094-ee4d-5962-a78a-174d361a9cd3"",""61eebfb6-2555-5bce-ba71-7a750427392a""]","[""c68f6332-f200-5595-940d-e5bcad78f1fe"",""54c3aba8-cb42-5023-9591-5cdd68bdd7c5"",""447860c8-1d56-518b-88ad-7e103990b756"",""656bacfc-b102-5379-8db2-2f9f127621e0"",""82b898ba-3b6d-567f-8996-4f259b74547e"",""33effc64-dcfe-5ced-badf-c4df49f68dc1"",""a27c1fb2-edc1-57e6-9d74-adb5a13fed3b"",""4696448b-8c21-591b-80cc-7344ea0b95ec"",""61eebfb6-2555-5bce-ba71-7a750427392a"",""1ca34094-ee4d-5962-a78a-174d361a9cd3""]",4.12,S,4696448b-8c21-591b-80cc-7344ea0b95ec,2bb545ed-5357-4270-9f47-acdedbeafbb5,diagnoses_per_100_lines,300/131
M7-analysis-v5,184b05d2-2f8e-5d0c-89a1-eddf992ccdf9,4,d020e075003de022dcc8cccdb5d8ecedd97130b1e85e33a119c5726f874860fc,C-BF-1,K1,dbb63e68d4ed9e904fa985aa5b88d674205b6caab086a8d981ac8918a9c68fb5,"[""2394b234-0bc9-5e4f-b3e2-b83fed46e68b"",""f9faff59-3259-5804-8713-ca7f4006c343"",""0c44d85c-d8d9-572f-b0cb-1e52983adc6c"",""184b05d2-2f8e-5d0c-89a1-eddf992ccdf9"",""7753dd3d-102a-5383-af77-d7047c6a615f""]",[],"[""fe7c5fea-171a-5d3e-b93c-b9d53dca7c67"",""1fed9611-d0cc-51e5-86e7-4ba237c836a2"",""88f2e658-6155-5924-bc85-63fe2aabb08a"",""0d262496-18e1-5973-84a6-84fbda64d0ff"",""d6d45010-72fa-5741-b733-88958a8795d2"",""596c0800-372d-5056-8a35-9f8661656bf4"",""ab8215e5-b753-5a6a-a4e7-ad9caf42eeac"",""1b20061c-b208-551a-b06c-81ffeff623fc"",""aba074a1-d451-595d-bc12-e257adbe7383"",""7edb0577-da07-5c6f-8391-bb90e9822165""]","[""1fed9611-d0cc-51e5-86e7-4ba237c836a2"",""fe7c5fea-171a-5d3e-b93c-b9d53dca7c67"",""0d262496-18e1-5973-84a6-84fbda64d0ff"",""88f2e658-6155-5924-bc85-63fe2aabb08a"",""596c0800-372d-5056-8a35-9f8661656bf4"",""d6d45010-72fa-5741-b733-88958a8795d2"",""ab8215e5-b753-5a6a-a4e7-ad9caf42eeac"",""1b20061c-b208-551a-b06c-81ffeff623fc"",""aba074a1-d451-595d-bc12-e257adbe7383"",""7edb0577-da07-5c6f-8391-bb90e9822165""]","[""2394b234-0bc9-5e4f-b3e2-b83fed46e68b"",""f9faff59-3259-5804-8713-ca7f4006c343"",""0c44d85c-d8d9-572f-b0cb-1e52983adc6c"",""184b05d2-2f8e-5d0c-89a1-eddf992ccdf9"",""7753dd3d-102a-5383-af77-d7047c6a615f""]",[],"[""1c4afc6f-6679-57b7-ab6b-cec3053e85a1"",""022ddff9-4332-5ba5-b884-42537f220a0c"",""9f032fb3-90ca-5749-aff5-1065077ac10e"",""616ecfda-7163-5a8d-ba60-01f623d8b124"",""5e1af4e2-330f-563f-b639-2d3cd8d276c8"",""8b3ec7b0-123f-5597-95f7-1fafc5810d01"",""9b6d0913-2ae6-5dab-ab36-d05e1c51b208"",""c1d75a33-928c-5636-b99c-def1fb29e0f5"",""d7c5d484-54dc-5d1e-a3ac-65d60267a12c"",""f416cc8b-3bc2-5c4c-a91c-c56faf748684""]","[""1c4afc6f-6679-57b7-ab6b-cec3053e85a1"",""022ddff9-4332-5ba5-b884-42537f220a0c"",""616ecfda-7163-5a8d-ba60-01f623d8b124"",""9f032fb3-90ca-5749-aff5-1065077ac10e"",""5e1af4e2-330f-563f-b639-2d3cd8d276c8"",""8b3ec7b0-123f-5597-95f7-1fafc5810d01"",""9b6d0913-2ae6-5dab-ab36-d05e1c51b208"",""c1d75a33-928c-5636-b99c-def1fb29e0f5"",""d7c5d484-54dc-5d1e-a3ac-65d60267a12c"",""f416cc8b-3bc2-5c4c-a91c-c56faf748684""]","[""2394b234-0bc9-5e4f-b3e2-b83fed46e68b"",""f9faff59-3259-5804-8713-ca7f4006c343"",""0c44d85c-d8d9-572f-b0cb-1e52983adc6c"",""184b05d2-2f8e-5d0c-89a1-eddf992ccdf9"",""7753dd3d-102a-5383-af77-d7047c6a615f""]",[],"[""c68f6332-f200-5595-940d-e5bcad78f1fe"",""54c3aba8-cb42-5023-9591-5cdd68bdd7c5"",""656bacfc-b102-5379-8db2-2f9f127621e0"",""447860c8-1d56-518b-88ad-7e103990b756"",""33effc64-dcfe-5ced-badf-c4df49f68dc1"",""82b898ba-3b6d-567f-8996-4f259b74547e"",""a27c1fb2-edc1-57e6-9d74-adb5a13fed3b"",""4696448b-8c21-591b-80cc-7344ea0b95ec"",""1ca34094-ee4d-5962-a78a-174d361a9cd3"",""61eebfb6-2555-5bce-ba71-7a750427392a""]","[""c68f6332-f200-5595-940d-e5bcad78f1fe"",""54c3aba8-cb42-5023-9591-5cdd68bdd7c5"",""447860c8-1d56-518b-88ad-7e103990b756"",""656bacfc-b102-5379-8db2-2f9f127621e0"",""82b898ba-3b6d-567f-8996-4f259b74547e"",""33effc64-dcfe-5ced-badf-c4df49f68dc1"",""a27c1fb2-edc1-57e6-9d74-adb5a13fed3b"",""4696448b-8c21-591b-80cc-7344ea0b95ec"",""61eebfb6-2555-5bce-ba71-7a750427392a"",""1ca34094-ee4d-5962-a78a-174d361a9cd3""]",4.12,S,1b20061c-b208-551a-b06c-81ffeff623fc,0dcdded8-ae9f-420c-af06-5e7a2dfc1af7,diagnoses_per_100_lines,0
M7-analysis-v5,184b05d2-2f8e-5d0c-89a1-eddf992ccdf9,4,da6ea9e9345987541cd7c36ae422262583816e19fb5a29b5cab23e44577d756a,C-BF-0,K0,dbb63e68d4ed9e904fa985aa5b88d674205b6caab086a8d981ac8918a9c68fb5,"[""2394b234-0bc9-5e4f-b3e2-b83fed46e68b"",""f9faff59-3259-5804-8713-ca7f4006c343"",""0c44d85c-d8d9-572f-b0cb-1e52983adc6c"",""184b05d2-2f8e-5d0c-89a1-eddf992ccdf9"",""7753dd3d-102a-5383-af77-d7047c6a615f""]",[],"[""fe7c5fea-171a-5d3e-b93c-b9d53dca7c67"",""1fed9611-d0cc-51e5-86e7-4ba237c836a2"",""88f2e658-6155-5924-bc85-63fe2aabb08a"",""0d262496-18e1-5973-84a6-84fbda64d0ff"",""d6d45010-72fa-5741-b733-88958a8795d2"",""596c0800-372d-5056-8a35-9f8661656bf4"",""ab8215e5-b753-5a6a-a4e7-ad9caf42eeac"",""1b20061c-b208-551a-b06c-81ffeff623fc"",""aba074a1-d451-595d-bc12-e257adbe7383"",""7edb0577-da07-5c6f-8391-bb90e9822165""]","[""1fed9611-d0cc-51e5-86e7-4ba237c836a2"",""fe7c5fea-171a-5d3e-b93c-b9d53dca7c67"",""0d262496-18e1-5973-84a6-84fbda64d0ff"",""88f2e658-6155-5924-bc85-63fe2aabb08a"",""596c0800-372d-5056-8a35-9f8661656bf4"",""d6d45010-72fa-5741-b733-88958a8795d2"",""ab8215e5-b753-5a6a-a4e7-ad9caf42eeac"",""1b20061c-b208-551a-b06c-81ffeff623fc"",""aba074a1-d451-595d-bc12-e257adbe7383"",""7edb0577-da07-5c6f-8391-bb90e9822165""]","[""2394b234-0bc9-5e4f-b3e2-b83fed46e68b"",""f9faff59-3259-5804-8713-ca7f4006c343"",""0c44d85c-d8d9-572f-b0cb-1e52983adc6c"",""184b05d2-2f8e-5d0c-89a1-eddf992ccdf9"",""7753dd3d-102a-5383-af77-d7047c6a615f""]",[],"[""1c4afc6f-6679-57b7-ab6b-cec3053e85a1"",""022ddff9-4332-5ba5-b884-42537f220a0c"",""9f032fb3-90ca-5749-aff5-1065077ac10e"",""616ecfda-7163-5a8d-ba60-01f623d8b124"",""5e1af4e2-330f-563f-b639-2d3cd8d276c8"",""8b3ec7b0-123f-5597-95f7-1fafc5810d01"",""9b6d0913-2ae6-5dab-ab36-d05e1c51b208"",""c1d75a33-928c-5636-b99c-def1fb29e0f5"",""d7c5d484-54dc-5d1e-a3ac-65d60267a12c"",""f416cc8b-3bc2-5c4c-a91c-c56faf748684""]","[""1c4afc6f-6679-57b7-ab6b-cec3053e85a1"",""022ddff9-4332-5ba5-b884-42537f220a0c"",""616ecfda-7163-5a8d-ba60-01f623d8b124"",""9f032fb3-90ca-5749-aff5-1065077ac10e"",""5e1af4e2-330f-563f-b639-2d3cd8d276c8"",""8b3ec7b0-123f-5597-95f7-1fafc5810d01"",""9b6d0913-2ae6-5dab-ab36-d05e1c51b208"",""c1d75a33-928c-5636-b99c-def1fb29e0f5"",""d7c5d484-54dc-5d1e-a3ac-65d60267a12c"",""f416cc8b-3bc2-5c4c-a91c-c56faf748684""]","[""2394b234-0bc9-5e4f-b3e2-b83fed46e68b"",""f9faff59-3259-5804-8713-ca7f4006c343"",""0c44d85c-d8d9-572f-b0cb-1e52983adc6c"",""184b05d2-2f8e-5d0c-89a1-eddf992ccdf9"",""7753dd3d-102a-5383-af77-d7047c6a615f""]",[],"[""c68f6332-f200-5595-940d-e5bcad78f1fe"",""54c3aba8-cb42-5023-9591-5cdd68bdd7c5"",""656bacfc-b102-5379-8db2-2f9f127621e0"",""447860c8-1d56-518b-88ad-7e103990b756"",""33effc64-dcfe-5ced-badf-c4df49f68dc1"",""82b898ba-3b6d-567f-8996-4f259b74547e"",""a27c1fb2-edc1-57e6-9d74-adb5a13fed3b"",""4696448b-8c21-591b-80cc-7344ea0b95ec"",""1ca34094-ee4d-5962-a78a-174d361a9cd3"",""61eebfb6-2555-5bce-ba71-7a750427392a""]","[""c68f6332-f200-5595-940d-e5bcad78f1fe"",""54c3aba8-cb42-5023-9591-5cdd68bdd7c5"",""447860c8-1d56-518b-88ad-7e103990b756"",""656bacfc-b102-5379-8db2-2f9f127621e0"",""82b898ba-3b6d-567f-8996-4f259b74547e"",""33effc64-dcfe-5ced-badf-c4df49f68dc1"",""a27c1fb2-edc1-57e6-9d74-adb5a13fed3b"",""4696448b-8c21-591b-80cc-7344ea0b95ec"",""61eebfb6-2555-5bce-ba71-7a750427392a"",""1ca34094-ee4d-5962-a78a-174d361a9cd3""]",3.88,S,ab8215e5-b753-5a6a-a4e7-ad9caf42eeac,c9e2f4a7-a3de-4249-8e90-be53fda87bef,diagnoses_per_100_lines,0
M7-analysis-v5,184b05d2-2f8e-5d0c-89a1-eddf992ccdf9,4,e8255303f1e0cde7479952f03f3b344272c0261c44dbb56c3ba846d5849ccda2,C-SQL-1,K1,dbb63e68d4ed9e904fa985aa5b88d674205b6caab086a8d981ac8918a9c68fb5,"[""2394b234-0bc9-5e4f-b3e2-b83fed46e68b"",""f9faff59-3259-5804-8713-ca7f4006c343"",""0c44d85c-d8d9-572f-b0cb-1e52983adc6c"",""184b05d2-2f8e-5d0c-89a1-eddf992ccdf9"",""7753dd3d-102a-5383-af77-d7047c6a615f""]",[],"[""fe7c5fea-171a-5d3e-b93c-b9d53dca7c67"",""1fed9611-d0cc-51e5-86e7-4ba237c836a2"",""88f2e658-6155-5924-bc85-63fe2aabb08a"",""0d262496-18e1-5973-84a6-84fbda64d0ff"",""d6d45010-72fa-5741-b733-88958a8795d2"",""596c0800-372d-5056-8a35-9f8661656bf4"",""ab8215e5-b753-5a6a-a4e7-ad9caf42eeac"",""1b20061c-b208-551a-b06c-81ffeff623fc"",""aba074a1-d451-595d-bc12-e257adbe7383"",""7edb0577-da07-5c6f-8391-bb90e9822165""]","[""1fed9611-d0cc-51e5-86e7-4ba237c836a2"",""fe7c5fea-171a-5d3e-b93c-b9d53dca7c67"",""0d262496-18e1-5973-84a6-84fbda64d0ff"",""88f2e658-6155-5924-bc85-63fe2aabb08a"",""596c0800-372d-5056-8a35-9f8661656bf4"",""d6d45010-72fa-5741-b733-88958a8795d2"",""ab8215e5-b753-5a6a-a4e7-ad9caf42eeac"",""1b20061c-b208-551a-b06c-81ffeff623fc"",""aba074a1-d451-595d-bc12-e257adbe7383"",""7edb0577-da07-5c6f-8391-bb90e9822165""]","[""2394b234-0bc9-5e4f-b3e2-b83fed46e68b"",""f9faff59-3259-5804-8713-ca7f4006c343"",""0c44d85c-d8d9-572f-b0cb-1e52983adc6c"",""184b05d2-2f8e-5d0c-89a1-eddf992ccdf9"",""7753dd3d-102a-5383-af77-d7047c6a615f""]",[],"[""1c4afc6f-6679-57b7-ab6b-cec3053e85a1"",""022ddff9-4332-5ba5-b884-42537f220a0c"",""9f032fb3-90ca-5749-aff5-1065077ac10e"",""616ecfda-7163-5a8d-ba60-01f623d8b124"",""5e1af4e2-330f-563f-b639-2d3cd8d276c8"",""8b3ec7b0-123f-5597-95f7-1fafc5810d01"",""9b6d0913-2ae6-5dab-ab36-d05e1c51b208"",""c1d75a33-928c-5636-b99c-def1fb29e0f5"",""d7c5d484-54dc-5d1e-a3ac-65d60267a12c"",""f416cc8b-3bc2-5c4c-a91c-c56faf748684""]","[""1c4afc6f-6679-57b7-ab6b-cec3053e85a1"",""022ddff9-4332-5ba5-b884-42537f220a0c"",""616ecfda-7163-5a8d-ba60-01f623d8b124"",""9f032fb3-90ca-5749-aff5-1065077ac10e"",""5e1af4e2-330f-563f-b639-2d3cd8d276c8"",""8b3ec7b0-123f-5597-95f7-1fafc5810d01"",""9b6d0913-2ae6-5dab-ab36-d05e1c51b208"",""c1d75a33-928c-5636-b99c-def1fb29e0f5"",""d7c5d484-54dc-5d1e-a3ac-65d60267a12c"",""f416cc8b-3bc2-5c4c-a91c-c56faf748684""]","[""2394b234-0bc9-5e4f-b3e2-b83fed46e68b"",""f9faff59-3259-5804-8713-ca7f4006c343"",""0c44d85c-d8d9-572f-b0cb-1e52983adc6c"",""184b05d2-2f8e-5d0c-89a1-eddf992ccdf9"",""7753dd3d-102a-5383-af77-d7047c6a615f""]",[],"[""c68f6332-f200-5595-940d-e5bcad78f1fe"",""54c3aba8-cb42-5023-9591-5cdd68bdd7c5"",""656bacfc-b102-5379-8db2-2f9f127621e0"",""447860c8-1d56-518b-88ad-7e103990b756"",""33effc64-dcfe-5ced-badf-c4df49f68dc1"",""82b898ba-3b6d-567f-8996-4f259b74547e"",""a27c1fb2-edc1-57e6-9d74-adb5a13fed3b"",""4696448b-8c21-591b-80cc-7344ea0b95ec"",""1ca34094-ee4d-5962-a78a-174d361a9cd3"",""61eebfb6-2555-5bce-ba71-7a750427392a""]","[""c68f6332-f200-5595-940d-e5bcad78f1fe"",""54c3aba8-cb42-5023-9591-5cdd68bdd7c5"",""447860c8-1d56-518b-88ad-7e103990b756"",""656bacfc-b102-5379-8db2-2f9f127621e0"",""82b898ba-3b6d-567f-8996-4f259b74547e"",""33effc64-dcfe-5ced-badf-c4df49f68dc1"",""a27c1fb2-edc1-57e6-9d74-adb5a13fed3b"",""4696448b-8c21-591b-80cc-7344ea0b95ec"",""61eebfb6-2555-5bce-ba71-7a750427392a"",""1ca34094-ee4d-5962-a78a-174d361a9cd3""]",4.12,S,c1d75a33-928c-5636-b99c-def1fb29e0f5,bb5b4ed5-341c-433b-8930-be6390dd5308,diagnoses_per_100_lines,50/21
M7-analysis-v5,184b05d2-2f8e-5d0c-89a1-eddf992ccdf9,4,e9c20ce72fe0849f7459bebf76f7d1d014a5da86287e828a2d5d8f5ace310e1a,C-UP-0,K0,dbb63e68d4ed9e904fa985aa5b88d674205b6caab086a8d981ac8918a9c68fb5,"[""2394b234-0bc9-5e4f-b3e2-b83fed46e68b"",""f9faff59-3259-5804-8713-ca7f4006c343"",""0c44d85c-d8d9-572f-b0cb-1e52983adc6c"",""184b05d2-2f8e-5d0c-89a1-eddf992ccdf9"",""7753dd3d-102a-5383-af77-d7047c6a615f""]",[],"[""fe7c5fea-171a-5d3e-b93c-b9d53dca7c67"",""1fed9611-d0cc-51e5-86e7-4ba237c836a2"",""88f2e658-6155-5924-bc85-63fe2aabb08a"",""0d262496-18e1-5973-84a6-84fbda64d0ff"",""d6d45010-72fa-5741-b733-88958a8795d2"",""596c0800-372d-5056-8a35-9f8661656bf4"",""ab8215e5-b753-5a6a-a4e7-ad9caf42eeac"",""1b20061c-b208-551a-b06c-81ffeff623fc"",""aba074a1-d451-595d-bc12-e257adbe7383"",""7edb0577-da07-5c6f-8391-bb90e9822165""]","[""1fed9611-d0cc-51e5-86e7-4ba237c836a2"",""fe7c5fea-171a-5d3e-b93c-b9d53dca7c67"",""0d262496-18e1-5973-84a6-84fbda64d0ff"",""88f2e658-6155-5924-bc85-63fe2aabb08a"",""596c0800-372d-5056-8a35-9f8661656bf4"",""d6d45010-72fa-5741-b733-88958a8795d2"",""ab8215e5-b753-5a6a-a4e7-ad9caf42eeac"",""1b20061c-b208-551a-b06c-81ffeff623fc"",""aba074a1-d451-595d-bc12-e257adbe7383"",""7edb0577-da07-5c6f-8391-bb90e9822165""]","[""2394b234-0bc9-5e4f-b3e2-b83fed46e68b"",""f9faff59-3259-5804-8713-ca7f4006c343"",""0c44d85c-d8d9-572f-b0cb-1e52983adc6c"",""184b05d2-2f8e-5d0c-89a1-eddf992ccdf9"",""7753dd3d-102a-5383-af77-d7047c6a615f""]",[],"[""1c4afc6f-6679-57b7-ab6b-cec3053e85a1"",""022ddff9-4332-5ba5-b884-42537f220a0c"",""9f032fb3-90ca-5749-aff5-1065077ac10e"",""616ecfda-7163-5a8d-ba60-01f623d8b124"",""5e1af4e2-330f-563f-b639-2d3cd8d276c8"",""8b3ec7b0-123f-5597-95f7-1fafc5810d01"",""9b6d0913-2ae6-5dab-ab36-d05e1c51b208"",""c1d75a33-928c-5636-b99c-def1fb29e0f5"",""d7c5d484-54dc-5d1e-a3ac-65d60267a12c"",""f416cc8b-3bc2-5c4c-a91c-c56faf748684""]","[""1c4afc6f-6679-57b7-ab6b-cec3053e85a1"",""022ddff9-4332-5ba5-b884-42537f220a0c"",""616ecfda-7163-5a8d-ba60-01f623d8b124"",""9f032fb3-90ca-5749-aff5-1065077ac10e"",""5e1af4e2-330f-563f-b639-2d3cd8d276c8"",""8b3ec7b0-123f-5597-95f7-1fafc5810d01"",""9b6d0913-2ae6-5dab-ab36-d05e1c51b208"",""c1d75a33-928c-5636-b99c-def1fb29e0f5"",""d7c5d484-54dc-5d1e-a3ac-65d60267a12c"",""f416cc8b-3bc2-5c4c-a91c-c56faf748684""]","[""2394b234-0bc9-5e4f-b3e2-b83fed46e68b"",""f9faff59-3259-5804-8713-ca7f4006c343"",""0c44d85c-d8d9-572f-b0cb-1e52983adc6c"",""184b05d2-2f8e-5d0c-89a1-eddf992ccdf9"",""7753dd3d-102a-5383-af77-d7047c6a615f""]",[],"[""c68f6332-f200-5595-940d-e5bcad78f1fe"",""54c3aba8-cb42-5023-9591-5cdd68bdd7c5"",""656bacfc-b102-5379-8db2-2f9f127621e0"",""447860c8-1d56-518b-88ad-7e103990b756"",""33effc64-dcfe-5ced-badf-c4df49f68dc1"",""82b898ba-3b6d-567f-8996-4f259b74547e"",""a27c1fb2-edc1-57e6-9d74-adb5a13fed3b"",""4696448b-8c21-591b-80cc-7344ea0b95ec"",""1ca34094-ee4d-5962-a78a-174d361a9cd3"",""61eebfb6-2555-5bce-ba71-7a750427392a""]","[""c68f6332-f200-5595-940d-e5bcad78f1fe"",""54c3aba8-cb42-5023-9591-5cdd68bdd7c5"",""447860c8-1d56-518b-88ad-7e103990b756"",""656bacfc-b102-5379-8db2-2f9f127621e0"",""82b898ba-3b6d-567f-8996-4f259b74547e"",""33effc64-dcfe-5ced-badf-c4df49f68dc1"",""a27c1fb2-edc1-57e6-9d74-adb5a13fed3b"",""4696448b-8c21-591b-80cc-7344ea0b95ec"",""61eebfb6-2555-5bce-ba71-7a750427392a"",""1ca34094-ee4d-5962-a78a-174d361a9cd3""]",3.88,S,a27c1fb2-edc1-57e6-9d74-adb5a13fed3b,f421808e-bd73-46b2-9444-d7c6ebe0f163,diagnoses_per_100_lines,200/123
M7-analysis-v5,7753dd3d-102a-5383-af77-d7047c6a615f,5,2075b7d081c7ee47cdf4c8dab1d605e31fa4eb2e37c5f948e6510da97ad5a115,C-BF-0,K0,dbb63e68d4ed9e904fa985aa5b88d674205b6caab086a8d981ac8918a9c68fb5,"[""2394b234-0bc9-5e4f-b3e2-b83fed46e68b"",""f9faff59-3259-5804-8713-ca7f4006c343"",""0c44d85c-d8d9-572f-b0cb-1e52983adc6c"",""184b05d2-2f8e-5d0c-89a1-eddf992ccdf9"",""7753dd3d-102a-5383-af77-d7047c6a615f""]",[],"[""fe7c5fea-171a-5d3e-b93c-b9d53dca7c67"",""1fed9611-d0cc-51e5-86e7-4ba237c836a2"",""88f2e658-6155-5924-bc85-63fe2aabb08a"",""0d262496-18e1-5973-84a6-84fbda64d0ff"",""d6d45010-72fa-5741-b733-88958a8795d2"",""596c0800-372d-5056-8a35-9f8661656bf4"",""ab8215e5-b753-5a6a-a4e7-ad9caf42eeac"",""1b20061c-b208-551a-b06c-81ffeff623fc"",""aba074a1-d451-595d-bc12-e257adbe7383"",""7edb0577-da07-5c6f-8391-bb90e9822165""]","[""1fed9611-d0cc-51e5-86e7-4ba237c836a2"",""fe7c5fea-171a-5d3e-b93c-b9d53dca7c67"",""0d262496-18e1-5973-84a6-84fbda64d0ff"",""88f2e658-6155-5924-bc85-63fe2aabb08a"",""596c0800-372d-5056-8a35-9f8661656bf4"",""d6d45010-72fa-5741-b733-88958a8795d2"",""ab8215e5-b753-5a6a-a4e7-ad9caf42eeac"",""1b20061c-b208-551a-b06c-81ffeff623fc"",""aba074a1-d451-595d-bc12-e257adbe7383"",""7edb0577-da07-5c6f-8391-bb90e9822165""]","[""2394b234-0bc9-5e4f-b3e2-b83fed46e68b"",""f9faff59-3259-5804-8713-ca7f4006c343"",""0c44d85c-d8d9-572f-b0cb-1e52983adc6c"",""184b05d2-2f8e-5d0c-89a1-eddf992ccdf9"",""7753dd3d-102a-5383-af77-d7047c6a615f""]",[],"[""1c4afc6f-6679-57b7-ab6b-cec3053e85a1"",""022ddff9-4332-5ba5-b884-42537f220a0c"",""9f032fb3-90ca-5749-aff5-1065077ac10e"",""616ecfda-7163-5a8d-ba60-01f623d8b124"",""5e1af4e2-330f-563f-b639-2d3cd8d276c8"",""8b3ec7b0-123f-5597-95f7-1fafc5810d01"",""9b6d0913-2ae6-5dab-ab36-d05e1c51b208"",""c1d75a33-928c-5636-b99c-def1fb29e0f5"",""d7c5d484-54dc-5d1e-a3ac-65d60267a12c"",""f416cc8b-3bc2-5c4c-a91c-c56faf748684""]","[""1c4afc6f-6679-57b7-ab6b-cec3053e85a1"",""022ddff9-4332-5ba5-b884-42537f220a0c"",""616ecfda-7163-5a8d-ba60-01f623d8b124"",""9f032fb3-90ca-5749-aff5-1065077ac10e"",""5e1af4e2-330f-563f-b639-2d3cd8d276c8"",""8b3ec7b0-123f-5597-95f7-1fafc5810d01"",""9b6d0913-2ae6-5dab-ab36-d05e1c51b208"",""c1d75a33-928c-5636-b99c-def1fb29e0f5"",""d7c5d484-54dc-5d1e-a3ac-65d60267a12c"",""f416cc8b-3bc2-5c4c-a91c-c56faf748684""]","[""2394b234-0bc9-5e4f-b3e2-b83fed46e68b"",""f9faff59-3259-5804-8713-ca7f4006c343"",""0c44d85c-d8d9-572f-b0cb-1e52983adc6c"",""184b05d2-2f8e-5d0c-89a1-eddf992ccdf9"",""7753dd3d-102a-5383-af77-d7047c6a615f""]",[],"[""c68f6332-f200-5595-940d-e5bcad78f1fe"",""54c3aba8-cb42-5023-9591-5cdd68bdd7c5"",""656bacfc-b102-5379-8db2-2f9f127621e0"",""447860c8-1d56-518b-88ad-7e103990b756"",""33effc64-dcfe-5ced-badf-c4df49f68dc1"",""82b898ba-3b6d-567f-8996-4f259b74547e"",""a27c1fb2-edc1-57e6-9d74-adb5a13fed3b"",""4696448b-8c21-591b-80cc-7344ea0b95ec"",""1ca34094-ee4d-5962-a78a-174d361a9cd3"",""61eebfb6-2555-5bce-ba71-7a750427392a""]","[""c68f6332-f200-5595-940d-e5bcad78f1fe"",""54c3aba8-cb42-5023-9591-5cdd68bdd7c5"",""447860c8-1d56-518b-88ad-7e103990b756"",""656bacfc-b102-5379-8db2-2f9f127621e0"",""82b898ba-3b6d-567f-8996-4f259b74547e"",""33effc64-dcfe-5ced-badf-c4df49f68dc1"",""a27c1fb2-edc1-57e6-9d74-adb5a13fed3b"",""4696448b-8c21-591b-80cc-7344ea0b95ec"",""61eebfb6-2555-5bce-ba71-7a750427392a"",""1ca34094-ee4d-5962-a78a-174d361a9cd3""]",4.88,S,aba074a1-d451-595d-bc12-e257adbe7383,a4f1303d-2680-4974-820d-f01bb33855e2,diagnoses_per_100_lines,0
M7-analysis-v5,7753dd3d-102a-5383-af77-d7047c6a615f,5,2d9681d9c609b4fa7b683579eeaccebb7a585916edbd34795f95dc2f16b47e4b,C-UP-0,K0,dbb63e68d4ed9e904fa985aa5b88d674205b6caab086a8d981ac8918a9c68fb5,"[""2394b234-0bc9-5e4f-b3e2-b83fed46e68b"",""f9faff59-3259-5804-8713-ca7f4006c343"",""0c44d85c-d8d9-572f-b0cb-1e52983adc6c"",""184b05d2-2f8e-5d0c-89a1-eddf992ccdf9"",""7753dd3d-102a-5383-af77-d7047c6a615f""]",[],"[""fe7c5fea-171a-5d3e-b93c-b9d53dca7c67"",""1fed9611-d0cc-51e5-86e7-4ba237c836a2"",""88f2e658-6155-5924-bc85-63fe2aabb08a"",""0d262496-18e1-5973-84a6-84fbda64d0ff"",""d6d45010-72fa-5741-b733-88958a8795d2"",""596c0800-372d-5056-8a35-9f8661656bf4"",""ab8215e5-b753-5a6a-a4e7-ad9caf42eeac"",""1b20061c-b208-551a-b06c-81ffeff623fc"",""aba074a1-d451-595d-bc12-e257adbe7383"",""7edb0577-da07-5c6f-8391-bb90e9822165""]","[""1fed9611-d0cc-51e5-86e7-4ba237c836a2"",""fe7c5fea-171a-5d3e-b93c-b9d53dca7c67"",""0d262496-18e1-5973-84a6-84fbda64d0ff"",""88f2e658-6155-5924-bc85-63fe2aabb08a"",""596c0800-372d-5056-8a35-9f8661656bf4"",""d6d45010-72fa-5741-b733-88958a8795d2"",""ab8215e5-b753-5a6a-a4e7-ad9caf42eeac"",""1b20061c-b208-551a-b06c-81ffeff623fc"",""aba074a1-d451-595d-bc12-e257adbe7383"",""7edb0577-da07-5c6f-8391-bb90e9822165""]","[""2394b234-0bc9-5e4f-b3e2-b83fed46e68b"",""f9faff59-3259-5804-8713-ca7f4006c343"",""0c44d85c-d8d9-572f-b0cb-1e52983adc6c"",""184b05d2-2f8e-5d0c-89a1-eddf992ccdf9"",""7753dd3d-102a-5383-af77-d7047c6a615f""]",[],"[""1c4afc6f-6679-57b7-ab6b-cec3053e85a1"",""022ddff9-4332-5ba5-b884-42537f220a0c"",""9f032fb3-90ca-5749-aff5-1065077ac10e"",""616ecfda-7163-5a8d-ba60-01f623d8b124"",""5e1af4e2-330f-563f-b639-2d3cd8d276c8"",""8b3ec7b0-123f-5597-95f7-1fafc5810d01"",""9b6d0913-2ae6-5dab-ab36-d05e1c51b208"",""c1d75a33-928c-5636-b99c-def1fb29e0f5"",""d7c5d484-54dc-5d1e-a3ac-65d60267a12c"",""f416cc8b-3bc2-5c4c-a91c-c56faf748684""]","[""1c4afc6f-6679-57b7-ab6b-cec3053e85a1"",""022ddff9-4332-5ba5-b884-42537f220a0c"",""616ecfda-7163-5a8d-ba60-01f623d8b124"",""9f032fb3-90ca-5749-aff5-1065077ac10e"",""5e1af4e2-330f-563f-b639-2d3cd8d276c8"",""8b3ec7b0-123f-5597-95f7-1fafc5810d01"",""9b6d0913-2ae6-5dab-ab36-d05e1c51b208"",""c1d75a33-928c-5636-b99c-def1fb29e0f5"",""d7c5d484-54dc-5d1e-a3ac-65d60267a12c"",""f416cc8b-3bc2-5c4c-a91c-c56faf748684""]","[""2394b234-0bc9-5e4f-b3e2-b83fed46e68b"",""f9faff59-3259-5804-8713-ca7f4006c343"",""0c44d85c-d8d9-572f-b0cb-1e52983adc6c"",""184b05d2-2f8e-5d0c-89a1-eddf992ccdf9"",""7753dd3d-102a-5383-af77-d7047c6a615f""]",[],"[""c68f6332-f200-5595-940d-e5bcad78f1fe"",""54c3aba8-cb42-5023-9591-5cdd68bdd7c5"",""656bacfc-b102-5379-8db2-2f9f127621e0"",""447860c8-1d56-518b-88ad-7e103990b756"",""33effc64-dcfe-5ced-badf-c4df49f68dc1"",""82b898ba-3b6d-567f-8996-4f259b74547e"",""a27c1fb2-edc1-57e6-9d74-adb5a13fed3b"",""4696448b-8c21-591b-80cc-7344ea0b95ec"",""1ca34094-ee4d-5962-a78a-174d361a9cd3"",""61eebfb6-2555-5bce-ba71-7a750427392a""]","[""c68f6332-f200-5595-940d-e5bcad78f1fe"",""54c3aba8-cb42-5023-9591-5cdd68bdd7c5"",""447860c8-1d56-518b-88ad-7e103990b756"",""656bacfc-b102-5379-8db2-2f9f127621e0"",""82b898ba-3b6d-567f-8996-4f259b74547e"",""33effc64-dcfe-5ced-badf-c4df49f68dc1"",""a27c1fb2-edc1-57e6-9d74-adb5a13fed3b"",""4696448b-8c21-591b-80cc-7344ea0b95ec"",""61eebfb6-2555-5bce-ba71-7a750427392a"",""1ca34094-ee4d-5962-a78a-174d361a9cd3""]",4.88,S,1ca34094-ee4d-5962-a78a-174d361a9cd3,6bbe94d3-45b9-4203-be9d-d1c1c93b2869,diagnoses_per_100_lines,4
M7-analysis-v5,7753dd3d-102a-5383-af77-d7047c6a615f,5,5e2cd784e68194e6618d1eb854a2f1d53c92faa75346b94870e0f79c1d33a8fc,C-SQL-1,K1,dbb63e68d4ed9e904fa985aa5b88d674205b6caab086a8d981ac8918a9c68fb5,"[""2394b234-0bc9-5e4f-b3e2-b83fed46e68b"",""f9faff59-3259-5804-8713-ca7f4006c343"",""0c44d85c-d8d9-572f-b0cb-1e52983adc6c"",""184b05d2-2f8e-5d0c-89a1-eddf992ccdf9"",""7753dd3d-102a-5383-af77-d7047c6a615f""]",[],"[""fe7c5fea-171a-5d3e-b93c-b9d53dca7c67"",""1fed9611-d0cc-51e5-86e7-4ba237c836a2"",""88f2e658-6155-5924-bc85-63fe2aabb08a"",""0d262496-18e1-5973-84a6-84fbda64d0ff"",""d6d45010-72fa-5741-b733-88958a8795d2"",""596c0800-372d-5056-8a35-9f8661656bf4"",""ab8215e5-b753-5a6a-a4e7-ad9caf42eeac"",""1b20061c-b208-551a-b06c-81ffeff623fc"",""aba074a1-d451-595d-bc12-e257adbe7383"",""7edb0577-da07-5c6f-8391-bb90e9822165""]","[""1fed9611-d0cc-51e5-86e7-4ba237c836a2"",""fe7c5fea-171a-5d3e-b93c-b9d53dca7c67"",""0d262496-18e1-5973-84a6-84fbda64d0ff"",""88f2e658-6155-5924-bc85-63fe2aabb08a"",""596c0800-372d-5056-8a35-9f8661656bf4"",""d6d45010-72fa-5741-b733-88958a8795d2"",""ab8215e5-b753-5a6a-a4e7-ad9caf42eeac"",""1b20061c-b208-551a-b06c-81ffeff623fc"",""aba074a1-d451-595d-bc12-e257adbe7383"",""7edb0577-da07-5c6f-8391-bb90e9822165""]","[""2394b234-0bc9-5e4f-b3e2-b83fed46e68b"",""f9faff59-3259-5804-8713-ca7f4006c343"",""0c44d85c-d8d9-572f-b0cb-1e52983adc6c"",""184b05d2-2f8e-5d0c-89a1-eddf992ccdf9"",""7753dd3d-102a-5383-af77-d7047c6a615f""]",[],"[""1c4afc6f-6679-57b7-ab6b-cec3053e85a1"",""022ddff9-4332-5ba5-b884-42537f220a0c"",""9f032fb3-90ca-5749-aff5-1065077ac10e"",""616ecfda-7163-5a8d-ba60-01f623d8b124"",""5e1af4e2-330f-563f-b639-2d3cd8d276c8"",""8b3ec7b0-123f-5597-95f7-1fafc5810d01"",""9b6d0913-2ae6-5dab-ab36-d05e1c51b208"",""c1d75a33-928c-5636-b99c-def1fb29e0f5"",""d7c5d484-54dc-5d1e-a3ac-65d60267a12c"",""f416cc8b-3bc2-5c4c-a91c-c56faf748684""]","[""1c4afc6f-6679-57b7-ab6b-cec3053e85a1"",""022ddff9-4332-5ba5-b884-42537f220a0c"",""616ecfda-7163-5a8d-ba60-01f623d8b124"",""9f032fb3-90ca-5749-aff5-1065077ac10e"",""5e1af4e2-330f-563f-b639-2d3cd8d276c8"",""8b3ec7b0-123f-5597-95f7-1fafc5810d01"",""9b6d0913-2ae6-5dab-ab36-d05e1c51b208"",""c1d75a33-928c-5636-b99c-def1fb29e0f5"",""d7c5d484-54dc-5d1e-a3ac-65d60267a12c"",""f416cc8b-3bc2-5c4c-a91c-c56faf748684""]","[""2394b234-0bc9-5e4f-b3e2-b83fed46e68b"",""f9faff59-3259-5804-8713-ca7f4006c343"",""0c44d85c-d8d9-572f-b0cb-1e52983adc6c"",""184b05d2-2f8e-5d0c-89a1-eddf992ccdf9"",""7753dd3d-102a-5383-af77-d7047c6a615f""]",[],"[""c68f6332-f200-5595-940d-e5bcad78f1fe"",""54c3aba8-cb42-5023-9591-5cdd68bdd7c5"",""656bacfc-b102-5379-8db2-2f9f127621e0"",""447860c8-1d56-518b-88ad-7e103990b756"",""33effc64-dcfe-5ced-badf-c4df49f68dc1"",""82b898ba-3b6d-567f-8996-4f259b74547e"",""a27c1fb2-edc1-57e6-9d74-adb5a13fed3b"",""4696448b-8c21-591b-80cc-7344ea0b95ec"",""1ca34094-ee4d-5962-a78a-174d361a9cd3"",""61eebfb6-2555-5bce-ba71-7a750427392a""]","[""c68f6332-f200-5595-940d-e5bcad78f1fe"",""54c3aba8-cb42-5023-9591-5cdd68bdd7c5"",""447860c8-1d56-518b-88ad-7e103990b756"",""656bacfc-b102-5379-8db2-2f9f127621e0"",""82b898ba-3b6d-567f-8996-4f259b74547e"",""33effc64-dcfe-5ced-badf-c4df49f68dc1"",""a27c1fb2-edc1-57e6-9d74-adb5a13fed3b"",""4696448b-8c21-591b-80cc-7344ea0b95ec"",""61eebfb6-2555-5bce-ba71-7a750427392a"",""1ca34094-ee4d-5962-a78a-174d361a9cd3""]",5.12,S,f416cc8b-3bc2-5c4c-a91c-c56faf748684,ca01d777-1bf3-4bae-96d4-974ae4f9359d,diagnoses_per_100_lines,0
M7-analysis-v5,7753dd3d-102a-5383-af77-d7047c6a615f,5,af64451f35d73e78d45599c56b254ad16f027493556fd397ad7b9cae48a9ba82,C-SQL-0,K0,dbb63e68d4ed9e904fa985aa5b88d674205b6caab086a8d981ac8918a9c68fb5,"[""2394b234-0bc9-5e4f-b3e2-b83fed46e68b"",""f9faff59-3259-5804-8713-ca7f4006c343"",""0c44d85c-d8d9-572f-b0cb-1e52983adc6c"",""184b05d2-2f8e-5d0c-89a1-eddf992ccdf9"",""7753dd3d-102a-5383-af77-d7047c6a615f""]",[],"[""fe7c5fea-171a-5d3e-b93c-b9d53dca7c67"",""1fed9611-d0cc-51e5-86e7-4ba237c836a2"",""88f2e658-6155-5924-bc85-63fe2aabb08a"",""0d262496-18e1-5973-84a6-84fbda64d0ff"",""d6d45010-72fa-5741-b733-88958a8795d2"",""596c0800-372d-5056-8a35-9f8661656bf4"",""ab8215e5-b753-5a6a-a4e7-ad9caf42eeac"",""1b20061c-b208-551a-b06c-81ffeff623fc"",""aba074a1-d451-595d-bc12-e257adbe7383"",""7edb0577-da07-5c6f-8391-bb90e9822165""]","[""1fed9611-d0cc-51e5-86e7-4ba237c836a2"",""fe7c5fea-171a-5d3e-b93c-b9d53dca7c67"",""0d262496-18e1-5973-84a6-84fbda64d0ff"",""88f2e658-6155-5924-bc85-63fe2aabb08a"",""596c0800-372d-5056-8a35-9f8661656bf4"",""d6d45010-72fa-5741-b733-88958a8795d2"",""ab8215e5-b753-5a6a-a4e7-ad9caf42eeac"",""1b20061c-b208-551a-b06c-81ffeff623fc"",""aba074a1-d451-595d-bc12-e257adbe7383"",""7edb0577-da07-5c6f-8391-bb90e9822165""]","[""2394b234-0bc9-5e4f-b3e2-b83fed46e68b"",""f9faff59-3259-5804-8713-ca7f4006c343"",""0c44d85c-d8d9-572f-b0cb-1e52983adc6c"",""184b05d2-2f8e-5d0c-89a1-eddf992ccdf9"",""7753dd3d-102a-5383-af77-d7047c6a615f""]",[],"[""1c4afc6f-6679-57b7-ab6b-cec3053e85a1"",""022ddff9-4332-5ba5-b884-42537f220a0c"",""9f032fb3-90ca-5749-aff5-1065077ac10e"",""616ecfda-7163-5a8d-ba60-01f623d8b124"",""5e1af4e2-330f-563f-b639-2d3cd8d276c8"",""8b3ec7b0-123f-5597-95f7-1fafc5810d01"",""9b6d0913-2ae6-5dab-ab36-d05e1c51b208"",""c1d75a33-928c-5636-b99c-def1fb29e0f5"",""d7c5d484-54dc-5d1e-a3ac-65d60267a12c"",""f416cc8b-3bc2-5c4c-a91c-c56faf748684""]","[""1c4afc6f-6679-57b7-ab6b-cec3053e85a1"",""022ddff9-4332-5ba5-b884-42537f220a0c"",""616ecfda-7163-5a8d-ba60-01f623d8b124"",""9f032fb3-90ca-5749-aff5-1065077ac10e"",""5e1af4e2-330f-563f-b639-2d3cd8d276c8"",""8b3ec7b0-123f-5597-95f7-1fafc5810d01"",""9b6d0913-2ae6-5dab-ab36-d05e1c51b208"",""c1d75a33-928c-5636-b99c-def1fb29e0f5"",""d7c5d484-54dc-5d1e-a3ac-65d60267a12c"",""f416cc8b-3bc2-5c4c-a91c-c56faf748684""]","[""2394b234-0bc9-5e4f-b3e2-b83fed46e68b"",""f9faff59-3259-5804-8713-ca7f4006c343"",""0c44d85c-d8d9-572f-b0cb-1e52983adc6c"",""184b05d2-2f8e-5d0c-89a1-eddf992ccdf9"",""7753dd3d-102a-5383-af77-d7047c6a615f""]",[],"[""c68f6332-f200-5595-940d-e5bcad78f1fe"",""54c3aba8-cb42-5023-9591-5cdd68bdd7c5"",""656bacfc-b102-5379-8db2-2f9f127621e0"",""447860c8-1d56-518b-88ad-7e103990b756"",""33effc64-dcfe-5ced-badf-c4df49f68dc1"",""82b898ba-3b6d-567f-8996-4f259b74547e"",""a27c1fb2-edc1-57e6-9d74-adb5a13fed3b"",""4696448b-8c21-591b-80cc-7344ea0b95ec"",""1ca34094-ee4d-5962-a78a-174d361a9cd3"",""61eebfb6-2555-5bce-ba71-7a750427392a""]","[""c68f6332-f200-5595-940d-e5bcad78f1fe"",""54c3aba8-cb42-5023-9591-5cdd68bdd7c5"",""447860c8-1d56-518b-88ad-7e103990b756"",""656bacfc-b102-5379-8db2-2f9f127621e0"",""82b898ba-3b6d-567f-8996-4f259b74547e"",""33effc64-dcfe-5ced-badf-c4df49f68dc1"",""a27c1fb2-edc1-57e6-9d74-adb5a13fed3b"",""4696448b-8c21-591b-80cc-7344ea0b95ec"",""61eebfb6-2555-5bce-ba71-7a750427392a"",""1ca34094-ee4d-5962-a78a-174d361a9cd3""]",4.88,S,d7c5d484-54dc-5d1e-a3ac-65d60267a12c,9d2a8092-df15-47cc-bd7a-a5f32ea63b35,diagnoses_per_100_lines,0
M7-analysis-v5,7753dd3d-102a-5383-af77-d7047c6a615f,5,d1c7cfe739bde7675213666c36301ae75805470a0e7f4b564d95bbc90500c1e4,C-UP-1,K1,dbb63e68d4ed9e904fa985aa5b88d674205b6caab086a8d981ac8918a9c68fb5,"[""2394b234-0bc9-5e4f-b3e2-b83fed46e68b"",""f9faff59-3259-5804-8713-ca7f4006c343"",""0c44d85c-d8d9-572f-b0cb-1e52983adc6c"",""184b05d2-2f8e-5d0c-89a1-eddf992ccdf9"",""7753dd3d-102a-5383-af77-d7047c6a615f""]",[],"[""fe7c5fea-171a-5d3e-b93c-b9d53dca7c67"",""1fed9611-d0cc-51e5-86e7-4ba237c836a2"",""88f2e658-6155-5924-bc85-63fe2aabb08a"",""0d262496-18e1-5973-84a6-84fbda64d0ff"",""d6d45010-72fa-5741-b733-88958a8795d2"",""596c0800-372d-5056-8a35-9f8661656bf4"",""ab8215e5-b753-5a6a-a4e7-ad9caf42eeac"",""1b20061c-b208-551a-b06c-81ffeff623fc"",""aba074a1-d451-595d-bc12-e257adbe7383"",""7edb0577-da07-5c6f-8391-bb90e9822165""]","[""1fed9611-d0cc-51e5-86e7-4ba237c836a2"",""fe7c5fea-171a-5d3e-b93c-b9d53dca7c67"",""0d262496-18e1-5973-84a6-84fbda64d0ff"",""88f2e658-6155-5924-bc85-63fe2aabb08a"",""596c0800-372d-5056-8a35-9f8661656bf4"",""d6d45010-72fa-5741-b733-88958a8795d2"",""ab8215e5-b753-5a6a-a4e7-ad9caf42eeac"",""1b20061c-b208-551a-b06c-81ffeff623fc"",""aba074a1-d451-595d-bc12-e257adbe7383"",""7edb0577-da07-5c6f-8391-bb90e9822165""]","[""2394b234-0bc9-5e4f-b3e2-b83fed46e68b"",""f9faff59-3259-5804-8713-ca7f4006c343"",""0c44d85c-d8d9-572f-b0cb-1e52983adc6c"",""184b05d2-2f8e-5d0c-89a1-eddf992ccdf9"",""7753dd3d-102a-5383-af77-d7047c6a615f""]",[],"[""1c4afc6f-6679-57b7-ab6b-cec3053e85a1"",""022ddff9-4332-5ba5-b884-42537f220a0c"",""9f032fb3-90ca-5749-aff5-1065077ac10e"",""616ecfda-7163-5a8d-ba60-01f623d8b124"",""5e1af4e2-330f-563f-b639-2d3cd8d276c8"",""8b3ec7b0-123f-5597-95f7-1fafc5810d01"",""9b6d0913-2ae6-5dab-ab36-d05e1c51b208"",""c1d75a33-928c-5636-b99c-def1fb29e0f5"",""d7c5d484-54dc-5d1e-a3ac-65d60267a12c"",""f416cc8b-3bc2-5c4c-a91c-c56faf748684""]","[""1c4afc6f-6679-57b7-ab6b-cec3053e85a1"",""022ddff9-4332-5ba5-b884-42537f220a0c"",""616ecfda-7163-5a8d-ba60-01f623d8b124"",""9f032fb3-90ca-5749-aff5-1065077ac10e"",""5e1af4e2-330f-563f-b639-2d3cd8d276c8"",""8b3ec7b0-123f-5597-95f7-1fafc5810d01"",""9b6d0913-2ae6-5dab-ab36-d05e1c51b208"",""c1d75a33-928c-5636-b99c-def1fb29e0f5"",""d7c5d484-54dc-5d1e-a3ac-65d60267a12c"",""f416cc8b-3bc2-5c4c-a91c-c56faf748684""]","[""2394b234-0bc9-5e4f-b3e2-b83fed46e68b"",""f9faff59-3259-5804-8713-ca7f4006c343"",""0c44d85c-d8d9-572f-b0cb-1e52983adc6c"",""184b05d2-2f8e-5d0c-89a1-eddf992ccdf9"",""7753dd3d-102a-5383-af77-d7047c6a615f""]",[],"[""c68f6332-f200-5595-940d-e5bcad78f1fe"",""54c3aba8-cb42-5023-9591-5cdd68bdd7c5"",""656bacfc-b102-5379-8db2-2f9f127621e0"",""447860c8-1d56-518b-88ad-7e103990b756"",""33effc64-dcfe-5ced-badf-c4df49f68dc1"",""82b898ba-3b6d-567f-8996-4f259b74547e"",""a27c1fb2-edc1-57e6-9d74-adb5a13fed3b"",""4696448b-8c21-591b-80cc-7344ea0b95ec"",""1ca34094-ee4d-5962-a78a-174d361a9cd3"",""61eebfb6-2555-5bce-ba71-7a750427392a""]","[""c68f6332-f200-5595-940d-e5bcad78f1fe"",""54c3aba8-cb42-5023-9591-5cdd68bdd7c5"",""447860c8-1d56-518b-88ad-7e103990b756"",""656bacfc-b102-5379-8db2-2f9f127621e0"",""82b898ba-3b6d-567f-8996-4f259b74547e"",""33effc64-dcfe-5ced-badf-c4df49f68dc1"",""a27c1fb2-edc1-57e6-9d74-adb5a13fed3b"",""4696448b-8c21-591b-80cc-7344ea0b95ec"",""61eebfb6-2555-5bce-ba71-7a750427392a"",""1ca34094-ee4d-5962-a78a-174d361a9cd3""]",5.12,S,61eebfb6-2555-5bce-ba71-7a750427392a,f699e69a-7d8c-4120-aed3-1fc1c8856b68,diagnoses_per_100_lines,25/16
M7-analysis-v5,7753dd3d-102a-5383-af77-d7047c6a615f,5,e69a389b85bb3f5d5e8e0358da9e10571b709538eded76ca43c8eb44718fff38,C-BF-1,K1,dbb63e68d4ed9e904fa985aa5b88d674205b6caab086a8d981ac8918a9c68fb5,"[""2394b234-0bc9-5e4f-b3e2-b83fed46e68b"",""f9faff59-3259-5804-8713-ca7f4006c343"",""0c44d85c-d8d9-572f-b0cb-1e52983adc6c"",""184b05d2-2f8e-5d0c-89a1-eddf992ccdf9"",""7753dd3d-102a-5383-af77-d7047c6a615f""]",[],"[""fe7c5fea-171a-5d3e-b93c-b9d53dca7c67"",""1fed9611-d0cc-51e5-86e7-4ba237c836a2"",""88f2e658-6155-5924-bc85-63fe2aabb08a"",""0d262496-18e1-5973-84a6-84fbda64d0ff"",""d6d45010-72fa-5741-b733-88958a8795d2"",""596c0800-372d-5056-8a35-9f8661656bf4"",""ab8215e5-b753-5a6a-a4e7-ad9caf42eeac"",""1b20061c-b208-551a-b06c-81ffeff623fc"",""aba074a1-d451-595d-bc12-e257adbe7383"",""7edb0577-da07-5c6f-8391-bb90e9822165""]","[""1fed9611-d0cc-51e5-86e7-4ba237c836a2"",""fe7c5fea-171a-5d3e-b93c-b9d53dca7c67"",""0d262496-18e1-5973-84a6-84fbda64d0ff"",""88f2e658-6155-5924-bc85-63fe2aabb08a"",""596c0800-372d-5056-8a35-9f8661656bf4"",""d6d45010-72fa-5741-b733-88958a8795d2"",""ab8215e5-b753-5a6a-a4e7-ad9caf42eeac"",""1b20061c-b208-551a-b06c-81ffeff623fc"",""aba074a1-d451-595d-bc12-e257adbe7383"",""7edb0577-da07-5c6f-8391-bb90e9822165""]","[""2394b234-0bc9-5e4f-b3e2-b83fed46e68b"",""f9faff59-3259-5804-8713-ca7f4006c343"",""0c44d85c-d8d9-572f-b0cb-1e52983adc6c"",""184b05d2-2f8e-5d0c-89a1-eddf992ccdf9"",""7753dd3d-102a-5383-af77-d7047c6a615f""]",[],"[""1c4afc6f-6679-57b7-ab6b-cec3053e85a1"",""022ddff9-4332-5ba5-b884-42537f220a0c"",""9f032fb3-90ca-5749-aff5-1065077ac10e"",""616ecfda-7163-5a8d-ba60-01f623d8b124"",""5e1af4e2-330f-563f-b639-2d3cd8d276c8"",""8b3ec7b0-123f-5597-95f7-1fafc5810d01"",""9b6d0913-2ae6-5dab-ab36-d05e1c51b208"",""c1d75a33-928c-5636-b99c-def1fb29e0f5"",""d7c5d484-54dc-5d1e-a3ac-65d60267a12c"",""f416cc8b-3bc2-5c4c-a91c-c56faf748684""]","[""1c4afc6f-6679-57b7-ab6b-cec3053e85a1"",""022ddff9-4332-5ba5-b884-42537f220a0c"",""616ecfda-7163-5a8d-ba60-01f623d8b124"",""9f032fb3-90ca-5749-aff5-1065077ac10e"",""5e1af4e2-330f-563f-b639-2d3cd8d276c8"",""8b3ec7b0-123f-5597-95f7-1fafc5810d01"",""9b6d0913-2ae6-5dab-ab36-d05e1c51b208"",""c1d75a33-928c-5636-b99c-def1fb29e0f5"",""d7c5d484-54dc-5d1e-a3ac-65d60267a12c"",""f416cc8b-3bc2-5c4c-a91c-c56faf748684""]","[""2394b234-0bc9-5e4f-b3e2-b83fed46e68b"",""f9faff59-3259-5804-8713-ca7f4006c343"",""0c44d85c-d8d9-572f-b0cb-1e52983adc6c"",""184b05d2-2f8e-5d0c-89a1-eddf992ccdf9"",""7753dd3d-102a-5383-af77-d7047c6a615f""]",[],"[""c68f6332-f200-5595-940d-e5bcad78f1fe"",""54c3aba8-cb42-5023-9591-5cdd68bdd7c5"",""656bacfc-b102-5379-8db2-2f9f127621e0"",""447860c8-1d56-518b-88ad-7e103990b756"",""33effc64-dcfe-5ced-badf-c4df49f68dc1"",""82b898ba-3b6d-567f-8996-4f259b74547e"",""a27c1fb2-edc1-57e6-9d74-adb5a13fed3b"",""4696448b-8c21-591b-80cc-7344ea0b95ec"",""1ca34094-ee4d-5962-a78a-174d361a9cd3"",""61eebfb6-2555-5bce-ba71-7a750427392a""]","[""c68f6332-f200-5595-940d-e5bcad78f1fe"",""54c3aba8-cb42-5023-9591-5cdd68bdd7c5"",""447860c8-1d56-518b-88ad-7e103990b756"",""656bacfc-b102-5379-8db2-2f9f127621e0"",""82b898ba-3b6d-567f-8996-4f259b74547e"",""33effc64-dcfe-5ced-badf-c4df49f68dc1"",""a27c1fb2-edc1-57e6-9d74-adb5a13fed3b"",""4696448b-8c21-591b-80cc-7344ea0b95ec"",""61eebfb6-2555-5bce-ba71-7a750427392a"",""1ca34094-ee4d-5962-a78a-174d361a9cd3""]",5.12,S,7edb0577-da07-5c6f-8391-bb90e9822165,65ab8c0f-8e90-4b88-8520-97b2399c3ba2,diagnoses_per_100_lines,0
